date,yr,bucket,status,entry,dir,pnl_nosl_ideal,how_nosl_ideal,pnl_sl_ideal,how_sl_ideal,pnl_sl_gap0,how_sl_gap0,pnl_sl_gap_slip,how_sl_gap_slip
2005-01-03,2005,小漲0~1%,active,6139.69,1.0,3.430000000000291,close,3.430000000000291,close,3.430000000000291,close,3.430000000000291,close
2005-01-04,2005,大跌<-2%,flat,,,,,,,,,,
2005-01-05,2005,大跌<-2%,flat,,,,,,,,,,
2005-01-06,2005,跌-2~-1%,active,5988.37,-1.0,6.25,close,6.25,close,6.25,close,6.25,close
2005-01-07,2005,小跌-1~0,flat,,,,,,,,,,
2005-01-10,2005,漲1~2%,active,5935.99,1.0,6.860000000000582,close,6.860000000000582,close,6.860000000000582,close,6.860000000000582,close
2005-01-11,2005,小跌-1~0,flat,,,,,,,,,,
2005-01-12,2005,大跌<-2%,flat,,,,,,,,,,
2005-01-13,2005,漲1~2%,active,5879.08,1.0,-25.140000000000327,close,-44.0931,stop,-46.039999999999964,stop_gap,-47.039999999999964,stop_gap
2005-01-14,2005,跌-2~-1%,active,5853.94,-1.0,-35.58000000000084,close,-35.58000000000084,close,-35.58000000000084,close,-35.58000000000084,close
2005-01-17,2005,漲1~2%,active,5889.52,1.0,55.75,close,55.75,close,55.75,close,55.75,close
2005-01-18,2005,漲1~2%,active,5945.27,1.0,-11.700000000000728,close,-11.700000000000728,close,-11.700000000000728,close,-11.700000000000728,close
2005-01-19,2005,小漲0~1%,active,5933.57,1.0,-38.219999999999345,close,-38.219999999999345,close,-38.219999999999345,close,-38.219999999999345,close
2005-01-20,2005,大跌<-2%,flat,,,,,,,,,,
2005-01-21,2005,小跌-1~0,flat,,,,,,,,,,
2005-01-24,2005,跌-2~-1%,active,5848.91,-1.0,77.43000000000029,close,77.43000000000029,close,77.43000000000029,close,77.43000000000029,close
2005-01-25,2005,跌-2~-1%,active,5771.48,-1.0,-11.270000000000437,close,-11.270000000000437,close,-11.270000000000437,close,-11.270000000000437,close
2005-01-26,2005,漲1~2%,active,5782.75,1.0,52.61999999999989,close,52.61999999999989,close,52.61999999999989,close,52.61999999999989,close
2005-01-27,2005,大漲>=2%,active,5821.58,-1.0,-21.18000000000029,close,-21.18000000000029,close,-21.18000000000029,close,-21.18000000000029,close
2005-01-28,2005,小漲0~1%,active,5842.76,1.0,37.17000000000007,close,37.17000000000007,close,37.17000000000007,close,37.17000000000007,close
2005-01-31,2005,跌-2~-1%,active,5879.93,-1.0,-114.29999999999927,close,-44.099475,stop,-49.55999999999949,stop_gap,-50.55999999999949,stop_gap
2005-02-01,2005,漲1~2%,active,5994.23,1.0,-12.6899999999996,close,-12.6899999999996,close,-12.6899999999996,close,-12.6899999999996,close
2005-02-02,2005,漲1~2%,active,5981.54,1.0,37.149999999999636,close,37.149999999999636,close,37.149999999999636,close,37.149999999999636,close
2005-02-03,2005,小跌-1~0,flat,,,,,,,,,,
2005-02-14,2005,大漲>=2%,active,6116.66,-1.0,4.260000000000218,close,4.260000000000218,close,4.260000000000218,close,4.260000000000218,close
2005-02-15,2005,小漲0~1%,active,6112.4,1.0,9.990000000000691,close,9.990000000000691,close,9.990000000000691,close,9.990000000000691,close
2005-02-16,2005,小漲0~1%,active,6122.39,1.0,21.099999999999454,close,21.099999999999454,close,21.099999999999454,close,21.099999999999454,close
2005-02-17,2005,小跌-1~0,flat,,,,,,,,,,
2005-02-18,2005,跌-2~-1%,active,6072.16,-1.0,-43.27000000000044,close,-45.541199999999996,stop,-45.88000000000011,stop_gap,-46.88000000000011,stop_gap
2005-02-21,2005,小跌-1~0,flat,,,,,,,,,,
2005-02-22,2005,小跌-1~0,flat,,,,,,,,,,
2005-02-23,2005,小跌-1~0,flat,,,,,,,,,,
2005-02-24,2005,小跌-1~0,flat,,,,,,,,,,
2005-02-25,2005,大漲>=2%,active,6196.19,-1.0,-11.640000000000327,close,-11.640000000000327,close,-11.640000000000327,close,-11.640000000000327,close
2005-03-01,2005,跌-2~-1%,active,6207.83,-1.0,-51.85999999999967,close,-46.558724999999995,stop,-48.73000000000047,stop_gap,-49.73000000000047,stop_gap
2005-03-02,2005,大漲>=2%,active,6265.72,-1.0,40.470000000000255,close,40.470000000000255,close,40.470000000000255,close,40.470000000000255,close
2005-03-03,2005,跌-2~-1%,active,6225.25,-1.0,22.86999999999989,close,22.86999999999989,close,22.86999999999989,close,22.86999999999989,close
2005-03-04,2005,跌-2~-1%,active,6202.38,-1.0,8.760000000000218,close,8.760000000000218,close,8.760000000000218,close,8.760000000000218,close
2005-03-07,2005,小跌-1~0,flat,,,,,,,,,,
2005-03-08,2005,漲1~2%,active,6220.52,1.0,-47.18000000000029,close,-46.6539,stop,-48.410000000000764,stop_gap,-49.410000000000764,stop_gap
2005-03-09,2005,跌-2~-1%,active,6173.34,-1.0,-39.9399999999996,close,-46.30005,stop,-46.67000000000007,stop_gap,-47.67000000000007,stop_gap
2005-03-10,2005,小跌-1~0,flat,,,,,,,,,,
2005-03-11,2005,漲1~2%,active,6192.53,1.0,11.699999999999818,close,11.699999999999818,close,11.699999999999818,close,11.699999999999818,close
2005-03-14,2005,大跌<-2%,flat,,,,,,,,,,
2005-03-15,2005,小漲0~1%,active,6155.51,1.0,-92.03000000000065,close,-46.166325,stop,-46.17000000000007,stop_gap,-47.17000000000007,stop_gap
2005-03-16,2005,大跌<-2%,flat,,,,,,,,,,
2005-03-17,2005,小跌-1~0,flat,,,,,,,,,,
2005-03-18,2005,小漲0~1%,active,6032.47,1.0,11.479999999999563,close,11.479999999999563,close,11.479999999999563,close,11.479999999999563,close
2005-03-21,2005,小跌-1~0,flat,,,,,,,,,,
2005-03-22,2005,小跌-1~0,flat,,,,,,,,,,
2005-03-23,2005,小跌-1~0,flat,,,,,,,,,,
2005-03-24,2005,漲1~2%,active,6019.49,1.0,-18.48999999999978,close,-18.48999999999978,close,-18.48999999999978,close,-18.48999999999978,close
2005-03-25,2005,小漲0~1%,active,6001.0,1.0,64.90999999999985,close,64.90999999999985,close,64.90999999999985,close,64.90999999999985,close
2005-03-28,2005,小漲0~1%,active,6065.91,1.0,-17.170000000000073,close,-17.170000000000073,close,-17.170000000000073,close,-17.170000000000073,close
2005-03-29,2005,小跌-1~0,flat,,,,,,,,,,
2005-03-30,2005,跌-2~-1%,active,5961.24,-1.0,3.2600000000002183,close,3.2600000000002183,close,3.2600000000002183,close,3.2600000000002183,close
2005-03-31,2005,大漲>=2%,active,6002.35,-1.0,-3.5299999999997453,close,-3.5299999999997453,close,-3.5299999999997453,close,-3.5299999999997453,close
2005-04-01,2005,小跌-1~0,flat,,,,,,,,,,
2005-04-04,2005,跌-2~-1%,active,6028.75,-1.0,8.819999999999709,close,8.819999999999709,close,8.819999999999709,close,8.819999999999709,close
2005-04-06,2005,小漲0~1%,active,6019.93,1.0,-6.440000000000509,close,-6.440000000000509,close,-6.440000000000509,close,-6.440000000000509,close
2005-04-07,2005,小漲0~1%,active,6013.49,1.0,-41.72999999999956,close,-41.72999999999956,close,-41.72999999999956,close,-41.72999999999956,close
2005-04-08,2005,漲1~2%,active,5971.76,1.0,52.30999999999949,close,52.30999999999949,close,52.30999999999949,close,52.30999999999949,close
2005-04-11,2005,小跌-1~0,flat,,,,,,,,,,
2005-04-12,2005,小跌-1~0,flat,,,,,,,,,,
2005-04-13,2005,小跌-1~0,flat,,,,,,,,,,
2005-04-14,2005,大跌<-2%,flat,,,,,,,,,,
2005-04-15,2005,跌-2~-1%,active,5976.68,-1.0,88.3100000000004,close,88.3100000000004,close,88.3100000000004,close,88.3100000000004,close
2005-04-18,2005,大跌<-2%,flat,,,,,,,,,,
2005-04-19,2005,小漲0~1%,active,5715.16,1.0,33.19000000000051,close,33.19000000000051,close,33.19000000000051,close,33.19000000000051,close
2005-04-20,2005,漲1~2%,active,5748.35,1.0,-55.340000000000146,close,-43.112625,stop,-45.910000000000764,stop_gap,-46.910000000000764,stop_gap
2005-04-21,2005,大跌<-2%,flat,,,,,,,,,,
2005-04-22,2005,大漲>=2%,active,5793.88,-1.0,46.789999999999964,close,46.789999999999964,close,46.789999999999964,close,46.789999999999964,close
2005-04-25,2005,跌-2~-1%,active,5747.09,-1.0,-11.220000000000255,close,-11.220000000000255,close,-11.220000000000255,close,-11.220000000000255,close
2005-04-26,2005,小漲0~1%,active,5758.31,1.0,46.9399999999996,close,46.9399999999996,close,46.9399999999996,close,46.9399999999996,close
2005-04-27,2005,小跌-1~0,flat,,,,,,,,,,
2005-04-28,2005,小跌-1~0,flat,,,,,,,,,,
2005-04-29,2005,小跌-1~0,flat,,,,,,,,,,
2005-05-03,2005,小跌-1~0,flat,,,,,,,,,,
2005-05-04,2005,小跌-1~0,flat,,,,,,,,,,
2005-05-05,2005,大漲>=2%,active,5887.83,-1.0,-39.67000000000007,close,-44.158725,stop,-44.56999999999971,stop_gap,-45.56999999999971,stop_gap
2005-05-06,2005,小跌-1~0,flat,,,,,,,,,,
2005-05-09,2005,小漲0~1%,active,5967.96,1.0,-1.1099999999996726,close,-1.1099999999996726,close,-1.1099999999996726,close,-1.1099999999996726,close
2005-05-10,2005,小漲0~1%,active,5966.85,1.0,-17.050000000000182,close,-17.050000000000182,close,-17.050000000000182,close,-17.050000000000182,close
2005-05-11,2005,跌-2~-1%,active,5949.8,-1.0,32.67000000000007,close,32.67000000000007,close,32.67000000000007,close,32.67000000000007,close
2005-05-12,2005,小漲0~1%,active,5917.13,1.0,17.470000000000255,close,17.470000000000255,close,17.470000000000255,close,17.470000000000255,close
2005-05-13,2005,小漲0~1%,active,5934.6,1.0,46.8799999999992,close,46.8799999999992,close,46.8799999999992,close,46.8799999999992,close
2005-05-16,2005,大漲>=2%,active,5959.47,-1.0,33.590000000000146,close,33.590000000000146,close,33.590000000000146,close,33.590000000000146,close
2005-05-17,2005,小漲0~1%,active,5925.88,1.0,-31.86999999999989,close,-44.4441,stop,-45.52000000000044,stop_gap,-46.52000000000044,stop_gap
2005-05-18,2005,小漲0~1%,active,5894.01,1.0,-3.180000000000291,close,-3.180000000000291,close,-3.180000000000291,close,-3.180000000000291,close
2005-05-19,2005,漲1~2%,active,5890.83,1.0,79.88000000000011,close,79.88000000000011,close,79.88000000000011,close,79.88000000000011,close
2005-05-20,2005,小漲0~1%,active,5970.71,1.0,-16.020000000000437,close,-16.020000000000437,close,-16.020000000000437,close,-16.020000000000437,close
2005-05-23,2005,漲1~2%,active,5954.69,1.0,-69.23999999999978,close,-44.660174999999995,stop,-46.11999999999989,stop_gap,-47.11999999999989,stop_gap
2005-05-24,2005,小跌-1~0,flat,,,,,,,,,,
2005-05-25,2005,漲1~2%,active,5909.1,1.0,-20.57000000000062,close,-20.57000000000062,close,-20.57000000000062,close,-20.57000000000062,close
2005-05-26,2005,跌-2~-1%,active,5888.53,-1.0,-50.89000000000033,close,-44.16397499999999,stop,-45.39000000000033,stop_gap,-46.39000000000033,stop_gap
2005-05-27,2005,漲1~2%,active,5939.42,1.0,52.13000000000011,close,52.13000000000011,close,52.13000000000011,close,52.13000000000011,close
2005-05-30,2005,小跌-1~0,flat,,,,,,,,,,
2005-05-31,2005,小跌-1~0,flat,,,,,,,,,,
2005-06-01,2005,小跌-1~0,flat,,,,,,,,,,
2005-06-02,2005,小漲0~1%,active,5971.62,1.0,67.85999999999967,close,67.85999999999967,close,67.85999999999967,close,67.85999999999967,close
2005-06-03,2005,漲1~2%,active,6039.48,1.0,68.47000000000025,close,68.47000000000025,close,68.47000000000025,close,68.47000000000025,close
2005-06-06,2005,跌-2~-1%,active,6107.95,-1.0,-29.61999999999989,close,-29.61999999999989,close,-29.61999999999989,close,-29.61999999999989,close
2005-06-07,2005,小跌-1~0,flat,,,,,,,,,,
2005-06-08,2005,跌-2~-1%,active,6105.79,-1.0,-55.86999999999989,close,-45.793425,stop,-46.73999999999978,stop_gap,-47.73999999999978,stop_gap
2005-06-09,2005,小漲0~1%,active,6161.66,1.0,-15.739999999999782,close,-15.739999999999782,close,-15.739999999999782,close,-15.739999999999782,close
2005-06-10,2005,漲1~2%,active,6145.92,1.0,46.43000000000029,close,46.43000000000029,close,46.43000000000029,close,46.43000000000029,close
2005-06-13,2005,跌-2~-1%,active,6192.35,-1.0,-38.69999999999982,close,-38.69999999999982,close,-38.69999999999982,close,-38.69999999999982,close
2005-06-14,2005,小跌-1~0,flat,,,,,,,,,,
2005-06-15,2005,跌-2~-1%,active,6205.76,-1.0,-46.340000000000146,close,-46.340000000000146,close,-46.340000000000146,close,-46.340000000000146,close
2005-06-16,2005,小漲0~1%,active,6252.1,1.0,30.30999999999949,close,30.30999999999949,close,30.30999999999949,close,30.30999999999949,close
2005-06-17,2005,小漲0~1%,active,6282.41,1.0,11.150000000000546,close,11.150000000000546,close,11.150000000000546,close,11.150000000000546,close
2005-06-20,2005,小漲0~1%,active,6293.56,1.0,3.3299999999999272,close,3.3299999999999272,close,3.3299999999999272,close,3.3299999999999272,close
2005-06-21,2005,小跌-1~0,flat,,,,,,,,,,
2005-06-22,2005,小漲0~1%,active,6278.46,1.0,79.36999999999989,close,79.36999999999989,close,79.36999999999989,close,79.36999999999989,close
2005-06-23,2005,小漲0~1%,active,6357.83,1.0,16.029999999999745,close,16.029999999999745,close,16.029999999999745,close,16.029999999999745,close
2005-06-24,2005,小漲0~1%,active,6373.86,1.0,-33.17000000000007,close,-47.80394999999999,stop,-49.63999999999942,stop_gap,-50.63999999999942,stop_gap
2005-06-27,2005,跌-2~-1%,active,6340.69,-1.0,37.69999999999982,close,37.69999999999982,close,37.69999999999982,close,37.69999999999982,close
2005-06-28,2005,跌-2~-1%,active,6302.99,-1.0,-13.850000000000364,close,-13.850000000000364,close,-13.850000000000364,close,-13.850000000000364,close
2005-06-29,2005,小漲0~1%,active,6316.84,1.0,-85.19000000000051,close,-47.3763,stop,-50.42000000000007,stop_gap,-51.42000000000007,stop_gap
2005-06-30,2005,小跌-1~0,flat,,,,,,,,,,
2005-07-01,2005,小跌-1~0,flat,,,,,,,,,,
2005-07-04,2005,小漲0~1%,active,6272.14,1.0,-0.9400000000005093,close,-0.9400000000005093,close,-0.9400000000005093,close,-0.9400000000005093,close
2005-07-05,2005,小漲0~1%,active,6271.2,1.0,-39.159999999999854,close,-39.159999999999854,close,-39.159999999999854,close,-39.159999999999854,close
2005-07-06,2005,漲1~2%,active,6232.04,1.0,-9.989999999999782,close,-9.989999999999782,close,-9.989999999999782,close,-9.989999999999782,close
2005-07-07,2005,漲1~2%,active,6222.05,1.0,-9.449999999999818,close,-9.449999999999818,close,-9.449999999999818,close,-9.449999999999818,close
2005-07-08,2005,小漲0~1%,active,6212.6,1.0,-11.200000000000728,close,-11.200000000000728,close,-11.200000000000728,close,-11.200000000000728,close
2005-07-11,2005,大漲>=2%,active,6265.77,-1.0,-33.089999999999236,close,-33.089999999999236,close,-33.089999999999236,close,-33.089999999999236,close
2005-07-12,2005,漲1~2%,active,6298.86,1.0,59.95000000000073,close,59.95000000000073,close,59.95000000000073,close,59.95000000000073,close
2005-07-13,2005,小漲0~1%,active,6358.81,1.0,18.279999999999745,close,18.279999999999745,close,18.279999999999745,close,18.279999999999745,close
2005-07-14,2005,小漲0~1%,active,6377.09,1.0,41.26000000000022,close,41.26000000000022,close,41.26000000000022,close,41.26000000000022,close
2005-07-15,2005,漲1~2%,active,6418.35,1.0,-7.760000000000218,close,-7.760000000000218,close,-7.760000000000218,close,-7.760000000000218,close
2005-07-19,2005,小跌-1~0,flat,,,,,,,,,,
2005-07-20,2005,漲1~2%,active,6416.34,1.0,7.470000000000255,close,7.470000000000255,close,7.470000000000255,close,7.470000000000255,close
2005-07-21,2005,漲1~2%,active,6423.81,1.0,-29.780000000000655,close,-48.178575,stop,-78.97000000000025,stop_gap,-79.97000000000025,stop_gap
2005-07-22,2005,跌-2~-1%,active,6394.03,-1.0,13.300000000000182,close,13.300000000000182,close,13.300000000000182,close,13.300000000000182,close
2005-07-25,2005,漲1~2%,active,6380.73,1.0,39.720000000000255,close,39.720000000000255,close,39.720000000000255,close,39.720000000000255,close
2005-07-26,2005,小跌-1~0,flat,,,,,,,,,,
2005-07-27,2005,漲1~2%,active,6366.16,1.0,-38.909999999999854,close,-47.746199999999995,stop,-48.60999999999967,stop_gap,-49.60999999999967,stop_gap
2005-07-28,2005,小跌-1~0,flat,,,,,,,,,,
2005-07-29,2005,小漲0~1%,active,6375.64,1.0,-63.660000000000764,close,-47.8173,stop,-48.539999999999964,stop_gap,-49.539999999999964,stop_gap
2005-08-01,2005,小漲0~1%,active,6311.98,1.0,-4.049999999999272,close,-4.049999999999272,close,-4.049999999999272,close,-4.049999999999272,close
2005-08-02,2005,小跌-1~0,flat,,,,,,,,,,
2005-08-03,2005,大漲>=2%,active,6410.98,-1.0,-44.590000000000146,close,-44.590000000000146,close,-44.590000000000146,close,-44.590000000000146,close
2005-08-04,2005,小跌-1~0,flat,,,,,,,,,,
2005-08-08,2005,小跌-1~0,flat,,,,,,,,,,
2005-08-09,2005,跌-2~-1%,active,6380.03,-1.0,0.02999999999974534,close,0.02999999999974534,close,0.02999999999974534,close,0.02999999999974534,close
2005-08-10,2005,漲1~2%,active,6380.0,1.0,-23.159999999999854,close,-23.159999999999854,close,-23.159999999999854,close,-23.159999999999854,close
2005-08-11,2005,跌-2~-1%,active,6356.84,-1.0,3.130000000000109,close,3.130000000000109,close,3.130000000000109,close,3.130000000000109,close
2005-08-12,2005,小漲0~1%,active,6353.71,1.0,-2.8100000000004,close,-2.8100000000004,close,-2.8100000000004,close,-2.8100000000004,close
2005-08-15,2005,跌-2~-1%,active,6350.9,-1.0,105.76999999999953,close,105.76999999999953,close,105.76999999999953,close,105.76999999999953,close
2005-08-16,2005,漲1~2%,active,6245.13,1.0,-2.730000000000473,close,-2.730000000000473,close,-2.730000000000473,close,-2.730000000000473,close
2005-08-17,2005,大跌<-2%,flat,,,,,,,,,,
2005-08-18,2005,漲1~2%,active,6241.92,1.0,-36.82999999999993,close,-36.82999999999993,close,-36.82999999999993,close,-36.82999999999993,close
2005-08-19,2005,小跌-1~0,flat,,,,,,,,,,
2005-08-22,2005,小漲0~1%,active,6158.94,1.0,47.710000000000036,close,47.710000000000036,close,47.710000000000036,close,47.710000000000036,close
2005-08-23,2005,漲1~2%,active,6206.65,1.0,-11.469999999999345,close,-11.469999999999345,close,-11.469999999999345,close,-11.469999999999345,close
2005-08-24,2005,小跌-1~0,flat,,,,,,,,,,
2005-08-25,2005,小跌-1~0,flat,,,,,,,,,,
2005-08-26,2005,小漲0~1%,active,6109.66,1.0,26.890000000000327,close,26.890000000000327,close,26.890000000000327,close,26.890000000000327,close
2005-08-29,2005,小跌-1~0,flat,,,,,,,,,,
2005-08-30,2005,漲1~2%,active,6049.44,1.0,-17.31999999999971,close,-17.31999999999971,close,-17.31999999999971,close,-17.31999999999971,close
2005-08-31,2005,小跌-1~0,flat,,,,,,,,,,
2005-09-02,2005,跌-2~-1%,active,6033.47,-1.0,-82.57999999999993,close,-45.251025,stop,-48.23999999999978,stop_gap,-49.23999999999978,stop_gap
2005-09-05,2005,小跌-1~0,flat,,,,,,,,,,
2005-09-06,2005,小跌-1~0,flat,,,,,,,,,,
2005-09-07,2005,漲1~2%,active,6140.14,1.0,1.0,close,1.0,close,1.0,close,1.0,close
2005-09-08,2005,小跌-1~0,flat,,,,,,,,,,
2005-09-09,2005,漲1~2%,active,6149.88,1.0,-30.81999999999971,close,-30.81999999999971,close,-30.81999999999971,close,-30.81999999999971,close
2005-09-12,2005,小漲0~1%,active,6119.06,1.0,45.91999999999916,close,45.91999999999916,close,45.91999999999916,close,45.91999999999916,close
2005-09-13,2005,小跌-1~0,flat,,,,,,,,,,
2005-09-14,2005,小漲0~1%,active,6169.08,1.0,-20.38000000000011,close,-20.38000000000011,close,-20.38000000000011,close,-20.38000000000011,close
2005-09-15,2005,小跌-1~0,flat,,,,,,,,,,
2005-09-19,2005,小漲0~1%,active,6031.24,1.0,4.350000000000364,close,4.350000000000364,close,4.350000000000364,close,4.350000000000364,close
2005-09-20,2005,跌-2~-1%,active,6035.59,-1.0,-69.76000000000022,close,-45.266925,stop,-45.38999999999942,stop_gap,-46.38999999999942,stop_gap
2005-09-21,2005,小跌-1~0,flat,,,,,,,,,,
2005-09-22,2005,跌-2~-1%,active,6067.34,-1.0,95.27999999999975,close,95.27999999999975,close,95.27999999999975,close,95.27999999999975,close
2005-09-23,2005,小跌-1~0,flat,,,,,,,,,,
2005-09-26,2005,小漲0~1%,active,5925.54,1.0,4.6599999999998545,close,4.6599999999998545,close,4.6599999999998545,close,4.6599999999998545,close
2005-09-27,2005,小漲0~1%,active,5930.2,1.0,14.850000000000364,close,14.850000000000364,close,14.850000000000364,close,14.850000000000364,close
2005-09-28,2005,跌-2~-1%,active,5945.05,-1.0,13.670000000000073,close,13.670000000000073,close,13.670000000000073,close,13.670000000000073,close
2005-09-29,2005,小漲0~1%,active,5931.38,1.0,78.60999999999967,close,78.60999999999967,close,78.60999999999967,close,78.60999999999967,close
2005-09-30,2005,漲1~2%,active,6009.99,1.0,108.61999999999989,close,108.61999999999989,close,108.61999999999989,close,108.61999999999989,close
2005-10-03,2005,漲1~2%,active,6118.61,1.0,5.3100000000004,close,5.3100000000004,close,5.3100000000004,close,5.3100000000004,close
2005-10-04,2005,小漲0~1%,active,6123.92,1.0,18.199999999999818,close,18.199999999999818,close,18.199999999999818,close,18.199999999999818,close
2005-10-05,2005,跌-2~-1%,active,6142.12,-1.0,7.109999999999673,close,7.109999999999673,close,7.109999999999673,close,7.109999999999673,close
2005-10-06,2005,跌-2~-1%,active,6135.01,-1.0,39.19999999999982,close,39.19999999999982,close,39.19999999999982,close,39.19999999999982,close
2005-10-07,2005,跌-2~-1%,active,6095.81,-1.0,13.970000000000255,close,13.970000000000255,close,13.970000000000255,close,13.970000000000255,close
2005-10-11,2005,大跌<-2%,flat,,,,,,,,,,
2005-10-12,2005,跌-2~-1%,active,6066.59,-1.0,79.19000000000051,close,79.19000000000051,close,79.19000000000051,close,79.19000000000051,close
2005-10-13,2005,小跌-1~0,flat,,,,,,,,,,
2005-10-14,2005,大漲>=2%,active,6005.06,-1.0,35.99000000000069,close,35.99000000000069,close,35.99000000000069,close,35.99000000000069,close
2005-10-17,2005,小跌-1~0,flat,,,,,,,,,,
2005-10-18,2005,小漲0~1%,active,5826.27,1.0,4.519999999999527,close,4.519999999999527,close,4.519999999999527,close,4.519999999999527,close
2005-10-19,2005,跌-2~-1%,active,5830.79,-1.0,136.6300000000001,close,136.6300000000001,close,136.6300000000001,close,136.6300000000001,close
2005-10-20,2005,小漲0~1%,active,5694.16,1.0,53.840000000000146,close,-42.706199999999995,stop,-42.94999999999982,stop_gap,-43.94999999999982,stop_gap
2005-10-21,2005,小漲0~1%,active,5748.0,1.0,-9.239999999999782,close,-43.11,stop,-69.38000000000011,stop_gap,-70.38000000000011,stop_gap
2005-10-24,2005,小漲0~1%,active,5738.76,1.0,-21.480000000000473,close,-21.480000000000473,close,-21.480000000000473,close,-21.480000000000473,close
2005-10-25,2005,漲1~2%,active,5717.28,1.0,4.030000000000655,close,4.030000000000655,close,4.030000000000655,close,4.030000000000655,close
2005-10-26,2005,跌-2~-1%,active,5721.31,-1.0,20.590000000000146,close,20.590000000000146,close,20.590000000000146,close,20.590000000000146,close
2005-10-27,2005,小跌-1~0,flat,,,,,,,,,,
2005-10-28,2005,大跌<-2%,flat,,,,,,,,,,
2005-10-31,2005,小跌-1~0,flat,,,,,,,,,,
2005-11-01,2005,漲1~2%,active,5764.3,1.0,34.10999999999967,close,34.10999999999967,close,34.10999999999967,close,34.10999999999967,close
2005-11-02,2005,小跌-1~0,flat,,,,,,,,,,
2005-11-03,2005,大漲>=2%,active,5885.89,-1.0,27.88000000000011,close,27.88000000000011,close,27.88000000000011,close,27.88000000000011,close
2005-11-04,2005,漲1~2%,active,5858.01,1.0,53.72999999999956,close,53.72999999999956,close,53.72999999999956,close,53.72999999999956,close
2005-11-07,2005,小漲0~1%,active,5911.74,1.0,-51.349999999999454,close,-44.338049999999996,stop,-46.5,stop_gap,-47.5,stop_gap
2005-11-08,2005,小漲0~1%,active,5860.39,1.0,-10.760000000000218,close,-10.760000000000218,close,-10.760000000000218,close,-10.760000000000218,close
2005-11-09,2005,小跌-1~0,flat,,,,,,,,,,
2005-11-10,2005,漲1~2%,active,5971.06,1.0,17.30999999999949,close,17.30999999999949,close,17.30999999999949,close,17.30999999999949,close
2005-11-11,2005,漲1~2%,active,5988.37,1.0,86.89000000000033,close,86.89000000000033,close,86.89000000000033,close,86.89000000000033,close
2005-11-14,2005,小跌-1~0,flat,,,,,,,,,,
2005-11-15,2005,小漲0~1%,active,6083.62,1.0,-52.88000000000011,close,-45.62715,stop,-46.779999999999745,stop_gap,-47.779999999999745,stop_gap
2005-11-16,2005,小跌-1~0,flat,,,,,,,,,,
2005-11-17,2005,小跌-1~0,flat,,,,,,,,,,
2005-11-18,2005,漲1~2%,active,6020.94,1.0,85.80000000000018,close,85.80000000000018,close,85.80000000000018,close,85.80000000000018,close
2005-11-21,2005,大漲>=2%,active,6134.97,-1.0,31.550000000000182,close,31.550000000000182,close,31.550000000000182,close,31.550000000000182,close
2005-11-22,2005,小漲0~1%,active,6103.42,1.0,-44.23000000000047,close,-45.77565,stop,-48.52000000000044,stop_gap,-49.52000000000044,stop_gap
2005-11-23,2005,小漲0~1%,active,6059.19,1.0,64.33000000000084,close,64.33000000000084,close,64.33000000000084,close,64.33000000000084,close
2005-11-24,2005,小跌-1~0,flat,,,,,,,,,,
2005-11-25,2005,小跌-1~0,flat,,,,,,,,,,
2005-11-28,2005,小漲0~1%,active,6128.2,1.0,75.64000000000033,close,75.64000000000033,close,75.64000000000033,close,75.64000000000033,close
2005-11-29,2005,跌-2~-1%,active,6203.84,-1.0,64.32999999999993,close,64.32999999999993,close,64.32999999999993,close,64.32999999999993,close
2005-11-30,2005,小跌-1~0,flat,,,,,,,,,,
2005-12-01,2005,漲1~2%,active,6203.47,1.0,-23.650000000000546,close,-23.650000000000546,close,-23.650000000000546,close,-23.650000000000546,close
2005-12-02,2005,大漲>=2%,active,6222.69,-1.0,-6.260000000000218,close,-6.260000000000218,close,-6.260000000000218,close,-6.260000000000218,close
2005-12-05,2005,小漲0~1%,active,6228.95,1.0,119.36000000000058,close,119.36000000000058,close,119.36000000000058,close,119.36000000000058,close
2005-12-06,2005,跌-2~-1%,active,6348.31,-1.0,-2.2100000000000364,close,-2.2100000000000364,close,-2.2100000000000364,close,-2.2100000000000364,close
2005-12-07,2005,漲1~2%,active,6350.52,1.0,-21.0,close,-47.6289,stop,-48.05000000000018,stop_gap,-49.05000000000018,stop_gap
2005-12-08,2005,跌-2~-1%,active,6329.52,-1.0,80.33000000000084,close,80.33000000000084,close,80.33000000000084,close,80.33000000000084,close
2005-12-09,2005,跌-2~-1%,active,6249.19,-1.0,-15.170000000000073,close,-15.170000000000073,close,-15.170000000000073,close,-15.170000000000073,close
2005-12-12,2005,漲1~2%,active,6264.36,1.0,1.930000000000291,close,-46.982699999999994,stop,-49.32999999999993,stop_gap,-50.32999999999993,stop_gap
2005-12-13,2005,小漲0~1%,active,6266.29,1.0,-5.109999999999673,close,-5.109999999999673,close,-5.109999999999673,close,-5.109999999999673,close
2005-12-14,2005,小漲0~1%,active,6261.18,1.0,-25.829999999999927,close,-25.829999999999927,close,-25.829999999999927,close,-25.829999999999927,close
2005-12-15,2005,小跌-1~0,flat,,,,,,,,,,
2005-12-16,2005,小跌-1~0,flat,,,,,,,,,,
2005-12-19,2005,小跌-1~0,flat,,,,,,,,,,
2005-12-20,2005,大跌<-2%,flat,,,,,,,,,,
2005-12-21,2005,小漲0~1%,active,6427.84,1.0,44.05000000000018,close,44.05000000000018,close,44.05000000000018,close,44.05000000000018,close
2005-12-22,2005,小跌-1~0,flat,,,,,,,,,,
2005-12-23,2005,漲1~2%,active,6417.2,1.0,95.43000000000029,close,95.43000000000029,close,95.43000000000029,close,95.43000000000029,close
2005-12-26,2005,小漲0~1%,active,6512.63,1.0,22.140000000000327,close,22.140000000000327,close,22.140000000000327,close,22.140000000000327,close
2005-12-27,2005,小漲0~1%,active,6534.77,1.0,-3.180000000000291,close,-3.180000000000291,close,-3.180000000000291,close,-3.180000000000291,close
2005-12-28,2005,跌-2~-1%,active,6531.59,-1.0,7.190000000000509,close,7.190000000000509,close,7.190000000000509,close,7.190000000000509,close
2005-12-29,2005,小漲0~1%,active,6524.4,1.0,51.13000000000011,close,51.13000000000011,close,51.13000000000011,close,51.13000000000011,close
2005-12-30,2005,小跌-1~0,flat,,,,,,,,,,
2006-01-02,2006,小跌-1~0,flat,,,,,,,,,,
2006-01-03,2006,小跌-1~0,flat,,,,,,,,,,
2006-01-04,2006,大漲>=2%,active,6609.07,-1.0,-7.369999999999891,close,-7.369999999999891,close,-7.369999999999891,close,-7.369999999999891,close
2006-01-05,2006,小漲0~1%,active,6616.44,1.0,93.43000000000029,close,93.43000000000029,close,93.43000000000029,close,93.43000000000029,close
2006-01-06,2006,大漲>=2%,active,6724.56,-1.0,29.74000000000069,close,29.74000000000069,close,29.74000000000069,close,29.74000000000069,close
2006-01-09,2006,大漲>=2%,active,6720.68,-1.0,-21.710000000000036,close,-21.710000000000036,close,-21.710000000000036,close,-21.710000000000036,close
2006-01-10,2006,小漲0~1%,active,6742.39,1.0,-34.99000000000069,close,-50.567925,stop,-50.74000000000069,stop_gap,-51.74000000000069,stop_gap
2006-01-11,2006,小漲0~1%,active,6707.4,1.0,28.49000000000069,close,-50.305499999999995,stop,-50.67999999999938,stop_gap,-51.67999999999938,stop_gap
2006-01-12,2006,漲1~2%,active,6735.89,1.0,-10.280000000000655,close,-10.280000000000655,close,-10.280000000000655,close,-10.280000000000655,close
2006-01-13,2006,跌-2~-1%,active,6725.61,-1.0,43.25999999999931,close,43.25999999999931,close,43.25999999999931,close,43.25999999999931,close
2006-01-16,2006,小跌-1~0,flat,,,,,,,,,,
2006-01-17,2006,小跌-1~0,flat,,,,,,,,,,
2006-01-18,2006,跌-2~-1%,active,6711.04,-1.0,212.1199999999999,close,212.1199999999999,close,212.1199999999999,close,212.1199999999999,close
2006-01-19,2006,小漲0~1%,active,6498.92,1.0,13.36999999999989,close,-48.7419,stop,-52.61999999999989,stop_gap,-53.61999999999989,stop_gap
2006-01-20,2006,大漲>=2%,active,6534.24,-1.0,47.60999999999967,close,47.60999999999967,close,47.60999999999967,close,47.60999999999967,close
2006-01-23,2006,大跌<-2%,flat,,,,,,,,,,
2006-01-24,2006,小漲0~1%,active,6381.97,1.0,69.96999999999935,close,69.96999999999935,close,69.96999999999935,close,69.96999999999935,close
2006-01-25,2006,漲1~2%,active,6451.94,1.0,80.24000000000069,close,80.24000000000069,close,80.24000000000069,close,80.24000000000069,close
2006-02-03,2006,跌-2~-1%,active,6532.18,-1.0,-62.42000000000007,close,-48.99135,stop,-60.00999999999931,stop_gap,-61.00999999999931,stop_gap
2006-02-06,2006,跌-2~-1%,active,6594.6,-1.0,-125.35999999999967,close,-49.4595,stop,-51.06999999999971,stop_gap,-52.06999999999971,stop_gap
2006-02-07,2006,大漲>=2%,active,6731.28,-1.0,11.199999999999818,close,11.199999999999818,close,11.199999999999818,close,11.199999999999818,close
2006-02-08,2006,小漲0~1%,active,6720.08,1.0,-95.97000000000025,close,-50.4006,stop,-51.659999999999854,stop_gap,-52.659999999999854,stop_gap
2006-02-09,2006,漲1~2%,active,6624.11,1.0,6.020000000000437,close,6.020000000000437,close,6.020000000000437,close,6.020000000000437,close
2006-02-10,2006,小跌-1~0,flat,,,,,,,,,,
2006-02-13,2006,跌-2~-1%,active,6594.92,-1.0,32.63000000000011,close,32.63000000000011,close,32.63000000000011,close,32.63000000000011,close
2006-02-14,2006,跌-2~-1%,active,6562.29,-1.0,-50.68000000000029,close,-49.217175,stop,-49.69999999999982,stop_gap,-50.69999999999982,stop_gap
2006-02-15,2006,小漲0~1%,active,6612.97,1.0,-14.480000000000473,close,-14.480000000000473,close,-14.480000000000473,close,-14.480000000000473,close
2006-02-16,2006,小漲0~1%,active,6598.49,1.0,85.44000000000051,close,85.44000000000051,close,85.44000000000051,close,85.44000000000051,close
2006-02-17,2006,漲1~2%,active,6683.93,1.0,-10.180000000000291,close,-10.180000000000291,close,-10.180000000000291,close,-10.180000000000291,close
2006-02-20,2006,跌-2~-1%,active,6673.75,-1.0,-12.800000000000182,close,-12.800000000000182,close,-12.800000000000182,close,-12.800000000000182,close
2006-02-21,2006,跌-2~-1%,active,6686.55,-1.0,55.039999999999964,close,55.039999999999964,close,55.039999999999964,close,55.039999999999964,close
2006-02-22,2006,大跌<-2%,flat,,,,,,,,,,
2006-02-23,2006,漲1~2%,active,6530.7,1.0,-56.01000000000022,close,-48.98025,stop,-49.210000000000036,stop_gap,-50.210000000000036,stop_gap
2006-02-24,2006,跌-2~-1%,active,6474.69,-1.0,-63.530000000000655,close,-48.560174999999994,stop,-49.61000000000058,stop_gap,-50.61000000000058,stop_gap
2006-02-27,2006,小漲0~1%,active,6538.22,1.0,23.409999999999854,close,-49.03665,stop,-50.82000000000062,stop_gap,-51.82000000000062,stop_gap
2006-03-01,2006,小跌-1~0,flat,,,,,,,,,,
2006-03-02,2006,大漲>=2%,active,6668.21,-1.0,25.25,close,25.25,close,25.25,close,25.25,close
2006-03-03,2006,小漲0~1%,active,6642.96,1.0,-89.30000000000018,close,-49.822199999999995,stop,-51.48999999999978,stop_gap,-52.48999999999978,stop_gap
2006-03-06,2006,跌-2~-1%,active,6553.66,-1.0,-22.11999999999989,close,-22.11999999999989,close,-22.11999999999989,close,-22.11999999999989,close
2006-03-07,2006,跌-2~-1%,active,6575.78,-1.0,81.63000000000011,close,81.63000000000011,close,81.63000000000011,close,81.63000000000011,close
2006-03-08,2006,大跌<-2%,flat,,,,,,,,,,
2006-03-09,2006,小跌-1~0,flat,,,,,,,,,,
2006-03-10,2006,跌-2~-1%,active,6486.47,-1.0,-4.210000000000036,close,-4.210000000000036,close,-4.210000000000036,close,-4.210000000000036,close
2006-03-13,2006,小跌-1~0,flat,,,,,,,,,,
2006-03-14,2006,小跌-1~0,flat,,,,,,,,,,
2006-03-15,2006,大漲>=2%,active,6497.81,-1.0,-20.889999999999418,close,-20.889999999999418,close,-20.889999999999418,close,-20.889999999999418,close
2006-03-16,2006,小漲0~1%,active,6518.7,1.0,-13.720000000000255,close,-13.720000000000255,close,-13.720000000000255,close,-13.720000000000255,close
2006-03-17,2006,大跌<-2%,flat,,,,,,,,,,
2006-03-20,2006,小漲0~1%,active,6528.57,1.0,-12.049999999999272,close,-12.049999999999272,close,-12.049999999999272,close,-12.049999999999272,close
2006-03-21,2006,小漲0~1%,active,6516.52,1.0,-58.49000000000069,close,-48.8739,stop,-58.49000000000069,stop_gap,-59.49000000000069,stop_gap
2006-03-22,2006,小跌-1~0,flat,,,,,,,,,,
2006-03-23,2006,小漲0~1%,active,6391.26,1.0,-26.659999999999854,close,-26.659999999999854,close,-26.659999999999854,close,-26.659999999999854,close
2006-03-24,2006,小漲0~1%,active,6364.6,1.0,12.019999999999527,close,12.019999999999527,close,12.019999999999527,close,12.019999999999527,close
2006-03-27,2006,小漲0~1%,active,6376.62,1.0,45.23000000000047,close,45.23000000000047,close,45.23000000000047,close,45.23000000000047,close
2006-03-28,2006,小跌-1~0,flat,,,,,,,,,,
2006-03-29,2006,大跌<-2%,flat,,,,,,,,,,
2006-03-30,2006,大漲>=2%,active,6538.81,-1.0,-7.25,close,-7.25,close,-7.25,close,-7.25,close
2006-03-31,2006,小跌-1~0,flat,,,,,,,,,,
2006-04-03,2006,跌-2~-1%,active,6613.97,-1.0,-46.789999999999964,close,-49.604775000000004,stop,-51.00999999999931,stop_gap,-52.00999999999931,stop_gap
2006-04-04,2006,漲1~2%,active,6660.76,1.0,4.8400000000001455,close,4.8400000000001455,close,4.8400000000001455,close,4.8400000000001455,close
2006-04-06,2006,大漲>=2%,active,6724.41,-1.0,-36.409999999999854,close,-36.409999999999854,close,-36.409999999999854,close,-36.409999999999854,close
2006-04-07,2006,漲1~2%,active,6760.82,1.0,21.11999999999989,close,21.11999999999989,close,21.11999999999989,close,21.11999999999989,close
2006-04-10,2006,跌-2~-1%,active,6781.94,-1.0,1.2999999999992724,close,1.2999999999992724,close,1.2999999999992724,close,1.2999999999992724,close
2006-04-11,2006,小跌-1~0,flat,,,,,,,,,,
2006-04-12,2006,跌-2~-1%,active,6757.17,-1.0,-51.32999999999993,close,-50.678775,stop,-56.35999999999967,stop_gap,-57.35999999999967,stop_gap
2006-04-13,2006,小漲0~1%,active,6808.5,1.0,47.23999999999978,close,47.23999999999978,close,47.23999999999978,close,47.23999999999978,close
2006-04-14,2006,小漲0~1%,active,6855.74,1.0,96.80000000000018,close,96.80000000000018,close,96.80000000000018,close,96.80000000000018,close
2006-04-17,2006,小漲0~1%,active,6952.54,1.0,47.55000000000018,close,47.55000000000018,close,47.55000000000018,close,47.55000000000018,close
2006-04-18,2006,跌-2~-1%,active,7000.09,-1.0,10.63000000000011,close,10.63000000000011,close,10.63000000000011,close,10.63000000000011,close
2006-04-19,2006,大漲>=2%,active,7072.14,-1.0,33.36000000000058,close,33.36000000000058,close,33.36000000000058,close,33.36000000000058,close
2006-04-20,2006,漲1~2%,active,7038.78,1.0,63.960000000000036,close,63.960000000000036,close,63.960000000000036,close,63.960000000000036,close
2006-04-21,2006,小漲0~1%,active,7102.74,1.0,-9.6899999999996,close,-9.6899999999996,close,-9.6899999999996,close,-9.6899999999996,close
2006-04-24,2006,大跌<-2%,flat,,,,,,,,,,
2006-04-25,2006,小跌-1~0,flat,,,,,,,,,,
2006-04-26,2006,小漲0~1%,active,7059.94,1.0,109.03999999999996,close,109.03999999999996,close,109.03999999999996,close,109.03999999999996,close
2006-04-27,2006,小跌-1~0,flat,,,,,,,,,,
2006-04-28,2006,漲1~2%,active,7136.21,1.0,35.5600000000004,close,35.5600000000004,close,35.5600000000004,close,35.5600000000004,close
2006-05-02,2006,小跌-1~0,flat,,,,,,,,,,
2006-05-03,2006,小漲0~1%,active,7199.6,1.0,42.76999999999953,close,42.76999999999953,close,42.76999999999953,close,42.76999999999953,close
2006-05-04,2006,漲1~2%,active,7242.37,1.0,102.67000000000007,close,102.67000000000007,close,102.67000000000007,close,102.67000000000007,close
2006-05-05,2006,漲1~2%,active,7345.04,1.0,25.399999999999636,close,25.399999999999636,close,25.399999999999636,close,25.399999999999636,close
2006-05-08,2006,小漲0~1%,active,7370.44,1.0,103.61000000000058,close,103.61000000000058,close,103.61000000000058,close,103.61000000000058,close
2006-05-09,2006,小跌-1~0,flat,,,,,,,,,,
2006-05-10,2006,跌-2~-1%,active,7388.94,-1.0,64.22999999999956,close,64.22999999999956,close,64.22999999999956,close,64.22999999999956,close
2006-05-11,2006,大跌<-2%,flat,,,,,,,,,,
2006-05-12,2006,大跌<-2%,flat,,,,,,,,,,
2006-05-15,2006,小跌-1~0,flat,,,,,,,,,,
2006-05-16,2006,小跌-1~0,flat,,,,,,,,,,
2006-05-17,2006,小跌-1~0,flat,,,,,,,,,,
2006-05-18,2006,跌-2~-1%,active,7116.83,-1.0,82.80000000000018,close,82.80000000000018,close,82.80000000000018,close,82.80000000000018,close
2006-05-19,2006,小跌-1~0,flat,,,,,,,,,,
2006-05-22,2006,大漲>=2%,active,7080.44,-1.0,142.17999999999938,close,142.17999999999938,close,142.17999999999938,close,142.17999999999938,close
2006-05-23,2006,大跌<-2%,flat,,,,,,,,,,
2006-05-24,2006,跌-2~-1%,active,6843.98,-1.0,-33.030000000000655,close,-51.32984999999999,stop,-60.30000000000018,stop_gap,-61.30000000000018,stop_gap
2006-05-25,2006,小漲0~1%,active,6877.01,1.0,-15.360000000000582,close,-15.360000000000582,close,-15.360000000000582,close,-15.360000000000582,close
2006-05-26,2006,小跌-1~0,flat,,,,,,,,,,
2006-05-29,2006,小漲0~1%,active,6879.51,1.0,-0.6300000000001091,close,-0.6300000000001091,close,-0.6300000000001091,close,-0.6300000000001091,close
2006-05-30,2006,小漲0~1%,active,6878.88,1.0,-31.93000000000029,close,-31.93000000000029,close,-31.93000000000029,close,-31.93000000000029,close
2006-06-01,2006,漲1~2%,active,6846.95,1.0,25.890000000000327,close,25.890000000000327,close,25.890000000000327,close,25.890000000000327,close
2006-06-02,2006,大漲>=2%,active,6916.34,-1.0,-43.30000000000018,close,-43.30000000000018,close,-43.30000000000018,close,-43.30000000000018,close
2006-06-05,2006,小跌-1~0,flat,,,,,,,,,,
2006-06-06,2006,大跌<-2%,flat,,,,,,,,,,
2006-06-07,2006,小跌-1~0,flat,,,,,,,,,,
2006-06-08,2006,大跌<-2%,flat,,,,,,,,,,
2006-06-09,2006,小跌-1~0,flat,,,,,,,,,,
2006-06-12,2006,小跌-1~0,flat,,,,,,,,,,
2006-06-13,2006,跌-2~-1%,active,6442.9,-1.0,105.6899999999996,close,105.6899999999996,close,105.6899999999996,close,105.6899999999996,close
2006-06-14,2006,小跌-1~0,flat,,,,,,,,,,
2006-06-15,2006,漲1~2%,active,6469.01,1.0,-42.61999999999989,close,-48.517575,stop,-49.3100000000004,stop_gap,-50.3100000000004,stop_gap
2006-06-16,2006,大漲>=2%,active,6611.42,-1.0,35.649999999999636,close,35.649999999999636,close,35.649999999999636,close,35.649999999999636,close
2006-06-19,2006,小跌-1~0,flat,,,,,,,,,,
2006-06-20,2006,小跌-1~0,flat,,,,,,,,,,
2006-06-21,2006,小跌-1~0,flat,,,,,,,,,,
2006-06-22,2006,大漲>=2%,active,6483.24,-1.0,-1.9099999999998545,close,-1.9099999999998545,close,-1.9099999999998545,close,-1.9099999999998545,close
2006-06-23,2006,跌-2~-1%,active,6485.15,-1.0,32.839999999999236,close,32.839999999999236,close,32.839999999999236,close,32.839999999999236,close
2006-06-26,2006,小跌-1~0,flat,,,,,,,,,,
2006-06-27,2006,小漲0~1%,active,6523.68,1.0,48.710000000000036,close,48.710000000000036,close,48.710000000000036,close,48.710000000000036,close
2006-06-28,2006,大跌<-2%,flat,,,,,,,,,,
2006-06-29,2006,小跌-1~0,flat,,,,,,,,,,
2006-06-30,2006,大漲>=2%,active,6690.16,-1.0,-14.25,close,-14.25,close,-14.25,close,-14.25,close
2006-07-03,2006,小跌-1~0,flat,,,,,,,,,,
2006-07-04,2006,小漲0~1%,active,6718.5,1.0,16.01000000000022,close,16.01000000000022,close,16.01000000000022,close,16.01000000000022,close
2006-07-05,2006,小漲0~1%,active,6734.51,1.0,-74.55000000000018,close,-50.508825,stop,-52.93000000000029,stop_gap,-53.93000000000029,stop_gap
2006-07-06,2006,大跌<-2%,flat,,,,,,,,,,
2006-07-07,2006,小跌-1~0,flat,,,,,,,,,,
2006-07-10,2006,跌-2~-1%,active,6660.61,-1.0,-21.850000000000364,close,-21.850000000000364,close,-21.850000000000364,close,-21.850000000000364,close
2006-07-11,2006,大跌<-2%,flat,,,,,,,,,,
2006-07-12,2006,大漲>=2%,active,6711.1,-1.0,77.01000000000022,close,77.01000000000022,close,77.01000000000022,close,77.01000000000022,close
2006-07-13,2006,大跌<-2%,flat,,,,,,,,,,
2006-07-14,2006,跌-2~-1%,active,6567.6,-1.0,139.57000000000062,close,139.57000000000062,close,139.57000000000062,close,139.57000000000062,close
2006-07-17,2006,小跌-1~0,flat,,,,,,,,,,
2006-07-18,2006,小跌-1~0,flat,,,,,,,,,,
2006-07-19,2006,小跌-1~0,flat,,,,,,,,,,
2006-07-20,2006,大漲>=2%,active,6424.63,-1.0,-19.109999999999673,close,-19.109999999999673,close,-19.109999999999673,close,-19.109999999999673,close
2006-07-21,2006,大跌<-2%,flat,,,,,,,,,,
2006-07-24,2006,大跌<-2%,flat,,,,,,,,,,
2006-07-25,2006,漲1~2%,active,6359.63,1.0,31.359999999999673,close,31.359999999999673,close,31.359999999999673,close,31.359999999999673,close
2006-07-26,2006,漲1~2%,active,6390.99,1.0,-14.599999999999454,close,-14.599999999999454,close,-14.599999999999454,close,-14.599999999999454,close
2006-07-27,2006,小跌-1~0,flat,,,,,,,,,,
2006-07-28,2006,漲1~2%,active,6459.25,1.0,20.81999999999971,close,20.81999999999971,close,20.81999999999971,close,20.81999999999971,close
2006-07-31,2006,大漲>=2%,active,6513.97,-1.0,59.39000000000033,close,59.39000000000033,close,59.39000000000033,close,59.39000000000033,close
2006-08-01,2006,小漲0~1%,active,6454.58,1.0,-13.11999999999989,close,-13.11999999999989,close,-13.11999999999989,close,-13.11999999999989,close
2006-08-02,2006,跌-2~-1%,active,6441.46,-1.0,-29.960000000000036,close,-29.960000000000036,close,-29.960000000000036,close,-29.960000000000036,close
2006-08-03,2006,漲1~2%,active,6471.42,1.0,-9.100000000000364,close,-9.100000000000364,close,-9.100000000000364,close,-9.100000000000364,close
2006-08-04,2006,漲1~2%,active,6462.32,1.0,-19.710000000000036,close,-19.710000000000036,close,-19.710000000000036,close,-19.710000000000036,close
2006-08-07,2006,小跌-1~0,flat,,,,,,,,,,
2006-08-08,2006,小跌-1~0,flat,,,,,,,,,,
2006-08-09,2006,小跌-1~0,flat,,,,,,,,,,
2006-08-10,2006,小漲0~1%,active,6573.22,1.0,5.389999999999418,close,5.389999999999418,close,5.389999999999418,close,5.389999999999418,close
2006-08-11,2006,漲1~2%,active,6578.61,1.0,-7.509999999999309,close,-7.509999999999309,close,-7.509999999999309,close,-7.509999999999309,close
2006-08-14,2006,大跌<-2%,flat,,,,,,,,,,
2006-08-15,2006,漲1~2%,active,6611.9,1.0,3.230000000000473,close,3.230000000000473,close,3.230000000000473,close,3.230000000000473,close
2006-08-16,2006,大漲>=2%,active,6672.42,-1.0,-24.210000000000036,close,-24.210000000000036,close,-24.210000000000036,close,-24.210000000000036,close
2006-08-17,2006,大漲>=2%,active,6726.27,-1.0,-7.1899999999996,close,-7.1899999999996,close,-7.1899999999996,close,-7.1899999999996,close
2006-08-18,2006,小漲0~1%,active,6733.46,1.0,-12.38000000000011,close,-12.38000000000011,close,-12.38000000000011,close,-12.38000000000011,close
2006-08-21,2006,小跌-1~0,flat,,,,,,,,,,
2006-08-22,2006,大跌<-2%,flat,,,,,,,,,,
2006-08-23,2006,小跌-1~0,flat,,,,,,,,,,
2006-08-24,2006,小跌-1~0,flat,,,,,,,,,,
2006-08-25,2006,小漲0~1%,active,6550.64,1.0,-24.420000000000073,close,-24.420000000000073,close,-24.420000000000073,close,-24.420000000000073,close
2006-08-28,2006,小跌-1~0,flat,,,,,,,,,,
2006-08-29,2006,漲1~2%,active,6444.76,1.0,35.149999999999636,close,35.149999999999636,close,35.149999999999636,close,35.149999999999636,close
2006-08-30,2006,漲1~2%,active,6479.91,1.0,107.21000000000004,close,107.21000000000004,close,107.21000000000004,close,107.21000000000004,close
2006-08-31,2006,漲1~2%,active,6587.12,1.0,24.650000000000546,close,24.650000000000546,close,24.650000000000546,close,24.650000000000546,close
2006-09-01,2006,小跌-1~0,flat,,,,,,,,,,
2006-09-04,2006,跌-2~-1%,active,6651.46,-1.0,-99.31999999999971,close,-49.88595,stop,-55.05000000000018,stop_gap,-56.05000000000018,stop_gap
2006-09-05,2006,跌-2~-1%,active,6750.78,-1.0,16.050000000000182,close,16.050000000000182,close,16.050000000000182,close,16.050000000000182,close
2006-09-06,2006,漲1~2%,active,6734.73,1.0,-46.32999999999993,close,-50.51047499999999,stop,-52.469999999999345,stop_gap,-53.469999999999345,stop_gap
2006-09-07,2006,大跌<-2%,flat,,,,,,,,,,
2006-09-08,2006,小跌-1~0,flat,,,,,,,,,,
2006-09-11,2006,小漲0~1%,active,6693.11,1.0,0.7700000000004366,close,0.7700000000004366,close,0.7700000000004366,close,0.7700000000004366,close
2006-09-12,2006,大漲>=2%,active,6656.13,-1.0,30.400000000000546,close,30.400000000000546,close,30.400000000000546,close,30.400000000000546,close
2006-09-13,2006,大漲>=2%,active,6668.65,-1.0,3.7799999999997453,close,3.7799999999997453,close,3.7799999999997453,close,3.7799999999997453,close
2006-09-14,2006,小跌-1~0,flat,,,,,,,,,,
2006-09-15,2006,小漲0~1%,active,6598.87,1.0,82.22000000000025,close,82.22000000000025,close,82.22000000000025,close,82.22000000000025,close
2006-09-18,2006,小漲0~1%,active,6681.09,1.0,201.38999999999942,close,201.38999999999942,close,201.38999999999942,close,201.38999999999942,close
2006-09-19,2006,小漲0~1%,active,6882.48,1.0,-0.6099999999996726,close,-0.6099999999996726,close,-0.6099999999996726,close,-0.6099999999996726,close
2006-09-20,2006,大跌<-2%,flat,,,,,,,,,,
2006-09-21,2006,小漲0~1%,active,6877.77,1.0,12.11999999999989,close,12.11999999999989,close,12.11999999999989,close,12.11999999999989,close
2006-09-22,2006,跌-2~-1%,active,6889.89,-1.0,4.289999999999964,close,4.289999999999964,close,4.289999999999964,close,4.289999999999964,close
2006-09-25,2006,小跌-1~0,flat,,,,,,,,,,
2006-09-26,2006,大漲>=2%,active,6928.63,-1.0,26.88000000000011,close,26.88000000000011,close,26.88000000000011,close,26.88000000000011,close
2006-09-27,2006,小跌-1~0,flat,,,,,,,,,,
2006-09-28,2006,小跌-1~0,flat,,,,,,,,,,
2006-09-29,2006,小漲0~1%,active,6885.12,1.0,-2.069999999999709,close,-2.069999999999709,close,-2.069999999999709,close,-2.069999999999709,close
2006-10-02,2006,跌-2~-1%,active,6883.05,-1.0,-77.89999999999964,close,-51.622875,stop,-55.779999999999745,stop_gap,-56.779999999999745,stop_gap
2006-10-03,2006,小跌-1~0,flat,,,,,,,,,,
2006-10-04,2006,跌-2~-1%,active,6956.88,-1.0,81.90000000000055,close,81.90000000000055,close,81.90000000000055,close,81.90000000000055,close
2006-10-05,2006,漲1~2%,active,6874.98,1.0,122.26000000000022,close,122.26000000000022,close,122.26000000000022,close,122.26000000000022,close
2006-10-11,2006,小跌-1~0,flat,,,,,,,,,,
2006-10-12,2006,漲1~2%,active,7006.67,1.0,-22.090000000000146,close,-22.090000000000146,close,-22.090000000000146,close,-22.090000000000146,close
2006-10-13,2006,漲1~2%,active,6984.58,1.0,84.22000000000025,close,84.22000000000025,close,84.22000000000025,close,84.22000000000025,close
2006-10-14,2006,小漲0~1%,active,7068.8,1.0,8.050000000000182,close,8.050000000000182,close,8.050000000000182,close,8.050000000000182,close
2006-10-16,2006,小漲0~1%,active,7076.85,1.0,74.56999999999971,close,74.56999999999971,close,74.56999999999971,close,74.56999999999971,close
2006-10-17,2006,小漲0~1%,active,7151.42,1.0,-76.28999999999996,close,-53.63565,stop,-54.73999999999978,stop_gap,-55.73999999999978,stop_gap
2006-10-18,2006,大跌<-2%,flat,,,,,,,,,,
2006-10-19,2006,大跌<-2%,flat,,,,,,,,,,
2006-10-20,2006,小跌-1~0,flat,,,,,,,,,,
2006-10-23,2006,小跌-1~0,flat,,,,,,,,,,
2006-10-24,2006,小漲0~1%,active,7040.26,1.0,57.159999999999854,close,57.159999999999854,close,57.159999999999854,close,57.159999999999854,close
2006-10-25,2006,跌-2~-1%,active,7097.42,-1.0,37.529999999999745,close,37.529999999999745,close,37.529999999999745,close,37.529999999999745,close
2006-10-26,2006,大漲>=2%,active,7103.42,-1.0,22.579999999999927,close,22.579999999999927,close,22.579999999999927,close,22.579999999999927,close
2006-10-27,2006,漲1~2%,active,7080.84,1.0,5.899999999999636,close,5.899999999999636,close,5.899999999999636,close,5.899999999999636,close
2006-10-30,2006,跌-2~-1%,active,7086.74,-1.0,91.53999999999996,close,91.53999999999996,close,91.53999999999996,close,91.53999999999996,close
2006-10-31,2006,漲1~2%,active,6995.2,1.0,26.11999999999989,close,26.11999999999989,close,26.11999999999989,close,26.11999999999989,close
2006-11-01,2006,小漲0~1%,active,7021.32,1.0,-7.329999999999927,close,-7.329999999999927,close,-7.329999999999927,close,-7.329999999999927,close
2006-11-02,2006,跌-2~-1%,active,7013.99,-1.0,-64.11000000000058,close,-52.604924999999994,stop,-52.93000000000029,stop_gap,-53.93000000000029,stop_gap
2006-11-03,2006,小跌-1~0,flat,,,,,,,,,,
2006-11-06,2006,小漲0~1%,active,7161.61,1.0,-41.17000000000007,close,-53.712075,stop,-124.71999999999935,stop_gap,-125.71999999999935,stop_gap
2006-11-07,2006,漲1~2%,active,7120.44,1.0,64.21000000000004,close,64.21000000000004,close,64.21000000000004,close,64.21000000000004,close
2006-11-08,2006,漲1~2%,active,7184.65,1.0,-6.309999999999491,close,-6.309999999999491,close,-6.309999999999491,close,-6.309999999999491,close
2006-11-09,2006,小跌-1~0,flat,,,,,,,,,,
2006-11-10,2006,跌-2~-1%,active,7151.13,-1.0,-23.06999999999971,close,-23.06999999999971,close,-23.06999999999971,close,-23.06999999999971,close
2006-11-13,2006,漲1~2%,active,7174.2,1.0,-38.13999999999942,close,-38.13999999999942,close,-38.13999999999942,close,-38.13999999999942,close
2006-11-14,2006,漲1~2%,active,7136.06,1.0,67.97999999999956,close,67.97999999999956,close,67.97999999999956,close,67.97999999999956,close
2006-11-15,2006,大漲>=2%,active,7250.47,-1.0,13.61999999999989,close,13.61999999999989,close,13.61999999999989,close,13.61999999999989,close
2006-11-16,2006,小漲0~1%,active,7236.85,1.0,20.6299999999992,close,20.6299999999992,close,20.6299999999992,close,20.6299999999992,close
2006-11-17,2006,小漲0~1%,active,7257.48,1.0,2.0600000000004,close,2.0600000000004,close,2.0600000000004,close,2.0600000000004,close
2006-11-20,2006,小跌-1~0,flat,,,,,,,,,,
2006-11-21,2006,漲1~2%,active,7261.48,1.0,48.210000000000036,close,48.210000000000036,close,48.210000000000036,close,48.210000000000036,close
2006-11-22,2006,跌-2~-1%,active,7309.69,-1.0,-39.08000000000084,close,-39.08000000000084,close,-39.08000000000084,close,-39.08000000000084,close
2006-11-23,2006,漲1~2%,active,7348.77,1.0,35.91999999999916,close,35.91999999999916,close,35.91999999999916,close,35.91999999999916,close
2006-11-24,2006,漲1~2%,active,7384.69,1.0,42.67000000000007,close,42.67000000000007,close,42.67000000000007,close,42.67000000000007,close
2006-11-27,2006,小跌-1~0,flat,,,,,,,,,,
2006-11-28,2006,大跌<-2%,flat,,,,,,,,,,
2006-11-29,2006,小漲0~1%,active,7444.94,1.0,29.25,close,29.25,close,29.25,close,29.25,close
2006-11-30,2006,小跌-1~0,flat,,,,,,,,,,
2006-12-01,2006,小漲0~1%,active,7567.72,1.0,45.849999999999454,close,45.849999999999454,close,45.849999999999454,close,45.849999999999454,close
2006-12-04,2006,跌-2~-1%,active,7613.57,-1.0,-33.44000000000051,close,-33.44000000000051,close,-33.44000000000051,close,-33.44000000000051,close
2006-12-05,2006,漲1~2%,active,7647.01,1.0,-37.11000000000058,close,-57.352575,stop,-63.01000000000022,stop_gap,-64.01000000000022,stop_gap
2006-12-06,2006,小漲0~1%,active,7609.9,1.0,83.43000000000029,close,83.43000000000029,close,83.43000000000029,close,83.43000000000029,close
2006-12-07,2006,小漲0~1%,active,7693.33,1.0,-6.809999999999491,close,-6.809999999999491,close,-6.809999999999491,close,-6.809999999999491,close
2006-12-08,2006,跌-2~-1%,active,7686.52,-1.0,50.220000000000255,close,50.220000000000255,close,50.220000000000255,close,50.220000000000255,close
2006-12-11,2006,小跌-1~0,flat,,,,,,,,,,
2006-12-12,2006,小跌-1~0,flat,,,,,,,,,,
2006-12-13,2006,小跌-1~0,flat,,,,,,,,,,
2006-12-14,2006,跌-2~-1%,active,7450.3,-1.0,-30.109999999999673,close,-30.109999999999673,close,-30.109999999999673,close,-30.109999999999673,close
2006-12-15,2006,漲1~2%,active,7480.41,1.0,58.409999999999854,close,58.409999999999854,close,58.409999999999854,close,58.409999999999854,close
2006-12-18,2006,小漲0~1%,active,7538.82,1.0,85.80000000000018,close,85.80000000000018,close,85.80000000000018,close,85.80000000000018,close
2006-12-19,2006,小漲0~1%,active,7624.62,1.0,-25.73999999999978,close,-25.73999999999978,close,-25.73999999999978,close,-25.73999999999978,close
2006-12-20,2006,跌-2~-1%,active,7598.88,-1.0,-49.470000000000255,close,-56.9916,stop,-58.94999999999982,stop_gap,-59.94999999999982,stop_gap
2006-12-21,2006,小漲0~1%,active,7648.35,1.0,-27.410000000000764,close,-27.410000000000764,close,-27.410000000000764,close,-27.410000000000764,close
2006-12-22,2006,跌-2~-1%,active,7620.94,-1.0,-31.530000000000655,close,-31.530000000000655,close,-31.530000000000655,close,-31.530000000000655,close
2006-12-25,2006,小跌-1~0,flat,,,,,,,,,,
2006-12-26,2006,小跌-1~0,flat,,,,,,,,,,
2006-12-27,2006,小漲0~1%,active,7727.59,1.0,5.5900000000001455,close,5.5900000000001455,close,5.5900000000001455,close,5.5900000000001455,close
2006-12-28,2006,小漲0~1%,active,7733.18,1.0,-0.25,close,-0.25,close,-0.25,close,-0.25,close
2006-12-29,2006,小跌-1~0,flat,,,,,,,,,,
2007-01-02,2007,小跌-1~0,flat,,,,,,,,,,
2007-01-03,2007,小跌-1~0,flat,,,,,,,,,,
2007-01-04,2007,小跌-1~0,flat,,,,,,,,,,
2007-01-05,2007,大漲>=2%,active,7854.57,-1.0,19.0,close,19.0,close,19.0,close,19.0,close
2007-01-08,2007,跌-2~-1%,active,7835.57,-1.0,98.85999999999967,close,98.85999999999967,close,98.85999999999967,close,98.85999999999967,close
2007-01-09,2007,小漲0~1%,active,7736.71,1.0,53.30000000000018,close,53.30000000000018,close,53.30000000000018,close,53.30000000000018,close
2007-01-10,2007,小漲0~1%,active,7790.01,1.0,-91.48999999999978,close,-58.425075,stop,-65.36000000000058,stop_gap,-66.36000000000058,stop_gap
2007-01-11,2007,漲1~2%,active,7698.52,1.0,-79.97000000000025,close,-57.7389,stop,-61.57000000000062,stop_gap,-62.57000000000062,stop_gap
2007-01-12,2007,小跌-1~0,flat,,,,,,,,,,
2007-01-15,2007,小漲0~1%,active,7761.71,1.0,21.789999999999964,close,21.789999999999964,close,21.789999999999964,close,21.789999999999964,close
2007-01-16,2007,小漲0~1%,active,7783.5,1.0,8.579999999999927,close,8.579999999999927,close,8.579999999999927,close,8.579999999999927,close
2007-01-17,2007,跌-2~-1%,active,7792.08,-1.0,-41.899999999999636,close,-41.899999999999636,close,-41.899999999999636,close,-41.899999999999636,close
2007-01-18,2007,小跌-1~0,flat,,,,,,,,,,
2007-01-19,2007,大跌<-2%,flat,,,,,,,,,,
2007-01-22,2007,小漲0~1%,active,7840.08,1.0,2.3900000000003274,close,2.3900000000003274,close,2.3900000000003274,close,2.3900000000003274,close
2007-01-23,2007,跌-2~-1%,active,7842.47,-1.0,-9.889999999999418,close,-9.889999999999418,close,-9.889999999999418,close,-9.889999999999418,close
2007-01-24,2007,小漲0~1%,active,7852.36,1.0,83.18000000000029,close,83.18000000000029,close,83.18000000000029,close,83.18000000000029,close
2007-01-25,2007,漲1~2%,active,7935.54,1.0,-11.769999999999527,close,-11.769999999999527,close,-11.769999999999527,close,-11.769999999999527,close
2007-01-26,2007,小跌-1~0,flat,,,,,,,,,,
2007-01-29,2007,漲1~2%,active,7821.32,1.0,-69.52999999999975,close,-58.65989999999999,stop,-58.659999999999854,stop_gap,-59.659999999999854,stop_gap
2007-01-30,2007,小跌-1~0,flat,,,,,,,,,,
2007-01-31,2007,小漲0~1%,active,7739.91,1.0,-40.26999999999953,close,-58.049324999999996,stop,-60.909999999999854,stop_gap,-61.909999999999854,stop_gap
2007-02-01,2007,小跌-1~0,flat,,,,,,,,,,
2007-02-02,2007,小漲0~1%,active,7701.54,1.0,75.48999999999978,close,75.48999999999978,close,75.48999999999978,close,75.48999999999978,close
2007-02-05,2007,小漲0~1%,active,7777.03,1.0,6.0900000000001455,close,6.0900000000001455,close,6.0900000000001455,close,6.0900000000001455,close
2007-02-06,2007,小漲0~1%,active,7783.12,1.0,92.63000000000011,close,92.63000000000011,close,92.63000000000011,close,92.63000000000011,close
2007-02-07,2007,小跌-1~0,flat,,,,,,,,,,
2007-02-08,2007,漲1~2%,active,7850.06,1.0,-7.8400000000001455,close,-58.87545,stop,-59.43000000000029,stop_gap,-60.43000000000029,stop_gap
2007-02-09,2007,小跌-1~0,flat,,,,,,,,,,
2007-02-12,2007,跌-2~-1%,active,7859.53,-1.0,83.17000000000007,close,83.17000000000007,close,83.17000000000007,close,83.17000000000007,close
2007-02-13,2007,小跌-1~0,flat,,,,,,,,,,
2007-02-14,2007,小漲0~1%,active,7736.83,1.0,72.61999999999989,close,72.61999999999989,close,72.61999999999989,close,72.61999999999989,close
2007-02-26,2007,小漲0~1%,active,7809.45,1.0,90.75,close,90.75,close,90.75,close,90.75,close
2007-02-27,2007,小跌-1~0,flat,,,,,,,,,,
2007-03-01,2007,小漲0~1%,active,7901.96,1.0,-223.28999999999996,close,-59.2647,stop,-194.32999999999993,stop_gap,-195.32999999999993,stop_gap
2007-03-02,2007,小跌-1~0,flat,,,,,,,,,,
2007-03-03,2007,跌-2~-1%,active,7670.77,-1.0,40.6200000000008,close,40.6200000000008,close,40.6200000000008,close,40.6200000000008,close
2007-03-05,2007,跌-2~-1%,active,7630.15,-1.0,285.58999999999924,close,285.58999999999924,close,285.58999999999924,close,285.58999999999924,close
2007-03-06,2007,小跌-1~0,flat,,,,,,,,,,
2007-03-07,2007,漲1~2%,active,7451.06,1.0,29.829999999999927,close,29.829999999999927,close,29.829999999999927,close,29.829999999999927,close
2007-03-08,2007,小跌-1~0,flat,,,,,,,,,,
2007-03-09,2007,漲1~2%,active,7573.87,1.0,-5.670000000000073,close,-5.670000000000073,close,-5.670000000000073,close,-5.670000000000073,close
2007-03-12,2007,小漲0~1%,active,7568.2,1.0,60.94999999999982,close,60.94999999999982,close,60.94999999999982,close,60.94999999999982,close
2007-03-13,2007,小漲0~1%,active,7629.15,1.0,54.850000000000364,close,54.850000000000364,close,54.850000000000364,close,54.850000000000364,close
2007-03-14,2007,跌-2~-1%,active,7684.0,-1.0,113.72999999999956,close,113.72999999999956,close,113.72999999999956,close,113.72999999999956,close
2007-03-15,2007,小漲0~1%,active,7570.27,1.0,125.6899999999996,close,125.6899999999996,close,125.6899999999996,close,125.6899999999996,close
2007-03-16,2007,小漲0~1%,active,7695.96,1.0,23.840000000000146,close,23.840000000000146,close,23.840000000000146,close,23.840000000000146,close
2007-03-19,2007,小跌-1~0,flat,,,,,,,,,,
2007-03-20,2007,小跌-1~0,flat,,,,,,,,,,
2007-03-21,2007,小漲0~1%,active,7736.2,1.0,20.829999999999927,close,20.829999999999927,close,20.829999999999927,close,20.829999999999927,close
2007-03-22,2007,漲1~2%,active,7757.03,1.0,66.64000000000033,close,66.64000000000033,close,66.64000000000033,close,66.64000000000033,close
2007-03-23,2007,跌-2~-1%,active,7823.67,-1.0,-35.649999999999636,close,-35.649999999999636,close,-35.649999999999636,close,-35.649999999999636,close
2007-03-26,2007,小漲0~1%,active,7859.32,1.0,18.5,close,18.5,close,18.5,close,18.5,close
2007-03-27,2007,小跌-1~0,flat,,,,,,,,,,
2007-03-28,2007,小跌-1~0,flat,,,,,,,,,,
2007-03-29,2007,跌-2~-1%,active,7788.14,-1.0,-60.1899999999996,close,-58.41105,stop,-61.659999999999854,stop_gap,-62.659999999999854,stop_gap
2007-03-30,2007,小跌-1~0,flat,,,,,,,,,,
2007-04-02,2007,小漲0~1%,active,7884.41,1.0,0.5799999999999272,close,0.5799999999999272,close,0.5799999999999272,close,0.5799999999999272,close
2007-04-03,2007,小跌-1~0,flat,,,,,,,,,,
2007-04-04,2007,小漲0~1%,active,7932.91,1.0,71.69999999999982,close,71.69999999999982,close,71.69999999999982,close,71.69999999999982,close
2007-04-09,2007,小漲0~1%,active,8004.61,1.0,51.95000000000073,close,51.95000000000073,close,51.95000000000073,close,51.95000000000073,close
2007-04-10,2007,小跌-1~0,flat,,,,,,,,,,
2007-04-11,2007,小漲0~1%,active,8048.39,1.0,36.05999999999949,close,36.05999999999949,close,36.05999999999949,close,36.05999999999949,close
2007-04-12,2007,跌-2~-1%,active,8084.45,-1.0,9.25,close,9.25,close,9.25,close,9.25,close
2007-04-13,2007,小漲0~1%,active,8075.2,1.0,-72.89999999999964,close,-60.56399999999999,stop,-63.289999999999964,stop_gap,-64.28999999999996,stop_gap
2007-04-14,2007,小跌-1~0,flat,,,,,,,,,,
2007-04-16,2007,小跌-1~0,flat,,,,,,,,,,
2007-04-17,2007,小漲0~1%,active,8043.54,1.0,-84.25,close,-60.32655,stop,-62.75,stop_gap,-63.75,stop_gap
2007-04-18,2007,小跌-1~0,flat,,,,,,,,,,
2007-04-19,2007,大漲>=2%,active,7939.21,-1.0,50.57999999999993,close,50.57999999999993,close,50.57999999999993,close,50.57999999999993,close
2007-04-20,2007,小漲0~1%,active,7888.63,1.0,54.039999999999964,close,54.039999999999964,close,54.039999999999964,close,54.039999999999964,close
2007-04-23,2007,小漲0~1%,active,7942.67,1.0,67.78999999999996,close,67.78999999999996,close,67.78999999999996,close,67.78999999999996,close
2007-04-24,2007,小跌-1~0,flat,,,,,,,,,,
2007-04-25,2007,大漲>=2%,active,8000.9,-1.0,16.25,close,16.25,close,16.25,close,16.25,close
2007-04-26,2007,小漲0~1%,active,7984.65,1.0,15.390000000000327,close,15.390000000000327,close,15.390000000000327,close,15.390000000000327,close
2007-04-27,2007,小漲0~1%,active,8000.04,1.0,-50.61999999999989,close,-50.61999999999989,close,-50.61999999999989,close,-50.61999999999989,close
2007-04-30,2007,跌-2~-1%,active,7949.42,-1.0,74.0,close,74.0,close,74.0,close,74.0,close
2007-05-02,2007,小漲0~1%,active,7875.42,1.0,27.61999999999989,close,27.61999999999989,close,27.61999999999989,close,27.61999999999989,close
2007-05-03,2007,小漲0~1%,active,7903.04,1.0,23.61999999999989,close,23.61999999999989,close,23.61999999999989,close,23.61999999999989,close
2007-05-04,2007,小漲0~1%,active,7926.66,1.0,139.40000000000055,close,139.40000000000055,close,139.40000000000055,close,139.40000000000055,close
2007-05-07,2007,漲1~2%,active,8066.06,1.0,49.210000000000036,close,49.210000000000036,close,49.210000000000036,close,49.210000000000036,close
2007-05-08,2007,小跌-1~0,flat,,,,,,,,,,
2007-05-09,2007,小跌-1~0,flat,,,,,,,,,,
2007-05-10,2007,漲1~2%,active,8052.7,1.0,44.159999999999854,close,44.159999999999854,close,44.159999999999854,close,44.159999999999854,close
2007-05-11,2007,大跌<-2%,flat,,,,,,,,,,
2007-05-14,2007,漲1~2%,active,8031.54,1.0,-0.9799999999995634,close,-0.9799999999995634,close,-0.9799999999995634,close,-0.9799999999995634,close
2007-05-15,2007,小跌-1~0,flat,,,,,,,,,,
2007-05-16,2007,跌-2~-1%,active,7975.03,-1.0,-13.539999999999964,close,-13.539999999999964,close,-13.539999999999964,close,-13.539999999999964,close
2007-05-17,2007,小跌-1~0,flat,,,,,,,,,,
2007-05-18,2007,跌-2~-1%,active,8037.96,-1.0,3.819999999999709,close,3.819999999999709,close,3.819999999999709,close,3.819999999999709,close
2007-05-21,2007,小跌-1~0,flat,,,,,,,,,,
2007-05-22,2007,小跌-1~0,flat,,,,,,,,,,
2007-05-23,2007,小漲0~1%,active,8188.63,1.0,33.160000000000764,close,33.160000000000764,close,33.160000000000764,close,33.160000000000764,close
2007-05-24,2007,跌-2~-1%,active,8221.79,-1.0,5.380000000001019,close,5.380000000001019,close,5.380000000001019,close,5.380000000001019,close
2007-05-25,2007,跌-2~-1%,active,8216.41,-1.0,56.4399999999996,close,56.4399999999996,close,56.4399999999996,close,56.4399999999996,close
2007-05-28,2007,小漲0~1%,active,8159.97,1.0,-3.1500000000005457,close,-3.1500000000005457,close,-3.1500000000005457,close,-3.1500000000005457,close
2007-05-29,2007,小漲0~1%,active,8156.82,1.0,24.670000000000073,close,24.670000000000073,close,24.670000000000073,close,24.670000000000073,close
2007-05-30,2007,小漲0~1%,active,8181.49,1.0,-34.149999999999636,close,-61.361174999999996,stop,-62.149999999999636,stop_gap,-63.149999999999636,stop_gap
2007-05-31,2007,小跌-1~0,flat,,,,,,,,,,
2007-06-01,2007,漲1~2%,active,8144.95,1.0,104.94999999999982,close,104.94999999999982,close,104.94999999999982,close,104.94999999999982,close
2007-06-04,2007,小漲0~1%,active,8249.9,1.0,44.89000000000124,close,44.89000000000124,close,44.89000000000124,close,44.89000000000124,close
2007-06-05,2007,小漲0~1%,active,8294.79,1.0,9.199999999998909,close,9.199999999998909,close,9.199999999998909,close,9.199999999998909,close
2007-06-06,2007,小跌-1~0,flat,,,,,,,,,,
2007-06-07,2007,跌-2~-1%,active,8314.68,-1.0,-40.57999999999993,close,-40.57999999999993,close,-40.57999999999993,close,-40.57999999999993,close
2007-06-08,2007,跌-2~-1%,active,8355.26,-1.0,54.55000000000109,close,54.55000000000109,close,54.55000000000109,close,54.55000000000109,close
2007-06-11,2007,大漲>=2%,active,8346.48,-1.0,7.600000000000364,close,7.600000000000364,close,7.600000000000364,close,7.600000000000364,close
2007-06-12,2007,小跌-1~0,flat,,,,,,,,,,
2007-06-13,2007,小跌-1~0,flat,,,,,,,,,,
2007-06-14,2007,漲1~2%,active,8346.39,1.0,104.32999999999993,close,104.32999999999993,close,104.32999999999993,close,104.32999999999993,close
2007-06-15,2007,漲1~2%,active,8450.72,1.0,122.92000000000007,close,122.92000000000007,close,122.92000000000007,close,122.92000000000007,close
2007-06-20,2007,小跌-1~0,flat,,,,,,,,,,
2007-06-21,2007,小跌-1~0,flat,,,,,,,,,,
2007-06-22,2007,大漲>=2%,active,8861.18,-1.0,14.790000000000873,close,14.790000000000873,close,14.790000000000873,close,14.790000000000873,close
2007-06-23,2007,跌-2~-1%,active,8846.39,-1.0,33.47999999999956,close,33.47999999999956,close,33.47999999999956,close,33.47999999999956,close
2007-06-25,2007,跌-2~-1%,active,8812.91,-1.0,-126.28000000000065,close,-66.096825,stop,-69.38999999999942,stop_gap,-70.38999999999942,stop_gap
2007-06-26,2007,跌-2~-1%,active,8939.19,-1.0,73.44000000000051,close,73.44000000000051,close,73.44000000000051,close,73.44000000000051,close
2007-06-27,2007,小跌-1~0,flat,,,,,,,,,,
2007-06-28,2007,大漲>=2%,active,8880.58,-1.0,-12.25,close,-12.25,close,-12.25,close,-12.25,close
2007-06-29,2007,小跌-1~0,flat,,,,,,,,,,
2007-07-02,2007,小跌-1~0,flat,,,,,,,,,,
2007-07-03,2007,小漲0~1%,active,8939.49,1.0,56.710000000000946,close,56.710000000000946,close,56.710000000000946,close,56.710000000000946,close
2007-07-04,2007,小漲0~1%,active,8996.2,1.0,72.77999999999884,close,72.77999999999884,close,72.77999999999884,close,72.77999999999884,close
2007-07-05,2007,小漲0~1%,active,9068.98,1.0,79.80000000000109,close,79.80000000000109,close,79.80000000000109,close,79.80000000000109,close
2007-07-06,2007,小漲0~1%,active,9148.78,1.0,39.529999999998836,close,39.529999999998836,close,39.529999999998836,close,39.529999999998836,close
2007-07-09,2007,漲1~2%,active,9188.31,1.0,181.53000000000065,close,181.53000000000065,close,181.53000000000065,close,181.53000000000065,close
2007-07-10,2007,漲1~2%,active,9369.84,1.0,14.889999999999418,close,14.889999999999418,close,14.889999999999418,close,14.889999999999418,close
2007-07-11,2007,小跌-1~0,flat,,,,,,,,,,
2007-07-12,2007,小跌-1~0,flat,,,,,,,,,,
2007-07-13,2007,大漲>=2%,active,9456.28,-1.0,-15.019999999998618,close,-15.019999999998618,close,-15.019999999998618,close,-15.019999999998618,close
2007-07-16,2007,小跌-1~0,flat,,,,,,,,,,
2007-07-17,2007,小漲0~1%,active,9417.32,1.0,92.40999999999985,close,-70.62989999999999,stop,-73.61999999999898,stop_gap,-74.61999999999898,stop_gap
2007-07-18,2007,大漲>=2%,active,9535.04,-1.0,49.69000000000051,close,49.69000000000051,close,49.69000000000051,close,49.69000000000051,close
2007-07-19,2007,跌-2~-1%,active,9485.35,-1.0,12.040000000000873,close,12.040000000000873,close,12.040000000000873,close,12.040000000000873,close
2007-07-20,2007,小漲0~1%,active,9473.31,1.0,112.59000000000015,close,112.59000000000015,close,112.59000000000015,close,112.59000000000015,close
2007-07-23,2007,跌-2~-1%,active,9585.9,-1.0,-35.67000000000007,close,-35.67000000000007,close,-35.67000000000007,close,-35.67000000000007,close
2007-07-24,2007,小跌-1~0,flat,,,,,,,,,,
2007-07-25,2007,跌-2~-1%,active,9744.06,-1.0,3.930000000000291,close,3.930000000000291,close,3.930000000000291,close,3.930000000000291,close
2007-07-26,2007,小漲0~1%,active,9740.13,1.0,-173.70999999999913,close,-73.050975,stop,-73.32999999999993,stop_gap,-74.32999999999993,stop_gap
2007-07-27,2007,大跌<-2%,flat,,,,,,,,,,
2007-07-30,2007,大跌<-2%,flat,,,,,,,,,,
2007-07-31,2007,漲1~2%,active,9072.57,1.0,214.6800000000003,close,214.6800000000003,close,214.6800000000003,close,214.6800000000003,close
2007-08-01,2007,大跌<-2%,flat,,,,,,,,,,
2007-08-02,2007,小漲0~1%,active,8891.88,1.0,58.69000000000051,close,-66.6891,stop,-68.80999999999949,stop_gap,-69.80999999999949,stop_gap
2007-08-03,2007,小跌-1~0,flat,,,,,,,,,,
2007-08-06,2007,大跌<-2%,flat,,,,,,,,,,
2007-08-07,2007,漲1~2%,active,8941.73,1.0,-79.42000000000007,close,-67.062975,stop,-79.42000000000007,stop_gap,-80.42000000000007,stop_gap
2007-08-08,2007,小跌-1~0,flat,,,,,,,,,,
2007-08-09,2007,大漲>=2%,active,9172.49,-1.0,-10.110000000000582,close,-10.110000000000582,close,-10.110000000000582,close,-10.110000000000582,close
2007-08-10,2007,小跌-1~0,flat,,,,,,,,,,
2007-08-13,2007,小漲0~1%,active,8931.31,1.0,7.649999999999636,close,7.649999999999636,close,7.649999999999636,close,7.649999999999636,close
2007-08-14,2007,小跌-1~0,flat,,,,,,,,,,
2007-08-15,2007,大跌<-2%,flat,,,,,,,,,,
2007-08-16,2007,大跌<-2%,flat,,,,,,,,,,
2007-08-17,2007,小跌-1~0,flat,,,,,,,,,,
2007-08-20,2007,大漲>=2%,active,8444.86,-1.0,-70.73999999999978,close,-63.33645,stop,-66.60999999999876,stop_gap,-67.60999999999876,stop_gap
2007-08-21,2007,小漲0~1%,active,8515.6,1.0,-36.52000000000044,close,-63.867,stop,-65.27000000000044,stop_gap,-66.27000000000044,stop_gap
2007-08-22,2007,小跌-1~0,flat,,,,,,,,,,
2007-08-23,2007,小漲0~1%,active,8493.46,1.0,239.38000000000102,close,239.38000000000102,close,239.38000000000102,close,239.38000000000102,close
2007-08-24,2007,小跌-1~0,flat,,,,,,,,,,
2007-08-27,2007,小漲0~1%,active,8690.09,1.0,28.219999999999345,close,28.219999999999345,close,28.219999999999345,close,28.219999999999345,close
2007-08-28,2007,跌-2~-1%,active,8718.31,-1.0,-9.239999999999782,close,-9.239999999999782,close,-9.239999999999782,close,-9.239999999999782,close
2007-08-29,2007,大跌<-2%,flat,,,,,,,,,,
2007-08-30,2007,大漲>=2%,active,8767.01,-1.0,-4.199999999998909,close,-4.199999999998909,close,-4.199999999998909,close,-4.199999999998909,close
2007-08-31,2007,小漲0~1%,active,8771.21,1.0,210.95000000000073,close,210.95000000000073,close,210.95000000000073,close,210.95000000000073,close
2007-09-03,2007,漲1~2%,active,8982.16,1.0,-2.2000000000007276,close,-2.2000000000007276,close,-2.2000000000007276,close,-2.2000000000007276,close
2007-09-04,2007,漲1~2%,active,8979.96,1.0,-56.97999999999956,close,-67.34969999999998,stop,-71.96999999999935,stop_gap,-72.96999999999935,stop_gap
2007-09-05,2007,大漲>=2%,active,8994.91,-1.0,81.05999999999949,close,81.05999999999949,close,81.05999999999949,close,81.05999999999949,close
2007-09-06,2007,跌-2~-1%,active,8913.85,-1.0,-103.22999999999956,close,-66.853875,stop,-72.27000000000044,stop_gap,-73.27000000000044,stop_gap
2007-09-07,2007,小漲0~1%,active,9017.08,1.0,1.0,close,1.0,close,1.0,close,1.0,close
2007-09-10,2007,大跌<-2%,flat,,,,,,,,,,
2007-09-11,2007,小漲0~1%,active,8937.58,1.0,65.54000000000087,close,65.54000000000087,close,65.54000000000087,close,65.54000000000087,close
2007-09-12,2007,小漲0~1%,active,9003.12,1.0,15.0,close,15.0,close,15.0,close,15.0,close
2007-09-13,2007,跌-2~-1%,active,9018.12,-1.0,90.70000000000073,close,90.70000000000073,close,90.70000000000073,close,90.70000000000073,close
2007-09-14,2007,小跌-1~0,flat,,,,,,,,,,
2007-09-17,2007,小跌-1~0,flat,,,,,,,,,,
2007-09-19,2007,大漲>=2%,active,9003.45,-1.0,77.07000000000153,close,77.07000000000153,close,77.07000000000153,close,77.07000000000153,close
2007-09-20,2007,小漲0~1%,active,8926.38,1.0,56.650000000001455,close,56.650000000001455,close,56.650000000001455,close,56.650000000001455,close
2007-09-21,2007,小漲0~1%,active,8983.03,1.0,122.25,close,122.25,close,122.25,close,122.25,close
2007-09-26,2007,小漲0~1%,active,9105.28,1.0,152.1899999999987,close,152.1899999999987,close,152.1899999999987,close,152.1899999999987,close
2007-09-27,2007,小跌-1~0,flat,,,,,,,,,,
2007-09-28,2007,小漲0~1%,active,9413.65,1.0,-1.6999999999989086,close,-1.6999999999989086,close,-1.6999999999989086,close,-1.6999999999989086,close
2007-09-29,2007,小漲0~1%,active,9411.95,1.0,64.56999999999971,close,64.56999999999971,close,64.56999999999971,close,64.56999999999971,close
2007-10-01,2007,小漲0~1%,active,9476.52,1.0,11.979999999999563,close,11.979999999999563,close,11.979999999999563,close,11.979999999999563,close
2007-10-02,2007,漲1~2%,active,9488.5,1.0,134.75,close,134.75,close,134.75,close,134.75,close
2007-10-03,2007,小跌-1~0,flat,,,,,,,,,,
2007-10-04,2007,大跌<-2%,flat,,,,,,,,,,
2007-10-05,2007,小跌-1~0,flat,,,,,,,,,,
2007-10-08,2007,小漲0~1%,active,9617.26,1.0,99.90999999999985,close,99.90999999999985,close,99.90999999999985,close,99.90999999999985,close
2007-10-09,2007,小漲0~1%,active,9717.17,1.0,-77.34000000000015,close,-72.878775,stop,-80.84000000000015,stop_gap,-81.84000000000015,stop_gap
2007-10-11,2007,小跌-1~0,flat,,,,,,,,,,
2007-10-12,2007,大跌<-2%,flat,,,,,,,,,,
2007-10-15,2007,漲1~2%,active,9496.47,1.0,21.980000000001382,close,21.980000000001382,close,21.980000000001382,close,21.980000000001382,close
2007-10-16,2007,小跌-1~0,flat,,,,,,,,,,
2007-10-17,2007,小跌-1~0,flat,,,,,,,,,,
2007-10-18,2007,漲1~2%,active,9562.16,1.0,74.90999999999985,close,74.90999999999985,close,74.90999999999985,close,74.90999999999985,close
2007-10-19,2007,小漲0~1%,active,9637.07,1.0,-25.350000000000364,close,-25.350000000000364,close,-25.350000000000364,close,-25.350000000000364,close
2007-10-22,2007,大跌<-2%,flat,,,,,,,,,,
2007-10-23,2007,漲1~2%,active,9360.63,1.0,141.76000000000022,close,141.76000000000022,close,141.76000000000022,close,141.76000000000022,close
2007-10-24,2007,小跌-1~0,flat,,,,,,,,,,
2007-10-25,2007,大跌<-2%,flat,,,,,,,,,,
2007-10-26,2007,大跌<-2%,flat,,,,,,,,,,
2007-10-29,2007,小跌-1~0,flat,,,,,,,,,,
2007-10-30,2007,漲1~2%,active,9809.88,1.0,-51.94999999999891,close,-73.57409999999999,stop,-77.14999999999964,stop_gap,-78.14999999999964,stop_gap
2007-10-31,2007,小漲0~1%,active,9757.93,1.0,-46.55999999999949,close,-73.184475,stop,-80.88999999999942,stop_gap,-81.88999999999942,stop_gap
2007-11-01,2007,小漲0~1%,active,9711.37,1.0,-113.14000000000124,close,-72.83527500000001,stop,-76.85000000000036,stop_gap,-77.85000000000036,stop_gap
2007-11-02,2007,跌-2~-1%,active,9598.23,-1.0,325.1399999999994,close,325.1399999999994,close,325.1399999999994,close,325.1399999999994,close
2007-11-05,2007,小漲0~1%,active,9273.09,1.0,35.51000000000022,close,-69.548175,stop,-69.90999999999985,stop_gap,-70.90999999999985,stop_gap
2007-11-06,2007,跌-2~-1%,active,9308.6,-1.0,15.800000000001091,close,15.800000000001091,close,15.800000000001091,close,15.800000000001091,close
2007-11-07,2007,小漲0~1%,active,9292.8,1.0,7.420000000000073,close,7.420000000000073,close,7.420000000000073,close,7.420000000000073,close
2007-11-08,2007,大跌<-2%,flat,,,,,,,,,,
2007-11-09,2007,跌-2~-1%,active,8937.58,-1.0,-33.340000000000146,close,-67.03184999999999,stop,-70.25,stop_gap,-71.25,stop_gap
2007-11-12,2007,小跌-1~0,flat,,,,,,,,,,
2007-11-13,2007,跌-2~-1%,active,8670.61,-1.0,-56.599999999998545,close,-65.02957500000001,stop,-65.10999999999876,stop_gap,-66.10999999999876,stop_gap
2007-11-14,2007,大漲>=2%,active,8960.93,-1.0,18.0,close,18.0,close,18.0,close,18.0,close
2007-11-15,2007,跌-2~-1%,active,8942.93,-1.0,37.52000000000044,close,37.52000000000044,close,37.52000000000044,close,37.52000000000044,close
2007-11-16,2007,小跌-1~0,flat,,,,,,,,,,
2007-11-19,2007,小跌-1~0,flat,,,,,,,,,,
2007-11-20,2007,大跌<-2%,flat,,,,,,,,,,
2007-11-21,2007,跌-2~-1%,active,8680.86,-1.0,196.75,close,196.75,close,196.75,close,196.75,close
2007-11-22,2007,跌-2~-1%,active,8484.11,-1.0,-15.260000000000218,close,-63.630825,stop,-67.10999999999876,stop_gap,-68.10999999999876,stop_gap
2007-11-23,2007,跌-2~-1%,active,8499.37,-1.0,157.17000000000007,close,157.17000000000007,close,157.17000000000007,close,157.17000000000007,close
2007-11-26,2007,漲1~2%,active,8342.2,1.0,186.1299999999992,close,186.1299999999992,close,186.1299999999992,close,186.1299999999992,close
2007-11-27,2007,大跌<-2%,flat,,,,,,,,,,
2007-11-28,2007,大漲>=2%,active,8420.43,-1.0,144.17000000000007,close,144.17000000000007,close,144.17000000000007,close,144.17000000000007,close
2007-11-29,2007,大漲>=2%,active,8442.66,-1.0,-4.3700000000008,close,-4.3700000000008,close,-4.3700000000008,close,-4.3700000000008,close
2007-11-30,2007,小跌-1~0,flat,,,,,,,,,,
2007-12-03,2007,跌-2~-1%,active,8586.4,-1.0,2.5599999999994907,close,2.5599999999994907,close,2.5599999999994907,close,2.5599999999994907,close
2007-12-04,2007,小漲0~1%,active,8583.84,1.0,67.44000000000051,close,67.44000000000051,close,67.44000000000051,close,67.44000000000051,close
2007-12-05,2007,小跌-1~0,flat,,,,,,,,,,
2007-12-06,2007,大漲>=2%,active,8776.64,-1.0,82.22999999999956,close,82.22999999999956,close,82.22999999999956,close,82.22999999999956,close
2007-12-07,2007,漲1~2%,active,8694.41,1.0,27.969999999999345,close,27.969999999999345,close,27.969999999999345,close,27.969999999999345,close
2007-12-10,2007,小漲0~1%,active,8722.38,1.0,-124.34999999999854,close,-65.41784999999999,stop,-68.07999999999993,stop_gap,-69.07999999999993,stop_gap
2007-12-11,2007,小漲0~1%,active,8598.03,1.0,40.29999999999927,close,40.29999999999927,close,40.29999999999927,close,40.29999999999927,close
2007-12-12,2007,大跌<-2%,flat,,,,,,,,,,
2007-12-13,2007,小漲0~1%,active,8490.84,1.0,-302.8900000000003,close,-63.6813,stop,-64.35000000000036,stop_gap,-65.35000000000036,stop_gap
2007-12-14,2007,跌-2~-1%,active,8187.95,-1.0,69.86999999999989,close,69.86999999999989,close,69.86999999999989,close,69.86999999999989,close
2007-12-17,2007,跌-2~-1%,active,8118.08,-1.0,287.22999999999956,close,287.22999999999956,close,287.22999999999956,close,287.22999999999956,close
2007-12-18,2007,跌-2~-1%,active,7830.85,-1.0,23.460000000000036,close,-58.731375,stop,-59.50999999999931,stop_gap,-60.50999999999931,stop_gap
2007-12-19,2007,小漲0~1%,active,7807.39,1.0,206.92000000000007,close,206.92000000000007,close,206.92000000000007,close,206.92000000000007,close
2007-12-20,2007,小漲0~1%,active,8014.31,1.0,-157.23000000000047,close,-60.107325,stop,-62.220000000000255,stop_gap,-63.220000000000255,stop_gap
2007-12-21,2007,漲1~2%,active,7857.08,1.0,84.35999999999967,close,84.35999999999967,close,84.35999999999967,close,84.35999999999967,close
2007-12-24,2007,小漲0~1%,active,7941.44,1.0,194.03999999999996,close,194.03999999999996,close,194.03999999999996,close,194.03999999999996,close
2007-12-25,2007,小漲0~1%,active,8135.48,1.0,31.590000000000146,close,31.590000000000146,close,31.590000000000146,close,31.590000000000146,close
2007-12-26,2007,小漲0~1%,active,8167.07,1.0,-10.679999999999382,close,-61.253024999999994,stop,-61.779999999999745,stop_gap,-62.779999999999745,stop_gap
2007-12-27,2007,小漲0~1%,active,8156.39,1.0,157.32999999999902,close,157.32999999999902,close,157.32999999999902,close,157.32999999999902,close
2007-12-28,2007,跌-2~-1%,active,8313.72,-1.0,-83.23000000000138,close,-62.35289999999999,stop,-64.75,stop_gap,-65.75,stop_gap
2007-12-31,2007,小跌-1~0,flat,,,,,,,,,,
2008-01-02,2008,小跌-1~0,flat,,,,,,,,,,
2008-01-03,2008,大跌<-2%,flat,,,,,,,,,,
2008-01-04,2008,跌-2~-1%,active,8184.2,-1.0,-36.900000000000546,close,-61.381499999999996,stop,-62.98000000000047,stop_gap,-63.98000000000047,stop_gap
2008-01-07,2008,大跌<-2%,flat,,,,,,,,,,
2008-01-08,2008,小跌-1~0,flat,,,,,,,,,,
2008-01-09,2008,大跌<-2%,flat,,,,,,,,,,
2008-01-10,2008,小漲0~1%,active,8085.06,1.0,-27.789999999999964,close,-27.789999999999964,close,-27.789999999999964,close,-27.789999999999964,close
2008-01-11,2008,小跌-1~0,flat,,,,,,,,,,
2008-01-14,2008,大跌<-2%,flat,,,,,,,,,,
2008-01-15,2008,大漲>=2%,active,8540.2,-1.0,111.36000000000058,close,111.36000000000058,close,111.36000000000058,close,111.36000000000058,close
2008-01-16,2008,大跌<-2%,flat,,,,,,,,,,
2008-01-17,2008,小漲0~1%,active,8179.54,1.0,-77.90999999999985,close,-61.34655,stop,-66.97999999999956,stop_gap,-67.97999999999956,stop_gap
2008-01-18,2008,跌-2~-1%,active,8101.63,-1.0,-83.01999999999953,close,-60.762225,stop,-61.470000000000255,stop_gap,-62.470000000000255,stop_gap
2008-01-21,2008,大漲>=2%,active,8160.31,-1.0,50.11000000000058,close,50.11000000000058,close,50.11000000000058,close,50.11000000000058,close
2008-01-22,2008,大漲>=2%,active,7694.41,-1.0,112.44999999999982,close,112.44999999999982,close,112.44999999999982,close,112.44999999999982,close
2008-01-23,2008,大跌<-2%,flat,,,,,,,,,,
2008-01-24,2008,漲1~2%,active,7408.4,1.0,108.65000000000055,close,108.65000000000055,close,108.65000000000055,close,108.65000000000055,close
2008-01-25,2008,大漲>=2%,active,7708.93,-1.0,-30.659999999999854,close,-30.659999999999854,close,-30.659999999999854,close,-30.659999999999854,close
2008-01-28,2008,跌-2~-1%,active,7739.59,-1.0,253.80000000000018,close,253.80000000000018,close,253.80000000000018,close,253.80000000000018,close
2008-01-29,2008,漲1~2%,active,7485.79,1.0,90.63000000000011,close,90.63000000000011,close,90.63000000000011,close,90.63000000000011,close
2008-01-30,2008,小跌-1~0,flat,,,,,,,,,,
2008-01-31,2008,小漲0~1%,active,7543.5,1.0,-22.36999999999989,close,-56.576249999999995,stop,-58.13000000000011,stop_gap,-59.13000000000011,stop_gap
2008-02-01,2008,小漲0~1%,active,7521.13,1.0,152.85999999999967,close,152.85999999999967,close,152.85999999999967,close,152.85999999999967,close
2008-02-12,2008,漲1~2%,active,7673.99,1.0,-120.6899999999996,close,-57.554925,stop,-105.6899999999996,stop_gap,-106.6899999999996,stop_gap
2008-02-13,2008,小跌-1~0,flat,,,,,,,,,,
2008-02-14,2008,大漲>=2%,active,7765.06,-1.0,-100.21999999999935,close,-58.23795,stop,-60.07999999999993,stop_gap,-61.07999999999993,stop_gap
2008-02-15,2008,大跌<-2%,flat,,,,,,,,,,
2008-02-18,2008,跌-2~-1%,active,7876.37,-1.0,-14.529999999999745,close,-59.072775,stop,-65.42000000000007,stop_gap,-66.42000000000007,stop_gap
2008-02-19,2008,跌-2~-1%,active,7890.9,-1.0,-133.51000000000022,close,-59.181749999999994,stop,-94.57000000000062,stop_gap,-95.57000000000062,stop_gap
2008-02-20,2008,跌-2~-1%,active,8024.41,-1.0,129.9399999999996,close,129.9399999999996,close,129.9399999999996,close,129.9399999999996,close
2008-02-21,2008,大漲>=2%,active,8011.72,-1.0,-74.21000000000004,close,-60.0879,stop,-62.460000000000036,stop_gap,-63.460000000000036,stop_gap
2008-02-22,2008,小跌-1~0,flat,,,,,,,,,,
2008-02-25,2008,小漲0~1%,active,8108.71,1.0,177.59999999999945,close,177.59999999999945,close,177.59999999999945,close,177.59999999999945,close
2008-02-26,2008,漲1~2%,active,8286.31,1.0,21.360000000000582,close,21.360000000000582,close,21.360000000000582,close,21.360000000000582,close
2008-02-27,2008,漲1~2%,active,8307.67,1.0,154.40999999999985,close,154.40999999999985,close,154.40999999999985,close,154.40999999999985,close
2008-02-29,2008,大跌<-2%,flat,,,,,,,,,,
2008-03-03,2008,大跌<-2%,flat,,,,,,,,,,
2008-03-04,2008,小跌-1~0,flat,,,,,,,,,,
2008-03-05,2008,小漲0~1%,active,8470.11,1.0,13.840000000000146,close,13.840000000000146,close,13.840000000000146,close,13.840000000000146,close
2008-03-06,2008,漲1~2%,active,8483.95,1.0,174.6899999999987,close,174.6899999999987,close,174.6899999999987,close,174.6899999999987,close
2008-03-07,2008,大跌<-2%,flat,,,,,,,,,,
2008-03-10,2008,小漲0~1%,active,8531.38,1.0,-232.0099999999984,close,-63.98534999999999,stop,-71.10999999999876,stop_gap,-72.10999999999876,stop_gap
2008-03-11,2008,跌-2~-1%,active,8299.37,-1.0,-82.22999999999956,close,-62.24527500000001,stop,-65.90999999999985,stop_gap,-66.90999999999985,stop_gap
2008-03-12,2008,大漲>=2%,active,8541.99,-1.0,106.69000000000051,close,106.69000000000051,close,106.69000000000051,close,106.69000000000051,close
2008-03-13,2008,跌-2~-1%,active,8435.3,-1.0,224.3099999999995,close,224.3099999999995,close,224.3099999999995,close,224.3099999999995,close
2008-03-14,2008,漲1~2%,active,8210.99,1.0,-49.599999999999454,close,-61.58242499999999,stop,-63.469999999999345,stop_gap,-64.46999999999935,stop_gap
2008-03-17,2008,大跌<-2%,flat,,,,,,,,,,
2008-03-18,2008,小跌-1~0,flat,,,,,,,,,,
2008-03-19,2008,大漲>=2%,active,8196.95,-1.0,17.600000000000364,close,17.600000000000364,close,17.600000000000364,close,17.600000000000364,close
2008-03-20,2008,大跌<-2%,flat,,,,,,,,,,
2008-03-21,2008,漲1~2%,active,8337.62,1.0,187.36999999999898,close,187.36999999999898,close,187.36999999999898,close,187.36999999999898,close
2008-03-24,2008,漲1~2%,active,8524.99,1.0,340.3600000000006,close,340.3600000000006,close,340.3600000000006,close,340.3600000000006,close
2008-03-25,2008,大漲>=2%,active,8871.86,-1.0,76.77000000000044,close,76.77000000000044,close,76.77000000000044,close,76.77000000000044,close
2008-03-26,2008,小漲0~1%,active,8795.09,1.0,-27.06999999999971,close,-65.96317499999999,stop,-71.21999999999935,stop_gap,-72.21999999999935,stop_gap
2008-03-27,2008,跌-2~-1%,active,8768.02,-1.0,162.0699999999997,close,162.0699999999997,close,162.0699999999997,close,162.0699999999997,close
2008-03-28,2008,跌-2~-1%,active,8605.95,-1.0,-17.529999999998836,close,-17.529999999998836,close,-17.529999999998836,close,-17.529999999998836,close
2008-03-31,2008,跌-2~-1%,active,8623.48,-1.0,50.88999999999942,close,50.88999999999942,close,50.88999999999942,close,50.88999999999942,close
2008-04-01,2008,漲1~2%,active,8572.59,1.0,-152.8700000000008,close,-64.294425,stop,-65.51000000000022,stop_gap,-66.51000000000022,stop_gap
2008-04-02,2008,大漲>=2%,active,8543.64,-1.0,-61.68000000000029,close,-64.0773,stop,-64.85000000000036,stop_gap,-65.85000000000036,stop_gap
2008-04-03,2008,小漲0~1%,active,8605.32,1.0,-8.979999999999563,close,-8.979999999999563,close,-8.979999999999563,close,-8.979999999999563,close
2008-04-07,2008,小跌-1~0,flat,,,,,,,,,,
2008-04-08,2008,小漲0~1%,active,8729.79,1.0,-56.94000000000051,close,-56.94000000000051,close,-56.94000000000051,close,-56.94000000000051,close
2008-04-09,2008,大跌<-2%,flat,,,,,,,,,,
2008-04-10,2008,漲1~2%,active,8667.93,1.0,161.46999999999935,close,161.46999999999935,close,161.46999999999935,close,161.46999999999935,close
2008-04-11,2008,漲1~2%,active,8829.4,1.0,80.18000000000029,close,80.18000000000029,close,80.18000000000029,close,80.18000000000029,close
2008-04-14,2008,大跌<-2%,flat,,,,,,,,,,
2008-04-15,2008,跌-2~-1%,active,8892.68,-1.0,-32.100000000000364,close,-32.100000000000364,close,-32.100000000000364,close,-32.100000000000364,close
2008-04-16,2008,小跌-1~0,flat,,,,,,,,,,
2008-04-17,2008,大漲>=2%,active,9146.2,-1.0,55.77000000000044,close,55.77000000000044,close,55.77000000000044,close,55.77000000000044,close
2008-04-18,2008,小跌-1~0,flat,,,,,,,,,,
2008-04-21,2008,大漲>=2%,active,9110.37,-1.0,27.05000000000109,close,27.05000000000109,close,27.05000000000109,close,27.05000000000109,close
2008-04-22,2008,漲1~2%,active,9083.32,1.0,-46.06999999999971,close,-68.1249,stop,-70.27000000000044,stop_gap,-71.27000000000044,stop_gap
2008-04-23,2008,大跌<-2%,flat,,,,,,,,,,
2008-04-24,2008,大漲>=2%,active,9049.14,-1.0,58.80999999999949,close,58.80999999999949,close,58.80999999999949,close,58.80999999999949,close
2008-04-25,2008,漲1~2%,active,8990.33,1.0,-42.5,close,-42.5,close,-42.5,close,-42.5,close
2008-04-28,2008,小跌-1~0,flat,,,,,,,,,,
2008-04-29,2008,小跌-1~0,flat,,,,,,,,,,
2008-04-30,2008,小漲0~1%,active,8891.74,1.0,28.18000000000029,close,28.18000000000029,close,28.18000000000029,close,28.18000000000029,close
2008-05-02,2008,大漲>=2%,active,8990.84,-1.0,27.210000000000946,close,27.210000000000946,close,27.210000000000946,close,27.210000000000946,close
2008-05-05,2008,小跌-1~0,flat,,,,,,,,,,
2008-05-06,2008,小跌-1~0,flat,,,,,,,,,,
2008-05-07,2008,漲1~2%,active,8857.37,1.0,68.96999999999935,close,68.96999999999935,close,68.96999999999935,close,68.96999999999935,close
2008-05-08,2008,跌-2~-1%,active,8926.34,-1.0,59.719999999999345,close,59.719999999999345,close,59.719999999999345,close,59.719999999999345,close
2008-05-09,2008,小漲0~1%,active,8866.62,1.0,-74.23000000000138,close,-66.49965,stop,-74.23000000000138,stop_gap,-75.23000000000138,stop_gap
2008-05-12,2008,小跌-1~0,flat,,,,,,,,,,
2008-05-13,2008,漲1~2%,active,8830.05,1.0,159.48000000000138,close,159.48000000000138,close,159.48000000000138,close,159.48000000000138,close
2008-05-14,2008,漲1~2%,active,8989.53,1.0,28.889999999999418,close,28.889999999999418,close,28.889999999999418,close,28.889999999999418,close
2008-05-15,2008,漲1~2%,active,9018.42,1.0,138.76000000000022,close,138.76000000000022,close,138.76000000000022,close,138.76000000000022,close
2008-05-16,2008,大漲>=2%,active,9191.37,-1.0,-6.039999999999054,close,-6.039999999999054,close,-6.039999999999054,close,-6.039999999999054,close
2008-05-19,2008,小漲0~1%,active,9197.41,1.0,97.79000000000087,close,97.79000000000087,close,97.79000000000087,close,97.79000000000087,close
2008-05-20,2008,小跌-1~0,flat,,,,,,,,,,
2008-05-21,2008,大跌<-2%,flat,,,,,,,,,,
2008-05-22,2008,小跌-1~0,flat,,,,,,,,,,
2008-05-23,2008,小漲0~1%,active,9008.03,1.0,-173.3000000000011,close,-67.560225,stop,-67.98999999999978,stop_gap,-68.98999999999978,stop_gap
2008-05-26,2008,跌-2~-1%,active,8834.73,-1.0,126.89999999999964,close,126.89999999999964,close,126.89999999999964,close,126.89999999999964,close
2008-05-27,2008,跌-2~-1%,active,8707.83,-1.0,-70.55999999999949,close,-65.308725,stop,-71.51000000000022,stop_gap,-72.51000000000022,stop_gap
2008-05-28,2008,漲1~2%,active,8778.39,1.0,-112.65999999999985,close,-65.837925,stop,-67.60999999999876,stop_gap,-68.60999999999876,stop_gap
2008-05-29,2008,小漲0~1%,active,8665.73,1.0,19.19000000000051,close,19.19000000000051,close,19.19000000000051,close,19.19000000000051,close
2008-05-30,2008,小跌-1~0,flat,,,,,,,,,,
2008-06-02,2008,漲1~2%,active,8619.08,1.0,105.38999999999942,close,105.38999999999942,close,105.38999999999942,close,105.38999999999942,close
2008-06-03,2008,跌-2~-1%,active,8724.47,-1.0,145.03999999999905,close,145.03999999999905,close,145.03999999999905,close,145.03999999999905,close
2008-06-04,2008,小跌-1~0,flat,,,,,,,,,,
2008-06-05,2008,漲1~2%,active,8627.8,1.0,110.65999999999985,close,-64.70849999999999,stop,-67.34000000000015,stop_gap,-68.34000000000015,stop_gap
2008-06-06,2008,漲1~2%,active,8738.46,1.0,6.890000000001237,close,6.890000000001237,close,6.890000000001237,close,6.890000000001237,close
2008-06-09,2008,大跌<-2%,flat,,,,,,,,,,
2008-06-10,2008,小跌-1~0,flat,,,,,,,,,,
2008-06-11,2008,跌-2~-1%,active,8370.0,-1.0,24.409999999999854,close,24.409999999999854,close,24.409999999999854,close,24.409999999999854,close
2008-06-12,2008,大跌<-2%,flat,,,,,,,,,,
2008-06-13,2008,小漲0~1%,active,8062.31,1.0,43.279999999999745,close,43.279999999999745,close,43.279999999999745,close,43.279999999999745,close
2008-06-16,2008,大漲>=2%,active,8187.47,-1.0,17.699999999999818,close,17.699999999999818,close,17.699999999999818,close,17.699999999999818,close
2008-06-17,2008,漲1~2%,active,8169.77,1.0,32.02000000000044,close,-61.273275,stop,-64.08000000000084,stop_gap,-65.08000000000084,stop_gap
2008-06-18,2008,跌-2~-1%,active,8201.79,-1.0,-15.789999999999054,close,-15.789999999999054,close,-15.789999999999054,close,-15.789999999999054,close
2008-06-19,2008,大跌<-2%,flat,,,,,,,,,,
2008-06-20,2008,大漲>=2%,active,8007.27,-1.0,104.83000000000084,close,104.83000000000084,close,104.83000000000084,close,104.83000000000084,close
2008-06-23,2008,大跌<-2%,flat,,,,,,,,,,
2008-06-24,2008,跌-2~-1%,active,7876.49,-1.0,138.3699999999999,close,138.3699999999999,close,138.3699999999999,close,138.3699999999999,close
2008-06-25,2008,小漲0~1%,active,7738.12,1.0,116.94000000000051,close,-58.0359,stop,-59.039999999999964,stop_gap,-60.039999999999964,stop_gap
2008-06-26,2008,漲1~2%,active,7855.06,1.0,-43.26000000000022,close,-43.26000000000022,close,-43.26000000000022,close,-43.26000000000022,close
2008-06-27,2008,大跌<-2%,flat,,,,,,,,,,
2008-06-30,2008,小跌-1~0,flat,,,,,,,,,,
2008-07-01,2008,小跌-1~0,flat,,,,,,,,,,
2008-07-02,2008,小跌-1~0,flat,,,,,,,,,,
2008-07-03,2008,大跌<-2%,flat,,,,,,,,,,
2008-07-04,2008,小跌-1~0,flat,,,,,,,,,,
2008-07-07,2008,小跌-1~0,flat,,,,,,,,,,
2008-07-08,2008,小漲0~1%,active,7341.11,1.0,-289.2599999999993,close,-55.058324999999996,stop,-66.17000000000007,stop_gap,-67.17000000000007,stop_gap
2008-07-09,2008,小漲0~1%,active,7051.85,1.0,-3.600000000000364,close,-3.600000000000364,close,-3.600000000000364,close,-3.600000000000364,close
2008-07-10,2008,大跌<-2%,flat,,,,,,,,,,
2008-07-11,2008,漲1~2%,active,7075.65,1.0,169.11000000000058,close,169.11000000000058,close,169.11000000000058,close,169.11000000000058,close
2008-07-14,2008,小跌-1~0,flat,,,,,,,,,,
2008-07-15,2008,跌-2~-1%,active,7156.96,-1.0,322.72000000000025,close,322.72000000000025,close,322.72000000000025,close,322.72000000000025,close
2008-07-16,2008,漲1~2%,active,6834.24,1.0,-123.59999999999945,close,-51.2568,stop,-61.31999999999971,stop_gap,-62.31999999999971,stop_gap
2008-07-17,2008,大漲>=2%,active,6919.96,-1.0,-54.55000000000018,close,-51.899699999999996,stop,-52.92000000000007,stop_gap,-53.92000000000007,stop_gap
2008-07-18,2008,大漲>=2%,active,7033.73,-1.0,218.40999999999985,close,218.40999999999985,close,218.40999999999985,close,218.40999999999985,close
2008-07-21,2008,小跌-1~0,flat,,,,,,,,,,
2008-07-22,2008,跌-2~-1%,active,7085.67,-1.0,20.020000000000437,close,20.020000000000437,close,20.020000000000437,close,20.020000000000437,close
2008-07-23,2008,大跌<-2%,flat,,,,,,,,,,
2008-07-24,2008,漲1~2%,active,7309.83,1.0,58.25,close,58.25,close,58.25,close,58.25,close
2008-07-25,2008,大跌<-2%,flat,,,,,,,,,,
2008-07-29,2008,跌-2~-1%,active,7233.62,-1.0,219.14999999999964,close,219.14999999999964,close,219.14999999999964,close,219.14999999999964,close
2008-07-30,2008,大漲>=2%,active,7097.1,-1.0,26.75,close,26.75,close,26.75,close,26.75,close
2008-07-31,2008,小漲0~1%,active,7070.35,1.0,-46.289999999999964,close,-53.027625,stop,-53.340000000000146,stop_gap,-54.340000000000146,stop_gap
2008-08-01,2008,小跌-1~0,flat,,,,,,,,,,
2008-08-04,2008,小跌-1~0,flat,,,,,,,,,,
2008-08-05,2008,小漲0~1%,active,6977.36,1.0,-163.96000000000004,close,-52.3302,stop,-55.47999999999956,stop_gap,-56.47999999999956,stop_gap
2008-08-06,2008,大漲>=2%,active,6982.05,-1.0,-44.1899999999996,close,-44.1899999999996,close,-44.1899999999996,close,-44.1899999999996,close
2008-08-07,2008,漲1~2%,active,7026.24,1.0,-1.6599999999998545,close,-1.6599999999998545,close,-1.6599999999998545,close,-1.6599999999998545,close
2008-08-08,2008,漲1~2%,active,7024.58,1.0,184.46000000000004,close,184.46000000000004,close,184.46000000000004,close,184.46000000000004,close
2008-08-11,2008,大漲>=2%,active,7309.92,-1.0,-15.699999999999818,close,-15.699999999999818,close,-15.699999999999818,close,-15.699999999999818,close
2008-08-12,2008,漲1~2%,active,7325.62,1.0,-31.81999999999971,close,-54.94215,stop,-55.210000000000036,stop_gap,-56.210000000000036,stop_gap
2008-08-13,2008,小漲0~1%,active,7293.8,1.0,-1.4600000000000364,close,-54.7035,stop,-59.789999999999964,stop_gap,-60.789999999999964,stop_gap
2008-08-14,2008,小跌-1~0,flat,,,,,,,,,,
2008-08-15,2008,漲1~2%,active,7326.07,1.0,-129.5699999999997,close,-54.945524999999996,stop,-55.349999999999454,stop_gap,-56.349999999999454,stop_gap
2008-08-18,2008,小跌-1~0,flat,,,,,,,,,,
2008-08-19,2008,跌-2~-1%,active,7000.74,-1.0,22.139999999999418,close,22.139999999999418,close,22.139999999999418,close,22.139999999999418,close
2008-08-20,2008,大跌<-2%,flat,,,,,,,,,,
2008-08-21,2008,小漲0~1%,active,7040.9,1.0,-122.42000000000007,close,-52.806749999999994,stop,-54.06999999999971,stop_gap,-55.06999999999971,stop_gap
2008-08-22,2008,小跌-1~0,flat,,,,,,,,,,
2008-08-25,2008,漲1~2%,active,6911.64,1.0,119.07999999999993,close,119.07999999999993,close,119.07999999999993,close,119.07999999999993,close
2008-08-26,2008,跌-2~-1%,active,7030.72,-1.0,66.11999999999989,close,66.11999999999989,close,66.11999999999989,close,66.11999999999989,close
2008-08-27,2008,小跌-1~0,flat,,,,,,,,,,
2008-08-28,2008,小漲0~1%,active,7080.97,1.0,-47.600000000000364,close,-53.107275,stop,-55.67000000000007,stop_gap,-56.67000000000007,stop_gap
2008-08-29,2008,漲1~2%,active,7033.37,1.0,12.739999999999782,close,12.739999999999782,close,12.739999999999782,close,12.739999999999782,close
2008-09-01,2008,大跌<-2%,flat,,,,,,,,,,
2008-09-02,2008,大跌<-2%,flat,,,,,,,,,,
2008-09-03,2008,小跌-1~0,flat,,,,,,,,,,
2008-09-04,2008,大跌<-2%,flat,,,,,,,,,,
2008-09-05,2008,大跌<-2%,flat,,,,,,,,,,
2008-09-08,2008,大漲>=2%,active,6658.28,-1.0,-0.4099999999998545,close,-0.4099999999998545,close,-0.4099999999998545,close,-0.4099999999998545,close
2008-09-09,2008,小跌-1~0,flat,,,,,,,,,,
2008-09-10,2008,大跌<-2%,flat,,,,,,,,,,
2008-09-11,2008,小漲0~1%,active,6458.01,1.0,-206.0600000000004,close,-48.435075,stop,-62.909999999999854,stop_gap,-63.909999999999854,stop_gap
2008-09-12,2008,小漲0~1%,active,6251.95,1.0,58.73000000000047,close,-46.889624999999995,stop,-49.44999999999982,stop_gap,-50.44999999999982,stop_gap
2008-09-15,2008,小跌-1~0,flat,,,,,,,,,,
2008-09-16,2008,大跌<-2%,flat,,,,,,,,,,
2008-09-17,2008,漲1~2%,active,5756.59,1.0,44.279999999999745,close,44.279999999999745,close,44.279999999999745,close,44.279999999999745,close
2008-09-18,2008,跌-2~-1%,active,5800.87,-1.0,158.92000000000007,close,158.92000000000007,close,158.92000000000007,close,158.92000000000007,close
2008-09-19,2008,大漲>=2%,active,5977.08,-1.0,6.699999999999818,close,6.699999999999818,close,6.699999999999818,close,6.699999999999818,close
2008-09-22,2008,漲1~2%,active,5970.38,1.0,140.22000000000025,close,140.22000000000025,close,140.22000000000025,close,140.22000000000025,close
2008-09-23,2008,大跌<-2%,flat,,,,,,,,,,
2008-09-24,2008,跌-2~-1%,active,6182.21,-1.0,49.60999999999967,close,49.60999999999967,close,49.60999999999967,close,49.60999999999967,close
2008-09-25,2008,小漲0~1%,active,6132.6,1.0,-71.77000000000044,close,-45.9945,stop,-75.90000000000055,stop_gap,-76.90000000000055,stop_gap
2008-09-26,2008,漲1~2%,active,6060.83,1.0,-131.19999999999982,close,-45.456224999999996,stop,-54.529999999999745,stop_gap,-55.529999999999745,stop_gap
2008-09-30,2008,大跌<-2%,flat,,,,,,,,,,
2008-10-01,2008,大漲>=2%,active,5775.92,-1.0,11.909999999999854,close,11.909999999999854,close,11.909999999999854,close,11.909999999999854,close
2008-10-02,2008,跌-2~-1%,active,5764.01,-1.0,60.289999999999964,close,-43.230075,stop,-43.97999999999956,stop_gap,-44.97999999999956,stop_gap
2008-10-03,2008,大跌<-2%,flat,,,,,,,,,,
2008-10-06,2008,跌-2~-1%,active,5742.23,-1.0,236.52999999999975,close,236.52999999999975,close,236.52999999999975,close,236.52999999999975,close
2008-10-07,2008,大跌<-2%,flat,,,,,,,,,,
2008-10-08,2008,大跌<-2%,flat,,,,,,,,,,
2008-10-09,2008,小跌-1~0,flat,,,,,,,,,,
2008-10-13,2008,小跌-1~0,flat,,,,,,,,,,
2008-10-14,2008,大漲>=2%,active,5295.39,-1.0,3.8299999999999272,close,3.8299999999999272,close,3.8299999999999272,close,3.8299999999999272,close
2008-10-15,2008,大跌<-2%,flat,,,,,,,,,,
2008-10-16,2008,大跌<-2%,flat,,,,,,,,,,
2008-10-17,2008,大漲>=2%,active,4935.23,-1.0,-25.170000000000073,close,-37.014224999999996,stop,-38.11000000000058,stop_gap,-39.11000000000058,stop_gap
2008-10-20,2008,跌-2~-1%,active,4960.4,-1.0,28.55999999999949,close,28.55999999999949,close,28.55999999999949,close,28.55999999999949,close
2008-10-21,2008,大漲>=2%,active,5019.64,-1.0,76.92000000000007,close,76.92000000000007,close,76.92000000000007,close,76.92000000000007,close
2008-10-22,2008,大跌<-2%,flat,,,,,,,,,,
2008-10-23,2008,大跌<-2%,flat,,,,,,,,,,
2008-10-24,2008,跌-2~-1%,active,4730.51,-1.0,150.89000000000033,close,150.89000000000033,close,150.89000000000033,close,150.89000000000033,close
2008-10-27,2008,大跌<-2%,flat,,,,,,,,,,
2008-10-28,2008,小漲0~1%,active,4366.87,1.0,33.100000000000364,close,-32.751525,stop,-206.34000000000015,stop_gap,-207.34000000000015,stop_gap
2008-10-29,2008,大漲>=2%,active,4510.86,-1.0,104.33999999999924,close,104.33999999999924,close,104.33999999999924,close,104.33999999999924,close
2008-10-30,2008,大跌<-2%,flat,,,,,,,,,,
2008-10-31,2008,大漲>=2%,active,4715.76,-1.0,-154.89999999999964,close,-35.3682,stop,-36.26000000000022,stop_gap,-37.26000000000022,stop_gap
2008-11-03,2008,漲1~2%,active,4870.66,1.0,124.40000000000055,close,124.40000000000055,close,124.40000000000055,close,124.40000000000055,close
2008-11-04,2008,小跌-1~0,flat,,,,,,,,,,
2008-11-05,2008,大漲>=2%,active,5027.59,-1.0,49.32999999999993,close,-37.706925,stop,-40.340000000000146,stop_gap,-41.340000000000146,stop_gap
2008-11-06,2008,大跌<-2%,flat,,,,,,,,,,
2008-11-07,2008,大跌<-2%,flat,,,,,,,,,,
2008-11-10,2008,漲1~2%,active,4742.33,1.0,-2.0599999999994907,close,-35.567474999999995,stop,-44.840000000000146,stop_gap,-45.840000000000146,stop_gap
2008-11-11,2008,大跌<-2%,flat,,,,,,,,,,
2008-11-12,2008,跌-2~-1%,active,4638.57,-1.0,23.0,close,23.0,close,23.0,close,23.0,close
2008-11-13,2008,大跌<-2%,flat,,,,,,,,,,
2008-11-14,2008,大漲>=2%,active,4511.74,-1.0,59.039999999999964,close,59.039999999999964,close,59.039999999999964,close,59.039999999999964,close
2008-11-17,2008,大跌<-2%,flat,,,,,,,,,,
2008-11-18,2008,大跌<-2%,flat,,,,,,,,,,
2008-11-19,2008,跌-2~-1%,active,4305.18,-1.0,21.090000000000146,close,21.090000000000146,close,21.090000000000146,close,21.090000000000146,close
2008-11-20,2008,大跌<-2%,flat,,,,,,,,,,
2008-11-21,2008,大跌<-2%,flat,,,,,,,,,,
2008-11-24,2008,大漲>=2%,active,4095.36,-1.0,-65.17999999999984,close,-30.7152,stop,-31.45999999999958,stop_gap,-32.45999999999958,stop_gap
2008-11-25,2008,大漲>=2%,active,4277.58,-1.0,11.090000000000146,close,-32.081849999999996,stop,-37.210000000000036,stop_gap,-38.210000000000036,stop_gap
2008-11-26,2008,大跌<-2%,flat,,,,,,,,,,
2008-11-27,2008,大漲>=2%,active,4407.43,-1.0,-46.31999999999971,close,-33.055725,stop,-35.75,stop_gap,-36.75,stop_gap
2008-11-28,2008,大漲>=2%,active,4449.04,-1.0,-11.449999999999818,close,-11.449999999999818,close,-11.449999999999818,close,-11.449999999999818,close
2008-12-01,2008,跌-2~-1%,active,4460.49,-1.0,-57.94000000000051,close,-33.453675,stop,-37.090000000000146,stop_gap,-38.090000000000146,stop_gap
2008-12-02,2008,大跌<-2%,flat,,,,,,,,,,
2008-12-03,2008,小漲0~1%,active,4356.98,1.0,-49.719999999999345,close,-32.67735,stop,-35.659999999999854,stop_gap,-36.659999999999854,stop_gap
2008-12-04,2008,大漲>=2%,active,4331.62,-1.0,76.65999999999985,close,76.65999999999985,close,76.65999999999985,close,76.65999999999985,close
2008-12-05,2008,大跌<-2%,flat,,,,,,,,,,
2008-12-08,2008,大漲>=2%,active,4385.93,-1.0,-32.399999999999636,close,-32.894475,stop,-33.75,stop_gap,-34.75,stop_gap
2008-12-09,2008,漲1~2%,active,4418.33,1.0,54.32999999999993,close,54.32999999999993,close,54.32999999999993,close,54.32999999999993,close
2008-12-10,2008,大漲>=2%,active,4564.73,-1.0,-94.14000000000033,close,-34.235474999999994,stop,-38.48000000000047,stop_gap,-39.48000000000047,stop_gap
2008-12-11,2008,漲1~2%,active,4658.87,1.0,-3.300000000000182,close,-34.941525,stop,-38.80999999999949,stop_gap,-39.80999999999949,stop_gap
2008-12-12,2008,大跌<-2%,flat,,,,,,,,,,
2008-12-15,2008,大漲>=2%,active,4648.27,-1.0,34.55000000000018,close,34.55000000000018,close,34.55000000000018,close,34.55000000000018,close
2008-12-16,2008,跌-2~-1%,active,4613.72,-1.0,-3.1700000000000728,close,-3.1700000000000728,close,-3.1700000000000728,close,-3.1700000000000728,close
2008-12-17,2008,大漲>=2%,active,4691.88,-1.0,43.85999999999967,close,43.85999999999967,close,43.85999999999967,close,43.85999999999967,close
2008-12-18,2008,小跌-1~0,flat,,,,,,,,,,
2008-12-19,2008,大跌<-2%,flat,,,,,,,,,,
2008-12-22,2008,漲1~2%,active,4694.52,1.0,-158.98000000000047,close,-35.2089,stop,-36.63000000000011,stop_gap,-37.63000000000011,stop_gap
2008-12-23,2008,大跌<-2%,flat,,,,,,,,,,
2008-12-24,2008,大跌<-2%,flat,,,,,,,,,,
2008-12-25,2008,漲1~2%,active,4423.09,1.0,-9.640000000000327,close,-33.173175,stop,-35.0600000000004,stop_gap,-36.0600000000004,stop_gap
2008-12-26,2008,漲1~2%,active,4413.45,1.0,11.63000000000011,close,11.63000000000011,close,11.63000000000011,close,11.63000000000011,close
2008-12-29,2008,小跌-1~0,flat,,,,,,,,,,
2008-12-30,2008,小跌-1~0,flat,,,,,,,,,,
2008-12-31,2008,大漲>=2%,active,4604.29,-1.0,13.069999999999709,close,13.069999999999709,close,13.069999999999709,close,13.069999999999709,close
2009-01-05,2009,大漲>=2%,active,4749.72,-1.0,51.409999999999854,close,51.409999999999854,close,51.409999999999854,close,51.409999999999854,close
2009-01-06,2009,小漲0~1%,active,4698.31,1.0,28.949999999999818,close,28.949999999999818,close,28.949999999999818,close,28.949999999999818,close
2009-01-07,2009,大漲>=2%,active,4763.3,-1.0,-26.539999999999964,close,-26.539999999999964,close,-26.539999999999964,close,-26.539999999999964,close
2009-01-08,2009,大跌<-2%,flat,,,,,,,,,,
2009-01-09,2009,小跌-1~0,flat,,,,,,,,,,
2009-01-10,2009,大跌<-2%,flat,,,,,,,,,,
2009-01-12,2009,大跌<-2%,flat,,,,,,,,,,
2009-01-13,2009,大跌<-2%,flat,,,,,,,,,,
2009-01-14,2009,小漲0~1%,active,4532.36,1.0,-10.889999999999418,close,-10.889999999999418,close,-10.889999999999418,close,-10.889999999999418,close
2009-01-15,2009,大跌<-2%,flat,,,,,,,,,,
2009-01-16,2009,大漲>=2%,active,4364.9,-1.0,11.199999999999818,close,11.199999999999818,close,11.199999999999818,close,11.199999999999818,close
2009-01-17,2009,大漲>=2%,active,4363.11,-1.0,-2.990000000000691,close,-2.990000000000691,close,-2.990000000000691,close,-2.990000000000691,close
2009-01-19,2009,大漲>=2%,active,4388.13,-1.0,21.36999999999989,close,21.36999999999989,close,21.36999999999989,close,21.36999999999989,close
2009-01-20,2009,大漲>=2%,active,4268.99,-1.0,26.38000000000011,close,26.38000000000011,close,26.38000000000011,close,26.38000000000011,close
2009-01-21,2009,大跌<-2%,flat,,,,,,,,,,
2009-02-02,2009,跌-2~-1%,active,4247.97,-1.0,-12.009999999999309,close,-31.859775,stop,-33.30999999999949,stop_gap,-34.30999999999949,stop_gap
2009-02-03,2009,漲1~2%,active,4259.98,1.0,112.83000000000084,close,112.83000000000084,close,112.83000000000084,close,112.83000000000084,close
2009-02-04,2009,小漲0~1%,active,4372.81,1.0,17.159999999999854,close,17.159999999999854,close,17.159999999999854,close,17.159999999999854,close
2009-02-05,2009,小漲0~1%,active,4389.97,1.0,-26.720000000000255,close,-26.720000000000255,close,-26.720000000000255,close,-26.720000000000255,close
2009-02-06,2009,大漲>=2%,active,4485.45,-1.0,14.199999999999818,close,14.199999999999818,close,14.199999999999818,close,14.199999999999818,close
2009-02-09,2009,大漲>=2%,active,4543.44,-1.0,48.849999999999454,close,48.849999999999454,close,48.849999999999454,close,48.849999999999454,close
2009-02-10,2009,小跌-1~0,flat,,,,,,,,,,
2009-02-11,2009,大跌<-2%,flat,,,,,,,,,,
2009-02-12,2009,跌-2~-1%,active,4575.95,-1.0,109.52999999999975,close,109.52999999999975,close,109.52999999999975,close,109.52999999999975,close
2009-02-13,2009,漲1~2%,active,4466.42,1.0,126.07999999999993,close,126.07999999999993,close,126.07999999999993,close,126.07999999999993,close
2009-02-16,2009,漲1~2%,active,4592.5,1.0,-1.2399999999997817,close,-1.2399999999997817,close,-1.2399999999997817,close,-1.2399999999997817,close
2009-02-17,2009,漲1~2%,active,4591.26,1.0,-99.48000000000047,close,-34.43445,stop,-36.909999999999854,stop_gap,-37.909999999999854,stop_gap
2009-02-18,2009,大跌<-2%,flat,,,,,,,,,,
2009-02-19,2009,小漲0~1%,active,4498.37,1.0,30.5,close,-33.737775,stop,-45.19999999999982,stop_gap,-46.19999999999982,stop_gap
2009-02-20,2009,大跌<-2%,flat,,,,,,,,,,
2009-02-23,2009,小漲0~1%,active,4436.94,1.0,40.840000000000146,close,-33.277049999999996,stop,-38.1299999999992,stop_gap,-39.1299999999992,stop_gap
2009-02-24,2009,大跌<-2%,flat,,,,,,,,,,
2009-02-25,2009,大漲>=2%,active,4520.95,-1.0,27.210000000000036,close,27.210000000000036,close,27.210000000000036,close,27.210000000000036,close
2009-02-26,2009,大漲>=2%,active,4538.14,-1.0,19.579999999999927,close,19.579999999999927,close,19.579999999999927,close,19.579999999999927,close
2009-02-27,2009,跌-2~-1%,active,4518.56,-1.0,-38.589999999999236,close,-33.8892,stop,-35.1299999999992,stop_gap,-36.1299999999992,stop_gap
2009-03-02,2009,跌-2~-1%,active,4557.15,-1.0,131.3199999999997,close,131.3199999999997,close,131.3199999999997,close,131.3199999999997,close
2009-03-03,2009,大跌<-2%,flat,,,,,,,,,,
2009-03-04,2009,漲1~2%,active,4435.34,1.0,106.07999999999993,close,106.07999999999993,close,106.07999999999993,close,106.07999999999993,close
2009-03-05,2009,大漲>=2%,active,4626.05,-1.0,-11.149999999999636,close,-11.149999999999636,close,-11.149999999999636,close,-11.149999999999636,close
2009-03-06,2009,跌-2~-1%,active,4637.2,-1.0,-16.43000000000029,close,-16.43000000000029,close,-16.43000000000029,close,-16.43000000000029,close
2009-03-09,2009,跌-2~-1%,active,4653.63,-1.0,25.390000000000327,close,25.390000000000327,close,25.390000000000327,close,25.390000000000327,close
2009-03-10,2009,大跌<-2%,flat,,,,,,,,,,
2009-03-11,2009,大漲>=2%,active,4766.23,-1.0,6.269999999999527,close,6.269999999999527,close,6.269999999999527,close,6.269999999999527,close
2009-03-12,2009,大漲>=2%,active,4766.24,-1.0,11.590000000000146,close,11.590000000000146,close,11.590000000000146,close,11.590000000000146,close
2009-03-13,2009,大漲>=2%,active,4847.31,-1.0,-50.07999999999993,close,-36.354825,stop,-38.11999999999989,stop_gap,-39.11999999999989,stop_gap
2009-03-16,2009,漲1~2%,active,4897.39,1.0,73.92999999999938,close,73.92999999999938,close,73.92999999999938,close,73.92999999999938,close
2009-03-17,2009,大跌<-2%,flat,,,,,,,,,,
2009-03-18,2009,大漲>=2%,active,5054.74,-1.0,7.199999999999818,close,7.199999999999818,close,7.199999999999818,close,7.199999999999818,close
2009-03-19,2009,大漲>=2%,active,5098.93,-1.0,63.0,close,63.0,close,63.0,close,63.0,close
2009-03-20,2009,小跌-1~0,flat,,,,,,,,,,
2009-03-23,2009,大跌<-2%,flat,,,,,,,,,,
2009-03-24,2009,大漲>=2%,active,5230.83,-1.0,-11.350000000000364,close,-11.350000000000364,close,-11.350000000000364,close,-11.350000000000364,close
2009-03-25,2009,跌-2~-1%,active,5242.18,-1.0,-104.19999999999982,close,-39.31635,stop,-39.35999999999967,stop_gap,-40.35999999999967,stop_gap
2009-03-26,2009,小漲0~1%,active,5346.38,1.0,40.18000000000029,close,40.18000000000029,close,40.18000000000029,close,40.18000000000029,close
2009-03-27,2009,大漲>=2%,active,5425.76,-1.0,35.0600000000004,close,35.0600000000004,close,35.0600000000004,close,35.0600000000004,close
2009-03-30,2009,跌-2~-1%,active,5390.7,-1.0,184.64999999999964,close,184.64999999999964,close,184.64999999999964,close,184.64999999999964,close
2009-03-31,2009,大跌<-2%,flat,,,,,,,,,,
2009-04-01,2009,小漲0~1%,active,5210.84,1.0,103.60999999999967,close,103.60999999999967,close,103.60999999999967,close,103.60999999999967,close
2009-04-02,2009,漲1~2%,active,5314.45,1.0,159.32999999999993,close,159.32999999999993,close,159.32999999999993,close,159.32999999999993,close
2009-04-03,2009,大漲>=2%,active,5524.36,-1.0,-5.270000000000437,close,-41.4327,stop,-42.789999999999964,stop_gap,-43.789999999999964,stop_gap
2009-04-06,2009,大漲>=2%,active,5574.11,-1.0,17.889999999999418,close,-41.805825,stop,-42.590000000000146,stop_gap,-43.590000000000146,stop_gap
2009-04-07,2009,大跌<-2%,flat,,,,,,,,,,
2009-04-08,2009,大跌<-2%,flat,,,,,,,,,,
2009-04-09,2009,大漲>=2%,active,5559.52,-1.0,-108.27999999999975,close,-41.696400000000004,stop,-42.779999999999745,stop_gap,-43.779999999999745,stop_gap
2009-04-10,2009,大漲>=2%,active,5722.38,-1.0,-59.57999999999993,close,-42.91785,stop,-46.73999999999978,stop_gap,-47.73999999999978,stop_gap
2009-04-13,2009,大漲>=2%,active,5830.99,-1.0,-26.650000000000546,close,-26.650000000000546,close,-26.650000000000546,close,-26.650000000000546,close
2009-04-14,2009,跌-2~-1%,active,5857.64,-1.0,-35.039999999999964,close,-35.039999999999964,close,-35.039999999999964,close,-35.039999999999964,close
2009-04-15,2009,小跌-1~0,flat,,,,,,,,,,
2009-04-16,2009,跌-2~-1%,active,5875.19,-1.0,-121.98000000000047,close,-44.063925,stop,-134.48000000000047,stop_gap,-135.48000000000047,stop_gap
2009-04-17,2009,大漲>=2%,active,6056.71,-1.0,301.3299999999999,close,301.3299999999999,close,301.3299999999999,close,301.3299999999999,close
2009-04-20,2009,小漲0~1%,active,5755.38,1.0,26.279999999999745,close,-43.16535,stop,-49.92000000000007,stop_gap,-50.92000000000007,stop_gap
2009-04-21,2009,大跌<-2%,flat,,,,,,,,,,
2009-04-22,2009,小漲0~1%,active,5881.41,1.0,4.699999999999818,close,4.699999999999818,close,4.699999999999818,close,4.699999999999818,close
2009-04-23,2009,大漲>=2%,active,5853.64,-1.0,-21.599999999999454,close,-43.902300000000004,stop,-46.42000000000007,stop_gap,-47.42000000000007,stop_gap
2009-04-24,2009,小跌-1~0,flat,,,,,,,,,,
2009-04-27,2009,漲1~2%,active,5880.77,1.0,-175.72000000000025,close,-44.105775,stop,-48.54000000000087,stop_gap,-49.54000000000087,stop_gap
2009-04-28,2009,跌-2~-1%,active,5705.05,-1.0,108.32000000000062,close,-42.787875,stop,-57.22999999999956,stop_gap,-58.22999999999956,stop_gap
2009-04-29,2009,跌-2~-1%,active,5596.73,-1.0,-17.330000000000837,close,-41.975474999999996,stop,-47.05000000000018,stop_gap,-48.05000000000018,stop_gap
2009-04-30,2009,大漲>=2%,active,5980.41,-1.0,-12.159999999999854,close,-12.159999999999854,close,-12.159999999999854,close,-12.159999999999854,close
2009-05-04,2009,小跌-1~0,flat,,,,,,,,,,
2009-05-05,2009,大漲>=2%,active,6370.97,-1.0,-8.969999999999345,close,-47.782275,stop,-52.4399999999996,stop_gap,-53.4399999999996,stop_gap
2009-05-06,2009,跌-2~-1%,active,6379.94,-1.0,-186.76000000000022,close,-47.849549999999994,stop,-49.289999999999964,stop_gap,-50.289999999999964,stop_gap
2009-05-07,2009,小漲0~1%,active,6566.7,1.0,6.170000000000073,close,-49.250249999999994,stop,-54.60999999999967,stop_gap,-55.60999999999967,stop_gap
2009-05-08,2009,大跌<-2%,flat,,,,,,,,,,
2009-05-11,2009,跌-2~-1%,active,6583.87,-1.0,-63.63000000000011,close,-49.379025,stop,-53.36999999999989,stop_gap,-54.36999999999989,stop_gap
2009-05-12,2009,小跌-1~0,flat,,,,,,,,,,
2009-05-13,2009,大跌<-2%,flat,,,,,,,,,,
2009-05-14,2009,大跌<-2%,flat,,,,,,,,,,
2009-05-15,2009,大漲>=2%,active,6474.69,-1.0,-14.400000000000546,close,-14.400000000000546,close,-14.400000000000546,close,-14.400000000000546,close
2009-05-18,2009,小跌-1~0,flat,,,,,,,,,,
2009-05-19,2009,大漲>=2%,active,6723.47,-1.0,67.88000000000011,close,67.88000000000011,close,67.88000000000011,close,67.88000000000011,close
2009-05-20,2009,大漲>=2%,active,6621.85,-1.0,-81.76999999999953,close,-49.663875000000004,stop,-52.55999999999949,stop_gap,-53.55999999999949,stop_gap
2009-05-21,2009,小漲0~1%,active,6703.62,1.0,15.19000000000051,close,-50.27715,stop,-53.289999999999964,stop_gap,-54.289999999999964,stop_gap
2009-05-22,2009,大跌<-2%,flat,,,,,,,,,,
2009-05-25,2009,小漲0~1%,active,6737.29,1.0,-2.8299999999999272,close,-2.8299999999999272,close,-2.8299999999999272,close,-2.8299999999999272,close
2009-05-26,2009,小漲0~1%,active,6734.46,1.0,-51.350000000000364,close,-50.508449999999996,stop,-51.5600000000004,stop_gap,-52.5600000000004,stop_gap
2009-05-27,2009,大漲>=2%,active,6807.77,-1.0,-82.66999999999916,close,-51.058275,stop,-51.349999999999454,stop_gap,-52.349999999999454,stop_gap
2009-06-01,2009,小漲0~1%,active,6890.44,1.0,63.660000000000764,close,63.660000000000764,close,63.660000000000764,close,63.660000000000764,close
2009-06-02,2009,大漲>=2%,active,7037.28,-1.0,88.19999999999982,close,88.19999999999982,close,88.19999999999982,close,88.19999999999982,close
2009-06-03,2009,大跌<-2%,flat,,,,,,,,,,
2009-06-04,2009,大跌<-2%,flat,,,,,,,,,,
2009-06-05,2009,大漲>=2%,active,6795.32,-1.0,28.219999999999345,close,28.219999999999345,close,28.219999999999345,close,28.219999999999345,close
2009-06-06,2009,跌-2~-1%,active,6767.1,-1.0,-89.63999999999942,close,-50.75325,stop,-52.23999999999978,stop_gap,-53.23999999999978,stop_gap
2009-06-08,2009,跌-2~-1%,active,6856.74,-1.0,228.71999999999935,close,228.71999999999935,close,228.71999999999935,close,228.71999999999935,close
2009-06-09,2009,小跌-1~0,flat,,,,,,,,,,
2009-06-10,2009,大漲>=2%,active,6460.18,-1.0,-2.0900000000001455,close,-48.45135,stop,-50.340000000000146,stop_gap,-51.340000000000146,stop_gap
2009-06-11,2009,小漲0~1%,active,6462.27,1.0,105.09999999999945,close,-48.467025,stop,-51.19000000000051,stop_gap,-52.19000000000051,stop_gap
2009-06-12,2009,跌-2~-1%,active,6567.37,-1.0,119.14000000000033,close,119.14000000000033,close,119.14000000000033,close,119.14000000000033,close
2009-06-15,2009,跌-2~-1%,active,6448.23,-1.0,222.66999999999916,close,222.66999999999916,close,222.66999999999916,close,222.66999999999916,close
2009-06-16,2009,跌-2~-1%,active,6225.56,-1.0,4.75,close,4.75,close,4.75,close,4.75,close
2009-06-17,2009,大跌<-2%,flat,,,,,,,,,,
2009-06-18,2009,小漲0~1%,active,6195.91,1.0,-51.38000000000011,close,-46.469325,stop,-49.970000000000255,stop_gap,-50.970000000000255,stop_gap
2009-06-19,2009,跌-2~-1%,active,6144.53,-1.0,-86.61999999999989,close,-46.083974999999995,stop,-46.88000000000011,stop_gap,-47.88000000000011,stop_gap
2009-06-22,2009,漲1~2%,active,6231.15,1.0,110.0600000000004,close,110.0600000000004,close,110.0600000000004,close,110.0600000000004,close
2009-06-23,2009,大跌<-2%,flat,,,,,,,,,,
2009-06-24,2009,小跌-1~0,flat,,,,,,,,,,
2009-06-25,2009,漲1~2%,active,6380.08,1.0,77.52999999999975,close,77.52999999999975,close,77.52999999999975,close,77.52999999999975,close
2009-06-26,2009,大漲>=2%,active,6488.45,-1.0,24.889999999999418,close,24.889999999999418,close,24.889999999999418,close,24.889999999999418,close
2009-06-29,2009,小跌-1~0,flat,,,,,,,,,,
2009-06-30,2009,小跌-1~0,flat,,,,,,,,,,
2009-07-01,2009,小漲0~1%,active,6432.16,1.0,146.8100000000004,close,146.8100000000004,close,146.8100000000004,close,146.8100000000004,close
2009-07-02,2009,漲1~2%,active,6578.97,1.0,88.55999999999949,close,88.55999999999949,close,88.55999999999949,close,88.55999999999949,close
2009-07-03,2009,跌-2~-1%,active,6667.53,-1.0,2.130000000000109,close,2.130000000000109,close,2.130000000000109,close,2.130000000000109,close
2009-07-06,2009,跌-2~-1%,active,6665.4,-1.0,15.489999999999782,close,15.489999999999782,close,15.489999999999782,close,15.489999999999782,close
2009-07-07,2009,跌-2~-1%,active,6649.91,-1.0,-65.3100000000004,close,-49.874325,stop,-51.23000000000047,stop_gap,-52.23000000000047,stop_gap
2009-07-08,2009,大跌<-2%,flat,,,,,,,,,,
2009-07-09,2009,小跌-1~0,flat,,,,,,,,,,
2009-07-10,2009,大漲>=2%,active,6782.06,-1.0,12.200000000000728,close,12.200000000000728,close,12.200000000000728,close,12.200000000000728,close
2009-07-13,2009,小漲0~1%,active,6769.86,1.0,-239.03999999999996,close,-50.77394999999999,stop,-53.54999999999927,stop_gap,-54.54999999999927,stop_gap
2009-07-14,2009,大漲>=2%,active,6607.97,-1.0,-31.4399999999996,close,-31.4399999999996,close,-31.4399999999996,close,-31.4399999999996,close
2009-07-15,2009,漲1~2%,active,6639.41,1.0,99.19000000000051,close,99.19000000000051,close,99.19000000000051,close,99.19000000000051,close
2009-07-16,2009,大漲>=2%,active,6861.5,-1.0,81.19999999999982,close,81.19999999999982,close,81.19999999999982,close,81.19999999999982,close
2009-07-17,2009,漲1~2%,active,6780.3,1.0,70.6899999999996,close,70.6899999999996,close,70.6899999999996,close,70.6899999999996,close
2009-07-20,2009,漲1~2%,active,6850.99,1.0,87.86999999999989,close,87.86999999999989,close,87.86999999999989,close,87.86999999999989,close
2009-07-21,2009,漲1~2%,active,6938.86,1.0,14.480000000000473,close,14.480000000000473,close,14.480000000000473,close,14.480000000000473,close
2009-07-22,2009,小跌-1~0,flat,,,,,,,,,,
2009-07-23,2009,大漲>=2%,active,6997.32,-1.0,16.4399999999996,close,16.4399999999996,close,16.4399999999996,close,16.4399999999996,close
2009-07-24,2009,小漲0~1%,active,6980.88,1.0,-7.600000000000364,close,-7.600000000000364,close,-7.600000000000364,close,-7.600000000000364,close
2009-07-27,2009,跌-2~-1%,active,6973.28,-1.0,-55.150000000000546,close,-52.2996,stop,-54.02000000000044,stop_gap,-55.02000000000044,stop_gap
2009-07-28,2009,小漲0~1%,active,7028.43,1.0,114.19999999999982,close,114.19999999999982,close,114.19999999999982,close,114.19999999999982,close
2009-07-29,2009,小漲0~1%,active,7142.63,1.0,-59.0,close,-53.569725,stop,-58.460000000000036,stop_gap,-59.460000000000036,stop_gap
2009-07-30,2009,小跌-1~0,flat,,,,,,,,,,
2009-07-31,2009,小漲0~1%,active,7027.11,1.0,50.600000000000364,close,50.600000000000364,close,50.600000000000364,close,50.600000000000364,close
2009-08-03,2009,小漲0~1%,active,7077.71,1.0,-21.0,close,-53.082825,stop,-62.0,stop_gap,-63.0,stop_gap
2009-08-04,2009,漲1~2%,active,7056.71,1.0,-100.84000000000015,close,-52.925325,stop,-54.840000000000146,stop_gap,-55.840000000000146,stop_gap
2009-08-05,2009,小漲0~1%,active,6955.87,1.0,-107.63000000000011,close,-52.169025,stop,-55.51999999999953,stop_gap,-56.51999999999953,stop_gap
2009-08-06,2009,跌-2~-1%,active,6848.24,-1.0,-20.409999999999854,close,-20.409999999999854,close,-20.409999999999854,close,-20.409999999999854,close
2009-08-10,2009,小跌-1~0,flat,,,,,,,,,,
2009-08-11,2009,跌-2~-1%,active,6882.87,-1.0,-26.150000000000546,close,-26.150000000000546,close,-26.150000000000546,close,-26.150000000000546,close
2009-08-12,2009,跌-2~-1%,active,6909.02,-1.0,10.1200000000008,close,10.1200000000008,close,10.1200000000008,close,10.1200000000008,close
2009-08-13,2009,漲1~2%,active,6898.9,1.0,136.0600000000004,close,136.0600000000004,close,136.0600000000004,close,136.0600000000004,close
2009-08-14,2009,大漲>=2%,active,7105.5,-1.0,35.98999999999978,close,35.98999999999978,close,35.98999999999978,close,35.98999999999978,close
2009-08-17,2009,大跌<-2%,flat,,,,,,,,,,
2009-08-18,2009,大跌<-2%,flat,,,,,,,,,,
2009-08-19,2009,大漲>=2%,active,6803.53,-1.0,14.949999999999818,close,14.949999999999818,close,14.949999999999818,close,14.949999999999818,close
2009-08-20,2009,小漲0~1%,active,6788.58,1.0,-55.350000000000364,close,-50.91435,stop,-63.720000000000255,stop_gap,-64.72000000000025,stop_gap
2009-08-21,2009,漲1~2%,active,6733.23,1.0,-78.42999999999938,close,-50.499224999999996,stop,-55.599999999999454,stop_gap,-56.599999999999454,stop_gap
2009-08-24,2009,漲1~2%,active,6654.8,1.0,183.44999999999982,close,183.44999999999982,close,183.44999999999982,close,183.44999999999982,close
2009-08-25,2009,小跌-1~0,flat,,,,,,,,,,
2009-08-26,2009,小漲0~1%,active,6809.41,1.0,-90.19999999999982,close,-51.070575,stop,-53.849999999999454,stop_gap,-54.849999999999454,stop_gap
2009-08-27,2009,小漲0~1%,active,6719.21,1.0,-28.460000000000036,close,-50.394075,stop,-54.5600000000004,stop_gap,-55.5600000000004,stop_gap
2009-08-28,2009,小漲0~1%,active,6690.75,1.0,119.10999999999967,close,119.10999999999967,close,119.10999999999967,close,119.10999999999967,close
2009-08-31,2009,大漲>=2%,active,6802.22,-1.0,-23.729999999999563,close,-23.729999999999563,close,-23.729999999999563,close,-23.729999999999563,close
2009-09-01,2009,跌-2~-1%,active,6825.95,-1.0,-193.80000000000018,close,-51.194624999999995,stop,-51.789999999999964,stop_gap,-52.789999999999964,stop_gap
2009-09-02,2009,大跌<-2%,flat,,,,,,,,,,
2009-09-03,2009,小跌-1~0,flat,,,,,,,,,,
2009-09-04,2009,漲1~2%,active,7104.65,1.0,48.48000000000047,close,48.48000000000047,close,48.48000000000047,close,48.48000000000047,close
2009-09-07,2009,大漲>=2%,active,7228.89,-1.0,4.300000000000182,close,4.300000000000182,close,4.300000000000182,close,4.300000000000182,close
2009-09-08,2009,大漲>=2%,active,7255.26,-1.0,-58.72999999999956,close,-54.41445,stop,-59.4399999999996,stop_gap,-60.4399999999996,stop_gap
2009-09-09,2009,大漲>=2%,active,7298.43,-1.0,47.710000000000036,close,47.710000000000036,close,47.710000000000036,close,47.710000000000036,close
2009-09-10,2009,漲1~2%,active,7250.72,1.0,81.35999999999967,close,81.35999999999967,close,81.35999999999967,close,81.35999999999967,close
2009-09-11,2009,漲1~2%,active,7332.08,1.0,5.0600000000004,close,5.0600000000004,close,5.0600000000004,close,5.0600000000004,close
2009-09-14,2009,跌-2~-1%,active,7337.14,-1.0,80.19000000000051,close,80.19000000000051,close,80.19000000000051,close,80.19000000000051,close
2009-09-15,2009,小漲0~1%,active,7256.95,1.0,89.3100000000004,close,89.3100000000004,close,89.3100000000004,close,89.3100000000004,close
2009-09-16,2009,小漲0~1%,active,7346.26,1.0,93.97999999999956,close,93.97999999999956,close,93.97999999999956,close,93.97999999999956,close
2009-09-17,2009,小漲0~1%,active,7440.24,1.0,37.0600000000004,close,37.0600000000004,close,37.0600000000004,close,37.0600000000004,close
2009-09-18,2009,跌-2~-1%,active,7477.3,-1.0,-49.25,close,-49.25,close,-49.25,close,-49.25,close
2009-09-21,2009,漲1~2%,active,7526.55,1.0,-24.090000000000146,close,-56.449125,stop,-87.52000000000044,stop_gap,-88.52000000000044,stop_gap
2009-09-22,2009,小跌-1~0,flat,,,,,,,,,,
2009-09-23,2009,小漲0~1%,active,7469.03,1.0,-92.26999999999953,close,-56.017725,stop,-62.80999999999949,stop_gap,-63.80999999999949,stop_gap
2009-09-24,2009,小漲0~1%,active,7376.76,1.0,-52.539999999999964,close,-55.3257,stop,-58.63000000000011,stop_gap,-59.63000000000011,stop_gap
2009-09-25,2009,大跌<-2%,flat,,,,,,,,,,
2009-09-28,2009,小跌-1~0,flat,,,,,,,,,,
2009-09-29,2009,大漲>=2%,active,7390.92,-1.0,-39.05999999999949,close,-39.05999999999949,close,-39.05999999999949,close,-39.05999999999949,close
2009-09-30,2009,跌-2~-1%,active,7429.98,-1.0,-79.19000000000051,close,-55.724849999999996,stop,-56.45000000000073,stop_gap,-57.45000000000073,stop_gap
2009-10-01,2009,小漲0~1%,active,7509.17,1.0,36.11999999999989,close,36.11999999999989,close,36.11999999999989,close,36.11999999999989,close
2009-10-02,2009,大跌<-2%,flat,,,,,,,,,,
2009-10-05,2009,跌-2~-1%,active,7411.88,-1.0,-26.099999999999454,close,-26.099999999999454,close,-26.099999999999454,close,-26.099999999999454,close
2009-10-06,2009,大漲>=2%,active,7512.98,-1.0,-23.07000000000062,close,-23.07000000000062,close,-23.07000000000062,close,-23.07000000000062,close
2009-10-07,2009,大漲>=2%,active,7587.08,-1.0,-21.579999999999927,close,-21.579999999999927,close,-21.579999999999927,close,-21.579999999999927,close
2009-10-08,2009,小跌-1~0,flat,,,,,,,,,,
2009-10-09,2009,小跌-1~0,flat,,,,,,,,,,
2009-10-12,2009,大漲>=2%,active,7582.28,-1.0,-17.600000000000364,close,-17.600000000000364,close,-17.600000000000364,close,-17.600000000000364,close
2009-10-13,2009,漲1~2%,active,7599.88,1.0,-3.2799999999997453,close,-56.9991,stop,-115.42000000000007,stop_gap,-116.42000000000007,stop_gap
2009-10-14,2009,小跌-1~0,flat,,,,,,,,,,
2009-10-15,2009,漲1~2%,active,7695.75,1.0,14.649999999999636,close,14.649999999999636,close,14.649999999999636,close,14.649999999999636,close
2009-10-16,2009,跌-2~-1%,active,7710.4,-1.0,-4.700000000000728,close,-4.700000000000728,close,-4.700000000000728,close,-4.700000000000728,close
2009-10-19,2009,大跌<-2%,flat,,,,,,,,,,
2009-10-20,2009,漲1~2%,active,7751.32,1.0,2.2000000000007276,close,2.2000000000007276,close,2.2000000000007276,close,2.2000000000007276,close
2009-10-21,2009,小跌-1~0,flat,,,,,,,,,,
2009-10-22,2009,跌-2~-1%,active,7701.5,-1.0,93.56999999999971,close,93.56999999999971,close,93.56999999999971,close,93.56999999999971,close
2009-10-23,2009,漲1~2%,active,7607.93,1.0,41.349999999999454,close,41.349999999999454,close,41.349999999999454,close,41.349999999999454,close
2009-10-26,2009,大跌<-2%,flat,,,,,,,,,,
2009-10-27,2009,小漲0~1%,active,7668.4,1.0,-11.05999999999949,close,-57.513,stop,-62.8799999999992,stop_gap,-63.8799999999992,stop_gap
2009-10-28,2009,大跌<-2%,flat,,,,,,,,,,
2009-10-29,2009,大跌<-2%,flat,,,,,,,,,,
2009-10-30,2009,大漲>=2%,active,7390.22,-1.0,50.14000000000033,close,50.14000000000033,close,50.14000000000033,close,50.14000000000033,close
2009-11-02,2009,大跌<-2%,flat,,,,,,,,,,
2009-11-03,2009,小漲0~1%,active,7335.18,1.0,-12.25,close,-12.25,close,-12.25,close,-12.25,close
2009-11-04,2009,跌-2~-1%,active,7322.93,-1.0,-144.10999999999967,close,-54.921975,stop,-57.80999999999949,stop_gap,-58.80999999999949,stop_gap
2009-11-05,2009,小漲0~1%,active,7467.04,1.0,-49.57999999999993,close,-49.57999999999993,close,-49.57999999999993,close,-49.57999999999993,close
2009-11-06,2009,大漲>=2%,active,7497.7,-1.0,34.649999999999636,close,34.649999999999636,close,34.649999999999636,close,34.649999999999636,close
2009-11-09,2009,小跌-1~0,flat,,,,,,,,,,
2009-11-10,2009,大漲>=2%,active,7592.31,-1.0,-1.1799999999993815,close,-1.1799999999993815,close,-1.1799999999993815,close,-1.1799999999993815,close
2009-11-11,2009,小漲0~1%,active,7593.49,1.0,74.57000000000062,close,74.57000000000062,close,74.57000000000062,close,74.57000000000062,close
2009-11-12,2009,漲1~2%,active,7668.06,1.0,2.869999999999891,close,2.869999999999891,close,2.869999999999891,close,2.869999999999891,close
2009-11-13,2009,小跌-1~0,flat,,,,,,,,,,
2009-11-16,2009,漲1~2%,active,7665.63,1.0,127.05000000000018,close,127.05000000000018,close,127.05000000000018,close,127.05000000000018,close
2009-11-17,2009,漲1~2%,active,7792.68,1.0,-59.470000000000255,close,-58.4451,stop,-59.470000000000255,stop_gap,-60.470000000000255,stop_gap
2009-11-18,2009,小漲0~1%,active,7733.21,1.0,33.47999999999956,close,33.47999999999956,close,33.47999999999956,close,33.47999999999956,close
2009-11-19,2009,小跌-1~0,flat,,,,,,,,,,
2009-11-20,2009,大跌<-2%,flat,,,,,,,,,,
2009-11-23,2009,小跌-1~0,flat,,,,,,,,,,
2009-11-24,2009,漲1~2%,active,7687.15,1.0,27.410000000000764,close,27.410000000000764,close,27.410000000000764,close,27.410000000000764,close
2009-11-25,2009,小漲0~1%,active,7714.56,1.0,41.75,close,41.75,close,41.75,close,41.75,close
2009-11-26,2009,小漲0~1%,active,7756.31,1.0,-17.150000000000546,close,-17.150000000000546,close,-17.150000000000546,close,-17.150000000000546,close
2009-11-27,2009,小漲0~1%,active,7739.16,1.0,-248.25,close,-58.043699999999994,stop,-124.75,stop_gap,-125.75,stop_gap
2009-11-30,2009,跌-2~-1%,active,7490.91,-1.0,-91.30000000000018,close,-56.181824999999996,stop,-91.77999999999975,stop_gap,-92.77999999999975,stop_gap
2009-12-01,2009,小漲0~1%,active,7582.21,1.0,67.01999999999953,close,67.01999999999953,close,67.01999999999953,close,67.01999999999953,close
2009-12-02,2009,大漲>=2%,active,7705.97,-1.0,28.350000000000364,close,28.350000000000364,close,28.350000000000364,close,28.350000000000364,close
2009-12-03,2009,漲1~2%,active,7677.62,1.0,7.050000000000182,close,7.050000000000182,close,7.050000000000182,close,7.050000000000182,close
2009-12-04,2009,漲1~2%,active,7684.67,1.0,-33.76000000000022,close,-33.76000000000022,close,-33.76000000000022,close,-33.76000000000022,close
2009-12-07,2009,大漲>=2%,active,7723.43,-1.0,-52.210000000000036,close,-57.925725,stop,-59.76999999999953,stop_gap,-60.76999999999953,stop_gap
2009-12-08,2009,小漲0~1%,active,7775.64,1.0,-6.930000000000291,close,-6.930000000000291,close,-6.930000000000291,close,-6.930000000000291,close
2009-12-09,2009,小漲0~1%,active,7768.71,1.0,28.710000000000036,close,28.710000000000036,close,28.710000000000036,close,28.710000000000036,close
2009-12-10,2009,小漲0~1%,active,7797.42,1.0,-119.51000000000022,close,-58.48065,stop,-61.35999999999967,stop_gap,-62.35999999999967,stop_gap
2009-12-11,2009,小跌-1~0,flat,,,,,,,,,,
2009-12-14,2009,小跌-1~0,flat,,,,,,,,,,
2009-12-15,2009,漲1~2%,active,7819.13,1.0,-11.510000000000218,close,-11.510000000000218,close,-11.510000000000218,close,-11.510000000000218,close
2009-12-16,2009,小跌-1~0,flat,,,,,,,,,,
2009-12-17,2009,漲1~2%,active,7751.6,1.0,-9.430000000000291,close,-9.430000000000291,close,-9.430000000000291,close,-9.430000000000291,close
2009-12-18,2009,跌-2~-1%,active,7742.17,-1.0,-11.460000000000036,close,-11.460000000000036,close,-11.460000000000036,close,-11.460000000000036,close
2009-12-21,2009,漲1~2%,active,7753.63,1.0,33.64000000000033,close,33.64000000000033,close,33.64000000000033,close,33.64000000000033,close
2009-12-22,2009,大漲>=2%,active,7830.56,-1.0,-25.4399999999996,close,-25.4399999999996,close,-25.4399999999996,close,-25.4399999999996,close
2009-12-23,2009,小漲0~1%,active,7856.0,1.0,45.5,close,45.5,close,45.5,close,45.5,close
2009-12-24,2009,小漲0~1%,active,7901.5,1.0,62.039999999999964,close,62.039999999999964,close,62.039999999999964,close,62.039999999999964,close
2009-12-25,2009,漲1~2%,active,7963.54,1.0,9.050000000000182,close,9.050000000000182,close,9.050000000000182,close,9.050000000000182,close
2009-12-28,2009,漲1~2%,active,7972.59,1.0,84.89999999999964,close,84.89999999999964,close,84.89999999999964,close,84.89999999999964,close
2009-12-29,2009,小跌-1~0,flat,,,,,,,,,,
2009-12-30,2009,小跌-1~0,flat,,,,,,,,,,
2009-12-31,2009,漲1~2%,active,8112.28,1.0,75.82999999999993,close,75.82999999999993,close,75.82999999999993,close,75.82999999999993,close
2010-01-04,2010,小跌-1~0,flat,,,,,,,,,,
2010-01-05,2010,漲1~2%,active,8207.85,1.0,3.5499999999992724,close,3.5499999999992724,close,3.5499999999992724,close,3.5499999999992724,close
2010-01-06,2010,小漲0~1%,active,8211.4,1.0,116.22000000000116,close,116.22000000000116,close,116.22000000000116,close,116.22000000000116,close
2010-01-07,2010,小跌-1~0,flat,,,,,,,,,,
2010-01-08,2010,跌-2~-1%,active,8237.42,-1.0,-43.47999999999956,close,-43.47999999999956,close,-43.47999999999956,close,-43.47999999999956,close
2010-01-11,2010,漲1~2%,active,8280.9,1.0,42.92000000000007,close,42.92000000000007,close,42.92000000000007,close,42.92000000000007,close
2010-01-12,2010,小跌-1~0,flat,,,,,,,,,,
2010-01-13,2010,大跌<-2%,flat,,,,,,,,,,
2010-01-14,2010,漲1~2%,active,8196.56,1.0,93.42000000000007,close,93.42000000000007,close,93.42000000000007,close,93.42000000000007,close
2010-01-15,2010,小跌-1~0,flat,,,,,,,,,,
2010-01-18,2010,大跌<-2%,flat,,,,,,,,,,
2010-01-19,2010,大跌<-2%,flat,,,,,,,,,,
2010-01-20,2010,漲1~2%,active,8249.0,1.0,-28.06999999999971,close,-28.06999999999971,close,-28.06999999999971,close,-28.06999999999971,close
2010-01-21,2010,小跌-1~0,flat,,,,,,,,,,
2010-01-22,2010,小跌-1~0,flat,,,,,,,,,,
2010-01-25,2010,大跌<-2%,flat,,,,,,,,,,
2010-01-26,2010,漲1~2%,active,7872.99,1.0,-274.1799999999994,close,-59.047425,stop,-71.60999999999967,stop_gap,-72.60999999999967,stop_gap
2010-01-27,2010,小跌-1~0,flat,,,,,,,,,,
2010-01-28,2010,漲1~2%,active,7560.03,1.0,134.55000000000018,close,134.55000000000018,close,134.55000000000018,close,134.55000000000018,close
2010-01-29,2010,大跌<-2%,flat,,,,,,,,,,
2010-02-01,2010,大跌<-2%,flat,,,,,,,,,,
2010-02-02,2010,大漲>=2%,active,7599.37,-1.0,169.76000000000022,close,169.76000000000022,close,169.76000000000022,close,169.76000000000022,close
2010-02-03,2010,小漲0~1%,active,7429.61,1.0,118.36999999999989,close,118.36999999999989,close,118.36999999999989,close,118.36999999999989,close
2010-02-04,2010,小跌-1~0,flat,,,,,,,,,,
2010-02-05,2010,大跌<-2%,flat,,,,,,,,,,
2010-02-06,2010,大漲>=2%,active,7203.39,-1.0,-9.479999999999563,close,-9.479999999999563,close,-9.479999999999563,close,-9.479999999999563,close
2010-02-08,2010,大漲>=2%,active,7209.31,-1.0,-6.569999999999709,close,-6.569999999999709,close,-6.569999999999709,close,-6.569999999999709,close
2010-02-09,2010,小跌-1~0,flat,,,,,,,,,,
2010-02-10,2010,漲1~2%,active,7361.04,1.0,80.80000000000018,close,80.80000000000018,close,80.80000000000018,close,80.80000000000018,close
2010-02-22,2010,小漲0~1%,active,7441.84,1.0,118.19999999999982,close,118.19999999999982,close,118.19999999999982,close,118.19999999999982,close
2010-02-23,2010,小跌-1~0,flat,,,,,,,,,,
2010-02-24,2010,大跌<-2%,flat,,,,,,,,,,
2010-02-25,2010,漲1~2%,active,7529.67,1.0,-102.71000000000004,close,-56.472525,stop,-58.82999999999993,stop_gap,-59.82999999999993,stop_gap
2010-02-26,2010,小跌-1~0,flat,,,,,,,,,,
2010-03-01,2010,小漲0~1%,active,7436.1,1.0,141.64999999999964,close,141.64999999999964,close,141.64999999999964,close,141.64999999999964,close
2010-03-02,2010,大漲>=2%,active,7640.66,-1.0,43.039999999999964,close,43.039999999999964,close,43.039999999999964,close,43.039999999999964,close
2010-03-03,2010,小跌-1~0,flat,,,,,,,,,,
2010-03-04,2010,小跌-1~0,flat,,,,,,,,,,
2010-03-05,2010,小漲0~1%,active,7569.8,1.0,96.46000000000004,close,96.46000000000004,close,96.46000000000004,close,96.46000000000004,close
2010-03-08,2010,漲1~2%,active,7666.26,1.0,96.01000000000022,close,96.01000000000022,close,96.01000000000022,close,96.01000000000022,close
2010-03-09,2010,小跌-1~0,flat,,,,,,,,,,
2010-03-10,2010,小跌-1~0,flat,,,,,,,,,,
2010-03-11,2010,大漲>=2%,active,7803.51,-1.0,53.850000000000364,close,53.850000000000364,close,53.850000000000364,close,53.850000000000364,close
2010-03-12,2010,小跌-1~0,flat,,,,,,,,,,
2010-03-15,2010,小跌-1~0,flat,,,,,,,,,,
2010-03-16,2010,跌-2~-1%,active,7634.92,-1.0,-60.710000000000036,close,-57.2619,stop,-57.649999999999636,stop_gap,-58.649999999999636,stop_gap
2010-03-17,2010,大漲>=2%,active,7795.43,-1.0,-52.409999999999854,close,-52.409999999999854,close,-52.409999999999854,close,-52.409999999999854,close
2010-03-18,2010,漲1~2%,active,7847.84,1.0,38.5,close,38.5,close,38.5,close,38.5,close
2010-03-19,2010,小跌-1~0,flat,,,,,,,,,,
2010-03-22,2010,跌-2~-1%,active,7897.91,-1.0,61.93000000000029,close,61.93000000000029,close,61.93000000000029,close,61.93000000000029,close
2010-03-23,2010,大漲>=2%,active,7856.49,-1.0,44.61999999999989,close,44.61999999999989,close,44.61999999999989,close,44.61999999999989,close
2010-03-24,2010,大漲>=2%,active,7853.09,-1.0,30.38000000000011,close,30.38000000000011,close,30.38000000000011,close,30.38000000000011,close
2010-03-25,2010,跌-2~-1%,active,7822.71,-1.0,-15.390000000000327,close,-15.390000000000327,close,-15.390000000000327,close,-15.390000000000327,close
2010-03-26,2010,小跌-1~0,flat,,,,,,,,,,
2010-03-29,2010,小跌-1~0,flat,,,,,,,,,,
2010-03-30,2010,小漲0~1%,active,7947.45,1.0,14.770000000000437,close,14.770000000000437,close,14.770000000000437,close,14.770000000000437,close
2010-03-31,2010,小漲0~1%,active,7962.22,1.0,-42.159999999999854,close,-42.159999999999854,close,-42.159999999999854,close,-42.159999999999854,close
2010-04-01,2010,小跌-1~0,flat,,,,,,,,,,
2010-04-02,2010,小漲0~1%,active,8013.09,1.0,12.840000000000146,close,12.840000000000146,close,12.840000000000146,close,12.840000000000146,close
2010-04-06,2010,大漲>=2%,active,8112.32,-1.0,22.670000000000073,close,22.670000000000073,close,22.670000000000073,close,22.670000000000073,close
2010-04-07,2010,小跌-1~0,flat,,,,,,,,,,
2010-04-08,2010,小漲0~1%,active,8121.78,1.0,-64.17999999999938,close,-60.913349999999994,stop,-62.159999999999854,stop_gap,-63.159999999999854,stop_gap
2010-04-09,2010,跌-2~-1%,active,8057.6,-1.0,-34.42999999999938,close,-34.42999999999938,close,-34.42999999999938,close,-34.42999999999938,close
2010-04-12,2010,漲1~2%,active,8092.03,1.0,25.720000000000255,close,25.720000000000255,close,25.720000000000255,close,25.720000000000255,close
2010-04-13,2010,小漲0~1%,active,8117.75,1.0,-88.02000000000044,close,-60.883125,stop,-72.89999999999964,stop_gap,-73.89999999999964,stop_gap
2010-04-14,2010,小漲0~1%,active,8029.73,1.0,67.40000000000055,close,67.40000000000055,close,67.40000000000055,close,67.40000000000055,close
2010-04-15,2010,大漲>=2%,active,8144.79,-1.0,-27.149999999999636,close,-27.149999999999636,close,-27.149999999999636,close,-27.149999999999636,close
2010-04-16,2010,小漲0~1%,active,8171.94,1.0,-60.36999999999989,close,-61.28954999999999,stop,-64.55999999999949,stop_gap,-65.55999999999949,stop_gap
2010-04-19,2010,跌-2~-1%,active,8111.57,-1.0,257.34999999999945,close,257.34999999999945,close,257.34999999999945,close,257.34999999999945,close
2010-04-20,2010,跌-2~-1%,active,7854.22,-1.0,-46.19999999999982,close,-58.90665,stop,-59.17999999999938,stop_gap,-60.17999999999938,stop_gap
2010-04-21,2010,漲1~2%,active,7900.42,1.0,90.10999999999967,close,90.10999999999967,close,90.10999999999967,close,90.10999999999967,close
2010-04-22,2010,跌-2~-1%,active,7990.53,-1.0,11.840000000000146,close,11.840000000000146,close,11.840000000000146,close,11.840000000000146,close
2010-04-23,2010,漲1~2%,active,7978.69,1.0,26.200000000000728,close,26.200000000000728,close,26.200000000000728,close,26.200000000000728,close
2010-04-26,2010,小漲0~1%,active,8004.89,1.0,153.25,close,153.25,close,153.25,close,153.25,close
2010-04-27,2010,小漲0~1%,active,8158.14,1.0,-11.700000000000728,close,-11.700000000000728,close,-11.700000000000728,close,-11.700000000000728,close
2010-04-28,2010,大跌<-2%,flat,,,,,,,,,,
2010-04-29,2010,小漲0~1%,active,8081.55,1.0,-27.5,close,-27.5,close,-27.5,close,-27.5,close
2010-04-30,2010,漲1~2%,active,8054.05,1.0,-49.80000000000018,close,-49.80000000000018,close,-49.80000000000018,close,-49.80000000000018,close
2010-05-03,2010,大跌<-2%,flat,,,,,,,,,,
2010-05-04,2010,大漲>=2%,active,7974.17,-1.0,43.399999999999636,close,43.399999999999636,close,43.399999999999636,close,43.399999999999636,close
2010-05-05,2010,大跌<-2%,flat,,,,,,,,,,
2010-05-06,2010,跌-2~-1%,active,7696.9,-1.0,117.42000000000007,close,117.42000000000007,close,117.42000000000007,close,117.42000000000007,close
2010-05-07,2010,大跌<-2%,flat,,,,,,,,,,
2010-05-10,2010,跌-2~-1%,active,7567.1,-1.0,-97.6299999999992,close,-56.75325,stop,-59.529999999999745,stop_gap,-60.529999999999745,stop_gap
2010-05-11,2010,大漲>=2%,active,7697.84,-1.0,89.40000000000055,close,89.40000000000055,close,89.40000000000055,close,89.40000000000055,close
2010-05-12,2010,小跌-1~0,flat,,,,,,,,,,
2010-05-13,2010,大漲>=2%,active,7703.31,-1.0,-67.25999999999931,close,-57.774825,stop,-61.69999999999982,stop_gap,-62.69999999999982,stop_gap
2010-05-14,2010,大跌<-2%,flat,,,,,,,,,,
2010-05-17,2010,大跌<-2%,flat,,,,,,,,,,
2010-05-18,2010,漲1~2%,active,7598.72,1.0,-13.420000000000073,close,-13.420000000000073,close,-13.420000000000073,close,-13.420000000000073,close
2010-05-19,2010,大跌<-2%,flat,,,,,,,,,,
2010-05-20,2010,小漲0~1%,active,7559.16,1.0,-134.72999999999956,close,-56.6937,stop,-56.789999999999964,stop_gap,-57.789999999999964,stop_gap
2010-05-21,2010,大跌<-2%,flat,,,,,,,,,,
2010-05-24,2010,大漲>=2%,active,7279.82,-1.0,-42.909999999999854,close,-54.59865,stop,-55.76000000000022,stop_gap,-56.76000000000022,stop_gap
2010-05-25,2010,跌-2~-1%,active,7322.73,-1.0,236.35999999999967,close,236.35999999999967,close,236.35999999999967,close,236.35999999999967,close
2010-05-26,2010,小漲0~1%,active,7086.37,1.0,80.98000000000047,close,80.98000000000047,close,80.98000000000047,close,80.98000000000047,close
2010-05-27,2010,小跌-1~0,flat,,,,,,,,,,
2010-05-28,2010,大漲>=2%,active,7348.6,-1.0,53.280000000000655,close,53.280000000000655,close,53.280000000000655,close,53.280000000000655,close
2010-05-31,2010,跌-2~-1%,active,7295.32,-1.0,-78.65999999999985,close,-54.71489999999999,stop,-54.86999999999989,stop_gap,-55.86999999999989,stop_gap
2010-06-01,2010,跌-2~-1%,active,7373.98,-1.0,84.64999999999964,close,84.64999999999964,close,84.64999999999964,close,84.64999999999964,close
2010-06-02,2010,大跌<-2%,flat,,,,,,,,,,
2010-06-03,2010,大漲>=2%,active,7327.37,-1.0,-32.909999999999854,close,-32.909999999999854,close,-32.909999999999854,close,-32.909999999999854,close
2010-06-04,2010,漲1~2%,active,7360.28,1.0,-15.6899999999996,close,-15.6899999999996,close,-15.6899999999996,close,-15.6899999999996,close
2010-06-07,2010,大跌<-2%,flat,,,,,,,,,,
2010-06-08,2010,大跌<-2%,flat,,,,,,,,,,
2010-06-09,2010,小跌-1~0,flat,,,,,,,,,,
2010-06-10,2010,小跌-1~0,flat,,,,,,,,,,
2010-06-11,2010,大漲>=2%,active,7306.87,-1.0,7.380000000000109,close,7.380000000000109,close,7.380000000000109,close,7.380000000000109,close
2010-06-14,2010,漲1~2%,active,7299.49,1.0,87.90999999999985,close,87.90999999999985,close,87.90999999999985,close,87.90999999999985,close
2010-06-15,2010,小漲0~1%,active,7387.4,1.0,66.66000000000076,close,66.66000000000076,close,66.66000000000076,close,66.66000000000076,close
2010-06-17,2010,小漲0~1%,active,7454.06,1.0,61.719999999999345,close,61.719999999999345,close,61.719999999999345,close,61.719999999999345,close
2010-06-18,2010,小跌-1~0,flat,,,,,,,,,,
2010-06-21,2010,小跌-1~0,flat,,,,,,,,,,
2010-06-22,2010,小跌-1~0,flat,,,,,,,,,,
2010-06-23,2010,跌-2~-1%,active,7612.68,-1.0,30.530000000000655,close,30.530000000000655,close,30.530000000000655,close,30.530000000000655,close
2010-06-24,2010,小漲0~1%,active,7582.15,1.0,7.740000000000691,close,7.740000000000691,close,7.740000000000691,close,7.740000000000691,close
2010-06-25,2010,大跌<-2%,flat,,,,,,,,,,
2010-06-28,2010,小跌-1~0,flat,,,,,,,,,,
2010-06-29,2010,小漲0~1%,active,7500.79,1.0,-77.22000000000025,close,-56.255925,stop,-61.11999999999989,stop_gap,-62.11999999999989,stop_gap
2010-06-30,2010,大跌<-2%,flat,,,,,,,,,,
2010-07-01,2010,跌-2~-1%,active,7329.37,-1.0,75.30999999999949,close,75.30999999999949,close,75.30999999999949,close,75.30999999999949,close
2010-07-02,2010,小漲0~1%,active,7254.06,1.0,76.67999999999938,close,76.67999999999938,close,76.67999999999938,close,76.67999999999938,close
2010-07-05,2010,小跌-1~0,flat,,,,,,,,,,
2010-07-06,2010,小跌-1~0,flat,,,,,,,,,,
2010-07-07,2010,小跌-1~0,flat,,,,,,,,,,
2010-07-08,2010,大漲>=2%,active,7609.97,-1.0,1.1199999999998909,close,1.1199999999998909,close,1.1199999999998909,close,1.1199999999998909,close
2010-07-09,2010,小跌-1~0,flat,,,,,,,,,,
2010-07-12,2010,漲1~2%,active,7647.25,1.0,-7.699999999999818,close,-7.699999999999818,close,-7.699999999999818,close,-7.699999999999818,close
2010-07-13,2010,漲1~2%,active,7639.55,1.0,-42.13000000000011,close,-42.13000000000011,close,-42.13000000000011,close,-42.13000000000011,close
2010-07-14,2010,大漲>=2%,active,7708.3,-1.0,-6.210000000000036,close,-6.210000000000036,close,-6.210000000000036,close,-6.210000000000036,close
2010-07-15,2010,小跌-1~0,flat,,,,,,,,,,
2010-07-16,2010,小跌-1~0,flat,,,,,,,,,,
2010-07-19,2010,大跌<-2%,flat,,,,,,,,,,
2010-07-20,2010,大漲>=2%,active,7644.57,-1.0,-67.46000000000004,close,-57.334275,stop,-62.5,stop_gap,-63.5,stop_gap
2010-07-21,2010,小漲0~1%,active,7712.03,1.0,-10.739999999999782,close,-10.739999999999782,close,-10.739999999999782,close,-10.739999999999782,close
2010-07-22,2010,跌-2~-1%,active,7701.29,-1.0,34.94999999999982,close,34.94999999999982,close,34.94999999999982,close,34.94999999999982,close
2010-07-23,2010,大漲>=2%,active,7759.86,-1.0,-1.360000000000582,close,-1.360000000000582,close,-1.360000000000582,close,-1.360000000000582,close
2010-07-26,2010,小漲0~1%,active,7761.22,1.0,26.229999999999563,close,26.229999999999563,close,26.229999999999563,close,26.229999999999563,close
2010-07-27,2010,漲1~2%,active,7787.45,1.0,-39.4399999999996,close,-39.4399999999996,close,-39.4399999999996,close,-39.4399999999996,close
2010-07-28,2010,小跌-1~0,flat,,,,,,,,,,
2010-07-29,2010,跌-2~-1%,active,7784.81,-1.0,-14.179999999999382,close,-14.179999999999382,close,-14.179999999999382,close,-14.179999999999382,close
2010-07-30,2010,跌-2~-1%,active,7798.99,-1.0,38.35999999999967,close,38.35999999999967,close,38.35999999999967,close,38.35999999999967,close
2010-08-02,2010,跌-2~-1%,active,7760.63,-1.0,-151.05000000000018,close,-58.204724999999996,stop,-68.55999999999949,stop_gap,-69.55999999999949,stop_gap
2010-08-03,2010,漲1~2%,active,7911.68,1.0,45.849999999999454,close,45.849999999999454,close,45.849999999999454,close,45.849999999999454,close
2010-08-04,2010,跌-2~-1%,active,7957.53,-1.0,-15.13000000000011,close,-15.13000000000011,close,-15.13000000000011,close,-15.13000000000011,close
2010-08-05,2010,小漲0~1%,active,7972.66,1.0,-35.80999999999949,close,-35.80999999999949,close,-35.80999999999949,close,-35.80999999999949,close
2010-08-06,2010,小跌-1~0,flat,,,,,,,,,,
2010-08-09,2010,小跌-1~0,flat,,,,,,,,,,
2010-08-10,2010,小漲0~1%,active,8034.49,1.0,-57.75,close,-57.75,close,-57.75,close,-57.75,close
2010-08-11,2010,大跌<-2%,flat,,,,,,,,,,
2010-08-12,2010,大跌<-2%,flat,,,,,,,,,,
2010-08-13,2010,跌-2~-1%,active,7829.79,-1.0,-61.789999999999964,close,-58.723425,stop,-59.60999999999967,stop_gap,-60.60999999999967,stop_gap
2010-08-16,2010,小跌-1~0,flat,,,,,,,,,,
2010-08-17,2010,小漲0~1%,active,7941.22,1.0,-10.13000000000011,close,-10.13000000000011,close,-10.13000000000011,close,-10.13000000000011,close
2010-08-18,2010,漲1~2%,active,7931.09,1.0,-6.989999999999782,close,-6.989999999999782,close,-6.989999999999782,close,-6.989999999999782,close
2010-08-19,2010,漲1~2%,active,7924.1,1.0,4.839999999999236,close,4.839999999999236,close,4.839999999999236,close,4.839999999999236,close
2010-08-20,2010,跌-2~-1%,active,7928.94,-1.0,1.6299999999991996,close,1.6299999999991996,close,1.6299999999991996,close,1.6299999999991996,close
2010-08-23,2010,小漲0~1%,active,7927.31,1.0,48.61999999999989,close,48.61999999999989,close,48.61999999999989,close,48.61999999999989,close
2010-08-24,2010,跌-2~-1%,active,7975.93,-1.0,35.289999999999964,close,35.289999999999964,close,35.289999999999964,close,35.289999999999964,close
2010-08-25,2010,跌-2~-1%,active,7940.64,-1.0,203.66000000000076,close,203.66000000000076,close,203.66000000000076,close,203.66000000000076,close
2010-08-26,2010,小漲0~1%,active,7736.98,1.0,-47.23999999999978,close,-58.02734999999999,stop,-60.719999999999345,stop_gap,-61.719999999999345,stop_gap
2010-08-27,2010,跌-2~-1%,active,7689.74,-1.0,-33.17000000000007,close,-33.17000000000007,close,-33.17000000000007,close,-33.17000000000007,close
2010-08-30,2010,大漲>=2%,active,7771.86,-1.0,30.659999999999854,close,30.659999999999854,close,30.659999999999854,close,30.659999999999854,close
2010-08-31,2010,大跌<-2%,flat,,,,,,,,,,
2010-09-01,2010,跌-2~-1%,active,7616.28,-1.0,-51.970000000000255,close,-57.122099999999996,stop,-60.18000000000029,stop_gap,-61.18000000000029,stop_gap
2010-09-02,2010,大漲>=2%,active,7741.58,-1.0,20.76000000000022,close,20.76000000000022,close,20.76000000000022,close,20.76000000000022,close
2010-09-03,2010,大漲>=2%,active,7798.46,-1.0,-31.75,close,-31.75,close,-31.75,close,-31.75,close
2010-09-06,2010,漲1~2%,active,7830.21,1.0,60.73999999999978,close,60.73999999999978,close,60.73999999999978,close,60.73999999999978,close
2010-09-07,2010,漲1~2%,active,7890.95,1.0,-6.550000000000182,close,-6.550000000000182,close,-6.550000000000182,close,-6.550000000000182,close
2010-09-08,2010,跌-2~-1%,active,7884.4,-1.0,33.089999999999236,close,33.089999999999236,close,33.089999999999236,close,33.089999999999236,close
2010-09-09,2010,小跌-1~0,flat,,,,,,,,,,
2010-09-10,2010,小漲0~1%,active,7835.54,1.0,54.56999999999971,close,54.56999999999971,close,54.56999999999971,close,54.56999999999971,close
2010-09-13,2010,跌-2~-1%,active,7890.11,-1.0,-201.1900000000005,close,-59.175824999999996,stop,-71.86999999999989,stop_gap,-72.86999999999989,stop_gap
2010-09-14,2010,大漲>=2%,active,8111.19,-1.0,-21.410000000000764,close,-21.410000000000764,close,-21.410000000000764,close,-21.410000000000764,close
2010-09-15,2010,漲1~2%,active,8132.6,1.0,31.219999999999345,close,31.219999999999345,close,31.219999999999345,close,31.219999999999345,close
2010-09-16,2010,小跌-1~0,flat,,,,,,,,,,
2010-09-17,2010,小漲0~1%,active,8099.75,1.0,58.57999999999993,close,58.57999999999993,close,58.57999999999993,close,58.57999999999993,close
2010-09-20,2010,小漲0~1%,active,8158.33,1.0,28.63000000000011,close,28.63000000000011,close,28.63000000000011,close,28.63000000000011,close
2010-09-21,2010,小漲0~1%,active,8186.96,1.0,9.4399999999996,close,9.4399999999996,close,9.4399999999996,close,9.4399999999996,close
2010-09-23,2010,跌-2~-1%,active,8196.4,-1.0,-6.140000000001237,close,-6.140000000001237,close,-6.140000000001237,close,-6.140000000001237,close
2010-09-24,2010,小漲0~1%,active,8202.54,1.0,-35.92000000000098,close,-61.51905000000001,stop,-64.45000000000073,stop_gap,-65.45000000000073,stop_gap
2010-09-27,2010,大漲>=2%,active,8225.58,-1.0,34.039999999999964,close,34.039999999999964,close,34.039999999999964,close,34.039999999999964,close
2010-09-28,2010,小跌-1~0,flat,,,,,,,,,,
2010-09-29,2010,漲1~2%,active,8189.44,1.0,51.44999999999982,close,51.44999999999982,close,51.44999999999982,close,51.44999999999982,close
2010-09-30,2010,小漲0~1%,active,8240.89,1.0,-3.109999999998763,close,-3.109999999998763,close,-3.109999999998763,close,-3.109999999998763,close
2010-10-01,2010,小跌-1~0,flat,,,,,,,,,,
2010-10-04,2010,小跌-1~0,flat,,,,,,,,,,
2010-10-05,2010,跌-2~-1%,active,8246.1,-1.0,45.67000000000007,close,45.67000000000007,close,45.67000000000007,close,45.67000000000007,close
2010-10-06,2010,大漲>=2%,active,8279.72,-1.0,-4.31000000000131,close,-4.31000000000131,close,-4.31000000000131,close,-4.31000000000131,close
2010-10-07,2010,跌-2~-1%,active,8284.03,-1.0,0.11000000000058208,close,0.11000000000058208,close,0.11000000000058208,close,0.11000000000058208,close
2010-10-08,2010,小漲0~1%,active,8283.92,1.0,-39.72999999999956,close,-39.72999999999956,close,-39.72999999999956,close,-39.72999999999956,close
2010-10-11,2010,小漲0~1%,active,8244.19,1.0,-67.43000000000029,close,-61.831425,stop,-63.5600000000004,stop_gap,-64.5600000000004,stop_gap
2010-10-12,2010,小漲0~1%,active,8176.76,1.0,-86.53999999999996,close,-61.3257,stop,-62.11999999999989,stop_gap,-63.11999999999989,stop_gap
2010-10-13,2010,小漲0~1%,active,8090.22,1.0,16.4399999999996,close,16.4399999999996,close,16.4399999999996,close,16.4399999999996,close
2010-10-14,2010,小漲0~1%,active,8106.66,1.0,108.79000000000087,close,108.79000000000087,close,108.79000000000087,close,108.79000000000087,close
2010-10-15,2010,小跌-1~0,flat,,,,,,,,,,
2010-10-18,2010,小漲0~1%,active,8205.3,1.0,-144.7599999999993,close,-61.53974999999999,stop,-62.38999999999942,stop_gap,-63.38999999999942,stop_gap
2010-10-19,2010,小跌-1~0,flat,,,,,,,,,,
2010-10-20,2010,跌-2~-1%,active,8046.23,-1.0,-78.39000000000033,close,-60.34672499999999,stop,-62.910000000000764,stop_gap,-63.910000000000764,stop_gap
2010-10-21,2010,小漲0~1%,active,8124.62,1.0,6.609999999999673,close,6.609999999999673,close,6.609999999999673,close,6.609999999999673,close
2010-10-22,2010,小跌-1~0,flat,,,,,,,,,,
2010-10-25,2010,大漲>=2%,active,8241.58,-1.0,-65.39999999999964,close,-61.81185,stop,-64.3799999999992,stop_gap,-65.3799999999992,stop_gap
2010-10-26,2010,漲1~2%,active,8306.98,1.0,36.25,close,36.25,close,36.25,close,36.25,close
2010-10-27,2010,小跌-1~0,flat,,,,,,,,,,
2010-10-28,2010,大漲>=2%,active,8281.52,-1.0,-72.52999999999884,close,-62.1114,stop,-66.31999999999971,stop_gap,-67.31999999999971,stop_gap
2010-10-29,2010,小跌-1~0,flat,,,,,,,,,,
2010-11-01,2010,小漲0~1%,active,8287.09,1.0,92.65999999999985,close,92.65999999999985,close,92.65999999999985,close,92.65999999999985,close
2010-11-02,2010,小跌-1~0,flat,,,,,,,,,,
2010-11-03,2010,小漲0~1%,active,8344.76,1.0,-50.86000000000058,close,-62.5857,stop,-67.45000000000073,stop_gap,-68.45000000000073,stop_gap
2010-11-04,2010,小漲0~1%,active,8293.9,1.0,63.95000000000073,close,63.95000000000073,close,63.95000000000073,close,63.95000000000073,close
2010-11-05,2010,大漲>=2%,active,8430.3,-1.0,-19.040000000000873,close,-19.040000000000873,close,-19.040000000000873,close,-19.040000000000873,close
2010-11-08,2010,小漲0~1%,active,8449.34,1.0,-18.76000000000022,close,-18.76000000000022,close,-18.76000000000022,close,-18.76000000000022,close
2010-11-09,2010,小跌-1~0,flat,,,,,,,,,,
2010-11-10,2010,跌-2~-1%,active,8445.63,-1.0,-5.0,close,-5.0,close,-5.0,close,-5.0,close
2010-11-11,2010,小漲0~1%,active,8450.63,1.0,-13.679999999998472,close,-13.679999999998472,close,-13.679999999998472,close,-13.679999999998472,close
2010-11-12,2010,跌-2~-1%,active,8436.95,-1.0,120.90000000000146,close,120.90000000000146,close,120.90000000000146,close,120.90000000000146,close
2010-11-15,2010,小漲0~1%,active,8316.05,1.0,-75.39999999999964,close,-62.370374999999996,stop,-66.42000000000007,stop_gap,-67.42000000000007,stop_gap
2010-11-16,2010,小跌-1~0,flat,,,,,,,,,,
2010-11-17,2010,跌-2~-1%,active,8312.21,-1.0,56.669999999998254,close,56.669999999998254,close,56.669999999998254,close,56.669999999998254,close
2010-11-18,2010,小跌-1~0,flat,,,,,,,,,,
2010-11-19,2010,漲1~2%,active,8283.45,1.0,22.670000000000073,close,22.670000000000073,close,22.670000000000073,close,22.670000000000073,close
2010-11-22,2010,漲1~2%,active,8306.12,1.0,68.78999999999905,close,68.78999999999905,close,68.78999999999905,close,68.78999999999905,close
2010-11-23,2010,漲1~2%,active,8374.91,1.0,-46.280000000000655,close,-46.280000000000655,close,-46.280000000000655,close,-46.280000000000655,close
2010-11-24,2010,小跌-1~0,flat,,,,,,,,,,
2010-11-25,2010,大漲>=2%,active,8336.25,-1.0,-13.739999999999782,close,-13.739999999999782,close,-13.739999999999782,close,-13.739999999999782,close
2010-11-26,2010,大漲>=2%,active,8333.55,-1.0,21.399999999999636,close,21.399999999999636,close,21.399999999999636,close,21.399999999999636,close
2010-11-29,2010,小跌-1~0,flat,,,,,,,,,,
2010-11-30,2010,小跌-1~0,flat,,,,,,,,,,
2010-12-01,2010,跌-2~-1%,active,8372.48,-1.0,-147.63000000000102,close,-62.7936,stop,-63.56000000000131,stop_gap,-64.56000000000131,stop_gap
2010-12-02,2010,大漲>=2%,active,8622.33,-1.0,36.55999999999949,close,36.55999999999949,close,36.55999999999949,close,36.55999999999949,close
2010-12-03,2010,漲1~2%,active,8585.77,1.0,38.23999999999978,close,38.23999999999978,close,38.23999999999978,close,38.23999999999978,close
2010-12-06,2010,小漲0~1%,active,8624.01,1.0,78.21999999999935,close,78.21999999999935,close,78.21999999999935,close,78.21999999999935,close
2010-12-07,2010,小跌-1~0,flat,,,,,,,,,,
2010-12-08,2010,小跌-1~0,flat,,,,,,,,,,
2010-12-09,2010,小漲0~1%,active,8703.79,1.0,50.04999999999927,close,50.04999999999927,close,50.04999999999927,close,50.04999999999927,close
2010-12-10,2010,小漲0~1%,active,8753.84,1.0,-35.01000000000022,close,-65.6538,stop,-67.20000000000073,stop_gap,-68.20000000000073,stop_gap
2010-12-13,2010,小漲0~1%,active,8718.83,1.0,17.76000000000022,close,17.76000000000022,close,17.76000000000022,close,17.76000000000022,close
2010-12-14,2010,小跌-1~0,flat,,,,,,,,,,
2010-12-15,2010,小跌-1~0,flat,,,,,,,,,,
2010-12-16,2010,跌-2~-1%,active,8756.71,-1.0,-25.4900000000016,close,-25.4900000000016,close,-25.4900000000016,close,-25.4900000000016,close
2010-12-17,2010,小漲0~1%,active,8782.2,1.0,35.69999999999891,close,35.69999999999891,close,35.69999999999891,close,35.69999999999891,close
2010-12-20,2010,小漲0~1%,active,8817.9,1.0,-49.18000000000029,close,-66.13425,stop,-70.05999999999949,stop_gap,-71.05999999999949,stop_gap
2010-12-21,2010,小跌-1~0,flat,,,,,,,,,,
2010-12-22,2010,小漲0~1%,active,8827.79,1.0,32.69999999999891,close,32.69999999999891,close,32.69999999999891,close,32.69999999999891,close
2010-12-23,2010,小漲0~1%,active,8860.49,1.0,38.38000000000102,close,38.38000000000102,close,38.38000000000102,close,38.38000000000102,close
2010-12-24,2010,小跌-1~0,flat,,,,,,,,,,
2010-12-27,2010,小跌-1~0,flat,,,,,,,,,,
2010-12-28,2010,小漲0~1%,active,8892.31,1.0,-21.549999999999272,close,-21.549999999999272,close,-21.549999999999272,close,-21.549999999999272,close
2010-12-29,2010,小跌-1~0,flat,,,,,,,,,,
2010-12-30,2010,小漲0~1%,active,8866.35,1.0,41.55999999999949,close,41.55999999999949,close,41.55999999999949,close,41.55999999999949,close
2010-12-31,2010,小漲0~1%,active,8907.91,1.0,64.59000000000015,close,64.59000000000015,close,64.59000000000015,close,64.59000000000015,close
2011-01-03,2011,小跌-1~0,flat,,,,,,,,,,
2011-01-04,2011,小漲0~1%,active,9025.3,1.0,-28.109999999998763,close,-28.109999999998763,close,-28.109999999998763,close,-28.109999999998763,close
2011-01-05,2011,小漲0~1%,active,8997.19,1.0,-150.88000000000102,close,-67.478925,stop,-70.6200000000008,stop_gap,-71.6200000000008,stop_gap
2011-01-06,2011,小漲0~1%,active,8846.31,1.0,36.899999999999636,close,36.899999999999636,close,36.899999999999636,close,36.899999999999636,close
2011-01-07,2011,漲1~2%,active,8883.21,1.0,-100.48999999999978,close,-66.62407499999999,stop,-68.06999999999971,stop_gap,-69.06999999999971,stop_gap
2011-01-10,2011,小漲0~1%,active,8782.72,1.0,35.159999999999854,close,35.159999999999854,close,35.159999999999854,close,35.159999999999854,close
2011-01-11,2011,漲1~2%,active,8817.88,1.0,113.48000000000138,close,113.48000000000138,close,113.48000000000138,close,113.48000000000138,close
2011-01-12,2011,小漲0~1%,active,8931.36,1.0,33.63999999999942,close,33.63999999999942,close,33.63999999999942,close,33.63999999999942,close
2011-01-13,2011,漲1~2%,active,8965.0,1.0,10.579999999999927,close,10.579999999999927,close,10.579999999999927,close,10.579999999999927,close
2011-01-14,2011,小跌-1~0,flat,,,,,,,,,,
2011-01-17,2011,大漲>=2%,active,8978.46,-1.0,53.36999999999898,close,53.36999999999898,close,53.36999999999898,close,53.36999999999898,close
2011-01-18,2011,大漲>=2%,active,8947.4,-1.0,-40.600000000000364,close,-40.600000000000364,close,-40.600000000000364,close,-40.600000000000364,close
2011-01-19,2011,小跌-1~0,flat,,,,,,,,,,
2011-01-20,2011,大跌<-2%,flat,,,,,,,,,,
2011-01-21,2011,跌-2~-1%,active,9022.17,-1.0,67.79000000000087,close,67.79000000000087,close,67.79000000000087,close,67.79000000000087,close
2011-01-24,2011,小跌-1~0,flat,,,,,,,,,,
2011-01-25,2011,大漲>=2%,active,9014.15,-1.0,22.76000000000022,close,22.76000000000022,close,22.76000000000022,close,22.76000000000022,close
2011-01-26,2011,小跌-1~0,flat,,,,,,,,,,
2011-01-27,2011,小漲0~1%,active,9055.59,1.0,46.73999999999978,close,46.73999999999978,close,46.73999999999978,close,46.73999999999978,close
2011-01-28,2011,漲1~2%,active,9102.33,1.0,43.02000000000044,close,43.02000000000044,close,43.02000000000044,close,43.02000000000044,close
2011-02-08,2011,小跌-1~0,flat,,,,,,,,,,
2011-02-09,2011,小跌-1~0,flat,,,,,,,,,,
2011-02-10,2011,小跌-1~0,flat,,,,,,,,,,
2011-02-11,2011,小漲0~1%,active,8836.56,1.0,-226.6999999999989,close,-66.2742,stop,-66.55999999999949,stop,-67.55999999999949,stop
2011-02-14,2011,小漲0~1%,active,8609.86,1.0,75.60999999999876,close,75.60999999999876,close,75.60999999999876,close,75.60999999999876,close
2011-02-15,2011,小漲0~1%,active,8685.47,1.0,36.460000000000946,close,-65.141025,stop,-65.46999999999935,stop,-66.46999999999935,stop
2011-02-16,2011,跌-2~-1%,active,8721.93,-1.0,8.970000000001164,close,8.970000000001164,close,8.970000000001164,close,8.970000000001164,close
2011-02-17,2011,漲1~2%,active,8712.96,1.0,-29.079999999999927,close,-29.079999999999927,close,-29.079999999999927,close,-29.079999999999927,close
2011-02-18,2011,漲1~2%,active,8683.88,1.0,159.96000000000095,close,159.96000000000095,close,159.96000000000095,close,159.96000000000095,close
2011-02-21,2011,小跌-1~0,flat,,,,,,,,,,
2011-02-22,2011,小跌-1~0,flat,,,,,,,,,,
2011-02-23,2011,大跌<-2%,flat,,,,,,,,,,
2011-02-24,2011,跌-2~-1%,active,8528.94,-1.0,-12.699999999998909,close,-63.96705,stop,-64.5,stop_gap,-65.5,stop_gap
2011-02-25,2011,漲1~2%,active,8541.64,1.0,58.01000000000022,close,-64.0623,stop,-64.63999999999942,stop,-65.63999999999942,stop
2011-03-01,2011,跌-2~-1%,active,8599.65,-1.0,-127.90999999999985,close,-64.49737499999999,stop,-65.35000000000036,stop,-66.35000000000036,stop
2011-03-02,2011,跌-2~-1%,active,8727.56,-1.0,107.65999999999985,close,107.65999999999985,close,107.65999999999985,close,107.65999999999985,close
2011-03-03,2011,漲1~2%,active,8619.9,1.0,118.47000000000116,close,118.47000000000116,close,118.47000000000116,close,118.47000000000116,close
2011-03-04,2011,漲1~2%,active,8738.37,1.0,46.029999999998836,close,46.029999999998836,close,46.029999999998836,close,46.029999999998836,close
2011-03-07,2011,跌-2~-1%,active,8784.4,-1.0,70.60999999999876,close,70.60999999999876,close,70.60999999999876,close,70.60999999999876,close
2011-03-08,2011,大跌<-2%,flat,,,,,,,,,,
2011-03-09,2011,小漲0~1%,active,8747.75,1.0,2.2700000000004366,close,2.2700000000004366,close,2.2700000000004366,close,2.2700000000004366,close
2011-03-10,2011,大跌<-2%,flat,,,,,,,,,,
2011-03-11,2011,大跌<-2%,flat,,,,,,,,,,
2011-03-14,2011,小漲0~1%,active,8567.82,1.0,-47.79999999999927,close,-64.25864999999999,stop,-64.42000000000007,stop_gap,-65.42000000000007,stop_gap
2011-03-15,2011,小跌-1~0,flat,,,,,,,,,,
2011-03-16,2011,跌-2~-1%,active,8234.78,-1.0,-89.79999999999927,close,-61.760850000000005,stop,-62.219999999999345,stop,-63.219999999999345,stop
2011-03-17,2011,大跌<-2%,flat,,,,,,,,,,
2011-03-18,2011,漲1~2%,active,8282.69,1.0,112.05999999999949,close,112.05999999999949,close,112.05999999999949,close,112.05999999999949,close
2011-03-21,2011,小漲0~1%,active,8394.75,1.0,72.95999999999913,close,72.95999999999913,close,72.95999999999913,close,72.95999999999913,close
2011-03-22,2011,漲1~2%,active,8467.71,1.0,40.330000000001746,close,40.330000000001746,close,40.330000000001746,close,40.330000000001746,close
2011-03-23,2011,小跌-1~0,flat,,,,,,,,,,
2011-03-24,2011,小漲0~1%,active,8545.08,1.0,31.31999999999971,close,31.31999999999971,close,31.31999999999971,close,31.31999999999971,close
2011-03-25,2011,大漲>=2%,active,8593.68,-1.0,-16.709999999999127,close,-16.709999999999127,close,-16.709999999999127,close,-16.709999999999127,close
2011-03-28,2011,小跌-1~0,flat,,,,,,,,,,
2011-03-29,2011,小漲0~1%,active,8553.06,1.0,43.51000000000022,close,43.51000000000022,close,43.51000000000022,close,43.51000000000022,close
2011-03-30,2011,小漲0~1%,active,8596.57,1.0,49.73999999999978,close,49.73999999999978,close,49.73999999999978,close,49.73999999999978,close
2011-03-31,2011,小漲0~1%,active,8646.31,1.0,36.98999999999978,close,36.98999999999978,close,36.98999999999978,close,36.98999999999978,close
2011-04-01,2011,小跌-1~0,flat,,,,,,,,,,
2011-04-06,2011,大漲>=2%,active,8807.67,-1.0,-44.30999999999949,close,-44.30999999999949,close,-44.30999999999949,close,-44.30999999999949,close
2011-04-07,2011,漲1~2%,active,8851.98,1.0,49.73999999999978,close,49.73999999999978,close,49.73999999999978,close,49.73999999999978,close
2011-04-08,2011,小跌-1~0,flat,,,,,,,,,,
2011-04-11,2011,小跌-1~0,flat,,,,,,,,,,
2011-04-12,2011,小跌-1~0,flat,,,,,,,,,,
2011-04-13,2011,大跌<-2%,flat,,,,,,,,,,
2011-04-14,2011,小漲0~1%,active,8780.2,1.0,22.529999999998836,close,22.529999999998836,close,22.529999999998836,close,22.529999999998836,close
2011-04-15,2011,小漲0~1%,active,8802.73,1.0,-84.60999999999876,close,-66.02047499999999,stop,-66.72999999999956,stop,-67.72999999999956,stop
2011-04-18,2011,小漲0~1%,active,8718.12,1.0,-3.640000000001237,close,-3.640000000001237,close,-3.640000000001237,close,-3.640000000001237,close
2011-04-19,2011,跌-2~-1%,active,8714.48,-1.0,75.93000000000029,close,75.93000000000029,close,75.93000000000029,close,75.93000000000029,close
2011-04-20,2011,小漲0~1%,active,8638.55,1.0,174.73000000000138,close,174.73000000000138,close,174.73000000000138,close,174.73000000000138,close
2011-04-21,2011,大漲>=2%,active,8899.83,-1.0,-57.81999999999971,close,-66.748725,stop,-68.29000000000087,stop_gap,-69.29000000000087,stop_gap
2011-04-22,2011,小跌-1~0,flat,,,,,,,,,,
2011-04-25,2011,小跌-1~0,flat,,,,,,,,,,
2011-04-26,2011,小漲0~1%,active,8950.75,1.0,-2.610000000000582,close,-67.130625,stop,-67.75,stop,-68.75,stop
2011-04-27,2011,漲1~2%,active,8948.14,1.0,101.11000000000058,close,101.11000000000058,close,101.11000000000058,close,101.11000000000058,close
2011-04-28,2011,小漲0~1%,active,9049.25,1.0,-8.479999999999563,close,-8.479999999999563,close,-8.479999999999563,close,-8.479999999999563,close
2011-04-29,2011,小跌-1~0,flat,,,,,,,,,,
2011-05-03,2011,跌-2~-1%,active,9007.87,-1.0,61.79000000000087,close,61.79000000000087,close,61.79000000000087,close,61.79000000000087,close
2011-05-04,2011,跌-2~-1%,active,8946.08,-1.0,-1.2700000000004366,close,-1.2700000000004366,close,-1.2700000000004366,close,-1.2700000000004366,close
2011-05-05,2011,小漲0~1%,active,8947.35,1.0,71.26000000000022,close,71.26000000000022,close,71.26000000000022,close,71.26000000000022,close
2011-05-06,2011,小漲0~1%,active,9018.61,1.0,-41.38000000000102,close,-41.38000000000102,close,-41.38000000000102,close,-41.38000000000102,close
2011-05-09,2011,小漲0~1%,active,8977.23,1.0,58.25,close,58.25,close,58.25,close,58.25,close
2011-05-10,2011,小跌-1~0,flat,,,,,,,,,,
2011-05-11,2011,小漲0~1%,active,9023.28,1.0,-2.8800000000010186,close,-2.8800000000010186,close,-2.8800000000010186,close,-2.8800000000010186,close
2011-05-12,2011,小跌-1~0,flat,,,,,,,,,,
2011-05-13,2011,漲1~2%,active,9033.68,1.0,-27.06999999999971,close,-27.06999999999971,close,-27.06999999999971,close,-27.06999999999971,close
2011-05-16,2011,跌-2~-1%,active,9006.61,-1.0,94.90000000000146,close,94.90000000000146,close,94.90000000000146,close,94.90000000000146,close
2011-05-17,2011,跌-2~-1%,active,8911.71,-1.0,27.61999999999898,close,27.61999999999898,close,27.61999999999898,close,27.61999999999898,close
2011-05-18,2011,跌-2~-1%,active,8884.09,-1.0,-60.75,close,-60.75,close,-60.75,close,-60.75,close
2011-05-19,2011,漲1~2%,active,8944.84,1.0,-51.960000000000946,close,-51.960000000000946,close,-51.960000000000946,close,-51.960000000000946,close
2011-05-20,2011,小跌-1~0,flat,,,,,,,,,,
2011-05-23,2011,小跌-1~0,flat,,,,,,,,,,
2011-05-24,2011,大跌<-2%,flat,,,,,,,,,,
2011-05-25,2011,小跌-1~0,flat,,,,,,,,,,
2011-05-26,2011,小漲0~1%,active,8727.09,1.0,61.30999999999949,close,61.30999999999949,close,61.30999999999949,close,61.30999999999949,close
2011-05-27,2011,小漲0~1%,active,8788.4,1.0,21.600000000000364,close,21.600000000000364,close,21.600000000000364,close,21.600000000000364,close
2011-05-30,2011,漲1~2%,active,8810.0,1.0,13.680000000000291,close,13.680000000000291,close,13.680000000000291,close,13.680000000000291,close
2011-05-31,2011,漲1~2%,active,8823.68,1.0,165.15999999999985,close,165.15999999999985,close,165.15999999999985,close,165.15999999999985,close
2011-06-01,2011,漲1~2%,active,8988.84,1.0,73.51000000000022,close,73.51000000000022,close,73.51000000000022,close,73.51000000000022,close
2011-06-02,2011,大跌<-2%,flat,,,,,,,,,,
2011-06-03,2011,小漲0~1%,active,8991.36,1.0,54.92000000000007,close,54.92000000000007,close,54.92000000000007,close,54.92000000000007,close
2011-06-07,2011,小跌-1~0,flat,,,,,,,,,,
2011-06-08,2011,小漲0~1%,active,9057.1,1.0,-49.56999999999971,close,-49.56999999999971,close,-49.56999999999971,close,-49.56999999999971,close
2011-06-09,2011,大跌<-2%,flat,,,,,,,,,,
2011-06-10,2011,小漲0~1%,active,9000.94,1.0,-163.1200000000008,close,-67.50705,stop,-67.94000000000051,stop,-68.94000000000051,stop
2011-06-13,2011,跌-2~-1%,active,8837.82,-1.0,124.86999999999898,close,124.86999999999898,close,124.86999999999898,close,124.86999999999898,close
2011-06-14,2011,小跌-1~0,flat,,,,,,,,,,
2011-06-15,2011,漲1~2%,active,8829.21,1.0,2.2400000000016007,close,-66.21907499999999,stop,-67.20999999999913,stop,-68.20999999999913,stop
2011-06-16,2011,大跌<-2%,flat,,,,,,,,,,
2011-06-17,2011,跌-2~-1%,active,8654.43,-1.0,18.329999999999927,close,18.329999999999927,close,18.329999999999927,close,18.329999999999927,close
2011-06-20,2011,跌-2~-1%,active,8636.1,-1.0,105.42000000000007,close,105.42000000000007,close,105.42000000000007,close,105.42000000000007,close
2011-06-21,2011,小漲0~1%,active,8530.68,1.0,66.94000000000051,close,66.94000000000051,close,66.94000000000051,close,66.94000000000051,close
2011-06-22,2011,大漲>=2%,active,8649.31,-1.0,28.269999999998618,close,28.269999999998618,close,28.269999999998618,close,28.269999999998618,close
2011-06-23,2011,小跌-1~0,flat,,,,,,,,,,
2011-06-24,2011,漲1~2%,active,8567.28,1.0,-34.45000000000073,close,-34.45000000000073,close,-34.45000000000073,close,-34.45000000000073,close
2011-06-27,2011,大跌<-2%,flat,,,,,,,,,,
2011-06-28,2011,小漲0~1%,active,8500.16,1.0,-21.299999999999272,close,-21.299999999999272,close,-21.299999999999272,close,-21.299999999999272,close
2011-06-29,2011,漲1~2%,active,8478.86,1.0,94.51999999999862,close,94.51999999999862,close,94.51999999999862,close,94.51999999999862,close
2011-06-30,2011,小跌-1~0,flat,,,,,,,,,,
2011-07-01,2011,大漲>=2%,active,8717.82,-1.0,-22.0,close,-22.0,close,-22.0,close,-22.0,close
2011-07-04,2011,大漲>=2%,active,8795.32,-1.0,20.600000000000364,close,20.600000000000364,close,20.600000000000364,close,20.600000000000364,close
2011-07-05,2011,大漲>=2%,active,8765.57,-1.0,-18.8700000000008,close,-18.8700000000008,close,-18.8700000000008,close,-18.8700000000008,close
2011-07-06,2011,小跌-1~0,flat,,,,,,,,,,
2011-07-07,2011,小跌-1~0,flat,,,,,,,,,,
2011-07-08,2011,大漲>=2%,active,8816.47,-1.0,66.92000000000007,close,66.92000000000007,close,66.92000000000007,close,66.92000000000007,close
2011-07-11,2011,跌-2~-1%,active,8749.55,-1.0,83.69999999999891,close,83.69999999999891,close,83.69999999999891,close,83.69999999999891,close
2011-07-12,2011,跌-2~-1%,active,8665.85,-1.0,174.84000000000015,close,174.84000000000015,close,174.84000000000015,close,174.84000000000015,close
2011-07-13,2011,大跌<-2%,flat,,,,,,,,,,
2011-07-14,2011,小跌-1~0,flat,,,,,,,,,,
2011-07-15,2011,跌-2~-1%,active,8481.35,-1.0,-93.55999999999949,close,-63.610125000000004,stop,-63.649999999999636,stop,-64.64999999999964,stop
2011-07-18,2011,小漲0~1%,active,8574.91,1.0,-36.340000000000146,close,-64.311825,stop,-64.32999999999993,stop_gap,-65.32999999999993,stop_gap
2011-07-19,2011,跌-2~-1%,active,8538.57,-1.0,14.0,close,14.0,close,14.0,close,14.0,close
2011-07-20,2011,大漲>=2%,active,8643.44,-1.0,-62.72999999999956,close,-62.72999999999956,close,-62.72999999999956,close,-62.72999999999956,close
2011-07-21,2011,小跌-1~0,flat,,,,,,,,,,
2011-07-22,2011,小漲0~1%,active,8717.14,1.0,48.18000000000029,close,48.18000000000029,close,48.18000000000029,close,48.18000000000029,close
2011-07-25,2011,大漲>=2%,active,8728.23,-1.0,44.719999999999345,close,44.719999999999345,close,44.719999999999345,close,44.719999999999345,close
2011-07-26,2011,跌-2~-1%,active,8683.51,-1.0,-110.72999999999956,close,-65.126325,stop,-65.48999999999978,stop,-66.48999999999978,stop
2011-07-27,2011,小漲0~1%,active,8794.24,1.0,23.25,close,23.25,close,23.25,close,23.25,close
2011-07-28,2011,大跌<-2%,flat,,,,,,,,,,
2011-07-29,2011,小跌-1~0,flat,,,,,,,,,,
2011-08-01,2011,小跌-1~0,flat,,,,,,,,,,
2011-08-02,2011,小跌-1~0,flat,,,,,,,,,,
2011-08-03,2011,大跌<-2%,flat,,,,,,,,,,
2011-08-04,2011,漲1~2%,active,8456.86,1.0,-139.59000000000015,close,-63.42645,stop,-63.86000000000058,stop,-64.86000000000058,stop
2011-08-05,2011,大跌<-2%,flat,,,,,,,,,,
2011-08-08,2011,跌-2~-1%,active,7853.13,-1.0,300.3299999999999,close,300.3299999999999,close,300.3299999999999,close,300.3299999999999,close
2011-08-09,2011,大跌<-2%,flat,,,,,,,,,,
2011-08-10,2011,大漲>=2%,active,7645.47,-1.0,-90.84999999999945,close,-57.341025,stop,-57.529999999999745,stop,-58.529999999999745,stop
2011-08-11,2011,大跌<-2%,flat,,,,,,,,,,
2011-08-12,2011,大漲>=2%,active,7798.27,-1.0,161.25,close,161.25,close,161.25,close,161.25,close
2011-08-15,2011,小跌-1~0,flat,,,,,,,,,,
2011-08-16,2011,漲1~2%,active,7819.39,1.0,-20.800000000000182,close,-20.800000000000182,close,-20.800000000000182,close,-20.800000000000182,close
2011-08-17,2011,跌-2~-1%,active,7798.59,-1.0,56.82999999999993,close,56.82999999999993,close,56.82999999999993,close,56.82999999999993,close
2011-08-18,2011,小跌-1~0,flat,,,,,,,,,,
2011-08-19,2011,大跌<-2%,flat,,,,,,,,,,
2011-08-22,2011,跌-2~-1%,active,7342.96,-1.0,30.36999999999989,close,-55.072199999999995,stop,-56.039999999999964,stop,-57.039999999999964,stop
2011-08-23,2011,小漲0~1%,active,7312.59,1.0,237.63999999999942,close,237.63999999999942,close,237.63999999999942,close,237.63999999999942,close
2011-08-24,2011,大漲>=2%,active,7520.45,-1.0,17.519999999999527,close,17.519999999999527,close,17.519999999999527,close,17.519999999999527,close
2011-08-25,2011,小跌-1~0,flat,,,,,,,,,,
2011-08-26,2011,大跌<-2%,flat,,,,,,,,,,
2011-08-29,2011,大漲>=2%,active,7571.19,-1.0,-6.8200000000006185,close,-6.8200000000006185,close,-6.8200000000006185,close,-6.8200000000006185,close
2011-08-30,2011,大漲>=2%,active,7640.44,-1.0,-5.75,close,-5.75,close,-5.75,close,-5.75,close
2011-08-31,2011,小跌-1~0,flat,,,,,,,,,,
2011-09-01,2011,小跌-1~0,flat,,,,,,,,,,
2011-09-02,2011,跌-2~-1%,active,7757.76,-1.0,0.6999999999998181,close,0.6999999999998181,close,0.6999999999998181,close,0.6999999999998181,close
2011-09-05,2011,大跌<-2%,flat,,,,,,,,,,
2011-09-06,2011,大跌<-2%,flat,,,,,,,,,,
2011-09-07,2011,小跌-1~0,flat,,,,,,,,,,
2011-09-08,2011,大漲>=2%,active,7584.57,-1.0,36.19999999999982,close,36.19999999999982,close,36.19999999999982,close,36.19999999999982,close
2011-09-09,2011,小跌-1~0,flat,,,,,,,,,,
2011-09-13,2011,大漲>=2%,active,7454.25,-1.0,62.88000000000011,close,62.88000000000011,close,62.88000000000011,close,62.88000000000011,close
2011-09-14,2011,大漲>=2%,active,7409.63,-1.0,181.15999999999985,close,181.15999999999985,close,181.15999999999985,close,181.15999999999985,close
2011-09-15,2011,大漲>=2%,active,7373.38,-1.0,-12.300000000000182,close,-55.30035,stop,-55.61999999999989,stop,-56.61999999999989,stop
2011-09-16,2011,漲1~2%,active,7385.68,1.0,191.71999999999935,close,191.71999999999935,close,191.71999999999935,close,191.71999999999935,close
2011-09-19,2011,小漲0~1%,active,7577.4,1.0,-96.51999999999953,close,-56.830499999999994,stop,-57.399999999999636,stop,-58.399999999999636,stop
2011-09-20,2011,跌-2~-1%,active,7480.88,-1.0,-11.970000000000255,close,-56.1066,stop,-59.599999999999454,stop_gap,-60.599999999999454,stop_gap
2011-09-21,2011,跌-2~-1%,active,7492.85,-1.0,-43.029999999999745,close,-56.196375,stop,-57.149999999999636,stop,-58.149999999999636,stop
2011-09-22,2011,跌-2~-1%,active,7535.88,-1.0,230.3800000000001,close,230.3800000000001,close,230.3800000000001,close,230.3800000000001,close
2011-09-23,2011,大跌<-2%,flat,,,,,,,,,,
2011-09-26,2011,大漲>=2%,active,7001.52,-1.0,124.40000000000055,close,124.40000000000055,close,124.40000000000055,close,124.40000000000055,close
2011-09-27,2011,小跌-1~0,flat,,,,,,,,,,
2011-09-28,2011,漲1~2%,active,7089.95,1.0,57.029999999999745,close,57.029999999999745,close,57.029999999999745,close,57.029999999999745,close
2011-09-29,2011,大跌<-2%,flat,,,,,,,,,,
2011-09-30,2011,跌-2~-1%,active,7182.61,-1.0,-42.77000000000044,close,-53.869575,stop,-54.39000000000033,stop,-55.39000000000033,stop
2011-10-03,2011,大跌<-2%,flat,,,,,,,,,,
2011-10-04,2011,大跌<-2%,flat,,,,,,,,,,
2011-10-05,2011,大漲>=2%,active,7025.18,-1.0,36.030000000000655,close,36.030000000000655,close,36.030000000000655,close,36.030000000000655,close
2011-10-06,2011,大漲>=2%,active,7162.5,-1.0,30.5,close,30.5,close,30.5,close,30.5,close
2011-10-07,2011,漲1~2%,active,7132.0,1.0,79.96000000000004,close,79.96000000000004,close,79.96000000000004,close,79.96000000000004,close
2011-10-11,2011,大漲>=2%,active,7380.79,-1.0,-17.920000000000073,close,-17.920000000000073,close,-17.920000000000073,close,-17.920000000000073,close
2011-10-12,2011,小跌-1~0,flat,,,,,,,,,,
2011-10-13,2011,小漲0~1%,active,7382.35,1.0,45.97999999999956,close,45.97999999999956,close,45.97999999999956,close,45.97999999999956,close
2011-10-14,2011,大漲>=2%,active,7391.7,-1.0,33.61999999999989,close,33.61999999999989,close,33.61999999999989,close,33.61999999999989,close
2011-10-17,2011,漲1~2%,active,7358.08,1.0,103.03999999999996,close,103.03999999999996,close,103.03999999999996,close,103.03999999999996,close
2011-10-18,2011,大跌<-2%,flat,,,,,,,,,,
2011-10-19,2011,大漲>=2%,active,7359.25,-1.0,5.880000000000109,close,5.880000000000109,close,5.880000000000109,close,5.880000000000109,close
2011-10-20,2011,大跌<-2%,flat,,,,,,,,,,
2011-10-21,2011,跌-2~-1%,active,7244.32,-1.0,-10.19000000000051,close,-10.19000000000051,close,-10.19000000000051,close,-10.19000000000051,close
2011-10-24,2011,大漲>=2%,active,7439.11,-1.0,-31.19000000000051,close,-31.19000000000051,close,-31.19000000000051,close,-31.19000000000051,close
2011-10-25,2011,大漲>=2%,active,7502.79,-1.0,11.579999999999927,close,11.579999999999927,close,11.579999999999927,close,11.579999999999927,close
2011-10-26,2011,跌-2~-1%,active,7491.21,-1.0,-44.60999999999967,close,-56.184075,stop,-56.789999999999964,stop,-57.789999999999964,stop
2011-10-27,2011,小漲0~1%,active,7535.82,1.0,29.390000000000327,close,29.390000000000327,close,29.390000000000327,close,29.390000000000327,close
2011-10-28,2011,大漲>=2%,active,7695.43,-1.0,79.36999999999989,close,79.36999999999989,close,79.36999999999989,close,79.36999999999989,close
2011-10-31,2011,小漲0~1%,active,7616.06,1.0,-28.3700000000008,close,-57.12045,stop,-58.0600000000004,stop,-59.0600000000004,stop
2011-11-01,2011,大跌<-2%,flat,,,,,,,,,,
2011-11-02,2011,大跌<-2%,flat,,,,,,,,,,
2011-11-03,2011,小漲0~1%,active,7598.45,1.0,-138.13999999999942,close,-56.988375,stop,-57.44999999999982,stop,-58.44999999999982,stop
2011-11-04,2011,大漲>=2%,active,7617.01,-1.0,13.780000000000655,close,13.780000000000655,close,13.780000000000655,close,13.780000000000655,close
2011-11-07,2011,漲1~2%,active,7603.23,1.0,18.49000000000069,close,18.49000000000069,close,18.49000000000069,close,18.49000000000069,close
2011-11-08,2011,小跌-1~0,flat,,,,,,,,,,
2011-11-09,2011,小漲0~1%,active,7600.79,1.0,-38.93000000000029,close,-38.93000000000029,close,-38.93000000000029,close,-38.93000000000029,close
2011-11-10,2011,大跌<-2%,flat,,,,,,,,,,
2011-11-11,2011,小漲0~1%,active,7308.68,1.0,58.60999999999967,close,58.60999999999967,close,58.60999999999967,close,58.60999999999967,close
2011-11-14,2011,大漲>=2%,active,7523.88,-1.0,-1.769999999999527,close,-1.769999999999527,close,-1.769999999999527,close,-1.769999999999527,close
2011-11-15,2011,跌-2~-1%,active,7525.65,-1.0,34.589999999999236,close,34.589999999999236,close,34.589999999999236,close,34.589999999999236,close
2011-11-16,2011,漲1~2%,active,7491.06,1.0,-103.53999999999996,close,-56.18295,stop,-57.0600000000004,stop,-58.0600000000004,stop
2011-11-17,2011,小跌-1~0,flat,,,,,,,,,,
2011-11-18,2011,大跌<-2%,flat,,,,,,,,,,
2011-11-21,2011,小跌-1~0,flat,,,,,,,,,,
2011-11-22,2011,跌-2~-1%,active,7042.64,-1.0,42.61000000000058,close,42.61000000000058,close,42.61000000000058,close,42.61000000000058,close
2011-11-23,2011,跌-2~-1%,active,7000.03,-1.0,193.59999999999945,close,193.59999999999945,close,193.59999999999945,close,193.59999999999945,close
2011-11-24,2011,大跌<-2%,flat,,,,,,,,,,
2011-11-25,2011,大跌<-2%,flat,,,,,,,,,,
2011-11-28,2011,跌-2~-1%,active,6784.52,-1.0,-114.25999999999931,close,-50.883900000000004,stop,-51.47999999999956,stop,-52.47999999999956,stop
2011-11-29,2011,大漲>=2%,active,6955.21,-1.0,-33.4399999999996,close,-33.4399999999996,close,-33.4399999999996,close,-33.4399999999996,close
2011-11-30,2011,小跌-1~0,flat,,,,,,,,,,
2011-12-01,2011,大漲>=2%,active,7131.83,-1.0,-46.85999999999967,close,-53.488724999999995,stop,-54.17000000000007,stop,-55.17000000000007,stop
2011-12-02,2011,小漲0~1%,active,7178.69,1.0,-38.00999999999931,close,-53.840174999999995,stop,-54.6899999999996,stop,-55.6899999999996,stop
2011-12-05,2011,小跌-1~0,flat,,,,,,,,,,
2011-12-06,2011,小漲0~1%,active,7098.08,1.0,-141.80000000000018,close,-53.2356,stop,-54.07999999999993,stop,-55.07999999999993,stop
2011-12-07,2011,小跌-1~0,flat,,,,,,,,,,
2011-12-08,2011,漲1~2%,active,7033.0,1.0,-50.100000000000364,close,-52.747499999999995,stop,-53.0,stop,-54.0,stop
2011-12-09,2011,大跌<-2%,flat,,,,,,,,,,
2011-12-12,2011,漲1~2%,active,6893.3,1.0,55.73999999999978,close,55.73999999999978,close,55.73999999999978,close,55.73999999999978,close
2011-12-13,2011,大跌<-2%,flat,,,,,,,,,,
2011-12-14,2011,大跌<-2%,flat,,,,,,,,,,
2011-12-15,2011,跌-2~-1%,active,6922.57,-1.0,157.97999999999956,close,157.97999999999956,close,157.97999999999956,close,157.97999999999956,close
2011-12-16,2011,小跌-1~0,flat,,,,,,,,,,
2011-12-19,2011,小漲0~1%,active,6785.09,1.0,-151.76000000000022,close,-50.888175,stop,-51.090000000000146,stop,-52.090000000000146,stop
2011-12-20,2011,大跌<-2%,flat,,,,,,,,,,
2011-12-21,2011,大漲>=2%,active,6922.71,-1.0,-43.76999999999953,close,-43.76999999999953,close,-43.76999999999953,close,-43.76999999999953,close
2011-12-22,2011,跌-2~-1%,active,6966.48,-1.0,0.12999999999919964,close,0.12999999999919964,close,0.12999999999919964,close,0.12999999999919964,close
2011-12-23,2011,大漲>=2%,active,7080.46,-1.0,-30.269999999999527,close,-30.269999999999527,close,-30.269999999999527,close,-30.269999999999527,close
2011-12-26,2011,小漲0~1%,active,7110.73,1.0,-18.149999999999636,close,-18.149999999999636,close,-18.149999999999636,close,-18.149999999999636,close
2011-12-27,2011,小漲0~1%,active,7092.58,1.0,-7.550000000000182,close,-7.550000000000182,close,-7.550000000000182,close,-7.550000000000182,close
2011-12-28,2011,小跌-1~0,flat,,,,,,,,,,
2011-12-29,2011,跌-2~-1%,active,7056.67,-1.0,-18.149999999999636,close,-18.149999999999636,close,-18.149999999999636,close,-18.149999999999636,close
2011-12-30,2011,小漲0~1%,active,7074.82,1.0,-2.7399999999997817,close,-2.7399999999997817,close,-2.7399999999997817,close,-2.7399999999997817,close
2012-01-02,2012,小跌-1~0,flat,,,,,,,,,,
2012-01-03,2012,小跌-1~0,flat,,,,,,,,,,
2012-01-04,2012,漲1~2%,active,7053.38,1.0,29.590000000000146,close,29.590000000000146,close,29.590000000000146,close,29.590000000000146,close
2012-01-05,2012,小漲0~1%,active,7082.97,1.0,47.88999999999942,close,47.88999999999942,close,47.88999999999942,close,47.88999999999942,close
2012-01-06,2012,漲1~2%,active,7130.86,1.0,-10.349999999999454,close,-10.349999999999454,close,-10.349999999999454,close,-10.349999999999454,close
2012-01-09,2012,小漲0~1%,active,7120.51,1.0,-27.470000000000255,close,-53.403825,stop,-54.960000000000036,stop_gap,-55.960000000000036,stop_gap
2012-01-10,2012,漲1~2%,active,7093.04,1.0,85.82999999999993,close,85.82999999999993,close,85.82999999999993,close,85.82999999999993,close
2012-01-11,2012,小漲0~1%,active,7178.87,1.0,9.340000000000146,close,9.340000000000146,close,9.340000000000146,close,9.340000000000146,close
2012-01-12,2012,小漲0~1%,active,7188.21,1.0,-1.6300000000001091,close,-1.6300000000001091,close,-1.6300000000001091,close,-1.6300000000001091,close
2012-01-13,2012,小漲0~1%,active,7186.58,1.0,-5.039999999999964,close,-5.039999999999964,close,-5.039999999999964,close,-5.039999999999964,close
2012-01-16,2012,大跌<-2%,flat,,,,,,,,,,
2012-01-17,2012,大跌<-2%,flat,,,,,,,,,,
2012-01-18,2012,小漲0~1%,active,7221.08,1.0,12.609999999999673,close,12.609999999999673,close,12.609999999999673,close,12.609999999999673,close
2012-01-30,2012,小漲0~1%,active,7233.69,1.0,173.72000000000025,close,173.72000000000025,close,173.72000000000025,close,173.72000000000025,close
2012-01-31,2012,跌-2~-1%,active,7407.41,-1.0,-109.67000000000007,close,-55.555575,stop,-55.590000000000146,stop,-56.590000000000146,stop
2012-02-01,2012,小漲0~1%,active,7517.08,1.0,32.13000000000011,close,32.13000000000011,close,32.13000000000011,close,32.13000000000011,close
2012-02-02,2012,大漲>=2%,active,7634.58,-1.0,-17.88000000000011,close,-17.88000000000011,close,-17.88000000000011,close,-17.88000000000011,close
2012-02-03,2012,小漲0~1%,active,7652.46,1.0,22.529999999999745,close,22.529999999999745,close,22.529999999999745,close,22.529999999999745,close
2012-02-04,2012,漲1~2%,active,7674.99,1.0,66.25,close,66.25,close,66.25,close,66.25,close
2012-02-06,2012,漲1~2%,active,7741.24,1.0,-53.26000000000022,close,-58.05929999999999,stop,-58.23999999999978,stop,-59.23999999999978,stop
2012-02-07,2012,跌-2~-1%,active,7687.98,-1.0,-19.460000000000036,close,-57.65984999999999,stop,-58.02000000000044,stop,-59.02000000000044,stop
2012-02-08,2012,小漲0~1%,active,7707.44,1.0,162.47000000000025,close,162.47000000000025,close,162.47000000000025,close,162.47000000000025,close
2012-02-09,2012,漲1~2%,active,7869.91,1.0,40.86999999999989,close,40.86999999999989,close,40.86999999999989,close,40.86999999999989,close
2012-02-10,2012,小漲0~1%,active,7910.78,1.0,-48.50999999999931,close,-59.33085,stop,-59.779999999999745,stop,-60.779999999999745,stop
2012-02-13,2012,大跌<-2%,flat,,,,,,,,,,
2012-02-14,2012,小漲0~1%,active,7912.91,1.0,-28.829999999999927,close,-59.346824999999995,stop,-59.909999999999854,stop,-60.909999999999854,stop
2012-02-15,2012,小漲0~1%,active,7884.08,1.0,121.15999999999985,close,121.15999999999985,close,121.15999999999985,close,121.15999999999985,close
2012-02-16,2012,小漲0~1%,active,8005.24,1.0,-135.53999999999996,close,-60.0393,stop,-60.23999999999978,stop,-61.23999999999978,stop
2012-02-17,2012,大漲>=2%,active,7944.79,-1.0,50.43000000000029,close,50.43000000000029,close,50.43000000000029,close,50.43000000000029,close
2012-02-20,2012,小跌-1~0,flat,,,,,,,,,,
2012-02-21,2012,小跌-1~0,flat,,,,,,,,,,
2012-02-22,2012,跌-2~-1%,active,7921.5,-1.0,-80.18000000000029,close,-59.411249999999995,stop,-59.5,stop,-60.5,stop
2012-02-23,2012,小跌-1~0,flat,,,,,,,,,,
2012-02-24,2012,小漲0~1%,active,7937.3,1.0,22.039999999999964,close,22.039999999999964,close,22.039999999999964,close,22.039999999999964,close
2012-02-29,2012,漲1~2%,active,7959.34,1.0,162.09999999999945,close,162.09999999999945,close,162.09999999999945,close,162.09999999999945,close
2012-03-01,2012,跌-2~-1%,active,8121.44,-1.0,3.0999999999994543,close,3.0999999999994543,close,3.0999999999994543,close,3.0999999999994543,close
2012-03-02,2012,小漲0~1%,active,8118.34,1.0,25.699999999999818,close,25.699999999999818,close,25.699999999999818,close,25.699999999999818,close
2012-03-03,2012,跌-2~-1%,active,8144.04,-1.0,29.600000000000364,close,29.600000000000364,close,29.600000000000364,close,29.600000000000364,close
2012-03-05,2012,跌-2~-1%,active,8114.44,-1.0,109.69999999999982,close,109.69999999999982,close,109.69999999999982,close,109.69999999999982,close
2012-03-06,2012,大跌<-2%,flat,,,,,,,,,,
2012-03-07,2012,小跌-1~0,flat,,,,,,,,,,
2012-03-08,2012,漲1~2%,active,7903.08,1.0,81.48000000000047,close,81.48000000000047,close,81.48000000000047,close,81.48000000000047,close
2012-03-09,2012,漲1~2%,active,7984.56,1.0,31.449999999999818,close,31.449999999999818,close,31.449999999999818,close,31.449999999999818,close
2012-03-12,2012,漲1~2%,active,8016.01,1.0,-88.46000000000004,close,-60.120075,stop,-61.01000000000022,stop,-62.01000000000022,stop
2012-03-13,2012,跌-2~-1%,active,7927.55,-1.0,-103.96000000000004,close,-59.456625,stop,-60.44999999999982,stop,-61.44999999999982,stop
2012-03-14,2012,大漲>=2%,active,8147.13,-1.0,21.86999999999989,close,21.86999999999989,close,21.86999999999989,close,21.86999999999989,close
2012-03-15,2012,小跌-1~0,flat,,,,,,,,,,
2012-03-16,2012,漲1~2%,active,8121.62,1.0,-66.68000000000029,close,-60.91215,stop,-66.68000000000029,stop_gap,-67.68000000000029,stop_gap
2012-03-19,2012,小漲0~1%,active,8054.94,1.0,-11.019999999999527,close,-11.019999999999527,close,-11.019999999999527,close,-11.019999999999527,close
2012-03-20,2012,小漲0~1%,active,8043.92,1.0,-71.22000000000025,close,-60.3294,stop,-60.92000000000007,stop_gap,-61.92000000000007,stop_gap
2012-03-21,2012,小跌-1~0,flat,,,,,,,,,,
2012-03-22,2012,小漲0~1%,active,7981.94,1.0,78.0,close,78.0,close,78.0,close,78.0,close
2012-03-23,2012,小跌-1~0,flat,,,,,,,,,,
2012-03-26,2012,小漲0~1%,active,8076.61,1.0,-108.98999999999978,close,-60.574574999999996,stop,-60.60999999999967,stop,-61.60999999999967,stop
2012-03-27,2012,漲1~2%,active,7967.62,1.0,61.840000000000146,close,61.840000000000146,close,61.840000000000146,close,61.840000000000146,close
2012-03-28,2012,小跌-1~0,flat,,,,,,,,,,
2012-03-29,2012,跌-2~-1%,active,8038.07,-1.0,165.40999999999985,close,165.40999999999985,close,165.40999999999985,close,165.40999999999985,close
2012-03-30,2012,小漲0~1%,active,7872.66,1.0,60.340000000000146,close,-59.04495,stop,-59.659999999999854,stop,-60.659999999999854,stop
2012-04-02,2012,小漲0~1%,active,7933.0,1.0,-70.10000000000036,close,-59.497499999999995,stop,-61.01000000000022,stop_gap,-62.01000000000022,stop_gap
2012-04-03,2012,小跌-1~0,flat,,,,,,,,,,
2012-04-05,2012,大跌<-2%,flat,,,,,,,,,,
2012-04-06,2012,小漲0~1%,active,7639.82,1.0,66.44000000000051,close,66.44000000000051,close,66.44000000000051,close,66.44000000000051,close
2012-04-09,2012,小漲0~1%,active,7706.26,1.0,-105.39000000000033,close,-57.79695,stop,-58.26000000000022,stop,-59.26000000000022,stop
2012-04-10,2012,跌-2~-1%,active,7600.87,-1.0,-39.8100000000004,close,-57.006524999999996,stop,-57.13000000000011,stop,-58.13000000000011,stop
2012-04-11,2012,跌-2~-1%,active,7640.68,-1.0,-15.989999999999782,close,-15.989999999999782,close,-15.989999999999782,close,-15.989999999999782,close
2012-04-12,2012,漲1~2%,active,7656.67,1.0,6.25,close,-57.425025,stop,-57.67000000000007,stop,-58.67000000000007,stop
2012-04-13,2012,漲1~2%,active,7662.92,1.0,125.35000000000036,close,125.35000000000036,close,125.35000000000036,close,125.35000000000036,close
2012-04-16,2012,跌-2~-1%,active,7788.27,-1.0,58.410000000000764,close,58.410000000000764,close,58.410000000000764,close,58.410000000000764,close
2012-04-17,2012,小漲0~1%,active,7729.86,1.0,-143.98999999999978,close,-57.973949999999995,stop,-58.85999999999967,stop,-59.85999999999967,stop
2012-04-18,2012,漲1~2%,active,7585.87,1.0,19.13000000000011,close,19.13000000000011,close,19.13000000000011,close,19.13000000000011,close
2012-04-19,2012,小跌-1~0,flat,,,,,,,,,,
2012-04-20,2012,跌-2~-1%,active,7622.69,-1.0,115.53999999999996,close,115.53999999999996,close,115.53999999999996,close,115.53999999999996,close
2012-04-23,2012,大跌<-2%,flat,,,,,,,,,,
2012-04-24,2012,跌-2~-1%,active,7481.09,-1.0,-17.75,close,-17.75,close,-17.75,close,-17.75,close
2012-04-25,2012,小跌-1~0,flat,,,,,,,,,,
2012-04-26,2012,大漲>=2%,active,7539.85,-1.0,18.5,close,18.5,close,18.5,close,18.5,close
2012-04-27,2012,大漲>=2%,active,7528.03,-1.0,47.529999999999745,close,47.529999999999745,close,47.529999999999745,close,47.529999999999745,close
2012-04-30,2012,小漲0~1%,active,7480.5,1.0,21.220000000000255,close,-56.10375,stop,-56.5,stop,-57.5,stop
2012-05-02,2012,小漲0~1%,active,7501.72,1.0,175.09000000000015,close,175.09000000000015,close,175.09000000000015,close,175.09000000000015,close
2012-05-03,2012,小漲0~1%,active,7676.81,1.0,-17.280000000000655,close,-17.280000000000655,close,-17.280000000000655,close,-17.280000000000655,close
2012-05-04,2012,大跌<-2%,flat,,,,,,,,,,
2012-05-07,2012,大跌<-2%,flat,,,,,,,,,,
2012-05-08,2012,小跌-1~0,flat,,,,,,,,,,
2012-05-09,2012,小跌-1~0,flat,,,,,,,,,,
2012-05-10,2012,小跌-1~0,flat,,,,,,,,,,
2012-05-11,2012,小跌-1~0,flat,,,,,,,,,,
2012-05-14,2012,小漲0~1%,active,7401.37,1.0,-24.1899999999996,close,-24.1899999999996,close,-24.1899999999996,close,-24.1899999999996,close
2012-05-15,2012,跌-2~-1%,active,7377.18,-1.0,-18.460000000000036,close,-18.460000000000036,close,-18.460000000000036,close,-18.460000000000036,close
2012-05-16,2012,跌-2~-1%,active,7395.64,-1.0,161.07000000000062,close,161.07000000000062,close,161.07000000000062,close,161.07000000000062,close
2012-05-17,2012,跌-2~-1%,active,7234.57,-1.0,-122.20000000000073,close,-54.259274999999995,stop,-54.43000000000029,stop,-55.43000000000029,stop
2012-05-18,2012,大跌<-2%,flat,,,,,,,,,,
2012-05-21,2012,跌-2~-1%,active,7151.19,-1.0,-41.039999999999964,close,-53.633925,stop,-53.8100000000004,stop,-54.8100000000004,stop
2012-05-22,2012,大漲>=2%,active,7242.68,-1.0,-32.210000000000036,close,-32.210000000000036,close,-32.210000000000036,close,-32.210000000000036,close
2012-05-23,2012,小跌-1~0,flat,,,,,,,,,,
2012-05-24,2012,小漲0~1%,active,7147.75,1.0,-22.859999999999673,close,-53.608125,stop,-53.75,stop,-54.75,stop
2012-05-25,2012,跌-2~-1%,active,7124.89,-1.0,53.26000000000022,close,53.26000000000022,close,53.26000000000022,close,53.26000000000022,close
2012-05-28,2012,漲1~2%,active,7071.63,1.0,64.36999999999989,close,64.36999999999989,close,64.36999999999989,close,64.36999999999989,close
2012-05-29,2012,漲1~2%,active,7136.0,1.0,206.28999999999996,close,206.28999999999996,close,206.28999999999996,close,206.28999999999996,close
2012-05-30,2012,大漲>=2%,active,7254.09,-1.0,-7.710000000000036,close,-7.710000000000036,close,-7.710000000000036,close,-7.710000000000036,close
2012-05-31,2012,跌-2~-1%,active,7261.8,-1.0,-39.69999999999982,close,-39.69999999999982,close,-39.69999999999982,close,-39.69999999999982,close
2012-06-01,2012,跌-2~-1%,active,7301.5,-1.0,195.40999999999985,close,195.40999999999985,close,195.40999999999985,close,195.40999999999985,close
2012-06-04,2012,大跌<-2%,flat,,,,,,,,,,
2012-06-05,2012,小跌-1~0,flat,,,,,,,,,,
2012-06-06,2012,大漲>=2%,active,7063.9,-1.0,7.75,close,7.75,close,7.75,close,7.75,close
2012-06-07,2012,大漲>=2%,active,7117.1,-1.0,36.789999999999964,close,36.789999999999964,close,36.789999999999964,close,36.789999999999964,close
2012-06-08,2012,跌-2~-1%,active,7080.31,-1.0,80.66000000000076,close,80.66000000000076,close,80.66000000000076,close,80.66000000000076,close
2012-06-11,2012,漲1~2%,active,6999.65,1.0,120.57999999999993,close,120.57999999999993,close,120.57999999999993,close,120.57999999999993,close
2012-06-12,2012,跌-2~-1%,active,7120.23,-1.0,48.149999999999636,close,48.149999999999636,close,48.149999999999636,close,48.149999999999636,close
2012-06-13,2012,大漲>=2%,active,7074.58,-1.0,-14.25,close,-14.25,close,-14.25,close,-14.25,close
2012-06-14,2012,跌-2~-1%,active,7088.83,-1.0,13.729999999999563,close,13.729999999999563,close,13.729999999999563,close,13.729999999999563,close
2012-06-15,2012,小跌-1~0,flat,,,,,,,,,,
2012-06-18,2012,漲1~2%,active,7155.83,1.0,125.67000000000007,close,125.67000000000007,close,125.67000000000007,close,125.67000000000007,close
2012-06-19,2012,漲1~2%,active,7281.5,1.0,-8.36999999999989,close,-8.36999999999989,close,-8.36999999999989,close,-8.36999999999989,close
2012-06-20,2012,漲1~2%,active,7273.13,1.0,61.5,close,61.5,close,61.5,close,61.5,close
2012-06-21,2012,小漲0~1%,active,7334.63,1.0,-55.57999999999993,close,-55.009724999999996,stop,-55.63000000000011,stop,-56.63000000000011,stop
2012-06-22,2012,大跌<-2%,flat,,,,,,,,,,
2012-06-25,2012,漲1~2%,active,7222.05,1.0,-55.67000000000007,close,-54.165375,stop,-55.05000000000018,stop,-56.05000000000018,stop
2012-06-26,2012,大跌<-2%,flat,,,,,,,,,,
2012-06-27,2012,小漲0~1%,active,7137.93,1.0,45.07999999999993,close,45.07999999999993,close,45.07999999999993,close,45.07999999999993,close
2012-06-28,2012,漲1~2%,active,7183.01,1.0,-13.400000000000546,close,-13.400000000000546,close,-13.400000000000546,close,-13.400000000000546,close
2012-06-29,2012,小跌-1~0,flat,,,,,,,,,,
2012-07-02,2012,大漲>=2%,active,7335.07,-1.0,-10.090000000000146,close,-10.090000000000146,close,-10.090000000000146,close,-10.090000000000146,close
2012-07-03,2012,小跌-1~0,flat,,,,,,,,,,
2012-07-04,2012,漲1~2%,active,7418.36,1.0,4.230000000000473,close,4.230000000000473,close,4.230000000000473,close,4.230000000000473,close
2012-07-05,2012,漲1~2%,active,7422.59,1.0,-34.8100000000004,close,-34.8100000000004,close,-34.8100000000004,close,-34.8100000000004,close
2012-07-06,2012,跌-2~-1%,active,7387.78,-1.0,19.1899999999996,close,19.1899999999996,close,19.1899999999996,close,19.1899999999996,close
2012-07-09,2012,大跌<-2%,flat,,,,,,,,,,
2012-07-10,2012,跌-2~-1%,active,7309.96,-1.0,58.60999999999967,close,58.60999999999967,close,58.60999999999967,close,58.60999999999967,close
2012-07-11,2012,大跌<-2%,flat,,,,,,,,,,
2012-07-12,2012,小跌-1~0,flat,,,,,,,,,,
2012-07-13,2012,跌-2~-1%,active,7130.93,-1.0,26.659999999999854,close,26.659999999999854,close,26.659999999999854,close,26.659999999999854,close
2012-07-16,2012,小漲0~1%,active,7104.27,1.0,-14.230000000000473,close,-14.230000000000473,close,-14.230000000000473,close,-14.230000000000473,close
2012-07-17,2012,跌-2~-1%,active,7090.04,-1.0,-36.960000000000036,close,-36.960000000000036,close,-36.960000000000036,close,-36.960000000000036,close
2012-07-18,2012,小跌-1~0,flat,,,,,,,,,,
2012-07-19,2012,大漲>=2%,active,7121.36,-1.0,-27.210000000000036,close,-27.210000000000036,close,-27.210000000000036,close,-27.210000000000036,close
2012-07-20,2012,大漲>=2%,active,7158.51,-1.0,-6.170000000000073,close,-6.170000000000073,close,-6.170000000000073,close,-6.170000000000073,close
2012-07-23,2012,跌-2~-1%,active,7164.68,-1.0,135.95000000000073,close,135.95000000000073,close,135.95000000000073,close,135.95000000000073,close
2012-07-24,2012,小跌-1~0,flat,,,,,,,,,,
2012-07-25,2012,小跌-1~0,flat,,,,,,,,,,
2012-07-26,2012,漲1~2%,active,6979.13,1.0,-8.44000000000051,close,-8.44000000000051,close,-8.44000000000051,close,-8.44000000000051,close
2012-07-27,2012,大漲>=2%,active,7059.46,-1.0,-65.02999999999975,close,-52.945949999999996,stop,-53.539999999999964,stop,-54.539999999999964,stop
2012-07-30,2012,大漲>=2%,active,7168.47,-1.0,9.590000000000146,close,9.590000000000146,close,9.590000000000146,close,9.590000000000146,close
2012-07-31,2012,小跌-1~0,flat,,,,,,,,,,
2012-08-01,2012,小漲0~1%,active,7270.49,1.0,-2.5299999999997453,close,-2.5299999999997453,close,-2.5299999999997453,close,-2.5299999999997453,close
2012-08-03,2012,小跌-1~0,flat,,,,,,,,,,
2012-08-06,2012,大漲>=2%,active,7309.14,-1.0,22.8100000000004,close,22.8100000000004,close,22.8100000000004,close,22.8100000000004,close
2012-08-07,2012,小漲0~1%,active,7286.33,1.0,9.13000000000011,close,9.13000000000011,close,9.13000000000011,close,9.13000000000011,close
2012-08-08,2012,大漲>=2%,active,7330.02,-1.0,10.220000000000255,close,10.220000000000255,close,10.220000000000255,close,10.220000000000255,close
2012-08-09,2012,小漲0~1%,active,7319.8,1.0,113.89999999999964,close,113.89999999999964,close,113.89999999999964,close,113.89999999999964,close
2012-08-10,2012,小漲0~1%,active,7433.7,1.0,7.420000000000073,close,7.420000000000073,close,7.420000000000073,close,7.420000000000073,close
2012-08-13,2012,小漲0~1%,active,7441.12,1.0,-4.819999999999709,close,-4.819999999999709,close,-4.819999999999709,close,-4.819999999999709,close
2012-08-14,2012,小跌-1~0,flat,,,,,,,,,,
2012-08-15,2012,小跌-1~0,flat,,,,,,,,,,
2012-08-16,2012,小漲0~1%,active,7467.74,1.0,22.470000000000255,close,22.470000000000255,close,22.470000000000255,close,22.470000000000255,close
2012-08-17,2012,漲1~2%,active,7490.21,1.0,-22.289999999999964,close,-22.289999999999964,close,-22.289999999999964,close,-22.289999999999964,close
2012-08-20,2012,小跌-1~0,flat,,,,,,,,,,
2012-08-21,2012,小跌-1~0,flat,,,,,,,,,,
2012-08-22,2012,小漲0~1%,active,7506.81,1.0,-10.230000000000473,close,-10.230000000000473,close,-10.230000000000473,close,-10.230000000000473,close
2012-08-23,2012,小跌-1~0,flat,,,,,,,,,,
2012-08-24,2012,小跌-1~0,flat,,,,,,,,,,
2012-08-27,2012,小漲0~1%,active,7477.53,1.0,-9.30999999999949,close,-9.30999999999949,close,-9.30999999999949,close,-9.30999999999949,close
2012-08-28,2012,小跌-1~0,flat,,,,,,,,,,
2012-08-29,2012,小跌-1~0,flat,,,,,,,,,,
2012-08-30,2012,小漲0~1%,active,7391.15,1.0,-19.710000000000036,close,-19.710000000000036,close,-19.710000000000036,close,-19.710000000000036,close
2012-08-31,2012,跌-2~-1%,active,7371.44,-1.0,-25.6200000000008,close,-25.6200000000008,close,-25.6200000000008,close,-25.6200000000008,close
2012-09-03,2012,漲1~2%,active,7397.06,1.0,53.469999999999345,close,53.469999999999345,close,53.469999999999345,close,53.469999999999345,close
2012-09-04,2012,漲1~2%,active,7450.53,1.0,0.8200000000006185,close,0.8200000000006185,close,0.8200000000006185,close,0.8200000000006185,close
2012-09-05,2012,小跌-1~0,flat,,,,,,,,,,
2012-09-06,2012,小跌-1~0,flat,,,,,,,,,,
2012-09-07,2012,大漲>=2%,active,7422.48,-1.0,-2.430000000000291,close,-2.430000000000291,close,-2.430000000000291,close,-2.430000000000291,close
2012-09-10,2012,小跌-1~0,flat,,,,,,,,,,
2012-09-11,2012,跌-2~-1%,active,7482.74,-1.0,-2.3900000000003274,close,-2.3900000000003274,close,-2.3900000000003274,close,-2.3900000000003274,close
2012-09-12,2012,小漲0~1%,active,7485.13,1.0,85.31999999999971,close,85.31999999999971,close,85.31999999999971,close,85.31999999999971,close
2012-09-13,2012,小漲0~1%,active,7570.45,1.0,8.350000000000364,close,8.350000000000364,close,8.350000000000364,close,8.350000000000364,close
2012-09-14,2012,小漲0~1%,active,7578.8,1.0,159.25,close,159.25,close,159.25,close,159.25,close
2012-09-17,2012,漲1~2%,active,7738.05,1.0,24.170000000000073,close,24.170000000000073,close,24.170000000000073,close,24.170000000000073,close
2012-09-18,2012,跌-2~-1%,active,7762.22,-1.0,27.960000000000036,close,27.960000000000036,close,27.960000000000036,close,27.960000000000036,close
2012-09-19,2012,小跌-1~0,flat,,,,,,,,,,
2012-09-20,2012,小跌-1~0,flat,,,,,,,,,,
2012-09-21,2012,小跌-1~0,flat,,,,,,,,,,
2012-09-24,2012,小漲0~1%,active,7754.59,1.0,13.710000000000036,close,13.710000000000036,close,13.710000000000036,close,13.710000000000036,close
2012-09-25,2012,跌-2~-1%,active,7768.3,-1.0,34.17000000000007,close,34.17000000000007,close,34.17000000000007,close,34.17000000000007,close
2012-09-26,2012,大跌<-2%,flat,,,,,,,,,,
2012-09-27,2012,小跌-1~0,flat,,,,,,,,,,
2012-09-28,2012,大漲>=2%,active,7674.33,-1.0,-40.82999999999993,close,-40.82999999999993,close,-40.82999999999993,close,-40.82999999999993,close
2012-10-01,2012,小跌-1~0,flat,,,,,,,,,,
2012-10-02,2012,小跌-1~0,flat,,,,,,,,,,
2012-10-03,2012,小漲0~1%,active,7718.68,1.0,-34.05000000000018,close,-34.05000000000018,close,-34.05000000000018,close,-34.05000000000018,close
2012-10-04,2012,小跌-1~0,flat,,,,,,,,,,
2012-10-05,2012,小漲0~1%,active,7682.34,1.0,8.30999999999949,close,8.30999999999949,close,8.30999999999949,close,8.30999999999949,close
2012-10-08,2012,小跌-1~0,flat,,,,,,,,,,
2012-10-09,2012,跌-2~-1%,active,7615.89,-1.0,23.88000000000011,close,23.88000000000011,close,23.88000000000011,close,23.88000000000011,close
2012-10-11,2012,跌-2~-1%,active,7592.01,-1.0,140.28999999999996,close,140.28999999999996,close,140.28999999999996,close,140.28999999999996,close
2012-10-12,2012,小漲0~1%,active,7451.72,1.0,-14.680000000000291,close,-14.680000000000291,close,-14.680000000000291,close,-14.680000000000291,close
2012-10-15,2012,小跌-1~0,flat,,,,,,,,,,
2012-10-16,2012,漲1~2%,active,7418.9,1.0,52.1200000000008,close,52.1200000000008,close,52.1200000000008,close,52.1200000000008,close
2012-10-17,2012,大漲>=2%,active,7478.35,-1.0,13.950000000000728,close,13.950000000000728,close,13.950000000000728,close,13.950000000000728,close
2012-10-18,2012,小跌-1~0,flat,,,,,,,,,,
2012-10-19,2012,小跌-1~0,flat,,,,,,,,,,
2012-10-22,2012,大跌<-2%,flat,,,,,,,,,,
2012-10-23,2012,小漲0~1%,active,7373.04,1.0,-35.5600000000004,close,-35.5600000000004,close,-35.5600000000004,close,-35.5600000000004,close
2012-10-24,2012,小漲0~1%,active,7337.48,1.0,-22.599999999999454,close,-55.031099999999995,stop,-55.47999999999956,stop,-56.47999999999956,stop
2012-10-25,2012,跌-2~-1%,active,7314.88,-1.0,52.80000000000018,close,52.80000000000018,close,52.80000000000018,close,52.80000000000018,close
2012-10-26,2012,漲1~2%,active,7262.08,1.0,-128.01999999999953,close,-54.465599999999995,stop,-54.81999999999971,stop_gap,-55.81999999999971,stop_gap
2012-10-29,2012,小漲0~1%,active,7134.06,1.0,-42.39000000000033,close,-42.39000000000033,close,-42.39000000000033,close,-42.39000000000033,close
2012-10-30,2012,小漲0~1%,active,7091.67,1.0,90.92000000000007,close,90.92000000000007,close,90.92000000000007,close,90.92000000000007,close
2012-10-31,2012,小漲0~1%,active,7182.59,1.0,-16.539999999999964,close,-16.539999999999964,close,-16.539999999999964,close,-16.539999999999964,close
2012-11-01,2012,小跌-1~0,flat,,,,,,,,,,
2012-11-02,2012,大漲>=2%,active,7221.63,-1.0,11.159999999999854,close,11.159999999999854,close,11.159999999999854,close,11.159999999999854,close
2012-11-05,2012,跌-2~-1%,active,7210.47,-1.0,25.110000000000582,close,25.110000000000582,close,25.110000000000582,close,25.110000000000582,close
2012-11-06,2012,漲1~2%,active,7185.36,1.0,51.32000000000062,close,51.32000000000062,close,51.32000000000062,close,51.32000000000062,close
2012-11-07,2012,漲1~2%,active,7236.68,1.0,50.5,close,50.5,close,50.5,close,50.5,close
2012-11-08,2012,大跌<-2%,flat,,,,,,,,,,
2012-11-09,2012,跌-2~-1%,active,7242.63,-1.0,-50.590000000000146,close,-54.319725,stop,-54.36999999999989,stop,-55.36999999999989,stop
2012-11-12,2012,小漲0~1%,active,7293.22,1.0,-25.470000000000255,close,-25.470000000000255,close,-25.470000000000255,close,-25.470000000000255,close
2012-11-13,2012,小漲0~1%,active,7267.75,1.0,-131.69999999999982,close,-54.508125,stop,-57.10999999999967,stop_gap,-58.10999999999967,stop_gap
2012-11-14,2012,小跌-1~0,flat,,,,,,,,,,
2012-11-15,2012,跌-2~-1%,active,7159.75,-1.0,15.909999999999854,close,15.909999999999854,close,15.909999999999854,close,15.909999999999854,close
2012-11-16,2012,跌-2~-1%,active,7143.84,-1.0,13.770000000000437,close,13.770000000000437,close,13.770000000000437,close,13.770000000000437,close
2012-11-19,2012,小跌-1~0,flat,,,,,,,,,,
2012-11-20,2012,大漲>=2%,active,7162.6,-1.0,16.829999999999927,close,16.829999999999927,close,16.829999999999927,close,16.829999999999927,close
2012-11-21,2012,小跌-1~0,flat,,,,,,,,,,
2012-11-22,2012,小漲0~1%,active,7088.49,1.0,17.270000000000437,close,17.270000000000437,close,17.270000000000437,close,17.270000000000437,close
2012-11-23,2012,小漲0~1%,active,7105.76,1.0,220.25,close,220.25,close,220.25,close,220.25,close
2012-11-26,2012,漲1~2%,active,7326.01,1.0,81.35999999999967,close,81.35999999999967,close,81.35999999999967,close,81.35999999999967,close
2012-11-27,2012,小漲0~1%,active,7407.37,1.0,22.829999999999927,close,22.829999999999927,close,22.829999999999927,close,22.829999999999927,close
2012-11-28,2012,小跌-1~0,flat,,,,,,,,,,
2012-11-29,2012,漲1~2%,active,7434.93,1.0,68.61999999999989,close,68.61999999999989,close,68.61999999999989,close,68.61999999999989,close
2012-11-30,2012,小漲0~1%,active,7503.55,1.0,76.61999999999989,close,76.61999999999989,close,76.61999999999989,close,76.61999999999989,close
2012-12-03,2012,小跌-1~0,flat,,,,,,,,,,
2012-12-04,2012,小跌-1~0,flat,,,,,,,,,,
2012-12-05,2012,小漲0~1%,active,7600.98,1.0,48.07000000000062,close,48.07000000000062,close,48.07000000000062,close,48.07000000000062,close
2012-12-06,2012,小跌-1~0,flat,,,,,,,,,,
2012-12-07,2012,漲1~2%,active,7623.26,1.0,19.0,close,19.0,close,19.0,close,19.0,close
2012-12-10,2012,小漲0~1%,active,7642.26,1.0,-32.76000000000022,close,-32.76000000000022,close,-32.76000000000022,close,-32.76000000000022,close
2012-12-11,2012,小漲0~1%,active,7609.5,1.0,4.1899999999996,close,4.1899999999996,close,4.1899999999996,close,4.1899999999996,close
2012-12-12,2012,漲1~2%,active,7613.69,1.0,76.5,close,76.5,close,76.5,close,76.5,close
2012-12-13,2012,小跌-1~0,flat,,,,,,,,,,
2012-12-14,2012,跌-2~-1%,active,7757.09,-1.0,58.31999999999971,close,58.31999999999971,close,58.31999999999971,close,58.31999999999971,close
2012-12-17,2012,小跌-1~0,flat,,,,,,,,,,
2012-12-18,2012,小漲0~1%,active,7631.28,1.0,12.460000000000036,close,12.460000000000036,close,12.460000000000036,close,12.460000000000036,close
2012-12-19,2012,漲1~2%,active,7643.74,1.0,33.73000000000047,close,33.73000000000047,close,33.73000000000047,close,33.73000000000047,close
2012-12-20,2012,小漲0~1%,active,7677.47,1.0,-82.01000000000022,close,-57.581025,stop,-62.3100000000004,stop_gap,-63.3100000000004,stop_gap
2012-12-21,2012,小漲0~1%,active,7595.46,1.0,-75.52999999999975,close,-56.96595,stop,-57.460000000000036,stop,-58.460000000000036,stop
2012-12-22,2012,跌-2~-1%,active,7519.93,-1.0,-20.210000000000036,close,-20.210000000000036,close,-20.210000000000036,close,-20.210000000000036,close
2012-12-24,2012,跌-2~-1%,active,7540.14,-1.0,4.619999999999891,close,4.619999999999891,close,4.619999999999891,close,4.619999999999891,close
2012-12-25,2012,小跌-1~0,flat,,,,,,,,,,
2012-12-26,2012,小跌-1~0,flat,,,,,,,,,,
2012-12-27,2012,小跌-1~0,flat,,,,,,,,,,
2012-12-28,2012,小跌-1~0,flat,,,,,,,,,,
2013-01-02,2013,漲1~2%,active,7699.5,1.0,79.72000000000025,close,79.72000000000025,close,79.72000000000025,close,79.72000000000025,close
2013-01-03,2013,大漲>=2%,active,7828.5,-1.0,-8.340000000000146,close,-8.340000000000146,close,-8.340000000000146,close,-8.340000000000146,close
2013-01-04,2013,小跌-1~0,flat,,,,,,,,,,
2013-01-07,2013,小漲0~1%,active,7805.99,1.0,-50.899999999999636,close,-58.544925,stop,-58.98999999999978,stop,-59.98999999999978,stop
2013-01-08,2013,小跌-1~0,flat,,,,,,,,,,
2013-01-09,2013,跌-2~-1%,active,7721.66,-1.0,-16.980000000000473,close,-16.980000000000473,close,-16.980000000000473,close,-16.980000000000473,close
2013-01-10,2013,漲1~2%,active,7738.64,1.0,73.0,close,73.0,close,73.0,close,73.0,close
2013-01-11,2013,漲1~2%,active,7811.64,1.0,7.509999999999309,close,7.509999999999309,close,7.509999999999309,close,7.509999999999309,close
2013-01-14,2013,小漲0~1%,active,7819.15,1.0,4.8200000000006185,close,-58.64362499999999,stop,-59.149999999999636,stop,-60.149999999999636,stop
2013-01-15,2013,小跌-1~0,flat,,,,,,,,,,
2013-01-16,2013,小跌-1~0,flat,,,,,,,,,,
2013-01-17,2013,漲1~2%,active,7700.43,1.0,-83.78999999999996,close,-57.753225,stop,-58.43000000000029,stop,-59.43000000000029,stop
2013-01-18,2013,漲1~2%,active,7616.64,1.0,116.22999999999956,close,116.22999999999956,close,116.22999999999956,close,116.22999999999956,close
2013-01-21,2013,小跌-1~0,flat,,,,,,,,,,
2013-01-22,2013,小跌-1~0,flat,,,,,,,,,,
2013-01-23,2013,小跌-1~0,flat,,,,,,,,,,
2013-01-24,2013,漲1~2%,active,7744.18,1.0,-48.19000000000051,close,-58.08135,stop,-60.780000000000655,stop_gap,-61.780000000000655,stop_gap
2013-01-25,2013,小跌-1~0,flat,,,,,,,,,,
2013-01-28,2013,漲1~2%,active,7672.58,1.0,42.090000000000146,close,42.090000000000146,close,42.090000000000146,close,42.090000000000146,close
2013-01-29,2013,小漲0~1%,active,7714.67,1.0,87.32999999999993,close,87.32999999999993,close,87.32999999999993,close,87.32999999999993,close
2013-01-30,2013,小跌-1~0,flat,,,,,,,,,,
2013-01-31,2013,小漲0~1%,active,7832.98,1.0,17.040000000000873,close,17.040000000000873,close,17.040000000000873,close,17.040000000000873,close
2013-02-01,2013,小跌-1~0,flat,,,,,,,,,,
2013-02-04,2013,漲1~2%,active,7855.97,1.0,67.1899999999996,close,67.1899999999996,close,67.1899999999996,close,67.1899999999996,close
2013-02-05,2013,跌-2~-1%,active,7923.16,-1.0,36.220000000000255,close,36.220000000000255,close,36.220000000000255,close,36.220000000000255,close
2013-02-06,2013,漲1~2%,active,7886.94,1.0,19.710000000000036,close,19.710000000000036,close,19.710000000000036,close,19.710000000000036,close
2013-02-18,2013,小跌-1~0,flat,,,,,,,,,,
2013-02-19,2013,小跌-1~0,flat,,,,,,,,,,
2013-02-20,2013,漲1~2%,active,7960.88,1.0,68.22000000000025,close,68.22000000000025,close,68.22000000000025,close,68.22000000000025,close
2013-02-21,2013,大跌<-2%,flat,,,,,,,,,,
2013-02-22,2013,跌-2~-1%,active,7957.46,-1.0,9.739999999999782,close,9.739999999999782,close,9.739999999999782,close,9.739999999999782,close
2013-02-23,2013,大漲>=2%,active,7975.62,-1.0,-11.270000000000437,close,-11.270000000000437,close,-11.270000000000437,close,-11.270000000000437,close
2013-02-25,2013,大漲>=2%,active,7964.42,-1.0,16.73999999999978,close,16.73999999999978,close,16.73999999999978,close,16.73999999999978,close
2013-02-26,2013,跌-2~-1%,active,7947.68,-1.0,66.78000000000065,close,66.78000000000065,close,66.78000000000065,close,66.78000000000065,close
2013-02-27,2013,小漲0~1%,active,7880.9,1.0,17.079999999999927,close,17.079999999999927,close,17.079999999999927,close,17.079999999999927,close
2013-03-01,2013,小漲0~1%,active,7897.98,1.0,66.65000000000055,close,66.65000000000055,close,66.65000000000055,close,66.65000000000055,close
2013-03-04,2013,小跌-1~0,flat,,,,,,,,,,
2013-03-05,2013,小跌-1~0,flat,,,,,,,,,,
2013-03-06,2013,漲1~2%,active,7932.71,1.0,17.590000000000146,close,17.590000000000146,close,17.590000000000146,close,17.590000000000146,close
2013-03-07,2013,小漲0~1%,active,7950.3,1.0,10.210000000000036,close,10.210000000000036,close,10.210000000000036,close,10.210000000000036,close
2013-03-08,2013,小漲0~1%,active,7960.51,1.0,54.63000000000011,close,54.63000000000011,close,54.63000000000011,close,54.63000000000011,close
2013-03-11,2013,小漲0~1%,active,8015.14,1.0,23.579999999999927,close,23.579999999999927,close,23.579999999999927,close,23.579999999999927,close
2013-03-12,2013,小漲0~1%,active,8038.72,1.0,-44.01000000000022,close,-44.01000000000022,close,-44.01000000000022,close,-44.01000000000022,close
2013-03-13,2013,小漲0~1%,active,7994.71,1.0,0.8000000000001819,close,0.8000000000001819,close,0.8000000000001819,close,0.8000000000001819,close
2013-03-14,2013,小漲0~1%,active,7995.51,1.0,-43.75,close,-43.75,close,-43.75,close,-43.75,close
2013-03-15,2013,小漲0~1%,active,7951.76,1.0,-24.270000000000437,close,-24.270000000000437,close,-24.270000000000437,close,-24.270000000000437,close
2013-03-18,2013,跌-2~-1%,active,7927.49,-1.0,116.14999999999964,close,116.14999999999964,close,116.14999999999964,close,116.14999999999964,close
2013-03-19,2013,跌-2~-1%,active,7811.34,-1.0,-27.13000000000011,close,-27.13000000000011,close,-27.13000000000011,close,-27.13000000000011,close
2013-03-20,2013,小跌-1~0,flat,,,,,,,,,,
2013-03-21,2013,漲1~2%,active,7798.03,1.0,13.8100000000004,close,13.8100000000004,close,13.8100000000004,close,13.8100000000004,close
2013-03-22,2013,跌-2~-1%,active,7811.84,-1.0,15.61999999999989,close,15.61999999999989,close,15.61999999999989,close,15.61999999999989,close
2013-03-25,2013,漲1~2%,active,7796.22,1.0,59.899999999999636,close,59.899999999999636,close,59.899999999999636,close,59.899999999999636,close
2013-03-26,2013,小跌-1~0,flat,,,,,,,,,,
2013-03-27,2013,小漲0~1%,active,7856.36,1.0,37.76000000000022,close,37.76000000000022,close,37.76000000000022,close,37.76000000000022,close
2013-03-28,2013,小漲0~1%,active,7894.12,1.0,-27.23999999999978,close,-27.23999999999978,close,-27.23999999999978,close,-27.23999999999978,close
2013-03-29,2013,小漲0~1%,active,7866.88,1.0,51.72999999999956,close,51.72999999999956,close,51.72999999999956,close,51.72999999999956,close
2013-04-01,2013,小漲0~1%,active,7918.61,1.0,-19.36999999999989,close,-19.36999999999989,close,-19.36999999999989,close,-19.36999999999989,close
2013-04-02,2013,大跌<-2%,flat,,,,,,,,,,
2013-04-03,2013,小跌-1~0,flat,,,,,,,,,,
2013-04-08,2013,小跌-1~0,flat,,,,,,,,,,
2013-04-09,2013,漲1~2%,active,7752.79,1.0,-24.25,close,-24.25,close,-24.25,close,-24.25,close
2013-04-10,2013,小漲0~1%,active,7728.54,1.0,24.26000000000022,close,24.26000000000022,close,24.26000000000022,close,24.26000000000022,close
2013-04-11,2013,大漲>=2%,active,7821.44,-1.0,-36.539999999999964,close,-36.539999999999964,close,-36.539999999999964,close,-36.539999999999964,close
2013-04-12,2013,小跌-1~0,flat,,,,,,,,,,
2013-04-15,2013,小跌-1~0,flat,,,,,,,,,,
2013-04-16,2013,大跌<-2%,flat,,,,,,,,,,
2013-04-17,2013,大漲>=2%,active,7798.55,-1.0,-10.519999999999527,close,-10.519999999999527,close,-10.519999999999527,close,-10.519999999999527,close
2013-04-18,2013,大跌<-2%,flat,,,,,,,,,,
2013-04-19,2013,小跌-1~0,flat,,,,,,,,,,
2013-04-22,2013,小漲0~1%,active,7930.8,1.0,39.57999999999993,close,39.57999999999993,close,39.57999999999993,close,39.57999999999993,close
2013-04-23,2013,漲1~2%,active,7970.38,1.0,-27.609999999999673,close,-27.609999999999673,close,-27.609999999999673,close,-27.609999999999673,close
2013-04-24,2013,大漲>=2%,active,7982.68,-1.0,-41.029999999999745,close,-41.029999999999745,close,-41.029999999999745,close,-41.029999999999745,close
2013-04-25,2013,漲1~2%,active,8023.71,1.0,-1.9600000000000364,close,-1.9600000000000364,close,-1.9600000000000364,close,-1.9600000000000364,close
2013-04-26,2013,小漲0~1%,active,8021.75,1.0,0.3100000000004002,close,0.3100000000004002,close,0.3100000000004002,close,0.3100000000004002,close
2013-04-29,2013,跌-2~-1%,active,8022.06,-1.0,-7.6799999999993815,close,-7.6799999999993815,close,-7.6799999999993815,close,-7.6799999999993815,close
2013-04-30,2013,漲1~2%,active,8029.74,1.0,63.92000000000007,close,63.92000000000007,close,63.92000000000007,close,63.92000000000007,close
2013-05-02,2013,小跌-1~0,flat,,,,,,,,,,
2013-05-03,2013,漲1~2%,active,8128.51,1.0,6.519999999999527,close,6.519999999999527,close,6.519999999999527,close,6.519999999999527,close
2013-05-06,2013,小漲0~1%,active,8135.03,1.0,34.02000000000044,close,34.02000000000044,close,34.02000000000044,close,34.02000000000044,close
2013-05-07,2013,小漲0~1%,active,8169.05,1.0,-5.989999999999782,close,-5.989999999999782,close,-5.989999999999782,close,-5.989999999999782,close
2013-05-08,2013,小漲0~1%,active,8163.06,1.0,104.02999999999975,close,104.02999999999975,close,104.02999999999975,close,104.02999999999975,close
2013-05-09,2013,漲1~2%,active,8267.09,1.0,18.799999999999272,close,18.799999999999272,close,18.799999999999272,close,18.799999999999272,close
2013-05-10,2013,小漲0~1%,active,8285.89,1.0,-5.6299999999992,close,-5.6299999999992,close,-5.6299999999992,close,-5.6299999999992,close
2013-05-13,2013,小漲0~1%,active,8280.26,1.0,-31.94000000000051,close,-31.94000000000051,close,-31.94000000000051,close,-31.94000000000051,close
2013-05-14,2013,跌-2~-1%,active,8248.32,-1.0,-3.5,close,-3.5,close,-3.5,close,-3.5,close
2013-05-15,2013,小漲0~1%,active,8251.82,1.0,66.77000000000044,close,66.77000000000044,close,66.77000000000044,close,66.77000000000044,close
2013-05-16,2013,小漲0~1%,active,8318.59,1.0,71.45999999999913,close,71.45999999999913,close,71.45999999999913,close,71.45999999999913,close
2013-05-17,2013,小跌-1~0,flat,,,,,,,,,,
2013-05-20,2013,漲1~2%,active,8368.19,1.0,8.859999999998763,close,8.859999999998763,close,8.859999999998763,close,8.859999999998763,close
2013-05-21,2013,小跌-1~0,flat,,,,,,,,,,
2013-05-22,2013,小跌-1~0,flat,,,,,,,,,,
2013-05-23,2013,跌-2~-1%,active,8398.84,-1.0,161.01000000000022,close,161.01000000000022,close,161.01000000000022,close,161.01000000000022,close
2013-05-24,2013,小漲0~1%,active,8237.83,1.0,-28.049999999999272,close,-61.783725,stop,-61.82999999999993,stop,-62.82999999999993,stop
2013-05-27,2013,小跌-1~0,flat,,,,,,,,,,
2013-05-28,2013,小跌-1~0,flat,,,,,,,,,,
2013-05-29,2013,小漲0~1%,active,8263.05,1.0,74.85000000000036,close,74.85000000000036,close,74.85000000000036,close,74.85000000000036,close
2013-05-30,2013,小漲0~1%,active,8337.9,1.0,-94.60999999999876,close,-62.53424999999999,stop,-62.899999999999636,stop,-63.899999999999636,stop
2013-05-31,2013,漲1~2%,active,8243.29,1.0,11.5099999999984,close,11.5099999999984,close,11.5099999999984,close,11.5099999999984,close
2013-06-03,2013,跌-2~-1%,active,8254.8,-1.0,53.779999999998836,close,53.779999999998836,close,53.779999999998836,close,53.779999999998836,close
2013-06-04,2013,小漲0~1%,active,8201.02,1.0,-9.800000000000182,close,-9.800000000000182,close,-9.800000000000182,close,-9.800000000000182,close
2013-06-05,2013,小漲0~1%,active,8191.22,1.0,-9.3100000000004,close,-9.3100000000004,close,-9.3100000000004,close,-9.3100000000004,close
2013-06-06,2013,跌-2~-1%,active,8181.91,-1.0,85.76999999999953,close,85.76999999999953,close,85.76999999999953,close,85.76999999999953,close
2013-06-07,2013,小跌-1~0,flat,,,,,,,,,,
2013-06-10,2013,漲1~2%,active,8095.2,1.0,65.35000000000036,close,65.35000000000036,close,65.35000000000036,close,65.35000000000036,close
2013-06-11,2013,小漲0~1%,active,8160.55,1.0,-44.400000000000546,close,-44.400000000000546,close,-44.400000000000546,close,-44.400000000000546,close
2013-06-13,2013,跌-2~-1%,active,8116.15,-1.0,164.48999999999978,close,164.48999999999978,close,164.48999999999978,close,164.48999999999978,close
2013-06-14,2013,漲1~2%,active,7951.66,1.0,-13.920000000000073,close,-13.920000000000073,close,-13.920000000000073,close,-13.920000000000073,close
2013-06-17,2013,小跌-1~0,flat,,,,,,,,,,
2013-06-18,2013,漲1~2%,active,7992.89,1.0,18.13000000000011,close,18.13000000000011,close,18.13000000000011,close,18.13000000000011,close
2013-06-19,2013,漲1~2%,active,8011.02,1.0,-3.630000000000109,close,-3.630000000000109,close,-3.630000000000109,close,-3.630000000000109,close
2013-06-20,2013,跌-2~-1%,active,8007.39,-1.0,108.48000000000047,close,108.48000000000047,close,108.48000000000047,close,108.48000000000047,close
2013-06-21,2013,大跌<-2%,flat,,,,,,,,,,
2013-06-24,2013,小漲0~1%,active,7793.31,1.0,-35.280000000000655,close,-35.280000000000655,close,-35.280000000000655,close,-35.280000000000655,close
2013-06-25,2013,大跌<-2%,flat,,,,,,,,,,
2013-06-26,2013,大漲>=2%,active,7780.46,-1.0,-4.3400000000001455,close,-4.3400000000001455,close,-4.3400000000001455,close,-4.3400000000001455,close
2013-06-27,2013,小漲0~1%,active,7784.8,1.0,99.09999999999945,close,99.09999999999945,close,99.09999999999945,close,99.09999999999945,close
2013-06-28,2013,小漲0~1%,active,7883.9,1.0,178.3100000000004,close,178.3100000000004,close,178.3100000000004,close,178.3100000000004,close
2013-07-01,2013,小漲0~1%,active,8062.21,1.0,-26.210000000000036,close,-60.466575,stop,-61.210000000000036,stop,-62.210000000000036,stop
2013-07-02,2013,小跌-1~0,flat,,,,,,,,,,
2013-07-03,2013,小漲0~1%,active,8015.86,1.0,-104.4399999999996,close,-60.11895,stop,-60.85999999999967,stop,-61.85999999999967,stop
2013-07-04,2013,小漲0~1%,active,7911.42,1.0,-17.699999999999818,close,-17.699999999999818,close,-17.699999999999818,close,-17.699999999999818,close
2013-07-05,2013,小漲0~1%,active,7893.72,1.0,108.09999999999945,close,108.09999999999945,close,108.09999999999945,close,108.09999999999945,close
2013-07-08,2013,漲1~2%,active,8001.82,1.0,-115.47999999999956,close,-60.01365,stop,-60.81999999999971,stop,-61.81999999999971,stop
2013-07-09,2013,大跌<-2%,flat,,,,,,,,,,
2013-07-10,2013,漲1~2%,active,7971.18,1.0,40.50999999999931,close,40.50999999999931,close,40.50999999999931,close,40.50999999999931,close
2013-07-11,2013,漲1~2%,active,8011.69,1.0,167.85000000000036,close,167.85000000000036,close,167.85000000000036,close,167.85000000000036,close
2013-07-12,2013,大漲>=2%,active,8195.81,-1.0,-24.68000000000029,close,-24.68000000000029,close,-24.68000000000029,close,-24.68000000000029,close
2013-07-15,2013,小漲0~1%,active,8220.49,1.0,34.19000000000051,close,34.19000000000051,close,34.19000000000051,close,34.19000000000051,close
2013-07-16,2013,小跌-1~0,flat,,,,,,,,,,
2013-07-17,2013,小漲0~1%,active,8260.11,1.0,-1.1599999999998545,close,-1.1599999999998545,close,-1.1599999999998545,close,-1.1599999999998545,close
2013-07-18,2013,小漲0~1%,active,8258.95,1.0,-64.07000000000153,close,-61.942125000000004,stop,-62.400000000001455,stop_gap,-63.400000000001455,stop_gap
2013-07-19,2013,小跌-1~0,flat,,,,,,,,,,
2013-07-22,2013,小跌-1~0,flat,,,,,,,,,,
2013-07-23,2013,小跌-1~0,flat,,,,,,,,,,
2013-07-24,2013,小跌-1~0,flat,,,,,,,,,,
2013-07-25,2013,跌-2~-1%,active,8196.19,-1.0,32.61000000000058,close,32.61000000000058,close,32.61000000000058,close,32.61000000000058,close
2013-07-26,2013,小漲0~1%,active,8163.58,1.0,-14.180000000000291,close,-14.180000000000291,close,-14.180000000000291,close,-14.180000000000291,close
2013-07-29,2013,小跌-1~0,flat,,,,,,,,,,
2013-07-30,2013,小跌-1~0,flat,,,,,,,,,,
2013-07-31,2013,漲1~2%,active,8163.55,1.0,-55.61000000000058,close,-55.61000000000058,close,-55.61000000000058,close,-55.61000000000058,close
2013-08-01,2013,小漲0~1%,active,8107.94,1.0,-51.719999999999345,close,-51.719999999999345,close,-51.719999999999345,close,-51.719999999999345,close
2013-08-02,2013,漲1~2%,active,8056.22,1.0,43.659999999999854,close,43.659999999999854,close,43.659999999999854,close,43.659999999999854,close
2013-08-05,2013,小跌-1~0,flat,,,,,,,,,,
2013-08-06,2013,小跌-1~0,flat,,,,,,,,,,
2013-08-07,2013,小跌-1~0,flat,,,,,,,,,,
2013-08-08,2013,小跌-1~0,flat,,,,,,,,,,
2013-08-09,2013,小漲0~1%,active,7907.67,1.0,-51.529999999999745,close,-51.529999999999745,close,-51.529999999999745,close,-51.529999999999745,close
2013-08-12,2013,小跌-1~0,flat,,,,,,,,,,
2013-08-13,2013,小漲0~1%,active,7903.38,1.0,82.89000000000033,close,82.89000000000033,close,82.89000000000033,close,82.89000000000033,close
2013-08-14,2013,漲1~2%,active,7986.27,1.0,-34.94000000000051,close,-59.897025,stop,-60.27000000000044,stop,-61.27000000000044,stop
2013-08-15,2013,跌-2~-1%,active,7951.33,-1.0,64.06999999999971,close,64.06999999999971,close,64.06999999999971,close,64.06999999999971,close
2013-08-16,2013,大跌<-2%,flat,,,,,,,,,,
2013-08-19,2013,小漲0~1%,active,7925.0,1.0,-24.789999999999964,close,-24.789999999999964,close,-24.789999999999964,close,-24.789999999999964,close
2013-08-20,2013,小跌-1~0,flat,,,,,,,,,,
2013-08-22,2013,小跌-1~0,flat,,,,,,,,,,
2013-08-23,2013,漲1~2%,active,7814.38,1.0,58.93000000000029,close,58.93000000000029,close,58.93000000000029,close,58.93000000000029,close
2013-08-26,2013,小跌-1~0,flat,,,,,,,,,,
2013-08-27,2013,小跌-1~0,flat,,,,,,,,,,
2013-08-28,2013,大跌<-2%,flat,,,,,,,,,,
2013-08-29,2013,漲1~2%,active,7824.54,1.0,93.11999999999989,close,93.11999999999989,close,93.11999999999989,close,93.11999999999989,close
2013-08-30,2013,漲1~2%,active,7917.66,1.0,104.23000000000047,close,104.23000000000047,close,104.23000000000047,close,104.23000000000047,close
2013-09-02,2013,小跌-1~0,flat,,,,,,,,,,
2013-09-03,2013,小跌-1~0,flat,,,,,,,,,,
2013-09-04,2013,小漲0~1%,active,8088.37,1.0,-4.930000000000291,close,-4.930000000000291,close,-4.930000000000291,close,-4.930000000000291,close
2013-09-05,2013,大漲>=2%,active,8121.58,-1.0,-47.52000000000044,close,-47.52000000000044,close,-47.52000000000044,close,-47.52000000000044,close
2013-09-06,2013,小漲0~1%,active,8169.1,1.0,-4.900000000000546,close,-4.900000000000546,close,-4.900000000000546,close,-4.900000000000546,close
2013-09-09,2013,小跌-1~0,flat,,,,,,,,,,
2013-09-10,2013,漲1~2%,active,8192.11,1.0,16.659999999999854,close,16.659999999999854,close,16.659999999999854,close,16.659999999999854,close
2013-09-11,2013,漲1~2%,active,8208.77,1.0,0.21999999999934516,close,-61.565775,stop,-61.77000000000044,stop,-62.77000000000044,stop
2013-09-12,2013,小跌-1~0,flat,,,,,,,,,,
2013-09-13,2013,小跌-1~0,flat,,,,,,,,,,
2013-09-14,2013,小漲0~1%,active,8168.2,1.0,-25.720000000000255,close,-25.720000000000255,close,-25.720000000000255,close,-25.720000000000255,close
2013-09-16,2013,小漲0~1%,active,8142.48,1.0,112.86000000000058,close,112.86000000000058,close,112.86000000000058,close,112.86000000000058,close
2013-09-17,2013,小漲0~1%,active,8255.34,1.0,-5.559999999999491,close,-5.559999999999491,close,-5.559999999999491,close,-5.559999999999491,close
2013-09-18,2013,小漲0~1%,active,8249.78,1.0,-40.600000000000364,close,-40.600000000000364,close,-40.600000000000364,close,-40.600000000000364,close
2013-09-23,2013,小跌-1~0,flat,,,,,,,,,,
2013-09-24,2013,小跌-1~0,flat,,,,,,,,,,
2013-09-25,2013,小漲0~1%,active,8299.12,1.0,-15.220000000001164,close,-15.220000000001164,close,-15.220000000001164,close,-15.220000000001164,close
2013-09-26,2013,小漲0~1%,active,8283.9,1.0,-99.21999999999935,close,-62.12924999999999,stop,-62.899999999999636,stop,-63.899999999999636,stop
2013-09-27,2013,小跌-1~0,flat,,,,,,,,,,
2013-09-30,2013,小跌-1~0,flat,,,,,,,,,,
2013-10-01,2013,小漲0~1%,active,8173.87,1.0,13.150000000000546,close,13.150000000000546,close,13.150000000000546,close,13.150000000000546,close
2013-10-02,2013,漲1~2%,active,8187.02,1.0,29.5,close,29.5,close,29.5,close,29.5,close
2013-10-03,2013,小跌-1~0,flat,,,,,,,,,,
2013-10-04,2013,小跌-1~0,flat,,,,,,,,,,
2013-10-07,2013,小漲0~1%,active,8364.55,1.0,-30.889999999999418,close,-30.889999999999418,close,-30.889999999999418,close,-30.889999999999418,close
2013-10-08,2013,小跌-1~0,flat,,,,,,,,,,
2013-10-09,2013,跌-2~-1%,active,8375.65,-1.0,30.920000000000073,close,30.920000000000073,close,30.920000000000073,close,30.920000000000073,close
2013-10-11,2013,大漲>=2%,active,8398.36,-1.0,48.98999999999978,close,48.98999999999978,close,48.98999999999978,close,48.98999999999978,close
2013-10-14,2013,小漲0~1%,active,8349.37,1.0,-75.41000000000167,close,-62.62027500000001,stop,-62.710000000000946,stop_gap,-63.710000000000946,stop_gap
2013-10-15,2013,小漲0~1%,active,8273.96,1.0,93.92000000000007,close,93.92000000000007,close,93.92000000000007,close,93.92000000000007,close
2013-10-16,2013,小跌-1~0,flat,,,,,,,,,,
2013-10-17,2013,漲1~2%,active,8332.18,1.0,42.5,close,42.5,close,42.5,close,42.5,close
2013-10-18,2013,小漲0~1%,active,8374.68,1.0,66.51000000000022,close,66.51000000000022,close,66.51000000000022,close,66.51000000000022,close
2013-10-21,2013,小漲0~1%,active,8441.19,1.0,-21.8700000000008,close,-21.8700000000008,close,-21.8700000000008,close,-21.8700000000008,close
2013-10-22,2013,小漲0~1%,active,8419.32,1.0,-1.0499999999992724,close,-1.0499999999992724,close,-1.0499999999992724,close,-1.0499999999992724,close
2013-10-23,2013,小跌-1~0,flat,,,,,,,,,,
2013-10-24,2013,大跌<-2%,flat,,,,,,,,,,
2013-10-25,2013,小漲0~1%,active,8413.72,1.0,-67.09999999999854,close,-63.10289999999999,stop,-63.719999999999345,stop,-64.71999999999935,stop
2013-10-28,2013,小漲0~1%,active,8346.62,1.0,61.20999999999913,close,61.20999999999913,close,61.20999999999913,close,61.20999999999913,close
2013-10-29,2013,小漲0~1%,active,8407.83,1.0,13.149999999999636,close,13.149999999999636,close,13.149999999999636,close,13.149999999999636,close
2013-10-30,2013,漲1~2%,active,8420.98,1.0,44.07999999999993,close,44.07999999999993,close,44.07999999999993,close,44.07999999999993,close
2013-10-31,2013,小跌-1~0,flat,,,,,,,,,,
2013-11-01,2013,小漲0~1%,active,8450.06,1.0,-61.8799999999992,close,-63.375449999999994,stop,-64.05999999999949,stop,-65.05999999999949,stop
2013-11-04,2013,小跌-1~0,flat,,,,,,,,,,
2013-11-05,2013,小跌-1~0,flat,,,,,,,,,,
2013-11-06,2013,小跌-1~0,flat,,,,,,,,,,
2013-11-07,2013,小漲0~1%,active,8281.97,1.0,1.7399999999997817,close,1.7399999999997817,close,1.7399999999997817,close,1.7399999999997817,close
2013-11-08,2013,跌-2~-1%,active,8283.71,-1.0,54.11999999999898,close,54.11999999999898,close,54.11999999999898,close,54.11999999999898,close
2013-11-11,2013,漲1~2%,active,8229.59,1.0,-47.029999999999745,close,-47.029999999999745,close,-47.029999999999745,close,-47.029999999999745,close
2013-11-12,2013,小跌-1~0,flat,,,,,,,,,,
2013-11-13,2013,小漲0~1%,active,8195.26,1.0,-91.0,close,-61.46445,stop,-62.26000000000022,stop,-63.26000000000022,stop
2013-11-14,2013,小漲0~1%,active,8104.26,1.0,30.649999999999636,close,30.649999999999636,close,30.649999999999636,close,30.649999999999636,close
2013-11-15,2013,小跌-1~0,flat,,,,,,,,,,
2013-11-18,2013,小漲0~1%,active,8177.12,1.0,14.340000000000146,close,14.340000000000146,close,14.340000000000146,close,14.340000000000146,close
2013-11-19,2013,小跌-1~0,flat,,,,,,,,,,
2013-11-20,2013,跌-2~-1%,active,8260.21,-1.0,55.75,close,55.75,close,55.75,close,55.75,close
2013-11-21,2013,小跌-1~0,flat,,,,,,,,,,
2013-11-22,2013,漲1~2%,active,8099.45,1.0,17.329999999999927,close,17.329999999999927,close,17.329999999999927,close,17.329999999999927,close
2013-11-25,2013,小漲0~1%,active,8116.78,1.0,70.73000000000047,close,70.73000000000047,close,70.73000000000047,close,70.73000000000047,close
2013-11-26,2013,小跌-1~0,flat,,,,,,,,,,
2013-11-27,2013,小漲0~1%,active,8248.02,1.0,47.85999999999876,close,47.85999999999876,close,47.85999999999876,close,47.85999999999876,close
2013-11-28,2013,小漲0~1%,active,8295.88,1.0,66.55000000000109,close,66.55000000000109,close,66.55000000000109,close,66.55000000000109,close
2013-11-29,2013,小漲0~1%,active,8362.43,1.0,44.399999999999636,close,44.399999999999636,close,44.399999999999636,close,44.399999999999636,close
2013-12-02,2013,小漲0~1%,active,8406.83,1.0,7.780000000000655,close,7.780000000000655,close,7.780000000000655,close,7.780000000000655,close
2013-12-03,2013,小跌-1~0,flat,,,,,,,,,,
2013-12-04,2013,小漲0~1%,active,8392.55,1.0,25.450000000000728,close,25.450000000000728,close,25.450000000000728,close,25.450000000000728,close
2013-12-05,2013,小跌-1~0,flat,,,,,,,,,,
2013-12-06,2013,小漲0~1%,active,8375.54,1.0,-7.820000000001528,close,-7.820000000001528,close,-7.820000000001528,close,-7.820000000001528,close
2013-12-09,2013,漲1~2%,active,8367.72,1.0,76.90000000000146,close,76.90000000000146,close,76.90000000000146,close,76.90000000000146,close
2013-12-10,2013,小漲0~1%,active,8444.62,1.0,-1.2300000000013824,close,-1.2300000000013824,close,-1.2300000000013824,close,-1.2300000000013824,close
2013-12-11,2013,小跌-1~0,flat,,,,,,,,,,
2013-12-12,2013,跌-2~-1%,active,8433.77,-1.0,72.44000000000051,close,72.44000000000051,close,72.44000000000051,close,72.44000000000051,close
2013-12-13,2013,小跌-1~0,flat,,,,,,,,,,
2013-12-16,2013,小跌-1~0,flat,,,,,,,,,,
2013-12-17,2013,漲1~2%,active,8313.87,1.0,39.05999999999949,close,39.05999999999949,close,39.05999999999949,close,39.05999999999949,close
2013-12-18,2013,小漲0~1%,active,8352.93,1.0,-3.889999999999418,close,-3.889999999999418,close,-3.889999999999418,close,-3.889999999999418,close
2013-12-19,2013,小漲0~1%,active,8349.04,1.0,58.35999999999876,close,58.35999999999876,close,58.35999999999876,close,58.35999999999876,close
2013-12-20,2013,小跌-1~0,flat,,,,,,,,,,
2013-12-23,2013,小漲0~1%,active,8408.53,1.0,47.92999999999847,close,47.92999999999847,close,47.92999999999847,close,47.92999999999847,close
2013-12-24,2013,小漲0~1%,active,8456.46,1.0,-5.969999999999345,close,-5.969999999999345,close,-5.969999999999345,close,-5.969999999999345,close
2013-12-25,2013,小漲0~1%,active,8450.49,1.0,17.270000000000437,close,17.270000000000437,close,17.270000000000437,close,17.270000000000437,close
2013-12-26,2013,小漲0~1%,active,8467.76,1.0,18.1299999999992,close,18.1299999999992,close,18.1299999999992,close,18.1299999999992,close
2013-12-27,2013,小漲0~1%,active,8485.89,1.0,49.150000000001455,close,49.150000000001455,close,49.150000000001455,close,49.150000000001455,close
2013-12-30,2013,小漲0~1%,active,8535.04,1.0,88.38999999999942,close,88.38999999999942,close,88.38999999999942,close,88.38999999999942,close
2013-12-31,2013,小漲0~1%,active,8623.43,1.0,-11.920000000000073,close,-11.920000000000073,close,-11.920000000000073,close,-11.920000000000073,close
2014-01-02,2014,小漲0~1%,active,8611.51,1.0,1.0300000000006548,close,1.0300000000006548,close,1.0300000000006548,close,1.0300000000006548,close
2014-01-03,2014,跌-2~-1%,active,8612.54,-1.0,66.0,close,66.0,close,66.0,close,66.0,close
2014-01-06,2014,小跌-1~0,flat,,,,,,,,,,
2014-01-07,2014,小跌-1~0,flat,,,,,,,,,,
2014-01-08,2014,小漲0~1%,active,8512.3,1.0,43.710000000000946,close,43.710000000000946,close,43.710000000000946,close,43.710000000000946,close
2014-01-09,2014,漲1~2%,active,8556.01,1.0,-41.32999999999993,close,-41.32999999999993,close,-41.32999999999993,close,-41.32999999999993,close
2014-01-10,2014,小跌-1~0,flat,,,,,,,,,,
2014-01-13,2014,小漲0~1%,active,8529.35,1.0,36.850000000000364,close,36.850000000000364,close,36.850000000000364,close,36.850000000000364,close
2014-01-14,2014,跌-2~-1%,active,8566.2,-1.0,18.06000000000131,close,18.06000000000131,close,18.06000000000131,close,18.06000000000131,close
2014-01-15,2014,大漲>=2%,active,8606.76,-1.0,4.210000000000946,close,4.210000000000946,close,4.210000000000946,close,4.210000000000946,close
2014-01-16,2014,小漲0~1%,active,8602.55,1.0,9.56000000000131,close,9.56000000000131,close,9.56000000000131,close,9.56000000000131,close
2014-01-17,2014,小跌-1~0,flat,,,,,,,,,,
2014-01-20,2014,小跌-1~0,flat,,,,,,,,,,
2014-01-21,2014,小跌-1~0,flat,,,,,,,,,,
2014-01-22,2014,小漲0~1%,active,8599.9,1.0,25.399999999999636,close,25.399999999999636,close,25.399999999999636,close,25.399999999999636,close
2014-01-23,2014,漲1~2%,active,8625.3,1.0,-30.19999999999891,close,-30.19999999999891,close,-30.19999999999891,close,-30.19999999999891,close
2014-01-24,2014,跌-2~-1%,active,8595.1,-1.0,-3.209999999999127,close,-3.209999999999127,close,-3.209999999999127,close,-3.209999999999127,close
2014-01-27,2014,大跌<-2%,flat,,,,,,,,,,
2014-02-05,2014,小漲0~1%,active,8462.57,1.0,-198.09000000000015,close,-63.469274999999996,stop,-63.56999999999971,stop,-64.56999999999971,stop
2014-02-06,2014,小漲0~1%,active,8264.48,1.0,46.530000000000655,close,46.530000000000655,close,46.530000000000655,close,46.530000000000655,close
2014-02-07,2014,漲1~2%,active,8311.01,1.0,76.34000000000015,close,76.34000000000015,close,76.34000000000015,close,76.34000000000015,close
2014-02-10,2014,漲1~2%,active,8387.35,1.0,4.600000000000364,close,4.600000000000364,close,4.600000000000364,close,4.600000000000364,close
2014-02-11,2014,小漲0~1%,active,8391.95,1.0,38.60999999999876,close,38.60999999999876,close,38.60999999999876,close,38.60999999999876,close
2014-02-12,2014,漲1~2%,active,8430.56,1.0,80.31000000000131,close,80.31000000000131,close,80.31000000000131,close,80.31000000000131,close
2014-02-13,2014,小漲0~1%,active,8510.87,1.0,-43.17000000000007,close,-43.17000000000007,close,-43.17000000000007,close,-43.17000000000007,close
2014-02-14,2014,漲1~2%,active,8467.7,1.0,45.97999999999956,close,45.97999999999956,close,45.97999999999956,close,45.97999999999956,close
2014-02-17,2014,小漲0~1%,active,8513.68,1.0,5.869999999998981,close,5.869999999998981,close,5.869999999998981,close,5.869999999998981,close
2014-02-18,2014,小漲0~1%,active,8519.55,1.0,36.68000000000029,close,36.68000000000029,close,36.68000000000029,close,36.68000000000029,close
2014-02-19,2014,小漲0~1%,active,8556.23,1.0,20.780000000000655,close,20.780000000000655,close,20.780000000000655,close,20.780000000000655,close
2014-02-20,2014,小跌-1~0,flat,,,,,,,,,,
2014-02-21,2014,小漲0~1%,active,8524.62,1.0,77.23999999999978,close,77.23999999999978,close,77.23999999999978,close,77.23999999999978,close
2014-02-24,2014,小跌-1~0,flat,,,,,,,,,,
2014-02-25,2014,小漲0~1%,active,8560.61,1.0,15.010000000000218,close,15.010000000000218,close,15.010000000000218,close,15.010000000000218,close
2014-02-26,2014,小跌-1~0,flat,,,,,,,,,,
2014-02-27,2014,小漲0~1%,active,8600.86,1.0,38.719999999999345,close,38.719999999999345,close,38.719999999999345,close,38.719999999999345,close
2014-03-03,2014,小跌-1~0,flat,,,,,,,,,,
2014-03-04,2014,小跌-1~0,flat,,,,,,,,,,
2014-03-05,2014,漲1~2%,active,8554.54,1.0,78.38999999999942,close,78.38999999999942,close,78.38999999999942,close,78.38999999999942,close
2014-03-06,2014,小漲0~1%,active,8632.93,1.0,80.86000000000058,close,80.86000000000058,close,80.86000000000058,close,80.86000000000058,close
2014-03-07,2014,小漲0~1%,active,8713.79,1.0,0.16999999999825377,close,0.16999999999825377,close,0.16999999999825377,close,0.16999999999825377,close
2014-03-10,2014,小跌-1~0,flat,,,,,,,,,,
2014-03-11,2014,小跌-1~0,flat,,,,,,,,,,
2014-03-12,2014,小跌-1~0,flat,,,,,,,,,,
2014-03-13,2014,小漲0~1%,active,8684.73,1.0,63.06000000000131,close,63.06000000000131,close,63.06000000000131,close,63.06000000000131,close
2014-03-14,2014,跌-2~-1%,active,8747.79,-1.0,60.16000000000167,close,60.16000000000167,close,60.16000000000167,close,60.16000000000167,close
2014-03-17,2014,小跌-1~0,flat,,,,,,,,,,
2014-03-18,2014,漲1~2%,active,8700.1,1.0,31.840000000000146,close,31.840000000000146,close,31.840000000000146,close,31.840000000000146,close
2014-03-19,2014,漲1~2%,active,8731.94,1.0,-42.48000000000138,close,-42.48000000000138,close,-42.48000000000138,close,-42.48000000000138,close
2014-03-20,2014,小跌-1~0,flat,,,,,,,,,,
2014-03-21,2014,漲1~2%,active,8597.33,1.0,-20.159999999999854,close,-20.159999999999854,close,-20.159999999999854,close,-20.159999999999854,close
2014-03-24,2014,小跌-1~0,flat,,,,,,,,,,
2014-03-25,2014,小跌-1~0,flat,,,,,,,,,,
2014-03-26,2014,小漲0~1%,active,8689.3,1.0,47.970000000001164,close,47.970000000001164,close,47.970000000001164,close,47.970000000001164,close
2014-03-27,2014,跌-2~-1%,active,8737.27,-1.0,-42.29999999999927,close,-42.29999999999927,close,-42.29999999999927,close,-42.29999999999927,close
2014-03-28,2014,小跌-1~0,flat,,,,,,,,,,
2014-03-31,2014,小漲0~1%,active,8774.64,1.0,74.64000000000124,close,74.64000000000124,close,74.64000000000124,close,74.64000000000124,close
2014-04-01,2014,漲1~2%,active,8849.28,1.0,23.86999999999898,close,23.86999999999898,close,23.86999999999898,close,23.86999999999898,close
2014-04-02,2014,漲1~2%,active,8873.15,1.0,32.30000000000109,close,32.30000000000109,close,32.30000000000109,close,32.30000000000109,close
2014-04-03,2014,小跌-1~0,flat,,,,,,,,,,
2014-04-07,2014,大跌<-2%,flat,,,,,,,,,,
2014-04-08,2014,小跌-1~0,flat,,,,,,,,,,
2014-04-09,2014,漲1~2%,active,8888.25,1.0,42.31999999999971,close,42.31999999999971,close,42.31999999999971,close,42.31999999999971,close
2014-04-10,2014,漲1~2%,active,8930.57,1.0,17.530000000000655,close,17.530000000000655,close,17.530000000000655,close,17.530000000000655,close
2014-04-11,2014,大跌<-2%,flat,,,,,,,,,,
2014-04-14,2014,跌-2~-1%,active,8908.05,-1.0,50.6299999999992,close,50.6299999999992,close,50.6299999999992,close,50.6299999999992,close
2014-04-15,2014,小漲0~1%,active,8857.42,1.0,59.289999999999054,close,59.289999999999054,close,59.289999999999054,close,59.289999999999054,close
2014-04-16,2014,小漲0~1%,active,8916.71,1.0,7.110000000000582,close,7.110000000000582,close,7.110000000000582,close,7.110000000000582,close
2014-04-17,2014,小跌-1~0,flat,,,,,,,,,,
2014-04-18,2014,漲1~2%,active,8944.16,1.0,22.5,close,22.5,close,22.5,close,22.5,close
2014-04-21,2014,漲1~2%,active,8966.66,1.0,-15.469999999999345,close,-15.469999999999345,close,-15.469999999999345,close,-15.469999999999345,close
2014-04-22,2014,小漲0~1%,active,8951.19,1.0,23.519999999998618,close,23.519999999998618,close,23.519999999998618,close,23.519999999998618,close
2014-04-23,2014,小漲0~1%,active,8974.71,1.0,-17.789999999999054,close,-17.789999999999054,close,-17.789999999999054,close,-17.789999999999054,close
2014-04-24,2014,小跌-1~0,flat,,,,,,,,,,
2014-04-25,2014,小漲0~1%,active,8945.45,1.0,-171.32999999999993,close,-67.090875,stop,-67.45000000000073,stop,-68.45000000000073,stop
2014-04-28,2014,大跌<-2%,flat,,,,,,,,,,
2014-04-29,2014,小跌-1~0,flat,,,,,,,,,,
2014-04-30,2014,小漲0~1%,active,8872.11,1.0,-80.67000000000007,close,-66.540825,stop,-67.11000000000058,stop,-68.11000000000058,stop
2014-05-02,2014,小跌-1~0,flat,,,,,,,,,,
2014-05-05,2014,小漲0~1%,active,8867.32,1.0,3.110000000000582,close,3.110000000000582,close,3.110000000000582,close,3.110000000000582,close
2014-05-06,2014,小漲0~1%,active,8870.43,1.0,41.95999999999913,close,41.95999999999913,close,41.95999999999913,close,41.95999999999913,close
2014-05-07,2014,小跌-1~0,flat,,,,,,,,,,
2014-05-08,2014,小漲0~1%,active,8893.22,1.0,37.68000000000029,close,37.68000000000029,close,37.68000000000029,close,37.68000000000029,close
2014-05-09,2014,小漲0~1%,active,8930.9,1.0,-41.20999999999913,close,-41.20999999999913,close,-41.20999999999913,close,-41.20999999999913,close
2014-05-12,2014,小跌-1~0,flat,,,,,,,,,,
2014-05-13,2014,漲1~2%,active,8808.61,1.0,9.329999999999927,close,9.329999999999927,close,9.329999999999927,close,9.329999999999927,close
2014-05-14,2014,小跌-1~0,flat,,,,,,,,,,
2014-05-15,2014,小跌-1~0,flat,,,,,,,,,,
2014-05-16,2014,跌-2~-1%,active,8880.65,-1.0,-7.800000000001091,close,-7.800000000001091,close,-7.800000000001091,close,-7.800000000001091,close
2014-05-19,2014,漲1~2%,active,8888.45,1.0,11.449999999998909,close,11.449999999998909,close,11.449999999998909,close,11.449999999998909,close
2014-05-20,2014,漲1~2%,active,8899.9,1.0,-12.109999999998763,close,-12.109999999998763,close,-12.109999999998763,close,-12.109999999998763,close
2014-05-21,2014,小跌-1~0,flat,,,,,,,,,,
2014-05-22,2014,小漲0~1%,active,8862.42,1.0,107.20999999999913,close,107.20999999999913,close,107.20999999999913,close,107.20999999999913,close
2014-05-23,2014,小漲0~1%,active,8969.63,1.0,38.590000000000146,close,38.590000000000146,close,38.590000000000146,close,38.590000000000146,close
2014-05-26,2014,小漲0~1%,active,9008.22,1.0,27.900000000001455,close,27.900000000001455,close,27.900000000001455,close,27.900000000001455,close
2014-05-27,2014,小漲0~1%,active,9036.12,1.0,19.170000000000073,close,19.170000000000073,close,19.170000000000073,close,19.170000000000073,close
2014-05-28,2014,漲1~2%,active,9055.29,1.0,66.41999999999825,close,66.41999999999825,close,66.41999999999825,close,66.41999999999825,close
2014-05-29,2014,小漲0~1%,active,9121.71,1.0,-12.709999999999127,close,-12.709999999999127,close,-12.709999999999127,close,-12.709999999999127,close
2014-05-30,2014,小漲0~1%,active,9109.0,1.0,-33.090000000000146,close,-33.090000000000146,close,-33.090000000000146,close,-33.090000000000146,close
2014-06-03,2014,小漲0~1%,active,9075.91,1.0,47.54999999999927,close,47.54999999999927,close,47.54999999999927,close,47.54999999999927,close
2014-06-04,2014,小漲0~1%,active,9123.46,1.0,-3.5,close,-3.5,close,-3.5,close,-3.5,close
2014-06-05,2014,小漲0~1%,active,9119.96,1.0,20.76000000000022,close,20.76000000000022,close,20.76000000000022,close,20.76000000000022,close
2014-06-06,2014,小漲0~1%,active,9140.72,1.0,-6.260000000000218,close,-6.260000000000218,close,-6.260000000000218,close,-6.260000000000218,close
2014-06-09,2014,小漲0~1%,active,9134.46,1.0,28.280000000000655,close,28.280000000000655,close,28.280000000000655,close,28.280000000000655,close
2014-06-10,2014,小漲0~1%,active,9162.74,1.0,59.63000000000102,close,59.63000000000102,close,59.63000000000102,close,59.63000000000102,close
2014-06-11,2014,小漲0~1%,active,9222.37,1.0,7.429999999998472,close,7.429999999998472,close,7.429999999998472,close,7.429999999998472,close
2014-06-12,2014,小漲0~1%,active,9229.8,1.0,-25.149999999999636,close,-25.149999999999636,close,-25.149999999999636,close,-25.149999999999636,close
2014-06-13,2014,小跌-1~0,flat,,,,,,,,,,
2014-06-16,2014,小漲0~1%,active,9196.39,1.0,6.540000000000873,close,6.540000000000873,close,6.540000000000873,close,6.540000000000873,close
2014-06-17,2014,小漲0~1%,active,9202.93,1.0,37.67000000000007,close,37.67000000000007,close,37.67000000000007,close,37.67000000000007,close
2014-06-18,2014,小漲0~1%,active,9240.6,1.0,39.32999999999993,close,39.32999999999993,close,39.32999999999993,close,39.32999999999993,close
2014-06-19,2014,小跌-1~0,flat,,,,,,,,,,
2014-06-20,2014,小漲0~1%,active,9316.81,1.0,-43.01999999999862,close,-43.01999999999862,close,-43.01999999999862,close,-43.01999999999862,close
2014-06-23,2014,小漲0~1%,active,9273.79,1.0,-45.44000000000051,close,-45.44000000000051,close,-45.44000000000051,close,-45.44000000000051,close
2014-06-24,2014,小跌-1~0,flat,,,,,,,,,,
2014-06-25,2014,小跌-1~0,flat,,,,,,,,,,
2014-06-26,2014,小漲0~1%,active,9242.16,1.0,78.78000000000065,close,78.78000000000065,close,78.78000000000065,close,78.78000000000065,close
2014-06-27,2014,小跌-1~0,flat,,,,,,,,,,
2014-06-30,2014,小漲0~1%,active,9306.83,1.0,86.23999999999978,close,86.23999999999978,close,86.23999999999978,close,86.23999999999978,close
2014-07-01,2014,漲1~2%,active,9393.07,1.0,48.850000000000364,close,48.850000000000364,close,48.850000000000364,close,48.850000000000364,close
2014-07-02,2014,漲1~2%,active,9441.92,1.0,43.039999999999054,close,43.039999999999054,close,43.039999999999054,close,43.039999999999054,close
2014-07-03,2014,小漲0~1%,active,9484.96,1.0,41.27000000000044,close,41.27000000000044,close,41.27000000000044,close,41.27000000000044,close
2014-07-04,2014,小漲0~1%,active,9526.23,1.0,-16.18000000000029,close,-16.18000000000029,close,-16.18000000000029,close,-16.18000000000029,close
2014-07-07,2014,小漲0~1%,active,9510.05,1.0,10.150000000001455,close,10.150000000001455,close,10.150000000001455,close,10.150000000001455,close
2014-07-08,2014,小跌-1~0,flat,,,,,,,,,,
2014-07-09,2014,小跌-1~0,flat,,,,,,,,,,
2014-07-10,2014,小漲0~1%,active,9489.98,1.0,75.14000000000124,close,75.14000000000124,close,75.14000000000124,close,75.14000000000124,close
2014-07-11,2014,小跌-1~0,flat,,,,,,,,,,
2014-07-14,2014,小漲0~1%,active,9495.84,1.0,24.459999999999127,close,24.459999999999127,close,24.459999999999127,close,24.459999999999127,close
2014-07-15,2014,小漲0~1%,active,9520.3,1.0,48.8700000000008,close,48.8700000000008,close,48.8700000000008,close,48.8700000000008,close
2014-07-16,2014,小跌-1~0,flat,,,,,,,,,,
2014-07-17,2014,漲1~2%,active,9484.73,1.0,-76.48999999999978,close,-71.135475,stop,-71.72999999999956,stop,-72.72999999999956,stop
2014-07-18,2014,大跌<-2%,flat,,,,,,,,,,
2014-07-21,2014,漲1~2%,active,9400.97,1.0,40.0,close,40.0,close,40.0,close,40.0,close
2014-07-22,2014,小漲0~1%,active,9440.97,1.0,58.39000000000124,close,58.39000000000124,close,58.39000000000124,close,58.39000000000124,close
2014-07-24,2014,大跌<-2%,flat,,,,,,,,,,
2014-07-25,2014,小跌-1~0,flat,,,,,,,,,,
2014-07-28,2014,跌-2~-1%,active,9439.29,-1.0,19.110000000000582,close,19.110000000000582,close,19.110000000000582,close,19.110000000000582,close
2014-07-29,2014,小跌-1~0,flat,,,,,,,,,,
2014-07-30,2014,小跌-1~0,flat,,,,,,,,,,
2014-07-31,2014,漲1~2%,active,9447.02,1.0,-131.17000000000007,close,-70.85265,stop,-71.02000000000044,stop,-72.02000000000044,stop
2014-08-01,2014,大跌<-2%,flat,,,,,,,,,,
2014-08-04,2014,小漲0~1%,active,9266.51,1.0,63.68000000000029,close,63.68000000000029,close,63.68000000000029,close,63.68000000000029,close
2014-08-05,2014,小漲0~1%,active,9330.19,1.0,-188.75,close,-69.976425,stop,-70.19000000000051,stop,-71.19000000000051,stop
2014-08-06,2014,跌-2~-1%,active,9141.44,-1.0,-2.529999999998836,close,-2.529999999998836,close,-2.529999999998836,close,-2.529999999998836,close
2014-08-07,2014,小漲0~1%,active,9143.97,1.0,-12.529999999998836,close,-12.529999999998836,close,-12.529999999998836,close,-12.529999999998836,close
2014-08-08,2014,跌-2~-1%,active,9131.44,-1.0,45.48000000000138,close,45.48000000000138,close,45.48000000000138,close,45.48000000000138,close
2014-08-11,2014,漲1~2%,active,9085.96,1.0,86.95000000000073,close,86.95000000000073,close,86.95000000000073,close,86.95000000000073,close
2014-08-12,2014,小漲0~1%,active,9172.91,1.0,-9.789999999999054,close,-9.789999999999054,close,-9.789999999999054,close,-9.789999999999054,close
2014-08-13,2014,小跌-1~0,flat,,,,,,,,,,
2014-08-14,2014,小漲0~1%,active,9231.31,1.0,-0.6999999999989086,close,-0.6999999999989086,close,-0.6999999999989086,close,-0.6999999999989086,close
2014-08-15,2014,小漲0~1%,active,9230.61,1.0,-23.80000000000109,close,-23.80000000000109,close,-23.80000000000109,close,-23.80000000000109,close
2014-08-18,2014,漲1~2%,active,9206.81,1.0,-65.5,close,-69.051075,stop,-69.80999999999949,stop,-70.80999999999949,stop
2014-08-19,2014,小漲0~1%,active,9141.31,1.0,102.47000000000116,close,102.47000000000116,close,102.47000000000116,close,102.47000000000116,close
2014-08-20,2014,小漲0~1%,active,9243.78,1.0,44.26999999999862,close,44.26999999999862,close,44.26999999999862,close,44.26999999999862,close
2014-08-21,2014,小漲0~1%,active,9288.05,1.0,-34.67000000000007,close,-69.66037499999999,stop,-70.04999999999927,stop,-71.04999999999927,stop
2014-08-22,2014,小漲0~1%,active,9253.38,1.0,126.72000000000116,close,126.72000000000116,close,126.72000000000116,close,126.72000000000116,close
2014-08-25,2014,小漲0~1%,active,9380.1,1.0,10.520000000000437,close,10.520000000000437,close,10.520000000000437,close,10.520000000000437,close
2014-08-26,2014,小跌-1~0,flat,,,,,,,,,,
2014-08-27,2014,小漲0~1%,active,9393.96,1.0,91.63000000000102,close,91.63000000000102,close,91.63000000000102,close,91.63000000000102,close
2014-08-28,2014,小漲0~1%,active,9485.59,1.0,-7.219999999999345,close,-7.219999999999345,close,-7.219999999999345,close,-7.219999999999345,close
2014-08-29,2014,小漲0~1%,active,9478.37,1.0,-42.100000000000364,close,-42.100000000000364,close,-42.100000000000364,close,-42.100000000000364,close
2014-09-01,2014,小漲0~1%,active,9436.27,1.0,76.78999999999905,close,76.78999999999905,close,76.78999999999905,close,76.78999999999905,close
2014-09-02,2014,小漲0~1%,active,9513.06,1.0,-113.34000000000015,close,-71.34795,stop,-72.05999999999949,stop,-73.05999999999949,stop
2014-09-03,2014,小跌-1~0,flat,,,,,,,,,,
2014-09-04,2014,小漲0~1%,active,9450.35,1.0,-21.460000000000946,close,-21.460000000000946,close,-21.460000000000946,close,-21.460000000000946,close
2014-09-05,2014,小漲0~1%,active,9428.89,1.0,-20.94999999999891,close,-20.94999999999891,close,-20.94999999999891,close,-20.94999999999891,close
2014-09-09,2014,小漲0~1%,active,9407.94,1.0,26.829999999999927,close,26.829999999999927,close,26.829999999999927,close,26.829999999999927,close
2014-09-10,2014,小跌-1~0,flat,,,,,,,,,,
2014-09-11,2014,小漲0~1%,active,9357.61,1.0,-34.659999999999854,close,-34.659999999999854,close,-34.659999999999854,close,-34.659999999999854,close
2014-09-12,2014,小漲0~1%,active,9322.95,1.0,-99.77000000000044,close,-69.92212500000001,stop,-69.95000000000073,stop,-70.95000000000073,stop
2014-09-15,2014,跌-2~-1%,active,9223.18,-1.0,5.720000000001164,close,5.720000000001164,close,5.720000000001164,close,5.720000000001164,close
2014-09-16,2014,跌-2~-1%,active,9217.46,-1.0,84.05999999999949,close,84.05999999999949,close,84.05999999999949,close,84.05999999999949,close
2014-09-17,2014,漲1~2%,active,9133.4,1.0,61.77000000000044,close,61.77000000000044,close,61.77000000000044,close,61.77000000000044,close
2014-09-18,2014,小漲0~1%,active,9195.17,1.0,41.86000000000058,close,41.86000000000058,close,41.86000000000058,close,41.86000000000058,close
2014-09-19,2014,漲1~2%,active,9237.03,1.0,3.4200000000000728,close,3.4200000000000728,close,3.4200000000000728,close,3.4200000000000728,close
2014-09-22,2014,跌-2~-1%,active,9240.45,-1.0,105.80000000000109,close,105.80000000000109,close,105.80000000000109,close,105.80000000000109,close
2014-09-23,2014,跌-2~-1%,active,9134.65,-1.0,49.75,close,49.75,close,49.75,close,49.75,close
2014-09-24,2014,小跌-1~0,flat,,,,,,,,,,
2014-09-25,2014,漲1~2%,active,9098.49,1.0,-86.89999999999964,close,-68.238675,stop,-68.48999999999978,stop,-69.48999999999978,stop
2014-09-26,2014,跌-2~-1%,active,9011.59,-1.0,21.770000000000437,close,21.770000000000437,close,21.770000000000437,close,21.770000000000437,close
2014-09-29,2014,漲1~2%,active,8989.82,1.0,-29.05999999999949,close,-29.05999999999949,close,-29.05999999999949,close,-29.05999999999949,close
2014-09-30,2014,小漲0~1%,active,8960.76,1.0,6.1599999999998545,close,-67.2057,stop,-67.76000000000022,stop,-68.76000000000022,stop
2014-10-01,2014,小跌-1~0,flat,,,,,,,,,,
2014-10-02,2014,大跌<-2%,flat,,,,,,,,,,
2014-10-03,2014,小跌-1~0,flat,,,,,,,,,,
2014-10-06,2014,小漲0~1%,active,9106.28,1.0,-11.140000000001237,close,-11.140000000001237,close,-11.140000000001237,close,-11.140000000001237,close
2014-10-07,2014,小跌-1~0,flat,,,,,,,,,,
2014-10-08,2014,跌-2~-1%,active,9040.81,-1.0,85.6299999999992,close,85.6299999999992,close,85.6299999999992,close,85.6299999999992,close
2014-10-09,2014,大漲>=2%,active,8986.3,-1.0,19.859999999998763,close,19.859999999998763,close,19.859999999998763,close,19.859999999998763,close
2014-10-13,2014,大跌<-2%,flat,,,,,,,,,,
2014-10-14,2014,大跌<-2%,flat,,,,,,,,,,
2014-10-15,2014,漲1~2%,active,8768.39,1.0,-112.8799999999992,close,-65.762925,stop,-66.38999999999942,stop,-67.38999999999942,stop
2014-10-16,2014,小漲0~1%,active,8655.51,1.0,-21.81999999999971,close,-64.916325,stop,-65.51000000000022,stop,-66.51000000000022,stop
2014-10-17,2014,漲1~2%,active,8633.69,1.0,-120.81000000000131,close,-64.752675,stop,-65.69000000000051,stop,-66.69000000000051,stop
2014-10-20,2014,小漲0~1%,active,8512.88,1.0,150.26000000000022,close,150.26000000000022,close,150.26000000000022,close,150.26000000000022,close
2014-10-21,2014,漲1~2%,active,8663.14,1.0,-8.5,close,-8.5,close,-8.5,close,-8.5,close
2014-10-22,2014,大漲>=2%,active,8770.37,-1.0,21.540000000000873,close,21.540000000000873,close,21.540000000000873,close,21.540000000000873,close
2014-10-23,2014,跌-2~-1%,active,8748.83,-1.0,17.76000000000022,close,17.76000000000022,close,17.76000000000022,close,17.76000000000022,close
2014-10-24,2014,漲1~2%,active,8731.07,1.0,-85.05999999999949,close,-65.483025,stop,-66.06999999999971,stop,-67.06999999999971,stop
2014-10-27,2014,漲1~2%,active,8646.01,1.0,-18.229999999999563,close,-18.229999999999563,close,-18.229999999999563,close,-18.229999999999563,close
2014-10-28,2014,小漲0~1%,active,8627.78,1.0,145.76999999999862,close,145.76999999999862,close,145.76999999999862,close,145.76999999999862,close
2014-10-29,2014,漲1~2%,active,8773.55,1.0,130.13000000000102,close,130.13000000000102,close,130.13000000000102,close,130.13000000000102,close
2014-10-30,2014,小漲0~1%,active,8903.68,1.0,-15.610000000000582,close,-15.610000000000582,close,-15.610000000000582,close,-15.610000000000582,close
2014-10-31,2014,跌-2~-1%,active,8888.07,-1.0,-86.69000000000051,close,-66.66052499999999,stop,-86.69000000000051,stop_gap,-87.69000000000051,stop_gap
2014-11-03,2014,大漲>=2%,active,8984.88,-1.0,-19.980000000001382,close,-19.980000000001382,close,-19.980000000001382,close,-19.980000000001382,close
2014-11-04,2014,小漲0~1%,active,9004.86,1.0,-15.680000000000291,close,-15.680000000000291,close,-15.680000000000291,close,-15.680000000000291,close
2014-11-05,2014,小跌-1~0,flat,,,,,,,,,,
2014-11-06,2014,小漲0~1%,active,8962.6,1.0,-71.57999999999993,close,-67.2195,stop,-67.60000000000036,stop,-68.60000000000036,stop
2014-11-07,2014,小跌-1~0,flat,,,,,,,,,,
2014-11-10,2014,小跌-1~0,flat,,,,,,,,,,
2014-11-11,2014,小漲0~1%,active,9049.98,1.0,-15.840000000000146,close,-15.840000000000146,close,-15.840000000000146,close,-15.840000000000146,close
2014-11-12,2014,小跌-1~0,flat,,,,,,,,,,
2014-11-13,2014,小跌-1~0,flat,,,,,,,,,,
2014-11-14,2014,小漲0~1%,active,8980.67,1.0,2.209999999999127,close,2.209999999999127,close,2.209999999999127,close,2.209999999999127,close
2014-11-17,2014,小漲0~1%,active,8982.88,1.0,-98.48999999999978,close,-67.37159999999999,stop,-67.8799999999992,stop,-68.8799999999992,stop
2014-11-18,2014,小跌-1~0,flat,,,,,,,,,,
2014-11-19,2014,漲1~2%,active,8859.07,1.0,104.17000000000007,close,104.17000000000007,close,104.17000000000007,close,104.17000000000007,close
2014-11-20,2014,小跌-1~0,flat,,,,,,,,,,
2014-11-21,2014,小漲0~1%,active,9078.87,1.0,12.659999999999854,close,12.659999999999854,close,12.659999999999854,close,12.659999999999854,close
2014-11-24,2014,漲1~2%,active,9091.53,1.0,30.799999999999272,close,30.799999999999272,close,30.799999999999272,close,30.799999999999272,close
2014-11-25,2014,小漲0~1%,active,9122.33,1.0,-6.0900000000001455,close,-6.0900000000001455,close,-6.0900000000001455,close,-6.0900000000001455,close
2014-11-26,2014,小跌-1~0,flat,,,,,,,,,,
2014-11-27,2014,大漲>=2%,active,9188.18,-1.0,22.8700000000008,close,22.8700000000008,close,22.8700000000008,close,22.8700000000008,close
2014-11-28,2014,大漲>=2%,active,9190.02,-1.0,2.8700000000008004,close,2.8700000000008004,close,2.8700000000008004,close,2.8700000000008004,close
2014-12-01,2014,小漲0~1%,active,9187.15,1.0,-69.44000000000051,close,-68.90362499999999,stop,-69.14999999999964,stop,-70.14999999999964,stop
2014-12-02,2014,跌-2~-1%,active,9117.71,-1.0,82.91999999999825,close,82.91999999999825,close,82.91999999999825,close,82.91999999999825,close
2014-12-03,2014,小漲0~1%,active,9034.79,1.0,140.46999999999935,close,140.46999999999935,close,140.46999999999935,close,140.46999999999935,close
2014-12-04,2014,大漲>=2%,active,9231.0,-1.0,5.889999999999418,close,5.889999999999418,close,5.889999999999418,close,5.889999999999418,close
2014-12-05,2014,小漲0~1%,active,9225.11,1.0,-18.540000000000873,close,-18.540000000000873,close,-18.540000000000873,close,-18.540000000000873,close
2014-12-08,2014,小漲0~1%,active,9206.57,1.0,-19.279999999998836,close,-19.279999999998836,close,-19.279999999998836,close,-19.279999999998836,close
2014-12-09,2014,跌-2~-1%,active,9187.29,-1.0,58.39000000000124,close,58.39000000000124,close,58.39000000000124,close,58.39000000000124,close
2014-12-10,2014,小跌-1~0,flat,,,,,,,,,,
2014-12-11,2014,跌-2~-1%,active,9032.16,-1.0,19.090000000000146,close,19.090000000000146,close,19.090000000000146,close,19.090000000000146,close
2014-12-12,2014,小漲0~1%,active,9013.07,1.0,14.260000000000218,close,14.260000000000218,close,14.260000000000218,close,14.260000000000218,close
2014-12-15,2014,跌-2~-1%,active,9027.33,-1.0,41.70000000000073,close,41.70000000000073,close,41.70000000000073,close,41.70000000000073,close
2014-12-16,2014,小跌-1~0,flat,,,,,,,,,,
2014-12-17,2014,小跌-1~0,flat,,,,,,,,,,
2014-12-18,2014,大漲>=2%,active,8901.66,-1.0,23.030000000000655,close,23.030000000000655,close,23.030000000000655,close,23.030000000000655,close
2014-12-19,2014,漲1~2%,active,8878.63,1.0,120.89000000000124,close,120.89000000000124,close,120.89000000000124,close,120.89000000000124,close
2014-12-22,2014,小跌-1~0,flat,,,,,,,,,,
2014-12-23,2014,漲1~2%,active,9095.0,1.0,2.709999999999127,close,2.709999999999127,close,2.709999999999127,close,2.709999999999127,close
2014-12-24,2014,小跌-1~0,flat,,,,,,,,,,
2014-12-25,2014,小漲0~1%,active,9186.18,1.0,-27.479999999999563,close,-27.479999999999563,close,-27.479999999999563,close,-27.479999999999563,close
2014-12-26,2014,小漲0~1%,active,9158.7,1.0,55.36999999999898,close,55.36999999999898,close,55.36999999999898,close,55.36999999999898,close
2014-12-27,2014,小漲0~1%,active,9214.07,1.0,4.430000000000291,close,4.430000000000291,close,4.430000000000291,close,4.430000000000291,close
2014-12-29,2014,小漲0~1%,active,9218.5,1.0,67.78000000000065,close,67.78000000000065,close,67.78000000000065,close,67.78000000000065,close
2014-12-30,2014,小跌-1~0,flat,,,,,,,,,,
2014-12-31,2014,小跌-1~0,flat,,,,,,,,,,
2015-01-05,2015,小跌-1~0,flat,,,,,,,,,,
2015-01-06,2015,跌-2~-1%,active,9274.11,-1.0,225.77000000000044,close,225.77000000000044,close,225.77000000000044,close,225.77000000000044,close
2015-01-07,2015,大跌<-2%,flat,,,,,,,,,,
2015-01-08,2015,小漲0~1%,active,9080.09,1.0,157.9400000000005,close,157.9400000000005,close,157.9400000000005,close,157.9400000000005,close
2015-01-09,2015,大漲>=2%,active,9239.41,-1.0,23.829999999999927,close,23.829999999999927,close,23.829999999999927,close,23.829999999999927,close
2015-01-12,2015,小漲0~1%,active,9215.58,1.0,-37.280000000000655,close,-37.280000000000655,close,-37.280000000000655,close,-37.280000000000655,close
2015-01-13,2015,跌-2~-1%,active,9178.3,-1.0,-53.5,close,-68.83725,stop,-69.70000000000073,stop,-70.70000000000073,stop
2015-01-14,2015,小跌-1~0,flat,,,,,,,,,,
2015-01-15,2015,小跌-1~0,flat,,,,,,,,,,
2015-01-16,2015,小跌-1~0,flat,,,,,,,,,,
2015-01-19,2015,漲1~2%,active,9138.29,1.0,35.76999999999862,close,35.76999999999862,close,35.76999999999862,close,35.76999999999862,close
2015-01-20,2015,漲1~2%,active,9174.06,1.0,77.63000000000102,close,77.63000000000102,close,77.63000000000102,close,77.63000000000102,close
2015-01-21,2015,漲1~2%,active,9251.69,1.0,68.01999999999862,close,68.01999999999862,close,68.01999999999862,close,68.01999999999862,close
2015-01-22,2015,漲1~2%,active,9319.71,1.0,49.80000000000109,close,49.80000000000109,close,49.80000000000109,close,49.80000000000109,close
2015-01-23,2015,小漲0~1%,active,9369.51,1.0,101.43000000000029,close,101.43000000000029,close,101.43000000000029,close,101.43000000000029,close
2015-01-26,2015,小跌-1~0,flat,,,,,,,,,,
2015-01-27,2015,小漲0~1%,active,9477.67,1.0,43.92000000000007,close,43.92000000000007,close,43.92000000000007,close,43.92000000000007,close
2015-01-28,2015,跌-2~-1%,active,9521.59,-1.0,10.670000000000073,close,10.670000000000073,close,10.670000000000073,close,10.670000000000073,close
2015-01-29,2015,小跌-1~0,flat,,,,,,,,,,
2015-01-30,2015,小漲0~1%,active,9426.9,1.0,-64.98999999999978,close,-64.98999999999978,close,-64.98999999999978,close,-64.98999999999978,close
2015-02-02,2015,大跌<-2%,flat,,,,,,,,,,
2015-02-03,2015,小漲0~1%,active,9386.99,1.0,61.73999999999978,close,61.73999999999978,close,61.73999999999978,close,61.73999999999978,close
2015-02-04,2015,大漲>=2%,active,9511.08,-1.0,-2.8400000000001455,close,-2.8400000000001455,close,-2.8400000000001455,close,-2.8400000000001455,close
2015-02-05,2015,小漲0~1%,active,9513.92,1.0,-1.8700000000008004,close,-1.8700000000008004,close,-1.8700000000008004,close,-1.8700000000008004,close
2015-02-06,2015,小漲0~1%,active,9512.05,1.0,-55.86999999999898,close,-55.86999999999898,close,-55.86999999999898,close,-55.86999999999898,close
2015-02-09,2015,小跌-1~0,flat,,,,,,,,,,
2015-02-10,2015,跌-2~-1%,active,9421.5,-1.0,27.799999999999272,close,27.799999999999272,close,27.799999999999272,close,27.799999999999272,close
2015-02-11,2015,大漲>=2%,active,9475.11,-1.0,12.890000000001237,close,12.890000000001237,close,12.890000000001237,close,12.890000000001237,close
2015-02-12,2015,小漲0~1%,active,9462.22,1.0,34.090000000000146,close,34.090000000000146,close,34.090000000000146,close,34.090000000000146,close
2015-02-13,2015,漲1~2%,active,9496.31,1.0,33.20000000000073,close,33.20000000000073,close,33.20000000000073,close,33.20000000000073,close
2015-02-24,2015,小跌-1~0,flat,,,,,,,,,,
2015-02-25,2015,漲1~2%,active,9629.37,1.0,70.17000000000007,close,70.17000000000007,close,70.17000000000007,close,70.17000000000007,close
2015-02-26,2015,小跌-1~0,flat,,,,,,,,,,
2015-03-02,2015,小跌-1~0,flat,,,,,,,,,,
2015-03-03,2015,大漲>=2%,active,9579.83,-1.0,-25.94000000000051,close,-25.94000000000051,close,-25.94000000000051,close,-25.94000000000051,close
2015-03-04,2015,跌-2~-1%,active,9605.77,-1.0,-15.959999999999127,close,-15.959999999999127,close,-15.959999999999127,close,-15.959999999999127,close
2015-03-05,2015,小跌-1~0,flat,,,,,,,,,,
2015-03-06,2015,小漲0~1%,active,9595.09,1.0,50.68000000000029,close,50.68000000000029,close,50.68000000000029,close,50.68000000000029,close
2015-03-09,2015,跌-2~-1%,active,9645.77,-1.0,82.79000000000087,close,82.79000000000087,close,82.79000000000087,close,82.79000000000087,close
2015-03-10,2015,小漲0~1%,active,9562.98,1.0,-26.44999999999891,close,-26.44999999999891,close,-26.44999999999891,close,-26.44999999999891,close
2015-03-11,2015,跌-2~-1%,active,9536.53,-1.0,13.350000000000364,close,13.350000000000364,close,13.350000000000364,close,13.350000000000364,close
2015-03-12,2015,小漲0~1%,active,9523.18,1.0,72.81999999999971,close,72.81999999999971,close,72.81999999999971,close,72.81999999999971,close
2015-03-13,2015,小跌-1~0,flat,,,,,,,,,,
2015-03-16,2015,小漲0~1%,active,9579.35,1.0,-66.44000000000051,close,-66.44000000000051,close,-66.44000000000051,close,-66.44000000000051,close
2015-03-17,2015,漲1~2%,active,9512.91,1.0,26.530000000000655,close,26.530000000000655,close,26.530000000000655,close,26.530000000000655,close
2015-03-18,2015,小跌-1~0,flat,,,,,,,,,,
2015-03-19,2015,小漲0~1%,active,9653.43,1.0,83.29999999999927,close,83.29999999999927,close,83.29999999999927,close,83.29999999999927,close
2015-03-20,2015,小漲0~1%,active,9736.73,1.0,12.960000000000946,close,12.960000000000946,close,12.960000000000946,close,12.960000000000946,close
2015-03-23,2015,漲1~2%,active,9749.69,1.0,8.399999999999636,close,8.399999999999636,close,8.399999999999636,close,8.399999999999636,close
2015-03-24,2015,小跌-1~0,flat,,,,,,,,,,
2015-03-25,2015,小跌-1~0,flat,,,,,,,,,,
2015-03-26,2015,大跌<-2%,flat,,,,,,,,,,
2015-03-27,2015,跌-2~-1%,active,9619.12,-1.0,115.40000000000146,close,115.40000000000146,close,115.40000000000146,close,115.40000000000146,close
2015-03-30,2015,大漲>=2%,active,9525.57,-1.0,3.6999999999989086,close,3.6999999999989086,close,3.6999999999989086,close,3.6999999999989086,close
2015-03-31,2015,漲1~2%,active,9521.87,1.0,64.56999999999971,close,64.56999999999971,close,64.56999999999971,close,64.56999999999971,close
2015-04-01,2015,跌-2~-1%,active,9586.44,-1.0,78.78000000000065,close,78.78000000000065,close,78.78000000000065,close,78.78000000000065,close
2015-04-02,2015,小跌-1~0,flat,,,,,,,,,,
2015-04-07,2015,小漲0~1%,active,9600.32,1.0,41.57999999999993,close,41.57999999999993,close,41.57999999999993,close,41.57999999999993,close
2015-04-08,2015,小漲0~1%,active,9641.9,1.0,-69.93000000000029,close,-72.31425,stop,-72.89999999999964,stop,-73.89999999999964,stop
2015-04-09,2015,小漲0~1%,active,9571.97,1.0,-3.929999999998472,close,-3.929999999998472,close,-3.929999999998472,close,-3.929999999998472,close
2015-04-10,2015,漲1~2%,active,9568.04,1.0,49.659999999999854,close,49.659999999999854,close,49.659999999999854,close,49.659999999999854,close
2015-04-13,2015,小漲0~1%,active,9617.7,1.0,48.81999999999971,close,48.81999999999971,close,48.81999999999971,close,48.81999999999971,close
2015-04-14,2015,小跌-1~0,flat,,,,,,,,,,
2015-04-15,2015,小跌-1~0,flat,,,,,,,,,,
2015-04-16,2015,漲1~2%,active,9540.06,1.0,116.81000000000131,close,116.81000000000131,close,116.81000000000131,close,116.81000000000131,close
2015-04-17,2015,小跌-1~0,flat,,,,,,,,,,
2015-04-20,2015,跌-2~-1%,active,9570.93,-1.0,18.079999999999927,close,18.079999999999927,close,18.079999999999927,close,18.079999999999927,close
2015-04-21,2015,小漲0~1%,active,9552.85,1.0,-18.8700000000008,close,-18.8700000000008,close,-18.8700000000008,close,-18.8700000000008,close
2015-04-22,2015,小漲0~1%,active,9533.98,1.0,79.02000000000044,close,79.02000000000044,close,79.02000000000044,close,79.02000000000044,close
2015-04-23,2015,漲1~2%,active,9613.0,1.0,184.48999999999978,close,184.48999999999978,close,184.48999999999978,close,184.48999999999978,close
2015-04-24,2015,跌-2~-1%,active,9797.49,-1.0,-115.79000000000087,close,-73.481175,stop,-73.51000000000022,stop,-74.51000000000022,stop
2015-04-27,2015,跌-2~-1%,active,9913.28,-1.0,-59.840000000000146,close,-74.3496,stop,-74.71999999999935,stop,-75.71999999999935,stop
2015-04-28,2015,小漲0~1%,active,9973.12,1.0,-16.290000000000873,close,-16.290000000000873,close,-16.290000000000873,close,-16.290000000000873,close
2015-04-29,2015,小漲0~1%,active,9956.83,1.0,-103.0,close,-74.676225,stop,-74.82999999999993,stop,-75.82999999999993,stop
2015-04-30,2015,小跌-1~0,flat,,,,,,,,,,
2015-05-04,2015,大漲>=2%,active,9819.24,-1.0,-25.80000000000109,close,-25.80000000000109,close,-25.80000000000109,close,-25.80000000000109,close
2015-05-05,2015,小跌-1~0,flat,,,,,,,,,,
2015-05-06,2015,大跌<-2%,flat,,,,,,,,,,
2015-05-07,2015,小跌-1~0,flat,,,,,,,,,,
2015-05-08,2015,漲1~2%,active,9704.11,1.0,-12.110000000000582,close,-12.110000000000582,close,-12.110000000000582,close,-12.110000000000582,close
2015-05-11,2015,小漲0~1%,active,9692.0,1.0,-28.280000000000655,close,-28.280000000000655,close,-28.280000000000655,close,-28.280000000000655,close
2015-05-12,2015,小漲0~1%,active,9663.72,1.0,17.01000000000022,close,17.01000000000022,close,17.01000000000022,close,17.01000000000022,close
2015-05-13,2015,小跌-1~0,flat,,,,,,,,,,
2015-05-14,2015,小漲0~1%,active,9724.11,1.0,-113.28000000000065,close,-72.930825,stop,-73.11000000000058,stop,-74.11000000000058,stop
2015-05-15,2015,漲1~2%,active,9610.83,1.0,-31.350000000000364,close,-31.350000000000364,close,-31.350000000000364,close,-31.350000000000364,close
2015-05-18,2015,小漲0~1%,active,9579.48,1.0,26.6200000000008,close,26.6200000000008,close,26.6200000000008,close,26.6200000000008,close
2015-05-19,2015,小漲0~1%,active,9606.1,1.0,110.67000000000007,close,110.67000000000007,close,110.67000000000007,close,110.67000000000007,close
2015-05-20,2015,小跌-1~0,flat,,,,,,,,,,
2015-05-21,2015,小漲0~1%,active,9685.31,1.0,-106.75,close,-72.63982499999999,stop,-73.30999999999949,stop,-74.30999999999949,stop
2015-05-22,2015,小漲0~1%,active,9578.56,1.0,60.23999999999978,close,60.23999999999978,close,60.23999999999978,close,60.23999999999978,close
2015-05-25,2015,小漲0~1%,active,9638.8,1.0,6.3700000000008,close,6.3700000000008,close,6.3700000000008,close,6.3700000000008,close
2015-05-26,2015,小漲0~1%,active,9645.17,1.0,24.23999999999978,close,24.23999999999978,close,24.23999999999978,close,24.23999999999978,close
2015-05-27,2015,小跌-1~0,flat,,,,,,,,,,
2015-05-28,2015,大漲>=2%,active,9717.01,-1.0,4.170000000000073,close,4.170000000000073,close,4.170000000000073,close,4.170000000000073,close
2015-05-29,2015,小漲0~1%,active,9712.84,1.0,-11.770000000000437,close,-11.770000000000437,close,-11.770000000000437,close,-11.770000000000437,close
2015-06-01,2015,小漲0~1%,active,9701.07,1.0,-75.3799999999992,close,-72.75802499999999,stop,-73.06999999999971,stop,-74.06999999999971,stop
2015-06-02,2015,小漲0~1%,active,9625.69,1.0,-11.430000000000291,close,-11.430000000000291,close,-11.430000000000291,close,-11.430000000000291,close
2015-06-03,2015,跌-2~-1%,active,9614.26,-1.0,57.73999999999978,close,57.73999999999978,close,57.73999999999978,close,57.73999999999978,close
2015-06-04,2015,小跌-1~0,flat,,,,,,,,,,
2015-06-05,2015,小跌-1~0,flat,,,,,,,,,,
2015-06-08,2015,小漲0~1%,active,9340.13,1.0,28.30000000000109,close,-70.050975,stop,-70.1299999999992,stop,-71.1299999999992,stop
2015-06-09,2015,跌-2~-1%,active,9368.43,-1.0,176.5599999999995,close,176.5599999999995,close,176.5599999999995,close,176.5599999999995,close
2015-06-10,2015,小跌-1~0,flat,,,,,,,,,,
2015-06-11,2015,漲1~2%,active,9298.5,1.0,3.9899999999997817,close,3.9899999999997817,close,3.9899999999997817,close,3.9899999999997817,close
2015-06-12,2015,小跌-1~0,flat,,,,,,,,,,
2015-06-15,2015,小跌-1~0,flat,,,,,,,,,,
2015-06-16,2015,小跌-1~0,flat,,,,,,,,,,
2015-06-17,2015,小漲0~1%,active,9212.78,1.0,-22.950000000000728,close,-22.950000000000728,close,-22.950000000000728,close,-22.950000000000728,close
2015-06-18,2015,小漲0~1%,active,9189.83,1.0,28.540000000000873,close,28.540000000000873,close,28.540000000000873,close,28.540000000000873,close
2015-06-22,2015,小跌-1~0,flat,,,,,,,,,,
2015-06-23,2015,小漲0~1%,active,9341.77,1.0,49.36999999999898,close,49.36999999999898,close,49.36999999999898,close,49.36999999999898,close
2015-06-24,2015,小跌-1~0,flat,,,,,,,,,,
2015-06-25,2015,跌-2~-1%,active,9397.31,-1.0,-79.03000000000065,close,-70.47982499999999,stop,-70.69000000000051,stop,-71.69000000000051,stop
2015-06-26,2015,小跌-1~0,flat,,,,,,,,,,
2015-06-29,2015,大跌<-2%,flat,,,,,,,,,,
2015-06-30,2015,大跌<-2%,flat,,,,,,,,,,
2015-07-01,2015,小漲0~1%,active,9323.02,1.0,52.20999999999913,close,52.20999999999913,close,52.20999999999913,close,52.20999999999913,close
2015-07-02,2015,小漲0~1%,active,9375.23,1.0,4.010000000000218,close,4.010000000000218,close,4.010000000000218,close,4.010000000000218,close
2015-07-03,2015,小漲0~1%,active,9379.24,1.0,-21.01000000000022,close,-70.34429999999999,stop,-71.23999999999978,stop,-72.23999999999978,stop
2015-07-06,2015,小漲0~1%,active,9358.23,1.0,-102.27000000000044,close,-70.186725,stop,-70.22999999999956,stop,-71.22999999999956,stop
2015-07-07,2015,跌-2~-1%,active,9255.96,-1.0,5.799999999999272,close,-69.41969999999999,stop,-70.04000000000087,stop,-71.04000000000087,stop
2015-07-08,2015,小跌-1~0,flat,,,,,,,,,,
2015-07-09,2015,大跌<-2%,flat,,,,,,,,,,
2015-07-13,2015,漲1~2%,active,8914.13,1.0,119.79000000000087,close,119.79000000000087,close,119.79000000000087,close,119.79000000000087,close
2015-07-14,2015,小漲0~1%,active,9033.92,1.0,7.8400000000001455,close,7.8400000000001455,close,7.8400000000001455,close,7.8400000000001455,close
2015-07-15,2015,漲1~2%,active,9041.76,1.0,12.44000000000051,close,12.44000000000051,close,12.44000000000051,close,12.44000000000051,close
2015-07-16,2015,小跌-1~0,flat,,,,,,,,,,
2015-07-17,2015,小漲0~1%,active,9042.21,1.0,3.7700000000004366,close,3.7700000000004366,close,3.7700000000004366,close,3.7700000000004366,close
2015-07-20,2015,小跌-1~0,flat,,,,,,,,,,
2015-07-21,2015,小跌-1~0,flat,,,,,,,,,,
2015-07-22,2015,小漲0~1%,active,9005.96,1.0,-87.2599999999984,close,-67.54469999999999,stop,-67.95999999999913,stop,-68.95999999999913,stop
2015-07-23,2015,大跌<-2%,flat,,,,,,,,,,
2015-07-24,2015,漲1~2%,active,8791.12,1.0,-23.26000000000022,close,-23.26000000000022,close,-23.26000000000022,close,-23.26000000000022,close
2015-07-27,2015,跌-2~-1%,active,8767.86,-1.0,211.1800000000003,close,211.1800000000003,close,211.1800000000003,close,211.1800000000003,close
2015-07-28,2015,小跌-1~0,flat,,,,,,,,,,
2015-07-29,2015,大漲>=2%,active,8524.56,-1.0,-38.92000000000007,close,-38.92000000000007,close,-38.92000000000007,close,-38.92000000000007,close
2015-07-30,2015,小漲0~1%,active,8563.48,1.0,88.01000000000022,close,88.01000000000022,close,88.01000000000022,close,88.01000000000022,close
2015-07-31,2015,小漲0~1%,active,8651.49,1.0,13.850000000000364,close,13.850000000000364,close,13.850000000000364,close,13.850000000000364,close
2015-08-03,2015,跌-2~-1%,active,8665.34,-1.0,140.9300000000003,close,140.9300000000003,close,140.9300000000003,close,140.9300000000003,close
2015-08-04,2015,小跌-1~0,flat,,,,,,,,,,
2015-08-05,2015,跌-2~-1%,active,8510.86,-1.0,-31.409999999999854,close,-31.409999999999854,close,-31.409999999999854,close,-31.409999999999854,close
2015-08-06,2015,漲1~2%,active,8542.27,1.0,-92.71000000000095,close,-64.067025,stop,-64.27000000000044,stop,-65.27000000000044,stop
2015-08-07,2015,跌-2~-1%,active,8449.56,-1.0,7.269999999998618,close,7.269999999998618,close,7.269999999998618,close,7.269999999998618,close
2015-08-10,2015,小漲0~1%,active,8442.29,1.0,24.549999999999272,close,-63.317175000000006,stop,-64.29000000000087,stop,-65.29000000000087,stop
2015-08-11,2015,大漲>=2%,active,8555.82,-1.0,161.6800000000003,close,161.6800000000003,close,161.6800000000003,close,161.6800000000003,close
2015-08-12,2015,大跌<-2%,flat,,,,,,,,,,
2015-08-13,2015,小漲0~1%,active,8283.38,1.0,28.360000000000582,close,28.360000000000582,close,28.360000000000582,close,28.360000000000582,close
2015-08-14,2015,跌-2~-1%,active,8311.74,-1.0,6.100000000000364,close,6.100000000000364,close,6.100000000000364,close,6.100000000000364,close
2015-08-17,2015,小跌-1~0,flat,,,,,,,,,,
2015-08-18,2015,小漲0~1%,active,8213.42,1.0,-36.19999999999982,close,-36.19999999999982,close,-36.19999999999982,close,-36.19999999999982,close
2015-08-19,2015,大跌<-2%,flat,,,,,,,,,,
2015-08-20,2015,小跌-1~0,flat,,,,,,,,,,
2015-08-21,2015,大跌<-2%,flat,,,,,,,,,,
2015-08-24,2015,大跌<-2%,flat,,,,,,,,,,
2015-08-25,2015,大跌<-2%,flat,,,,,,,,,,
2015-08-26,2015,跌-2~-1%,active,7675.64,-1.0,-39.94999999999982,close,-57.5673,stop,-58.35999999999967,stop,-59.35999999999967,stop
2015-08-27,2015,大漲>=2%,active,7807.34,-1.0,-17.210000000000036,close,-17.210000000000036,close,-17.210000000000036,close,-17.210000000000036,close
2015-08-28,2015,大漲>=2%,active,7972.92,-1.0,-46.26000000000022,close,-59.7969,stop,-60.07999999999993,stop,-61.07999999999993,stop
2015-08-31,2015,小漲0~1%,active,8019.18,1.0,155.73999999999978,close,155.73999999999978,close,155.73999999999978,close,155.73999999999978,close
2015-09-01,2015,小跌-1~0,flat,,,,,,,,,,
2015-09-02,2015,大跌<-2%,flat,,,,,,,,,,
2015-09-03,2015,大漲>=2%,active,8066.99,-1.0,-28.960000000000036,close,-28.960000000000036,close,-28.960000000000036,close,-28.960000000000036,close
2015-09-04,2015,小漲0~1%,active,8095.95,1.0,-95.34999999999945,close,-60.71962499999999,stop,-60.94999999999982,stop,-61.94999999999982,stop
2015-09-07,2015,跌-2~-1%,active,8000.6,-1.0,14.039999999999964,close,14.039999999999964,close,14.039999999999964,close,14.039999999999964,close
2015-09-08,2015,跌-2~-1%,active,7986.56,-1.0,-14.9399999999996,close,-14.9399999999996,close,-14.9399999999996,close,-14.9399999999996,close
2015-09-09,2015,大漲>=2%,active,8217.26,-1.0,-69.65999999999985,close,-61.62945,stop,-61.73999999999978,stop,-62.73999999999978,stop
2015-09-10,2015,跌-2~-1%,active,8286.92,-1.0,18.23999999999978,close,18.23999999999978,close,18.23999999999978,close,18.23999999999978,close
2015-09-11,2015,小漲0~1%,active,8268.68,1.0,37.13999999999942,close,37.13999999999942,close,37.13999999999942,close,37.13999999999942,close
2015-09-14,2015,小漲0~1%,active,8305.82,1.0,1.4700000000011642,close,1.4700000000011642,close,1.4700000000011642,close,1.4700000000011642,close
2015-09-15,2015,小漲0~1%,active,8307.29,1.0,-47.30000000000109,close,-62.304675,stop,-63.29000000000087,stop,-64.29000000000087,stop
2015-09-16,2015,漲1~2%,active,8259.99,1.0,73.30000000000109,close,73.30000000000109,close,73.30000000000109,close,73.30000000000109,close
2015-09-17,2015,小漲0~1%,active,8333.29,1.0,112.20999999999913,close,112.20999999999913,close,112.20999999999913,close,112.20999999999913,close
2015-09-18,2015,小跌-1~0,flat,,,,,,,,,,
2015-09-21,2015,跌-2~-1%,active,8462.14,-1.0,155.09999999999854,close,155.09999999999854,close,155.09999999999854,close,155.09999999999854,close
2015-09-22,2015,小跌-1~0,flat,,,,,,,,,,
2015-09-23,2015,大跌<-2%,flat,,,,,,,,,,
2015-09-24,2015,小跌-1~0,flat,,,,,,,,,,
2015-09-25,2015,小跌-1~0,flat,,,,,,,,,,
2015-09-30,2015,小漲0~1%,active,8132.35,1.0,48.88999999999942,close,-60.992625000000004,stop,-61.350000000000364,stop,-62.350000000000364,stop
2015-10-01,2015,大漲>=2%,active,8206.86,-1.0,-89.07999999999993,close,-61.55145,stop,-62.13999999999942,stop,-63.13999999999942,stop
2015-10-02,2015,跌-2~-1%,active,8295.94,-1.0,-9.090000000000146,close,-9.090000000000146,close,-9.090000000000146,close,-9.090000000000146,close
2015-10-05,2015,大漲>=2%,active,8325.12,-1.0,-27.23999999999978,close,-27.23999999999978,close,-27.23999999999978,close,-27.23999999999978,close
2015-10-06,2015,漲1~2%,active,8352.36,1.0,41.73999999999978,close,41.73999999999978,close,41.73999999999978,close,41.73999999999978,close
2015-10-07,2015,小漲0~1%,active,8394.1,1.0,101.1299999999992,close,101.1299999999992,close,101.1299999999992,close,101.1299999999992,close
2015-10-08,2015,漲1~2%,active,8495.23,1.0,-49.27000000000044,close,-49.27000000000044,close,-49.27000000000044,close,-49.27000000000044,close
2015-10-12,2015,小跌-1~0,flat,,,,,,,,,,
2015-10-13,2015,小漲0~1%,active,8573.72,1.0,-5.799999999999272,close,-5.799999999999272,close,-5.799999999999272,close,-5.799999999999272,close
2015-10-14,2015,跌-2~-1%,active,8567.92,-1.0,45.409999999999854,close,45.409999999999854,close,45.409999999999854,close,45.409999999999854,close
2015-10-15,2015,大漲>=2%,active,8638.57,-1.0,37.04999999999927,close,37.04999999999927,close,37.04999999999927,close,37.04999999999927,close
2015-10-16,2015,小漲0~1%,active,8601.52,1.0,3.430000000000291,close,3.430000000000291,close,3.430000000000291,close,3.430000000000291,close
2015-10-19,2015,小漲0~1%,active,8604.95,1.0,26.549999999999272,close,26.549999999999272,close,26.549999999999272,close,26.549999999999272,close
2015-10-20,2015,小漲0~1%,active,8631.5,1.0,22.100000000000364,close,22.100000000000364,close,22.100000000000364,close,22.100000000000364,close
2015-10-21,2015,小跌-1~0,flat,,,,,,,,,,
2015-10-22,2015,小漲0~1%,active,8609.23,1.0,-0.7700000000004366,close,-0.7700000000004366,close,-0.7700000000004366,close,-0.7700000000004366,close
2015-10-23,2015,大漲>=2%,active,8686.18,-1.0,12.3700000000008,close,12.3700000000008,close,12.3700000000008,close,12.3700000000008,close
2015-10-26,2015,漲1~2%,active,8673.81,1.0,71.55000000000109,close,71.55000000000109,close,71.55000000000109,close,71.55000000000109,close
2015-10-27,2015,跌-2~-1%,active,8745.36,-1.0,44.04000000000087,close,44.04000000000087,close,44.04000000000087,close,44.04000000000087,close
2015-10-28,2015,小跌-1~0,flat,,,,,,,,,,
2015-10-29,2015,漲1~2%,active,8665.99,1.0,-94.90999999999985,close,-64.994925,stop,-65.98999999999978,stop,-66.98999999999978,stop
2015-10-30,2015,大跌<-2%,flat,,,,,,,,,,
2015-11-02,2015,小漲0~1%,active,8554.31,1.0,60.460000000000946,close,60.460000000000946,close,60.460000000000946,close,60.460000000000946,close
2015-11-03,2015,小漲0~1%,active,8614.77,1.0,98.42000000000007,close,98.42000000000007,close,98.42000000000007,close,98.42000000000007,close
2015-11-04,2015,小漲0~1%,active,8713.19,1.0,143.82999999999993,close,143.82999999999993,close,143.82999999999993,close,143.82999999999993,close
2015-11-05,2015,小漲0~1%,active,8857.02,1.0,-6.8400000000001455,close,-6.8400000000001455,close,-6.8400000000001455,close,-6.8400000000001455,close
2015-11-06,2015,大跌<-2%,flat,,,,,,,,,,
2015-11-09,2015,大漲>=2%,active,8677.76,-1.0,35.280000000000655,close,35.280000000000655,close,35.280000000000655,close,35.280000000000655,close
2015-11-10,2015,小跌-1~0,flat,,,,,,,,,,
2015-11-11,2015,跌-2~-1%,active,8536.9,-1.0,121.88999999999942,close,121.88999999999942,close,121.88999999999942,close,121.88999999999942,close
2015-11-12,2015,小漲0~1%,active,8415.01,1.0,13.079999999999927,close,13.079999999999927,close,13.079999999999927,close,13.079999999999927,close
2015-11-13,2015,跌-2~-1%,active,8428.09,-1.0,98.59000000000015,close,98.59000000000015,close,98.59000000000015,close,98.59000000000015,close
2015-11-16,2015,小跌-1~0,flat,,,,,,,,,,
2015-11-17,2015,漲1~2%,active,8295.4,1.0,124.02000000000044,close,124.02000000000044,close,124.02000000000044,close,124.02000000000044,close
2015-11-18,2015,小漲0~1%,active,8419.42,1.0,-78.95000000000073,close,-63.145649999999996,stop,-63.42000000000007,stop,-64.42000000000007,stop
2015-11-19,2015,小漲0~1%,active,8340.47,1.0,136.73000000000138,close,136.73000000000138,close,136.73000000000138,close,136.73000000000138,close
2015-11-20,2015,小漲0~1%,active,8477.2,1.0,-11.75,close,-11.75,close,-11.75,close,-11.75,close
2015-11-23,2015,小漲0~1%,active,8465.45,1.0,20.279999999998836,close,20.279999999998836,close,20.279999999998836,close,20.279999999998836,close
2015-11-24,2015,跌-2~-1%,active,8485.73,-1.0,85.59000000000015,close,85.59000000000015,close,85.59000000000015,close,85.59000000000015,close
2015-11-25,2015,漲1~2%,active,8400.14,1.0,-14.010000000000218,close,-14.010000000000218,close,-14.010000000000218,close,-14.010000000000218,close
2015-11-26,2015,小漲0~1%,active,8386.13,1.0,98.77000000000044,close,98.77000000000044,close,98.77000000000044,close,98.77000000000044,close
2015-11-27,2015,小漲0~1%,active,8484.9,1.0,-86.5,close,-63.63674999999999,stop,-63.899999999999636,stop,-64.89999999999964,stop
2015-11-30,2015,小漲0~1%,active,8398.4,1.0,-77.78999999999905,close,-62.98799999999999,stop,-63.399999999999636,stop,-64.39999999999964,stop
2015-12-01,2015,小漲0~1%,active,8320.61,1.0,142.6899999999987,close,142.6899999999987,close,142.6899999999987,close,142.6899999999987,close
2015-12-02,2015,漲1~2%,active,8463.3,1.0,-5.899999999999636,close,-5.899999999999636,close,-5.899999999999636,close,-5.899999999999636,close
2015-12-03,2015,小跌-1~0,flat,,,,,,,,,,
2015-12-04,2015,小跌-1~0,flat,,,,,,,,,,
2015-12-07,2015,漲1~2%,active,8398.6,1.0,55.67000000000007,close,55.67000000000007,close,55.67000000000007,close,55.67000000000007,close
2015-12-08,2015,小跌-1~0,flat,,,,,,,,,,
2015-12-09,2015,小跌-1~0,flat,,,,,,,,,,
2015-12-10,2015,跌-2~-1%,active,8229.62,-1.0,13.450000000000728,close,13.450000000000728,close,13.450000000000728,close,13.450000000000728,close
2015-12-11,2015,小漲0~1%,active,8216.17,1.0,-100.27999999999975,close,-61.621275,stop,-62.17000000000007,stop,-63.17000000000007,stop
2015-12-14,2015,跌-2~-1%,active,8115.89,-1.0,75.73000000000047,close,75.73000000000047,close,75.73000000000047,close,75.73000000000047,close
2015-12-15,2015,小跌-1~0,flat,,,,,,,,,,
2015-12-16,2015,漲1~2%,active,8073.35,1.0,111.30999999999949,close,111.30999999999949,close,111.30999999999949,close,111.30999999999949,close
2015-12-17,2015,小漲0~1%,active,8184.66,1.0,135.01000000000022,close,135.01000000000022,close,135.01000000000022,close,135.01000000000022,close
2015-12-18,2015,跌-2~-1%,active,8319.67,-1.0,62.350000000000364,close,62.350000000000364,close,62.350000000000364,close,62.350000000000364,close
2015-12-21,2015,跌-2~-1%,active,8257.32,-1.0,-24.850000000000364,close,-24.850000000000364,close,-24.850000000000364,close,-24.850000000000364,close
2015-12-22,2015,漲1~2%,active,8282.17,1.0,10.569999999999709,close,10.569999999999709,close,10.569999999999709,close,10.569999999999709,close
2015-12-23,2015,小漲0~1%,active,8292.74,1.0,22.960000000000946,close,22.960000000000946,close,22.960000000000946,close,22.960000000000946,close
2015-12-24,2015,小漲0~1%,active,8315.7,1.0,8.659999999999854,close,8.659999999999854,close,8.659999999999854,close,8.659999999999854,close
2015-12-25,2015,小漲0~1%,active,8324.36,1.0,38.92000000000007,close,38.92000000000007,close,38.92000000000007,close,38.92000000000007,close
2015-12-28,2015,小漲0~1%,active,8363.28,1.0,-4.790000000000873,close,-4.790000000000873,close,-4.790000000000873,close,-4.790000000000873,close
2015-12-29,2015,小跌-1~0,flat,,,,,,,,,,
2015-12-30,2015,漲1~2%,active,8293.91,1.0,-13.920000000000073,close,-13.920000000000073,close,-13.920000000000073,close,-13.920000000000073,close
2015-12-31,2015,小跌-1~0,flat,,,,,,,,,,
2016-01-04,2016,跌-2~-1%,active,8338.06,-1.0,223.79999999999927,close,223.79999999999927,close,223.79999999999927,close,223.79999999999927,close
2016-01-05,2016,跌-2~-1%,active,8114.26,-1.0,39.150000000000546,close,39.150000000000546,close,39.150000000000546,close,39.150000000000546,close
2016-01-06,2016,跌-2~-1%,active,8075.11,-1.0,84.71999999999935,close,84.71999999999935,close,84.71999999999935,close,84.71999999999935,close
2016-01-07,2016,大跌<-2%,flat,,,,,,,,,,
2016-01-08,2016,大跌<-2%,flat,,,,,,,,,,
2016-01-11,2016,跌-2~-1%,active,7893.97,-1.0,105.55000000000018,close,105.55000000000018,close,105.55000000000018,close,105.55000000000018,close
2016-01-12,2016,小漲0~1%,active,7788.42,1.0,-19.970000000000255,close,-19.970000000000255,close,-19.970000000000255,close,-19.970000000000255,close
2016-01-13,2016,小漲0~1%,active,7768.45,1.0,56.159999999999854,close,56.159999999999854,close,56.159999999999854,close,56.159999999999854,close
2016-01-14,2016,大跌<-2%,flat,,,,,,,,,,
2016-01-15,2016,大漲>=2%,active,7793.05,-1.0,31.039999999999964,close,31.039999999999964,close,31.039999999999964,close,31.039999999999964,close
2016-01-18,2016,大跌<-2%,flat,,,,,,,,,,
2016-01-19,2016,大跌<-2%,flat,,,,,,,,,,
2016-01-20,2016,小漲0~1%,active,7854.88,1.0,-155.76000000000022,close,-58.9116,stop,-59.88000000000011,stop,-60.88000000000011,stop
2016-01-21,2016,小漲0~1%,active,7699.12,1.0,-35.10999999999967,close,-35.10999999999967,close,-35.10999999999967,close,-35.10999999999967,close
2016-01-22,2016,漲1~2%,active,7664.01,1.0,92.17000000000007,close,92.17000000000007,close,92.17000000000007,close,92.17000000000007,close
2016-01-25,2016,漲1~2%,active,7756.18,1.0,137.96999999999935,close,137.96999999999935,close,137.96999999999935,close,137.96999999999935,close
2016-01-26,2016,跌-2~-1%,active,7894.15,-1.0,65.47999999999956,close,65.47999999999956,close,65.47999999999956,close,65.47999999999956,close
2016-01-27,2016,漲1~2%,active,7828.67,1.0,21.159999999999854,close,21.159999999999854,close,21.159999999999854,close,21.159999999999854,close
2016-01-28,2016,跌-2~-1%,active,7849.83,-1.0,-55.27000000000044,close,-58.873725,stop,-59.17000000000007,stop,-60.17000000000007,stop
2016-01-29,2016,小跌-1~0,flat,,,,,,,,,,
2016-01-30,2016,大漲>=2%,active,8121.22,-1.0,-23.98999999999978,close,-23.98999999999978,close,-23.98999999999978,close,-23.98999999999978,close
2016-02-01,2016,大漲>=2%,active,8145.49,-1.0,-11.470000000000255,close,-11.470000000000255,close,-11.470000000000255,close,-11.470000000000255,close
2016-02-02,2016,小漲0~1%,active,8156.96,1.0,-25.720000000000255,close,-61.1772,stop,-61.960000000000036,stop,-62.960000000000036,stop
2016-02-03,2016,大跌<-2%,flat,,,,,,,,,,
2016-02-15,2016,大漲>=2%,active,8073.16,-1.0,6.649999999999636,close,6.649999999999636,close,6.649999999999636,close,6.649999999999636,close
2016-02-16,2016,大漲>=2%,active,8152.86,-1.0,-59.210000000000036,close,-61.146449999999994,stop,-62.14000000000033,stop,-63.14000000000033,stop
2016-02-17,2016,大漲>=2%,active,8220.9,-1.0,6.649999999999636,close,6.649999999999636,close,6.649999999999636,close,6.649999999999636,close
2016-02-18,2016,大漲>=2%,active,8313.09,-1.0,-1.5799999999999272,close,-1.5799999999999272,close,-1.5799999999999272,close,-1.5799999999999272,close
2016-02-19,2016,小跌-1~0,flat,,,,,,,,,,
2016-02-22,2016,小漲0~1%,active,8325.04,1.0,1.639999999999418,close,1.639999999999418,close,1.639999999999418,close,1.639999999999418,close
2016-02-23,2016,漲1~2%,active,8326.68,1.0,7.959999999999127,close,7.959999999999127,close,7.959999999999127,close,7.959999999999127,close
2016-02-24,2016,跌-2~-1%,active,8334.64,-1.0,51.779999999998836,close,51.779999999998836,close,51.779999999998836,close,51.779999999998836,close
2016-02-25,2016,漲1~2%,active,8282.86,1.0,83.0,close,83.0,close,83.0,close,83.0,close
2016-02-26,2016,漲1~2%,active,8365.86,1.0,45.29999999999927,close,45.29999999999927,close,45.29999999999927,close,45.29999999999927,close
2016-03-01,2016,小跌-1~0,flat,,,,,,,,,,
2016-03-02,2016,大漲>=2%,active,8552.44,-1.0,8.390000000001237,close,8.390000000001237,close,8.390000000001237,close,8.390000000001237,close
2016-03-03,2016,小漲0~1%,active,8544.05,1.0,67.7400000000016,close,67.7400000000016,close,67.7400000000016,close,67.7400000000016,close
2016-03-04,2016,小漲0~1%,active,8611.79,1.0,31.7599999999984,close,31.7599999999984,close,31.7599999999984,close,31.7599999999984,close
2016-03-07,2016,漲1~2%,active,8643.55,1.0,16.0,close,16.0,close,16.0,close,16.0,close
2016-03-08,2016,小漲0~1%,active,8659.55,1.0,4.760000000000218,close,-64.946625,stop,-65.54999999999927,stop,-66.54999999999927,stop
2016-03-09,2016,大跌<-2%,flat,,,,,,,,,,
2016-03-10,2016,小漲0~1%,active,8634.11,1.0,26.590000000000146,close,26.590000000000146,close,26.590000000000146,close,26.590000000000146,close
2016-03-11,2016,小漲0~1%,active,8660.7,1.0,45.43999999999869,close,45.43999999999869,close,45.43999999999869,close,45.43999999999869,close
2016-03-14,2016,漲1~2%,active,8706.14,1.0,41.76000000000022,close,41.76000000000022,close,41.76000000000022,close,41.76000000000022,close
2016-03-15,2016,小跌-1~0,flat,,,,,,,,,,
2016-03-16,2016,小跌-1~0,flat,,,,,,,,,,
2016-03-17,2016,小漲0~1%,active,8699.14,1.0,35.400000000001455,close,35.400000000001455,close,35.400000000001455,close,35.400000000001455,close
2016-03-18,2016,小漲0~1%,active,8734.54,1.0,76.16999999999825,close,76.16999999999825,close,76.16999999999825,close,76.16999999999825,close
2016-03-21,2016,漲1~2%,active,8810.71,1.0,1.9900000000016007,close,1.9900000000016007,close,1.9900000000016007,close,1.9900000000016007,close
2016-03-22,2016,小漲0~1%,active,8812.7,1.0,-27.020000000000437,close,-66.09525000000001,stop,-66.70000000000073,stop,-67.70000000000073,stop
2016-03-23,2016,小跌-1~0,flat,,,,,,,,,,
2016-03-24,2016,跌-2~-1%,active,8766.09,-1.0,22.710000000000946,close,22.710000000000946,close,22.710000000000946,close,22.710000000000946,close
2016-03-25,2016,小跌-1~0,flat,,,,,,,,,,
2016-03-28,2016,小跌-1~0,flat,,,,,,,,,,
2016-03-29,2016,小跌-1~0,flat,,,,,,,,,,
2016-03-30,2016,漲1~2%,active,8617.35,1.0,119.69000000000051,close,119.69000000000051,close,119.69000000000051,close,119.69000000000051,close
2016-03-31,2016,小漲0~1%,active,8737.04,1.0,7.789999999999054,close,7.789999999999054,close,7.789999999999054,close,7.789999999999054,close
2016-04-01,2016,小跌-1~0,flat,,,,,,,,,,
2016-04-06,2016,小跌-1~0,flat,,,,,,,,,,
2016-04-07,2016,漲1~2%,active,8513.3,1.0,-23.049999999999272,close,-63.84974999999999,stop,-64.29999999999927,stop,-65.29999999999927,stop
2016-04-08,2016,跌-2~-1%,active,8490.25,-1.0,-51.25,close,-51.25,close,-51.25,close,-51.25,close
2016-04-11,2016,小漲0~1%,active,8541.5,1.0,21.090000000000146,close,-64.06125,stop,-64.76000000000022,stop_gap,-65.76000000000022,stop_gap
2016-04-12,2016,小跌-1~0,flat,,,,,,,,,,
2016-04-13,2016,小跌-1~0,flat,,,,,,,,,,
2016-04-14,2016,大漲>=2%,active,8676.14,-1.0,8.430000000000291,close,8.430000000000291,close,8.430000000000291,close,8.430000000000291,close
2016-04-15,2016,小跌-1~0,flat,,,,,,,,,,
2016-04-18,2016,小跌-1~0,flat,,,,,,,,,,
2016-04-19,2016,小漲0~1%,active,8666.01,1.0,-32.29000000000087,close,-32.29000000000087,close,-32.29000000000087,close,-32.29000000000087,close
2016-04-20,2016,跌-2~-1%,active,8633.72,-1.0,119.23999999999978,close,119.23999999999978,close,119.23999999999978,close,119.23999999999978,close
2016-04-21,2016,小漲0~1%,active,8514.48,1.0,54.17000000000007,close,54.17000000000007,close,54.17000000000007,close,54.17000000000007,close
2016-04-22,2016,小跌-1~0,flat,,,,,,,,,,
2016-04-25,2016,小漲0~1%,active,8535.75,1.0,24.530000000000655,close,24.530000000000655,close,24.530000000000655,close,24.530000000000655,close
2016-04-26,2016,小跌-1~0,flat,,,,,,,,,,
2016-04-27,2016,漲1~2%,active,8581.57,1.0,-18.520000000000437,close,-18.520000000000437,close,-18.520000000000437,close,-18.520000000000437,close
2016-04-28,2016,漲1~2%,active,8563.05,1.0,-89.17999999999847,close,-64.22287499999999,stop,-65.04999999999927,stop,-66.04999999999927,stop
2016-04-29,2016,大跌<-2%,flat,,,,,,,,,,
2016-05-03,2016,小漲0~1%,active,8377.9,1.0,-83.77999999999884,close,-62.83425,stop,-62.899999999999636,stop,-63.899999999999636,stop
2016-05-04,2016,跌-2~-1%,active,8294.12,-1.0,108.65000000000055,close,108.65000000000055,close,108.65000000000055,close,108.65000000000055,close
2016-05-05,2016,跌-2~-1%,active,8185.47,-1.0,17.51000000000022,close,17.51000000000022,close,17.51000000000022,close,17.51000000000022,close
2016-05-06,2016,小漲0~1%,active,8167.96,1.0,-21.529999999999745,close,-61.259699999999995,stop,-61.960000000000036,stop,-62.960000000000036,stop
2016-05-09,2016,小漲0~1%,active,8146.43,1.0,-14.600000000000364,close,-14.600000000000364,close,-14.600000000000364,close,-14.600000000000364,close
2016-05-10,2016,小跌-1~0,flat,,,,,,,,,,
2016-05-11,2016,漲1~2%,active,8156.29,1.0,-20.729999999999563,close,-20.729999999999563,close,-20.729999999999563,close,-20.729999999999563,close
2016-05-12,2016,小跌-1~0,flat,,,,,,,,,,
2016-05-13,2016,跌-2~-1%,active,8108.05,-1.0,54.36000000000058,close,54.36000000000058,close,54.36000000000058,close,54.36000000000058,close
2016-05-16,2016,小漲0~1%,active,8053.69,1.0,13.910000000000764,close,13.910000000000764,close,13.910000000000764,close,13.910000000000764,close
2016-05-17,2016,漲1~2%,active,8067.6,1.0,72.8799999999992,close,72.8799999999992,close,72.8799999999992,close,72.8799999999992,close
2016-05-18,2016,小跌-1~0,flat,,,,,,,,,,
2016-05-19,2016,漲1~2%,active,8159.68,1.0,-63.70000000000073,close,-61.1976,stop,-62.960000000000036,stop_gap,-63.960000000000036,stop_gap
2016-05-20,2016,小跌-1~0,flat,,,,,,,,,,
2016-05-23,2016,大漲>=2%,active,8260.17,-1.0,-84.27000000000044,close,-61.951274999999995,stop,-62.82999999999993,stop,-63.82999999999993,stop
2016-05-24,2016,小漲0~1%,active,8344.44,1.0,-43.780000000000655,close,-43.780000000000655,close,-43.780000000000655,close,-43.780000000000655,close
2016-05-25,2016,大漲>=2%,active,8381.29,-1.0,-14.909999999999854,close,-14.909999999999854,close,-14.909999999999854,close,-14.909999999999854,close
2016-05-26,2016,小漲0~1%,active,8396.2,1.0,-2.0799999999999272,close,-2.0799999999999272,close,-2.0799999999999272,close,-2.0799999999999272,close
2016-05-27,2016,小漲0~1%,active,8394.12,1.0,69.48999999999978,close,69.48999999999978,close,69.48999999999978,close,69.48999999999978,close
2016-05-30,2016,小漲0~1%,active,8463.61,1.0,72.26000000000022,close,72.26000000000022,close,72.26000000000022,close,72.26000000000022,close
2016-05-31,2016,小漲0~1%,active,8535.87,1.0,-0.28000000000065484,close,-0.28000000000065484,close,-0.28000000000065484,close,-0.28000000000065484,close
2016-06-01,2016,小漲0~1%,active,8535.59,1.0,61.56999999999971,close,61.56999999999971,close,61.56999999999971,close,61.56999999999971,close
2016-06-02,2016,小漲0~1%,active,8597.16,1.0,-41.13999999999942,close,-41.13999999999942,close,-41.13999999999942,close,-41.13999999999942,close
2016-06-03,2016,小漲0~1%,active,8556.02,1.0,31.340000000000146,close,31.340000000000146,close,31.340000000000146,close,31.340000000000146,close
2016-06-04,2016,小漲0~1%,active,8587.36,1.0,4.209999999999127,close,4.209999999999127,close,4.209999999999127,close,4.209999999999127,close
2016-06-06,2016,小漲0~1%,active,8591.57,1.0,5.540000000000873,close,5.540000000000873,close,5.540000000000873,close,5.540000000000873,close
2016-06-07,2016,小跌-1~0,flat,,,,,,,,,,
2016-06-08,2016,小漲0~1%,active,8679.9,1.0,35.57999999999993,close,35.57999999999993,close,35.57999999999993,close,35.57999999999993,close
2016-06-13,2016,跌-2~-1%,active,8715.48,-1.0,179.26000000000022,close,179.26000000000022,close,179.26000000000022,close,179.26000000000022,close
2016-06-14,2016,小跌-1~0,flat,,,,,,,,,,
2016-06-15,2016,小漲0~1%,active,8576.12,1.0,30.25,close,30.25,close,30.25,close,30.25,close
2016-06-16,2016,小跌-1~0,flat,,,,,,,,,,
2016-06-17,2016,小跌-1~0,flat,,,,,,,,,,
2016-06-20,2016,小跌-1~0,flat,,,,,,,,,,
2016-06-21,2016,漲1~2%,active,8625.92,1.0,58.93000000000029,close,58.93000000000029,close,58.93000000000029,close,58.93000000000029,close
2016-06-22,2016,小漲0~1%,active,8684.85,1.0,31.399999999999636,close,31.399999999999636,close,31.399999999999636,close,31.399999999999636,close
2016-06-23,2016,小跌-1~0,flat,,,,,,,,,,
2016-06-24,2016,大漲>=2%,active,8654.83,-1.0,177.84000000000015,close,177.84000000000015,close,177.84000000000015,close,177.84000000000015,close
2016-06-27,2016,大跌<-2%,flat,,,,,,,,,,
2016-06-28,2016,大跌<-2%,flat,,,,,,,,,,
2016-06-29,2016,大漲>=2%,active,8585.92,-1.0,-0.6399999999994179,close,-0.6399999999994179,close,-0.6399999999994179,close,-0.6399999999994179,close
2016-06-30,2016,大漲>=2%,active,8619.22,-1.0,-47.36000000000058,close,-47.36000000000058,close,-47.36000000000058,close,-47.36000000000058,close
2016-07-01,2016,漲1~2%,active,8666.58,1.0,71.65999999999985,close,71.65999999999985,close,71.65999999999985,close,71.65999999999985,close
2016-07-04,2016,小跌-1~0,flat,,,,,,,,,,
2016-07-05,2016,小跌-1~0,flat,,,,,,,,,,
2016-07-06,2016,跌-2~-1%,active,8716.07,-1.0,140.3199999999997,close,140.3199999999997,close,140.3199999999997,close,140.3199999999997,close
2016-07-07,2016,小漲0~1%,active,8575.75,1.0,65.15999999999985,close,65.15999999999985,close,65.15999999999985,close,65.15999999999985,close
2016-07-11,2016,大漲>=2%,active,8769.77,-1.0,-16.69999999999891,close,-16.69999999999891,close,-16.69999999999891,close,-16.69999999999891,close
2016-07-12,2016,漲1~2%,active,8786.47,1.0,54.98999999999978,close,54.98999999999978,close,54.98999999999978,close,54.98999999999978,close
2016-07-13,2016,漲1~2%,active,8841.46,1.0,16.290000000000873,close,16.290000000000873,close,16.290000000000873,close,16.290000000000873,close
2016-07-14,2016,小漲0~1%,active,8857.75,1.0,8.610000000000582,close,8.610000000000582,close,8.610000000000582,close,8.610000000000582,close
2016-07-15,2016,小漲0~1%,active,8866.36,1.0,83.48999999999978,close,83.48999999999978,close,83.48999999999978,close,83.48999999999978,close
2016-07-18,2016,小跌-1~0,flat,,,,,,,,,,
2016-07-19,2016,漲1~2%,active,9008.21,1.0,26.660000000001673,close,26.660000000001673,close,26.660000000001673,close,26.660000000001673,close
2016-07-20,2016,小跌-1~0,flat,,,,,,,,,,
2016-07-21,2016,漲1~2%,active,9007.68,1.0,48.8799999999992,close,48.8799999999992,close,48.8799999999992,close,48.8799999999992,close
2016-07-22,2016,小跌-1~0,flat,,,,,,,,,,
2016-07-25,2016,小漲0~1%,active,9013.14,1.0,-21.469999999999345,close,-67.59854999999999,stop,-68.13999999999942,stop,-69.13999999999942,stop
2016-07-26,2016,小漲0~1%,active,8991.67,1.0,33.1200000000008,close,33.1200000000008,close,33.1200000000008,close,33.1200000000008,close
2016-07-27,2016,大漲>=2%,active,9062.08,-1.0,-1.3099999999994907,close,-1.3099999999994907,close,-1.3099999999994907,close,-1.3099999999994907,close
2016-07-28,2016,小漲0~1%,active,9063.39,1.0,13.25,close,13.25,close,13.25,close,13.25,close
2016-07-29,2016,小跌-1~0,flat,,,,,,,,,,
2016-08-01,2016,小跌-1~0,flat,,,,,,,,,,
2016-08-02,2016,小漲0~1%,active,9080.71,1.0,-11.949999999998909,close,-11.949999999998909,close,-11.949999999998909,close,-11.949999999998909,close
2016-08-03,2016,跌-2~-1%,active,9068.76,-1.0,67.05000000000109,close,67.05000000000109,close,67.05000000000109,close,67.05000000000109,close
2016-08-04,2016,小漲0~1%,active,9001.71,1.0,23.0,close,23.0,close,23.0,close,23.0,close
2016-08-05,2016,小漲0~1%,active,9024.71,1.0,67.41000000000167,close,67.41000000000167,close,67.41000000000167,close,67.41000000000167,close
2016-08-08,2016,漲1~2%,active,9092.12,1.0,58.13999999999942,close,58.13999999999942,close,58.13999999999942,close,58.13999999999942,close
2016-08-09,2016,小跌-1~0,flat,,,,,,,,,,
2016-08-10,2016,小漲0~1%,active,9155.08,1.0,45.340000000000146,close,45.340000000000146,close,45.340000000000146,close,45.340000000000146,close
2016-08-11,2016,小跌-1~0,flat,,,,,,,,,,
2016-08-12,2016,小漲0~1%,active,9131.83,1.0,18.55999999999949,close,18.55999999999949,close,18.55999999999949,close,18.55999999999949,close
2016-08-15,2016,小漲0~1%,active,9150.39,1.0,-1.8799999999991996,close,-1.8799999999991996,close,-1.8799999999991996,close,-1.8799999999991996,close
2016-08-16,2016,漲1~2%,active,9148.51,1.0,-38.149999999999636,close,-38.149999999999636,close,-38.149999999999636,close,-38.149999999999636,close
2016-08-17,2016,小跌-1~0,flat,,,,,,,,,,
2016-08-18,2016,小漲0~1%,active,9117.7,1.0,4.799999999999272,close,4.799999999999272,close,4.799999999999272,close,4.799999999999272,close
2016-08-19,2016,小漲0~1%,active,9122.5,1.0,-88.22999999999956,close,-68.41875,stop,-68.5,stop,-69.5,stop
2016-08-22,2016,小漲0~1%,active,9034.27,1.0,-52.460000000000946,close,-67.757025,stop,-68.27000000000044,stop,-69.27000000000044,stop
2016-08-23,2016,小漲0~1%,active,8981.81,1.0,49.1200000000008,close,49.1200000000008,close,49.1200000000008,close,49.1200000000008,close
2016-08-24,2016,小漲0~1%,active,9030.93,1.0,-13.550000000001091,close,-13.550000000001091,close,-13.550000000001091,close,-13.550000000001091,close
2016-08-25,2016,小跌-1~0,flat,,,,,,,,,,
2016-08-26,2016,小漲0~1%,active,9115.47,1.0,16.25,close,16.25,close,16.25,close,16.25,close
2016-08-29,2016,小漲0~1%,active,9131.72,1.0,-21.549999999999272,close,-68.4879,stop,-68.71999999999935,stop,-69.71999999999935,stop
2016-08-30,2016,小漲0~1%,active,9110.17,1.0,0.3899999999994179,close,0.3899999999994179,close,0.3899999999994179,close,0.3899999999994179,close
2016-08-31,2016,小跌-1~0,flat,,,,,,,,,,
2016-09-01,2016,小跌-1~0,flat,,,,,,,,,,
2016-09-02,2016,小漲0~1%,active,9001.15,1.0,-13.600000000000364,close,-13.600000000000364,close,-13.600000000000364,close,-13.600000000000364,close
2016-09-05,2016,小跌-1~0,flat,,,,,,,,,,
2016-09-06,2016,小跌-1~0,flat,,,,,,,,,,
2016-09-07,2016,小跌-1~0,flat,,,,,,,,,,
2016-09-08,2016,小跌-1~0,flat,,,,,,,,,,
2016-09-09,2016,小跌-1~0,flat,,,,,,,,,,
2016-09-10,2016,大跌<-2%,flat,,,,,,,,,,
2016-09-12,2016,大跌<-2%,flat,,,,,,,,,,
2016-09-13,2016,大漲>=2%,active,8961.98,-1.0,21.149999999999636,close,21.149999999999636,close,21.149999999999636,close,21.149999999999636,close
2016-09-14,2016,小跌-1~0,flat,,,,,,,,,,
2016-09-19,2016,小跌-1~0,flat,,,,,,,,,,
2016-09-20,2016,小漲0~1%,active,9152.88,1.0,8.700000000000728,close,8.700000000000728,close,8.700000000000728,close,8.700000000000728,close
2016-09-21,2016,小跌-1~0,flat,,,,,,,,,,
2016-09-22,2016,漲1~2%,active,9228.5,1.0,6.760000000000218,close,6.760000000000218,close,6.760000000000218,close,6.760000000000218,close
2016-09-23,2016,小漲0~1%,active,9235.26,1.0,49.36000000000058,close,49.36000000000058,close,49.36000000000058,close,49.36000000000058,close
2016-09-26,2016,跌-2~-1%,active,9284.62,-1.0,90.10000000000036,close,90.10000000000036,close,90.10000000000036,close,90.10000000000036,close
2016-09-29,2016,小漲0~1%,active,9194.52,1.0,76.3799999999992,close,76.3799999999992,close,76.3799999999992,close,76.3799999999992,close
2016-09-30,2016,漲1~2%,active,9270.9,1.0,-104.04999999999927,close,-69.53174999999999,stop,-69.89999999999964,stop,-70.89999999999964,stop
2016-10-03,2016,漲1~2%,active,9166.85,1.0,67.35000000000036,close,67.35000000000036,close,67.35000000000036,close,67.35000000000036,close
2016-10-04,2016,小跌-1~0,flat,,,,,,,,,,
2016-10-05,2016,小跌-1~0,flat,,,,,,,,,,
2016-10-06,2016,小漲0~1%,active,9272.28,1.0,12.029999999998836,close,12.029999999998836,close,12.029999999998836,close,12.029999999998836,close
2016-10-07,2016,小漲0~1%,active,9284.31,1.0,-18.5,close,-18.5,close,-18.5,close,-18.5,close
2016-10-11,2016,小跌-1~0,flat,,,,,,,,,,
2016-10-12,2016,大跌<-2%,flat,,,,,,,,,,
2016-10-13,2016,小跌-1~0,flat,,,,,,,,,,
2016-10-14,2016,跌-2~-1%,active,9219.17,-1.0,54.0,close,54.0,close,54.0,close,54.0,close
2016-10-17,2016,小漲0~1%,active,9165.17,1.0,11.049999999999272,close,-68.738775,stop,-69.17000000000007,stop,-70.17000000000007,stop
2016-10-18,2016,小跌-1~0,flat,,,,,,,,,,
2016-10-19,2016,漲1~2%,active,9222.58,1.0,61.409999999999854,close,61.409999999999854,close,61.409999999999854,close,61.409999999999854,close
2016-10-20,2016,小跌-1~0,flat,,,,,,,,,,
2016-10-21,2016,小漲0~1%,active,9317.24,1.0,-10.670000000000073,close,-10.670000000000073,close,-10.670000000000073,close,-10.670000000000073,close
2016-10-24,2016,小跌-1~0,flat,,,,,,,,,,
2016-10-25,2016,漲1~2%,active,9322.5,1.0,63.149999999999636,close,63.149999999999636,close,63.149999999999636,close,63.149999999999636,close
2016-10-26,2016,小跌-1~0,flat,,,,,,,,,,
2016-10-27,2016,小跌-1~0,flat,,,,,,,,,,
2016-10-28,2016,小跌-1~0,flat,,,,,,,,,,
2016-10-31,2016,小跌-1~0,flat,,,,,,,,,,
2016-11-01,2016,小漲0~1%,active,9290.12,1.0,-17.420000000000073,close,-17.420000000000073,close,-17.420000000000073,close,-17.420000000000073,close
2016-11-02,2016,小跌-1~0,flat,,,,,,,,,,
2016-11-03,2016,小跌-1~0,flat,,,,,,,,,,
2016-11-04,2016,小跌-1~0,flat,,,,,,,,,,
2016-11-07,2016,小跌-1~0,flat,,,,,,,,,,
2016-11-08,2016,大漲>=2%,active,9186.5,-1.0,-30.93000000000029,close,-30.93000000000029,close,-30.93000000000029,close,-30.93000000000029,close
2016-11-09,2016,小漲0~1%,active,9217.43,1.0,-274.22999999999956,close,-69.130725,stop,-69.43000000000029,stop,-70.43000000000029,stop
2016-11-10,2016,小跌-1~0,flat,,,,,,,,,,
2016-11-11,2016,大跌<-2%,flat,,,,,,,,,,
2016-11-14,2016,大漲>=2%,active,8892.36,-1.0,-48.039999999999054,close,-66.6927,stop,-67.63999999999942,stop,-68.63999999999942,stop
2016-11-15,2016,小跌-1~0,flat,,,,,,,,,,
2016-11-16,2016,漲1~2%,active,8931.03,1.0,31.18999999999869,close,31.18999999999869,close,31.18999999999869,close,31.18999999999869,close
2016-11-17,2016,漲1~2%,active,8962.22,1.0,33.04000000000087,close,33.04000000000087,close,33.04000000000087,close,33.04000000000087,close
2016-11-18,2016,漲1~2%,active,8995.26,1.0,13.530000000000655,close,13.530000000000655,close,13.530000000000655,close,13.530000000000655,close
2016-11-21,2016,小漲0~1%,active,9008.79,1.0,32.31999999999971,close,32.31999999999971,close,32.31999999999971,close,32.31999999999971,close
2016-11-22,2016,小漲0~1%,active,9041.11,1.0,92.27999999999884,close,92.27999999999884,close,92.27999999999884,close,92.27999999999884,close
2016-11-23,2016,漲1~2%,active,9133.39,1.0,44.840000000000146,close,44.840000000000146,close,44.840000000000146,close,44.840000000000146,close
2016-11-24,2016,小漲0~1%,active,9178.23,1.0,-26.11999999999898,close,-26.11999999999898,close,-26.11999999999898,close,-26.11999999999898,close
2016-11-25,2016,小漲0~1%,active,9152.11,1.0,6.959999999999127,close,6.959999999999127,close,6.959999999999127,close,6.959999999999127,close
2016-11-28,2016,小漲0~1%,active,9159.07,1.0,63.17000000000007,close,63.17000000000007,close,63.17000000000007,close,63.17000000000007,close
2016-11-29,2016,小跌-1~0,flat,,,,,,,,,,
2016-11-30,2016,小跌-1~0,flat,,,,,,,,,,
2016-12-01,2016,小跌-1~0,flat,,,,,,,,,,
2016-12-02,2016,大跌<-2%,flat,,,,,,,,,,
2016-12-05,2016,漲1~2%,active,9189.49,1.0,-28.829999999999927,close,-28.829999999999927,close,-28.829999999999927,close,-28.829999999999927,close
2016-12-06,2016,漲1~2%,active,9160.66,1.0,90.11000000000058,close,90.11000000000058,close,90.11000000000058,close,90.11000000000058,close
2016-12-07,2016,漲1~2%,active,9250.77,1.0,13.119999999998981,close,13.119999999998981,close,13.119999999998981,close,13.119999999998981,close
2016-12-08,2016,大漲>=2%,active,9326.83,-1.0,-49.030000000000655,close,-49.030000000000655,close,-49.030000000000655,close,-49.030000000000655,close
2016-12-09,2016,小漲0~1%,active,9375.86,1.0,16.81999999999971,close,16.81999999999971,close,16.81999999999971,close,16.81999999999971,close
2016-12-12,2016,小跌-1~0,flat,,,,,,,,,,
2016-12-13,2016,小跌-1~0,flat,,,,,,,,,,
2016-12-14,2016,漲1~2%,active,9382.14,1.0,-13.619999999998981,close,-13.619999999998981,close,-13.619999999998981,close,-13.619999999998981,close
2016-12-15,2016,小跌-1~0,flat,,,,,,,,,,
2016-12-16,2016,漲1~2%,active,9360.35,1.0,-33.56999999999971,close,-33.56999999999971,close,-33.56999999999971,close,-33.56999999999971,close
2016-12-19,2016,跌-2~-1%,active,9326.78,-1.0,87.46000000000095,close,87.46000000000095,close,87.46000000000095,close,87.46000000000095,close
2016-12-20,2016,小漲0~1%,active,9239.32,1.0,3.0900000000001455,close,3.0900000000001455,close,3.0900000000001455,close,3.0900000000001455,close
2016-12-21,2016,小漲0~1%,active,9242.41,1.0,-38.149999999999636,close,-38.149999999999636,close,-38.149999999999636,close,-38.149999999999636,close
2016-12-22,2016,小漲0~1%,active,9204.26,1.0,-85.51000000000022,close,-69.03195,stop,-69.26000000000022,stop,-70.26000000000022,stop
2016-12-23,2016,小漲0~1%,active,9118.75,1.0,-40.11000000000058,close,-40.11000000000058,close,-40.11000000000058,close,-40.11000000000058,close
2016-12-26,2016,小漲0~1%,active,9078.64,1.0,31.900000000001455,close,31.900000000001455,close,31.900000000001455,close,31.900000000001455,close
2016-12-27,2016,小漲0~1%,active,9110.54,1.0,-1.2700000000004366,close,-1.2700000000004366,close,-1.2700000000004366,close,-1.2700000000004366,close
2016-12-28,2016,漲1~2%,active,9109.27,1.0,92.1299999999992,close,92.1299999999992,close,92.1299999999992,close,92.1299999999992,close
2016-12-29,2016,跌-2~-1%,active,9201.4,-1.0,48.30999999999949,close,48.30999999999949,close,48.30999999999949,close,48.30999999999949,close
2016-12-30,2016,小漲0~1%,active,9153.09,1.0,100.40999999999985,close,100.40999999999985,close,100.40999999999985,close,100.40999999999985,close
2017-01-03,2017,跌-2~-1%,active,9253.5,-1.0,-19.3799999999992,close,-19.3799999999992,close,-19.3799999999992,close,-19.3799999999992,close
2017-01-04,2017,小漲0~1%,active,9272.88,1.0,14.079999999999927,close,14.079999999999927,close,14.079999999999927,close,14.079999999999927,close
2017-01-05,2017,小漲0~1%,active,9286.96,1.0,71.18000000000029,close,71.18000000000029,close,71.18000000000029,close,71.18000000000029,close
2017-01-06,2017,小跌-1~0,flat,,,,,,,,,,
2017-01-09,2017,小漲0~1%,active,9372.22,1.0,-29.799999999999272,close,-29.799999999999272,close,-29.799999999999272,close,-29.799999999999272,close
2017-01-10,2017,漲1~2%,active,9342.42,1.0,7.219999999999345,close,7.219999999999345,close,7.219999999999345,close,7.219999999999345,close
2017-01-11,2017,小漲0~1%,active,9349.64,1.0,-3.899999999999636,close,-3.899999999999636,close,-3.899999999999636,close,-3.899999999999636,close
2017-01-12,2017,小漲0~1%,active,9345.74,1.0,64.44000000000051,close,64.44000000000051,close,64.44000000000051,close,64.44000000000051,close
2017-01-13,2017,小跌-1~0,flat,,,,,,,,,,
2017-01-16,2017,小漲0~1%,active,9378.83,1.0,-86.5,close,-70.341225,stop,-70.82999999999993,stop,-71.82999999999993,stop
2017-01-17,2017,小漲0~1%,active,9292.33,1.0,62.20000000000073,close,62.20000000000073,close,62.20000000000073,close,62.20000000000073,close
2017-01-18,2017,跌-2~-1%,active,9354.53,-1.0,12.56000000000131,close,12.56000000000131,close,12.56000000000131,close,12.56000000000131,close
2017-01-19,2017,漲1~2%,active,9341.97,1.0,-23.849999999998545,close,-23.849999999998545,close,-23.849999999998545,close,-23.849999999998545,close
2017-01-20,2017,小跌-1~0,flat,,,,,,,,,,
2017-01-23,2017,漲1~2%,active,9331.46,1.0,92.59000000000015,close,92.59000000000015,close,92.59000000000015,close,92.59000000000015,close
2017-01-24,2017,小跌-1~0,flat,,,,,,,,,,
2017-02-02,2017,漲1~2%,active,9447.95,1.0,-18.980000000001382,close,-18.980000000001382,close,-18.980000000001382,close,-18.980000000001382,close
2017-02-03,2017,小跌-1~0,flat,,,,,,,,,,
2017-02-06,2017,小漲0~1%,active,9455.56,1.0,82.45000000000073,close,82.45000000000073,close,82.45000000000073,close,82.45000000000073,close
2017-02-07,2017,小漲0~1%,active,9538.01,1.0,16.549999999999272,close,16.549999999999272,close,16.549999999999272,close,16.549999999999272,close
2017-02-08,2017,小漲0~1%,active,9554.56,1.0,-11.30999999999949,close,-11.30999999999949,close,-11.30999999999949,close,-11.30999999999949,close
2017-02-09,2017,小漲0~1%,active,9543.25,1.0,46.93000000000029,close,46.93000000000029,close,46.93000000000029,close,46.93000000000029,close
2017-02-10,2017,小跌-1~0,flat,,,,,,,,,,
2017-02-13,2017,小跌-1~0,flat,,,,,,,,,,
2017-02-14,2017,小漲0~1%,active,9710.32,1.0,8.460000000000946,close,8.460000000000946,close,8.460000000000946,close,8.460000000000946,close
2017-02-15,2017,小跌-1~0,flat,,,,,,,,,,
2017-02-16,2017,小漲0~1%,active,9799.76,1.0,-28.51000000000022,close,-28.51000000000022,close,-28.51000000000022,close,-28.51000000000022,close
2017-02-17,2017,小漲0~1%,active,9771.25,1.0,-11.489999999999782,close,-11.489999999999782,close,-11.489999999999782,close,-11.489999999999782,close
2017-02-18,2017,小漲0~1%,active,9759.76,1.0,20.159999999999854,close,20.159999999999854,close,20.159999999999854,close,20.159999999999854,close
2017-02-20,2017,小漲0~1%,active,9779.92,1.0,-26.719999999999345,close,-26.719999999999345,close,-26.719999999999345,close,-26.719999999999345,close
2017-02-21,2017,小漲0~1%,active,9753.2,1.0,10.729999999999563,close,10.729999999999563,close,10.729999999999563,close,10.729999999999563,close
2017-02-22,2017,漲1~2%,active,9763.93,1.0,14.850000000000364,close,14.850000000000364,close,14.850000000000364,close,14.850000000000364,close
2017-02-23,2017,小跌-1~0,flat,,,,,,,,,,
2017-02-24,2017,跌-2~-1%,active,9769.31,-1.0,18.840000000000146,close,18.840000000000146,close,18.840000000000146,close,18.840000000000146,close
2017-03-01,2017,跌-2~-1%,active,9750.47,-1.0,75.68999999999869,close,75.68999999999869,close,75.68999999999869,close,75.68999999999869,close
2017-03-02,2017,漲1~2%,active,9674.78,1.0,17.019999999998618,close,17.019999999998618,close,17.019999999998618,close,17.019999999998618,close
2017-03-03,2017,跌-2~-1%,active,9691.8,-1.0,43.590000000000146,close,43.590000000000146,close,43.590000000000146,close,43.590000000000146,close
2017-03-06,2017,小跌-1~0,flat,,,,,,,,,,
2017-03-07,2017,小漲0~1%,active,9682.63,1.0,55.44000000000051,close,55.44000000000051,close,55.44000000000051,close,55.44000000000051,close
2017-03-08,2017,小漲0~1%,active,9738.07,1.0,15.380000000001019,close,15.380000000001019,close,15.380000000001019,close,15.380000000001019,close
2017-03-09,2017,小漲0~1%,active,9753.45,1.0,-94.84000000000015,close,-73.150875,stop,-73.45000000000073,stop,-74.45000000000073,stop
2017-03-10,2017,小漲0~1%,active,9658.61,1.0,-30.720000000001164,close,-72.439575,stop,-72.61000000000058,stop,-73.61000000000058,stop
2017-03-13,2017,漲1~2%,active,9627.89,1.0,69.45000000000073,close,69.45000000000073,close,69.45000000000073,close,69.45000000000073,close
2017-03-14,2017,小漲0~1%,active,9697.34,1.0,46.86999999999898,close,46.86999999999898,close,46.86999999999898,close,46.86999999999898,close
2017-03-15,2017,小跌-1~0,flat,,,,,,,,,,
2017-03-16,2017,小漲0~1%,active,9740.31,1.0,97.52000000000044,close,97.52000000000044,close,97.52000000000044,close,97.52000000000044,close
2017-03-17,2017,小跌-1~0,flat,,,,,,,,,,
2017-03-20,2017,小漲0~1%,active,9908.69,1.0,4.279999999998836,close,4.279999999998836,close,4.279999999998836,close,4.279999999998836,close
2017-03-21,2017,小漲0~1%,active,9912.97,1.0,59.52000000000044,close,59.52000000000044,close,59.52000000000044,close,59.52000000000044,close
2017-03-22,2017,大跌<-2%,flat,,,,,,,,,,
2017-03-23,2017,漲1~2%,active,9922.66,1.0,8.079999999999927,close,8.079999999999927,close,8.079999999999927,close,8.079999999999927,close
2017-03-24,2017,小跌-1~0,flat,,,,,,,,,,
2017-03-27,2017,小漲0~1%,active,9902.98,1.0,-26.209999999999127,close,-26.209999999999127,close,-26.209999999999127,close,-26.209999999999127,close
2017-03-28,2017,小漲0~1%,active,9876.77,1.0,-0.31999999999970896,close,-74.07577500000001,stop,-74.77000000000044,stop,-75.77000000000044,stop
2017-03-29,2017,小漲0~1%,active,9876.45,1.0,-20.200000000000728,close,-20.200000000000728,close,-20.200000000000728,close,-20.200000000000728,close
2017-03-30,2017,小跌-1~0,flat,,,,,,,,,,
2017-03-31,2017,小漲0~1%,active,9848.15,1.0,-36.6299999999992,close,-36.6299999999992,close,-36.6299999999992,close,-36.6299999999992,close
2017-04-05,2017,小跌-1~0,flat,,,,,,,,,,
2017-04-06,2017,小跌-1~0,flat,,,,,,,,,,
2017-04-07,2017,小漲0~1%,active,9897.8,1.0,-24.429999999998472,close,-74.23349999999999,stop,-76.11999999999898,stop_gap,-77.11999999999898,stop_gap
2017-04-10,2017,小漲0~1%,active,9873.37,1.0,9.170000000000073,close,9.170000000000073,close,9.170000000000073,close,9.170000000000073,close
2017-04-11,2017,小跌-1~0,flat,,,,,,,,,,
2017-04-12,2017,小跌-1~0,flat,,,,,,,,,,
2017-04-13,2017,跌-2~-1%,active,9817.68,-1.0,-19.0,close,-19.0,close,-19.0,close,-19.0,close
2017-04-14,2017,小跌-1~0,flat,,,,,,,,,,
2017-04-17,2017,小跌-1~0,flat,,,,,,,,,,
2017-04-18,2017,漲1~2%,active,9716.4,1.0,30.159999999999854,close,30.159999999999854,close,30.159999999999854,close,30.159999999999854,close
2017-04-19,2017,小漲0~1%,active,9746.56,1.0,-106.61999999999898,close,-73.0992,stop,-73.55999999999949,stop,-74.55999999999949,stop
2017-04-20,2017,小漲0~1%,active,9639.94,1.0,-7.25,close,-7.25,close,-7.25,close,-7.25,close
2017-04-21,2017,漲1~2%,active,9632.69,1.0,84.71999999999935,close,84.71999999999935,close,84.71999999999935,close,84.71999999999935,close
2017-04-24,2017,小跌-1~0,flat,,,,,,,,,,
2017-04-25,2017,漲1~2%,active,9717.95,1.0,123.7599999999984,close,123.7599999999984,close,123.7599999999984,close,123.7599999999984,close
2017-04-26,2017,小漲0~1%,active,9841.71,1.0,14.7400000000016,close,14.7400000000016,close,14.7400000000016,close,14.7400000000016,close
2017-04-27,2017,小跌-1~0,flat,,,,,,,,,,
2017-04-28,2017,漲1~2%,active,9860.62,1.0,11.3799999999992,close,11.3799999999992,close,11.3799999999992,close,11.3799999999992,close
2017-05-02,2017,小漲0~1%,active,9872.0,1.0,69.27000000000044,close,69.27000000000044,close,69.27000000000044,close,69.27000000000044,close
2017-05-03,2017,跌-2~-1%,active,9941.27,-1.0,-14.05999999999949,close,-14.05999999999949,close,-14.05999999999949,close,-14.05999999999949,close
2017-05-04,2017,小漲0~1%,active,9955.33,1.0,12.30999999999949,close,12.30999999999949,close,12.30999999999949,close,12.30999999999949,close
2017-05-05,2017,小跌-1~0,flat,,,,,,,,,,
2017-05-08,2017,小漲0~1%,active,9899.94,1.0,37.30999999999949,close,37.30999999999949,close,37.30999999999949,close,37.30999999999949,close
2017-05-09,2017,小跌-1~0,flat,,,,,,,,,,
2017-05-10,2017,漲1~2%,active,9915.48,1.0,52.840000000000146,close,52.840000000000146,close,52.840000000000146,close,52.840000000000146,close
2017-05-11,2017,大漲>=2%,active,9985.12,-1.0,-16.359999999998763,close,-16.359999999998763,close,-16.359999999998763,close,-16.359999999998763,close
2017-05-12,2017,小漲0~1%,active,10001.48,1.0,-14.659999999999854,close,-14.659999999999854,close,-14.659999999999854,close,-14.659999999999854,close
2017-05-15,2017,小漲0~1%,active,9986.82,1.0,50.0,close,50.0,close,50.0,close,50.0,close
2017-05-16,2017,漲1~2%,active,10036.82,1.0,-5.329999999999927,close,-5.329999999999927,close,-5.329999999999927,close,-5.329999999999927,close
2017-05-17,2017,漲1~2%,active,10031.49,1.0,-17.81999999999971,close,-17.81999999999971,close,-17.81999999999971,close,-17.81999999999971,close
2017-05-18,2017,大跌<-2%,flat,,,,,,,,,,
2017-05-19,2017,漲1~2%,active,9969.45,1.0,-21.829999999999927,close,-21.829999999999927,close,-21.829999999999927,close,-21.829999999999927,close
2017-05-22,2017,漲1~2%,active,9947.62,1.0,49.63999999999942,close,49.63999999999942,close,49.63999999999942,close,49.63999999999942,close
2017-05-23,2017,漲1~2%,active,9997.26,1.0,10.579999999999927,close,10.579999999999927,close,10.579999999999927,close,10.579999999999927,close
2017-05-24,2017,小跌-1~0,flat,,,,,,,,,,
2017-05-25,2017,小漲0~1%,active,10044.42,1.0,64.06999999999971,close,64.06999999999971,close,64.06999999999971,close,64.06999999999971,close
2017-05-26,2017,小漲0~1%,active,10108.49,1.0,-6.539999999999054,close,-6.539999999999054,close,-6.539999999999054,close,-6.539999999999054,close
2017-05-31,2017,小漲0~1%,active,10101.95,1.0,-61.23000000000138,close,-75.76462500000001,stop,-75.95000000000073,stop,-76.95000000000073,stop
2017-06-01,2017,小跌-1~0,flat,,,,,,,,,,
2017-06-02,2017,小漲0~1%,active,10087.42,1.0,65.11000000000058,close,65.11000000000058,close,65.11000000000058,close,65.11000000000058,close
2017-06-03,2017,小漲0~1%,active,10152.53,1.0,5.619999999998981,close,5.619999999998981,close,5.619999999998981,close,5.619999999998981,close
2017-06-05,2017,小漲0~1%,active,10158.15,1.0,68.69000000000051,close,68.69000000000051,close,68.69000000000051,close,68.69000000000051,close
2017-06-06,2017,小漲0~1%,active,10226.84,1.0,-20.659999999999854,close,-20.659999999999854,close,-20.659999999999854,close,-20.659999999999854,close
2017-06-07,2017,小漲0~1%,active,10206.18,1.0,3.8099999999994907,close,3.8099999999994907,close,3.8099999999994907,close,3.8099999999994907,close
2017-06-08,2017,小漲0~1%,active,10209.99,1.0,15.790000000000873,close,15.790000000000873,close,15.790000000000873,close,15.790000000000873,close
2017-06-09,2017,漲1~2%,active,10225.78,1.0,-26.13000000000102,close,-26.13000000000102,close,-26.13000000000102,close,-26.13000000000102,close
2017-06-12,2017,大跌<-2%,flat,,,,,,,,,,
2017-06-13,2017,小跌-1~0,flat,,,,,,,,,,
2017-06-14,2017,小漲0~1%,active,10128.15,1.0,-55.69000000000051,close,-75.961125,stop,-76.14999999999964,stop,-77.14999999999964,stop
2017-06-15,2017,跌-2~-1%,active,10072.46,-1.0,-15.890000000001237,close,-15.890000000001237,close,-15.890000000001237,close,-15.890000000001237,close
2017-06-16,2017,小跌-1~0,flat,,,,,,,,,,
2017-06-19,2017,小跌-1~0,flat,,,,,,,,,,
2017-06-20,2017,漲1~2%,active,10250.6,1.0,73.85999999999876,close,73.85999999999876,close,73.85999999999876,close,73.85999999999876,close
2017-06-21,2017,跌-2~-1%,active,10324.46,-1.0,-25.26000000000022,close,-25.26000000000022,close,-25.26000000000022,close,-25.26000000000022,close
2017-06-22,2017,漲1~2%,active,10349.72,1.0,49.340000000000146,close,49.340000000000146,close,49.340000000000146,close,49.340000000000146,close
2017-06-23,2017,小跌-1~0,flat,,,,,,,,,,
2017-06-26,2017,小漲0~1%,active,10377.7,1.0,136.2599999999984,close,136.2599999999984,close,136.2599999999984,close,136.2599999999984,close
2017-06-27,2017,小跌-1~0,flat,,,,,,,,,,
2017-06-28,2017,大跌<-2%,flat,,,,,,,,,,
2017-06-29,2017,漲1~2%,active,10390.55,1.0,31.100000000000364,close,31.100000000000364,close,31.100000000000364,close,31.100000000000364,close
2017-06-30,2017,大跌<-2%,flat,,,,,,,,,,
2017-07-03,2017,小跌-1~0,flat,,,,,,,,,,
2017-07-04,2017,跌-2~-1%,active,10412.79,-1.0,65.01000000000022,close,65.01000000000022,close,65.01000000000022,close,65.01000000000022,close
2017-07-05,2017,跌-2~-1%,active,10347.78,-1.0,-57.01000000000022,close,-57.01000000000022,close,-57.01000000000022,close,-57.01000000000022,close
2017-07-06,2017,大漲>=2%,active,10342.49,-1.0,-25.710000000000946,close,-25.710000000000946,close,-25.710000000000946,close,-25.710000000000946,close
2017-07-07,2017,小跌-1~0,flat,,,,,,,,,,
2017-07-10,2017,漲1~2%,active,10297.25,1.0,-7.3400000000001455,close,-7.3400000000001455,close,-7.3400000000001455,close,-7.3400000000001455,close
2017-07-11,2017,漲1~2%,active,10289.91,1.0,125.65999999999985,close,125.65999999999985,close,125.65999999999985,close,125.65999999999985,close
2017-07-12,2017,小漲0~1%,active,10415.57,1.0,5.110000000000582,close,5.110000000000582,close,5.110000000000582,close,5.110000000000582,close
2017-07-13,2017,漲1~2%,active,10420.68,1.0,39.469999999999345,close,39.469999999999345,close,39.469999999999345,close,39.469999999999345,close
2017-07-14,2017,小跌-1~0,flat,,,,,,,,,,
2017-07-17,2017,漲1~2%,active,10443.91,1.0,13.630000000001019,close,13.630000000001019,close,13.630000000001019,close,13.630000000001019,close
2017-07-18,2017,小跌-1~0,flat,,,,,,,,,,
2017-07-19,2017,小漲0~1%,active,10481.26,1.0,24.840000000000146,close,24.840000000000146,close,24.840000000000146,close,24.840000000000146,close
2017-07-20,2017,小漲0~1%,active,10506.1,1.0,-6.739999999999782,close,-6.739999999999782,close,-6.739999999999782,close,-6.739999999999782,close
2017-07-21,2017,小漲0~1%,active,10499.36,1.0,-62.659999999999854,close,-62.659999999999854,close,-62.659999999999854,close,-62.659999999999854,close
2017-07-24,2017,小跌-1~0,flat,,,,,,,,,,
2017-07-25,2017,小跌-1~0,flat,,,,,,,,,,
2017-07-26,2017,小跌-1~0,flat,,,,,,,,,,
2017-07-27,2017,漲1~2%,active,10419.11,1.0,89.26000000000022,close,89.26000000000022,close,89.26000000000022,close,89.26000000000022,close
2017-07-28,2017,跌-2~-1%,active,10508.37,-1.0,85.32000000000153,close,85.32000000000153,close,85.32000000000153,close,85.32000000000153,close
2017-07-31,2017,小跌-1~0,flat,,,,,,,,,,
2017-08-01,2017,小跌-1~0,flat,,,,,,,,,,
2017-08-02,2017,小漲0~1%,active,10437.29,1.0,81.97999999999956,close,81.97999999999956,close,81.97999999999956,close,81.97999999999956,close
2017-08-03,2017,小跌-1~0,flat,,,,,,,,,,
2017-08-04,2017,小跌-1~0,flat,,,,,,,,,,
2017-08-07,2017,小漲0~1%,active,10506.56,1.0,72.81999999999971,close,72.81999999999971,close,72.81999999999971,close,72.81999999999971,close
2017-08-08,2017,漲1~2%,active,10579.38,1.0,-10.409999999999854,close,-10.409999999999854,close,-10.409999999999854,close,-10.409999999999854,close
2017-08-09,2017,小跌-1~0,flat,,,,,,,,,,
2017-08-10,2017,小跌-1~0,flat,,,,,,,,,,
2017-08-11,2017,大跌<-2%,flat,,,,,,,,,,
2017-08-14,2017,小漲0~1%,active,10329.57,1.0,-104.28999999999905,close,-77.471775,stop,-77.56999999999971,stop,-78.56999999999971,stop
2017-08-15,2017,大漲>=2%,active,10289.44,-1.0,-21.719999999999345,close,-21.719999999999345,close,-21.719999999999345,close,-21.719999999999345,close
2017-08-16,2017,小漲0~1%,active,10311.16,1.0,-20.770000000000437,close,-20.770000000000437,close,-20.770000000000437,close,-20.770000000000437,close
2017-08-17,2017,小漲0~1%,active,10290.39,1.0,78.98000000000138,close,78.98000000000138,close,78.98000000000138,close,78.98000000000138,close
2017-08-18,2017,大跌<-2%,flat,,,,,,,,,,
2017-08-21,2017,小漲0~1%,active,10321.33,1.0,5.059999999999491,close,5.059999999999491,close,5.059999999999491,close,5.059999999999491,close
2017-08-22,2017,小跌-1~0,flat,,,,,,,,,,
2017-08-23,2017,漲1~2%,active,10392.07,1.0,14.739999999999782,close,14.739999999999782,close,14.739999999999782,close,14.739999999999782,close
2017-08-24,2017,小漲0~1%,active,10406.81,1.0,82.14999999999964,close,82.14999999999964,close,82.14999999999964,close,82.14999999999964,close
2017-08-25,2017,小跌-1~0,flat,,,,,,,,,,
2017-08-28,2017,小跌-1~0,flat,,,,,,,,,,
2017-08-29,2017,小漲0~1%,active,10525.98,1.0,-29.409999999999854,close,-29.409999999999854,close,-29.409999999999854,close,-29.409999999999854,close
2017-08-30,2017,小漲0~1%,active,10496.57,1.0,72.82999999999993,close,72.82999999999993,close,72.82999999999993,close,72.82999999999993,close
2017-08-31,2017,漲1~2%,active,10569.4,1.0,16.38000000000102,close,16.38000000000102,close,16.38000000000102,close,16.38000000000102,close
2017-09-01,2017,小漲0~1%,active,10585.78,1.0,9.039999999999054,close,9.039999999999054,close,9.039999999999054,close,9.039999999999054,close
2017-09-04,2017,小漲0~1%,active,10594.82,1.0,-24.94999999999891,close,-24.94999999999891,close,-24.94999999999891,close,-24.94999999999891,close
2017-09-05,2017,小漲0~1%,active,10569.87,1.0,47.969999999999345,close,47.969999999999345,close,47.969999999999345,close,47.969999999999345,close
2017-09-06,2017,跌-2~-1%,active,10617.84,-1.0,69.97999999999956,close,69.97999999999956,close,69.97999999999956,close,69.97999999999956,close
2017-09-07,2017,小漲0~1%,active,10547.86,1.0,-9.350000000000364,close,-9.350000000000364,close,-9.350000000000364,close,-9.350000000000364,close
2017-09-08,2017,小漲0~1%,active,10538.51,1.0,71.44000000000051,close,71.44000000000051,close,71.44000000000051,close,71.44000000000051,close
2017-09-11,2017,跌-2~-1%,active,10609.95,-1.0,37.79000000000087,close,37.79000000000087,close,37.79000000000087,close,37.79000000000087,close
2017-09-12,2017,大漲>=2%,active,10618.78,-1.0,8.430000000000291,close,8.430000000000291,close,8.430000000000291,close,8.430000000000291,close
2017-09-13,2017,小漲0~1%,active,10610.35,1.0,-77.47000000000116,close,-77.47000000000116,close,-77.47000000000116,close,-77.47000000000116,close
2017-09-14,2017,小漲0~1%,active,10532.88,1.0,20.69000000000051,close,20.69000000000051,close,20.69000000000051,close,20.69000000000051,close
2017-09-15,2017,小漲0~1%,active,10553.57,1.0,26.840000000000146,close,26.840000000000146,close,26.840000000000146,close,26.840000000000146,close
2017-09-18,2017,漲1~2%,active,10580.41,1.0,51.159999999999854,close,51.159999999999854,close,51.159999999999854,close,51.159999999999854,close
2017-09-19,2017,漲1~2%,active,10631.57,1.0,-55.43000000000029,close,-55.43000000000029,close,-55.43000000000029,close,-55.43000000000029,close
2017-09-20,2017,小漲0~1%,active,10576.14,1.0,-56.969999999999345,close,-79.32105,stop,-80.13999999999942,stop,-81.13999999999942,stop
2017-09-21,2017,跌-2~-1%,active,10519.17,-1.0,-59.27000000000044,close,-78.89377499999999,stop,-79.82999999999993,stop,-80.82999999999993,stop
2017-09-22,2017,小跌-1~0,flat,,,,,,,,,,
2017-09-25,2017,小漲0~1%,active,10449.68,1.0,-113.79000000000087,close,-78.3726,stop,-78.68000000000029,stop,-79.68000000000029,stop
2017-09-26,2017,跌-2~-1%,active,10335.89,-1.0,78.86999999999898,close,78.86999999999898,close,78.86999999999898,close,78.86999999999898,close
2017-09-27,2017,小跌-1~0,flat,,,,,,,,,,
2017-09-28,2017,大漲>=2%,active,10320.47,-1.0,24.019999999998618,close,24.019999999998618,close,24.019999999998618,close,24.019999999998618,close
2017-09-29,2017,小漲0~1%,active,10296.45,1.0,33.48999999999978,close,33.48999999999978,close,33.48999999999978,close,33.48999999999978,close
2017-09-30,2017,小漲0~1%,active,10329.94,1.0,54.0,close,54.0,close,54.0,close,54.0,close
2017-10-02,2017,小漲0~1%,active,10383.94,1.0,81.21999999999935,close,81.21999999999935,close,81.21999999999935,close,81.21999999999935,close
2017-10-03,2017,小漲0~1%,active,10465.16,1.0,4.190000000000509,close,4.190000000000509,close,4.190000000000509,close,4.190000000000509,close
2017-10-05,2017,小漲0~1%,active,10469.35,1.0,48.92000000000007,close,48.92000000000007,close,48.92000000000007,close,48.92000000000007,close
2017-10-06,2017,小漲0~1%,active,10518.27,1.0,14.539999999999054,close,14.539999999999054,close,14.539999999999054,close,14.539999999999054,close
2017-10-11,2017,小漲0~1%,active,10532.81,1.0,108.38000000000102,close,108.38000000000102,close,108.38000000000102,close,108.38000000000102,close
2017-10-12,2017,小漲0~1%,active,10641.19,1.0,70.25,close,70.25,close,70.25,close,70.25,close
2017-10-13,2017,小跌-1~0,flat,,,,,,,,,,
2017-10-16,2017,小漲0~1%,active,10724.09,1.0,50.11999999999898,close,50.11999999999898,close,50.11999999999898,close,50.11999999999898,close
2017-10-17,2017,小漲0~1%,active,10774.21,1.0,-51.05999999999949,close,-51.05999999999949,close,-51.05999999999949,close,-51.05999999999949,close
2017-10-18,2017,小跌-1~0,flat,,,,,,,,,,
2017-10-19,2017,小漲0~1%,active,10720.28,1.0,40.01000000000022,close,40.01000000000022,close,40.01000000000022,close,40.01000000000022,close
2017-10-20,2017,小跌-1~0,flat,,,,,,,,,,
2017-10-23,2017,小漲0~1%,active,10728.88,1.0,6.329999999999927,close,6.329999999999927,close,6.329999999999927,close,6.329999999999927,close
2017-10-24,2017,小漲0~1%,active,10735.21,1.0,8.570000000001528,close,8.570000000001528,close,8.570000000001528,close,8.570000000001528,close
2017-10-25,2017,小漲0~1%,active,10743.78,1.0,6.789999999999054,close,6.789999999999054,close,6.789999999999054,close,6.789999999999054,close
2017-10-26,2017,跌-2~-1%,active,10750.57,-1.0,15.80999999999949,close,15.80999999999949,close,15.80999999999949,close,15.80999999999949,close
2017-10-27,2017,小漲0~1%,active,10734.76,1.0,-25.649999999999636,close,-25.649999999999636,close,-25.649999999999636,close,-25.649999999999636,close
2017-10-30,2017,大漲>=2%,active,10764.97,-1.0,8.099999999998545,close,8.099999999998545,close,8.099999999998545,close,8.099999999998545,close
2017-10-31,2017,小漲0~1%,active,10756.87,1.0,36.92999999999847,close,36.92999999999847,close,36.92999999999847,close,36.92999999999847,close
2017-11-01,2017,小漲0~1%,active,10793.8,1.0,12.56000000000131,close,12.56000000000131,close,12.56000000000131,close,12.56000000000131,close
2017-11-02,2017,小跌-1~0,flat,,,,,,,,,,
2017-11-03,2017,小漲0~1%,active,10788.51,1.0,12.260000000000218,close,12.260000000000218,close,12.260000000000218,close,12.260000000000218,close
2017-11-06,2017,漲1~2%,active,10800.77,1.0,-14.579999999999927,close,-14.579999999999927,close,-14.579999999999927,close,-14.579999999999927,close
2017-11-07,2017,漲1~2%,active,10786.19,1.0,54.149999999999636,close,54.149999999999636,close,54.149999999999636,close,54.149999999999636,close
2017-11-08,2017,小跌-1~0,flat,,,,,,,,,,
2017-11-09,2017,小漲0~1%,active,10818.99,1.0,-75.71999999999935,close,-81.14242499999999,stop,-81.98999999999978,stop,-82.98999999999978,stop
2017-11-10,2017,大跌<-2%,flat,,,,,,,,,,
2017-11-13,2017,小漲0~1%,active,10732.67,1.0,-48.75,close,-48.75,close,-48.75,close,-48.75,close
2017-11-14,2017,小漲0~1%,active,10683.92,1.0,3.2600000000002183,close,3.2600000000002183,close,3.2600000000002183,close,3.2600000000002183,close
2017-11-15,2017,小跌-1~0,flat,,,,,,,,,,
2017-11-16,2017,小跌-1~0,flat,,,,,,,,,,
2017-11-17,2017,漲1~2%,active,10625.04,1.0,76.59999999999854,close,76.59999999999854,close,76.59999999999854,close,76.59999999999854,close
2017-11-20,2017,小跌-1~0,flat,,,,,,,,,,
2017-11-21,2017,漲1~2%,active,10664.55,1.0,114.69000000000051,close,114.69000000000051,close,114.69000000000051,close,114.69000000000051,close
2017-11-22,2017,漲1~2%,active,10779.24,1.0,43.350000000000364,close,43.350000000000364,close,43.350000000000364,close,43.350000000000364,close
2017-11-23,2017,小跌-1~0,flat,,,,,,,,,,
2017-11-24,2017,小跌-1~0,flat,,,,,,,,,,
2017-11-27,2017,小漲0~1%,active,10854.09,1.0,-103.15999999999985,close,-81.405675,stop,-82.09000000000015,stop,-83.09000000000015,stop
2017-11-28,2017,跌-2~-1%,active,10750.93,-1.0,43.86000000000058,close,43.86000000000058,close,43.86000000000058,close,43.86000000000058,close
2017-11-29,2017,小跌-1~0,flat,,,,,,,,,,
2017-11-30,2017,大跌<-2%,flat,,,,,,,,,,
2017-12-01,2017,小漲0~1%,active,10560.44,1.0,39.93000000000029,close,39.93000000000029,close,39.93000000000029,close,39.93000000000029,close
2017-12-04,2017,跌-2~-1%,active,10600.37,-1.0,-50.73999999999978,close,-50.73999999999978,close,-50.73999999999978,close,-50.73999999999978,close
2017-12-05,2017,大跌<-2%,flat,,,,,,,,,,
2017-12-06,2017,小漲0~1%,active,10566.85,1.0,-172.9300000000003,close,-79.251375,stop,-79.85000000000036,stop,-80.85000000000036,stop
2017-12-07,2017,小漲0~1%,active,10393.92,1.0,-38.159999999999854,close,-38.159999999999854,close,-38.159999999999854,close,-38.159999999999854,close
2017-12-08,2017,小漲0~1%,active,10355.76,1.0,42.86000000000058,close,42.86000000000058,close,42.86000000000058,close,42.86000000000058,close
2017-12-11,2017,小跌-1~0,flat,,,,,,,,,,
2017-12-12,2017,小漲0~1%,active,10473.09,1.0,-29.80999999999949,close,-29.80999999999949,close,-29.80999999999949,close,-29.80999999999949,close
2017-12-13,2017,小跌-1~0,flat,,,,,,,,,,
2017-12-14,2017,小跌-1~0,flat,,,,,,,,,,
2017-12-15,2017,小跌-1~0,flat,,,,,,,,,,
2017-12-18,2017,漲1~2%,active,10491.44,1.0,15.079999999999927,close,15.079999999999927,close,15.079999999999927,close,15.079999999999927,close
2017-12-19,2017,大漲>=2%,active,10513.37,-1.0,46.030000000000655,close,46.030000000000655,close,46.030000000000655,close,46.030000000000655,close
2017-12-20,2017,小跌-1~0,flat,,,,,,,,,,
2017-12-21,2017,小漲0~1%,active,10504.52,1.0,-15.550000000001091,close,-15.550000000001091,close,-15.550000000001091,close,-15.550000000001091,close
2017-12-22,2017,跌-2~-1%,active,10488.97,-1.0,-48.30000000000109,close,-48.30000000000109,close,-48.30000000000109,close,-48.30000000000109,close
2017-12-25,2017,小跌-1~0,flat,,,,,,,,,,
2017-12-26,2017,小跌-1~0,flat,,,,,,,,,,
2017-12-27,2017,小跌-1~0,flat,,,,,,,,,,
2017-12-28,2017,小漲0~1%,active,10486.67,1.0,80.96999999999935,close,80.96999999999935,close,80.96999999999935,close,80.96999999999935,close
2017-12-29,2017,小漲0~1%,active,10567.64,1.0,75.22000000000116,close,75.22000000000116,close,75.22000000000116,close,75.22000000000116,close
2018-01-02,2018,跌-2~-1%,active,10642.86,-1.0,-67.86999999999898,close,-67.86999999999898,close,-67.86999999999898,close,-67.86999999999898,close
2018-01-03,2018,大漲>=2%,active,10800.25,-1.0,-1.319999999999709,close,-1.319999999999709,close,-1.319999999999709,close,-1.319999999999709,close
2018-01-04,2018,漲1~2%,active,10801.57,1.0,47.05999999999949,close,47.05999999999949,close,47.05999999999949,close,47.05999999999949,close
2018-01-05,2018,小漲0~1%,active,10848.63,1.0,31.170000000000073,close,31.170000000000073,close,31.170000000000073,close,31.170000000000073,close
2018-01-08,2018,小漲0~1%,active,10879.8,1.0,35.95000000000073,close,35.95000000000073,close,35.95000000000073,close,35.95000000000073,close
2018-01-09,2018,小漲0~1%,active,10915.75,1.0,-0.8600000000005821,close,-0.8600000000005821,close,-0.8600000000005821,close,-0.8600000000005821,close
2018-01-10,2018,小跌-1~0,flat,,,,,,,,,,
2018-01-11,2018,跌-2~-1%,active,10831.09,-1.0,21.030000000000655,close,21.030000000000655,close,21.030000000000655,close,21.030000000000655,close
2018-01-12,2018,小漲0~1%,active,10810.06,1.0,73.89999999999964,close,73.89999999999964,close,73.89999999999964,close,73.89999999999964,close
2018-01-15,2018,小漲0~1%,active,10883.96,1.0,72.35000000000036,close,72.35000000000036,close,72.35000000000036,close,72.35000000000036,close
2018-01-16,2018,小漲0~1%,active,10956.31,1.0,29.80000000000109,close,29.80000000000109,close,29.80000000000109,close,29.80000000000109,close
2018-01-17,2018,小漲0~1%,active,10986.11,1.0,18.68999999999869,close,18.68999999999869,close,18.68999999999869,close,18.68999999999869,close
2018-01-18,2018,大漲>=2%,active,11075.5,-1.0,3.930000000000291,close,3.930000000000291,close,3.930000000000291,close,3.930000000000291,close
2018-01-19,2018,小漲0~1%,active,11071.57,1.0,79.28000000000065,close,79.28000000000065,close,79.28000000000065,close,79.28000000000065,close
2018-01-22,2018,小漲0~1%,active,11150.85,1.0,80.60999999999876,close,80.60999999999876,close,80.60999999999876,close,80.60999999999876,close
2018-01-23,2018,小漲0~1%,active,11231.46,1.0,21.650000000001455,close,21.650000000001455,close,21.650000000001455,close,21.650000000001455,close
2018-01-24,2018,小漲0~1%,active,11253.11,1.0,-100.95000000000073,close,-84.398325,stop,-87.23000000000138,stop_gap,-88.23000000000138,stop_gap
2018-01-25,2018,大跌<-2%,flat,,,,,,,,,,
2018-01-26,2018,跌-2~-1%,active,11165.95,-1.0,18.850000000000364,close,18.850000000000364,close,18.850000000000364,close,18.850000000000364,close
2018-01-29,2018,大漲>=2%,active,11199.52,-1.0,-22.289999999999054,close,-22.289999999999054,close,-22.289999999999054,close,-22.289999999999054,close
2018-01-30,2018,小跌-1~0,flat,,,,,,,,,,
2018-01-31,2018,大跌<-2%,flat,,,,,,,,,,
2018-02-01,2018,小漲0~1%,active,11103.79,1.0,56.45999999999913,close,56.45999999999913,close,56.45999999999913,close,56.45999999999913,close
2018-02-02,2018,小跌-1~0,flat,,,,,,,,,,
2018-02-05,2018,大跌<-2%,flat,,,,,,,,,,
2018-02-06,2018,大跌<-2%,flat,,,,,,,,,,
2018-02-07,2018,大漲>=2%,active,10657.46,-1.0,105.91999999999825,close,105.91999999999825,close,105.91999999999825,close,105.91999999999825,close
2018-02-08,2018,大跌<-2%,flat,,,,,,,,,,
2018-02-09,2018,大跌<-2%,flat,,,,,,,,,,
2018-02-12,2018,大漲>=2%,active,10453.83,-1.0,32.73999999999978,close,32.73999999999978,close,32.73999999999978,close,32.73999999999978,close
2018-02-21,2018,漲1~2%,active,10421.09,1.0,293.35000000000036,close,293.35000000000036,close,293.35000000000036,close,293.35000000000036,close
2018-02-22,2018,跌-2~-1%,active,10714.44,-1.0,52.06000000000131,close,52.06000000000131,close,52.06000000000131,close,52.06000000000131,close
2018-02-23,2018,小跌-1~0,flat,,,,,,,,,,
2018-02-26,2018,大漲>=2%,active,10852.65,-1.0,15.949999999998909,close,15.949999999998909,close,15.949999999998909,close,15.949999999998909,close
2018-02-27,2018,大漲>=2%,active,10878.36,-1.0,62.89000000000124,close,62.89000000000124,close,62.89000000000124,close,62.89000000000124,close
2018-03-01,2018,小跌-1~0,flat,,,,,,,,,,
2018-03-02,2018,跌-2~-1%,active,10785.79,-1.0,87.6200000000008,close,87.6200000000008,close,87.6200000000008,close,87.6200000000008,close
2018-03-05,2018,漲1~2%,active,10698.17,1.0,-55.27000000000044,close,-55.27000000000044,close,-55.27000000000044,close,-55.27000000000044,close
2018-03-06,2018,小漲0~1%,active,10642.9,1.0,141.4400000000005,close,141.4400000000005,close,141.4400000000005,close,141.4400000000005,close
2018-03-07,2018,漲1~2%,active,10784.34,1.0,-39.02000000000044,close,-39.02000000000044,close,-39.02000000000044,close,-39.02000000000044,close
2018-03-08,2018,小漲0~1%,active,10745.32,1.0,77.92000000000007,close,77.92000000000007,close,77.92000000000007,close,77.92000000000007,close
2018-03-09,2018,小漲0~1%,active,10823.24,1.0,41.57999999999993,close,41.57999999999993,close,41.57999999999993,close,41.57999999999993,close
2018-03-12,2018,大漲>=2%,active,10986.63,-1.0,-15.470000000001164,close,-15.470000000001164,close,-15.470000000001164,close,-15.470000000001164,close
2018-03-13,2018,漲1~2%,active,11002.1,1.0,93.52999999999884,close,93.52999999999884,close,93.52999999999884,close,93.52999999999884,close
2018-03-14,2018,跌-2~-1%,active,11095.63,-1.0,56.82999999999993,close,56.82999999999993,close,56.82999999999993,close,56.82999999999993,close
2018-03-15,2018,小漲0~1%,active,11038.8,1.0,-20.349999999998545,close,-20.349999999998545,close,-20.349999999998545,close,-20.349999999998545,close
2018-03-16,2018,小跌-1~0,flat,,,,,,,,,,
2018-03-19,2018,小漲0~1%,active,11027.7,1.0,19.19999999999891,close,19.19999999999891,close,19.19999999999891,close,19.19999999999891,close
2018-03-20,2018,跌-2~-1%,active,11046.9,-1.0,36.05999999999949,close,36.05999999999949,close,36.05999999999949,close,36.05999999999949,close
2018-03-21,2018,小漲0~1%,active,11010.84,1.0,0.22999999999956344,close,0.22999999999956344,close,0.22999999999956344,close,0.22999999999956344,close
2018-03-22,2018,小漲0~1%,active,11011.07,1.0,-5.229999999999563,close,-5.229999999999563,close,-5.229999999999563,close,-5.229999999999563,close
2018-03-23,2018,大跌<-2%,flat,,,,,,,,,,
2018-03-26,2018,大跌<-2%,flat,,,,,,,,,,
2018-03-27,2018,大漲>=2%,active,10949.95,-1.0,-36.840000000000146,close,-36.840000000000146,close,-36.840000000000146,close,-36.840000000000146,close
2018-03-28,2018,大跌<-2%,flat,,,,,,,,,,
2018-03-29,2018,大跌<-2%,flat,,,,,,,,,,
2018-03-30,2018,大漲>=2%,active,10944.08,-1.0,37.86000000000058,close,37.86000000000058,close,37.86000000000058,close,37.86000000000058,close
2018-03-31,2018,大漲>=2%,active,10933.3,-1.0,13.80999999999949,close,13.80999999999949,close,13.80999999999949,close,13.80999999999949,close
2018-04-02,2018,大漲>=2%,active,10951.91,-1.0,63.63999999999942,close,63.63999999999942,close,63.63999999999942,close,63.63999999999942,close
2018-04-03,2018,大跌<-2%,flat,,,,,,,,,,
2018-04-09,2018,大跌<-2%,flat,,,,,,,,,,
2018-04-10,2018,小漲0~1%,active,10893.53,1.0,33.649999999999636,close,33.649999999999636,close,33.649999999999636,close,33.649999999999636,close
2018-04-11,2018,大漲>=2%,active,10990.95,-1.0,16.93000000000029,close,16.93000000000029,close,16.93000000000029,close,16.93000000000029,close
2018-04-12,2018,小漲0~1%,active,10974.02,1.0,-18.729999999999563,close,-18.729999999999563,close,-18.729999999999563,close,-18.729999999999563,close
2018-04-13,2018,漲1~2%,active,10955.29,1.0,10.099999999998545,close,10.099999999998545,close,10.099999999998545,close,10.099999999998545,close
2018-04-16,2018,小跌-1~0,flat,,,,,,,,,,
2018-04-17,2018,小漲0~1%,active,10954.55,1.0,-144.09999999999854,close,-82.15912499999999,stop,-82.54999999999927,stop,-83.54999999999927,stop
2018-04-18,2018,漲1~2%,active,10810.45,1.0,37.43999999999869,close,37.43999999999869,close,37.43999999999869,close,37.43999999999869,close
2018-04-19,2018,跌-2~-1%,active,10847.89,-1.0,-123.32999999999993,close,-81.359175,stop,-82.11000000000058,stop,-83.11000000000058,stop
2018-04-20,2018,大跌<-2%,flat,,,,,,,,,,
2018-04-23,2018,跌-2~-1%,active,10779.38,-1.0,82.25,close,82.25,close,82.25,close,82.25,close
2018-04-24,2018,跌-2~-1%,active,10697.13,-1.0,117.6299999999992,close,117.6299999999992,close,117.6299999999992,close,117.6299999999992,close
2018-04-25,2018,小跌-1~0,flat,,,,,,,,,,
2018-04-26,2018,小跌-1~0,flat,,,,,,,,,,
2018-04-27,2018,大漲>=2%,active,10516.05,-1.0,-37.38000000000102,close,-37.38000000000102,close,-37.38000000000102,close,-37.38000000000102,close
2018-04-30,2018,小跌-1~0,flat,,,,,,,,,,
2018-05-02,2018,漲1~2%,active,10657.88,1.0,-39.06999999999971,close,-39.06999999999971,close,-39.06999999999971,close,-39.06999999999971,close
2018-05-03,2018,小跌-1~0,flat,,,,,,,,,,
2018-05-04,2018,小漲0~1%,active,10514.18,1.0,15.19000000000051,close,15.19000000000051,close,15.19000000000051,close,15.19000000000051,close
2018-05-07,2018,大漲>=2%,active,10575.3,-1.0,-29.610000000000582,close,-29.610000000000582,close,-29.610000000000582,close,-29.610000000000582,close
2018-05-08,2018,小漲0~1%,active,10604.91,1.0,86.46999999999935,close,86.46999999999935,close,86.46999999999935,close,86.46999999999935,close
2018-05-09,2018,小漲0~1%,active,10691.38,1.0,11.970000000001164,close,11.970000000001164,close,11.970000000001164,close,11.970000000001164,close
2018-05-10,2018,漲1~2%,active,10703.35,1.0,56.85999999999876,close,56.85999999999876,close,56.85999999999876,close,56.85999999999876,close
2018-05-11,2018,漲1~2%,active,10760.21,1.0,98.77000000000044,close,98.77000000000044,close,98.77000000000044,close,98.77000000000044,close
2018-05-14,2018,小跌-1~0,flat,,,,,,,,,,
2018-05-15,2018,漲1~2%,active,10952.39,1.0,-77.65999999999985,close,-77.65999999999985,close,-77.65999999999985,close,-77.65999999999985,close
2018-05-16,2018,跌-2~-1%,active,10874.73,-1.0,-22.840000000000146,close,-22.840000000000146,close,-22.840000000000146,close,-22.840000000000146,close
2018-05-17,2018,漲1~2%,active,10897.57,1.0,-63.76000000000022,close,-63.76000000000022,close,-63.76000000000022,close,-63.76000000000022,close
2018-05-18,2018,小跌-1~0,flat,,,,,,,,,,
2018-05-21,2018,跌-2~-1%,active,10830.84,-1.0,-135.36000000000058,close,-81.2313,stop,-82.15999999999985,stop,-83.15999999999985,stop
2018-05-22,2018,漲1~2%,active,10966.2,1.0,-27.470000000001164,close,-27.470000000001164,close,-27.470000000001164,close,-27.470000000001164,close
2018-05-23,2018,小漲0~1%,active,10938.73,1.0,-52.54999999999927,close,-52.54999999999927,close,-52.54999999999927,close,-52.54999999999927,close
2018-05-24,2018,小漲0~1%,active,10886.18,1.0,50.75,close,50.75,close,50.75,close,50.75,close
2018-05-25,2018,小漲0~1%,active,10936.93,1.0,5.369999999998981,close,5.369999999998981,close,5.369999999998981,close,5.369999999998981,close
2018-05-28,2018,小漲0~1%,active,10942.3,1.0,45.470000000001164,close,45.470000000001164,close,45.470000000001164,close,45.470000000001164,close
2018-05-29,2018,小漲0~1%,active,10987.77,1.0,-23.649999999999636,close,-23.649999999999636,close,-23.649999999999636,close,-23.649999999999636,close
2018-05-30,2018,小跌-1~0,flat,,,,,,,,,,
2018-05-31,2018,小漲0~1%,active,10821.17,1.0,53.789999999999054,close,53.789999999999054,close,53.789999999999054,close,53.789999999999054,close
2018-06-01,2018,小跌-1~0,flat,,,,,,,,,,
2018-06-04,2018,大漲>=2%,active,11073.24,-1.0,-36.26000000000022,close,-36.26000000000022,close,-36.26000000000022,close,-36.26000000000022,close
2018-06-05,2018,小漲0~1%,active,11109.5,1.0,-9.389999999999418,close,-9.389999999999418,close,-9.389999999999418,close,-9.389999999999418,close
2018-06-06,2018,小漲0~1%,active,11100.11,1.0,101.71999999999935,close,101.71999999999935,close,101.71999999999935,close,101.71999999999935,close
2018-06-07,2018,小漲0~1%,active,11201.83,1.0,49.92000000000007,close,49.92000000000007,close,49.92000000000007,close,49.92000000000007,close
2018-06-08,2018,小跌-1~0,flat,,,,,,,,,,
2018-06-11,2018,小跌-1~0,flat,,,,,,,,,,
2018-06-12,2018,小跌-1~0,flat,,,,,,,,,,
2018-06-13,2018,小漲0~1%,active,11144.79,1.0,28.419999999998254,close,28.419999999998254,close,28.419999999998254,close,28.419999999998254,close
2018-06-14,2018,小跌-1~0,flat,,,,,,,,,,
2018-06-15,2018,小漲0~1%,active,11013.98,1.0,73.48999999999978,close,73.48999999999978,close,73.48999999999978,close,73.48999999999978,close
2018-06-19,2018,小跌-1~0,flat,,,,,,,,,,
2018-06-20,2018,跌-2~-1%,active,10904.19,-1.0,-23.25,close,-23.25,close,-23.25,close,-23.25,close
2018-06-21,2018,小漲0~1%,active,10927.44,1.0,13.6299999999992,close,13.6299999999992,close,13.6299999999992,close,13.6299999999992,close
2018-06-22,2018,跌-2~-1%,active,10941.07,-1.0,41.789999999999054,close,41.789999999999054,close,41.789999999999054,close,41.789999999999054,close
2018-06-25,2018,小跌-1~0,flat,,,,,,,,,,
2018-06-26,2018,大跌<-2%,flat,,,,,,,,,,
2018-06-27,2018,小漲0~1%,active,10742.17,1.0,-41.13999999999942,close,-41.13999999999942,close,-41.13999999999942,close,-41.13999999999942,close
2018-06-28,2018,大跌<-2%,flat,,,,,,,,,,
2018-06-29,2018,小漲0~1%,active,10654.28,1.0,182.6299999999992,close,182.6299999999992,close,182.6299999999992,close,182.6299999999992,close
2018-07-02,2018,小漲0~1%,active,10836.91,1.0,-58.969999999999345,close,-58.969999999999345,close,-58.969999999999345,close,-58.969999999999345,close
2018-07-03,2018,小漲0~1%,active,10777.94,1.0,-62.220000000001164,close,-62.220000000001164,close,-62.220000000001164,close,-62.220000000001164,close
2018-07-04,2018,跌-2~-1%,active,10715.72,-1.0,-6.150000000001455,close,-6.150000000001455,close,-6.150000000001455,close,-6.150000000001455,close
2018-07-05,2018,跌-2~-1%,active,10721.87,-1.0,110.06000000000131,close,110.06000000000131,close,110.06000000000131,close,110.06000000000131,close
2018-07-06,2018,大漲>=2%,active,10611.86,-1.0,3.290000000000873,close,3.290000000000873,close,3.290000000000873,close,3.290000000000873,close
2018-07-09,2018,漲1~2%,active,10608.57,1.0,111.71000000000095,close,111.71000000000095,close,111.71000000000095,close,111.71000000000095,close
2018-07-10,2018,小漲0~1%,active,10720.28,1.0,36.60999999999876,close,36.60999999999876,close,36.60999999999876,close,36.60999999999876,close
2018-07-11,2018,漲1~2%,active,10756.89,1.0,-80.04999999999927,close,-80.67667499999999,stop,-80.88999999999942,stop,-81.88999999999942,stop
2018-07-12,2018,大跌<-2%,flat,,,,,,,,,,
2018-07-13,2018,小漲0~1%,active,10738.38,1.0,126.16000000000167,close,126.16000000000167,close,126.16000000000167,close,126.16000000000167,close
2018-07-16,2018,小跌-1~0,flat,,,,,,,,,,
2018-07-17,2018,小跌-1~0,flat,,,,,,,,,,
2018-07-18,2018,漲1~2%,active,10778.99,1.0,63.469999999999345,close,63.469999999999345,close,63.469999999999345,close,63.469999999999345,close
2018-07-19,2018,小漲0~1%,active,10842.46,1.0,-7.079999999999927,close,-7.079999999999927,close,-7.079999999999927,close,-7.079999999999927,close
2018-07-20,2018,小跌-1~0,flat,,,,,,,,,,
2018-07-23,2018,小跌-1~0,flat,,,,,,,,,,
2018-07-24,2018,小漲0~1%,active,10946.89,1.0,48.5,close,48.5,close,48.5,close,48.5,close
2018-07-25,2018,跌-2~-1%,active,10995.39,-1.0,29.599999999998545,close,29.599999999998545,close,29.599999999998545,close,29.599999999998545,close
2018-07-26,2018,小漲0~1%,active,10965.79,1.0,44.81999999999971,close,44.81999999999971,close,44.81999999999971,close,44.81999999999971,close
2018-07-27,2018,漲1~2%,active,11010.61,1.0,65.17000000000007,close,65.17000000000007,close,65.17000000000007,close,65.17000000000007,close
2018-07-30,2018,小跌-1~0,flat,,,,,,,,,,
2018-07-31,2018,小跌-1~0,flat,,,,,,,,,,
2018-08-01,2018,小漲0~1%,active,11057.51,1.0,40.61999999999898,close,40.61999999999898,close,40.61999999999898,close,40.61999999999898,close
2018-08-02,2018,小跌-1~0,flat,,,,,,,,,,
2018-08-03,2018,漲1~2%,active,10929.77,1.0,82.65999999999985,close,82.65999999999985,close,82.65999999999985,close,82.65999999999985,close
2018-08-06,2018,小漲0~1%,active,11012.43,1.0,11.670000000000073,close,11.670000000000073,close,11.670000000000073,close,11.670000000000073,close
2018-08-07,2018,小漲0~1%,active,11024.1,1.0,-40.659999999999854,close,-40.659999999999854,close,-40.659999999999854,close,-40.659999999999854,close
2018-08-08,2018,小漲0~1%,active,10983.44,1.0,91.80999999999949,close,91.80999999999949,close,91.80999999999949,close,91.80999999999949,close
2018-08-09,2018,小漲0~1%,active,11075.25,1.0,-47.18000000000029,close,-47.18000000000029,close,-47.18000000000029,close,-47.18000000000029,close
2018-08-10,2018,跌-2~-1%,active,11028.07,-1.0,44.38999999999942,close,44.38999999999942,close,44.38999999999942,close,44.38999999999942,close
2018-08-13,2018,大跌<-2%,flat,,,,,,,,,,
2018-08-14,2018,小漲0~1%,active,10748.92,1.0,75.30999999999949,close,75.30999999999949,close,75.30999999999949,close,75.30999999999949,close
2018-08-15,2018,小跌-1~0,flat,,,,,,,,,,
2018-08-16,2018,跌-2~-1%,active,10716.75,-1.0,32.850000000000364,close,32.850000000000364,close,32.850000000000364,close,32.850000000000364,close
2018-08-17,2018,小跌-1~0,flat,,,,,,,,,,
2018-08-20,2018,小跌-1~0,flat,,,,,,,,,,
2018-08-21,2018,小跌-1~0,flat,,,,,,,,,,
2018-08-22,2018,漲1~2%,active,10792.2,1.0,12.0,close,12.0,close,12.0,close,12.0,close
2018-08-23,2018,小漲0~1%,active,10804.2,1.0,58.92999999999847,close,58.92999999999847,close,58.92999999999847,close,58.92999999999847,close
2018-08-24,2018,小漲0~1%,active,10863.13,1.0,-53.779999999998836,close,-81.473475,stop,-82.1299999999992,stop,-83.1299999999992,stop
2018-08-27,2018,漲1~2%,active,10809.35,1.0,92.85999999999876,close,92.85999999999876,close,92.85999999999876,close,92.85999999999876,close
2018-08-28,2018,漲1~2%,active,10902.21,1.0,87.34000000000015,close,87.34000000000015,close,87.34000000000015,close,87.34000000000015,close
2018-08-29,2018,小漲0~1%,active,10989.55,1.0,110.02000000000044,close,110.02000000000044,close,110.02000000000044,close,110.02000000000044,close
2018-08-30,2018,小漲0~1%,active,11099.57,1.0,-5.819999999999709,close,-5.819999999999709,close,-5.819999999999709,close,-5.819999999999709,close
2018-08-31,2018,小跌-1~0,flat,,,,,,,,,,
2018-09-03,2018,小漲0~1%,active,11063.94,1.0,-99.72000000000116,close,-82.97955,stop,-83.94000000000051,stop,-84.94000000000051,stop
2018-09-04,2018,小漲0~1%,active,10964.22,1.0,57.159999999999854,close,57.159999999999854,close,57.159999999999854,close,57.159999999999854,close
2018-09-05,2018,小漲0~1%,active,11021.38,1.0,-26.25,close,-26.25,close,-26.25,close,-26.25,close
2018-09-06,2018,小跌-1~0,flat,,,,,,,,,,
2018-09-07,2018,大跌<-2%,flat,,,,,,,,,,
2018-09-10,2018,小跌-1~0,flat,,,,,,,,,,
2018-09-11,2018,漲1~2%,active,10725.8,1.0,26.5,close,26.5,close,26.5,close,26.5,close
2018-09-12,2018,跌-2~-1%,active,10752.3,-1.0,29.729999999999563,close,29.729999999999563,close,29.729999999999563,close,29.729999999999563,close
2018-09-13,2018,跌-2~-1%,active,10722.57,-1.0,-4.6599999999998545,close,-4.6599999999998545,close,-4.6599999999998545,close,-4.6599999999998545,close
2018-09-14,2018,漲1~2%,active,10727.23,1.0,140.90999999999985,close,140.90999999999985,close,140.90999999999985,close,140.90999999999985,close
2018-09-17,2018,漲1~2%,active,10868.14,1.0,-39.529999999998836,close,-39.529999999998836,close,-39.529999999998836,close,-39.529999999998836,close
2018-09-18,2018,跌-2~-1%,active,10828.61,-1.0,68.40000000000146,close,68.40000000000146,close,68.40000000000146,close,68.40000000000146,close
2018-09-19,2018,小漲0~1%,active,10760.21,1.0,97.06000000000131,close,97.06000000000131,close,97.06000000000131,close,97.06000000000131,close
2018-09-20,2018,小漲0~1%,active,10857.27,1.0,-25.860000000000582,close,-25.860000000000582,close,-25.860000000000582,close,-25.860000000000582,close
2018-09-21,2018,漲1~2%,active,10831.41,1.0,141.0,close,141.0,close,141.0,close,141.0,close
2018-09-25,2018,小漲0~1%,active,10972.41,1.0,6.440000000000509,close,6.440000000000509,close,6.440000000000509,close,6.440000000000509,close
2018-09-26,2018,跌-2~-1%,active,10978.85,-1.0,4.6599999999998545,close,4.6599999999998545,close,4.6599999999998545,close,4.6599999999998545,close
2018-09-27,2018,小跌-1~0,flat,,,,,,,,,,
2018-09-28,2018,小漲0~1%,active,11034.19,1.0,-27.850000000000364,close,-27.850000000000364,close,-27.850000000000364,close,-27.850000000000364,close
2018-10-01,2018,小漲0~1%,active,11006.34,1.0,45.45999999999913,close,45.45999999999913,close,45.45999999999913,close,45.45999999999913,close
2018-10-02,2018,小漲0~1%,active,11051.8,1.0,-132.17000000000007,close,-82.8885,stop,-83.79999999999927,stop,-84.79999999999927,stop
2018-10-03,2018,小漲0~1%,active,10919.63,1.0,-55.68999999999869,close,-55.68999999999869,close,-55.68999999999869,close,-55.68999999999869,close
2018-10-04,2018,小漲0~1%,active,10863.94,1.0,-145.03000000000065,close,-81.47955,stop,-81.94000000000051,stop,-82.94000000000051,stop
2018-10-05,2018,跌-2~-1%,active,10718.91,-1.0,201.78999999999905,close,201.78999999999905,close,201.78999999999905,close,201.78999999999905,close
2018-10-08,2018,大跌<-2%,flat,,,,,,,,,,
2018-10-09,2018,跌-2~-1%,active,10455.93,-1.0,-10.899999999999636,close,-10.899999999999636,close,-10.899999999999636,close,-10.899999999999636,close
2018-10-11,2018,大跌<-2%,flat,,,,,,,,,,
2018-10-12,2018,跌-2~-1%,active,9806.11,-1.0,-239.6999999999989,close,-73.54582500000001,stop,-73.88999999999942,stop,-74.88999999999942,stop
2018-10-15,2018,漲1~2%,active,10045.81,1.0,-144.6899999999987,close,-75.34357499999999,stop,-75.80999999999949,stop,-76.80999999999949,stop
2018-10-16,2018,小跌-1~0,flat,,,,,,,,,,
2018-10-17,2018,大漲>=2%,active,10072.15,-1.0,93.01000000000022,close,93.01000000000022,close,93.01000000000022,close,93.01000000000022,close
2018-10-18,2018,小跌-1~0,flat,,,,,,,,,,
2018-10-19,2018,大跌<-2%,flat,,,,,,,,,,
2018-10-22,2018,跌-2~-1%,active,9919.26,-1.0,-55.02000000000044,close,-55.02000000000044,close,-55.02000000000044,close,-55.02000000000044,close
2018-10-23,2018,小漲0~1%,active,9974.28,1.0,-199.07999999999993,close,-74.8071,stop,-75.28000000000065,stop,-76.28000000000065,stop
2018-10-24,2018,小跌-1~0,flat,,,,,,,,,,
2018-10-25,2018,大跌<-2%,flat,,,,,,,,,,
2018-10-26,2018,大漲>=2%,active,9553.57,-1.0,64.38999999999942,close,64.38999999999942,close,64.38999999999942,close,64.38999999999942,close
2018-10-29,2018,跌-2~-1%,active,9489.18,-1.0,-27.139999999999418,close,-27.139999999999418,close,-27.139999999999418,close,-27.139999999999418,close
2018-10-30,2018,跌-2~-1%,active,9516.32,-1.0,-9.790000000000873,close,-9.790000000000873,close,-9.790000000000873,close,-9.790000000000873,close
2018-10-31,2018,大漲>=2%,active,9710.47,-1.0,-91.65999999999985,close,-72.828525,stop,-91.65999999999985,stop_gap,-92.65999999999985,stop_gap
2018-11-01,2018,漲1~2%,active,9802.13,1.0,42.61000000000058,close,42.61000000000058,close,42.61000000000058,close,42.61000000000058,close
2018-11-02,2018,大漲>=2%,active,9877.15,-1.0,-29.44000000000051,close,-29.44000000000051,close,-29.44000000000051,close,-29.44000000000051,close
2018-11-05,2018,跌-2~-1%,active,9906.59,-1.0,16.780000000000655,close,16.780000000000655,close,16.780000000000655,close,16.780000000000655,close
2018-11-06,2018,小跌-1~0,flat,,,,,,,,,,
2018-11-07,2018,漲1~2%,active,9824.95,1.0,83.39999999999964,close,83.39999999999964,close,83.39999999999964,close,83.39999999999964,close
2018-11-08,2018,漲1~2%,active,9908.35,1.0,36.95999999999913,close,36.95999999999913,close,36.95999999999913,close,36.95999999999913,close
2018-11-09,2018,小跌-1~0,flat,,,,,,,,,,
2018-11-12,2018,跌-2~-1%,active,9830.01,-1.0,-1.1999999999989086,close,-1.1999999999989086,close,-1.1999999999989086,close,-1.1999999999989086,close
2018-11-13,2018,大跌<-2%,flat,,,,,,,,,,
2018-11-14,2018,漲1~2%,active,9775.84,1.0,16.039999999999054,close,16.039999999999054,close,16.039999999999054,close,16.039999999999054,close
2018-11-15,2018,小漲0~1%,active,9791.88,1.0,34.57999999999993,close,34.57999999999993,close,34.57999999999993,close,34.57999999999993,close
2018-11-16,2018,大漲>=2%,active,9831.51,-1.0,34.42000000000007,close,34.42000000000007,close,34.42000000000007,close,34.42000000000007,close
2018-11-19,2018,跌-2~-1%,active,9797.09,-1.0,-31.600000000000364,close,-31.600000000000364,close,-31.600000000000364,close,-31.600000000000364,close
2018-11-20,2018,大跌<-2%,flat,,,,,,,,,,
2018-11-21,2018,小漲0~1%,active,9743.99,1.0,-2.469999999999345,close,-73.07992499999999,stop,-73.98999999999978,stop,-74.98999999999978,stop
2018-11-22,2018,小漲0~1%,active,9741.52,1.0,-26.81000000000131,close,-26.81000000000131,close,-26.81000000000131,close,-26.81000000000131,close
2018-11-23,2018,小漲0~1%,active,9714.71,1.0,-47.409999999999854,close,-47.409999999999854,close,-47.409999999999854,close,-47.409999999999854,close
2018-11-26,2018,小跌-1~0,flat,,,,,,,,,,
2018-11-27,2018,漲1~2%,active,9765.36,1.0,13.260000000000218,close,-73.2402,stop,-73.36000000000058,stop,-74.36000000000058,stop
2018-11-28,2018,小漲0~1%,active,9778.62,1.0,105.68999999999869,close,105.68999999999869,close,105.68999999999869,close,105.68999999999869,close
2018-11-29,2018,大漲>=2%,active,9951.92,-1.0,66.55999999999949,close,66.55999999999949,close,66.55999999999949,close,66.55999999999949,close
2018-11-30,2018,小跌-1~0,flat,,,,,,,,,,
2018-12-03,2018,漲1~2%,active,9888.03,1.0,249.84000000000015,close,249.84000000000015,close,249.84000000000015,close,249.84000000000015,close
2018-12-04,2018,大漲>=2%,active,10104.76,-1.0,21.219999999999345,close,21.219999999999345,close,21.219999999999345,close,21.219999999999345,close
2018-12-05,2018,大跌<-2%,flat,,,,,,,,,,
2018-12-06,2018,大跌<-2%,flat,,,,,,,,,,
2018-12-07,2018,小跌-1~0,flat,,,,,,,,,,
2018-12-10,2018,大跌<-2%,flat,,,,,,,,,,
2018-12-11,2018,漲1~2%,active,9647.54,1.0,59.5,close,59.5,close,59.5,close,59.5,close
2018-12-12,2018,小漲0~1%,active,9707.04,1.0,109.40999999999985,close,109.40999999999985,close,109.40999999999985,close,109.40999999999985,close
2018-12-13,2018,漲1~2%,active,9816.45,1.0,42.30999999999949,close,42.30999999999949,close,42.30999999999949,close,42.30999999999949,close
2018-12-14,2018,小跌-1~0,flat,,,,,,,,,,
2018-12-17,2018,跌-2~-1%,active,9774.16,-1.0,-13.3700000000008,close,-13.3700000000008,close,-13.3700000000008,close,-13.3700000000008,close
2018-12-18,2018,跌-2~-1%,active,9787.53,-1.0,68.71000000000095,close,68.71000000000095,close,68.71000000000095,close,68.71000000000095,close
2018-12-19,2018,漲1~2%,active,9718.82,1.0,64.38999999999942,close,64.38999999999942,close,64.38999999999942,close,64.38999999999942,close
2018-12-20,2018,大跌<-2%,flat,,,,,,,,,,
2018-12-21,2018,小跌-1~0,flat,,,,,,,,,,
2018-12-22,2018,跌-2~-1%,active,9676.67,-1.0,30.51000000000022,close,30.51000000000022,close,30.51000000000022,close,30.51000000000022,close
2018-12-24,2018,跌-2~-1%,active,9646.16,-1.0,6.459999999999127,close,6.459999999999127,close,6.459999999999127,close,6.459999999999127,close
2018-12-25,2018,大跌<-2%,flat,,,,,,,,,,
2018-12-26,2018,大跌<-2%,flat,,,,,,,,,,
2018-12-27,2018,大漲>=2%,active,9616.3,-1.0,-25.26000000000022,close,-25.26000000000022,close,-25.26000000000022,close,-25.26000000000022,close
2018-12-28,2018,小漲0~1%,active,9641.56,1.0,85.85000000000036,close,85.85000000000036,close,85.85000000000036,close,85.85000000000036,close
2019-01-02,2019,小漲0~1%,active,9727.41,1.0,-173.27000000000044,close,-72.955575,stop,-73.40999999999985,stop,-74.40999999999985,stop
2019-01-03,2019,小漲0~1%,active,9554.14,1.0,-61.719999999999345,close,-71.65605,stop,-72.13999999999942,stop,-73.13999999999942,stop
2019-01-04,2019,大跌<-2%,flat,,,,,,,,,,
2019-01-07,2019,大漲>=2%,active,9537.52,-1.0,-52.779999999998836,close,-52.779999999998836,close,-52.779999999998836,close,-52.779999999998836,close
2019-01-08,2019,漲1~2%,active,9590.3,1.0,-26.69999999999891,close,-26.69999999999891,close,-26.69999999999891,close,-26.69999999999891,close
2019-01-09,2019,小跌-1~0,flat,,,,,,,,,,
2019-01-10,2019,大漲>=2%,active,9701.47,-1.0,-19.220000000001164,close,-19.220000000001164,close,-19.220000000001164,close,-19.220000000001164,close
2019-01-11,2019,小漲0~1%,active,9720.69,1.0,38.70999999999913,close,38.70999999999913,close,38.70999999999913,close,38.70999999999913,close
2019-01-14,2019,小漲0~1%,active,9759.4,1.0,-51.18000000000029,close,-73.1955,stop,-73.39999999999964,stop,-74.39999999999964,stop
2019-01-15,2019,跌-2~-1%,active,9708.22,-1.0,-97.82000000000153,close,-72.81164999999999,stop,-73.78000000000065,stop,-74.78000000000065,stop
2019-01-16,2019,小漲0~1%,active,9806.04,1.0,-42.23000000000138,close,-42.23000000000138,close,-42.23000000000138,close,-42.23000000000138,close
2019-01-17,2019,小跌-1~0,flat,,,,,,,,,,
2019-01-18,2019,漲1~2%,active,9789.15,1.0,46.909999999999854,close,46.909999999999854,close,46.909999999999854,close,46.909999999999854,close
2019-01-21,2019,大漲>=2%,active,9897.94,-1.0,8.540000000000873,close,8.540000000000873,close,8.540000000000873,close,8.540000000000873,close
2019-01-22,2019,大漲>=2%,active,9873.61,-1.0,-21.049999999999272,close,-21.049999999999272,close,-21.049999999999272,close,-21.049999999999272,close
2019-01-23,2019,大跌<-2%,flat,,,,,,,,,,
2019-01-24,2019,小跌-1~0,flat,,,,,,,,,,
2019-01-25,2019,大漲>=2%,active,9964.95,-1.0,-4.6599999999998545,close,-4.6599999999998545,close,-4.6599999999998545,close,-4.6599999999998545,close
2019-01-28,2019,大漲>=2%,active,10014.74,-1.0,1.4099999999998545,close,1.4099999999998545,close,1.4099999999998545,close,1.4099999999998545,close
2019-01-29,2019,大跌<-2%,flat,,,,,,,,,,
2019-01-30,2019,跌-2~-1%,active,9931.59,-1.0,-0.6700000000000728,close,-0.6700000000000728,close,-0.6700000000000728,close,-0.6700000000000728,close
2019-02-11,2019,小跌-1~0,flat,,,,,,,,,,
2019-02-12,2019,小漲0~1%,active,10004.25,1.0,93.48999999999978,close,93.48999999999978,close,93.48999999999978,close,93.48999999999978,close
2019-02-13,2019,大漲>=2%,active,10097.37,-1.0,6.790000000000873,close,6.790000000000873,close,6.790000000000873,close,6.790000000000873,close
2019-02-14,2019,小漲0~1%,active,10090.58,1.0,-1.569999999999709,close,-1.569999999999709,close,-1.569999999999709,close,-1.569999999999709,close
2019-02-15,2019,小漲0~1%,active,10089.01,1.0,-24.229999999999563,close,-24.229999999999563,close,-24.229999999999563,close,-24.229999999999563,close
2019-02-18,2019,小漲0~1%,active,10064.78,1.0,80.5,close,80.5,close,80.5,close,80.5,close
2019-02-19,2019,小漲0~1%,active,10145.28,1.0,6.979999999999563,close,6.979999999999563,close,6.979999999999563,close,6.979999999999563,close
2019-02-20,2019,小跌-1~0,flat,,,,,,,,,,
2019-02-21,2019,小漲0~1%,active,10272.46,1.0,47.07000000000153,close,47.07000000000153,close,47.07000000000153,close,47.07000000000153,close
2019-02-22,2019,小跌-1~0,flat,,,,,,,,,,
2019-02-25,2019,漲1~2%,active,10322.92,1.0,68.01000000000022,close,68.01000000000022,close,68.01000000000022,close,68.01000000000022,close
2019-02-26,2019,小漲0~1%,active,10390.93,1.0,0.6199999999989814,close,0.6199999999989814,close,0.6199999999989814,close,0.6199999999989814,close
2019-02-27,2019,小跌-1~0,flat,,,,,,,,,,
2019-03-04,2019,小漲0~1%,active,10389.17,1.0,-39.29000000000087,close,-39.29000000000087,close,-39.29000000000087,close,-39.29000000000087,close
2019-03-05,2019,小漲0~1%,active,10349.88,1.0,-44.61999999999898,close,-44.61999999999898,close,-44.61999999999898,close,-44.61999999999898,close
2019-03-06,2019,小跌-1~0,flat,,,,,,,,,,
2019-03-07,2019,跌-2~-1%,active,10357.15,-1.0,45.469999999999345,close,45.469999999999345,close,45.469999999999345,close,45.469999999999345,close
2019-03-08,2019,跌-2~-1%,active,10311.68,-1.0,69.93000000000029,close,69.93000000000029,close,69.93000000000029,close,69.93000000000029,close
2019-03-11,2019,小跌-1~0,flat,,,,,,,,,,
2019-03-12,2019,大漲>=2%,active,10349.61,-1.0,6.280000000000655,close,6.280000000000655,close,6.280000000000655,close,6.280000000000655,close
2019-03-13,2019,小漲0~1%,active,10343.33,1.0,29.98999999999978,close,29.98999999999978,close,29.98999999999978,close,29.98999999999978,close
2019-03-14,2019,小漲0~1%,active,10373.32,1.0,-24.670000000000073,close,-24.670000000000073,close,-24.670000000000073,close,-24.670000000000073,close
2019-03-15,2019,小跌-1~0,flat,,,,,,,,,,
2019-03-18,2019,大漲>=2%,active,10467.71,-1.0,-44.9900000000016,close,-44.9900000000016,close,-44.9900000000016,close,-44.9900000000016,close
2019-03-19,2019,小跌-1~0,flat,,,,,,,,,,
2019-03-20,2019,漲1~2%,active,10512.32,1.0,39.23999999999978,close,39.23999999999978,close,39.23999999999978,close,39.23999999999978,close
2019-03-21,2019,跌-2~-1%,active,10551.56,-1.0,-57.98999999999978,close,-57.98999999999978,close,-57.98999999999978,close,-57.98999999999978,close
2019-03-22,2019,大漲>=2%,active,10650.49,-1.0,11.420000000000073,close,11.420000000000073,close,11.420000000000073,close,11.420000000000073,close
2019-03-25,2019,大跌<-2%,flat,,,,,,,,,,
2019-03-26,2019,跌-2~-1%,active,10479.48,-1.0,-79.72000000000116,close,-78.59609999999999,stop,-79.72000000000116,stop_gap,-80.72000000000116,stop_gap
2019-03-27,2019,漲1~2%,active,10559.2,1.0,-16.5,close,-16.5,close,-16.5,close,-16.5,close
2019-03-28,2019,跌-2~-1%,active,10542.7,-1.0,6.440000000000509,close,6.440000000000509,close,6.440000000000509,close,6.440000000000509,close
2019-03-29,2019,小跌-1~0,flat,,,,,,,,,,
2019-04-01,2019,漲1~2%,active,10641.04,1.0,1.5899999999983265,close,1.5899999999983265,close,1.5899999999983265,close,1.5899999999983265,close
2019-04-02,2019,大漲>=2%,active,10703.99,-1.0,13.69000000000051,close,13.69000000000051,close,13.69000000000051,close,13.69000000000051,close
2019-04-03,2019,小漲0~1%,active,10690.3,1.0,14.079999999999927,close,14.079999999999927,close,14.079999999999927,close,14.079999999999927,close
2019-04-08,2019,小漲0~1%,active,10704.38,1.0,96.19000000000051,close,96.19000000000051,close,96.19000000000051,close,96.19000000000051,close
2019-04-09,2019,小漲0~1%,active,10800.57,1.0,51.030000000000655,close,51.030000000000655,close,51.030000000000655,close,51.030000000000655,close
2019-04-10,2019,跌-2~-1%,active,10851.6,-1.0,-16.539999999999054,close,-16.539999999999054,close,-16.539999999999054,close,-16.539999999999054,close
2019-04-11,2019,小漲0~1%,active,10868.14,1.0,-59.36999999999898,close,-59.36999999999898,close,-59.36999999999898,close,-59.36999999999898,close
2019-04-12,2019,小跌-1~0,flat,,,,,,,,,,
2019-04-15,2019,漲1~2%,active,10805.3,1.0,70.30000000000109,close,70.30000000000109,close,70.30000000000109,close,70.30000000000109,close
2019-04-16,2019,小跌-1~0,flat,,,,,,,,,,
2019-04-17,2019,大漲>=2%,active,10978.99,-1.0,-18.270000000000437,close,-18.270000000000437,close,-18.270000000000437,close,-18.270000000000437,close
2019-04-18,2019,漲1~2%,active,10997.26,1.0,-35.23999999999978,close,-35.23999999999978,close,-35.23999999999978,close,-35.23999999999978,close
2019-04-19,2019,小漲0~1%,active,10962.02,1.0,6.479999999999563,close,6.479999999999563,close,6.479999999999563,close,6.479999999999563,close
2019-04-22,2019,小漲0~1%,active,10968.5,1.0,19.209999999999127,close,19.209999999999127,close,19.209999999999127,close,19.209999999999127,close
2019-04-23,2019,小漲0~1%,active,10987.71,1.0,37.970000000001164,close,37.970000000001164,close,37.970000000001164,close,37.970000000001164,close
2019-04-24,2019,漲1~2%,active,11025.68,1.0,1.9599999999991269,close,1.9599999999991269,close,1.9599999999991269,close,1.9599999999991269,close
2019-04-25,2019,小漲0~1%,active,11027.64,1.0,12.220000000001164,close,12.220000000001164,close,12.220000000001164,close,12.220000000001164,close
2019-04-26,2019,跌-2~-1%,active,11039.86,-1.0,87.39000000000124,close,87.39000000000124,close,87.39000000000124,close,87.39000000000124,close
2019-04-29,2019,小跌-1~0,flat,,,,,,,,,,
2019-04-30,2019,小跌-1~0,flat,,,,,,,,,,
2019-05-02,2019,小跌-1~0,flat,,,,,,,,,,
2019-05-03,2019,漲1~2%,active,11004.49,1.0,91.80999999999949,close,91.80999999999949,close,91.80999999999949,close,91.80999999999949,close
2019-05-06,2019,小漲0~1%,active,11096.3,1.0,-199.17999999999847,close,-83.22224999999999,stop,-83.29999999999927,stop,-84.29999999999927,stop
2019-05-07,2019,跌-2~-1%,active,10897.12,-1.0,-90.01999999999862,close,-81.72840000000001,stop,-81.8799999999992,stop,-82.8799999999992,stop
2019-05-08,2019,大跌<-2%,flat,,,,,,,,,,
2019-05-09,2019,小跌-1~0,flat,,,,,,,,,,
2019-05-10,2019,跌-2~-1%,active,10733.67,-1.0,20.68000000000029,close,-80.50252499999999,stop,-81.32999999999993,stop,-82.32999999999993,stop
2019-05-13,2019,小漲0~1%,active,10712.99,1.0,-154.6999999999989,close,-80.347425,stop,-80.98999999999978,stop,-81.98999999999978,stop
2019-05-14,2019,大跌<-2%,flat,,,,,,,,,,
2019-05-15,2019,大漲>=2%,active,10590.35,-1.0,29.640000000001237,close,29.640000000001237,close,29.640000000001237,close,29.640000000001237,close
2019-05-16,2019,小漲0~1%,active,10560.71,1.0,-86.09999999999854,close,-79.20532499999999,stop,-79.70999999999913,stop,-80.70999999999913,stop
2019-05-17,2019,跌-2~-1%,active,10474.61,-1.0,90.5,close,-78.559575,stop,-79.38999999999942,stop,-80.38999999999942,stop
2019-05-20,2019,跌-2~-1%,active,10384.11,-1.0,-14.299999999999272,close,-77.880825,stop,-77.88999999999942,stop,-78.88999999999942,stop
2019-05-21,2019,大跌<-2%,flat,,,,,,,,,,
2019-05-22,2019,大漲>=2%,active,10495.75,-1.0,38.530000000000655,close,38.530000000000655,close,38.530000000000655,close,38.530000000000655,close
2019-05-23,2019,大跌<-2%,flat,,,,,,,,,,
2019-05-24,2019,跌-2~-1%,active,10308.37,-1.0,-19.909999999999854,close,-19.909999999999854,close,-19.909999999999854,close,-19.909999999999854,close
2019-05-27,2019,小跌-1~0,flat,,,,,,,,,,
2019-05-28,2019,小跌-1~0,flat,,,,,,,,,,
2019-05-29,2019,小跌-1~0,flat,,,,,,,,,,
2019-05-30,2019,小漲0~1%,active,10301.78,1.0,81.20999999999913,close,81.20999999999913,close,81.20999999999913,close,81.20999999999913,close
2019-05-31,2019,小漲0~1%,active,10382.99,1.0,115.5,close,115.5,close,115.5,close,115.5,close
2019-06-03,2019,跌-2~-1%,active,10498.49,-1.0,-1.5799999999999272,close,-1.5799999999999272,close,-1.5799999999999272,close,-1.5799999999999272,close
2019-06-04,2019,小漲0~1%,active,10500.07,1.0,-70.94999999999891,close,-70.94999999999891,close,-70.94999999999891,close,-70.94999999999891,close
2019-06-05,2019,大漲>=2%,active,10484.75,-1.0,23.1299999999992,close,23.1299999999992,close,23.1299999999992,close,23.1299999999992,close
2019-06-06,2019,小跌-1~0,flat,,,,,,,,,,
2019-06-10,2019,漲1~2%,active,10409.2,1.0,157.26999999999862,close,157.26999999999862,close,157.26999999999862,close,157.26999999999862,close
2019-06-11,2019,大漲>=2%,active,10593.43,-1.0,-14.329999999999927,close,-14.329999999999927,close,-14.329999999999927,close,-14.329999999999927,close
2019-06-12,2019,小漲0~1%,active,10607.76,1.0,7.899999999999636,close,7.899999999999636,close,7.899999999999636,close,7.899999999999636,close
2019-06-13,2019,大跌<-2%,flat,,,,,,,,,,
2019-06-14,2019,小漲0~1%,active,10561.01,1.0,-36.340000000000146,close,-36.340000000000146,close,-36.340000000000146,close,-36.340000000000146,close
2019-06-17,2019,大跌<-2%,flat,,,,,,,,,,
2019-06-18,2019,小跌-1~0,flat,,,,,,,,,,
2019-06-19,2019,大漲>=2%,active,10694.14,-1.0,-81.20000000000073,close,-80.20604999999999,stop,-80.86000000000058,stop,-81.86000000000058,stop
2019-06-20,2019,小漲0~1%,active,10775.34,1.0,9.670000000000073,close,9.670000000000073,close,9.670000000000073,close,9.670000000000073,close
2019-06-21,2019,小漲0~1%,active,10785.01,1.0,18.76000000000022,close,18.76000000000022,close,18.76000000000022,close,18.76000000000022,close
2019-06-24,2019,小跌-1~0,flat,,,,,,,,,,
2019-06-25,2019,小漲0~1%,active,10779.45,1.0,-72.73000000000138,close,-80.845875,stop,-81.45000000000073,stop,-82.45000000000073,stop
2019-06-26,2019,跌-2~-1%,active,10706.72,-1.0,54.17000000000007,close,54.17000000000007,close,54.17000000000007,close,54.17000000000007,close
2019-06-27,2019,大漲>=2%,active,10757.28,-1.0,-16.61999999999898,close,-16.61999999999898,close,-16.61999999999898,close,-16.61999999999898,close
2019-06-28,2019,漲1~2%,active,10773.9,1.0,-43.06999999999971,close,-43.06999999999971,close,-43.06999999999971,close,-43.06999999999971,close
2019-07-01,2019,小漲0~1%,active,10730.83,1.0,164.6299999999992,close,164.6299999999992,close,164.6299999999992,close,164.6299999999992,close
2019-07-02,2019,大漲>=2%,active,10877.99,-1.0,12.869999999998981,close,12.869999999998981,close,12.869999999998981,close,12.869999999998981,close
2019-07-03,2019,跌-2~-1%,active,10865.12,-1.0,121.35000000000036,close,121.35000000000036,close,121.35000000000036,close,121.35000000000036,close
2019-07-04,2019,小跌-1~0,flat,,,,,,,,,,
2019-07-05,2019,小跌-1~0,flat,,,,,,,,,,
2019-07-08,2019,小跌-1~0,flat,,,,,,,,,,
2019-07-09,2019,小跌-1~0,flat,,,,,,,,,,
2019-07-10,2019,小漲0~1%,active,10702.78,1.0,95.69999999999891,close,95.69999999999891,close,95.69999999999891,close,95.69999999999891,close
2019-07-11,2019,小漲0~1%,active,10798.48,1.0,44.94000000000051,close,44.94000000000051,close,44.94000000000051,close,44.94000000000051,close
2019-07-12,2019,小漲0~1%,active,10843.42,1.0,-19.06999999999971,close,-19.06999999999971,close,-19.06999999999971,close,-19.06999999999971,close
2019-07-15,2019,漲1~2%,active,10824.35,1.0,52.07999999999993,close,52.07999999999993,close,52.07999999999993,close,52.07999999999993,close
2019-07-16,2019,小漲0~1%,active,10876.43,1.0,9.619999999998981,close,9.619999999998981,close,9.619999999998981,close,9.619999999998981,close
2019-07-17,2019,跌-2~-1%,active,10886.05,-1.0,57.56999999999971,close,57.56999999999971,close,57.56999999999971,close,57.56999999999971,close
2019-07-18,2019,小漲0~1%,active,10828.48,1.0,-29.19999999999891,close,-29.19999999999891,close,-29.19999999999891,close,-29.19999999999891,close
2019-07-19,2019,漲1~2%,active,10799.28,1.0,73.90999999999985,close,73.90999999999985,close,73.90999999999985,close,73.90999999999985,close
2019-07-22,2019,小跌-1~0,flat,,,,,,,,,,
2019-07-23,2019,漲1~2%,active,10944.53,1.0,2.7299999999995634,close,2.7299999999995634,close,2.7299999999995634,close,2.7299999999995634,close
2019-07-24,2019,漲1~2%,active,10947.26,1.0,-11.5,close,-11.5,close,-11.5,close,-11.5,close
2019-07-25,2019,大漲>=2%,active,10905.04,-1.0,-36.36999999999898,close,-36.36999999999898,close,-36.36999999999898,close,-36.36999999999898,close
2019-07-26,2019,跌-2~-1%,active,10941.41,-1.0,49.43000000000029,close,49.43000000000029,close,49.43000000000029,close,49.43000000000029,close
2019-07-29,2019,小跌-1~0,flat,,,,,,,,,,
2019-07-30,2019,小漲0~1%,active,10885.73,1.0,-54.82999999999993,close,-54.82999999999993,close,-54.82999999999993,close,-54.82999999999993,close
2019-07-31,2019,小跌-1~0,flat,,,,,,,,,,
2019-08-01,2019,大跌<-2%,flat,,,,,,,,,,
2019-08-02,2019,跌-2~-1%,active,10731.75,-1.0,182.70999999999913,close,182.70999999999913,close,182.70999999999913,close,182.70999999999913,close
2019-08-05,2019,跌-2~-1%,active,10549.04,-1.0,125.63000000000102,close,125.63000000000102,close,125.63000000000102,close,125.63000000000102,close
2019-08-06,2019,大跌<-2%,flat,,,,,,,,,,
2019-08-07,2019,漲1~2%,active,10394.75,1.0,-8.569999999999709,close,-8.569999999999709,close,-8.569999999999709,close,-8.569999999999709,close
2019-08-08,2019,小漲0~1%,active,10386.18,1.0,108.30999999999949,close,108.30999999999949,close,108.30999999999949,close,108.30999999999949,close
2019-08-12,2019,跌-2~-1%,active,10494.49,-1.0,22.1299999999992,close,22.1299999999992,close,22.1299999999992,close,22.1299999999992,close
2019-08-13,2019,跌-2~-1%,active,10472.36,-1.0,109.70000000000073,close,109.70000000000073,close,109.70000000000073,close,109.70000000000073,close
2019-08-14,2019,大漲>=2%,active,10509.66,-1.0,81.93000000000029,close,81.93000000000029,close,81.93000000000029,close,81.93000000000029,close
2019-08-15,2019,大跌<-2%,flat,,,,,,,,,,
2019-08-16,2019,小跌-1~0,flat,,,,,,,,,,
2019-08-19,2019,大漲>=2%,active,10468.49,-1.0,-20.26000000000022,close,-20.26000000000022,close,-20.26000000000022,close,-20.26000000000022,close
2019-08-20,2019,漲1~2%,active,10488.75,1.0,33.75,close,33.75,close,33.75,close,33.75,close
2019-08-21,2019,小跌-1~0,flat,,,,,,,,,,
2019-08-22,2019,小漲0~1%,active,10525.8,1.0,3.9800000000013824,close,3.9800000000013824,close,3.9800000000013824,close,3.9800000000013824,close
2019-08-23,2019,小跌-1~0,flat,,,,,,,,,,
2019-08-26,2019,大跌<-2%,flat,,,,,,,,,,
2019-08-27,2019,小漲0~1%,active,10354.57,1.0,32.659999999999854,close,32.659999999999854,close,32.659999999999854,close,32.659999999999854,close
2019-08-28,2019,小跌-1~0,flat,,,,,,,,,,
2019-08-29,2019,小漲0~1%,active,10434.29,1.0,28.139999999999418,close,28.139999999999418,close,28.139999999999418,close,28.139999999999418,close
2019-08-30,2019,大漲>=2%,active,10568.02,-1.0,-50.029999999998836,close,-50.029999999998836,close,-50.029999999998836,close,-50.029999999998836,close
2019-09-02,2019,小漲0~1%,active,10618.05,1.0,16.80000000000109,close,16.80000000000109,close,16.80000000000109,close,16.80000000000109,close
2019-09-03,2019,小漲0~1%,active,10634.85,1.0,-76.64000000000124,close,-76.64000000000124,close,-76.64000000000124,close,-76.64000000000124,close
2019-09-04,2019,跌-2~-1%,active,10558.21,-1.0,-99.10000000000036,close,-79.18657499999999,stop,-79.79000000000087,stop,-80.79000000000087,stop
2019-09-05,2019,大漲>=2%,active,10760.29,-1.0,3.360000000000582,close,3.360000000000582,close,3.360000000000582,close,3.360000000000582,close
2019-09-06,2019,大漲>=2%,active,10770.89,-1.0,-9.75,close,-9.75,close,-9.75,close,-9.75,close
2019-09-09,2019,小漲0~1%,active,10780.64,1.0,20.5,close,20.5,close,20.5,close,20.5,close
2019-09-10,2019,小漲0~1%,active,10801.14,1.0,-47.55999999999949,close,-47.55999999999949,close,-47.55999999999949,close,-47.55999999999949,close
2019-09-11,2019,小漲0~1%,active,10753.58,1.0,36.77000000000044,close,36.77000000000044,close,36.77000000000044,close,36.77000000000044,close
2019-09-12,2019,漲1~2%,active,10790.35,1.0,37.19999999999891,close,37.19999999999891,close,37.19999999999891,close,37.19999999999891,close
2019-09-16,2019,小跌-1~0,flat,,,,,,,,,,
2019-09-17,2019,小跌-1~0,flat,,,,,,,,,,
2019-09-18,2019,小漲0~1%,active,10874.5,1.0,54.95000000000073,close,54.95000000000073,close,54.95000000000073,close,54.95000000000073,close
2019-09-19,2019,小漲0~1%,active,10929.45,1.0,-34.75,close,-34.75,close,-34.75,close,-34.75,close
2019-09-20,2019,小跌-1~0,flat,,,,,,,,,,
2019-09-23,2019,跌-2~-1%,active,10929.69,-1.0,10.670000000000073,close,10.670000000000073,close,10.670000000000073,close,10.670000000000073,close
2019-09-24,2019,小漲0~1%,active,10919.02,1.0,-1.0100000000002183,close,-1.0100000000002183,close,-1.0100000000002183,close,-1.0100000000002183,close
2019-09-25,2019,跌-2~-1%,active,10918.01,-1.0,44.31999999999971,close,44.31999999999971,close,44.31999999999971,close,44.31999999999971,close
2019-09-26,2019,漲1~2%,active,10873.69,1.0,-1.7000000000007276,close,-1.7000000000007276,close,-1.7000000000007276,close,-1.7000000000007276,close
2019-09-27,2019,小漲0~1%,active,10871.99,1.0,-42.30999999999949,close,-42.30999999999949,close,-42.30999999999949,close,-42.30999999999949,close
2019-10-01,2019,漲1~2%,active,10829.68,1.0,137.96999999999935,close,137.96999999999935,close,137.96999999999935,close,137.96999999999935,close
2019-10-02,2019,小跌-1~0,flat,,,,,,,,,,
2019-10-03,2019,跌-2~-1%,active,10947.88,-1.0,71.96999999999935,close,71.96999999999935,close,71.96999999999935,close,71.96999999999935,close
2019-10-04,2019,漲1~2%,active,10875.91,1.0,18.56999999999971,close,18.56999999999971,close,18.56999999999971,close,18.56999999999971,close
2019-10-07,2019,漲1~2%,active,10894.48,1.0,40.57999999999993,close,40.57999999999993,close,40.57999999999993,close,40.57999999999993,close
2019-10-08,2019,小跌-1~0,flat,,,,,,,,,,
2019-10-09,2019,大跌<-2%,flat,,,,,,,,,,
2019-10-14,2019,大漲>=2%,active,11079.13,-1.0,12.179999999998472,close,12.179999999998472,close,12.179999999998472,close,12.179999999998472,close
2019-10-15,2019,小跌-1~0,flat,,,,,,,,,,
2019-10-16,2019,大漲>=2%,active,11133.28,-1.0,-29.549999999999272,close,-29.549999999999272,close,-29.549999999999272,close,-29.549999999999272,close
2019-10-17,2019,跌-2~-1%,active,11162.83,-1.0,-24.049999999999272,close,-24.049999999999272,close,-24.049999999999272,close,-24.049999999999272,close
2019-10-18,2019,小漲0~1%,active,11186.88,1.0,-6.6599999999998545,close,-6.6599999999998545,close,-6.6599999999998545,close,-6.6599999999998545,close
2019-10-21,2019,跌-2~-1%,active,11180.22,-1.0,-3.930000000000291,close,-3.930000000000291,close,-3.930000000000291,close,-3.930000000000291,close
2019-10-22,2019,漲1~2%,active,11184.15,1.0,87.10000000000036,close,87.10000000000036,close,87.10000000000036,close,87.10000000000036,close
2019-10-23,2019,小跌-1~0,flat,,,,,,,,,,
2019-10-24,2019,跌-2~-1%,active,11239.67,-1.0,-80.46999999999935,close,-80.46999999999935,close,-80.46999999999935,close,-80.46999999999935,close
2019-10-25,2019,大漲>=2%,active,11291.94,-1.0,-4.180000000000291,close,-4.180000000000291,close,-4.180000000000291,close,-4.180000000000291,close
2019-10-28,2019,大漲>=2%,active,11301.8,-1.0,-13.220000000001164,close,-13.220000000001164,close,-13.220000000001164,close,-13.220000000001164,close
2019-10-29,2019,漲1~2%,active,11315.02,1.0,18.850000000000364,close,18.850000000000364,close,18.850000000000364,close,18.850000000000364,close
2019-10-30,2019,小跌-1~0,flat,,,,,,,,,,
2019-10-31,2019,小跌-1~0,flat,,,,,,,,,,
2019-11-01,2019,小跌-1~0,flat,,,,,,,,,,
2019-11-04,2019,大漲>=2%,active,11494.52,-1.0,-62.32999999999993,close,-62.32999999999993,close,-62.32999999999993,close,-62.32999999999993,close
2019-11-05,2019,大漲>=2%,active,11598.19,-1.0,-45.840000000000146,close,-45.840000000000146,close,-45.840000000000146,close,-45.840000000000146,close
2019-11-06,2019,小漲0~1%,active,11644.03,1.0,9.039999999999054,close,9.039999999999054,close,9.039999999999054,close,9.039999999999054,close
2019-11-07,2019,小跌-1~0,flat,,,,,,,,,,
2019-11-08,2019,小漲0~1%,active,11606.56,1.0,-27.019999999998618,close,-27.019999999998618,close,-27.019999999998618,close,-27.019999999998618,close
2019-11-11,2019,小漲0~1%,active,11579.54,1.0,-152.26000000000022,close,-86.84655000000001,stop,-87.54000000000087,stop,-88.54000000000087,stop
2019-11-12,2019,小跌-1~0,flat,,,,,,,,,,
2019-11-13,2019,小漲0~1%,active,11520.37,1.0,-52.54000000000087,close,-52.54000000000087,close,-52.54000000000087,close,-52.54000000000087,close
2019-11-14,2019,小漲0~1%,active,11467.83,1.0,-17.409999999999854,close,-17.409999999999854,close,-17.409999999999854,close,-17.409999999999854,close
2019-11-15,2019,小跌-1~0,flat,,,,,,,,,,
2019-11-18,2019,小漲0~1%,active,11525.6,1.0,74.18000000000029,close,74.18000000000029,close,74.18000000000029,close,74.18000000000029,close
2019-11-19,2019,小跌-1~0,flat,,,,,,,,,,
2019-11-20,2019,小跌-1~0,flat,,,,,,,,,,
2019-11-21,2019,跌-2~-1%,active,11631.2,-1.0,72.93000000000029,close,72.93000000000029,close,72.93000000000029,close,72.93000000000029,close
2019-11-22,2019,跌-2~-1%,active,11558.27,-1.0,-8.529999999998836,close,-8.529999999998836,close,-8.529999999998836,close,-8.529999999998836,close
2019-11-25,2019,小跌-1~0,flat,,,,,,,,,,
2019-11-26,2019,大漲>=2%,active,11638.12,-1.0,61.30000000000109,close,61.30000000000109,close,61.30000000000109,close,61.30000000000109,close
2019-11-27,2019,小跌-1~0,flat,,,,,,,,,,
2019-11-28,2019,小漲0~1%,active,11647.46,1.0,-30.3799999999992,close,-30.3799999999992,close,-30.3799999999992,close,-30.3799999999992,close
2019-11-29,2019,小漲0~1%,active,11617.08,1.0,-127.51000000000022,close,-87.12809999999999,stop,-88.07999999999993,stop,-89.07999999999993,stop
2019-12-02,2019,跌-2~-1%,active,11489.57,-1.0,-13.260000000000218,close,-13.260000000000218,close,-13.260000000000218,close,-13.260000000000218,close
2019-12-03,2019,跌-2~-1%,active,11502.83,-1.0,-28.75,close,-28.75,close,-28.75,close,-28.75,close
2019-12-04,2019,跌-2~-1%,active,11531.58,-1.0,21.110000000000582,close,21.110000000000582,close,21.110000000000582,close,21.110000000000582,close
2019-12-05,2019,漲1~2%,active,11510.47,1.0,84.18000000000029,close,84.18000000000029,close,84.18000000000029,close,84.18000000000029,close
2019-12-06,2019,小漲0~1%,active,11594.65,1.0,14.989999999999782,close,14.989999999999782,close,14.989999999999782,close,14.989999999999782,close
2019-12-09,2019,漲1~2%,active,11609.64,1.0,51.13000000000102,close,51.13000000000102,close,51.13000000000102,close,51.13000000000102,close
2019-12-10,2019,小跌-1~0,flat,,,,,,,,,,
2019-12-11,2019,小漲0~1%,active,11627.84,1.0,72.93000000000029,close,72.93000000000029,close,72.93000000000029,close,72.93000000000029,close
2019-12-12,2019,大漲>=2%,active,11838.1,-1.0,1.680000000000291,close,1.680000000000291,close,1.680000000000291,close,1.680000000000291,close
2019-12-13,2019,大漲>=2%,active,11941.98,-1.0,14.25,close,14.25,close,14.25,close,14.25,close
2019-12-16,2019,小跌-1~0,flat,,,,,,,,,,
2019-12-17,2019,小漲0~1%,active,11939.77,1.0,157.23999999999978,close,157.23999999999978,close,157.23999999999978,close,157.23999999999978,close
2019-12-18,2019,小漲0~1%,active,12097.01,1.0,25.44000000000051,close,25.44000000000051,close,25.44000000000051,close,25.44000000000051,close
2019-12-19,2019,小跌-1~0,flat,,,,,,,,,,
2019-12-20,2019,小漲0~1%,active,12018.9,1.0,-59.81999999999971,close,-59.81999999999971,close,-59.81999999999971,close,-59.81999999999971,close
2019-12-23,2019,漲1~2%,active,11959.08,1.0,63.149999999999636,close,63.149999999999636,close,63.149999999999636,close,63.149999999999636,close
2019-12-24,2019,小漲0~1%,active,12022.23,1.0,-45.850000000000364,close,-45.850000000000364,close,-45.850000000000364,close,-45.850000000000364,close
2019-12-25,2019,小漲0~1%,active,11976.38,1.0,31.75,close,31.75,close,31.75,close,31.75,close
2019-12-26,2019,小漲0~1%,active,12008.13,1.0,-7.119999999998981,close,-7.119999999998981,close,-7.119999999998981,close,-7.119999999998981,close
2019-12-27,2019,小漲0~1%,active,12001.01,1.0,90.57999999999993,close,90.57999999999993,close,90.57999999999993,close,90.57999999999993,close
2019-12-30,2019,小跌-1~0,flat,,,,,,,,,,
2019-12-31,2019,小跌-1~0,flat,,,,,,,,,,
2020-01-02,2020,小漲0~1%,active,11997.14,1.0,103.34000000000015,close,103.34000000000015,close,103.34000000000015,close,103.34000000000015,close
2020-01-03,2020,大漲>=2%,active,12117.71,-1.0,7.279999999998836,close,7.279999999998836,close,7.279999999998836,close,7.279999999998836,close
2020-01-06,2020,跌-2~-1%,active,12110.43,-1.0,157.0699999999997,close,157.0699999999997,close,157.0699999999997,close,157.0699999999997,close
2020-01-07,2020,跌-2~-1%,active,11953.36,-1.0,73.04000000000087,close,73.04000000000087,close,73.04000000000087,close,73.04000000000087,close
2020-01-08,2020,漲1~2%,active,11880.32,1.0,-63.219999999999345,close,-89.10239999999999,stop,-89.31999999999971,stop,-90.31999999999971,stop
2020-01-09,2020,小漲0~1%,active,11817.1,1.0,153.52999999999884,close,153.52999999999884,close,153.52999999999884,close,153.52999999999884,close
2020-01-10,2020,小漲0~1%,active,11970.63,1.0,54.02000000000044,close,54.02000000000044,close,54.02000000000044,close,54.02000000000044,close
2020-01-13,2020,小跌-1~0,flat,,,,,,,,,,
2020-01-14,2020,漲1~2%,active,12113.42,1.0,66.38999999999942,close,66.38999999999942,close,66.38999999999942,close,66.38999999999942,close
2020-01-15,2020,小漲0~1%,active,12179.81,1.0,-87.93000000000029,close,-91.348575,stop,-91.80999999999949,stop,-92.80999999999949,stop
2020-01-16,2020,跌-2~-1%,active,12091.88,-1.0,24.94999999999891,close,24.94999999999891,close,24.94999999999891,close,24.94999999999891,close
2020-01-17,2020,漲1~2%,active,12066.93,1.0,23.360000000000582,close,23.360000000000582,close,23.360000000000582,close,23.360000000000582,close
2020-01-20,2020,小漲0~1%,active,12090.29,1.0,28.419999999998254,close,28.419999999998254,close,28.419999999998254,close,28.419999999998254,close
2020-01-30,2020,跌-2~-1%,active,12118.71,-1.0,696.9699999999993,close,696.9699999999993,close,696.9699999999993,close,696.9699999999993,close
2020-01-31,2020,小跌-1~0,flat,,,,,,,,,,
2020-02-03,2020,大跌<-2%,flat,,,,,,,,,,
2020-02-04,2020,漲1~2%,active,11354.92,1.0,201.0,close,201.0,close,201.0,close,201.0,close
2020-02-05,2020,大漲>=2%,active,11588.27,-1.0,14.649999999999636,close,14.649999999999636,close,14.649999999999636,close,14.649999999999636,close
2020-02-06,2020,大漲>=2%,active,11668.92,-1.0,-80.76000000000022,close,-80.76000000000022,close,-80.76000000000022,close,-80.76000000000022,close
2020-02-07,2020,小漲0~1%,active,11749.68,1.0,-136.8700000000008,close,-88.1226,stop,-88.68000000000029,stop,-89.68000000000029,stop
2020-02-10,2020,大跌<-2%,flat,,,,,,,,,,
2020-02-11,2020,漲1~2%,active,11574.07,1.0,89.97000000000116,close,89.97000000000116,close,89.97000000000116,close,89.97000000000116,close
2020-02-12,2020,大漲>=2%,active,11745.03,-1.0,-29.159999999999854,close,-29.159999999999854,close,-29.159999999999854,close,-29.159999999999854,close
2020-02-13,2020,漲1~2%,active,11774.19,1.0,17.590000000000146,close,17.590000000000146,close,17.590000000000146,close,17.590000000000146,close
2020-02-14,2020,小漲0~1%,active,11791.78,1.0,23.920000000000073,close,23.920000000000073,close,23.920000000000073,close,23.920000000000073,close
2020-02-17,2020,小跌-1~0,flat,,,,,,,,,,
2020-02-18,2020,小跌-1~0,flat,,,,,,,,,,
2020-02-19,2020,跌-2~-1%,active,11648.98,-1.0,-109.86000000000058,close,-87.36734999999999,stop,-88.02000000000044,stop,-89.02000000000044,stop
2020-02-20,2020,大漲>=2%,active,11763.56,-1.0,38.469999999999345,close,38.469999999999345,close,38.469999999999345,close,38.469999999999345,close
2020-02-21,2020,跌-2~-1%,active,11725.09,-1.0,38.73999999999978,close,38.73999999999978,close,38.73999999999978,close,38.73999999999978,close
2020-02-24,2020,大跌<-2%,flat,,,,,,,,,,
2020-02-25,2020,大跌<-2%,flat,,,,,,,,,,
2020-02-26,2020,大跌<-2%,flat,,,,,,,,,,
2020-02-27,2020,小漲0~1%,active,11433.62,1.0,-141.45000000000073,close,-85.75215,stop,-86.6200000000008,stop,-87.6200000000008,stop
2020-03-02,2020,大漲>=2%,active,11146.88,-1.0,-23.579999999999927,close,-83.60159999999999,stop,-84.1200000000008,stop,-85.1200000000008,stop
2020-03-03,2020,大漲>=2%,active,11320.63,-1.0,-7.0900000000001455,close,-7.0900000000001455,close,-7.0900000000001455,close,-7.0900000000001455,close
2020-03-04,2020,大跌<-2%,flat,,,,,,,,,,
2020-03-05,2020,大漲>=2%,active,11516.91,-1.0,2.0900000000001455,close,2.0900000000001455,close,2.0900000000001455,close,2.0900000000001455,close
2020-03-06,2020,大跌<-2%,flat,,,,,,,,,,
2020-03-09,2020,跌-2~-1%,active,11321.81,-1.0,344.1700000000001,close,344.1700000000001,close,344.1700000000001,close,344.1700000000001,close
2020-03-10,2020,大跌<-2%,flat,,,,,,,,,,
2020-03-11,2020,大漲>=2%,active,11031.57,-1.0,137.8199999999997,close,137.8199999999997,close,137.8199999999997,close,137.8199999999997,close
2020-03-12,2020,大跌<-2%,flat,,,,,,,,,,
2020-03-13,2020,大跌<-2%,flat,,,,,,,,,,
2020-03-16,2020,大漲>=2%,active,9960.6,-1.0,242.82999999999993,close,242.82999999999993,close,242.82999999999993,close,242.82999999999993,close
2020-03-17,2020,大跌<-2%,flat,,,,,,,,,,
2020-03-18,2020,大漲>=2%,active,9471.53,-1.0,252.86000000000058,close,252.86000000000058,close,252.86000000000058,close,252.86000000000058,close
2020-03-19,2020,大跌<-2%,flat,,,,,,,,,,
2020-03-20,2020,大漲>=2%,active,9112.6,-1.0,-121.48999999999978,close,-68.3445,stop,-68.39999999999964,stop,-69.39999999999964,stop
2020-03-23,2020,大跌<-2%,flat,,,,,,,,,,
2020-03-24,2020,大漲>=2%,active,9388.36,-1.0,102.73999999999978,close,102.73999999999978,close,102.73999999999978,close,102.73999999999978,close
2020-03-25,2020,大漲>=2%,active,9712.26,-1.0,67.51000000000022,close,67.51000000000022,close,67.51000000000022,close,67.51000000000022,close
2020-03-26,2020,跌-2~-1%,active,9644.75,-1.0,-91.61000000000058,close,-72.335625,stop,-73.25,stop,-74.25,stop
2020-03-27,2020,大漲>=2%,active,9852.3,-1.0,153.3799999999992,close,153.3799999999992,close,153.3799999999992,close,153.3799999999992,close
2020-03-30,2020,大跌<-2%,flat,,,,,,,,,,
2020-03-31,2020,大漲>=2%,active,9722.91,-1.0,14.850000000000364,close,14.850000000000364,close,14.850000000000364,close,14.850000000000364,close
2020-04-01,2020,大跌<-2%,flat,,,,,,,,,,
2020-04-06,2020,大跌<-2%,flat,,,,,,,,,,
2020-04-07,2020,大漲>=2%,active,9969.77,-1.0,-26.61999999999898,close,-26.61999999999898,close,-26.61999999999898,close,-26.61999999999898,close
2020-04-08,2020,小跌-1~0,flat,,,,,,,,,,
2020-04-09,2020,大漲>=2%,active,10155.69,-1.0,36.26000000000022,close,36.26000000000022,close,36.26000000000022,close,36.26000000000022,close
2020-04-10,2020,大跌<-2%,flat,,,,,,,,,,
2020-04-13,2020,大跌<-2%,flat,,,,,,,,,,
2020-04-14,2020,漲1~2%,active,10099.22,1.0,233.72000000000116,close,233.72000000000116,close,233.72000000000116,close,233.72000000000116,close
2020-04-15,2020,大漲>=2%,active,10431.23,-1.0,-15.979999999999563,close,-15.979999999999563,close,-15.979999999999563,close,-15.979999999999563,close
2020-04-16,2020,大跌<-2%,flat,,,,,,,,,,
2020-04-17,2020,大漲>=2%,active,10685.61,-1.0,88.56999999999971,close,88.56999999999971,close,88.56999999999971,close,88.56999999999971,close
2020-04-20,2020,小漲0~1%,active,10597.04,1.0,-10.330000000001746,close,-10.330000000001746,close,-10.330000000001746,close,-10.330000000001746,close
2020-04-21,2020,大跌<-2%,flat,,,,,,,,,,
2020-04-22,2020,大跌<-2%,flat,,,,,,,,,,
2020-04-23,2020,大漲>=2%,active,10377.82,-1.0,11.30999999999949,close,11.30999999999949,close,11.30999999999949,close,11.30999999999949,close
2020-04-24,2020,跌-2~-1%,active,10366.51,-1.0,19.149999999999636,close,19.149999999999636,close,19.149999999999636,close,19.149999999999636,close
2020-04-27,2020,大漲>=2%,active,10514.01,-1.0,-53.26000000000022,close,-53.26000000000022,close,-53.26000000000022,close,-53.26000000000022,close
2020-04-28,2020,漲1~2%,active,10567.27,1.0,48.789999999999054,close,48.789999999999054,close,48.789999999999054,close,48.789999999999054,close
2020-04-29,2020,小跌-1~0,flat,,,,,,,,,,
2020-04-30,2020,大漲>=2%,active,10936.85,-1.0,-55.289999999999054,close,-55.289999999999054,close,-55.289999999999054,close,-55.289999999999054,close
2020-05-04,2020,大跌<-2%,flat,,,,,,,,,,
2020-05-05,2020,漲1~2%,active,10720.48,1.0,54.13000000000102,close,54.13000000000102,close,54.13000000000102,close,54.13000000000102,close
2020-05-06,2020,漲1~2%,active,10774.61,1.0,0.36999999999898137,close,0.36999999999898137,close,0.36999999999898137,close,0.36999999999898137,close
2020-05-07,2020,漲1~2%,active,10774.98,1.0,67.94000000000051,close,67.94000000000051,close,67.94000000000051,close,67.94000000000051,close
2020-05-08,2020,漲1~2%,active,10842.92,1.0,58.5,close,58.5,close,58.5,close,58.5,close
2020-05-11,2020,大漲>=2%,active,11028.34,-1.0,15.079999999999927,close,15.079999999999927,close,15.079999999999927,close,15.079999999999927,close
2020-05-12,2020,小跌-1~0,flat,,,,,,,,,,
2020-05-13,2020,大跌<-2%,flat,,,,,,,,,,
2020-05-14,2020,跌-2~-1%,active,10938.27,-1.0,157.39000000000124,close,157.39000000000124,close,157.39000000000124,close,157.39000000000124,close
2020-05-15,2020,大漲>=2%,active,10812.65,-1.0,-2.2700000000004366,close,-2.2700000000004366,close,-2.2700000000004366,close,-2.2700000000004366,close
2020-05-18,2020,大跌<-2%,flat,,,,,,,,,,
2020-05-19,2020,大漲>=2%,active,10866.37,-1.0,5.930000000000291,close,5.930000000000291,close,5.930000000000291,close,5.930000000000291,close
2020-05-20,2020,小跌-1~0,flat,,,,,,,,,,
2020-05-21,2020,大漲>=2%,active,10994.97,-1.0,-13.340000000000146,close,-13.340000000000146,close,-13.340000000000146,close,-13.340000000000146,close
2020-05-22,2020,大跌<-2%,flat,,,,,,,,,,
2020-05-25,2020,小漲0~1%,active,10811.15,1.0,60.030000000000655,close,-81.083625,stop,-81.14999999999964,stop,-82.14999999999964,stop
2020-05-26,2020,小漲0~1%,active,10871.18,1.0,126.02999999999884,close,126.02999999999884,close,126.02999999999884,close,126.02999999999884,close
2020-05-27,2020,漲1~2%,active,10997.21,1.0,17.450000000000728,close,17.450000000000728,close,17.450000000000728,close,17.450000000000728,close
2020-05-28,2020,漲1~2%,active,11014.66,1.0,-70.46999999999935,close,-82.60995,stop,-82.65999999999985,stop,-83.65999999999985,stop
2020-05-29,2020,大跌<-2%,flat,,,,,,,,,,
2020-06-01,2020,大漲>=2%,active,11097.14,-1.0,18.11999999999898,close,18.11999999999898,close,18.11999999999898,close,18.11999999999898,close
2020-06-02,2020,小跌-1~0,flat,,,,,,,,,,
2020-06-03,2020,大漲>=2%,active,11247.29,-1.0,-72.86999999999898,close,-72.86999999999898,close,-72.86999999999898,close,-72.86999999999898,close
2020-06-04,2020,大漲>=2%,active,11365.8,-1.0,-27.43000000000029,close,-27.43000000000029,close,-27.43000000000029,close,-27.43000000000029,close
2020-06-05,2020,小漲0~1%,active,11393.23,1.0,86.17000000000007,close,86.17000000000007,close,86.17000000000007,close,86.17000000000007,close
2020-06-08,2020,大漲>=2%,active,11572.02,-1.0,-38.29999999999927,close,-38.29999999999927,close,-38.29999999999927,close,-38.29999999999927,close
2020-06-09,2020,小跌-1~0,flat,,,,,,,,,,
2020-06-10,2020,小跌-1~0,flat,,,,,,,,,,
2020-06-11,2020,小漲0~1%,active,11720.16,1.0,-184.38999999999942,close,-87.90119999999999,stop,-88.15999999999985,stop,-89.15999999999985,stop
2020-06-12,2020,大跌<-2%,flat,,,,,,,,,,
2020-06-15,2020,漲1~2%,active,11429.94,1.0,-123.68000000000029,close,-85.72455,stop,-85.94000000000051,stop,-86.94000000000051,stop
2020-06-16,2020,漲1~2%,active,11306.26,1.0,205.3799999999992,close,205.3799999999992,close,205.3799999999992,close,205.3799999999992,close
2020-06-17,2020,漲1~2%,active,11511.64,1.0,22.950000000000728,close,22.950000000000728,close,22.950000000000728,close,22.950000000000728,close
2020-06-18,2020,小漲0~1%,active,11534.59,1.0,13.739999999999782,close,13.739999999999782,close,13.739999999999782,close,13.739999999999782,close
2020-06-19,2020,小跌-1~0,flat,,,,,,,,,,
2020-06-22,2020,小跌-1~0,flat,,,,,,,,,,
2020-06-23,2020,小漲0~1%,active,11572.93,1.0,39.43000000000029,close,39.43000000000029,close,39.43000000000029,close,39.43000000000029,close
2020-06-24,2020,小漲0~1%,active,11612.36,1.0,48.30999999999949,close,48.30999999999949,close,48.30999999999949,close,48.30999999999949,close
2020-06-29,2020,跌-2~-1%,active,11660.67,-1.0,118.04999999999927,close,118.04999999999927,close,118.04999999999927,close,118.04999999999927,close
2020-06-30,2020,漲1~2%,active,11542.62,1.0,78.61999999999898,close,78.61999999999898,close,78.61999999999898,close,78.61999999999898,close
2020-07-01,2020,大漲>=2%,active,11708.8,-1.0,5.3799999999992,close,5.3799999999992,close,5.3799999999992,close,5.3799999999992,close
2020-07-02,2020,跌-2~-1%,active,11703.42,-1.0,-101.71999999999935,close,-87.77565,stop,-88.57999999999993,stop,-89.57999999999993,stop
2020-07-03,2020,漲1~2%,active,11805.14,1.0,104.02000000000044,close,104.02000000000044,close,104.02000000000044,close,104.02000000000044,close
2020-07-06,2020,漲1~2%,active,11909.16,1.0,207.54000000000087,close,207.54000000000087,close,207.54000000000087,close,207.54000000000087,close
2020-07-07,2020,大漲>=2%,active,12031.81,-1.0,-61.159999999999854,close,-90.238575,stop,-91.19000000000051,stop,-92.19000000000051,stop
2020-07-08,2020,跌-2~-1%,active,12092.97,-1.0,-77.22000000000116,close,-90.69727499999999,stop,-91.03000000000065,stop,-92.03000000000065,stop
2020-07-09,2020,漲1~2%,active,12170.19,1.0,22.5,close,22.5,close,22.5,close,22.5,close
2020-07-10,2020,漲1~2%,active,12192.69,1.0,-119.01000000000022,close,-91.445175,stop,-91.69000000000051,stop,-92.69000000000051,stop
2020-07-13,2020,小跌-1~0,flat,,,,,,,,,,
2020-07-14,2020,跌-2~-1%,active,12211.56,-1.0,2.5499999999992724,close,2.5499999999992724,close,2.5499999999992724,close,2.5499999999992724,close
2020-07-15,2020,漲1~2%,active,12209.01,1.0,-6.1599999999998545,close,-6.1599999999998545,close,-6.1599999999998545,close,-6.1599999999998545,close
2020-07-16,2020,小跌-1~0,flat,,,,,,,,,,
2020-07-17,2020,小跌-1~0,flat,,,,,,,,,,
2020-07-20,2020,小漲0~1%,active,12181.56,1.0,-7.019999999998618,close,-91.3617,stop,-91.55999999999949,stop,-92.55999999999949,stop
2020-07-21,2020,大漲>=2%,active,12355.95,-1.0,-41.599999999998545,close,-92.669625,stop,-94.20999999999913,stop_gap,-95.20999999999913,stop_gap
2020-07-22,2020,小跌-1~0,flat,,,,,,,,,,
2020-07-23,2020,小漲0~1%,active,12473.27,1.0,-60.22999999999956,close,-93.549525,stop,-94.27000000000044,stop,-95.27000000000044,stop
2020-07-24,2020,跌-2~-1%,active,12413.04,-1.0,109.0,close,109.0,close,109.0,close,109.0,close
2020-07-27,2020,跌-2~-1%,active,12304.04,-1.0,-284.2599999999984,close,-92.2803,stop,-92.95999999999913,stop,-93.95999999999913,stop
2020-07-28,2020,大漲>=2%,active,12824.32,-1.0,237.59000000000015,close,237.59000000000015,close,237.59000000000015,close,237.59000000000015,close
2020-07-29,2020,大跌<-2%,flat,,,,,,,,,,
2020-07-30,2020,大漲>=2%,active,12655.85,-1.0,-67.06999999999971,close,-67.06999999999971,close,-67.06999999999971,close,-67.06999999999971,close
2020-07-31,2020,漲1~2%,active,12722.92,1.0,-58.1200000000008,close,-58.1200000000008,close,-58.1200000000008,close,-58.1200000000008,close
2020-08-03,2020,小跌-1~0,flat,,,,,,,,,,
2020-08-04,2020,漲1~2%,active,12513.03,1.0,196.88999999999942,close,196.88999999999942,close,196.88999999999942,close,196.88999999999942,close
2020-08-05,2020,漲1~2%,active,12709.92,1.0,92.3799999999992,close,92.3799999999992,close,92.3799999999992,close,92.3799999999992,close
2020-08-06,2020,小跌-1~0,flat,,,,,,,,,,
2020-08-07,2020,小跌-1~0,flat,,,,,,,,,,
2020-08-10,2020,跌-2~-1%,active,12828.87,-1.0,-65.1299999999992,close,-96.216525,stop,-97.1299999999992,stop,-98.1299999999992,stop
2020-08-11,2020,小漲0~1%,active,12894.0,1.0,-113.80999999999949,close,-96.705,stop,-97.0,stop,-98.0,stop
2020-08-12,2020,跌-2~-1%,active,12780.19,-1.0,109.84000000000015,close,109.84000000000015,close,109.84000000000015,close,109.84000000000015,close
2020-08-13,2020,大漲>=2%,active,12759.22,-1.0,-3.9099999999998545,close,-3.9099999999998545,close,-3.9099999999998545,close,-3.9099999999998545,close
2020-08-14,2020,跌-2~-1%,active,12763.13,-1.0,-32.32999999999993,close,-32.32999999999993,close,-32.32999999999993,close,-32.32999999999993,close
2020-08-17,2020,小跌-1~0,flat,,,,,,,,,,
2020-08-18,2020,漲1~2%,active,12956.11,1.0,-83.97000000000116,close,-97.17082500000001,stop,-98.11000000000058,stop,-99.11000000000058,stop
2020-08-19,2020,小跌-1~0,flat,,,,,,,,,,
2020-08-20,2020,小跌-1~0,flat,,,,,,,,,,
2020-08-21,2020,小跌-1~0,flat,,,,,,,,,,
2020-08-24,2020,小漲0~1%,active,12607.84,1.0,39.289999999999054,close,39.289999999999054,close,39.289999999999054,close,39.289999999999054,close
2020-08-25,2020,小漲0~1%,active,12647.13,1.0,111.1200000000008,close,111.1200000000008,close,111.1200000000008,close,111.1200000000008,close
2020-08-26,2020,漲1~2%,active,12758.25,1.0,75.04000000000087,close,75.04000000000087,close,75.04000000000087,close,75.04000000000087,close
2020-08-27,2020,小漲0~1%,active,12833.29,1.0,-35.98000000000138,close,-35.98000000000138,close,-35.98000000000138,close,-35.98000000000138,close
2020-08-28,2020,跌-2~-1%,active,12797.31,-1.0,68.45999999999913,close,68.45999999999913,close,68.45999999999913,close,68.45999999999913,close
2020-08-31,2020,漲1~2%,active,12728.85,1.0,-137.39999999999964,close,-95.466375,stop,-95.85000000000036,stop,-96.85000000000036,stop
2020-09-01,2020,小跌-1~0,flat,,,,,,,,,,
2020-09-02,2020,漲1~2%,active,12703.28,1.0,-3.780000000000655,close,-3.780000000000655,close,-3.780000000000655,close,-3.780000000000655,close
2020-09-03,2020,大漲>=2%,active,12830.36,-1.0,72.39000000000124,close,72.39000000000124,close,72.39000000000124,close,72.39000000000124,close
2020-09-04,2020,大跌<-2%,flat,,,,,,,,,,
2020-09-07,2020,小跌-1~0,flat,,,,,,,,,,
2020-09-08,2020,小跌-1~0,flat,,,,,,,,,,
2020-09-09,2020,大跌<-2%,flat,,,,,,,,,,
2020-09-10,2020,大漲>=2%,active,12690.74,-1.0,-1.0100000000002183,close,-1.0100000000002183,close,-1.0100000000002183,close,-1.0100000000002183,close
2020-09-11,2020,跌-2~-1%,active,12691.75,-1.0,15.799999999999272,close,15.799999999999272,close,15.799999999999272,close,15.799999999999272,close
2020-09-14,2020,小跌-1~0,flat,,,,,,,,,,
2020-09-15,2020,大漲>=2%,active,12827.24,-1.0,-18.409999999999854,close,-18.409999999999854,close,-18.409999999999854,close,-18.409999999999854,close
2020-09-16,2020,漲1~2%,active,12845.65,1.0,131.11000000000058,close,131.11000000000058,close,131.11000000000058,close,131.11000000000058,close
2020-09-17,2020,跌-2~-1%,active,12976.76,-1.0,104.02000000000044,close,104.02000000000044,close,104.02000000000044,close,104.02000000000044,close
2020-09-18,2020,小跌-1~0,flat,,,,,,,,,,
2020-09-21,2020,跌-2~-1%,active,12875.62,-1.0,80.5,close,80.5,close,80.5,close,80.5,close
2020-09-22,2020,小跌-1~0,flat,,,,,,,,,,
2020-09-23,2020,漲1~2%,active,12645.51,1.0,-61.63000000000102,close,-94.841325,stop,-95.51000000000022,stop,-96.51000000000022,stop
2020-09-24,2020,大跌<-2%,flat,,,,,,,,,,
2020-09-25,2020,小漲0~1%,active,12264.38,1.0,-31.469999999999345,close,-91.98284999999998,stop,-92.3799999999992,stop,-93.3799999999992,stop
2020-09-28,2020,漲1~2%,active,12232.91,1.0,229.85000000000036,close,229.85000000000036,close,229.85000000000036,close,229.85000000000036,close
2020-09-29,2020,大漲>=2%,active,12497.01,-1.0,29.280000000000655,close,29.280000000000655,close,29.280000000000655,close,29.280000000000655,close
2020-09-30,2020,小漲0~1%,active,12467.73,1.0,47.88000000000102,close,47.88000000000102,close,47.88000000000102,close,47.88000000000102,close
2020-10-05,2020,大跌<-2%,flat,,,,,,,,,,
2020-10-06,2020,大漲>=2%,active,12696.02,-1.0,-8.209999999999127,close,-8.209999999999127,close,-8.209999999999127,close,-8.209999999999127,close
2020-10-07,2020,小跌-1~0,flat,,,,,,,,,,
2020-10-08,2020,大漲>=2%,active,12844.93,-1.0,-42.26000000000022,close,-42.26000000000022,close,-42.26000000000022,close,-42.26000000000022,close
2020-10-12,2020,漲1~2%,active,12887.19,1.0,68.71999999999935,close,68.71999999999935,close,68.71999999999935,close,68.71999999999935,close
2020-10-13,2020,漲1~2%,active,12955.91,1.0,-8.780000000000655,close,-97.169325,stop,-97.90999999999985,stop,-98.90999999999985,stop
2020-10-14,2020,小跌-1~0,flat,,,,,,,,,,
2020-10-15,2020,小跌-1~0,flat,,,,,,,,,,
2020-10-16,2020,小跌-1~0,flat,,,,,,,,,,
2020-10-19,2020,小跌-1~0,flat,,,,,,,,,,
2020-10-20,2020,小跌-1~0,flat,,,,,,,,,,
2020-10-21,2020,小跌-1~0,flat,,,,,,,,,,
2020-10-22,2020,小跌-1~0,flat,,,,,,,,,,
2020-10-23,2020,小漲0~1%,active,12917.03,1.0,-18.210000000000946,close,-18.210000000000946,close,-18.210000000000946,close,-18.210000000000946,close
2020-10-26,2020,小跌-1~0,flat,,,,,,,,,,
2020-10-27,2020,大跌<-2%,flat,,,,,,,,,,
2020-10-28,2020,小跌-1~0,flat,,,,,,,,,,
2020-10-29,2020,大跌<-2%,flat,,,,,,,,,,
2020-10-30,2020,大漲>=2%,active,12624.35,-1.0,78.01000000000022,close,78.01000000000022,close,78.01000000000022,close,78.01000000000022,close
2020-11-02,2020,跌-2~-1%,active,12546.34,-1.0,-44.969999999999345,close,-44.969999999999345,close,-44.969999999999345,close,-44.969999999999345,close
2020-11-03,2020,小漲0~1%,active,12591.31,1.0,144.70000000000073,close,144.70000000000073,close,144.70000000000073,close,144.70000000000073,close
2020-11-04,2020,漲1~2%,active,12736.01,1.0,131.88999999999942,close,131.88999999999942,close,131.88999999999942,close,131.88999999999942,close
2020-11-05,2020,大漲>=2%,active,12905.46,-1.0,-13.340000000000146,close,-13.340000000000146,close,-13.340000000000146,close,-13.340000000000146,close
2020-11-06,2020,大漲>=2%,active,12988.87,-1.0,15.340000000000146,close,15.340000000000146,close,15.340000000000146,close,15.340000000000146,close
2020-11-09,2020,漲1~2%,active,12973.53,1.0,153.9399999999987,close,153.9399999999987,close,153.9399999999987,close,153.9399999999987,close
2020-11-10,2020,跌-2~-1%,active,13127.47,-1.0,45.75,close,45.75,close,45.75,close,45.75,close
2020-11-11,2020,大跌<-2%,flat,,,,,,,,,,
2020-11-12,2020,大漲>=2%,active,13257.0,-1.0,35.219999999999345,close,35.219999999999345,close,35.219999999999345,close,35.219999999999345,close
2020-11-13,2020,跌-2~-1%,active,13221.78,-1.0,-51.54999999999927,close,-51.54999999999927,close,-51.54999999999927,close,-51.54999999999927,close
2020-11-16,2020,漲1~2%,active,13273.33,1.0,278.5,close,278.5,close,278.5,close,278.5,close
2020-11-17,2020,大漲>=2%,active,13626.26,-1.0,33.25,close,33.25,close,33.25,close,33.25,close
2020-11-18,2020,小跌-1~0,flat,,,,,,,,,,
2020-11-19,2020,小跌-1~0,flat,,,,,,,,,,
2020-11-20,2020,漲1~2%,active,13722.43,1.0,-5.989999999999782,close,-5.989999999999782,close,-5.989999999999782,close,-5.989999999999782,close
2020-11-23,2020,小跌-1~0,flat,,,,,,,,,,
2020-11-24,2020,漲1~2%,active,13878.01,1.0,-70.88000000000102,close,-70.88000000000102,close,-70.88000000000102,close,-70.88000000000102,close
2020-11-25,2020,小漲0~1%,active,13807.13,1.0,-68.29999999999927,close,-68.29999999999927,close,-68.29999999999927,close,-68.29999999999927,close
2020-11-26,2020,小跌-1~0,flat,,,,,,,,,,
2020-11-27,2020,小跌-1~0,flat,,,,,,,,,,
2020-11-30,2020,漲1~2%,active,13867.09,1.0,-144.20000000000073,close,-104.003175,stop,-144.20000000000073,stop_gap,-145.20000000000073,stop_gap
2020-12-01,2020,漲1~2%,active,13722.89,1.0,162.78000000000065,close,162.78000000000065,close,162.78000000000065,close,162.78000000000065,close
2020-12-02,2020,漲1~2%,active,13885.67,1.0,103.46999999999935,close,103.46999999999935,close,103.46999999999935,close,103.46999999999935,close
2020-12-03,2020,小漲0~1%,active,13989.14,1.0,-12.049999999999272,close,-12.049999999999272,close,-12.049999999999272,close,-12.049999999999272,close
2020-12-04,2020,小跌-1~0,flat,,,,,,,,,,
2020-12-07,2020,大漲>=2%,active,14165.48,-1.0,-91.1200000000008,close,-91.1200000000008,close,-91.1200000000008,close,-91.1200000000008,close
2020-12-08,2020,小漲0~1%,active,14256.6,1.0,103.79999999999927,close,103.79999999999927,close,103.79999999999927,close,103.79999999999927,close
2020-12-09,2020,小漲0~1%,active,14360.4,1.0,29.73999999999978,close,29.73999999999978,close,29.73999999999978,close,29.73999999999978,close
2020-12-10,2020,大跌<-2%,flat,,,,,,,,,,
2020-12-11,2020,小跌-1~0,flat,,,,,,,,,,
2020-12-14,2020,跌-2~-1%,active,14261.69,-1.0,50.64000000000124,close,50.64000000000124,close,50.64000000000124,close,50.64000000000124,close
2020-12-15,2020,漲1~2%,active,14211.05,1.0,-142.52999999999884,close,-106.58287499999999,stop,-107.04999999999927,stop,-108.04999999999927,stop
2020-12-16,2020,漲1~2%,active,14068.52,1.0,235.9399999999987,close,235.9399999999987,close,235.9399999999987,close,235.9399999999987,close
2020-12-17,2020,小跌-1~0,flat,,,,,,,,,,
2020-12-18,2020,小漲0~1%,active,14258.93,1.0,-8.970000000001164,close,-8.970000000001164,close,-8.970000000001164,close,-8.970000000001164,close
2020-12-21,2020,小跌-1~0,flat,,,,,,,,,,
2020-12-22,2020,小跌-1~0,flat,,,,,,,,,,
2020-12-23,2020,小跌-1~0,flat,,,,,,,,,,
2020-12-24,2020,小跌-1~0,flat,,,,,,,,,,
2020-12-25,2020,小漲0~1%,active,14280.28,1.0,51.13999999999942,close,51.13999999999942,close,51.13999999999942,close,51.13999999999942,close
2020-12-28,2020,小漲0~1%,active,14331.42,1.0,151.64999999999964,close,151.64999999999964,close,151.64999999999964,close,151.64999999999964,close
2020-12-29,2020,小跌-1~0,flat,,,,,,,,,,
2020-12-30,2020,小跌-1~0,flat,,,,,,,,,,
2020-12-31,2020,漲1~2%,active,14687.7,1.0,44.82999999999993,close,44.82999999999993,close,44.82999999999993,close,44.82999999999993,close
2021-01-04,2021,小漲0~1%,active,14732.53,1.0,169.5,close,169.5,close,169.5,close,169.5,close
2021-01-05,2021,小跌-1~0,flat,,,,,,,,,,
2021-01-06,2021,漲1~2%,active,15000.03,1.0,-16.900000000001455,close,-112.500225,stop,-113.03000000000065,stop,-114.03000000000065,stop
2021-01-07,2021,小跌-1~0,flat,,,,,,,,,,
2021-01-08,2021,大漲>=2%,active,15309.28,-1.0,-154.67000000000007,close,-114.8196,stop,-115.71999999999935,stop,-116.71999999999935,stop
2021-01-11,2021,小跌-1~0,flat,,,,,,,,,,
2021-01-12,2021,漲1~2%,active,15557.3,1.0,-56.599999999998545,close,-116.67974999999998,stop,-117.29999999999927,stop,-118.29999999999927,stop
2021-01-13,2021,小漲0~1%,active,15500.7,1.0,269.27999999999884,close,269.27999999999884,close,269.27999999999884,close,269.27999999999884,close
2021-01-14,2021,小漲0~1%,active,15769.98,1.0,-62.789999999999054,close,-118.27484999999999,stop,-118.97999999999956,stop,-119.97999999999956,stop
2021-01-15,2021,大漲>=2%,active,15791.22,-1.0,174.82999999999993,close,174.82999999999993,close,174.82999999999993,close,174.82999999999993,close
2021-01-18,2021,大跌<-2%,flat,,,,,,,,,,
2021-01-19,2021,大跌<-2%,flat,,,,,,,,,,
2021-01-20,2021,大漲>=2%,active,15904.15,-1.0,97.96999999999935,close,97.96999999999935,close,97.96999999999935,close,97.96999999999935,close
2021-01-21,2021,小跌-1~0,flat,,,,,,,,,,
2021-01-22,2021,漲1~2%,active,16153.77,1.0,-134.73999999999978,close,-121.153275,stop,-121.77000000000044,stop,-122.77000000000044,stop
2021-01-25,2021,跌-2~-1%,active,16019.03,-1.0,72.48999999999978,close,72.48999999999978,close,72.48999999999978,close,72.48999999999978,close
2021-01-26,2021,小漲0~1%,active,15946.54,1.0,-287.6900000000005,close,-119.59905,stop,-120.54000000000087,stop,-121.54000000000087,stop
2021-01-27,2021,跌-2~-1%,active,15658.85,-1.0,-42.600000000000364,close,-117.441375,stop,-118.14999999999964,stop,-119.14999999999964,stop
2021-01-28,2021,大跌<-2%,flat,,,,,,,,,,
2021-01-29,2021,大漲>=2%,active,15489.56,-1.0,351.25,close,351.25,close,351.25,close,351.25,close
2021-02-01,2021,跌-2~-1%,active,15138.31,-1.0,-271.78000000000065,close,-113.537325,stop,-113.69000000000051,stop,-114.69000000000051,stop
2021-02-02,2021,大漲>=2%,active,15761.1,-1.0,1.0500000000010914,close,1.0500000000010914,close,1.0500000000010914,close,1.0500000000010914,close
2021-02-03,2021,漲1~2%,active,15760.05,1.0,11.270000000000437,close,11.270000000000437,close,11.270000000000437,close,11.270000000000437,close
2021-02-04,2021,大跌<-2%,flat,,,,,,,,,,
2021-02-05,2021,小漲0~1%,active,15706.22,1.0,96.18000000000029,close,96.18000000000029,close,96.18000000000029,close,96.18000000000029,close
2021-02-17,2021,小漲0~1%,active,15802.4,1.0,559.8900000000012,close,559.8900000000012,close,559.8900000000012,close,559.8900000000012,close
2021-02-18,2021,跌-2~-1%,active,16362.29,-1.0,-62.219999999997526,close,-122.717175,stop,-123.70999999999913,stop,-124.70999999999913,stop
2021-02-19,2021,小跌-1~0,flat,,,,,,,,,,
2021-02-22,2021,大漲>=2%,active,16468.18,-1.0,58.02000000000044,close,58.02000000000044,close,58.02000000000044,close,58.02000000000044,close
2021-02-23,2021,大跌<-2%,flat,,,,,,,,,,
2021-02-24,2021,小跌-1~0,flat,,,,,,,,,,
2021-02-25,2021,大漲>=2%,active,16352.18,-1.0,-100.0,close,-100.0,close,-100.0,close,-100.0,close
2021-02-26,2021,大跌<-2%,flat,,,,,,,,,,
2021-03-02,2021,大漲>=2%,active,16183.21,-1.0,236.32999999999993,close,236.32999999999993,close,236.32999999999993,close,236.32999999999993,close
2021-03-03,2021,大跌<-2%,flat,,,,,,,,,,
2021-03-04,2021,大跌<-2%,flat,,,,,,,,,,
2021-03-05,2021,大跌<-2%,flat,,,,,,,,,,
2021-03-08,2021,大漲>=2%,active,16008.05,-1.0,187.9399999999987,close,187.9399999999987,close,187.9399999999987,close,187.9399999999987,close
2021-03-09,2021,大跌<-2%,flat,,,,,,,,,,
2021-03-10,2021,大漲>=2%,active,15922.62,-1.0,10.950000000000728,close,10.950000000000728,close,10.950000000000728,close,10.950000000000728,close
2021-03-11,2021,跌-2~-1%,active,15911.67,-1.0,-267.8899999999994,close,-119.337525,stop,-120.32999999999993,stop,-121.32999999999993,stop
2021-03-12,2021,大漲>=2%,active,16214.63,-1.0,-40.55000000000109,close,-40.55000000000109,close,-40.55000000000109,close,-40.55000000000109,close
2021-03-15,2021,跌-2~-1%,active,16255.18,-1.0,5.850000000000364,close,5.850000000000364,close,5.850000000000364,close,5.850000000000364,close
2021-03-16,2021,大漲>=2%,active,16274.57,-1.0,-38.590000000000146,close,-38.590000000000146,close,-38.590000000000146,close,-38.590000000000146,close
2021-03-17,2021,漲1~2%,active,16313.16,1.0,-97.34000000000015,close,-122.3487,stop,-123.15999999999985,stop,-124.15999999999985,stop
2021-03-18,2021,漲1~2%,active,16215.82,1.0,72.02000000000044,close,72.02000000000044,close,72.02000000000044,close,72.02000000000044,close
2021-03-19,2021,大跌<-2%,flat,,,,,,,,,,
2021-03-22,2021,漲1~2%,active,16070.24,1.0,118.97999999999956,close,118.97999999999956,close,118.97999999999956,close,118.97999999999956,close
2021-03-23,2021,大漲>=2%,active,16282.52,-1.0,104.93000000000029,close,104.93000000000029,close,104.93000000000029,close,104.93000000000029,close
2021-03-24,2021,大跌<-2%,flat,,,,,,,,,,
2021-03-25,2021,跌-2~-1%,active,16032.12,-1.0,-28.019999999998618,close,-28.019999999998618,close,-28.019999999998618,close,-28.019999999998618,close
2021-03-26,2021,小漲0~1%,active,16060.14,1.0,245.73999999999978,close,245.73999999999978,close,245.73999999999978,close,245.73999999999978,close
2021-03-29,2021,大漲>=2%,active,16465.31,-1.0,-10.659999999999854,close,-10.659999999999854,close,-10.659999999999854,close,-10.659999999999854,close
2021-03-30,2021,跌-2~-1%,active,16475.97,-1.0,-78.93000000000029,close,-78.93000000000029,close,-78.93000000000029,close,-78.93000000000029,close
2021-03-31,2021,小跌-1~0,flat,,,,,,,,,,
2021-04-01,2021,大漲>=2%,active,16532.97,-1.0,-38.30999999999767,close,-38.30999999999767,close,-38.30999999999767,close,-38.30999999999767,close
2021-04-06,2021,大漲>=2%,active,16759.52,-1.0,19.650000000001455,close,19.650000000001455,close,19.650000000001455,close,19.650000000001455,close
2021-04-07,2021,跌-2~-1%,active,16739.87,-1.0,-75.4900000000016,close,-75.4900000000016,close,-75.4900000000016,close,-75.4900000000016,close
2021-04-08,2021,小漲0~1%,active,16815.36,1.0,111.07999999999811,close,111.07999999999811,close,111.07999999999811,close,111.07999999999811,close
2021-04-09,2021,漲1~2%,active,16926.44,1.0,-72.34000000000015,close,-72.34000000000015,close,-72.34000000000015,close,-72.34000000000015,close
2021-04-12,2021,小跌-1~0,flat,,,,,,,,,,
2021-04-13,2021,跌-2~-1%,active,16859.7,-1.0,34.79000000000087,close,-126.44775,stop,-127.29999999999927,stop,-128.29999999999927,stop
2021-04-14,2021,小跌-1~0,flat,,,,,,,,,,
2021-04-15,2021,跌-2~-1%,active,16865.97,-1.0,-210.7599999999984,close,-126.494775,stop,-127.02999999999884,stop,-128.02999999999884,stop
2021-04-16,2021,漲1~2%,active,17076.73,1.0,82.08000000000175,close,82.08000000000175,close,82.08000000000175,close,82.08000000000175,close
2021-04-19,2021,小跌-1~0,flat,,,,,,,,,,
2021-04-20,2021,大跌<-2%,flat,,,,,,,,,,
2021-04-21,2021,跌-2~-1%,active,17323.87,-1.0,121.7599999999984,close,121.7599999999984,close,121.7599999999984,close,121.7599999999984,close
2021-04-22,2021,大漲>=2%,active,17301.0,-1.0,204.02999999999884,close,204.02999999999884,close,204.02999999999884,close,204.02999999999884,close
2021-04-23,2021,大跌<-2%,flat,,,,,,,,,,
2021-04-26,2021,大漲>=2%,active,17453.38,-1.0,-118.90999999999985,close,-118.90999999999985,close,-118.90999999999985,close,-118.90999999999985,close
2021-04-27,2021,漲1~2%,active,17572.29,1.0,23.610000000000582,close,23.610000000000582,close,23.610000000000582,close,23.610000000000582,close
2021-04-28,2021,小跌-1~0,flat,,,,,,,,,,
2021-04-29,2021,跌-2~-1%,active,17567.53,-1.0,0.8699999999989814,close,-131.756475,stop,-132.47000000000116,stop,-133.47000000000116,stop
2021-05-03,2021,大跌<-2%,flat,,,,,,,,,,
2021-05-04,2021,跌-2~-1%,active,17222.35,-1.0,288.5699999999997,close,288.5699999999997,close,288.5699999999997,close,288.5699999999997,close
2021-05-05,2021,跌-2~-1%,active,16933.78,-1.0,90.34000000000015,close,90.34000000000015,close,90.34000000000015,close,90.34000000000015,close
2021-05-06,2021,小漲0~1%,active,16843.44,1.0,150.9200000000019,close,150.9200000000019,close,150.9200000000019,close,150.9200000000019,close
2021-05-07,2021,小漲0~1%,active,16994.36,1.0,290.6399999999994,close,290.6399999999994,close,290.6399999999994,close,290.6399999999994,close
2021-05-10,2021,漲1~2%,active,17285.0,1.0,-49.38999999999942,close,-49.38999999999942,close,-49.38999999999942,close,-49.38999999999942,close
2021-05-11,2021,大跌<-2%,flat,,,,,,,,,,
2021-05-12,2021,小漲0~1%,active,16583.13,1.0,-680.7600000000002,close,-124.373475,stop,-125.13000000000102,stop,-126.13000000000102,stop
2021-05-13,2021,大跌<-2%,flat,,,,,,,,,,
2021-05-14,2021,漲1~2%,active,15670.1,1.0,156.98999999999978,close,156.98999999999978,close,156.98999999999978,close,156.98999999999978,close
2021-05-17,2021,大漲>=2%,active,15630.33,-1.0,276.4400000000005,close,276.4400000000005,close,276.4400000000005,close,276.4400000000005,close
2021-05-18,2021,小跌-1~0,flat,,,,,,,,,,
2021-05-19,2021,小跌-1~0,flat,,,,,,,,,,
2021-05-20,2021,漲1~2%,active,16132.66,1.0,-90.29999999999927,close,-120.99494999999999,stop,-121.65999999999985,stop,-122.65999999999985,stop
2021-05-21,2021,大漲>=2%,active,16195.3,-1.0,-106.76000000000022,close,-106.76000000000022,close,-106.76000000000022,close,-106.76000000000022,close
2021-05-24,2021,小跌-1~0,flat,,,,,,,,,,
2021-05-25,2021,大漲>=2%,active,16570.45,-1.0,-25.219999999997526,close,-25.219999999997526,close,-25.219999999997526,close,-25.219999999997526,close
2021-05-26,2021,小漲0~1%,active,16595.67,1.0,48.02000000000044,close,48.02000000000044,close,48.02000000000044,close,48.02000000000044,close
2021-05-27,2021,小漲0~1%,active,16643.69,1.0,-42.07999999999811,close,-124.82767499999999,stop,-125.68999999999869,stop,-126.68999999999869,stop
2021-05-28,2021,小漲0~1%,active,16601.61,1.0,269.25,close,269.25,close,269.25,close,269.25,close
2021-05-31,2021,小漲0~1%,active,16870.86,1.0,197.5699999999997,close,197.5699999999997,close,197.5699999999997,close,197.5699999999997,close
2021-06-01,2021,小漲0~1%,active,17068.43,1.0,93.95000000000073,close,93.95000000000073,close,93.95000000000073,close,93.95000000000073,close
2021-06-02,2021,小跌-1~0,flat,,,,,,,,,,
2021-06-03,2021,小漲0~1%,active,17165.04,1.0,81.11999999999898,close,81.11999999999898,close,81.11999999999898,close,81.11999999999898,close
2021-06-04,2021,跌-2~-1%,active,17246.16,-1.0,98.75,close,98.75,close,98.75,close,98.75,close
2021-06-07,2021,大漲>=2%,active,16868.0,-1.0,-215.90999999999985,close,-126.50999999999999,stop,-127.0,stop,-128.0,stop
2021-06-08,2021,小跌-1~0,flat,,,,,,,,,,
2021-06-09,2021,小跌-1~0,flat,,,,,,,,,,
2021-06-10,2021,小跌-1~0,flat,,,,,,,,,,
2021-06-11,2021,漲1~2%,active,17159.22,1.0,54.29999999999927,close,54.29999999999927,close,54.29999999999927,close,54.29999999999927,close
2021-06-15,2021,漲1~2%,active,17213.52,1.0,157.77000000000044,close,157.77000000000044,close,157.77000000000044,close,157.77000000000044,close
2021-06-16,2021,小跌-1~0,flat,,,,,,,,,,
2021-06-17,2021,小跌-1~0,flat,,,,,,,,,,
2021-06-18,2021,小漲0~1%,active,17390.61,1.0,-72.06999999999971,close,-72.06999999999971,close,-72.06999999999971,close,-72.06999999999971,close
2021-06-21,2021,大跌<-2%,flat,,,,,,,,,,
2021-06-22,2021,小漲0~1%,active,17062.98,1.0,12.569999999999709,close,12.569999999999709,close,12.569999999999709,close,12.569999999999709,close
2021-06-23,2021,小漲0~1%,active,17075.55,1.0,261.15999999999985,close,261.15999999999985,close,261.15999999999985,close,261.15999999999985,close
2021-06-24,2021,小漲0~1%,active,17336.71,1.0,71.25,close,71.25,close,71.25,close,71.25,close
2021-06-25,2021,漲1~2%,active,17407.96,1.0,95.03000000000247,close,95.03000000000247,close,95.03000000000247,close,95.03000000000247,close
2021-06-28,2021,小跌-1~0,flat,,,,,,,,,,
2021-06-29,2021,大漲>=2%,active,17596.72,-1.0,-1.4699999999975262,close,-1.4699999999975262,close,-1.4699999999975262,close,-1.4699999999975262,close
2021-06-30,2021,小漲0~1%,active,17598.19,1.0,157.27000000000044,close,157.27000000000044,close,157.27000000000044,close,157.27000000000044,close
2021-07-01,2021,小跌-1~0,flat,,,,,,,,,,
2021-07-02,2021,跌-2~-1%,active,17713.94,-1.0,3.789999999997235,close,3.789999999997235,close,3.789999999997235,close,3.789999999997235,close
2021-07-05,2021,小漲0~1%,active,17710.15,1.0,209.1800000000003,close,209.1800000000003,close,209.1800000000003,close,209.1800000000003,close
2021-07-06,2021,小漲0~1%,active,17919.33,1.0,-6.260000000002037,close,-6.260000000002037,close,-6.260000000002037,close,-6.260000000002037,close
2021-07-07,2021,小跌-1~0,flat,,,,,,,,,,
2021-07-08,2021,跌-2~-1%,active,17850.69,-1.0,-15.400000000001455,close,-15.400000000001455,close,-15.400000000001455,close,-15.400000000001455,close
2021-07-09,2021,跌-2~-1%,active,17866.09,-1.0,204.61000000000058,close,204.61000000000058,close,204.61000000000058,close,204.61000000000058,close
2021-07-12,2021,漲1~2%,active,17661.48,1.0,152.85000000000218,close,152.85000000000218,close,152.85000000000218,close,152.85000000000218,close
2021-07-13,2021,漲1~2%,active,17814.33,1.0,33.18999999999869,close,33.18999999999869,close,33.18999999999869,close,33.18999999999869,close
2021-07-14,2021,小跌-1~0,flat,,,,,,,,,,
2021-07-15,2021,小跌-1~0,flat,,,,,,,,,,
2021-07-16,2021,大跌<-2%,flat,,,,,,,,,,
2021-07-19,2021,大跌<-2%,flat,,,,,,,,,,
2021-07-20,2021,小漲0~1%,active,17789.25,1.0,-260.5099999999984,close,-133.419375,stop,-134.25,stop,-135.25,stop
2021-07-21,2021,漲1~2%,active,17528.74,1.0,-69.95000000000073,close,-131.46555,stop,-131.7400000000016,stop,-132.7400000000016,stop
2021-07-22,2021,大漲>=2%,active,17645.78,-1.0,73.44999999999709,close,73.44999999999709,close,73.44999999999709,close,73.44999999999709,close
2021-07-23,2021,小跌-1~0,flat,,,,,,,,,,
2021-07-26,2021,小漲0~1%,active,17572.92,1.0,-169.35999999999694,close,-131.7969,stop,-131.91999999999825,stop,-132.91999999999825,stop
2021-07-27,2021,小跌-1~0,flat,,,,,,,,,,
2021-07-28,2021,跌-2~-1%,active,17269.87,-1.0,134.64999999999782,close,134.64999999999782,close,134.64999999999782,close,134.64999999999782,close
2021-07-29,2021,漲1~2%,active,17135.22,1.0,267.59000000000015,close,267.59000000000015,close,267.59000000000015,close,267.59000000000015,close
2021-07-30,2021,漲1~2%,active,17402.81,1.0,-155.40000000000146,close,-130.521075,stop,-130.8100000000013,stop,-131.8100000000013,stop
2021-08-02,2021,小漲0~1%,active,17247.41,1.0,255.86999999999898,close,255.86999999999898,close,255.86999999999898,close,255.86999999999898,close
2021-08-03,2021,小漲0~1%,active,17503.28,1.0,50.47999999999956,close,50.47999999999956,close,50.47999999999956,close,50.47999999999956,close
2021-08-04,2021,小漲0~1%,active,17553.76,1.0,70.13000000000102,close,70.13000000000102,close,70.13000000000102,close,70.13000000000102,close
2021-08-05,2021,漲1~2%,active,17623.89,1.0,-20.770000000000437,close,-20.770000000000437,close,-20.770000000000437,close,-20.770000000000437,close
2021-08-06,2021,小跌-1~0,flat,,,,,,,,,,
2021-08-09,2021,小跌-1~0,flat,,,,,,,,,,
2021-08-10,2021,小跌-1~0,flat,,,,,,,,,,
2021-08-11,2021,跌-2~-1%,active,17323.64,-1.0,96.45999999999913,close,96.45999999999913,close,96.45999999999913,close,96.45999999999913,close
2021-08-12,2021,小跌-1~0,flat,,,,,,,,,,
2021-08-13,2021,跌-2~-1%,active,17219.94,-1.0,237.8299999999981,close,237.8299999999981,close,237.8299999999981,close,237.8299999999981,close
2021-08-16,2021,小漲0~1%,active,16982.11,1.0,-123.34000000000015,close,-127.365825,stop,-128.11000000000058,stop,-129.11000000000058,stop
2021-08-17,2021,小跌-1~0,flat,,,,,,,,,,
2021-08-18,2021,跌-2~-1%,active,16661.36,-1.0,-164.90999999999985,close,-124.9602,stop,-125.63999999999942,stop,-126.63999999999942,stop
2021-08-19,2021,跌-2~-1%,active,16826.27,-1.0,450.8700000000008,close,450.8700000000008,close,450.8700000000008,close,450.8700000000008,close
2021-08-20,2021,小漲0~1%,active,16375.4,1.0,-33.45999999999913,close,-122.81549999999999,stop,-123.39999999999964,stop,-124.39999999999964,stop
2021-08-23,2021,小漲0~1%,active,16341.94,1.0,399.89999999999964,close,399.89999999999964,close,399.89999999999964,close,399.89999999999964,close
2021-08-24,2021,大漲>=2%,active,16829.96,-1.0,11.229999999999563,close,11.229999999999563,close,11.229999999999563,close,11.229999999999563,close
2021-08-25,2021,小漲0~1%,active,16818.73,1.0,227.13000000000102,close,227.13000000000102,close,227.13000000000102,close,227.13000000000102,close
2021-08-26,2021,小漲0~1%,active,17045.86,1.0,21.099999999998545,close,21.099999999998545,close,21.099999999998545,close,21.099999999998545,close
2021-08-27,2021,小跌-1~0,flat,,,,,,,,,,
2021-08-30,2021,漲1~2%,active,17209.93,1.0,186.59000000000015,close,186.59000000000015,close,186.59000000000015,close,186.59000000000015,close
2021-08-31,2021,小漲0~1%,active,17396.52,1.0,93.77000000000044,close,-130.4739,stop,-130.52000000000044,stop,-131.52000000000044,stop
2021-09-01,2021,小跌-1~0,flat,,,,,,,,,,
2021-09-02,2021,小跌-1~0,flat,,,,,,,,,,
2021-09-03,2021,小漲0~1%,active,17319.76,1.0,197.15999999999985,close,197.15999999999985,close,197.15999999999985,close,197.15999999999985,close
2021-09-06,2021,小漲0~1%,active,17516.92,1.0,-21.61999999999898,close,-21.61999999999898,close,-21.61999999999898,close,-21.61999999999898,close
2021-09-07,2021,小漲0~1%,active,17495.3,1.0,-66.43000000000029,close,-66.43000000000029,close,-66.43000000000029,close,-66.43000000000029,close
2021-09-08,2021,小跌-1~0,flat,,,,,,,,,,
2021-09-09,2021,跌-2~-1%,active,17270.49,-1.0,-33.840000000000146,close,-33.840000000000146,close,-33.840000000000146,close,-33.840000000000146,close
2021-09-10,2021,小漲0~1%,active,17304.33,1.0,170.23999999999796,close,170.23999999999796,close,170.23999999999796,close,170.23999999999796,close
2021-09-13,2021,小漲0~1%,active,17474.57,1.0,-28.2599999999984,close,-28.2599999999984,close,-28.2599999999984,close,-28.2599999999984,close
2021-09-14,2021,小漲0~1%,active,17446.31,1.0,-11.409999999999854,close,-11.409999999999854,close,-11.409999999999854,close,-11.409999999999854,close
2021-09-15,2021,小跌-1~0,flat,,,,,,,,,,
2021-09-16,2021,小漲0~1%,active,17354.0,1.0,-75.29999999999927,close,-75.29999999999927,close,-75.29999999999927,close,-75.29999999999927,close
2021-09-17,2021,小漲0~1%,active,17278.7,1.0,-1.9099999999998545,close,-1.9099999999998545,close,-1.9099999999998545,close,-1.9099999999998545,close
2021-09-22,2021,小漲0~1%,active,17276.79,1.0,-350.97000000000116,close,-129.575925,stop,-129.79000000000087,stop,-130.79000000000087,stop
2021-09-23,2021,大漲>=2%,active,17105.56,-1.0,27.340000000000146,close,27.340000000000146,close,27.340000000000146,close,27.340000000000146,close
2021-09-24,2021,漲1~2%,active,17078.22,1.0,181.96999999999753,close,181.96999999999753,close,181.96999999999753,close,181.96999999999753,close
2021-09-27,2021,小跌-1~0,flat,,,,,,,,,,
2021-09-28,2021,小跌-1~0,flat,,,,,,,,,,
2021-09-29,2021,大跌<-2%,flat,,,,,,,,,,
2021-09-30,2021,跌-2~-1%,active,16855.46,-1.0,-79.31000000000131,close,-126.41595,stop,-133.29000000000087,stop_gap,-134.29000000000087,stop_gap
2021-10-01,2021,小跌-1~0,flat,,,,,,,,,,
2021-10-04,2021,小漲0~1%,active,16570.89,1.0,-162.54000000000087,close,-124.28167499999999,stop,-131.13000000000102,stop_gap,-132.13000000000102,stop_gap
2021-10-05,2021,大跌<-2%,flat,,,,,,,,,,
2021-10-06,2021,漲1~2%,active,16460.75,1.0,-67.59000000000015,close,-123.455625,stop,-123.75,stop,-124.75,stop
2021-10-07,2021,小漲0~1%,active,16393.16,1.0,320.7000000000007,close,320.7000000000007,close,320.7000000000007,close,320.7000000000007,close
2021-10-08,2021,漲1~2%,active,16713.86,1.0,-73.43000000000029,close,-73.43000000000029,close,-73.43000000000029,close,-73.43000000000029,close
2021-10-12,2021,小跌-1~0,flat,,,,,,,,,,
2021-10-13,2021,跌-2~-1%,active,16462.84,-1.0,114.85000000000036,close,114.85000000000036,close,114.85000000000036,close,114.85000000000036,close
2021-10-14,2021,小漲0~1%,active,16347.99,1.0,39.289999999999054,close,39.289999999999054,close,39.289999999999054,close,39.289999999999054,close
2021-10-15,2021,大漲>=2%,active,16691.45,-1.0,-89.73999999999796,close,-89.73999999999796,close,-89.73999999999796,close,-89.73999999999796,close
2021-10-18,2021,小漲0~1%,active,16781.19,1.0,-75.72999999999956,close,-75.72999999999956,close,-75.72999999999956,close,-75.72999999999956,close
2021-10-19,2021,小漲0~1%,active,16705.46,1.0,195.20999999999913,close,195.20999999999913,close,195.20999999999913,close,195.20999999999913,close
2021-10-20,2021,漲1~2%,active,16900.67,1.0,-12.849999999998545,close,-12.849999999998545,close,-12.849999999998545,close,-12.849999999998545,close
2021-10-21,2021,小跌-1~0,flat,,,,,,,,,,
2021-10-22,2021,漲1~2%,active,16889.51,1.0,-0.7699999999967986,close,-0.7699999999967986,close,-0.7699999999967986,close,-0.7699999999967986,close
2021-10-25,2021,跌-2~-1%,active,16888.74,-1.0,-5.5,close,-5.5,close,-5.5,close,-5.5,close
2021-10-26,2021,小漲0~1%,active,16894.24,1.0,140.09999999999854,close,140.09999999999854,close,140.09999999999854,close,140.09999999999854,close
2021-10-27,2021,小漲0~1%,active,17034.34,1.0,40.20999999999913,close,40.20999999999913,close,40.20999999999913,close,40.20999999999913,close
2021-10-28,2021,小跌-1~0,flat,,,,,,,,,,
2021-10-29,2021,大漲>=2%,active,16969.72,-1.0,-17.68999999999869,close,-17.68999999999869,close,-17.68999999999869,close,-17.68999999999869,close
2021-11-01,2021,小漲0~1%,active,16987.41,1.0,80.83000000000175,close,80.83000000000175,close,80.83000000000175,close,80.83000000000175,close
2021-11-02,2021,漲1~2%,active,17068.24,1.0,-2.2700000000004366,close,-2.2700000000004366,close,-2.2700000000004366,close,-2.2700000000004366,close
2021-11-03,2021,漲1~2%,active,17065.97,1.0,56.18999999999869,close,56.18999999999869,close,56.18999999999869,close,56.18999999999869,close
2021-11-04,2021,漲1~2%,active,17122.16,1.0,-43.29999999999927,close,-43.29999999999927,close,-43.29999999999927,close,-43.29999999999927,close
2021-11-05,2021,大漲>=2%,active,17156.65,-1.0,-140.25,close,-128.67487500000001,stop,-129.34999999999854,stop,-130.34999999999854,stop
2021-11-08,2021,漲1~2%,active,17296.9,1.0,118.39999999999782,close,118.39999999999782,close,118.39999999999782,close,118.39999999999782,close
2021-11-09,2021,漲1~2%,active,17415.3,1.0,126.06000000000131,close,126.06000000000131,close,126.06000000000131,close,126.06000000000131,close
2021-11-10,2021,小跌-1~0,flat,,,,,,,,,,
2021-11-11,2021,大跌<-2%,flat,,,,,,,,,,
2021-11-12,2021,漲1~2%,active,17452.52,1.0,65.61000000000058,close,65.61000000000058,close,65.61000000000058,close,65.61000000000058,close
2021-11-15,2021,小漲0~1%,active,17518.13,1.0,116.34000000000015,close,116.34000000000015,close,116.34000000000015,close,116.34000000000015,close
2021-11-16,2021,小跌-1~0,flat,,,,,,,,,,
2021-11-17,2021,漲1~2%,active,17693.13,1.0,70.90999999999985,close,70.90999999999985,close,70.90999999999985,close,70.90999999999985,close
2021-11-18,2021,小跌-1~0,flat,,,,,,,,,,
2021-11-19,2021,漲1~2%,active,17841.37,1.0,-23.05999999999767,close,-23.05999999999767,close,-23.05999999999767,close,-23.05999999999767,close
2021-11-22,2021,小漲0~1%,active,17818.31,1.0,-14.770000000000437,close,-14.770000000000437,close,-14.770000000000437,close,-14.770000000000437,close
2021-11-23,2021,跌-2~-1%,active,17803.54,-1.0,137.4200000000019,close,137.4200000000019,close,137.4200000000019,close,137.4200000000019,close
2021-11-24,2021,小跌-1~0,flat,,,,,,,,,,
2021-11-25,2021,小漲0~1%,active,17642.52,1.0,11.669999999998254,close,11.669999999998254,close,11.669999999998254,close,11.669999999998254,close
2021-11-26,2021,小漲0~1%,active,17654.19,1.0,-284.7999999999993,close,-132.40642499999998,stop,-133.1899999999987,stop,-134.1899999999987,stop
2021-11-29,2021,大跌<-2%,flat,,,,,,,,,,
2021-11-30,2021,大漲>=2%,active,17488.38,-1.0,60.62000000000262,close,60.62000000000262,close,60.62000000000262,close,60.62000000000262,close
2021-12-01,2021,跌-2~-1%,active,17427.76,-1.0,-158.2300000000032,close,-130.70819999999998,stop,-131.2400000000016,stop,-132.2400000000016,stop
2021-12-02,2021,小跌-1~0,flat,,,,,,,,,,
2021-12-03,2021,小漲0~1%,active,17724.88,1.0,-27.7400000000016,close,-27.7400000000016,close,-27.7400000000016,close,-27.7400000000016,close
2021-12-06,2021,小跌-1~0,flat,,,,,,,,,,
2021-12-07,2021,小跌-1~0,flat,,,,,,,,,,
2021-12-08,2021,大漲>=2%,active,17911.13,-1.0,78.71000000000276,close,78.71000000000276,close,78.71000000000276,close,78.71000000000276,close
2021-12-09,2021,小跌-1~0,flat,,,,,,,,,,
2021-12-10,2021,大跌<-2%,flat,,,,,,,,,,
2021-12-13,2021,小漲0~1%,active,17826.26,1.0,-58.659999999999854,close,-58.659999999999854,close,-58.659999999999854,close,-58.659999999999854,close
2021-12-14,2021,大跌<-2%,flat,,,,,,,,,,
2021-12-15,2021,小跌-1~0,flat,,,,,,,,,,
2021-12-16,2021,大漲>=2%,active,17740.74,-1.0,-45.0,close,-45.0,close,-45.0,close,-45.0,close
2021-12-17,2021,大跌<-2%,flat,,,,,,,,,,
2021-12-20,2021,小跌-1~0,flat,,,,,,,,,,
2021-12-21,2021,小跌-1~0,flat,,,,,,,,,,
2021-12-22,2021,大漲>=2%,active,17846.53,-1.0,19.69999999999709,close,19.69999999999709,close,19.69999999999709,close,19.69999999999709,close
2021-12-23,2021,小漲0~1%,active,17826.83,1.0,119.82999999999811,close,119.82999999999811,close,119.82999999999811,close,119.82999999999811,close
2021-12-24,2021,漲1~2%,active,17946.66,1.0,14.979999999999563,close,14.979999999999563,close,14.979999999999563,close,14.979999999999563,close
2021-12-27,2021,漲1~2%,active,17961.64,1.0,87.29999999999927,close,87.29999999999927,close,87.29999999999927,close,87.29999999999927,close
2021-12-28,2021,大漲>=2%,active,18153.64,-1.0,-43.17000000000189,close,-43.17000000000189,close,-43.17000000000189,close,-43.17000000000189,close
2021-12-29,2021,跌-2~-1%,active,18196.81,-1.0,-51.469999999997526,close,-51.469999999997526,close,-51.469999999997526,close,-51.469999999997526,close
2021-12-30,2021,小漲0~1%,active,18248.28,1.0,-29.43999999999869,close,-29.43999999999869,close,-29.43999999999869,close,-29.43999999999869,close
2022-01-03,2022,小跌-1~0,flat,,,,,,,,,,
2022-01-04,2022,大漲>=2%,active,18448.75,-1.0,-77.59999999999854,close,-77.59999999999854,close,-77.59999999999854,close,-77.59999999999854,close
2022-01-05,2022,小跌-1~0,flat,,,,,,,,,,
2022-01-06,2022,大跌<-2%,flat,,,,,,,,,,
2022-01-07,2022,小漲0~1%,active,18367.92,1.0,-198.15999999999985,close,-137.75939999999997,stop,-137.91999999999825,stop,-138.91999999999825,stop
2022-01-10,2022,大跌<-2%,flat,,,,,,,,,,
2022-01-11,2022,小漲0~1%,active,18239.38,1.0,48.82999999999811,close,48.82999999999811,close,48.82999999999811,close,48.82999999999811,close
2022-01-12,2022,漲1~2%,active,18288.21,1.0,87.19000000000233,close,87.19000000000233,close,87.19000000000233,close,87.19000000000233,close
2022-01-13,2022,小漲0~1%,active,18375.4,1.0,61.529999999998836,close,61.529999999998836,close,61.529999999998836,close,61.529999999998836,close
2022-01-14,2022,大跌<-2%,flat,,,,,,,,,,
2022-01-17,2022,大漲>=2%,active,18516.38,-1.0,-9.059999999997672,close,-9.059999999997672,close,-9.059999999997672,close,-9.059999999997672,close
2022-01-18,2022,大漲>=2%,active,18558.5,-1.0,179.86000000000058,close,179.86000000000058,close,179.86000000000058,close,179.86000000000058,close
2022-01-19,2022,大跌<-2%,flat,,,,,,,,,,
2022-01-20,2022,大跌<-2%,flat,,,,,,,,,,
2022-01-21,2022,大跌<-2%,flat,,,,,,,,,,
2022-01-24,2022,跌-2~-1%,active,17899.3,-1.0,-89.7400000000016,close,-89.7400000000016,close,-89.7400000000016,close,-89.7400000000016,close
2022-01-25,2022,漲1~2%,active,17989.04,1.0,-287.9200000000019,close,-134.9178,stop,-135.04000000000087,stop,-136.04000000000087,stop
2022-01-26,2022,大跌<-2%,flat,,,,,,,,,,
2022-02-07,2022,小漲0~1%,active,17674.4,1.0,225.89999999999782,close,225.89999999999782,close,225.89999999999782,close,225.89999999999782,close
2022-02-08,2022,小跌-1~0,flat,,,,,,,,,,
2022-02-09,2022,大漲>=2%,active,18069.8,-1.0,-81.95999999999913,close,-81.95999999999913,close,-81.95999999999913,close,-81.95999999999913,close
2022-02-10,2022,大漲>=2%,active,18178.3,-1.0,-159.75,close,-136.33724999999998,stop,-159.75,stop_gap,-160.75,stop_gap
2022-02-11,2022,大跌<-2%,flat,,,,,,,,,,
2022-02-14,2022,大跌<-2%,flat,,,,,,,,,,
2022-02-15,2022,小漲0~1%,active,17997.67,1.0,-45.859999999996944,close,-45.859999999996944,close,-45.859999999996944,close,-45.859999999996944,close
2022-02-16,2022,大漲>=2%,active,18164.96,-1.0,-66.51000000000204,close,-66.51000000000204,close,-66.51000000000204,close,-66.51000000000204,close
2022-02-17,2022,小漲0~1%,active,18231.47,1.0,37.099999999998545,close,37.099999999998545,close,37.099999999998545,close,37.099999999998545,close
2022-02-18,2022,大跌<-2%,flat,,,,,,,,,,
2022-02-21,2022,跌-2~-1%,active,18232.35,-1.0,10.859999999996944,close,10.859999999996944,close,10.859999999996944,close,10.859999999996944,close
2022-02-22,2022,跌-2~-1%,active,18221.49,-1.0,252.20000000000073,close,252.20000000000073,close,252.20000000000073,close,252.20000000000073,close
2022-02-23,2022,小跌-1~0,flat,,,,,,,,,,
2022-02-24,2022,大跌<-2%,flat,,,,,,,,,,
2022-02-25,2022,大漲>=2%,active,17601.27,-1.0,-50.909999999999854,close,-50.909999999999854,close,-50.909999999999854,close,-50.909999999999854,close
2022-03-01,2022,小跌-1~0,flat,,,,,,,,,,
2022-03-02,2022,大跌<-2%,flat,,,,,,,,,,
2022-03-03,2022,大漲>=2%,active,17924.41,-1.0,-9.9900000000016,close,-9.9900000000016,close,-9.9900000000016,close,-9.9900000000016,close
2022-03-04,2022,大跌<-2%,flat,,,,,,,,,,
2022-03-07,2022,大跌<-2%,flat,,,,,,,,,,
2022-03-08,2022,大跌<-2%,flat,,,,,,,,,,
2022-03-09,2022,漲1~2%,active,16825.25,1.0,190.11000000000058,close,190.11000000000058,close,190.11000000000058,close,190.11000000000058,close
2022-03-10,2022,大漲>=2%,active,17438.58,-1.0,5.380000000001019,close,5.380000000001019,close,5.380000000001019,close,5.380000000001019,close
2022-03-11,2022,大跌<-2%,flat,,,,,,,,,,
2022-03-14,2022,大跌<-2%,flat,,,,,,,,,,
2022-03-15,2022,大跌<-2%,flat,,,,,,,,,,
2022-03-16,2022,大漲>=2%,active,16964.98,-1.0,24.149999999997817,close,24.149999999997817,close,24.149999999997817,close,24.149999999997817,close
2022-03-17,2022,大漲>=2%,active,17332.11,-1.0,-116.11000000000058,close,-129.990825,stop,-130.88999999999942,stop,-131.88999999999942,stop
2022-03-18,2022,小漲0~1%,active,17448.22,1.0,8.299999999999272,close,8.299999999999272,close,8.299999999999272,close,8.299999999999272,close
2022-03-21,2022,大漲>=2%,active,17567.9,-1.0,7.540000000000873,close,7.540000000000873,close,7.540000000000873,close,7.540000000000873,close
2022-03-22,2022,小跌-1~0,flat,,,,,,,,,,
2022-03-23,2022,小漲0~1%,active,17559.71,1.0,171.65999999999985,close,171.65999999999985,close,171.65999999999985,close,171.65999999999985,close
2022-03-24,2022,大跌<-2%,flat,,,,,,,,,,
2022-03-25,2022,大漲>=2%,active,17710.21,-1.0,33.2599999999984,close,33.2599999999984,close,33.2599999999984,close,33.2599999999984,close
2022-03-28,2022,小跌-1~0,flat,,,,,,,,,,
2022-03-29,2022,小漲0~1%,active,17520.01,1.0,28.650000000001455,close,28.650000000001455,close,28.650000000001455,close,28.650000000001455,close
2022-03-30,2022,大漲>=2%,active,17718.99,-1.0,-21.56999999999971,close,-21.56999999999971,close,-21.56999999999971,close,-21.56999999999971,close
2022-03-31,2022,大跌<-2%,flat,,,,,,,,,,
2022-04-01,2022,大跌<-2%,flat,,,,,,,,,,
2022-04-06,2022,大跌<-2%,flat,,,,,,,,,,
2022-04-07,2022,大跌<-2%,flat,,,,,,,,,,
2022-04-08,2022,小漲0~1%,active,17178.63,1.0,105.90999999999985,close,105.90999999999985,close,105.90999999999985,close,105.90999999999985,close
2022-04-11,2022,大跌<-2%,flat,,,,,,,,,,
2022-04-12,2022,大跌<-2%,flat,,,,,,,,,,
2022-04-13,2022,小跌-1~0,flat,,,,,,,,,,
2022-04-14,2022,大漲>=2%,active,17293.48,-1.0,47.82999999999811,close,47.82999999999811,close,47.82999999999811,close,47.82999999999811,close
2022-04-15,2022,大跌<-2%,flat,,,,,,,,,,
2022-04-18,2022,大跌<-2%,flat,,,,,,,,,,
2022-04-19,2022,漲1~2%,active,16898.87,1.0,94.53000000000247,close,94.53000000000247,close,94.53000000000247,close,94.53000000000247,close
2022-04-20,2022,大漲>=2%,active,17024.13,-1.0,-124.75,close,-124.75,close,-124.75,close,-124.75,close
2022-04-21,2022,小跌-1~0,flat,,,,,,,,,,
2022-04-22,2022,大跌<-2%,flat,,,,,,,,,,
2022-04-25,2022,大跌<-2%,flat,,,,,,,,,,
2022-04-26,2022,漲1~2%,active,16620.9,1.0,23.889999999999418,close,23.889999999999418,close,23.889999999999418,close,23.889999999999418,close
2022-04-27,2022,大跌<-2%,flat,,,,,,,,,,
2022-04-28,2022,小跌-1~0,flat,,,,,,,,,,
2022-04-29,2022,大漲>=2%,active,16624.17,-1.0,31.989999999997963,close,31.989999999997963,close,31.989999999997963,close,31.989999999997963,close
2022-05-03,2022,大漲>=2%,active,16524.5,-1.0,25.599999999998545,close,25.599999999998545,close,25.599999999998545,close,25.599999999998545,close
2022-05-04,2022,小漲0~1%,active,16498.9,1.0,66.93000000000029,close,66.93000000000029,close,66.93000000000029,close,66.93000000000029,close
2022-05-05,2022,大漲>=2%,active,16727.6,-1.0,31.479999999999563,close,31.479999999999563,close,31.479999999999563,close,31.479999999999563,close
2022-05-06,2022,大跌<-2%,flat,,,,,,,,,,
2022-05-09,2022,小跌-1~0,flat,,,,,,,,,,
2022-05-10,2022,大跌<-2%,flat,,,,,,,,,,
2022-05-11,2022,大漲>=2%,active,15970.12,-1.0,-36.1299999999992,close,-36.1299999999992,close,-36.1299999999992,close,-36.1299999999992,close
2022-05-12,2022,大跌<-2%,flat,,,,,,,,,,
2022-05-13,2022,小漲0~1%,active,15616.68,1.0,215.86000000000058,close,215.86000000000058,close,215.86000000000058,close,215.86000000000058,close
2022-05-16,2022,大漲>=2%,active,15963.77,-1.0,62.72999999999956,close,62.72999999999956,close,62.72999999999956,close,62.72999999999956,close
2022-05-17,2022,跌-2~-1%,active,15901.04,-1.0,-155.04999999999927,close,-119.2578,stop,-119.95999999999913,stop,-120.95999999999913,stop
2022-05-18,2022,大漲>=2%,active,16197.87,-1.0,-98.98999999999978,close,-98.98999999999978,close,-98.98999999999978,close,-98.98999999999978,close
2022-05-19,2022,大跌<-2%,flat,,,,,,,,,,
2022-05-20,2022,小跌-1~0,flat,,,,,,,,,,
2022-05-23,2022,小跌-1~0,flat,,,,,,,,,,
2022-05-24,2022,小漲0~1%,active,16156.41,1.0,-192.78000000000065,close,-121.173075,stop,-121.64999999999964,stop_gap,-122.64999999999964,stop_gap
2022-05-25,2022,大跌<-2%,flat,,,,,,,,,,
2022-05-26,2022,漲1~2%,active,16104.03,1.0,-135.20000000000073,close,-120.780225,stop,-121.03000000000065,stop,-122.03000000000065,stop
2022-05-27,2022,大漲>=2%,active,16216.2,-1.0,-50.01999999999862,close,-50.01999999999862,close,-50.01999999999862,close,-50.01999999999862,close
2022-05-30,2022,大漲>=2%,active,16489.89,-1.0,-120.72999999999956,close,-120.72999999999956,close,-120.72999999999956,close,-120.72999999999956,close
2022-05-31,2022,大漲>=2%,active,16532.04,-1.0,-275.72999999999956,close,-123.9903,stop,-124.95999999999913,stop,-125.95999999999913,stop
2022-06-01,2022,小跌-1~0,flat,,,,,,,,,,
2022-06-02,2022,跌-2~-1%,active,16675.09,-1.0,122.52000000000044,close,122.52000000000044,close,122.52000000000044,close,122.52000000000044,close
2022-06-06,2022,大跌<-2%,flat,,,,,,,,,,
2022-06-07,2022,小漲0~1%,active,16605.96,1.0,-93.07999999999811,close,-124.54469999999999,stop,-124.95999999999913,stop,-125.95999999999913,stop
2022-06-08,2022,小漲0~1%,active,16512.88,1.0,157.62999999999738,close,157.62999999999738,close,157.62999999999738,close,157.62999999999738,close
2022-06-09,2022,大跌<-2%,flat,,,,,,,,,,
2022-06-10,2022,大跌<-2%,flat,,,,,,,,,,
2022-06-13,2022,大跌<-2%,flat,,,,,,,,,,
2022-06-14,2022,大跌<-2%,flat,,,,,,,,,,
2022-06-15,2022,小漲0~1%,active,16047.37,1.0,-48.1200000000008,close,-48.1200000000008,close,-48.1200000000008,close,-48.1200000000008,close
2022-06-16,2022,漲1~2%,active,15999.25,1.0,-160.63999999999942,close,-119.99437499999999,stop,-120.25,stop,-121.25,stop
2022-06-17,2022,大跌<-2%,flat,,,,,,,,,,
2022-06-20,2022,小漲0~1%,active,15641.26,1.0,-273.6800000000003,close,-117.30945,stop,-118.26000000000022,stop,-119.26000000000022,stop
2022-06-21,2022,小漲0~1%,active,15367.58,1.0,361.0599999999995,close,361.0599999999995,close,361.0599999999995,close,361.0599999999995,close
2022-06-22,2022,大漲>=2%,active,15558.78,-1.0,211.03000000000065,close,211.03000000000065,close,211.03000000000065,close,211.03000000000065,close
2022-06-23,2022,跌-2~-1%,active,15347.75,-1.0,171.3099999999995,close,171.3099999999995,close,171.3099999999995,close,171.3099999999995,close
2022-06-24,2022,小跌-1~0,flat,,,,,,,,,,
2022-06-27,2022,大漲>=2%,active,15599.57,-1.0,51.55999999999949,close,51.55999999999949,close,51.55999999999949,close,51.55999999999949,close
2022-06-28,2022,小跌-1~0,flat,,,,,,,,,,
2022-06-29,2022,大跌<-2%,flat,,,,,,,,,,
2022-06-30,2022,大跌<-2%,flat,,,,,,,,,,
2022-07-01,2022,跌-2~-1%,active,14825.73,-1.0,482.64999999999964,close,482.64999999999964,close,482.64999999999964,close,482.64999999999964,close
2022-07-04,2022,大跌<-2%,flat,,,,,,,,,,
2022-07-05,2022,大跌<-2%,flat,,,,,,,,,,
2022-07-06,2022,小漲0~1%,active,14349.2,1.0,-363.6900000000005,close,-107.619,stop,-108.20000000000073,stop,-109.20000000000073,stop
2022-07-07,2022,小漲0~1%,active,13985.51,1.0,350.7600000000002,close,350.7600000000002,close,350.7600000000002,close,350.7600000000002,close
2022-07-08,2022,大漲>=2%,active,14537.19,-1.0,72.65999999999985,close,72.65999999999985,close,72.65999999999985,close,72.65999999999985,close
2022-07-11,2022,小漲0~1%,active,14464.53,1.0,-124.0,close,-108.483975,stop,-108.53000000000065,stop,-109.53000000000065,stop
2022-07-12,2022,大跌<-2%,flat,,,,,,,,,,
2022-07-13,2022,小漲0~1%,active,13950.62,1.0,374.0599999999995,close,374.0599999999995,close,374.0599999999995,close,374.0599999999995,close
2022-07-14,2022,小漲0~1%,active,14324.68,1.0,113.84000000000015,close,-107.43509999999999,stop,-107.68000000000029,stop,-108.68000000000029,stop
2022-07-15,2022,漲1~2%,active,14438.52,1.0,112.10000000000036,close,112.10000000000036,close,112.10000000000036,close,112.10000000000036,close
2022-07-18,2022,大漲>=2%,active,14662.27,-1.0,-57.36999999999898,close,-57.36999999999898,close,-57.36999999999898,close,-57.36999999999898,close
2022-07-19,2022,小跌-1~0,flat,,,,,,,,,,
2022-07-20,2022,大漲>=2%,active,14873.39,-1.0,140.17000000000007,close,140.17000000000007,close,140.17000000000007,close,140.17000000000007,close
2022-07-21,2022,大漲>=2%,active,14758.29,-1.0,-179.40999999999985,close,-110.687175,stop,-110.70999999999913,stop,-111.70999999999913,stop
2022-07-22,2022,漲1~2%,active,14937.7,1.0,11.659999999999854,close,11.659999999999854,close,11.659999999999854,close,11.659999999999854,close
2022-07-25,2022,大跌<-2%,flat,,,,,,,,,,
2022-07-26,2022,小跌-1~0,flat,,,,,,,,,,
2022-07-27,2022,跌-2~-1%,active,14806.78,-1.0,-114.80999999999949,close,-111.05085,stop,-114.80999999999949,stop_gap,-115.80999999999949,stop_gap
2022-07-28,2022,大漲>=2%,active,14921.68,-1.0,29.780000000000655,close,29.780000000000655,close,29.780000000000655,close,29.780000000000655,close
2022-07-29,2022,漲1~2%,active,14891.9,1.0,108.17000000000007,close,108.17000000000007,close,108.17000000000007,close,108.17000000000007,close
2022-08-01,2022,小漲0~1%,active,15000.07,1.0,-18.3799999999992,close,-112.500525,stop,-113.06999999999971,stop,-114.06999999999971,stop
2022-08-02,2022,小漲0~1%,active,14981.69,1.0,-234.46000000000095,close,-112.362675,stop,-112.69000000000051,stop,-113.69000000000051,stop
2022-08-03,2022,小跌-1~0,flat,,,,,,,,,,
2022-08-04,2022,大漲>=2%,active,14702.78,-1.0,0.5799999999999272,close,0.5799999999999272,close,0.5799999999999272,close,0.5799999999999272,close
2022-08-05,2022,小漲0~1%,active,14702.2,1.0,333.84000000000015,close,333.84000000000015,close,333.84000000000015,close,333.84000000000015,close
2022-08-08,2022,小跌-1~0,flat,,,,,,,,,,
2022-08-09,2022,跌-2~-1%,active,15020.41,-1.0,-29.8700000000008,close,-29.8700000000008,close,-29.8700000000008,close,-29.8700000000008,close
2022-08-10,2022,大跌<-2%,flat,,,,,,,,,,
2022-08-11,2022,大漲>=2%,active,15144.71,-1.0,-53.14000000000124,close,-53.14000000000124,close,-53.14000000000124,close,-53.14000000000124,close
2022-08-12,2022,小跌-1~0,flat,,,,,,,,,,
2022-08-15,2022,大漲>=2%,active,15396.88,-1.0,-20.470000000001164,close,-20.470000000001164,close,-20.470000000001164,close,-20.470000000001164,close
2022-08-16,2022,小漲0~1%,active,15417.35,1.0,3.219999999999345,close,3.219999999999345,close,3.219999999999345,close,3.219999999999345,close
2022-08-17,2022,跌-2~-1%,active,15420.57,-1.0,-44.88000000000102,close,-44.88000000000102,close,-44.88000000000102,close,-44.88000000000102,close
2022-08-18,2022,大跌<-2%,flat,,,,,,,,,,
2022-08-19,2022,大漲>=2%,active,15383.85,-1.0,-24.93000000000029,close,-24.93000000000029,close,-24.93000000000029,close,-24.93000000000029,close
2022-08-22,2022,大跌<-2%,flat,,,,,,,,,,
2022-08-23,2022,大跌<-2%,flat,,,,,,,,,,
2022-08-24,2022,小漲0~1%,active,15095.89,1.0,-26.69999999999891,close,-26.69999999999891,close,-26.69999999999891,close,-26.69999999999891,close
2022-08-25,2022,小漲0~1%,active,15069.19,1.0,130.85000000000036,close,130.85000000000036,close,130.85000000000036,close,130.85000000000036,close
2022-08-26,2022,大漲>=2%,active,15309.27,-1.0,30.829999999999927,close,30.829999999999927,close,30.829999999999927,close,30.829999999999927,close
2022-08-29,2022,大跌<-2%,flat,,,,,,,,,,
2022-08-30,2022,跌-2~-1%,active,14926.19,-1.0,-27.43999999999869,close,-27.43999999999869,close,-27.43999999999869,close,-27.43999999999869,close
2022-08-31,2022,跌-2~-1%,active,14953.63,-1.0,-141.8100000000013,close,-112.15222499999999,stop,-112.3700000000008,stop,-113.3700000000008,stop
2022-09-01,2022,跌-2~-1%,active,15095.44,-1.0,293.5799999999999,close,293.5799999999999,close,293.5799999999999,close,293.5799999999999,close
2022-09-02,2022,跌-2~-1%,active,14801.86,-1.0,128.8199999999997,close,128.8199999999997,close,128.8199999999997,close,128.8199999999997,close
2022-09-05,2022,跌-2~-1%,active,14673.04,-1.0,11.94000000000051,close,11.94000000000051,close,11.94000000000051,close,11.94000000000051,close
2022-09-06,2022,跌-2~-1%,active,14661.1,-1.0,-16.100000000000364,close,-109.95824999999999,stop,-110.89999999999964,stop,-111.89999999999964,stop
2022-09-07,2022,跌-2~-1%,active,14677.2,-1.0,267.15000000000146,close,267.15000000000146,close,267.15000000000146,close,267.15000000000146,close
2022-09-08,2022,漲1~2%,active,14410.05,1.0,173.3700000000008,close,173.3700000000008,close,173.3700000000008,close,173.3700000000008,close
2022-09-12,2022,大漲>=2%,active,14844.11,-1.0,36.68000000000029,close,36.68000000000029,close,36.68000000000029,close,36.68000000000029,close
2022-09-13,2022,小漲0~1%,active,14807.43,1.0,86.97999999999956,close,86.97999999999956,close,86.97999999999956,close,86.97999999999956,close
2022-09-14,2022,大跌<-2%,flat,,,,,,,,,,
2022-09-15,2022,漲1~2%,active,14658.31,1.0,11.730000000001382,close,11.730000000001382,close,11.730000000001382,close,11.730000000001382,close
2022-09-16,2022,跌-2~-1%,active,14670.04,-1.0,108.28000000000065,close,108.28000000000065,close,108.28000000000065,close,108.28000000000065,close
2022-09-19,2022,小漲0~1%,active,14561.76,1.0,-136.07999999999993,close,-109.2132,stop,-109.84000000000015,stop_gap,-110.84000000000015,stop_gap
2022-09-20,2022,小漲0~1%,active,14425.68,1.0,123.61999999999898,close,123.61999999999898,close,123.61999999999898,close,123.61999999999898,close
2022-09-21,2022,跌-2~-1%,active,14549.3,-1.0,124.77999999999884,close,124.77999999999884,close,124.77999999999884,close,124.77999999999884,close
2022-09-22,2022,小跌-1~0,flat,,,,,,,,,,
2022-09-23,2022,大跌<-2%,flat,,,,,,,,,,
2022-09-26,2022,跌-2~-1%,active,14118.38,-1.0,340.1899999999987,close,340.1899999999987,close,340.1899999999987,close,340.1899999999987,close
2022-09-27,2022,跌-2~-1%,active,13778.19,-1.0,-48.399999999999636,close,-48.399999999999636,close,-48.399999999999636,close,-48.399999999999636,close
2022-09-28,2022,漲1~2%,active,13826.59,1.0,-360.52000000000044,close,-103.69942499999999,stop,-104.59000000000015,stop,-105.59000000000015,stop
2022-09-29,2022,漲1~2%,active,13466.07,1.0,68.19000000000051,close,68.19000000000051,close,68.19000000000051,close,68.19000000000051,close
2022-09-30,2022,大跌<-2%,flat,,,,,,,,,,
2022-10-03,2022,跌-2~-1%,active,13424.58,-1.0,124.10000000000036,close,124.10000000000036,close,124.10000000000036,close,124.10000000000036,close
2022-10-04,2022,大漲>=2%,active,13527.04,-1.0,-49.47999999999956,close,-49.47999999999956,close,-49.47999999999956,close,-49.47999999999956,close
2022-10-05,2022,大漲>=2%,active,13867.96,-1.0,66.52999999999884,close,66.52999999999884,close,66.52999999999884,close,66.52999999999884,close
2022-10-06,2022,小漲0~1%,active,13801.43,1.0,90.61999999999898,close,90.61999999999898,close,90.61999999999898,close,90.61999999999898,close
2022-10-07,2022,小跌-1~0,flat,,,,,,,,,,
2022-10-11,2022,大跌<-2%,flat,,,,,,,,,,
2022-10-12,2022,大跌<-2%,flat,,,,,,,,,,
2022-10-13,2022,小跌-1~0,flat,,,,,,,,,,
2022-10-14,2022,大漲>=2%,active,13157.75,-1.0,29.6299999999992,close,29.6299999999992,close,29.6299999999992,close,29.6299999999992,close
2022-10-17,2022,大跌<-2%,flat,,,,,,,,,,
2022-10-18,2022,大漲>=2%,active,13032.34,-1.0,-92.34000000000015,close,-92.34000000000015,close,-92.34000000000015,close,-92.34000000000015,close
2022-10-19,2022,小漲0~1%,active,13124.68,1.0,-147.92000000000007,close,-98.4351,stop,-100.11000000000058,stop_gap,-101.11000000000058,stop_gap
2022-10-20,2022,小漲0~1%,active,12976.76,1.0,-30.659999999999854,close,-97.3257,stop,-97.76000000000022,stop,-98.76000000000022,stop
2022-10-21,2022,小漲0~1%,active,12946.1,1.0,-126.89999999999964,close,-97.09575,stop,-97.10000000000036,stop,-98.10000000000036,stop
2022-10-24,2022,大漲>=2%,active,12961.66,-1.0,104.68000000000029,close,104.68000000000029,close,104.68000000000029,close,104.68000000000029,close
2022-10-25,2022,小漲0~1%,active,12856.98,1.0,-190.85999999999876,close,-96.42734999999999,stop,-96.97999999999956,stop,-97.97999999999956,stop
2022-10-26,2022,大漲>=2%,active,12657.88,-1.0,-71.17000000000007,close,-94.93409999999999,stop,-95.1200000000008,stop,-96.1200000000008,stop
2022-10-27,2022,跌-2~-1%,active,12729.05,-1.0,-197.32000000000153,close,-95.46787499999999,stop,-95.95000000000073,stop,-96.95000000000073,stop
2022-10-28,2022,跌-2~-1%,active,12926.37,-1.0,137.95000000000073,close,137.95000000000073,close,137.95000000000073,close,137.95000000000073,close
2022-10-31,2022,大漲>=2%,active,12928.06,-1.0,-21.69000000000051,close,-21.69000000000051,close,-21.69000000000051,close,-21.69000000000051,close
2022-11-01,2022,大跌<-2%,flat,,,,,,,,,,
2022-11-02,2022,小漲0~1%,active,13037.21,1.0,62.960000000000946,close,62.960000000000946,close,62.960000000000946,close,62.960000000000946,close
2022-11-03,2022,大跌<-2%,flat,,,,,,,,,,
2022-11-04,2022,跌-2~-1%,active,12986.6,-1.0,-40.10999999999876,close,-40.10999999999876,close,-40.10999999999876,close,-40.10999999999876,close
2022-11-07,2022,大漲>=2%,active,13178.38,-1.0,-45.350000000000364,close,-45.350000000000364,close,-45.350000000000364,close,-45.350000000000364,close
2022-11-08,2022,大漲>=2%,active,13360.39,-1.0,12.6299999999992,close,12.6299999999992,close,12.6299999999992,close,12.6299999999992,close
2022-11-09,2022,大漲>=2%,active,13525.99,-1.0,-112.81999999999971,close,-101.444925,stop,-112.81999999999971,stop_gap,-113.81999999999971,stop_gap
2022-11-10,2022,大跌<-2%,flat,,,,,,,,,,
2022-11-11,2022,大漲>=2%,active,13929.63,-1.0,-77.93000000000029,close,-77.93000000000029,close,-77.93000000000029,close,-77.93000000000029,close
2022-11-14,2022,大漲>=2%,active,14091.64,-1.0,-83.26000000000022,close,-105.6873,stop,-106.36000000000058,stop,-107.36000000000058,stop
2022-11-15,2022,小跌-1~0,flat,,,,,,,,,,
2022-11-16,2022,大漲>=2%,active,14576.49,-1.0,39.13999999999942,close,39.13999999999942,close,39.13999999999942,close,39.13999999999942,close
2022-11-17,2022,大跌<-2%,flat,,,,,,,,,,
2022-11-18,2022,漲1~2%,active,14535.23,1.0,-30.23999999999978,close,-30.23999999999978,close,-30.23999999999978,close,-30.23999999999978,close
2022-11-21,2022,小漲0~1%,active,14504.99,1.0,-55.600000000000364,close,-55.600000000000364,close,-55.600000000000364,close,-55.600000000000364,close
2022-11-22,2022,跌-2~-1%,active,14449.39,-1.0,-92.81000000000131,close,-92.81000000000131,close,-92.81000000000131,close,-92.81000000000131,close
2022-11-23,2022,大漲>=2%,active,14610.57,-1.0,2.029999999998836,close,2.029999999998836,close,2.029999999998836,close,2.029999999998836,close
2022-11-24,2022,漲1~2%,active,14608.54,1.0,175.45999999999913,close,175.45999999999913,close,175.45999999999913,close,175.45999999999913,close
2022-11-25,2022,漲1~2%,active,14784.0,1.0,-5.489999999999782,close,-5.489999999999782,close,-5.489999999999782,close,-5.489999999999782,close
2022-11-28,2022,跌-2~-1%,active,14778.51,-1.0,221.63999999999942,close,221.63999999999942,close,221.63999999999942,close,221.63999999999942,close
2022-11-29,2022,大跌<-2%,flat,,,,,,,,,,
2022-11-30,2022,小跌-1~0,flat,,,,,,,,,,
2022-12-01,2022,大漲>=2%,active,15052.25,-1.0,39.45000000000073,close,39.45000000000073,close,39.45000000000073,close,39.45000000000073,close
2022-12-02,2022,小跌-1~0,flat,,,,,,,,,,
2022-12-05,2022,跌-2~-1%,active,14970.68,-1.0,-10.05999999999949,close,-112.2801,stop,-112.31999999999971,stop,-113.31999999999971,stop
2022-12-06,2022,跌-2~-1%,active,14980.74,-1.0,251.86000000000058,close,251.86000000000058,close,251.86000000000058,close,251.86000000000058,close
2022-12-07,2022,大跌<-2%,flat,,,,,,,,,,
2022-12-08,2022,小跌-1~0,flat,,,,,,,,,,
2022-12-09,2022,大漲>=2%,active,14665.5,-1.0,-39.93000000000029,close,-39.93000000000029,close,-39.93000000000029,close,-39.93000000000029,close
2022-12-12,2022,小跌-1~0,flat,,,,,,,,,,
2022-12-13,2022,大漲>=2%,active,14624.6,-1.0,101.64000000000124,close,101.64000000000124,close,101.64000000000124,close,101.64000000000124,close
2022-12-14,2022,漲1~2%,active,14522.96,1.0,216.40000000000146,close,216.40000000000146,close,216.40000000000146,close,216.40000000000146,close
2022-12-15,2022,跌-2~-1%,active,14739.36,-1.0,5.230000000001382,close,5.230000000001382,close,5.230000000001382,close,5.230000000001382,close
2022-12-16,2022,大跌<-2%,flat,,,,,,,,,,
2022-12-19,2022,小跌-1~0,flat,,,,,,,,,,
2022-12-20,2022,跌-2~-1%,active,14433.32,-1.0,263.28999999999905,close,263.28999999999905,close,263.28999999999905,close,263.28999999999905,close
2022-12-21,2022,小跌-1~0,flat,,,,,,,,,,
2022-12-22,2022,大漲>=2%,active,14404.73,-1.0,-38.210000000000946,close,-38.210000000000946,close,-38.210000000000946,close,-38.210000000000946,close
2022-12-23,2022,大跌<-2%,flat,,,,,,,,,,
2022-12-26,2022,小漲0~1%,active,14271.63,1.0,13.5,close,13.5,close,13.5,close,13.5,close
2022-12-27,2022,小漲0~1%,active,14285.13,1.0,43.30000000000109,close,43.30000000000109,close,43.30000000000109,close,43.30000000000109,close
2022-12-28,2022,跌-2~-1%,active,14328.43,-1.0,155.32999999999993,close,155.32999999999993,close,155.32999999999993,close,155.32999999999993,close
2022-12-29,2022,跌-2~-1%,active,14173.1,-1.0,88.07999999999993,close,88.07999999999993,close,88.07999999999993,close,88.07999999999993,close
2022-12-30,2022,大漲>=2%,active,14207.19,-1.0,69.5,close,69.5,close,69.5,close,69.5,close
