date,entry,13:00,13:05,13:10,13:15,13:20,13:25,13:30,13:44
2023-08-14,08:45,-219.0,-206.0,-215.0,-205.0,-216.0,-205.0,-209.0,-187.0
2023-08-14,09:00,-170.0,-157.0,-166.0,-156.0,-167.0,-156.0,-160.0,-138.0
2023-08-14,10:00,-55.0,-42.0,-51.0,-41.0,-52.0,-41.0,-45.0,-23.0
2023-08-15,08:45,-3.0,-16.0,-16.0,-16.0,-10.0,-13.0,-23.0,-51.0
2023-08-15,09:00,-12.0,-25.0,-25.0,-25.0,-19.0,-22.0,-32.0,-60.0
2023-08-15,10:00,-57.0,-70.0,-70.0,-70.0,-64.0,-67.0,-77.0,-105.0
2023-08-16,08:45,52.0,41.0,37.0,27.0,31.0,42.0,66.0,66.0
2023-08-16,09:00,52.0,41.0,37.0,27.0,31.0,42.0,66.0,66.0
2023-08-16,10:00,-7.0,-18.0,-22.0,-32.0,-28.0,-17.0,7.0,7.0
2023-08-17,08:45,200.0,182.0,186.0,196.0,195.0,200.0,195.0,182.0
2023-08-17,09:00,221.0,203.0,207.0,217.0,216.0,221.0,216.0,203.0
2023-08-17,10:00,130.0,112.0,116.0,126.0,125.0,130.0,125.0,112.0
2023-08-18,08:45,-72.0,-69.0,-60.0,-52.0,-67.0,-67.0,-69.0,-68.0
2023-08-18,09:00,-72.0,-69.0,-60.0,-52.0,-67.0,-67.0,-69.0,-68.0
2023-08-18,10:00,-161.0,-158.0,-149.0,-141.0,-156.0,-156.0,-158.0,-157.0
2023-08-21,08:45,-82.0,-74.0,-72.0,-80.0,-84.0,-79.0,-78.0,-70.0
2023-08-21,09:00,-128.0,-120.0,-118.0,-126.0,-130.0,-125.0,-124.0,-116.0
2023-08-21,10:00,-6.0,2.0,4.0,-4.0,-8.0,-3.0,-2.0,6.0
2023-08-22,08:45,-71.0,-70.0,-68.0,-77.0,-83.0,-76.0,-77.0,-93.0
2023-08-22,09:00,-78.0,-77.0,-75.0,-84.0,-90.0,-83.0,-84.0,-100.0
2023-08-22,10:00,1.0,2.0,4.0,-5.0,-11.0,-4.0,-5.0,-21.0
2023-08-23,08:45,121.0,118.0,116.0,128.0,130.0,129.0,127.0,146.0
2023-08-23,09:00,105.0,102.0,100.0,112.0,114.0,113.0,111.0,130.0
2023-08-23,10:00,65.0,62.0,60.0,72.0,74.0,73.0,71.0,90.0
2023-08-24,08:45,-53.0,-50.0,-44.0,-55.0,-61.0,-46.0,-50.0,-38.0
2023-08-24,09:00,-1.0,2.0,8.0,-3.0,-9.0,6.0,2.0,14.0
2023-08-24,10:00,-12.0,-9.0,-3.0,-14.0,-20.0,-5.0,-9.0,3.0
2023-08-25,08:45,-94.0,-85.0,-93.0,-110.0,-108.0,-112.0,-122.0,-129.0
2023-08-25,09:00,-110.0,-101.0,-109.0,-126.0,-124.0,-128.0,-138.0,-145.0
2023-08-25,10:00,-98.0,-89.0,-97.0,-114.0,-112.0,-116.0,-126.0,-133.0
2023-08-28,08:45,29.0,21.0,27.0,22.0,20.0,26.0,20.0,24.0
2023-08-28,09:00,15.0,7.0,13.0,8.0,6.0,12.0,6.0,10.0
2023-08-28,10:00,-28.0,-36.0,-30.0,-35.0,-37.0,-31.0,-37.0,-33.0
2023-08-29,08:45,-18.0,-3.0,4.0,19.0,35.0,48.0,41.0,57.0
2023-08-29,09:00,-2.0,13.0,20.0,35.0,51.0,64.0,57.0,73.0
2023-08-29,10:00,87.0,102.0,109.0,124.0,140.0,153.0,146.0,162.0
2023-08-30,08:45,-12.0,-13.0,-12.0,-15.0,-15.0,-17.0,-20.0,-14.0
2023-08-30,09:00,-33.0,-34.0,-33.0,-36.0,-36.0,-38.0,-41.0,-35.0
2023-08-30,10:00,-39.0,-40.0,-39.0,-42.0,-42.0,-44.0,-47.0,-41.0
2023-08-31,08:45,-84.0,-79.0,-86.0,-79.0,-84.0,-91.0,-99.0,-104.0
2023-08-31,09:00,-36.0,-31.0,-38.0,-31.0,-36.0,-43.0,-51.0,-56.0
2023-08-31,10:00,-25.0,-20.0,-27.0,-20.0,-25.0,-32.0,-40.0,-45.0
2023-09-01,08:45,70.0,78.0,75.0,67.0,63.0,67.0,64.0,55.0
2023-09-01,09:00,49.0,57.0,54.0,46.0,42.0,46.0,43.0,34.0
2023-09-01,10:00,-40.0,-32.0,-35.0,-43.0,-47.0,-43.0,-46.0,-55.0
2023-09-04,08:45,113.0,105.0,116.0,117.0,121.0,112.0,112.0,131.0
2023-09-04,09:00,129.0,121.0,132.0,133.0,137.0,128.0,128.0,147.0
2023-09-04,10:00,101.0,93.0,104.0,105.0,109.0,100.0,100.0,119.0
2023-09-05,08:45,21.0,22.0,24.0,29.0,27.0,23.0,27.0,15.0
2023-09-05,09:00,43.0,44.0,46.0,51.0,49.0,45.0,49.0,37.0
2023-09-05,10:00,7.0,8.0,10.0,15.0,13.0,9.0,13.0,1.0
2023-09-06,08:45,-33.0,-40.0,-43.0,-43.0,-38.0,-38.0,-50.0,-49.0
2023-09-06,09:00,-67.0,-74.0,-77.0,-77.0,-72.0,-72.0,-84.0,-83.0
2023-09-06,10:00,-4.0,-11.0,-14.0,-14.0,-9.0,-9.0,-21.0,-20.0
2023-09-07,08:45,-35.0,-32.0,-34.0,-31.0,-27.0,-26.0,-29.0,-43.0
2023-09-07,09:00,-42.0,-39.0,-41.0,-38.0,-34.0,-33.0,-36.0,-50.0
2023-09-07,10:00,-62.0,-59.0,-61.0,-58.0,-54.0,-53.0,-56.0,-70.0
2023-09-08,08:45,51.0,56.0,56.0,47.0,51.0,52.0,52.0,74.0
2023-09-08,09:00,30.0,35.0,35.0,26.0,30.0,31.0,31.0,53.0
2023-09-08,10:00,51.0,56.0,56.0,47.0,51.0,52.0,52.0,74.0
2023-09-11,08:45,-144.0,-146.0,-153.0,-143.0,-155.0,-151.0,-150.0,-142.0
2023-09-11,09:00,-126.0,-128.0,-135.0,-125.0,-137.0,-133.0,-132.0,-124.0
2023-09-11,10:00,-31.0,-33.0,-40.0,-30.0,-42.0,-38.0,-37.0,-29.0
2023-09-12,08:45,81.0,84.0,83.0,85.0,84.0,90.0,93.0,104.0
2023-09-12,09:00,78.0,81.0,80.0,82.0,81.0,87.0,90.0,101.0
2023-09-12,10:00,93.0,96.0,95.0,97.0,96.0,102.0,105.0,116.0
2023-09-13,08:45,26.0,19.0,17.0,14.0,18.0,24.0,8.0,10.0
2023-09-13,09:00,10.0,3.0,1.0,-2.0,2.0,8.0,-8.0,-6.0
2023-09-13,10:00,7.0,0.0,-2.0,-5.0,-1.0,5.0,-11.0,-9.0
2023-09-14,08:45,148.0,149.0,155.0,156.0,155.0,154.0,157.0,165.0
2023-09-14,09:00,122.0,123.0,129.0,130.0,129.0,128.0,131.0,139.0
2023-09-14,10:00,59.0,60.0,66.0,67.0,66.0,65.0,68.0,76.0
2023-09-15,08:45,54.0,54.0,62.0,46.0,43.0,39.0,66.0,60.0
2023-09-15,09:00,51.0,51.0,59.0,43.0,40.0,36.0,63.0,57.0
2023-09-15,10:00,37.0,37.0,45.0,29.0,26.0,22.0,49.0,43.0
2023-09-18,08:45,-36.0,-28.0,-33.0,-41.0,-35.0,-37.0,-54.0,-51.0
2023-09-18,09:00,-30.0,-22.0,-27.0,-35.0,-29.0,-31.0,-48.0,-45.0
2023-09-18,10:00,-58.0,-50.0,-55.0,-63.0,-57.0,-59.0,-76.0,-73.0
2023-09-19,08:45,-32.0,-47.0,-54.0,-39.0,-41.0,-48.0,-59.0,-82.0
2023-09-19,09:00,-48.0,-63.0,-70.0,-55.0,-57.0,-64.0,-75.0,-98.0
2023-09-19,10:00,-24.0,-39.0,-46.0,-31.0,-33.0,-40.0,-51.0,-74.0
2023-09-20,08:45,-57.0,-68.0,-63.0,-69.0,-62.0,-55.0,-65.0,-55.0
2023-09-20,09:00,-50.0,-61.0,-56.0,-62.0,-55.0,-48.0,-58.0,-48.0
2023-09-20,10:00,-78.0,-89.0,-84.0,-90.0,-83.0,-76.0,-86.0,-76.0
2023-09-21,08:45,-184.0,-183.0,-186.0,-177.0,-173.0,-182.0,-187.0,-176.0
2023-09-21,09:00,-124.0,-123.0,-126.0,-117.0,-113.0,-122.0,-127.0,-116.0
2023-09-21,10:00,-22.0,-21.0,-24.0,-15.0,-11.0,-20.0,-25.0,-14.0
2023-09-22,08:45,136.0,133.0,139.0,139.0,135.0,143.0,133.0,144.0
2023-09-22,09:00,90.0,87.0,93.0,93.0,89.0,97.0,87.0,98.0
2023-09-22,10:00,73.0,70.0,76.0,76.0,72.0,80.0,70.0,81.0
2023-09-25,08:45,128.0,118.0,120.0,113.0,113.0,108.0,98.0,102.0
2023-09-25,09:00,121.0,111.0,113.0,106.0,106.0,101.0,91.0,95.0
2023-09-25,10:00,55.0,45.0,47.0,40.0,40.0,35.0,25.0,29.0
2023-09-26,08:45,-122.0,-125.0,-126.0,-113.0,-118.0,-118.0,-122.0,-100.0
2023-09-26,09:00,-59.0,-62.0,-63.0,-50.0,-55.0,-55.0,-59.0,-37.0
2023-09-26,10:00,-50.0,-53.0,-54.0,-41.0,-46.0,-46.0,-50.0,-28.0
2023-09-27,08:45,63.0,48.0,52.0,45.0,46.0,50.0,60.0,69.0
2023-09-27,09:00,50.0,35.0,39.0,32.0,33.0,37.0,47.0,56.0
2023-09-27,10:00,-9.0,-24.0,-20.0,-27.0,-26.0,-22.0,-12.0,-3.0
2023-09-28,08:45,3.0,18.0,6.0,14.0,15.0,24.0,15.0,25.0
2023-09-28,09:00,-50.0,-35.0,-47.0,-39.0,-38.0,-29.0,-38.0,-28.0
2023-09-28,10:00,-34.0,-19.0,-31.0,-23.0,-22.0,-13.0,-22.0,-12.0
2023-10-02,08:45,39.0,47.0,49.0,45.0,48.0,48.0,45.0,37.0
2023-10-02,09:00,42.0,50.0,52.0,48.0,51.0,51.0,48.0,40.0
2023-10-02,10:00,-20.0,-12.0,-10.0,-14.0,-11.0,-11.0,-14.0,-22.0
2023-10-03,08:45,-19.0,-42.0,-52.0,-51.0,-57.0,-57.0,-61.0,-84.0
2023-10-03,09:00,-35.0,-58.0,-68.0,-67.0,-73.0,-73.0,-77.0,-100.0
2023-10-03,10:00,-56.0,-79.0,-89.0,-88.0,-94.0,-94.0,-98.0,-121.0
2023-10-04,08:45,-20.0,-31.0,-33.0,-26.0,-32.0,-30.0,-36.0,-42.0
2023-10-04,09:00,17.0,6.0,4.0,11.0,5.0,7.0,1.0,-5.0
2023-10-04,10:00,18.0,7.0,5.0,12.0,6.0,8.0,2.0,-4.0
2023-10-05,08:45,179.0,167.0,161.0,158.0,169.0,172.0,174.0,158.0
2023-10-05,09:00,154.0,142.0,136.0,133.0,144.0,147.0,149.0,133.0
2023-10-05,10:00,69.0,57.0,51.0,48.0,59.0,62.0,64.0,48.0
2023-10-06,08:45,52.0,55.0,55.0,51.0,52.0,47.0,48.0,47.0
2023-10-06,09:00,7.0,10.0,10.0,6.0,7.0,2.0,3.0,2.0
2023-10-06,10:00,13.0,16.0,16.0,12.0,13.0,8.0,9.0,8.0
2023-10-11,08:45,-100.0,-84.0,-80.0,-82.0,-83.0,-88.0,-86.0,-85.0
2023-10-11,09:00,-57.0,-41.0,-37.0,-39.0,-40.0,-45.0,-43.0,-42.0
2023-10-11,10:00,-8.0,8.0,12.0,10.0,9.0,4.0,6.0,7.0
2023-10-12,08:45,63.0,69.0,78.0,77.0,66.0,68.0,74.0,77.0
2023-10-12,09:00,66.0,72.0,81.0,80.0,69.0,71.0,77.0,80.0
2023-10-12,10:00,73.0,79.0,88.0,87.0,76.0,78.0,84.0,87.0
2023-10-13,08:45,22.0,15.0,19.0,20.0,17.0,18.0,21.0,21.0
2023-10-13,09:00,17.0,10.0,14.0,15.0,12.0,13.0,16.0,16.0
2023-10-13,10:00,-21.0,-28.0,-24.0,-23.0,-26.0,-25.0,-22.0,-22.0
2023-10-16,08:45,-19.0,-10.0,-5.0,-3.0,-2.0,-1.0,1.0,-11.0
2023-10-16,09:00,-19.0,-10.0,-5.0,-3.0,-2.0,-1.0,1.0,-11.0
2023-10-16,10:00,-13.0,-4.0,1.0,3.0,4.0,5.0,7.0,-5.0
2023-10-17,08:45,-105.0,-118.0,-110.0,-116.0,-113.0,-115.0,-113.0,-103.0
2023-10-17,09:00,-106.0,-119.0,-111.0,-117.0,-114.0,-116.0,-114.0,-104.0
2023-10-17,10:00,-92.0,-105.0,-97.0,-103.0,-100.0,-102.0,-100.0,-90.0
2023-10-18,08:45,-166.0,-176.0,-176.0,-178.0,-174.0,-175.0,-186.0,-182.0
2023-10-18,09:00,-132.0,-142.0,-142.0,-144.0,-140.0,-141.0,-152.0,-148.0
2023-10-18,10:00,-48.0,-58.0,-58.0,-60.0,-56.0,-57.0,-68.0,-64.0
2023-10-19,08:45,131.0,120.0,121.0,131.0,124.0,120.0,108.0,109.0
2023-10-19,09:00,89.0,78.0,79.0,89.0,82.0,78.0,66.0,67.0
2023-10-19,10:00,35.0,24.0,25.0,35.0,28.0,24.0,12.0,13.0
2023-10-20,08:45,-7.0,-23.0,-26.0,-42.0,-36.0,-38.0,-36.0,-42.0
2023-10-20,09:00,84.0,68.0,65.0,49.0,55.0,53.0,55.0,49.0
2023-10-20,10:00,151.0,135.0,132.0,116.0,122.0,120.0,122.0,116.0
2023-10-23,08:45,-82.0,-80.0,-81.0,-83.0,-86.0,-82.0,-80.0,-92.0
2023-10-23,09:00,-75.0,-73.0,-74.0,-76.0,-79.0,-75.0,-73.0,-85.0
2023-10-23,10:00,-58.0,-56.0,-57.0,-59.0,-62.0,-58.0,-56.0,-68.0
2023-10-24,08:45,24.0,43.0,41.0,53.0,63.0,62.0,66.0,62.0
2023-10-24,09:00,46.0,65.0,63.0,75.0,85.0,84.0,88.0,84.0
2023-10-24,10:00,111.0,130.0,128.0,140.0,150.0,149.0,153.0,149.0
2023-10-25,08:45,44.0,29.0,35.0,41.0,36.0,25.0,17.0,-9.0
2023-10-25,09:00,33.0,18.0,24.0,30.0,25.0,14.0,6.0,-20.0
2023-10-25,10:00,-50.0,-65.0,-59.0,-53.0,-58.0,-69.0,-77.0,-103.0
2023-10-26,08:45,-70.0,-77.0,-73.0,-84.0,-79.0,-87.0,-104.0,-87.0
2023-10-26,09:00,-11.0,-18.0,-14.0,-25.0,-20.0,-28.0,-45.0,-28.0
2023-10-26,10:00,-56.0,-63.0,-59.0,-70.0,-65.0,-73.0,-90.0,-73.0
2023-10-27,08:45,24.0,24.0,18.0,17.0,22.0,20.0,9.0,15.0
2023-10-27,09:00,26.0,26.0,20.0,19.0,24.0,22.0,11.0,17.0
2023-10-27,10:00,4.0,4.0,-2.0,-3.0,2.0,0.0,-11.0,-5.0
2023-10-30,08:45,29.0,29.0,22.0,22.0,26.0,40.0,36.0,46.0
2023-10-30,09:00,-37.0,-37.0,-44.0,-44.0,-40.0,-26.0,-30.0,-20.0
2023-10-30,10:00,-67.0,-67.0,-74.0,-74.0,-70.0,-56.0,-60.0,-50.0
2023-10-31,08:45,-182.0,-205.0,-209.0,-203.0,-200.0,-202.0,-197.0,-191.0
2023-10-31,09:00,-161.0,-184.0,-188.0,-182.0,-179.0,-181.0,-176.0,-170.0
2023-10-31,10:00,-175.0,-198.0,-202.0,-196.0,-193.0,-195.0,-190.0,-184.0
2023-11-01,08:45,-12.0,-24.0,-27.0,-23.0,-20.0,-19.0,-33.0,-45.0
2023-11-01,09:00,-30.0,-42.0,-45.0,-41.0,-38.0,-37.0,-51.0,-63.0
2023-11-01,10:00,32.0,20.0,17.0,21.0,24.0,25.0,11.0,-1.0
2023-11-02,08:45,133.0,139.0,136.0,140.0,142.0,136.0,147.0,150.0
2023-11-02,09:00,101.0,107.0,104.0,108.0,110.0,104.0,115.0,118.0
2023-11-02,10:00,27.0,33.0,30.0,34.0,36.0,30.0,41.0,44.0
2023-11-03,08:45,2.0,4.0,15.0,15.0,17.0,14.0,20.0,17.0
2023-11-03,09:00,36.0,38.0,49.0,49.0,51.0,48.0,54.0,51.0
2023-11-03,10:00,-3.0,-1.0,10.0,10.0,12.0,9.0,15.0,12.0
2023-11-06,08:45,36.0,27.0,34.0,36.0,24.0,21.0,-6.0,-2.0
2023-11-06,09:00,47.0,38.0,45.0,47.0,35.0,32.0,5.0,9.0
2023-11-06,10:00,18.0,9.0,16.0,18.0,6.0,3.0,-24.0,-20.0
2023-11-07,08:45,55.0,52.0,57.0,60.0,51.0,43.0,56.0,78.0
2023-11-07,09:00,46.0,43.0,48.0,51.0,42.0,34.0,47.0,69.0
2023-11-07,10:00,4.0,1.0,6.0,9.0,0.0,-8.0,5.0,27.0
2023-11-08,08:45,22.0,14.0,29.0,37.0,27.0,31.0,18.0,20.0
2023-11-08,09:00,42.0,34.0,49.0,57.0,47.0,51.0,38.0,40.0
2023-11-08,10:00,-10.0,-18.0,-3.0,5.0,-5.0,-1.0,-14.0,-12.0
2023-11-09,08:45,62.0,60.0,65.0,69.0,57.0,59.0,61.0,55.0
2023-11-09,09:00,61.0,59.0,64.0,68.0,56.0,58.0,60.0,54.0
2023-11-09,10:00,33.0,31.0,36.0,40.0,28.0,30.0,32.0,26.0
2023-11-10,08:45,24.0,30.0,29.0,25.0,21.0,24.0,30.0,66.0
2023-11-10,09:00,39.0,45.0,44.0,40.0,36.0,39.0,45.0,81.0
2023-11-10,10:00,15.0,21.0,20.0,16.0,12.0,15.0,21.0,57.0
2023-11-13,08:45,-100.0,-109.0,-104.0,-94.0,-94.0,-83.0,-95.0,-91.0
2023-11-13,09:00,-106.0,-115.0,-110.0,-100.0,-100.0,-89.0,-101.0,-97.0
2023-11-13,10:00,-31.0,-40.0,-35.0,-25.0,-25.0,-14.0,-26.0,-22.0
2023-11-14,08:45,-7.0,-11.0,-10.0,-13.0,-17.0,-15.0,-26.0,-16.0
2023-11-14,09:00,-4.0,-8.0,-7.0,-10.0,-14.0,-12.0,-23.0,-13.0
2023-11-14,10:00,10.0,6.0,7.0,4.0,0.0,2.0,-9.0,1.0
2023-11-15,08:45,-82.0,-60.0,-69.0,-51.0,-49.0,-51.0,-31.0,-34.0
2023-11-15,09:00,-68.0,-46.0,-55.0,-37.0,-35.0,-37.0,-17.0,-20.0
2023-11-15,10:00,-38.0,-16.0,-25.0,-7.0,-5.0,-7.0,13.0,10.0
2023-11-16,08:45,-27.0,-30.0,-22.0,-28.0,-32.0,-38.0,-33.0,-13.0
2023-11-16,09:00,-43.0,-46.0,-38.0,-44.0,-48.0,-54.0,-49.0,-29.0
2023-11-16,10:00,38.0,35.0,43.0,37.0,33.0,27.0,32.0,52.0
2023-11-17,08:45,80.0,78.0,69.0,67.0,68.0,61.0,56.0,66.0
2023-11-17,09:00,56.0,54.0,45.0,43.0,44.0,37.0,32.0,42.0
2023-11-17,10:00,3.0,1.0,-8.0,-10.0,-9.0,-16.0,-21.0,-11.0
2023-11-20,08:45,-24.0,-24.0,-17.0,-14.0,-16.0,-16.0,-24.0,-24.0
2023-11-20,09:00,-30.0,-30.0,-23.0,-20.0,-22.0,-22.0,-30.0,-30.0
2023-11-20,10:00,9.0,9.0,16.0,19.0,17.0,17.0,9.0,9.0
2023-11-21,08:45,126.0,117.0,123.0,124.0,124.0,119.0,117.0,127.0
2023-11-21,09:00,93.0,84.0,90.0,91.0,91.0,86.0,84.0,94.0
2023-11-21,10:00,11.0,2.0,8.0,9.0,9.0,4.0,2.0,12.0
2023-11-22,08:45,-3.0,-7.0,-7.0,-3.0,-10.0,-12.0,-6.0,-16.0
2023-11-22,09:00,7.0,3.0,3.0,7.0,0.0,-2.0,4.0,-6.0
2023-11-22,10:00,-28.0,-32.0,-32.0,-28.0,-35.0,-37.0,-31.0,-41.0
2023-11-23,08:45,9.0,5.0,13.0,14.0,11.0,16.0,26.0,38.0
2023-11-23,09:00,2.0,-2.0,6.0,7.0,4.0,9.0,19.0,31.0
2023-11-23,10:00,-9.0,-13.0,-5.0,-4.0,-7.0,-2.0,8.0,20.0
2023-11-24,08:45,-49.0,-43.0,-41.0,-35.0,-44.0,-43.0,-41.0,-45.0
2023-11-24,09:00,-40.0,-34.0,-32.0,-26.0,-35.0,-34.0,-32.0,-36.0
2023-11-24,10:00,-9.0,-3.0,-1.0,5.0,-4.0,-3.0,-1.0,-5.0
2023-11-27,08:45,-88.0,-95.0,-101.0,-91.0,-92.0,-102.0,-106.0,-88.0
2023-11-27,09:00,-132.0,-139.0,-145.0,-135.0,-136.0,-146.0,-150.0,-132.0
2023-11-27,10:00,-107.0,-114.0,-120.0,-110.0,-111.0,-121.0,-125.0,-107.0
2023-11-28,08:45,150.0,148.0,154.0,147.0,121.0,117.0,125.0,137.0
2023-11-28,09:00,168.0,166.0,172.0,165.0,139.0,135.0,143.0,155.0
2023-11-28,10:00,94.0,92.0,98.0,91.0,65.0,61.0,69.0,81.0
2023-11-29,08:45,26.0,18.0,19.0,12.0,13.0,2.0,-5.0,0.0
2023-11-29,09:00,-9.0,-17.0,-16.0,-23.0,-22.0,-33.0,-40.0,-35.0
2023-11-29,10:00,-30.0,-38.0,-37.0,-44.0,-43.0,-54.0,-61.0,-56.0
2023-11-30,08:45,-8.0,-19.0,-15.0,-15.0,-8.0,-21.0,-5.0,-6.0
2023-11-30,09:00,7.0,-4.0,0.0,0.0,7.0,-6.0,10.0,9.0
2023-11-30,10:00,98.0,87.0,91.0,91.0,98.0,85.0,101.0,100.0
2023-12-01,08:45,71.0,61.0,66.0,61.0,63.0,65.0,71.0,81.0
2023-12-01,09:00,86.0,76.0,81.0,76.0,78.0,80.0,86.0,96.0
2023-12-01,10:00,33.0,23.0,28.0,23.0,25.0,27.0,33.0,43.0
2023-12-04,08:45,-26.0,-42.0,-39.0,-40.0,-43.0,-41.0,-46.0,-48.0
2023-12-04,09:00,-34.0,-50.0,-47.0,-48.0,-51.0,-49.0,-54.0,-56.0
2023-12-04,10:00,13.0,-3.0,0.0,-1.0,-4.0,-2.0,-7.0,-9.0
2023-12-05,08:45,13.0,17.0,15.0,18.0,25.0,15.0,22.0,29.0
2023-12-05,09:00,-1.0,3.0,1.0,4.0,11.0,1.0,8.0,15.0
2023-12-05,10:00,-3.0,1.0,-1.0,2.0,9.0,-1.0,6.0,13.0
2023-12-06,08:45,17.0,10.0,13.0,15.0,21.0,24.0,13.0,18.0
2023-12-06,09:00,27.0,20.0,23.0,25.0,31.0,34.0,23.0,28.0
2023-12-06,10:00,-56.0,-63.0,-60.0,-58.0,-52.0,-49.0,-60.0,-55.0
2023-12-07,08:45,-29.0,-35.0,-31.0,-31.0,-39.0,-44.0,-55.0,-50.0
2023-12-07,09:00,-23.0,-29.0,-25.0,-25.0,-33.0,-38.0,-49.0,-44.0
2023-12-07,10:00,-34.0,-40.0,-36.0,-36.0,-44.0,-49.0,-60.0,-55.0
2023-12-08,08:45,-15.0,-20.0,-15.0,-18.0,-22.0,-30.0,-30.0,-33.0
2023-12-08,09:00,-40.0,-45.0,-40.0,-43.0,-47.0,-55.0,-55.0,-58.0
2023-12-08,10:00,0.0,-5.0,0.0,-3.0,-7.0,-15.0,-15.0,-18.0
2023-12-11,08:45,-33.0,-35.0,-36.0,-41.0,-36.0,-30.0,-24.0,-16.0
2023-12-11,09:00,-23.0,-25.0,-26.0,-31.0,-26.0,-20.0,-14.0,-6.0
2023-12-11,10:00,19.0,17.0,16.0,11.0,16.0,22.0,28.0,36.0
2023-12-12,08:45,-74.0,-70.0,-71.0,-72.0,-70.0,-75.0,-74.0,-55.0
2023-12-12,09:00,-96.0,-92.0,-93.0,-94.0,-92.0,-97.0,-96.0,-77.0
2023-12-12,10:00,-42.0,-38.0,-39.0,-40.0,-38.0,-43.0,-42.0,-23.0
2023-12-13,08:45,-52.0,-47.0,-44.0,-41.0,-41.0,-41.0,-46.0,-42.0
2023-12-13,09:00,-23.0,-18.0,-15.0,-12.0,-12.0,-12.0,-17.0,-13.0
2023-12-13,10:00,-57.0,-52.0,-49.0,-46.0,-46.0,-46.0,-51.0,-47.0
2023-12-14,08:45,33.0,31.0,36.0,42.0,40.0,39.0,50.0,61.0
2023-12-14,09:00,-14.0,-16.0,-11.0,-5.0,-7.0,-8.0,3.0,14.0
2023-12-14,10:00,-44.0,-46.0,-41.0,-35.0,-37.0,-38.0,-27.0,-16.0
2023-12-15,08:45,-55.0,-65.0,-64.0,-72.0,-72.0,-78.0,-77.0,-94.0
2023-12-15,09:00,-39.0,-49.0,-48.0,-56.0,-56.0,-62.0,-61.0,-78.0
2023-12-15,10:00,-29.0,-39.0,-38.0,-46.0,-46.0,-52.0,-51.0,-68.0
2023-12-18,08:45,-15.0,-10.0,-9.0,-7.0,-8.0,-11.0,-9.0,-11.0
2023-12-18,09:00,30.0,35.0,36.0,38.0,37.0,34.0,36.0,34.0
2023-12-18,10:00,4.0,9.0,10.0,12.0,11.0,8.0,10.0,8.0
2023-12-19,08:45,-57.0,-48.0,-45.0,-23.0,-23.0,-17.0,-13.0,-19.0
2023-12-19,09:00,-69.0,-60.0,-57.0,-35.0,-35.0,-29.0,-25.0,-31.0
2023-12-19,10:00,-6.0,3.0,6.0,28.0,28.0,34.0,38.0,32.0
2023-12-20,08:45,49.0,69.0,71.0,72.0,82.0,83.0,79.0,68.0
2023-12-20,09:00,26.0,46.0,48.0,49.0,59.0,60.0,56.0,45.0
2023-12-20,10:00,-3.0,17.0,19.0,20.0,30.0,31.0,27.0,16.0
2023-12-21,08:45,80.0,85.0,92.0,90.0,90.0,92.0,92.0,91.0
2023-12-21,09:00,74.0,79.0,86.0,84.0,84.0,86.0,86.0,85.0
2023-12-21,10:00,34.0,39.0,46.0,44.0,44.0,46.0,46.0,45.0
2023-12-22,08:45,-2.0,-4.0,-8.0,-7.0,-10.0,-11.0,-1.0,-7.0
2023-12-22,09:00,9.0,7.0,3.0,4.0,1.0,0.0,10.0,4.0
2023-12-22,10:00,-4.0,-6.0,-10.0,-9.0,-12.0,-13.0,-3.0,-9.0
2023-12-25,08:45,-21.0,-18.0,-18.0,-17.0,-15.0,-11.0,-16.0,-12.0
2023-12-25,09:00,-8.0,-5.0,-5.0,-4.0,-2.0,2.0,-3.0,1.0
2023-12-25,10:00,-13.0,-10.0,-10.0,-9.0,-7.0,-3.0,-8.0,-4.0
2023-12-26,08:45,78.0,86.0,82.0,82.0,80.0,78.0,78.0,85.0
2023-12-26,09:00,79.0,87.0,83.0,83.0,81.0,79.0,79.0,86.0
2023-12-26,10:00,25.0,33.0,29.0,29.0,27.0,25.0,25.0,32.0
2023-12-27,08:45,89.0,94.0,94.0,105.0,103.0,96.0,105.0,99.0
2023-12-27,09:00,100.0,105.0,105.0,116.0,114.0,107.0,116.0,110.0
2023-12-27,10:00,38.0,43.0,43.0,54.0,52.0,45.0,54.0,48.0
2023-12-28,08:45,9.0,9.0,10.0,7.0,5.0,3.0,8.0,13.0
2023-12-28,09:00,-7.0,-7.0,-6.0,-9.0,-11.0,-13.0,-8.0,-3.0
2023-12-28,10:00,-9.0,-9.0,-8.0,-11.0,-13.0,-15.0,-10.0,-5.0
2023-12-29,08:45,28.0,32.0,29.0,22.0,17.0,19.0,24.0,20.0
2023-12-29,09:00,24.0,28.0,25.0,18.0,13.0,15.0,20.0,16.0
2023-12-29,10:00,-5.0,-1.0,-4.0,-11.0,-16.0,-14.0,-9.0,-13.0
2024-01-02,08:45,-56.0,-54.0,-62.0,-55.0,-59.0,-57.0,-46.0,-43.0
2024-01-02,09:00,-105.0,-103.0,-111.0,-104.0,-108.0,-106.0,-95.0,-92.0
2024-01-02,10:00,-24.0,-22.0,-30.0,-23.0,-27.0,-25.0,-14.0,-11.0
2024-01-03,08:45,-109.0,-111.0,-108.0,-110.0,-100.0,-103.0,-113.0,-115.0
2024-01-03,09:00,-77.0,-79.0,-76.0,-78.0,-68.0,-71.0,-81.0,-83.0
2024-01-03,10:00,-36.0,-38.0,-35.0,-37.0,-27.0,-30.0,-40.0,-42.0
2024-01-04,08:45,4.0,1.0,6.0,12.0,8.0,2.0,15.0,15.0
2024-01-04,09:00,-17.0,-20.0,-15.0,-9.0,-13.0,-19.0,-6.0,-6.0
2024-01-04,10:00,-20.0,-23.0,-18.0,-12.0,-16.0,-22.0,-9.0,-9.0
2024-01-05,08:45,-63.0,-66.0,-63.0,-58.0,-60.0,-69.0,-63.0,-62.0
2024-01-05,09:00,-44.0,-47.0,-44.0,-39.0,-41.0,-50.0,-44.0,-43.0
2024-01-05,10:00,-43.0,-46.0,-43.0,-38.0,-40.0,-49.0,-43.0,-42.0
2024-01-08,08:45,38.0,39.0,39.0,35.0,27.0,28.0,19.0,27.0
2024-01-08,09:00,-23.0,-22.0,-22.0,-26.0,-34.0,-33.0,-42.0,-34.0
2024-01-08,10:00,-30.0,-29.0,-29.0,-33.0,-41.0,-40.0,-49.0,-41.0
2024-01-09,08:45,-198.0,-197.0,-202.0,-199.0,-204.0,-199.0,-210.0,-226.0
2024-01-09,09:00,-139.0,-138.0,-143.0,-140.0,-145.0,-140.0,-151.0,-167.0
2024-01-09,10:00,-43.0,-42.0,-47.0,-44.0,-49.0,-44.0,-55.0,-71.0
2024-01-10,08:45,-28.0,-30.0,-30.0,-27.0,-27.0,-35.0,-48.0,-52.0
2024-01-10,09:00,-3.0,-5.0,-5.0,-2.0,-2.0,-10.0,-23.0,-27.0
2024-01-10,10:00,3.0,1.0,1.0,4.0,4.0,-4.0,-17.0,-21.0
2024-01-11,08:45,96.0,104.0,99.0,95.0,92.0,91.0,82.0,85.0
2024-01-11,09:00,83.0,91.0,86.0,82.0,79.0,78.0,69.0,72.0
2024-01-11,10:00,79.0,87.0,82.0,78.0,75.0,74.0,65.0,68.0
2024-01-12,08:45,41.0,37.0,43.0,40.0,42.0,40.0,33.0,16.0
2024-01-12,09:00,46.0,42.0,48.0,45.0,47.0,45.0,38.0,21.0
2024-01-12,10:00,-19.0,-23.0,-17.0,-20.0,-18.0,-20.0,-27.0,-44.0
2024-01-15,08:45,25.0,12.0,-8.0,7.0,14.0,-1.0,1.0,-13.0
2024-01-15,09:00,1.0,-12.0,-32.0,-17.0,-10.0,-25.0,-23.0,-37.0
2024-01-15,10:00,55.0,42.0,22.0,37.0,44.0,29.0,31.0,17.0
2024-01-16,08:45,-102.0,-105.0,-101.0,-103.0,-109.0,-115.0,-136.0,-158.0
2024-01-16,09:00,-19.0,-22.0,-18.0,-20.0,-26.0,-32.0,-53.0,-75.0
2024-01-16,10:00,28.0,25.0,29.0,27.0,21.0,15.0,-6.0,-28.0
2024-01-17,08:45,-110.0,-113.0,-124.0,-101.0,-102.0,-94.0,-113.0,-106.0
2024-01-17,09:00,-112.0,-115.0,-126.0,-103.0,-104.0,-96.0,-115.0,-108.0
2024-01-17,10:00,-78.0,-81.0,-92.0,-69.0,-70.0,-62.0,-81.0,-74.0
2024-01-18,08:45,12.0,22.0,21.0,28.0,32.0,34.0,25.0,43.0
2024-01-18,09:00,-45.0,-35.0,-36.0,-29.0,-25.0,-23.0,-32.0,-14.0
2024-01-18,10:00,-4.0,6.0,5.0,12.0,16.0,18.0,9.0,27.0
2024-01-19,08:45,137.0,140.0,139.0,126.0,126.0,127.0,134.0,143.0
2024-01-19,09:00,94.0,97.0,96.0,83.0,83.0,84.0,91.0,100.0
2024-01-19,10:00,91.0,94.0,93.0,80.0,80.0,81.0,88.0,97.0
2024-01-22,08:45,-43.0,-45.0,-39.0,-30.0,-32.0,-19.0,-25.0,-9.0
2024-01-22,09:00,-4.0,-6.0,0.0,9.0,7.0,20.0,14.0,30.0
2024-01-22,10:00,-34.0,-36.0,-30.0,-21.0,-23.0,-10.0,-16.0,0.0
2024-01-23,08:45,40.0,53.0,59.0,62.0,59.0,71.0,77.0,72.0
2024-01-23,09:00,-8.0,5.0,11.0,14.0,11.0,23.0,29.0,24.0
2024-01-23,10:00,-16.0,-3.0,3.0,6.0,3.0,15.0,21.0,16.0
2024-01-24,08:45,20.0,5.0,-4.0,-3.0,-17.0,-19.0,-15.0,-6.0
2024-01-24,09:00,26.0,11.0,2.0,3.0,-11.0,-13.0,-9.0,0.0
2024-01-24,10:00,-5.0,-20.0,-29.0,-28.0,-42.0,-44.0,-40.0,-31.0
2024-01-25,08:45,-34.0,-40.0,-32.0,-23.0,-26.0,-35.0,-34.0,-27.0
2024-01-25,09:00,-7.0,-13.0,-5.0,4.0,1.0,-8.0,-7.0,0.0
2024-01-25,10:00,-3.0,-9.0,-1.0,8.0,5.0,-4.0,-3.0,4.0
2024-01-26,08:45,10.0,22.0,26.0,33.0,27.0,27.0,32.0,49.0
2024-01-26,09:00,-25.0,-13.0,-9.0,-2.0,-8.0,-8.0,-3.0,14.0
2024-01-26,10:00,-30.0,-18.0,-14.0,-7.0,-13.0,-13.0,-8.0,9.0
2024-01-29,08:45,88.0,92.0,88.0,86.0,95.0,95.0,102.0,104.0
2024-01-29,09:00,114.0,118.0,114.0,112.0,121.0,121.0,128.0,130.0
2024-01-29,10:00,6.0,10.0,6.0,4.0,13.0,13.0,20.0,22.0
2024-01-30,08:45,-19.0,-20.0,-23.0,-28.0,-29.0,-25.0,-41.0,-51.0
2024-01-30,09:00,17.0,16.0,13.0,8.0,7.0,11.0,-5.0,-15.0
2024-01-30,10:00,-7.0,-8.0,-11.0,-16.0,-17.0,-13.0,-29.0,-39.0
2024-01-31,08:45,-56.0,-66.0,-59.0,-55.0,-59.0,-56.0,-59.0,-64.0
2024-01-31,09:00,-46.0,-56.0,-49.0,-45.0,-49.0,-46.0,-49.0,-54.0
2024-01-31,10:00,-9.0,-19.0,-12.0,-8.0,-12.0,-9.0,-12.0,-17.0
2024-02-01,08:45,-35.0,-43.0,-33.0,-23.0,-16.0,-20.0,-8.0,10.0
2024-02-01,09:00,-11.0,-19.0,-9.0,1.0,8.0,4.0,16.0,34.0
2024-02-01,10:00,42.0,34.0,44.0,54.0,61.0,57.0,69.0,87.0
2024-02-02,08:45,-18.0,-23.0,-21.0,-21.0,-20.0,-22.0,-11.0,-15.0
2024-02-02,09:00,41.0,36.0,38.0,38.0,39.0,37.0,48.0,44.0
2024-02-02,10:00,39.0,34.0,36.0,36.0,37.0,35.0,46.0,42.0
2024-02-05,08:45,76.0,73.0,78.0,81.0,86.0,77.0,70.0,72.0
2024-02-05,09:00,79.0,76.0,81.0,84.0,89.0,80.0,73.0,75.0
2024-02-05,10:00,49.0,46.0,51.0,54.0,59.0,50.0,43.0,45.0
2024-02-15,08:45,81.0,73.0,76.0,77.0,87.0,96.0,83.0,89.0
2024-02-15,09:00,20.0,12.0,15.0,16.0,26.0,35.0,22.0,28.0
2024-02-15,10:00,85.0,77.0,80.0,81.0,91.0,100.0,87.0,93.0
2024-02-16,08:45,-3.0,1.0,-10.0,-12.0,-10.0,-13.0,-18.0,-31.0
2024-02-16,09:00,-32.0,-28.0,-39.0,-41.0,-39.0,-42.0,-47.0,-60.0
2024-02-16,10:00,-21.0,-17.0,-28.0,-30.0,-28.0,-31.0,-36.0,-49.0
2024-02-19,08:45,5.0,13.0,8.0,5.0,5.0,2.0,-9.0,-4.0
2024-02-19,09:00,36.0,44.0,39.0,36.0,36.0,33.0,22.0,27.0
2024-02-19,10:00,20.0,28.0,23.0,20.0,20.0,17.0,6.0,11.0
2024-02-20,08:45,89.0,89.0,96.0,90.0,87.0,81.0,109.0,121.0
2024-02-20,09:00,117.0,117.0,124.0,118.0,115.0,109.0,137.0,149.0
2024-02-20,10:00,24.0,24.0,31.0,25.0,22.0,16.0,44.0,56.0
2024-02-21,08:45,-69.0,-67.0,-61.0,-68.0,-68.0,-70.0,-63.0,-61.0
2024-02-21,09:00,-30.0,-28.0,-22.0,-29.0,-29.0,-31.0,-24.0,-22.0
2024-02-21,10:00,-42.0,-40.0,-34.0,-41.0,-41.0,-43.0,-36.0,-34.0
2024-02-22,08:45,17.0,22.0,31.0,41.0,40.0,41.0,47.0,50.0
2024-02-22,09:00,-3.0,2.0,11.0,21.0,20.0,21.0,27.0,30.0
2024-02-22,10:00,54.0,59.0,68.0,78.0,77.0,78.0,84.0,87.0
2024-02-23,08:45,-55.0,-62.0,-61.0,-55.0,-64.0,-70.0,-78.0,-79.0
2024-02-23,09:00,-28.0,-35.0,-34.0,-28.0,-37.0,-43.0,-51.0,-52.0
2024-02-23,10:00,-17.0,-24.0,-23.0,-17.0,-26.0,-32.0,-40.0,-41.0
2024-02-26,08:45,57.0,56.0,66.0,68.0,75.0,75.0,56.0,49.0
2024-02-26,09:00,76.0,75.0,85.0,87.0,94.0,94.0,75.0,68.0
2024-02-26,10:00,32.0,31.0,41.0,43.0,50.0,50.0,31.0,24.0
2024-02-27,08:45,-77.0,-85.0,-82.0,-77.0,-75.0,-70.0,-73.0,-88.0
2024-02-27,09:00,-97.0,-105.0,-102.0,-97.0,-95.0,-90.0,-93.0,-108.0
2024-02-27,10:00,-61.0,-69.0,-66.0,-61.0,-59.0,-54.0,-57.0,-72.0
2024-02-29,08:45,149.0,176.0,180.0,180.0,171.0,164.0,147.0,155.0
2024-02-29,09:00,136.0,163.0,167.0,167.0,158.0,151.0,134.0,142.0
2024-02-29,10:00,114.0,141.0,145.0,145.0,136.0,129.0,112.0,120.0
2024-03-01,08:45,0.0,0.0,-7.0,-8.0,-9.0,-11.0,-16.0,-10.0
2024-03-01,09:00,-21.0,-21.0,-28.0,-29.0,-30.0,-32.0,-37.0,-31.0
2024-03-01,10:00,-3.0,-3.0,-10.0,-11.0,-12.0,-14.0,-19.0,-13.0
2024-03-04,08:45,159.0,159.0,161.0,159.0,148.0,149.0,142.0,166.0
2024-03-04,09:00,146.0,146.0,148.0,146.0,135.0,136.0,129.0,153.0
2024-03-04,10:00,19.0,19.0,21.0,19.0,8.0,9.0,2.0,26.0
2024-03-05,08:45,30.0,30.0,32.0,46.0,41.0,39.0,14.0,20.0
2024-03-05,09:00,25.0,25.0,27.0,41.0,36.0,34.0,9.0,15.0
2024-03-05,10:00,13.0,13.0,15.0,29.0,24.0,22.0,-3.0,3.0
2024-03-06,08:45,197.0,212.0,214.0,221.0,224.0,214.0,214.0,229.0
2024-03-06,09:00,195.0,210.0,212.0,219.0,222.0,212.0,212.0,227.0
2024-03-06,10:00,66.0,81.0,83.0,90.0,93.0,83.0,83.0,98.0
2024-03-07,08:45,66.0,78.0,75.0,56.0,43.0,23.0,9.0,16.0
2024-03-07,09:00,88.0,100.0,97.0,78.0,65.0,45.0,31.0,38.0
2024-03-07,10:00,90.0,102.0,99.0,80.0,67.0,47.0,33.0,40.0
2024-03-08,08:45,-132.0,-129.0,-130.0,-118.0,-130.0,-138.0,-139.0,-134.0
2024-03-08,09:00,-174.0,-171.0,-172.0,-160.0,-172.0,-180.0,-181.0,-176.0
2024-03-08,10:00,-163.0,-160.0,-161.0,-149.0,-161.0,-169.0,-170.0,-165.0
2024-03-11,08:45,5.0,19.0,20.0,19.0,14.0,20.0,29.0,19.0
2024-03-11,09:00,-15.0,-1.0,0.0,-1.0,-6.0,0.0,9.0,-1.0
2024-03-11,10:00,-50.0,-36.0,-35.0,-36.0,-41.0,-35.0,-26.0,-36.0
2024-03-12,08:45,213.0,208.0,232.0,220.0,212.0,225.0,222.0,244.0
2024-03-12,09:00,226.0,221.0,245.0,233.0,225.0,238.0,235.0,257.0
2024-03-12,10:00,146.0,141.0,165.0,153.0,145.0,158.0,155.0,177.0
2024-03-13,08:45,-62.0,-50.0,-57.0,-57.0,-49.0,-58.0,-53.0,-64.0
2024-03-13,09:00,-99.0,-87.0,-94.0,-94.0,-86.0,-95.0,-90.0,-101.0
2024-03-13,10:00,-25.0,-13.0,-20.0,-20.0,-12.0,-21.0,-16.0,-27.0
2024-03-14,08:45,6.0,12.0,10.0,4.0,10.0,6.0,27.0,38.0
2024-03-14,09:00,-28.0,-22.0,-24.0,-30.0,-24.0,-28.0,-7.0,4.0
2024-03-14,10:00,-18.0,-12.0,-14.0,-20.0,-14.0,-18.0,3.0,14.0
2024-03-15,08:45,-47.0,-39.0,-17.0,-27.0,-26.0,-20.0,-64.0,-101.0
2024-03-15,09:00,-8.0,0.0,22.0,12.0,13.0,19.0,-25.0,-62.0
2024-03-15,10:00,-56.0,-48.0,-26.0,-36.0,-35.0,-29.0,-73.0,-110.0
2024-03-18,08:45,73.0,103.0,100.0,104.0,105.0,124.0,118.0,132.0
2024-03-18,09:00,91.0,121.0,118.0,122.0,123.0,142.0,136.0,150.0
2024-03-18,10:00,63.0,93.0,90.0,94.0,95.0,114.0,108.0,122.0
2024-03-19,08:45,89.0,74.0,75.0,58.0,63.0,60.0,53.0,51.0
2024-03-19,09:00,130.0,115.0,116.0,99.0,104.0,101.0,94.0,92.0
2024-03-19,10:00,102.0,87.0,88.0,71.0,76.0,73.0,66.0,64.0
2024-03-20,08:45,-30.0,-55.0,-47.0,-51.0,-43.0,-28.0,-22.0,-26.0
2024-03-20,09:00,-77.0,-102.0,-94.0,-98.0,-90.0,-75.0,-69.0,-73.0
2024-03-20,10:00,-22.0,-47.0,-39.0,-43.0,-35.0,-20.0,-14.0,-18.0
2024-03-21,08:45,181.0,195.0,213.0,195.0,196.0,197.0,195.0,222.0
2024-03-21,09:00,184.0,198.0,216.0,198.0,199.0,200.0,198.0,225.0
2024-03-21,10:00,127.0,141.0,159.0,141.0,142.0,143.0,141.0,168.0
2024-03-22,08:45,0.0,-6.0,-5.0,-4.0,4.0,14.0,14.0,27.0
2024-03-22,09:00,-27.0,-33.0,-32.0,-31.0,-23.0,-13.0,-13.0,0.0
2024-03-22,10:00,45.0,39.0,40.0,41.0,49.0,59.0,59.0,72.0
2024-03-25,08:45,34.0,37.0,36.0,37.0,14.0,11.0,-10.0,-24.0
2024-03-25,09:00,65.0,68.0,67.0,68.0,45.0,42.0,21.0,7.0
2024-03-25,10:00,67.0,70.0,69.0,70.0,47.0,44.0,23.0,9.0
2024-03-26,08:45,-50.0,-79.0,-69.0,-57.0,-69.0,-71.0,-94.0,-87.0
2024-03-26,09:00,-88.0,-117.0,-107.0,-95.0,-107.0,-109.0,-132.0,-125.0
2024-03-26,10:00,-39.0,-68.0,-58.0,-46.0,-58.0,-60.0,-83.0,-76.0
2024-03-27,08:45,94.0,78.0,81.0,95.0,85.0,86.0,66.0,79.0
2024-03-27,09:00,67.0,51.0,54.0,68.0,58.0,59.0,39.0,52.0
2024-03-27,10:00,63.0,47.0,50.0,64.0,54.0,55.0,35.0,48.0
2024-03-28,08:45,-17.0,-22.0,-11.0,-11.0,-12.0,-23.0,-30.0,-36.0
2024-03-28,09:00,9.0,4.0,15.0,15.0,14.0,3.0,-4.0,-10.0
2024-03-28,10:00,48.0,43.0,54.0,54.0,53.0,42.0,35.0,29.0
2024-03-29,08:45,56.0,66.0,55.0,62.0,45.0,40.0,45.0,59.0
2024-03-29,09:00,39.0,49.0,38.0,45.0,28.0,23.0,28.0,42.0
2024-03-29,10:00,4.0,14.0,3.0,10.0,-7.0,-12.0,-7.0,7.0
2024-04-01,08:45,-92.0,-100.0,-98.0,-104.0,-106.0,-113.0,-112.0,-105.0
2024-04-01,09:00,-50.0,-58.0,-56.0,-62.0,-64.0,-71.0,-70.0,-63.0
2024-04-01,10:00,-3.0,-11.0,-9.0,-15.0,-17.0,-24.0,-23.0,-16.0
2024-04-02,08:45,135.0,142.0,145.0,140.0,136.0,138.0,146.0,167.0
2024-04-02,09:00,105.0,112.0,115.0,110.0,106.0,108.0,116.0,137.0
2024-04-02,10:00,42.0,49.0,52.0,47.0,43.0,45.0,53.0,74.0
2024-04-03,08:45,-19.0,-13.0,1.0,-1.0,-1.0,3.0,-12.0,-24.0
2024-04-03,09:00,-14.0,-8.0,6.0,4.0,4.0,8.0,-7.0,-19.0
2024-04-03,10:00,58.0,64.0,78.0,76.0,76.0,80.0,65.0,53.0
2024-04-08,08:45,80.0,80.0,84.0,77.0,72.0,63.0,49.0,46.0
2024-04-08,09:00,80.0,80.0,84.0,77.0,72.0,63.0,49.0,46.0
2024-04-08,10:00,12.0,12.0,16.0,9.0,4.0,-5.0,-19.0,-22.0
2024-04-09,08:45,310.0,317.0,328.0,332.0,334.0,332.0,325.0,333.0
2024-04-09,09:00,319.0,326.0,337.0,341.0,343.0,341.0,334.0,342.0
2024-04-09,10:00,184.0,191.0,202.0,206.0,208.0,206.0,199.0,207.0
2024-04-10,08:45,24.0,29.0,29.0,28.0,31.0,31.0,10.0,29.0
2024-04-10,09:00,14.0,19.0,19.0,18.0,21.0,21.0,0.0,19.0
2024-04-10,10:00,-17.0,-12.0,-12.0,-13.0,-10.0,-10.0,-31.0,-12.0
2024-04-11,08:45,19.0,12.0,14.0,20.0,36.0,34.0,36.0,47.0
2024-04-11,09:00,19.0,12.0,14.0,20.0,36.0,34.0,36.0,47.0
2024-04-11,10:00,-7.0,-14.0,-12.0,-6.0,10.0,8.0,10.0,21.0
2024-04-12,08:45,16.0,16.0,15.0,13.0,8.0,8.0,15.0,6.0
2024-04-12,09:00,52.0,52.0,51.0,49.0,44.0,44.0,51.0,42.0
2024-04-12,10:00,25.0,25.0,24.0,22.0,17.0,17.0,24.0,15.0
2024-04-15,08:45,14.0,8.0,8.0,4.0,6.0,8.0,-23.0,-21.0
2024-04-15,09:00,-17.0,-23.0,-23.0,-27.0,-25.0,-23.0,-54.0,-52.0
2024-04-15,10:00,-27.0,-33.0,-33.0,-37.0,-35.0,-33.0,-64.0,-62.0
2024-04-16,08:45,-422.0,-350.0,-314.0,-320.0,-322.0,-332.0,-347.0,-339.0
2024-04-16,09:00,-392.0,-320.0,-284.0,-290.0,-292.0,-302.0,-317.0,-309.0
2024-04-16,10:00,-168.0,-96.0,-60.0,-66.0,-68.0,-78.0,-93.0,-85.0
2024-04-17,08:45,251.0,248.0,230.0,236.0,232.0,225.0,222.0,215.0
2024-04-17,09:00,182.0,179.0,161.0,167.0,163.0,156.0,153.0,146.0
2024-04-17,10:00,146.0,143.0,125.0,131.0,127.0,120.0,117.0,110.0
2024-04-18,08:45,254.0,231.0,226.0,232.0,236.0,261.0,239.0,287.0
2024-04-18,09:00,268.0,245.0,240.0,246.0,250.0,275.0,253.0,301.0
2024-04-18,10:00,178.0,155.0,150.0,156.0,160.0,185.0,163.0,211.0
2024-04-19,08:45,-259.0,-275.0,-283.0,-316.0,-321.0,-306.0,-310.0,-314.0
2024-04-19,09:00,-278.0,-294.0,-302.0,-335.0,-340.0,-325.0,-329.0,-333.0
2024-04-19,10:00,-54.0,-70.0,-78.0,-111.0,-116.0,-101.0,-105.0,-109.0
2024-04-22,08:45,-62.0,-72.0,-100.0,-99.0,-107.0,-122.0,-132.0,-100.0
2024-04-22,09:00,43.0,33.0,5.0,6.0,-2.0,-17.0,-27.0,5.0
2024-04-22,10:00,-74.0,-84.0,-112.0,-111.0,-119.0,-134.0,-144.0,-112.0
2024-04-23,08:45,46.0,51.0,39.0,36.0,44.0,52.0,26.0,32.0
2024-04-23,09:00,-44.0,-39.0,-51.0,-54.0,-46.0,-38.0,-64.0,-58.0
2024-04-23,10:00,103.0,108.0,96.0,93.0,101.0,109.0,83.0,89.0
2024-04-24,08:45,259.0,268.0,267.0,256.0,263.0,248.0,235.0,247.0
2024-04-24,09:00,233.0,242.0,241.0,230.0,237.0,222.0,209.0,221.0
2024-04-24,10:00,61.0,70.0,69.0,58.0,65.0,50.0,37.0,49.0
2024-04-25,08:45,-73.0,-72.0,-66.0,-66.0,-66.0,-65.0,-66.0,-62.0
2024-04-25,09:00,-59.0,-58.0,-52.0,-52.0,-52.0,-51.0,-52.0,-48.0
2024-04-25,10:00,-13.0,-12.0,-6.0,-6.0,-6.0,-5.0,-6.0,-2.0
2024-04-26,08:45,52.0,29.0,47.0,54.0,53.0,44.0,34.0,51.0
2024-04-26,09:00,68.0,45.0,63.0,70.0,69.0,60.0,50.0,67.0
2024-04-26,10:00,-72.0,-95.0,-77.0,-70.0,-71.0,-80.0,-90.0,-73.0
2024-04-29,08:45,170.0,150.0,152.0,177.0,176.0,169.0,178.0,207.0
2024-04-29,09:00,150.0,130.0,132.0,157.0,156.0,149.0,158.0,187.0
2024-04-29,10:00,-38.0,-58.0,-56.0,-31.0,-32.0,-39.0,-30.0,-1.0
2024-04-30,08:45,33.0,32.0,34.0,30.0,21.0,13.0,-42.0,-88.0
2024-04-30,09:00,26.0,25.0,27.0,23.0,14.0,6.0,-49.0,-95.0
2024-04-30,10:00,18.0,17.0,19.0,15.0,6.0,-2.0,-57.0,-103.0
2024-05-02,08:45,60.0,29.0,35.0,57.0,56.0,71.0,41.0,39.0
2024-05-02,09:00,-30.0,-61.0,-55.0,-33.0,-34.0,-19.0,-49.0,-51.0
2024-05-02,10:00,-10.0,-41.0,-35.0,-13.0,-14.0,1.0,-29.0,-31.0
2024-05-03,08:45,-222.0,-232.0,-220.0,-207.0,-211.0,-201.0,-186.0,-169.0
2024-05-03,09:00,-214.0,-224.0,-212.0,-199.0,-203.0,-193.0,-178.0,-161.0
2024-05-03,10:00,-136.0,-146.0,-134.0,-121.0,-125.0,-115.0,-100.0,-83.0
2024-05-06,08:45,-75.0,-65.0,-60.0,-48.0,-52.0,-63.0,-90.0,-85.0
2024-05-06,09:00,-21.0,-11.0,-6.0,6.0,2.0,-9.0,-36.0,-31.0
2024-05-06,10:00,-73.0,-63.0,-58.0,-46.0,-50.0,-61.0,-88.0,-83.0
2024-05-07,08:45,-78.0,-72.0,-70.0,-57.0,-60.0,-80.0,-74.0,-83.0
2024-05-07,09:00,-90.0,-84.0,-82.0,-69.0,-72.0,-92.0,-86.0,-95.0
2024-05-07,10:00,20.0,26.0,28.0,41.0,38.0,18.0,24.0,15.0
2024-05-08,08:45,97.0,88.0,92.0,97.0,105.0,92.0,108.0,107.0
2024-05-08,09:00,90.0,81.0,85.0,90.0,98.0,85.0,101.0,100.0
2024-05-08,10:00,73.0,64.0,68.0,73.0,81.0,68.0,84.0,83.0
2024-05-09,08:45,-52.0,-47.0,-44.0,-56.0,-65.0,-66.0,-94.0,-109.0
2024-05-09,09:00,-26.0,-21.0,-18.0,-30.0,-39.0,-40.0,-68.0,-83.0
2024-05-09,10:00,-69.0,-64.0,-61.0,-73.0,-82.0,-83.0,-111.0,-126.0
2024-05-10,08:45,63.0,93.0,80.0,81.0,79.0,70.0,57.0,85.0
2024-05-10,09:00,69.0,99.0,86.0,87.0,85.0,76.0,63.0,91.0
2024-05-10,10:00,146.0,176.0,163.0,164.0,162.0,153.0,140.0,168.0
2024-05-13,08:45,-79.0,-60.0,-58.0,-53.0,-61.0,-66.0,-59.0,-56.0
2024-05-13,09:00,-89.0,-70.0,-68.0,-63.0,-71.0,-76.0,-69.0,-66.0
2024-05-13,10:00,-54.0,-35.0,-33.0,-28.0,-36.0,-41.0,-34.0,-31.0
2024-05-14,08:45,108.0,109.0,115.0,109.0,121.0,122.0,120.0,129.0
2024-05-14,09:00,105.0,106.0,112.0,106.0,118.0,119.0,117.0,126.0
2024-05-14,10:00,60.0,61.0,67.0,61.0,73.0,74.0,72.0,81.0
2024-05-15,08:45,29.0,12.0,25.0,18.0,19.0,18.0,25.0,56.0
2024-05-15,09:00,71.0,54.0,67.0,60.0,61.0,60.0,67.0,98.0
2024-05-15,10:00,-66.0,-83.0,-70.0,-77.0,-76.0,-77.0,-70.0,-39.0
2024-05-16,08:45,-112.0,-116.0,-123.0,-129.0,-116.0,-126.0,-106.0,-95.0
2024-05-16,09:00,-107.0,-111.0,-118.0,-124.0,-111.0,-121.0,-101.0,-90.0
2024-05-16,10:00,-123.0,-127.0,-134.0,-140.0,-127.0,-137.0,-117.0,-106.0
2024-05-17,08:45,10.0,38.0,40.0,55.0,51.0,43.0,18.0,33.0
2024-05-17,09:00,-56.0,-28.0,-26.0,-11.0,-15.0,-23.0,-48.0,-33.0
2024-05-17,10:00,-94.0,-66.0,-64.0,-49.0,-53.0,-61.0,-86.0,-71.0
2024-05-20,08:45,-172.0,-117.0,-112.0,-108.0,-106.0,-114.0,-109.0,-137.0
2024-05-20,09:00,-123.0,-68.0,-63.0,-59.0,-57.0,-65.0,-60.0,-88.0
2024-05-20,10:00,-81.0,-26.0,-21.0,-17.0,-15.0,-23.0,-18.0,-46.0
2024-05-21,08:45,-42.0,-45.0,-37.0,-46.0,-56.0,-59.0,-38.0,-52.0
2024-05-21,09:00,-6.0,-9.0,-1.0,-10.0,-20.0,-23.0,-2.0,-16.0
2024-05-21,10:00,86.0,83.0,91.0,82.0,72.0,69.0,90.0,76.0
2024-05-22,08:45,304.0,305.0,304.0,299.0,291.0,293.0,287.0,292.0
2024-05-22,09:00,235.0,236.0,235.0,230.0,222.0,224.0,218.0,223.0
2024-05-22,10:00,151.0,152.0,151.0,146.0,138.0,140.0,134.0,139.0
2024-05-23,08:45,4.0,6.0,-13.0,-11.0,-5.0,1.0,-8.0,-14.0
2024-05-23,09:00,7.0,9.0,-10.0,-8.0,-2.0,4.0,-5.0,-11.0
2024-05-23,10:00,26.0,28.0,9.0,11.0,17.0,23.0,14.0,8.0
2024-05-24,08:45,136.0,140.0,138.0,142.0,128.0,133.0,135.0,119.0
2024-05-24,09:00,155.0,159.0,157.0,161.0,147.0,152.0,154.0,138.0
2024-05-24,10:00,21.0,25.0,23.0,27.0,13.0,18.0,20.0,4.0
2024-05-27,08:45,166.0,165.0,171.0,173.0,182.0,177.0,183.0,199.0
2024-05-27,09:00,149.0,148.0,154.0,156.0,165.0,160.0,166.0,182.0
2024-05-27,10:00,-69.0,-70.0,-64.0,-62.0,-53.0,-58.0,-52.0,-36.0
2024-05-28,08:45,64.0,82.0,101.0,94.0,110.0,106.0,74.0,65.0
2024-05-28,09:00,83.0,101.0,120.0,113.0,129.0,125.0,93.0,84.0
2024-05-28,10:00,14.0,32.0,51.0,44.0,60.0,56.0,24.0,15.0
2024-05-29,08:45,-89.0,-74.0,-73.0,-81.0,-93.0,-89.0,-122.0,-142.0
2024-05-29,09:00,-95.0,-80.0,-79.0,-87.0,-99.0,-95.0,-128.0,-148.0
2024-05-29,10:00,-55.0,-40.0,-39.0,-47.0,-59.0,-55.0,-88.0,-108.0
2024-05-30,08:45,-72.0,-102.0,-108.0,-117.0,-105.0,-110.0,-110.0,-115.0
2024-05-30,09:00,-57.0,-87.0,-93.0,-102.0,-90.0,-95.0,-95.0,-100.0
2024-05-30,10:00,-86.0,-116.0,-122.0,-131.0,-119.0,-124.0,-124.0,-129.0
2024-05-31,08:45,-140.0,-159.0,-152.0,-147.0,-176.0,-189.0,-241.0,-226.0
2024-05-31,09:00,-112.0,-131.0,-124.0,-119.0,-148.0,-161.0,-213.0,-198.0
2024-05-31,10:00,-196.0,-215.0,-208.0,-203.0,-232.0,-245.0,-297.0,-282.0
2024-06-03,08:45,164.0,152.0,150.0,155.0,175.0,174.0,166.0,185.0
2024-06-03,09:00,93.0,81.0,79.0,84.0,104.0,103.0,95.0,114.0
2024-06-03,10:00,77.0,65.0,63.0,68.0,88.0,87.0,79.0,98.0
2024-06-04,08:45,-264.0,-258.0,-256.0,-222.0,-221.0,-225.0,-228.0,-246.0
2024-06-04,09:00,-201.0,-195.0,-193.0,-159.0,-158.0,-162.0,-165.0,-183.0
2024-06-04,10:00,-179.0,-173.0,-171.0,-137.0,-136.0,-140.0,-143.0,-161.0
2024-06-05,08:45,130.0,113.0,125.0,109.0,92.0,102.0,100.0,121.0
2024-06-05,09:00,87.0,70.0,82.0,66.0,49.0,59.0,57.0,78.0
2024-06-05,10:00,96.0,79.0,91.0,75.0,58.0,68.0,66.0,87.0
2024-06-06,08:45,119.0,114.0,131.0,118.0,106.0,65.0,64.0,55.0
2024-06-06,09:00,70.0,65.0,82.0,69.0,57.0,16.0,15.0,6.0
2024-06-06,10:00,67.0,62.0,79.0,66.0,54.0,13.0,12.0,3.0
2024-06-07,08:45,19.0,16.0,31.0,21.0,21.0,11.0,1.0,62.0
2024-06-07,09:00,52.0,49.0,64.0,54.0,54.0,44.0,34.0,95.0
2024-06-07,10:00,16.0,13.0,28.0,18.0,18.0,8.0,-2.0,59.0
2024-06-11,08:45,-106.0,-86.0,-91.0,-84.0,-94.0,-99.0,-122.0,-121.0
2024-06-11,09:00,-51.0,-31.0,-36.0,-29.0,-39.0,-44.0,-67.0,-66.0
2024-06-11,10:00,-109.0,-89.0,-94.0,-87.0,-97.0,-102.0,-125.0,-124.0
2024-06-12,08:45,186.0,186.0,201.0,198.0,215.0,216.0,208.0,218.0
2024-06-12,09:00,203.0,203.0,218.0,215.0,232.0,233.0,225.0,235.0
2024-06-12,10:00,131.0,131.0,146.0,143.0,160.0,161.0,153.0,163.0
2024-06-13,08:45,27.0,9.0,-1.0,11.0,1.0,5.0,19.0,12.0
2024-06-13,09:00,54.0,36.0,26.0,38.0,28.0,32.0,46.0,39.0
2024-06-13,10:00,-74.0,-92.0,-102.0,-90.0,-100.0,-96.0,-82.0,-89.0
2024-06-14,08:45,206.0,207.0,197.0,190.0,201.0,189.0,210.0,242.0
2024-06-14,09:00,155.0,156.0,146.0,139.0,150.0,138.0,159.0,191.0
2024-06-14,10:00,133.0,134.0,124.0,117.0,128.0,116.0,137.0,169.0
2024-06-17,08:45,51.0,26.0,49.0,63.0,60.0,58.0,53.0,60.0
2024-06-17,09:00,40.0,15.0,38.0,52.0,49.0,47.0,42.0,49.0
2024-06-17,10:00,-69.0,-94.0,-71.0,-57.0,-60.0,-62.0,-67.0,-60.0
2024-06-18,08:45,64.0,61.0,70.0,67.0,73.0,64.0,61.0,59.0
2024-06-18,09:00,69.0,66.0,75.0,72.0,78.0,69.0,66.0,64.0
2024-06-18,10:00,87.0,84.0,93.0,90.0,96.0,87.0,84.0,82.0
2024-06-19,08:45,253.0,273.0,267.0,252.0,251.0,246.0,227.0,260.0
2024-06-19,09:00,252.0,272.0,266.0,251.0,250.0,245.0,226.0,259.0
2024-06-19,10:00,152.0,172.0,166.0,151.0,150.0,145.0,126.0,159.0
2024-06-20,08:45,194.0,200.0,187.0,189.0,188.0,187.0,201.0,236.0
2024-06-20,09:00,230.0,236.0,223.0,225.0,224.0,223.0,237.0,272.0
2024-06-20,10:00,160.0,166.0,153.0,155.0,154.0,153.0,167.0,202.0
2024-06-21,08:45,181.0,170.0,196.0,191.0,197.0,210.0,170.0,170.0
2024-06-21,09:00,120.0,109.0,135.0,130.0,136.0,149.0,109.0,109.0
2024-06-21,10:00,16.0,5.0,31.0,26.0,32.0,45.0,5.0,5.0
2024-06-24,08:45,-324.0,-333.0,-322.0,-316.0,-306.0,-299.0,-310.0,-301.0
2024-06-24,09:00,-246.0,-255.0,-244.0,-238.0,-228.0,-221.0,-232.0,-223.0
2024-06-24,10:00,-86.0,-95.0,-84.0,-78.0,-68.0,-61.0,-72.0,-63.0
2024-06-25,08:45,135.0,140.0,152.0,173.0,156.0,143.0,159.0,155.0
2024-06-25,09:00,110.0,115.0,127.0,148.0,131.0,118.0,134.0,130.0
2024-06-25,10:00,99.0,104.0,116.0,137.0,120.0,107.0,123.0,119.0
2024-06-26,08:45,24.0,36.0,54.0,56.0,69.0,69.0,55.0,64.0
2024-06-26,09:00,15.0,27.0,45.0,47.0,60.0,60.0,46.0,55.0
2024-06-26,10:00,-152.0,-140.0,-122.0,-120.0,-107.0,-107.0,-121.0,-112.0
2024-06-27,08:45,178.0,171.0,169.0,175.0,179.0,181.0,196.0,181.0
2024-06-27,09:00,153.0,146.0,144.0,150.0,154.0,156.0,171.0,156.0
2024-06-27,10:00,71.0,64.0,62.0,68.0,72.0,74.0,89.0,74.0
2024-06-28,08:45,106.0,88.0,83.0,83.0,85.0,72.0,47.0,59.0
2024-06-28,09:00,197.0,179.0,174.0,174.0,176.0,163.0,138.0,150.0
2024-06-28,10:00,-3.0,-21.0,-26.0,-26.0,-24.0,-37.0,-62.0,-50.0
2024-07-01,08:45,32.0,28.0,20.0,16.0,-10.0,19.0,38.0,28.0
2024-07-01,09:00,-10.0,-14.0,-22.0,-26.0,-52.0,-23.0,-4.0,-14.0
2024-07-01,10:00,-123.0,-127.0,-135.0,-139.0,-165.0,-136.0,-117.0,-127.0
2024-07-02,08:45,-43.0,-55.0,-53.0,-42.0,-39.0,-28.0,-30.0,-26.0
2024-07-02,09:00,-29.0,-41.0,-39.0,-28.0,-25.0,-14.0,-16.0,-12.0
2024-07-02,10:00,-133.0,-145.0,-143.0,-132.0,-129.0,-118.0,-120.0,-116.0
2024-07-03,08:45,76.0,71.0,62.0,68.0,61.0,57.0,72.0,111.0
2024-07-03,09:00,72.0,67.0,58.0,64.0,57.0,53.0,68.0,107.0
2024-07-03,10:00,133.0,128.0,119.0,125.0,118.0,114.0,129.0,168.0
2024-07-04,08:45,124.0,105.0,108.0,119.0,135.0,116.0,123.0,136.0
2024-07-04,09:00,129.0,110.0,113.0,124.0,140.0,121.0,128.0,141.0
2024-07-04,10:00,27.0,8.0,11.0,22.0,38.0,19.0,26.0,39.0
2024-07-05,08:45,-69.0,-90.0,-93.0,-104.0,-96.0,-107.0,-108.0,-75.0
2024-07-05,09:00,-57.0,-78.0,-81.0,-92.0,-84.0,-95.0,-96.0,-63.0
2024-07-05,10:00,-44.0,-65.0,-68.0,-79.0,-71.0,-82.0,-83.0,-50.0
2024-07-08,08:45,404.0,393.0,399.0,383.0,383.0,377.0,369.0,367.0
2024-07-08,09:00,392.0,381.0,387.0,371.0,371.0,365.0,357.0,355.0
2024-07-08,10:00,137.0,126.0,132.0,116.0,116.0,110.0,102.0,100.0
2024-07-09,08:45,-97.0,-94.0,-75.0,-69.0,-61.0,-83.0,-70.0,-58.0
2024-07-09,09:00,-46.0,-43.0,-24.0,-18.0,-10.0,-32.0,-19.0,-7.0
2024-07-09,10:00,111.0,114.0,133.0,139.0,147.0,125.0,138.0,150.0
2024-07-10,08:45,245.0,244.0,238.0,230.0,233.0,235.0,236.0,254.0
2024-07-10,09:00,190.0,189.0,183.0,175.0,178.0,180.0,181.0,199.0
2024-07-10,10:00,283.0,282.0,276.0,268.0,271.0,273.0,274.0,292.0
2024-07-11,08:45,106.0,77.0,87.0,77.0,70.0,66.0,84.0,108.0
2024-07-11,09:00,155.0,126.0,136.0,126.0,119.0,115.0,133.0,157.0
2024-07-11,10:00,67.0,38.0,48.0,38.0,31.0,27.0,45.0,69.0
2024-07-12,08:45,-199.0,-212.0,-258.0,-248.0,-254.0,-235.0,-200.0,-242.0
2024-07-12,09:00,-82.0,-95.0,-141.0,-131.0,-137.0,-118.0,-83.0,-125.0
2024-07-12,10:00,11.0,-2.0,-48.0,-38.0,-44.0,-25.0,10.0,-32.0
2024-07-15,08:45,-226.0,-235.0,-236.0,-243.0,-250.0,-244.0,-250.0,-230.0
2024-07-15,09:00,-118.0,-127.0,-128.0,-135.0,-142.0,-136.0,-142.0,-122.0
2024-07-15,10:00,-52.0,-61.0,-62.0,-69.0,-76.0,-70.0,-76.0,-56.0
2024-07-16,08:45,155.0,126.0,115.0,115.0,121.0,110.0,139.0,171.0
2024-07-16,09:00,99.0,70.0,59.0,59.0,65.0,54.0,83.0,115.0
2024-07-16,10:00,-9.0,-38.0,-49.0,-49.0,-43.0,-54.0,-25.0,7.0
2024-07-17,08:45,-306.0,-317.0,-319.0,-311.0,-269.0,-260.0,-259.0,-254.0
2024-07-17,09:00,-127.0,-138.0,-140.0,-132.0,-90.0,-81.0,-80.0,-75.0
2024-07-17,10:00,-204.0,-215.0,-217.0,-209.0,-167.0,-158.0,-157.0,-152.0
2024-07-18,08:45,73.0,89.0,85.0,96.0,86.0,108.0,110.0,106.0
2024-07-18,09:00,66.0,82.0,78.0,89.0,79.0,101.0,103.0,99.0
2024-07-18,10:00,7.0,23.0,19.0,30.0,20.0,42.0,44.0,40.0
2024-07-19,08:45,-187.0,-220.0,-208.0,-248.0,-255.0,-248.0,-228.0,-237.0
2024-07-19,09:00,-160.0,-193.0,-181.0,-221.0,-228.0,-221.0,-201.0,-210.0
2024-07-19,10:00,7.0,-26.0,-14.0,-54.0,-61.0,-54.0,-34.0,-43.0
2024-07-22,08:45,-438.0,-428.0,-470.0,-464.0,-455.0,-476.0,-464.0,-484.0
2024-07-22,09:00,-431.0,-421.0,-463.0,-457.0,-448.0,-469.0,-457.0,-477.0
2024-07-22,10:00,100.0,110.0,68.0,74.0,83.0,62.0,74.0,54.0
2024-07-23,08:45,198.0,213.0,217.0,223.0,224.0,241.0,251.0,228.0
2024-07-23,09:00,149.0,164.0,168.0,174.0,175.0,192.0,202.0,179.0
2024-07-23,10:00,36.0,51.0,55.0,61.0,62.0,79.0,89.0,66.0
2024-07-26,08:45,54.0,29.0,30.0,36.0,42.0,52.0,75.0,39.0
2024-07-26,09:00,146.0,121.0,122.0,128.0,134.0,144.0,167.0,131.0
2024-07-26,10:00,90.0,65.0,66.0,72.0,78.0,88.0,111.0,75.0
2024-07-29,08:45,-184.0,-189.0,-188.0,-197.0,-200.0,-219.0,-185.0,-162.0
2024-07-29,09:00,-247.0,-252.0,-251.0,-260.0,-263.0,-282.0,-248.0,-225.0
2024-07-29,10:00,-195.0,-200.0,-199.0,-208.0,-211.0,-230.0,-196.0,-173.0
2024-07-30,08:45,328.0,367.0,351.0,283.0,306.0,329.0,313.0,323.0
2024-07-30,09:00,245.0,284.0,268.0,200.0,223.0,246.0,230.0,240.0
2024-07-30,10:00,386.0,425.0,409.0,341.0,364.0,387.0,371.0,381.0
2024-07-31,08:45,200.0,240.0,229.0,231.0,251.0,223.0,212.0,260.0
2024-07-31,09:00,173.0,213.0,202.0,204.0,224.0,196.0,185.0,233.0
2024-07-31,10:00,162.0,202.0,191.0,193.0,213.0,185.0,174.0,222.0
2024-08-01,08:45,-134.0,-137.0,-105.0,-105.0,-107.0,-102.0,-79.0,-66.0
2024-08-01,09:00,-94.0,-97.0,-65.0,-65.0,-67.0,-62.0,-39.0,-26.0
2024-08-01,10:00,31.0,28.0,60.0,60.0,58.0,63.0,86.0,99.0
2024-08-02,08:45,-360.0,-371.0,-354.0,-335.0,-359.0,-383.0,-378.0,-464.0
2024-08-02,09:00,-270.0,-281.0,-264.0,-245.0,-269.0,-293.0,-288.0,-374.0
2024-08-02,10:00,-327.0,-338.0,-321.0,-302.0,-326.0,-350.0,-345.0,-431.0
2024-08-05,08:45,-1088.0,-997.0,-1022.0,-1029.0,-1070.0,-1122.0,-1189.0,-1292.0
2024-08-05,09:00,-813.0,-722.0,-747.0,-754.0,-795.0,-847.0,-914.0,-1017.0
2024-08-05,10:00,-386.0,-295.0,-320.0,-327.0,-368.0,-420.0,-487.0,-590.0
2024-08-06,08:45,20.0,-36.0,-80.0,-81.0,-5.0,18.0,40.0,28.0
2024-08-06,09:00,-250.0,-306.0,-350.0,-351.0,-275.0,-252.0,-230.0,-242.0
2024-08-06,10:00,408.0,352.0,308.0,307.0,383.0,406.0,428.0,416.0
2024-08-07,08:45,716.0,737.0,733.0,729.0,750.0,742.0,734.0,641.0
2024-08-07,09:00,549.0,570.0,566.0,562.0,583.0,575.0,567.0,474.0
2024-08-07,10:00,54.0,75.0,71.0,67.0,88.0,80.0,72.0,-21.0
2024-08-08,08:45,125.0,146.0,149.0,158.0,143.0,101.0,115.0,4.0
2024-08-08,09:00,34.0,55.0,58.0,67.0,52.0,10.0,24.0,-87.0
2024-08-08,10:00,-20.0,1.0,4.0,13.0,-2.0,-44.0,-30.0,-141.0
2024-08-09,08:45,1.0,-53.0,32.0,67.0,77.0,93.0,122.0,178.0
2024-08-09,09:00,-16.0,-70.0,15.0,50.0,60.0,76.0,105.0,161.0
2024-08-09,10:00,-158.0,-212.0,-127.0,-92.0,-82.0,-66.0,-37.0,19.0
2024-08-12,08:45,60.0,72.0,63.0,82.0,75.0,77.0,101.0,76.0
2024-08-12,09:00,-5.0,7.0,-2.0,17.0,10.0,12.0,36.0,11.0
2024-08-12,10:00,-72.0,-60.0,-69.0,-50.0,-57.0,-55.0,-31.0,-56.0
2024-08-13,08:45,-54.0,-67.0,-87.0,-93.0,-94.0,-98.0,-79.0,-80.0
2024-08-13,09:00,-77.0,-90.0,-110.0,-116.0,-117.0,-121.0,-102.0,-103.0
2024-08-13,10:00,62.0,49.0,29.0,23.0,22.0,18.0,37.0,36.0
2024-08-14,08:45,-160.0,-150.0,-144.0,-140.0,-136.0,-148.0,-148.0,-162.0
2024-08-14,09:00,-105.0,-95.0,-89.0,-85.0,-81.0,-93.0,-93.0,-107.0
2024-08-14,10:00,-95.0,-85.0,-79.0,-75.0,-71.0,-83.0,-83.0,-97.0
2024-08-15,08:45,-42.0,-69.0,-68.0,-74.0,-65.0,-63.0,-87.0,-148.0
2024-08-15,09:00,-121.0,-148.0,-147.0,-153.0,-144.0,-142.0,-166.0,-227.0
2024-08-15,10:00,-17.0,-44.0,-43.0,-49.0,-40.0,-38.0,-62.0,-123.0
2024-08-16,08:45,35.0,26.0,33.0,26.0,15.0,14.0,20.0,21.0
2024-08-16,09:00,14.0,5.0,12.0,5.0,-6.0,-7.0,-1.0,0.0
2024-08-16,10:00,71.0,62.0,69.0,62.0,51.0,50.0,56.0,57.0
2024-08-19,08:45,-50.0,-44.0,-55.0,-51.0,-42.0,-54.0,-37.0,-45.0
2024-08-19,09:00,-44.0,-38.0,-49.0,-45.0,-36.0,-48.0,-31.0,-39.0
2024-08-19,10:00,-39.0,-33.0,-44.0,-40.0,-31.0,-43.0,-26.0,-34.0
2024-08-20,08:45,-135.0,-131.0,-126.0,-153.0,-149.0,-157.0,-132.0,-117.0
2024-08-20,09:00,-118.0,-114.0,-109.0,-136.0,-132.0,-140.0,-115.0,-100.0
2024-08-20,10:00,-81.0,-77.0,-72.0,-99.0,-95.0,-103.0,-78.0,-63.0
2024-08-21,08:45,-105.0,-95.0,-74.0,-63.0,-60.0,-64.0,-53.0,-85.0
2024-08-21,09:00,-95.0,-85.0,-64.0,-53.0,-50.0,-54.0,-43.0,-75.0
2024-08-21,10:00,-97.0,-87.0,-66.0,-55.0,-52.0,-56.0,-45.0,-77.0
2024-08-22,08:45,-147.0,-140.0,-150.0,-147.0,-151.0,-156.0,-150.0,-142.0
2024-08-22,09:00,-108.0,-101.0,-111.0,-108.0,-112.0,-117.0,-111.0,-103.0
2024-08-22,10:00,-73.0,-66.0,-76.0,-73.0,-77.0,-82.0,-76.0,-68.0
2024-08-23,08:45,195.0,190.0,183.0,185.0,191.0,185.0,177.0,183.0
2024-08-23,09:00,219.0,214.0,207.0,209.0,215.0,209.0,201.0,207.0
2024-08-23,10:00,242.0,237.0,230.0,232.0,238.0,232.0,224.0,230.0
2024-08-26,08:45,-40.0,-56.0,-78.0,-78.0,-76.0,-105.0,-58.0,-36.0
2024-08-26,09:00,-85.0,-101.0,-123.0,-123.0,-121.0,-150.0,-103.0,-81.0
2024-08-26,10:00,-204.0,-220.0,-242.0,-242.0,-240.0,-269.0,-222.0,-200.0
2024-08-27,08:45,6.0,3.0,34.0,80.0,55.0,52.0,38.0,34.0
2024-08-27,09:00,89.0,86.0,117.0,163.0,138.0,135.0,121.0,117.0
2024-08-27,10:00,20.0,17.0,48.0,94.0,69.0,66.0,52.0,48.0
2024-08-28,08:45,171.0,160.0,165.0,164.0,166.0,182.0,210.0,217.0
2024-08-28,09:00,182.0,171.0,176.0,175.0,177.0,193.0,221.0,228.0
2024-08-28,10:00,246.0,235.0,240.0,239.0,241.0,257.0,285.0,292.0
2024-08-29,08:45,264.0,281.0,266.0,251.0,219.0,223.0,219.0,216.0
2024-08-29,09:00,221.0,238.0,223.0,208.0,176.0,180.0,176.0,173.0
2024-08-29,10:00,223.0,240.0,225.0,210.0,178.0,182.0,178.0,175.0
2024-08-30,08:45,53.0,28.0,27.0,13.0,8.0,-1.0,-8.0,21.0
2024-08-30,09:00,88.0,63.0,62.0,48.0,43.0,34.0,27.0,56.0
2024-08-30,10:00,90.0,65.0,64.0,50.0,45.0,36.0,29.0,58.0
2024-09-02,08:45,-114.0,-115.0,-119.0,-134.0,-133.0,-121.0,-100.0,-110.0
2024-09-02,09:00,-196.0,-197.0,-201.0,-216.0,-215.0,-203.0,-182.0,-192.0
2024-09-02,10:00,-93.0,-94.0,-98.0,-113.0,-112.0,-100.0,-79.0,-89.0
2024-09-03,08:45,-113.0,-94.0,-93.0,-82.0,-87.0,-105.0,-120.0,-150.0
2024-09-03,09:00,-130.0,-111.0,-110.0,-99.0,-104.0,-122.0,-137.0,-167.0
2024-09-03,10:00,-204.0,-185.0,-184.0,-173.0,-178.0,-196.0,-211.0,-241.0
2024-09-04,08:45,-126.0,-162.0,-203.0,-225.0,-205.0,-196.0,-218.0,-296.0
2024-09-04,09:00,70.0,34.0,-7.0,-29.0,-9.0,0.0,-22.0,-100.0
2024-09-04,10:00,-132.0,-168.0,-209.0,-231.0,-211.0,-202.0,-224.0,-302.0
2024-09-05,08:45,-173.0,-213.0,-240.0,-193.0,-166.0,-171.0,-165.0,-116.0
2024-09-05,09:00,-124.0,-164.0,-191.0,-144.0,-117.0,-122.0,-116.0,-67.0
2024-09-05,10:00,-261.0,-301.0,-328.0,-281.0,-254.0,-259.0,-253.0,-204.0
2024-09-06,08:45,179.0,177.0,171.0,163.0,170.0,163.0,153.0,106.0
2024-09-06,09:00,187.0,185.0,179.0,171.0,178.0,171.0,161.0,114.0
2024-09-06,10:00,66.0,64.0,58.0,50.0,57.0,50.0,40.0,-7.0
2024-09-09,08:45,344.0,355.0,349.0,349.0,363.0,388.0,354.0,344.0
2024-09-09,09:00,284.0,295.0,289.0,289.0,303.0,328.0,294.0,284.0
2024-09-09,10:00,91.0,102.0,96.0,96.0,110.0,135.0,101.0,91.0
2024-09-10,08:45,-280.0,-236.0,-206.0,-183.0,-158.0,-160.0,-169.0,-235.0
2024-09-10,09:00,-247.0,-203.0,-173.0,-150.0,-125.0,-127.0,-136.0,-202.0
2024-09-10,10:00,-172.0,-128.0,-98.0,-75.0,-50.0,-52.0,-61.0,-127.0
2024-09-11,08:45,-64.0,-49.0,-50.0,-60.0,-76.0,-86.0,-136.0,-101.0
2024-09-11,09:00,-38.0,-23.0,-24.0,-34.0,-50.0,-60.0,-110.0,-75.0
2024-09-11,10:00,-21.0,-6.0,-7.0,-17.0,-33.0,-43.0,-93.0,-58.0
2024-09-12,08:45,98.0,100.0,97.0,77.0,75.0,70.0,97.0,120.0
2024-09-12,09:00,122.0,124.0,121.0,101.0,99.0,94.0,121.0,144.0
2024-09-12,10:00,10.0,12.0,9.0,-11.0,-13.0,-18.0,9.0,32.0
2024-09-13,08:45,-19.0,-16.0,5.0,3.0,-6.0,-10.0,11.0,40.0
2024-09-13,09:00,14.0,17.0,38.0,36.0,27.0,23.0,44.0,73.0
2024-09-13,10:00,70.0,73.0,94.0,92.0,83.0,79.0,100.0,129.0
2024-09-16,08:45,18.0,27.0,26.0,16.0,16.0,17.0,15.0,-8.0
2024-09-16,09:00,20.0,29.0,28.0,18.0,18.0,19.0,17.0,-6.0
2024-09-16,10:00,48.0,57.0,56.0,46.0,46.0,47.0,45.0,22.0
2024-09-18,08:45,-120.0,-92.0,-85.0,-87.0,-114.0,-86.0,-69.0,-67.0
2024-09-18,09:00,-161.0,-133.0,-126.0,-128.0,-155.0,-127.0,-110.0,-108.0
2024-09-18,10:00,-206.0,-178.0,-171.0,-173.0,-200.0,-172.0,-155.0,-153.0
2024-09-19,08:45,282.0,284.0,280.0,272.0,266.0,265.0,280.0,301.0
2024-09-19,09:00,337.0,339.0,335.0,327.0,321.0,320.0,335.0,356.0
2024-09-19,10:00,279.0,281.0,277.0,269.0,263.0,262.0,277.0,298.0
2024-09-20,08:45,-42.0,-72.0,-87.0,-93.0,-99.0,-134.0,-150.0,-126.0
2024-09-20,09:00,-65.0,-95.0,-110.0,-116.0,-122.0,-157.0,-173.0,-149.0
2024-09-20,10:00,-19.0,-49.0,-64.0,-70.0,-76.0,-111.0,-127.0,-103.0
2024-09-23,08:45,27.0,19.0,13.0,6.0,17.0,16.0,38.0,38.0
2024-09-23,09:00,39.0,31.0,25.0,18.0,29.0,28.0,50.0,50.0
2024-09-23,10:00,12.0,4.0,-2.0,-9.0,2.0,1.0,23.0,23.0
2024-09-24,08:45,85.0,120.0,153.0,179.0,180.0,177.0,194.0,189.0
2024-09-24,09:00,124.0,159.0,192.0,218.0,219.0,216.0,233.0,228.0
2024-09-24,10:00,174.0,209.0,242.0,268.0,269.0,266.0,283.0,278.0
2024-09-25,08:45,-30.0,-15.0,-2.0,18.0,-15.0,-31.0,1.0,-44.0
2024-09-25,09:00,33.0,48.0,61.0,81.0,48.0,32.0,64.0,19.0
2024-09-25,10:00,14.0,29.0,42.0,62.0,29.0,13.0,45.0,0.0
2024-09-26,08:45,-96.0,-114.0,-121.0,-102.0,-113.0,-102.0,-68.0,-67.0
2024-09-26,09:00,-103.0,-121.0,-128.0,-109.0,-120.0,-109.0,-75.0,-74.0
2024-09-26,10:00,-122.0,-140.0,-147.0,-128.0,-139.0,-128.0,-94.0,-93.0
2024-09-27,08:45,-182.0,-215.0,-238.0,-225.0,-227.0,-211.0,-265.0,-305.0
2024-09-27,09:00,-101.0,-134.0,-157.0,-144.0,-146.0,-130.0,-184.0,-224.0
2024-09-27,10:00,-70.0,-103.0,-126.0,-113.0,-115.0,-99.0,-153.0,-193.0
2024-09-30,08:45,-246.0,-252.0,-257.0,-268.0,-274.0,-261.0,-345.0,-350.0
2024-09-30,09:00,-271.0,-277.0,-282.0,-293.0,-299.0,-286.0,-370.0,-375.0
2024-09-30,10:00,-189.0,-195.0,-200.0,-211.0,-217.0,-204.0,-288.0,-293.0
2024-10-01,08:45,146.0,139.0,142.0,132.0,116.0,151.0,131.0,141.0
2024-10-01,09:00,13.0,6.0,9.0,-1.0,-17.0,18.0,-2.0,8.0
2024-10-01,10:00,-17.0,-24.0,-21.0,-31.0,-47.0,-12.0,-32.0,-22.0
2024-10-04,08:45,-52.0,-60.0,-46.0,-40.0,-14.0,-31.0,-10.0,-43.0
2024-10-04,09:00,-131.0,-139.0,-125.0,-119.0,-93.0,-110.0,-89.0,-122.0
2024-10-04,10:00,-132.0,-140.0,-126.0,-120.0,-94.0,-111.0,-90.0,-123.0
2024-10-07,08:45,210.0,213.0,210.0,211.0,212.0,206.0,218.0,211.0
2024-10-07,09:00,220.0,223.0,220.0,221.0,222.0,216.0,228.0,221.0
2024-10-07,10:00,110.0,113.0,110.0,111.0,112.0,106.0,118.0,111.0
2024-10-08,08:45,16.0,1.0,-11.0,-7.0,-10.0,-45.0,-16.0,-27.0
2024-10-08,09:00,40.0,25.0,13.0,17.0,14.0,-21.0,8.0,-3.0
2024-10-08,10:00,125.0,110.0,98.0,102.0,99.0,64.0,93.0,82.0
2024-10-09,08:45,-32.0,-28.0,-26.0,-29.0,-60.0,-57.0,-95.0,-70.0
2024-10-09,09:00,-94.0,-90.0,-88.0,-91.0,-122.0,-119.0,-157.0,-132.0
2024-10-09,10:00,-124.0,-120.0,-118.0,-121.0,-152.0,-149.0,-187.0,-162.0
2024-10-11,08:45,51.0,85.0,91.0,94.0,105.0,100.0,104.0,88.0
2024-10-11,09:00,68.0,102.0,108.0,111.0,122.0,117.0,121.0,105.0
2024-10-11,10:00,-128.0,-94.0,-88.0,-85.0,-74.0,-79.0,-75.0,-91.0
2024-10-14,08:45,32.0,40.0,36.0,23.0,39.0,7.0,13.0,7.0
2024-10-14,09:00,87.0,95.0,91.0,78.0,94.0,62.0,68.0,62.0
2024-10-14,10:00,138.0,146.0,142.0,129.0,145.0,113.0,119.0,113.0
2024-10-15,08:45,162.0,168.0,153.0,152.0,172.0,162.0,124.0,65.0
2024-10-15,09:00,215.0,221.0,206.0,205.0,225.0,215.0,177.0,118.0
2024-10-15,10:00,7.0,13.0,-2.0,-3.0,17.0,7.0,-31.0,-90.0
2024-10-16,08:45,175.0,142.0,120.0,115.0,101.0,106.0,122.0,112.0
2024-10-16,09:00,173.0,140.0,118.0,113.0,99.0,104.0,120.0,110.0
2024-10-16,10:00,61.0,28.0,6.0,1.0,-13.0,-8.0,8.0,-2.0
2024-10-17,08:45,62.0,71.0,118.0,104.0,85.0,100.0,28.0,125.0
2024-10-17,09:00,69.0,78.0,125.0,111.0,92.0,107.0,35.0,132.0
2024-10-17,10:00,95.0,104.0,151.0,137.0,118.0,133.0,61.0,158.0
2024-10-18,08:45,-278.0,-248.0,-266.0,-233.0,-216.0,-238.0,-225.0,-172.0
2024-10-18,09:00,-205.0,-175.0,-193.0,-160.0,-143.0,-165.0,-152.0,-99.0
2024-10-18,10:00,-216.0,-186.0,-204.0,-171.0,-154.0,-176.0,-163.0,-110.0
2024-10-21,08:45,-184.0,-194.0,-205.0,-209.0,-211.0,-232.0,-211.0,-239.0
2024-10-21,09:00,-134.0,-144.0,-155.0,-159.0,-161.0,-182.0,-161.0,-189.0
2024-10-21,10:00,-78.0,-88.0,-99.0,-103.0,-105.0,-126.0,-105.0,-133.0
2024-10-22,08:45,-99.0,-83.0,-73.0,-61.0,-51.0,-32.0,7.0,59.0
2024-10-22,09:00,-12.0,4.0,14.0,26.0,36.0,55.0,94.0,146.0
2024-10-22,10:00,6.0,22.0,32.0,44.0,54.0,73.0,112.0,164.0
2024-10-23,08:45,-127.0,-119.0,-101.0,-107.0,-83.0,-89.0,-106.0,-107.0
2024-10-23,09:00,-44.0,-36.0,-18.0,-24.0,0.0,-6.0,-23.0,-24.0
2024-10-23,10:00,-43.0,-35.0,-17.0,-23.0,1.0,-5.0,-22.0,-23.0
2024-10-24,08:45,-124.0,-122.0,-100.0,-94.0,-119.0,-100.0,-115.0,-75.0
2024-10-24,09:00,-150.0,-148.0,-126.0,-120.0,-145.0,-126.0,-141.0,-101.0
2024-10-24,10:00,-86.0,-84.0,-62.0,-56.0,-81.0,-62.0,-77.0,-37.0
2024-10-25,08:45,71.0,87.0,111.0,155.0,159.0,157.0,162.0,205.0
2024-10-25,09:00,38.0,54.0,78.0,122.0,126.0,124.0,129.0,172.0
2024-10-25,10:00,-4.0,12.0,36.0,80.0,84.0,82.0,87.0,130.0
2024-10-28,08:45,-257.0,-278.0,-275.0,-277.0,-271.0,-264.0,-310.0,-324.0
2024-10-28,09:00,-212.0,-233.0,-230.0,-232.0,-226.0,-219.0,-265.0,-279.0
2024-10-28,10:00,-6.0,-27.0,-24.0,-26.0,-20.0,-13.0,-59.0,-73.0
2024-10-29,08:45,-273.0,-272.0,-298.0,-271.0,-296.0,-276.0,-188.0,-173.0
2024-10-29,09:00,-177.0,-176.0,-202.0,-175.0,-200.0,-180.0,-92.0,-77.0
2024-10-29,10:00,71.0,72.0,46.0,73.0,48.0,68.0,156.0,171.0
2024-10-30,08:45,-197.0,-193.0,-165.0,-167.0,-159.0,-155.0,-183.0,-175.0
2024-10-30,09:00,-206.0,-202.0,-174.0,-176.0,-168.0,-164.0,-192.0,-184.0
2024-10-30,10:00,-246.0,-242.0,-214.0,-216.0,-208.0,-204.0,-232.0,-224.0
2024-11-01,08:45,375.0,367.0,378.0,394.0,414.0,367.0,356.0,349.0
2024-11-01,09:00,527.0,519.0,530.0,546.0,566.0,519.0,508.0,501.0
2024-11-01,10:00,206.0,198.0,209.0,225.0,245.0,198.0,187.0,180.0
2024-11-04,08:45,246.0,234.0,216.0,216.0,215.0,213.0,222.0,245.0
2024-11-04,09:00,219.0,207.0,189.0,189.0,188.0,186.0,195.0,218.0
2024-11-04,10:00,116.0,104.0,86.0,86.0,85.0,83.0,92.0,115.0
2024-11-05,08:45,237.0,256.0,275.0,266.0,267.0,245.0,285.0,324.0
2024-11-05,09:00,216.0,235.0,254.0,245.0,246.0,224.0,264.0,303.0
2024-11-05,10:00,-32.0,-13.0,6.0,-3.0,-2.0,-24.0,16.0,55.0
2024-11-06,08:45,74.0,70.0,58.0,-5.0,-26.0,-34.0,-11.0,62.0
2024-11-06,09:00,229.0,225.0,213.0,150.0,129.0,121.0,144.0,217.0
2024-11-06,10:00,216.0,212.0,200.0,137.0,116.0,108.0,131.0,204.0
2024-11-07,08:45,358.0,357.0,353.0,336.0,318.0,312.0,298.0,351.0
2024-11-07,09:00,401.0,400.0,396.0,379.0,361.0,355.0,341.0,394.0
2024-11-07,10:00,117.0,116.0,112.0,95.0,77.0,71.0,57.0,110.0
2024-11-08,08:45,-196.0,-162.0,-134.0,-135.0,-167.0,-152.0,-142.0,12.0
2024-11-08,09:00,-131.0,-97.0,-69.0,-70.0,-102.0,-87.0,-77.0,77.0
2024-11-08,10:00,-169.0,-135.0,-107.0,-108.0,-140.0,-125.0,-115.0,39.0
2024-11-11,08:45,-66.0,-63.0,-23.0,-7.0,-11.0,9.0,39.0,17.0
2024-11-11,09:00,-77.0,-74.0,-34.0,-18.0,-22.0,-2.0,28.0,6.0
2024-11-11,10:00,93.0,96.0,136.0,152.0,148.0,168.0,198.0,176.0
2024-11-12,08:45,47.0,39.0,12.0,23.0,-26.0,-34.0,-84.0,-149.0
2024-11-12,09:00,-93.0,-101.0,-128.0,-117.0,-166.0,-174.0,-224.0,-289.0
2024-11-12,10:00,-81.0,-89.0,-116.0,-105.0,-154.0,-162.0,-212.0,-277.0
2024-11-13,08:45,204.0,152.0,160.0,138.0,119.0,119.0,109.0,17.0
2024-11-13,09:00,81.0,29.0,37.0,15.0,-4.0,-4.0,-14.0,-106.0
2024-11-13,10:00,40.0,-12.0,-4.0,-26.0,-45.0,-45.0,-55.0,-147.0
2024-11-14,08:45,-8.0,-27.0,-30.0,-94.0,-95.0,-69.0,-60.0,-100.0
2024-11-14,09:00,-36.0,-55.0,-58.0,-122.0,-123.0,-97.0,-88.0,-128.0
2024-11-14,10:00,-2.0,-21.0,-24.0,-88.0,-89.0,-63.0,-54.0,-94.0
2024-11-15,08:45,127.0,155.0,160.0,167.0,172.0,144.0,118.0,49.0
2024-11-15,09:00,48.0,76.0,81.0,88.0,93.0,65.0,39.0,-30.0
2024-11-15,10:00,19.0,47.0,52.0,59.0,64.0,36.0,10.0,-59.0
2024-11-18,08:45,-54.0,-70.0,-89.0,-80.0,-57.0,-70.0,-69.0,-76.0
2024-11-18,09:00,-133.0,-149.0,-168.0,-159.0,-136.0,-149.0,-148.0,-155.0
2024-11-18,10:00,7.0,-9.0,-28.0,-19.0,4.0,-9.0,-8.0,-15.0
2024-11-19,08:45,279.0,256.0,274.0,266.0,239.0,237.0,211.0,223.0
2024-11-19,09:00,242.0,219.0,237.0,229.0,202.0,200.0,174.0,186.0
2024-11-19,10:00,163.0,140.0,158.0,150.0,123.0,121.0,95.0,107.0
2024-11-20,08:45,-149.0,-180.0,-179.0,-185.0,-153.0,-153.0,-163.0,-173.0
2024-11-20,09:00,-169.0,-200.0,-199.0,-205.0,-173.0,-173.0,-183.0,-193.0
2024-11-20,10:00,-79.0,-110.0,-109.0,-115.0,-83.0,-83.0,-93.0,-103.0
2024-11-21,08:45,-62.0,-52.0,-55.0,-48.0,-43.0,-11.0,-46.0,-84.0
2024-11-21,09:00,-11.0,-1.0,-4.0,3.0,8.0,40.0,5.0,-33.0
2024-11-21,10:00,13.0,23.0,20.0,27.0,32.0,64.0,29.0,-9.0
2024-11-22,08:45,195.0,200.0,216.0,192.0,199.0,201.0,171.0,228.0
2024-11-22,09:00,158.0,163.0,179.0,155.0,162.0,164.0,134.0,191.0
2024-11-22,10:00,77.0,82.0,98.0,74.0,81.0,83.0,53.0,110.0
2024-11-25,08:45,-185.0,-191.0,-204.0,-204.0,-209.0,-197.0,-222.0,-187.0
2024-11-25,09:00,-97.0,-103.0,-116.0,-116.0,-121.0,-109.0,-134.0,-99.0
2024-11-25,10:00,-74.0,-80.0,-93.0,-93.0,-98.0,-86.0,-111.0,-76.0
2024-11-26,08:45,-55.0,-36.0,-30.0,-41.0,-35.0,-6.0,-49.0,-95.0
2024-11-26,09:00,-85.0,-66.0,-60.0,-71.0,-65.0,-36.0,-79.0,-125.0
2024-11-26,10:00,-62.0,-43.0,-37.0,-48.0,-42.0,-13.0,-56.0,-102.0
2024-11-27,08:45,-210.0,-213.0,-216.0,-254.0,-257.0,-230.0,-226.0,-268.0
2024-11-27,09:00,-236.0,-239.0,-242.0,-280.0,-283.0,-256.0,-252.0,-294.0
2024-11-27,10:00,-125.0,-128.0,-131.0,-169.0,-172.0,-145.0,-141.0,-183.0
2024-11-28,08:45,-14.0,-3.0,20.0,-13.0,6.0,-25.0,-17.0,23.0
2024-11-28,09:00,-75.0,-64.0,-41.0,-74.0,-55.0,-86.0,-78.0,-38.0
2024-11-28,10:00,151.0,162.0,185.0,152.0,171.0,140.0,148.0,188.0
2024-11-29,08:45,211.0,163.0,166.0,177.0,171.0,175.0,114.0,85.0
2024-11-29,09:00,360.0,312.0,315.0,326.0,320.0,324.0,263.0,234.0
2024-11-29,10:00,158.0,110.0,113.0,124.0,118.0,122.0,61.0,32.0
2024-12-02,08:45,261.0,268.0,281.0,271.0,261.0,250.0,249.0,294.0
2024-12-02,09:00,210.0,217.0,230.0,220.0,210.0,199.0,198.0,243.0
2024-12-02,10:00,52.0,59.0,72.0,62.0,52.0,41.0,40.0,85.0
2024-12-03,08:45,-85.0,-78.0,-79.0,-84.0,-102.0,-85.0,-90.0,-39.0
2024-12-03,09:00,-36.0,-29.0,-30.0,-35.0,-53.0,-36.0,-41.0,10.0
2024-12-03,10:00,23.0,30.0,29.0,24.0,6.0,23.0,18.0,69.0
2024-12-04,08:45,38.0,50.0,45.0,33.0,35.0,34.0,77.0,95.0
2024-12-04,09:00,72.0,84.0,79.0,67.0,69.0,68.0,111.0,129.0
2024-12-04,10:00,78.0,90.0,85.0,73.0,75.0,74.0,117.0,135.0
2024-12-05,08:45,0.0,12.0,19.0,26.0,19.0,11.0,9.0,-12.0
2024-12-05,09:00,-21.0,-9.0,-2.0,5.0,-2.0,-10.0,-12.0,-33.0
2024-12-05,10:00,27.0,39.0,46.0,53.0,46.0,38.0,36.0,15.0
2024-12-06,08:45,-114.0,-100.0,-108.0,-103.0,-122.0,-103.0,-109.0,-156.0
2024-12-06,09:00,-77.0,-63.0,-71.0,-66.0,-85.0,-66.0,-72.0,-119.0
2024-12-06,10:00,-34.0,-20.0,-28.0,-23.0,-42.0,-23.0,-29.0,-76.0
2024-12-09,08:45,-11.0,13.0,19.0,18.0,8.0,-1.0,30.0,48.0
2024-12-09,09:00,-64.0,-40.0,-34.0,-35.0,-45.0,-54.0,-23.0,-5.0
2024-12-09,10:00,-31.0,-7.0,-1.0,-2.0,-12.0,-21.0,10.0,28.0
2024-12-10,08:45,-164.0,-153.0,-162.0,-144.0,-152.0,-172.0,-142.0,-148.0
2024-12-10,09:00,-165.0,-154.0,-163.0,-145.0,-153.0,-173.0,-143.0,-149.0
2024-12-10,10:00,-48.0,-37.0,-46.0,-28.0,-36.0,-56.0,-26.0,-32.0
2024-12-11,08:45,-22.0,0.0,8.0,2.0,-21.0,-9.0,-1.0,-29.0
2024-12-11,09:00,-56.0,-34.0,-26.0,-32.0,-55.0,-43.0,-35.0,-63.0
2024-12-11,10:00,-170.0,-148.0,-140.0,-146.0,-169.0,-157.0,-149.0,-177.0
2024-12-12,08:45,79.0,79.0,73.0,95.0,66.0,75.0,62.0,97.0
2024-12-12,09:00,5.0,5.0,-1.0,21.0,-8.0,1.0,-12.0,23.0
2024-12-12,10:00,-18.0,-18.0,-24.0,-2.0,-31.0,-22.0,-35.0,0.0
2024-12-13,08:45,40.0,38.0,36.0,42.0,30.0,26.0,24.0,3.0
2024-12-13,09:00,37.0,35.0,33.0,39.0,27.0,23.0,21.0,0.0
2024-12-13,10:00,69.0,67.0,65.0,71.0,59.0,55.0,53.0,32.0
2024-12-16,08:45,-234.0,-240.0,-221.0,-241.0,-235.0,-243.0,-255.0,-257.0
2024-12-16,09:00,-262.0,-268.0,-249.0,-269.0,-263.0,-271.0,-283.0,-285.0
2024-12-16,10:00,-252.0,-258.0,-239.0,-259.0,-253.0,-261.0,-273.0,-275.0
2024-12-17,08:45,-40.0,-37.0,-30.0,-14.0,-32.0,-30.0,-46.0,-77.0
2024-12-17,09:00,-13.0,-10.0,-3.0,13.0,-5.0,-3.0,-19.0,-50.0
2024-12-17,10:00,-106.0,-103.0,-96.0,-80.0,-98.0,-96.0,-112.0,-143.0
2024-12-18,08:45,184.0,149.0,136.0,132.0,130.0,125.0,130.0,179.0
2024-12-18,09:00,169.0,134.0,121.0,117.0,115.0,110.0,115.0,164.0
2024-12-18,10:00,96.0,61.0,48.0,44.0,42.0,37.0,42.0,91.0
2024-12-19,08:45,97.0,115.0,135.0,139.0,143.0,141.0,142.0,100.0
2024-12-19,09:00,84.0,102.0,122.0,126.0,130.0,128.0,129.0,87.0
2024-12-19,10:00,42.0,60.0,80.0,84.0,88.0,86.0,87.0,45.0
2024-12-20,08:45,-74.0,-53.0,-50.0,-40.0,-45.0,-47.0,-117.0,-142.0
2024-12-20,09:00,-35.0,-14.0,-11.0,-1.0,-6.0,-8.0,-78.0,-103.0
2024-12-20,10:00,10.0,31.0,34.0,44.0,39.0,37.0,-33.0,-58.0
2024-12-23,08:45,276.0,290.0,306.0,302.0,279.0,263.0,268.0,341.0
2024-12-23,09:00,254.0,268.0,284.0,280.0,257.0,241.0,246.0,319.0
2024-12-23,10:00,50.0,64.0,80.0,76.0,53.0,37.0,42.0,115.0
2024-12-24,08:45,-203.0,-208.0,-216.0,-218.0,-219.0,-220.0,-221.0,-223.0
2024-12-24,09:00,-121.0,-126.0,-134.0,-136.0,-137.0,-138.0,-139.0,-141.0
2024-12-24,10:00,-94.0,-99.0,-107.0,-109.0,-110.0,-111.0,-112.0,-114.0
2024-12-25,08:45,-12.0,-6.0,-6.0,3.0,-6.0,-9.0,-18.0,-6.0
2024-12-25,09:00,17.0,23.0,23.0,32.0,23.0,20.0,11.0,23.0
2024-12-25,10:00,1.0,7.0,7.0,16.0,7.0,4.0,-5.0,7.0
2024-12-26,08:45,-54.0,-50.0,-45.0,-52.0,-48.0,-53.0,-56.0,-36.0
2024-12-26,09:00,-52.0,-48.0,-43.0,-50.0,-46.0,-51.0,-54.0,-34.0
2024-12-26,10:00,2.0,6.0,11.0,4.0,8.0,3.0,0.0,20.0
2024-12-27,08:45,137.0,144.0,151.0,159.0,165.0,158.0,170.0,174.0
2024-12-27,09:00,113.0,120.0,127.0,135.0,141.0,134.0,146.0,150.0
2024-12-27,10:00,62.0,69.0,76.0,84.0,90.0,83.0,95.0,99.0
2024-12-30,08:45,20.0,9.0,12.0,-1.0,7.0,-40.0,-29.0,-39.0
2024-12-30,09:00,-11.0,-22.0,-19.0,-32.0,-24.0,-71.0,-60.0,-70.0
2024-12-30,10:00,-77.0,-88.0,-85.0,-98.0,-90.0,-137.0,-126.0,-136.0
2024-12-31,08:45,73.0,78.0,80.0,81.0,93.0,94.0,72.0,40.0
2024-12-31,09:00,48.0,53.0,55.0,56.0,68.0,69.0,47.0,15.0
2024-12-31,10:00,75.0,80.0,82.0,83.0,95.0,96.0,74.0,42.0
2025-01-02,08:45,-218.0,-216.0,-221.0,-206.0,-166.0,-156.0,-96.0,-93.0
2025-01-02,09:00,-207.0,-205.0,-210.0,-195.0,-155.0,-145.0,-85.0,-82.0
2025-01-02,10:00,-143.0,-141.0,-146.0,-131.0,-91.0,-81.0,-21.0,-18.0
2025-01-03,08:45,47.0,53.0,39.0,54.0,62.0,59.0,54.0,60.0
2025-01-03,09:00,-48.0,-42.0,-56.0,-41.0,-33.0,-36.0,-41.0,-35.0
2025-01-03,10:00,-4.0,2.0,-12.0,3.0,11.0,8.0,3.0,9.0
2025-01-06,08:45,363.0,378.0,376.0,367.0,354.0,341.0,339.0,373.0
2025-01-06,09:00,293.0,308.0,306.0,297.0,284.0,271.0,269.0,303.0
2025-01-06,10:00,175.0,190.0,188.0,179.0,166.0,153.0,151.0,185.0
2025-01-07,08:45,-213.0,-210.0,-219.0,-203.0,-204.0,-226.0,-218.0,-222.0
2025-01-07,09:00,-141.0,-138.0,-147.0,-131.0,-132.0,-154.0,-146.0,-150.0
2025-01-07,10:00,-166.0,-163.0,-172.0,-156.0,-157.0,-179.0,-171.0,-175.0
2025-01-08,08:45,-97.0,-90.0,-60.0,-62.0,-75.0,-68.0,-80.0,-99.0
2025-01-08,09:00,-95.0,-88.0,-58.0,-60.0,-73.0,-66.0,-78.0,-97.0
2025-01-08,10:00,-128.0,-121.0,-91.0,-93.0,-106.0,-99.0,-111.0,-130.0
2025-01-09,08:45,-135.0,-145.0,-150.0,-144.0,-162.0,-149.0,-172.0,-171.0
2025-01-09,09:00,-212.0,-222.0,-227.0,-221.0,-239.0,-226.0,-249.0,-248.0
2025-01-09,10:00,-208.0,-218.0,-223.0,-217.0,-235.0,-222.0,-245.0,-244.0
2025-01-10,08:45,-50.0,-49.0,20.0,11.0,-16.0,2.0,-20.0,-28.0
2025-01-10,09:00,-24.0,-23.0,46.0,37.0,10.0,28.0,6.0,-2.0
2025-01-10,10:00,-23.0,-22.0,47.0,38.0,11.0,29.0,7.0,-1.0
2025-01-13,08:45,-427.0,-449.0,-443.0,-464.0,-446.0,-428.0,-461.0,-447.0
2025-01-13,09:00,-432.0,-454.0,-448.0,-469.0,-451.0,-433.0,-466.0,-452.0
2025-01-13,10:00,20.0,-2.0,4.0,-17.0,1.0,19.0,-14.0,0.0
2025-01-14,08:45,137.0,138.0,141.0,147.0,146.0,134.0,139.0,171.0
2025-01-14,09:00,117.0,118.0,121.0,127.0,126.0,114.0,119.0,151.0
2025-01-14,10:00,57.0,58.0,61.0,67.0,66.0,54.0,59.0,91.0
2025-01-15,08:45,-204.0,-210.0,-204.0,-207.0,-212.0,-202.0,-219.0,-268.0
2025-01-15,09:00,-197.0,-203.0,-197.0,-200.0,-205.0,-195.0,-212.0,-261.0
2025-01-15,10:00,-111.0,-117.0,-111.0,-114.0,-119.0,-109.0,-126.0,-175.0
2025-01-16,08:45,128.0,88.0,82.0,64.0,24.0,15.0,18.0,0.0
2025-01-16,09:00,136.0,96.0,90.0,72.0,32.0,23.0,26.0,8.0
2025-01-16,10:00,135.0,95.0,89.0,71.0,31.0,22.0,25.0,7.0
2025-01-17,08:45,-162.0,-152.0,-168.0,-156.0,-127.0,-129.0,-114.0,-83.0
2025-01-17,09:00,-104.0,-94.0,-110.0,-98.0,-69.0,-71.0,-56.0,-25.0
2025-01-17,10:00,117.0,127.0,111.0,123.0,152.0,150.0,165.0,196.0
2025-01-20,08:45,111.0,115.0,107.0,100.0,82.0,86.0,82.0,85.0
2025-01-20,09:00,85.0,89.0,81.0,74.0,56.0,60.0,56.0,59.0
2025-01-20,10:00,36.0,40.0,32.0,25.0,7.0,11.0,7.0,10.0
2025-01-21,08:45,-73.0,-37.0,-18.0,-33.0,-35.0,-32.0,-49.0,-57.0
2025-01-21,09:00,98.0,134.0,153.0,138.0,136.0,139.0,122.0,114.0
2025-01-21,10:00,52.0,88.0,107.0,92.0,90.0,93.0,76.0,68.0
2025-01-22,08:45,85.0,68.0,80.0,96.0,104.0,97.0,69.0,105.0
2025-01-22,09:00,71.0,54.0,66.0,82.0,90.0,83.0,55.0,91.0
2025-01-22,10:00,5.0,-12.0,0.0,16.0,24.0,17.0,-11.0,25.0
2025-02-03,08:45,-46.0,-62.0,-65.0,-62.0,-31.0,-26.0,-22.0,-120.0
2025-02-03,09:00,55.0,39.0,36.0,39.0,70.0,75.0,79.0,-19.0
2025-02-03,10:00,48.0,32.0,29.0,32.0,63.0,68.0,72.0,-26.0
2025-02-04,08:45,-46.0,-88.0,-156.0,-160.0,-175.0,-186.0,-161.0,-94.0
2025-02-04,09:00,-36.0,-78.0,-146.0,-150.0,-165.0,-176.0,-151.0,-84.0
2025-02-04,10:00,10.0,-32.0,-100.0,-104.0,-119.0,-130.0,-105.0,-38.0
2025-02-05,08:45,160.0,148.0,124.0,120.0,111.0,126.0,114.0,68.0
2025-02-05,09:00,146.0,134.0,110.0,106.0,97.0,112.0,100.0,54.0
2025-02-05,10:00,36.0,24.0,0.0,-4.0,-13.0,2.0,-10.0,-56.0
2025-02-06,08:45,-58.0,-60.0,-82.0,-78.0,-89.0,-85.0,-73.0,-67.0
2025-02-06,09:00,-17.0,-19.0,-41.0,-37.0,-48.0,-44.0,-32.0,-26.0
2025-02-06,10:00,-18.0,-20.0,-42.0,-38.0,-49.0,-45.0,-33.0,-27.0
2025-02-07,08:45,105.0,144.0,155.0,148.0,140.0,157.0,156.0,139.0
2025-02-07,09:00,90.0,129.0,140.0,133.0,125.0,142.0,141.0,124.0
2025-02-07,10:00,40.0,79.0,90.0,83.0,75.0,92.0,91.0,74.0
2025-02-10,08:45,-137.0,-102.0,-107.0,-83.0,-74.0,-58.0,-59.0,-76.0
2025-02-10,09:00,-175.0,-140.0,-145.0,-121.0,-112.0,-96.0,-97.0,-114.0
2025-02-10,10:00,-82.0,-47.0,-52.0,-28.0,-19.0,-3.0,-4.0,-21.0
2025-02-11,08:45,-67.0,-46.0,-23.0,-35.0,-23.0,-21.0,-27.0,-43.0
2025-02-11,09:00,-96.0,-75.0,-52.0,-64.0,-52.0,-50.0,-56.0,-72.0
2025-02-11,10:00,-132.0,-111.0,-88.0,-100.0,-88.0,-86.0,-92.0,-108.0
2025-02-12,08:45,-84.0,-95.0,-99.0,-105.0,-102.0,-107.0,-112.0,-114.0
2025-02-12,09:00,-100.0,-111.0,-115.0,-121.0,-118.0,-123.0,-128.0,-130.0
2025-02-12,10:00,-145.0,-156.0,-160.0,-166.0,-163.0,-168.0,-173.0,-175.0
2025-02-13,08:45,-58.0,-27.0,-22.0,-34.0,-40.0,-36.0,-25.0,-32.0
2025-02-13,09:00,49.0,80.0,85.0,73.0,67.0,71.0,82.0,75.0
2025-02-13,10:00,26.0,57.0,62.0,50.0,44.0,48.0,59.0,52.0
2025-02-14,08:45,-170.0,-164.0,-154.0,-146.0,-153.0,-155.0,-158.0,-157.0
2025-02-14,09:00,-64.0,-58.0,-48.0,-40.0,-47.0,-49.0,-52.0,-51.0
2025-02-14,10:00,-38.0,-32.0,-22.0,-14.0,-21.0,-23.0,-26.0,-25.0
2025-02-17,08:45,232.0,227.0,219.0,222.0,217.0,215.0,219.0,209.0
2025-02-17,09:00,205.0,200.0,192.0,195.0,190.0,188.0,192.0,182.0
2025-02-17,10:00,67.0,62.0,54.0,57.0,52.0,50.0,54.0,44.0
2025-02-18,08:45,54.0,64.0,59.0,66.0,66.0,62.0,81.0,95.0
2025-02-18,09:00,74.0,84.0,79.0,86.0,86.0,82.0,101.0,115.0
2025-02-18,10:00,74.0,84.0,79.0,86.0,86.0,82.0,101.0,115.0
2025-02-19,08:45,31.0,29.0,36.0,33.0,29.0,25.0,35.0,41.0
2025-02-19,09:00,-14.0,-16.0,-9.0,-12.0,-16.0,-20.0,-10.0,-4.0
2025-02-19,10:00,-43.0,-45.0,-38.0,-41.0,-45.0,-49.0,-39.0,-33.0
2025-02-20,08:45,38.0,16.0,18.0,11.0,19.0,12.0,2.0,19.0
2025-02-20,09:00,17.0,-5.0,-3.0,-10.0,-2.0,-9.0,-19.0,-2.0
2025-02-20,10:00,165.0,143.0,145.0,138.0,146.0,139.0,129.0,146.0
2025-02-21,08:45,197.0,205.0,199.0,211.0,214.0,196.0,219.0,218.0
2025-02-21,09:00,227.0,235.0,229.0,241.0,244.0,226.0,249.0,248.0
2025-02-21,10:00,111.0,119.0,113.0,125.0,128.0,110.0,133.0,132.0
2025-02-24,08:45,-32.0,-24.0,-21.0,-3.0,-2.0,1.0,4.0,10.0
2025-02-24,09:00,52.0,60.0,63.0,81.0,82.0,85.0,88.0,94.0
2025-02-24,10:00,40.0,48.0,51.0,69.0,70.0,73.0,76.0,82.0
2025-02-25,08:45,42.0,59.0,51.0,59.0,71.0,67.0,56.0,76.0
2025-02-25,09:00,24.0,41.0,33.0,41.0,53.0,49.0,38.0,58.0
2025-02-25,10:00,32.0,49.0,41.0,49.0,61.0,57.0,46.0,66.0
2025-02-26,08:45,186.0,220.0,238.0,214.0,222.0,245.0,248.0,264.0
2025-02-26,09:00,193.0,227.0,245.0,221.0,229.0,252.0,255.0,271.0
2025-02-26,10:00,89.0,123.0,141.0,117.0,125.0,148.0,151.0,167.0
2025-02-27,08:45,-224.0,-235.0,-238.0,-238.0,-236.0,-214.0,-235.0,-196.0
2025-02-27,09:00,-233.0,-244.0,-247.0,-247.0,-245.0,-223.0,-244.0,-205.0
2025-02-27,10:00,-167.0,-178.0,-181.0,-181.0,-179.0,-157.0,-178.0,-139.0
2025-03-03,08:45,74.0,68.0,58.0,73.0,76.0,77.0,81.0,74.0
2025-03-03,09:00,92.0,86.0,76.0,91.0,94.0,95.0,99.0,92.0
2025-03-03,10:00,31.0,25.0,15.0,30.0,33.0,34.0,38.0,31.0
2025-03-04,08:45,370.0,368.0,375.0,367.0,345.0,346.0,342.0,331.0
2025-03-04,09:00,317.0,315.0,322.0,314.0,292.0,293.0,289.0,278.0
2025-03-04,10:00,233.0,231.0,238.0,230.0,208.0,209.0,205.0,194.0
2025-03-05,08:45,258.0,281.0,276.0,274.0,263.0,263.0,216.0,252.0
2025-03-05,09:00,153.0,176.0,171.0,169.0,158.0,158.0,111.0,147.0
2025-03-05,10:00,38.0,61.0,56.0,54.0,43.0,43.0,-4.0,32.0
2025-03-06,08:45,-217.0,-214.0,-218.0,-212.0,-212.0,-209.0,-233.0,-227.0
2025-03-06,09:00,-120.0,-117.0,-121.0,-115.0,-115.0,-112.0,-136.0,-130.0
2025-03-06,10:00,-56.0,-53.0,-57.0,-51.0,-51.0,-48.0,-72.0,-66.0
2025-03-07,08:45,48.0,41.0,32.0,33.0,35.0,34.0,57.0,35.0
2025-03-07,09:00,-46.0,-53.0,-62.0,-61.0,-59.0,-60.0,-37.0,-59.0
2025-03-07,10:00,-13.0,-20.0,-29.0,-28.0,-26.0,-27.0,-4.0,-26.0
2025-03-10,08:45,-7.0,-11.0,2.0,14.0,11.0,-6.0,-6.0,-13.0
2025-03-10,09:00,-72.0,-76.0,-63.0,-51.0,-54.0,-71.0,-71.0,-78.0
2025-03-10,10:00,16.0,12.0,25.0,37.0,34.0,17.0,17.0,10.0
2025-03-11,08:45,201.0,190.0,174.0,191.0,167.0,185.0,163.0,170.0
2025-03-11,09:00,205.0,194.0,178.0,195.0,171.0,189.0,167.0,174.0
2025-03-11,10:00,110.0,99.0,83.0,100.0,76.0,94.0,72.0,79.0
2025-03-12,08:45,30.0,51.0,66.0,67.0,62.0,54.0,79.0,134.0
2025-03-12,09:00,7.0,28.0,43.0,44.0,39.0,31.0,56.0,111.0
2025-03-12,10:00,-90.0,-69.0,-54.0,-53.0,-58.0,-66.0,-41.0,14.0
2025-03-13,08:45,-428.0,-448.0,-468.0,-453.0,-451.0,-444.0,-469.0,-517.0
2025-03-13,09:00,-398.0,-418.0,-438.0,-423.0,-421.0,-414.0,-439.0,-487.0
2025-03-13,10:00,-364.0,-384.0,-404.0,-389.0,-387.0,-380.0,-405.0,-453.0
2025-03-14,08:45,-108.0,-100.0,-106.0,-103.0,-114.0,-140.0,-170.0,-161.0
2025-03-14,09:00,-4.0,4.0,-2.0,1.0,-10.0,-36.0,-66.0,-57.0
2025-03-14,10:00,81.0,89.0,83.0,86.0,75.0,49.0,19.0,28.0
2025-03-17,08:45,12.0,-11.0,-21.0,-47.0,-27.0,-43.0,-32.0,-12.0
2025-03-17,09:00,24.0,1.0,-9.0,-35.0,-15.0,-31.0,-20.0,0.0
2025-03-17,10:00,-95.0,-118.0,-128.0,-154.0,-134.0,-150.0,-139.0,-119.0
2025-03-18,08:45,-131.0,-132.0,-139.0,-147.0,-154.0,-150.0,-127.0,-142.0
2025-03-18,09:00,-53.0,-54.0,-61.0,-69.0,-76.0,-72.0,-49.0,-64.0
2025-03-18,10:00,14.0,13.0,6.0,-2.0,-9.0,-5.0,18.0,3.0
2025-03-19,08:45,-241.0,-251.0,-223.0,-218.0,-225.0,-204.0,-208.0,-203.0
2025-03-19,09:00,-240.0,-250.0,-222.0,-217.0,-224.0,-203.0,-207.0,-202.0
2025-03-19,10:00,-173.0,-183.0,-155.0,-150.0,-157.0,-136.0,-140.0,-135.0
2025-03-20,08:45,151.0,150.0,176.0,165.0,156.0,155.0,150.0,128.0
2025-03-20,09:00,142.0,141.0,167.0,156.0,147.0,146.0,141.0,119.0
2025-03-20,10:00,131.0,130.0,156.0,145.0,136.0,135.0,130.0,108.0
2025-03-21,08:45,-92.0,-105.0,-116.0,-133.0,-130.0,-120.0,-129.0,-142.0
2025-03-21,09:00,-132.0,-145.0,-156.0,-173.0,-170.0,-160.0,-169.0,-182.0
2025-03-21,10:00,-40.0,-53.0,-64.0,-81.0,-78.0,-68.0,-77.0,-90.0
2025-03-24,08:45,-140.0,-144.0,-147.0,-159.0,-163.0,-157.0,-161.0,-144.0
2025-03-24,09:00,-233.0,-237.0,-240.0,-252.0,-256.0,-250.0,-254.0,-237.0
2025-03-24,10:00,-76.0,-80.0,-83.0,-95.0,-99.0,-93.0,-97.0,-80.0
2025-03-25,08:45,-40.0,-30.0,-28.0,-36.0,-30.0,-36.0,-32.0,-32.0
2025-03-25,09:00,-91.0,-81.0,-79.0,-87.0,-81.0,-87.0,-83.0,-83.0
2025-03-25,10:00,-22.0,-12.0,-10.0,-18.0,-12.0,-18.0,-14.0,-14.0
2025-03-26,08:45,-70.0,-79.0,-76.0,-83.0,-79.0,-75.0,-89.0,-93.0
2025-03-26,09:00,-66.0,-75.0,-72.0,-79.0,-75.0,-71.0,-85.0,-89.0
2025-03-26,10:00,-5.0,-14.0,-11.0,-18.0,-14.0,-10.0,-24.0,-28.0
2025-03-27,08:45,-100.0,-96.0,-100.0,-100.0,-90.0,-70.0,-71.0,-61.0
2025-03-27,09:00,-49.0,-45.0,-49.0,-49.0,-39.0,-19.0,-20.0,-10.0
2025-03-27,10:00,-11.0,-7.0,-11.0,-11.0,-1.0,19.0,18.0,28.0
2025-03-28,08:45,-199.0,-154.0,-148.0,-132.0,-131.0,-129.0,-142.0,-125.0
2025-03-28,09:00,-217.0,-172.0,-166.0,-150.0,-149.0,-147.0,-160.0,-143.0
2025-03-28,10:00,-95.0,-50.0,-44.0,-28.0,-27.0,-25.0,-38.0,-21.0
2025-03-31,08:45,-48.0,-67.0,-62.0,-32.0,-29.0,-43.0,-81.0,-85.0
2025-03-31,09:00,-128.0,-147.0,-142.0,-112.0,-109.0,-123.0,-161.0,-165.0
2025-03-31,10:00,-175.0,-194.0,-189.0,-159.0,-156.0,-170.0,-208.0,-212.0
2025-04-01,08:45,178.0,211.0,234.0,242.0,237.0,211.0,204.0,160.0
2025-04-01,09:00,264.0,297.0,320.0,328.0,323.0,297.0,290.0,246.0
2025-04-01,10:00,118.0,151.0,174.0,182.0,177.0,151.0,144.0,100.0
2025-04-02,08:45,9.0,8.0,2.0,16.0,30.0,26.0,22.0,41.0
2025-04-02,09:00,0.0,-1.0,-7.0,7.0,21.0,17.0,13.0,32.0
2025-04-02,10:00,-60.0,-61.0,-67.0,-53.0,-39.0,-43.0,-47.0,-28.0
2025-04-07,08:45,0.0,0.0,0.0,0.0,0.0,0.0,0.0,0.0
2025-04-07,09:00,0.0,0.0,0.0,0.0,0.0,0.0,0.0,0.0
2025-04-07,10:00,0.0,0.0,0.0,0.0,0.0,0.0,0.0,0.0
2025-04-08,08:45,-323.0,-325.0,-352.0,-420.0,-395.0,-382.0,-389.0,-424.0
2025-04-08,09:00,-92.0,-94.0,-121.0,-189.0,-164.0,-151.0,-158.0,-193.0
2025-04-08,10:00,-134.0,-136.0,-163.0,-231.0,-206.0,-193.0,-200.0,-235.0
2025-04-09,08:45,-566.0,-672.0,-652.0,-603.0,-545.0,-536.0,-613.0,-658.0
2025-04-09,09:00,-698.0,-804.0,-784.0,-735.0,-677.0,-668.0,-745.0,-790.0
2025-04-09,10:00,-792.0,-898.0,-878.0,-829.0,-771.0,-762.0,-839.0,-884.0
2025-04-10,08:45,0.0,0.0,0.0,0.0,0.0,0.0,0.0,0.0
2025-04-10,09:00,0.0,0.0,0.0,0.0,0.0,0.0,0.0,0.0
2025-04-10,10:00,0.0,0.0,0.0,0.0,0.0,0.0,0.0,0.0
2025-04-11,08:45,764.0,806.0,815.0,869.0,900.0,926.0,966.0,968.0
2025-04-11,09:00,723.0,765.0,774.0,828.0,859.0,885.0,925.0,927.0
2025-04-11,10:00,259.0,301.0,310.0,364.0,395.0,421.0,461.0,463.0
2025-04-14,08:45,-301.0,-304.0,-341.0,-285.0,-304.0,-311.0,-311.0,-301.0
2025-04-14,09:00,-247.0,-250.0,-287.0,-231.0,-250.0,-257.0,-257.0,-247.0
2025-04-14,10:00,-155.0,-158.0,-195.0,-139.0,-158.0,-165.0,-165.0,-155.0
2025-04-15,08:45,229.0,202.0,209.0,197.0,211.0,214.0,219.0,209.0
2025-04-15,09:00,221.0,194.0,201.0,189.0,203.0,206.0,211.0,201.0
2025-04-15,10:00,159.0,132.0,139.0,127.0,141.0,144.0,149.0,139.0
2025-04-16,08:45,-203.0,-184.0,-194.0,-206.0,-206.0,-232.0,-241.0,-257.0
2025-04-16,09:00,-188.0,-169.0,-179.0,-191.0,-191.0,-217.0,-226.0,-242.0
2025-04-16,10:00,-119.0,-100.0,-110.0,-122.0,-122.0,-148.0,-157.0,-173.0
2025-04-17,08:45,68.0,78.0,69.0,75.0,67.0,86.0,64.0,127.0
2025-04-17,09:00,-12.0,-2.0,-11.0,-5.0,-13.0,6.0,-16.0,47.0
2025-04-17,10:00,157.0,167.0,158.0,164.0,156.0,175.0,153.0,216.0
2025-04-18,08:45,-4.0,4.0,10.0,-1.0,-11.0,-7.0,-4.0,-14.0
2025-04-18,09:00,-19.0,-11.0,-5.0,-16.0,-26.0,-22.0,-19.0,-29.0
2025-04-18,10:00,-21.0,-13.0,-7.0,-18.0,-28.0,-24.0,-21.0,-31.0
2025-04-21,08:45,-268.0,-255.0,-264.0,-277.0,-282.0,-287.0,-282.0,-243.0
2025-04-21,09:00,-186.0,-173.0,-182.0,-195.0,-200.0,-205.0,-200.0,-161.0
2025-04-21,10:00,-74.0,-61.0,-70.0,-83.0,-88.0,-93.0,-88.0,-49.0
2025-04-22,08:45,-89.0,-102.0,-118.0,-140.0,-119.0,-127.0,-119.0,-130.0
2025-04-22,09:00,-62.0,-75.0,-91.0,-113.0,-92.0,-100.0,-92.0,-103.0
2025-04-22,10:00,-153.0,-166.0,-182.0,-204.0,-183.0,-191.0,-183.0,-194.0
2025-04-23,08:45,328.0,350.0,327.0,297.0,287.0,290.0,319.0,316.0
2025-04-23,09:00,329.0,351.0,328.0,298.0,288.0,291.0,320.0,317.0
2025-04-23,10:00,194.0,216.0,193.0,163.0,153.0,156.0,185.0,182.0
2025-04-24,08:45,-195.0,-197.0,-189.0,-196.0,-192.0,-198.0,-204.0,-180.0
2025-04-24,09:00,-223.0,-225.0,-217.0,-224.0,-220.0,-226.0,-232.0,-208.0
2025-04-24,10:00,-87.0,-89.0,-81.0,-88.0,-84.0,-90.0,-96.0,-72.0
2025-04-25,08:45,-110.0,-101.0,-102.0,-108.0,-108.0,-117.0,-120.0,-108.0
2025-04-25,09:00,-122.0,-113.0,-114.0,-120.0,-120.0,-129.0,-132.0,-120.0
2025-04-25,10:00,-55.0,-46.0,-47.0,-53.0,-53.0,-62.0,-65.0,-53.0
2025-04-28,08:45,15.0,17.0,9.0,9.0,8.0,21.0,18.0,-10.0
2025-04-28,09:00,-12.0,-10.0,-18.0,-18.0,-19.0,-6.0,-9.0,-37.0
2025-04-28,10:00,-3.0,-1.0,-9.0,-9.0,-10.0,3.0,0.0,-28.0
2025-04-29,08:45,192.0,191.0,198.0,178.0,184.0,187.0,183.0,176.0
2025-04-29,09:00,166.0,165.0,172.0,152.0,158.0,161.0,157.0,150.0
2025-04-29,10:00,143.0,142.0,149.0,129.0,135.0,138.0,134.0,127.0
2025-04-30,08:45,40.0,49.0,61.0,52.0,51.0,43.0,63.0,60.0
2025-04-30,09:00,1.0,10.0,22.0,13.0,12.0,4.0,24.0,21.0
2025-04-30,10:00,-41.0,-32.0,-20.0,-29.0,-30.0,-38.0,-18.0,-21.0
2025-05-02,08:45,205.0,199.0,207.0,210.0,222.0,232.0,224.0,207.0
2025-05-02,09:00,126.0,120.0,128.0,131.0,143.0,153.0,145.0,128.0
2025-05-02,10:00,154.0,148.0,156.0,159.0,171.0,181.0,173.0,156.0
2025-05-05,08:45,-356.0,-338.0,-346.0,-323.0,-335.0,-342.0,-352.0,-357.0
2025-05-05,09:00,-359.0,-341.0,-349.0,-326.0,-338.0,-345.0,-355.0,-360.0
2025-05-05,10:00,47.0,65.0,57.0,80.0,68.0,61.0,51.0,46.0
2025-05-06,08:45,242.0,230.0,220.0,198.0,183.0,197.0,198.0,189.0
2025-05-06,09:00,168.0,156.0,146.0,124.0,109.0,123.0,124.0,115.0
2025-05-06,10:00,13.0,1.0,-9.0,-31.0,-46.0,-32.0,-31.0,-40.0
2025-05-07,08:45,-71.0,-88.0,-80.0,-58.0,-42.0,-75.0,-49.0,-58.0
2025-05-07,09:00,-155.0,-172.0,-164.0,-142.0,-126.0,-159.0,-133.0,-142.0
2025-05-07,10:00,-6.0,-23.0,-15.0,7.0,23.0,-10.0,16.0,7.0
2025-05-08,08:45,191.0,186.0,187.0,156.0,164.0,160.0,117.0,104.0
2025-05-08,09:00,126.0,121.0,122.0,91.0,99.0,95.0,52.0,39.0
2025-05-08,10:00,154.0,149.0,150.0,119.0,127.0,123.0,80.0,67.0
2025-05-09,08:45,167.0,159.0,176.0,164.0,175.0,171.0,170.0,195.0
2025-05-09,09:00,153.0,145.0,162.0,150.0,161.0,157.0,156.0,181.0
2025-05-09,10:00,172.0,164.0,181.0,169.0,180.0,176.0,175.0,200.0
2025-05-12,08:45,39.0,41.0,42.0,47.0,54.0,58.0,69.0,60.0
2025-05-12,09:00,37.0,39.0,40.0,45.0,52.0,56.0,67.0,58.0
2025-05-12,10:00,-63.0,-61.0,-60.0,-55.0,-48.0,-44.0,-33.0,-42.0
2025-05-13,08:45,-76.0,-73.0,-67.0,-76.0,-76.0,-62.0,-80.0,-62.0
2025-05-13,09:00,-159.0,-156.0,-150.0,-159.0,-159.0,-145.0,-163.0,-145.0
2025-05-13,10:00,-108.0,-105.0,-99.0,-108.0,-108.0,-94.0,-112.0,-94.0
2025-05-14,08:45,100.0,102.0,100.0,96.0,94.0,100.0,94.0,100.0
2025-05-14,09:00,83.0,85.0,83.0,79.0,77.0,83.0,77.0,83.0
2025-05-14,10:00,96.0,98.0,96.0,92.0,90.0,96.0,90.0,96.0
2025-05-15,08:45,-17.0,-28.0,-35.0,-34.0,-33.0,-56.0,-65.0,-86.0
2025-05-15,09:00,36.0,25.0,18.0,19.0,20.0,-3.0,-12.0,-33.0
2025-05-15,10:00,37.0,26.0,19.0,20.0,21.0,-2.0,-11.0,-32.0
2025-05-16,08:45,42.0,48.0,40.0,37.0,45.0,57.0,63.0,50.0
2025-05-16,09:00,108.0,114.0,106.0,103.0,111.0,123.0,129.0,116.0
2025-05-16,10:00,19.0,25.0,17.0,14.0,22.0,34.0,40.0,27.0
2025-05-19,08:45,-182.0,-181.0,-189.0,-186.0,-169.0,-169.0,-163.0,-155.0
2025-05-19,09:00,-221.0,-220.0,-228.0,-225.0,-208.0,-208.0,-202.0,-194.0
2025-05-19,10:00,-121.0,-120.0,-128.0,-125.0,-108.0,-108.0,-102.0,-94.0
2025-05-20,08:45,-257.0,-242.0,-247.0,-245.0,-227.0,-239.0,-244.0,-246.0
2025-05-20,09:00,-183.0,-168.0,-173.0,-171.0,-153.0,-165.0,-170.0,-172.0
2025-05-20,10:00,-132.0,-117.0,-122.0,-120.0,-102.0,-114.0,-119.0,-121.0
2025-05-21,08:45,208.0,223.0,236.0,226.0,248.0,262.0,224.0,205.0
2025-05-21,09:00,164.0,179.0,192.0,182.0,204.0,218.0,180.0,161.0
2025-05-21,10:00,120.0,135.0,148.0,138.0,160.0,174.0,136.0,117.0
2025-05-22,08:45,35.0,23.0,31.0,30.0,35.0,39.0,52.0,50.0
2025-05-22,09:00,-58.0,-70.0,-62.0,-63.0,-58.0,-54.0,-41.0,-43.0
2025-05-22,10:00,60.0,48.0,56.0,55.0,60.0,64.0,77.0,75.0
2025-05-23,08:45,-144.0,-134.0,-126.0,-124.0,-120.0,-99.0,-77.0,-78.0
2025-05-23,09:00,-230.0,-220.0,-212.0,-210.0,-206.0,-185.0,-163.0,-164.0
2025-05-23,10:00,-57.0,-47.0,-39.0,-37.0,-33.0,-12.0,10.0,9.0
2025-05-26,08:45,-50.0,-42.0,-45.0,-49.0,-51.0,-63.0,-67.0,-64.0
2025-05-26,09:00,-71.0,-63.0,-66.0,-70.0,-72.0,-84.0,-88.0,-85.0
2025-05-26,10:00,-35.0,-27.0,-30.0,-34.0,-36.0,-48.0,-52.0,-49.0
2025-05-27,08:45,-210.0,-212.0,-215.0,-209.0,-215.0,-218.0,-184.0,-166.0
2025-05-27,09:00,-204.0,-206.0,-209.0,-203.0,-209.0,-212.0,-178.0,-160.0
2025-05-27,10:00,-12.0,-14.0,-17.0,-11.0,-17.0,-20.0,14.0,32.0
2025-05-28,08:45,-241.0,-218.0,-184.0,-177.0,-155.0,-159.0,-174.0,-162.0
2025-05-28,09:00,-279.0,-256.0,-222.0,-215.0,-193.0,-197.0,-212.0,-200.0
2025-05-28,10:00,-144.0,-121.0,-87.0,-80.0,-58.0,-62.0,-77.0,-65.0
2025-05-29,08:45,-159.0,-199.0,-210.0,-196.0,-170.0,-178.0,-208.0,-176.0
2025-05-29,09:00,-248.0,-288.0,-299.0,-285.0,-259.0,-267.0,-297.0,-265.0
2025-05-29,10:00,-50.0,-90.0,-101.0,-87.0,-61.0,-69.0,-99.0,-67.0
2025-06-02,08:45,-127.0,-107.0,-99.0,-96.0,-103.0,-116.0,-117.0,-104.0
2025-06-02,09:00,-184.0,-164.0,-156.0,-153.0,-160.0,-173.0,-174.0,-161.0
2025-06-02,10:00,-17.0,3.0,11.0,14.0,7.0,-6.0,-7.0,6.0
2025-06-03,08:45,-32.0,-25.0,-37.0,-49.0,-43.0,-45.0,-61.0,-52.0
2025-06-03,09:00,-73.0,-66.0,-78.0,-90.0,-84.0,-86.0,-102.0,-93.0
2025-06-03,10:00,-187.0,-180.0,-192.0,-204.0,-198.0,-200.0,-216.0,-207.0
2025-06-04,08:45,227.0,234.0,241.0,220.0,218.0,221.0,234.0,207.0
2025-06-04,09:00,218.0,225.0,232.0,211.0,209.0,212.0,225.0,198.0
2025-06-04,10:00,56.0,63.0,70.0,49.0,47.0,50.0,63.0,36.0
2025-06-05,08:45,-52.0,-64.0,-56.0,-57.0,-58.0,-58.0,-38.0,-36.0
2025-06-05,09:00,-36.0,-48.0,-40.0,-41.0,-42.0,-42.0,-22.0,-20.0
2025-06-05,10:00,-107.0,-119.0,-111.0,-112.0,-113.0,-113.0,-93.0,-91.0
2025-06-06,08:45,-4.0,9.0,7.0,6.0,8.0,8.0,3.0,-2.0
2025-06-06,09:00,7.0,20.0,18.0,17.0,19.0,19.0,14.0,9.0
2025-06-06,10:00,33.0,46.0,44.0,43.0,45.0,45.0,40.0,35.0
2025-06-09,08:45,44.0,41.0,33.0,45.0,47.0,46.0,48.0,59.0
2025-06-09,09:00,-45.0,-48.0,-56.0,-44.0,-42.0,-43.0,-41.0,-30.0
2025-06-09,10:00,66.0,63.0,55.0,67.0,69.0,68.0,70.0,81.0
2025-06-10,08:45,345.0,356.0,364.0,351.0,332.0,294.0,261.0,246.0
2025-06-10,09:00,351.0,362.0,370.0,357.0,338.0,300.0,267.0,252.0
2025-06-10,10:00,87.0,98.0,106.0,93.0,74.0,36.0,3.0,-12.0
2025-06-11,08:45,36.0,3.0,0.0,0.0,29.0,22.0,30.0,48.0
2025-06-11,09:00,28.0,-5.0,-8.0,-8.0,21.0,14.0,22.0,40.0
2025-06-11,10:00,77.0,44.0,41.0,41.0,70.0,63.0,71.0,89.0
2025-06-12,08:45,-65.0,-77.0,-74.0,-82.0,-83.0,-76.0,-73.0,-67.0
2025-06-12,09:00,-44.0,-56.0,-53.0,-61.0,-62.0,-55.0,-52.0,-46.0
2025-06-12,10:00,-41.0,-53.0,-50.0,-58.0,-59.0,-52.0,-49.0,-43.0
2025-06-13,08:45,35.0,17.0,23.0,4.0,-8.0,-36.0,-2.0,-37.0
2025-06-13,09:00,3.0,-15.0,-9.0,-28.0,-40.0,-68.0,-34.0,-69.0
2025-06-13,10:00,-115.0,-133.0,-127.0,-146.0,-158.0,-186.0,-152.0,-187.0
2025-06-16,08:45,-60.0,-53.0,-48.0,-38.0,-20.0,-5.0,-25.0,-9.0
2025-06-16,09:00,13.0,20.0,25.0,35.0,53.0,68.0,48.0,64.0
2025-06-16,10:00,49.0,56.0,61.0,71.0,89.0,104.0,84.0,100.0
2025-06-17,08:45,-22.0,-25.0,-18.0,-4.0,-12.0,-14.0,5.0,20.0
2025-06-17,09:00,-75.0,-78.0,-71.0,-57.0,-65.0,-67.0,-48.0,-33.0
2025-06-17,10:00,-108.0,-111.0,-104.0,-90.0,-98.0,-100.0,-81.0,-66.0
2025-06-18,08:45,159.0,181.0,179.0,186.0,188.0,194.0,199.0,216.0
2025-06-18,09:00,131.0,153.0,151.0,158.0,160.0,166.0,171.0,188.0
2025-06-18,10:00,42.0,64.0,62.0,69.0,71.0,77.0,82.0,99.0
2025-06-19,08:45,-99.0,-124.0,-123.0,-121.0,-120.0,-115.0,-120.0,-116.0
2025-06-19,09:00,-129.0,-154.0,-153.0,-151.0,-150.0,-145.0,-150.0,-146.0
2025-06-19,10:00,2.0,-23.0,-22.0,-20.0,-19.0,-14.0,-19.0,-15.0
2025-06-20,08:45,-1.0,-2.0,-10.0,-26.0,-17.0,-5.0,17.0,19.0
2025-06-20,09:00,-47.0,-48.0,-56.0,-72.0,-63.0,-51.0,-29.0,-27.0
2025-06-20,10:00,104.0,103.0,95.0,79.0,88.0,100.0,122.0,124.0
2025-06-23,08:45,79.0,86.0,95.0,109.0,122.0,113.0,106.0,131.0
2025-06-23,09:00,134.0,141.0,150.0,164.0,177.0,168.0,161.0,186.0
2025-06-23,10:00,79.0,86.0,95.0,109.0,122.0,113.0,106.0,131.0
2025-06-24,08:45,155.0,169.0,166.0,157.0,161.0,155.0,148.0,202.0
2025-06-24,09:00,94.0,108.0,105.0,96.0,100.0,94.0,87.0,141.0
2025-06-24,10:00,-14.0,0.0,-3.0,-12.0,-8.0,-14.0,-21.0,33.0
2025-06-25,08:45,-40.0,-32.0,-22.0,-23.0,-28.0,-33.0,-9.0,0.0
2025-06-25,09:00,54.0,62.0,72.0,71.0,66.0,61.0,85.0,94.0
2025-06-25,10:00,60.0,68.0,78.0,77.0,72.0,67.0,91.0,100.0
2025-06-26,08:45,-7.0,-28.0,-28.0,-33.0,-62.0,-78.0,-55.0,-53.0
2025-06-26,09:00,-39.0,-60.0,-60.0,-65.0,-94.0,-110.0,-87.0,-85.0
2025-06-26,10:00,9.0,-12.0,-12.0,-17.0,-46.0,-62.0,-39.0,-37.0
2025-06-27,08:45,-111.0,-115.0,-120.0,-120.0,-133.0,-134.0,-112.0,-79.0
2025-06-27,09:00,-94.0,-98.0,-103.0,-103.0,-116.0,-117.0,-95.0,-62.0
2025-06-27,10:00,14.0,10.0,5.0,5.0,-8.0,-9.0,13.0,46.0
2025-06-30,08:45,-61.0,-64.0,-70.0,-68.0,-71.0,-88.0,-119.0,-94.0
2025-06-30,09:00,-75.0,-78.0,-84.0,-82.0,-85.0,-102.0,-133.0,-108.0
2025-06-30,10:00,53.0,50.0,44.0,46.0,43.0,26.0,-5.0,20.0
2025-07-01,08:45,124.0,155.0,153.0,156.0,150.0,166.0,163.0,158.0
2025-07-01,09:00,73.0,104.0,102.0,105.0,99.0,115.0,112.0,107.0
2025-07-01,10:00,-254.0,-223.0,-225.0,-222.0,-228.0,-212.0,-215.0,-220.0
2025-07-02,08:45,80.0,79.0,79.0,76.0,58.0,58.0,68.0,91.0
2025-07-02,09:00,143.0,142.0,142.0,139.0,121.0,121.0,131.0,154.0
2025-07-02,10:00,107.0,106.0,106.0,103.0,85.0,85.0,95.0,118.0
2025-07-03,08:45,110.0,114.0,100.0,99.0,102.0,101.0,102.0,109.0
2025-07-03,09:00,57.0,61.0,47.0,46.0,49.0,48.0,49.0,56.0
2025-07-03,10:00,-2.0,2.0,-12.0,-13.0,-10.0,-11.0,-10.0,-3.0
2025-07-04,08:45,-282.0,-300.0,-307.0,-296.0,-298.0,-294.0,-281.0,-313.0
2025-07-04,09:00,-255.0,-273.0,-280.0,-269.0,-271.0,-267.0,-254.0,-286.0
2025-07-04,10:00,-80.0,-98.0,-105.0,-94.0,-96.0,-92.0,-79.0,-111.0
2025-07-07,08:45,-45.0,-43.0,-34.0,-38.0,-32.0,-20.0,-24.0,-9.0
2025-07-07,09:00,-158.0,-156.0,-147.0,-151.0,-145.0,-133.0,-137.0,-122.0
2025-07-07,10:00,-43.0,-41.0,-32.0,-36.0,-30.0,-18.0,-22.0,-7.0
2025-07-08,08:45,-133.0,-121.0,-119.0,-106.0,-113.0,-117.0,-89.0,-85.0
2025-07-08,09:00,-94.0,-82.0,-80.0,-67.0,-74.0,-78.0,-50.0,-46.0
2025-07-08,10:00,49.0,61.0,63.0,76.0,69.0,65.0,93.0,97.0
2025-07-09,08:45,189.0,208.0,211.0,215.0,171.0,170.0,184.0,180.0
2025-07-09,09:00,261.0,280.0,283.0,287.0,243.0,242.0,256.0,252.0
2025-07-09,10:00,53.0,72.0,75.0,79.0,35.0,34.0,48.0,44.0
2025-07-10,08:45,165.0,157.0,177.0,160.0,150.0,135.0,114.0,145.0
2025-07-10,09:00,196.0,188.0,208.0,191.0,181.0,166.0,145.0,176.0
2025-07-10,10:00,109.0,101.0,121.0,104.0,94.0,79.0,58.0,89.0
2025-07-11,08:45,206.0,217.0,209.0,210.0,220.0,228.0,226.0,252.0
2025-07-11,09:00,161.0,172.0,164.0,165.0,175.0,183.0,181.0,207.0
2025-07-11,10:00,24.0,35.0,27.0,28.0,38.0,46.0,44.0,70.0
2025-07-14,08:45,-107.0,-108.0,-121.0,-126.0,-131.0,-124.0,-109.0,-106.0
2025-07-14,09:00,-135.0,-136.0,-149.0,-154.0,-159.0,-152.0,-137.0,-134.0
2025-07-14,10:00,-47.0,-48.0,-61.0,-66.0,-71.0,-64.0,-49.0,-46.0
2025-07-15,08:45,266.0,294.0,320.0,318.0,294.0,290.0,299.0,274.0
2025-07-15,09:00,255.0,283.0,309.0,307.0,283.0,279.0,288.0,263.0
2025-07-15,10:00,-28.0,0.0,26.0,24.0,0.0,-4.0,5.0,-20.0
2025-07-16,08:45,230.0,218.0,224.0,221.0,191.0,167.0,185.0,213.0
2025-07-16,09:00,188.0,176.0,182.0,179.0,149.0,125.0,143.0,171.0
2025-07-16,10:00,23.0,11.0,17.0,14.0,-16.0,-40.0,-22.0,6.0
2025-07-17,08:45,58.0,68.0,73.0,71.0,83.0,91.0,100.0,178.0
2025-07-17,09:00,55.0,65.0,70.0,68.0,80.0,88.0,97.0,175.0
2025-07-17,10:00,76.0,86.0,91.0,89.0,101.0,109.0,118.0,196.0
2025-07-18,08:45,-75.0,-70.0,-91.0,-79.0,-62.0,-66.0,-48.0,-92.0
2025-07-18,09:00,-75.0,-70.0,-91.0,-79.0,-62.0,-66.0,-48.0,-92.0
2025-07-18,10:00,-28.0,-23.0,-44.0,-32.0,-15.0,-19.0,-1.0,-45.0
2025-07-21,08:45,-20.0,-12.0,-16.0,-22.0,-25.0,-30.0,-10.0,1.0
2025-07-21,09:00,-34.0,-26.0,-30.0,-36.0,-39.0,-44.0,-24.0,-13.0
2025-07-21,10:00,-9.0,-1.0,-5.0,-11.0,-14.0,-19.0,1.0,12.0
2025-07-22,08:45,-214.0,-222.0,-219.0,-210.0,-239.0,-253.0,-248.0,-259.0
2025-07-22,09:00,-195.0,-203.0,-200.0,-191.0,-220.0,-234.0,-229.0,-240.0
2025-07-22,10:00,-313.0,-321.0,-318.0,-309.0,-338.0,-352.0,-347.0,-358.0
2025-07-23,08:45,216.0,237.0,221.0,206.0,194.0,200.0,212.0,197.0
2025-07-23,09:00,119.0,140.0,124.0,109.0,97.0,103.0,115.0,100.0
2025-07-23,10:00,-38.0,-17.0,-33.0,-48.0,-60.0,-54.0,-42.0,-57.0
2025-07-24,08:45,-85.0,-73.0,-82.0,-88.0,-87.0,-91.0,-91.0,-90.0
2025-07-24,09:00,13.0,25.0,16.0,10.0,11.0,7.0,7.0,8.0
2025-07-24,10:00,41.0,53.0,44.0,38.0,39.0,35.0,35.0,36.0
2025-07-25,08:45,-9.0,2.0,-14.0,-6.0,-13.0,-23.0,3.0,-19.0
2025-07-25,09:00,-19.0,-8.0,-24.0,-16.0,-23.0,-33.0,-7.0,-29.0
2025-07-25,10:00,9.0,20.0,4.0,12.0,5.0,-5.0,21.0,-1.0
2025-07-28,08:45,-2.0,19.0,17.0,18.0,4.0,0.0,7.0,26.0
2025-07-28,09:00,-99.0,-78.0,-80.0,-79.0,-93.0,-97.0,-90.0,-71.0
2025-07-28,10:00,-9.0,12.0,10.0,11.0,-3.0,-7.0,0.0,19.0
2025-07-29,08:45,-213.0,-182.0,-184.0,-179.0,-181.0,-178.0,-192.0,-171.0
2025-07-29,09:00,-222.0,-191.0,-193.0,-188.0,-190.0,-187.0,-201.0,-180.0
2025-07-29,10:00,-20.0,11.0,9.0,14.0,12.0,15.0,1.0,22.0
2025-07-30,08:45,179.0,175.0,167.0,133.0,144.0,145.0,145.0,149.0
2025-07-30,09:00,84.0,80.0,72.0,38.0,49.0,50.0,50.0,54.0
2025-07-30,10:00,69.0,65.0,57.0,23.0,34.0,35.0,35.0,39.0
2025-07-31,08:45,87.0,94.0,90.0,96.0,95.0,123.0,87.0,112.0
2025-07-31,09:00,156.0,163.0,159.0,165.0,164.0,192.0,156.0,181.0
2025-07-31,10:00,139.0,146.0,142.0,148.0,147.0,175.0,139.0,164.0
2025-08-01,08:45,269.0,264.0,279.0,275.0,277.0,268.0,272.0,243.0
2025-08-01,09:00,202.0,197.0,212.0,208.0,210.0,201.0,205.0,176.0
2025-08-01,10:00,-36.0,-41.0,-26.0,-30.0,-28.0,-37.0,-33.0,-62.0
2025-08-04,08:45,151.0,163.0,139.0,142.0,139.0,149.0,154.0,152.0
2025-08-04,09:00,141.0,153.0,129.0,132.0,129.0,139.0,144.0,142.0
2025-08-04,10:00,84.0,96.0,72.0,75.0,72.0,82.0,87.0,85.0
2025-08-05,08:45,132.0,144.0,140.0,144.0,135.0,134.0,141.0,141.0
2025-08-05,09:00,83.0,95.0,91.0,95.0,86.0,85.0,92.0,92.0
2025-08-05,10:00,53.0,65.0,61.0,65.0,56.0,55.0,62.0,62.0
2025-08-06,08:45,11.0,11.0,8.0,14.0,15.0,-1.0,-5.0,11.0
2025-08-06,09:00,9.0,9.0,6.0,12.0,13.0,-3.0,-7.0,9.0
2025-08-06,10:00,-25.0,-25.0,-28.0,-22.0,-21.0,-37.0,-41.0,-25.0
2025-08-07,08:45,360.0,361.0,354.0,339.0,345.0,337.0,345.0,347.0
2025-08-07,09:00,236.0,237.0,230.0,215.0,221.0,213.0,221.0,223.0
2025-08-07,10:00,-9.0,-8.0,-15.0,-30.0,-24.0,-32.0,-24.0,-22.0
2025-08-08,08:45,-70.0,-74.0,-80.0,-104.0,-117.0,-121.0,-100.0,-130.0
2025-08-08,09:00,23.0,19.0,13.0,-11.0,-24.0,-28.0,-7.0,-37.0
2025-08-08,10:00,42.0,38.0,32.0,8.0,-5.0,-9.0,12.0,-18.0
2025-08-11,08:45,205.0,208.0,209.0,204.0,187.0,184.0,186.0,194.0
2025-08-11,09:00,277.0,280.0,281.0,276.0,259.0,256.0,258.0,266.0
2025-08-11,10:00,187.0,190.0,191.0,186.0,169.0,166.0,168.0,176.0
2025-08-12,08:45,55.0,16.0,31.0,38.0,27.0,38.0,27.0,-14.0
2025-08-12,09:00,60.0,21.0,36.0,43.0,32.0,43.0,32.0,-9.0
2025-08-12,10:00,52.0,13.0,28.0,35.0,24.0,35.0,24.0,-17.0
2025-08-13,08:45,33.0,32.0,22.0,14.0,23.0,26.0,34.0,39.0
2025-08-13,09:00,24.0,23.0,13.0,5.0,14.0,17.0,25.0,30.0
2025-08-13,10:00,5.0,4.0,-6.0,-14.0,-5.0,-2.0,6.0,11.0
2025-08-14,08:45,-22.0,-11.0,-19.0,-14.0,-25.0,-27.0,-40.0,-78.0
2025-08-14,09:00,20.0,31.0,23.0,28.0,17.0,15.0,2.0,-36.0
2025-08-14,10:00,30.0,41.0,33.0,38.0,27.0,25.0,12.0,-26.0
2025-08-15,08:45,68.0,74.0,55.0,55.0,48.0,33.0,23.0,39.0
2025-08-15,09:00,75.0,81.0,62.0,62.0,55.0,40.0,30.0,46.0
2025-08-15,10:00,127.0,133.0,114.0,114.0,107.0,92.0,82.0,98.0
2025-08-18,08:45,254.0,254.0,258.0,253.0,260.0,248.0,249.0,229.0
2025-08-18,09:00,252.0,252.0,256.0,251.0,258.0,246.0,247.0,227.0
2025-08-18,10:00,49.0,49.0,53.0,48.0,55.0,43.0,44.0,24.0
2025-08-19,08:45,-11.0,-7.0,-21.0,-18.0,-20.0,-28.0,-14.0,-38.0
2025-08-19,09:00,-37.0,-33.0,-47.0,-44.0,-46.0,-54.0,-40.0,-64.0
2025-08-19,10:00,31.0,35.0,21.0,24.0,22.0,14.0,28.0,4.0
2025-08-20,08:45,-432.0,-465.0,-476.0,-456.0,-448.0,-438.0,-441.0,-433.0
2025-08-20,09:00,-376.0,-409.0,-420.0,-400.0,-392.0,-382.0,-385.0,-377.0
2025-08-20,10:00,-208.0,-241.0,-252.0,-232.0,-224.0,-214.0,-217.0,-209.0
2025-08-21,08:45,175.0,164.0,137.0,134.0,160.0,157.0,141.0,128.0
2025-08-21,09:00,158.0,147.0,120.0,117.0,143.0,140.0,124.0,111.0
2025-08-21,10:00,-33.0,-44.0,-71.0,-74.0,-48.0,-51.0,-67.0,-80.0
2025-08-22,08:45,-82.0,-84.0,-83.0,-83.0,-90.0,-93.0,-107.0,-120.0
2025-08-22,09:00,-136.0,-138.0,-137.0,-137.0,-144.0,-147.0,-161.0,-174.0
2025-08-22,10:00,-49.0,-51.0,-50.0,-50.0,-57.0,-60.0,-74.0,-87.0
2025-08-25,08:45,126.0,132.0,139.0,127.0,136.0,121.0,121.0,134.0
2025-08-25,09:00,98.0,104.0,111.0,99.0,108.0,93.0,93.0,106.0
2025-08-25,10:00,127.0,133.0,140.0,128.0,137.0,122.0,122.0,135.0
2025-08-26,08:45,126.0,108.0,104.0,97.0,100.0,100.0,84.0,110.0
2025-08-26,09:00,137.0,119.0,115.0,108.0,111.0,111.0,95.0,121.0
2025-08-26,10:00,137.0,119.0,115.0,108.0,111.0,111.0,95.0,121.0
2025-08-27,08:45,124.0,131.0,111.0,123.0,119.0,108.0,110.0,105.0
2025-08-27,09:00,95.0,102.0,82.0,94.0,90.0,79.0,81.0,76.0
2025-08-27,10:00,27.0,34.0,14.0,26.0,22.0,11.0,13.0,8.0
2025-08-28,08:45,-55.0,-53.0,-65.0,-86.0,-72.0,-90.0,-105.0,-130.0
2025-08-28,09:00,-81.0,-79.0,-91.0,-112.0,-98.0,-116.0,-131.0,-156.0
2025-08-28,10:00,-74.0,-72.0,-84.0,-105.0,-91.0,-109.0,-124.0,-149.0
2025-08-29,08:45,-113.0,-107.0,-113.0,-113.0,-127.0,-134.0,-137.0,-134.0
2025-08-29,09:00,-125.0,-119.0,-125.0,-125.0,-139.0,-146.0,-149.0,-146.0
2025-08-29,10:00,-47.0,-41.0,-47.0,-47.0,-61.0,-68.0,-71.0,-68.0
2025-09-01,08:45,-158.0,-138.0,-150.0,-147.0,-161.0,-166.0,-150.0,-121.0
2025-09-01,09:00,-157.0,-137.0,-149.0,-146.0,-160.0,-165.0,-149.0,-120.0
2025-09-01,10:00,-196.0,-176.0,-188.0,-185.0,-199.0,-204.0,-188.0,-159.0
2025-09-02,08:45,-88.0,-109.0,-104.0,-110.0,-124.0,-124.0,-123.0,-114.0
2025-09-02,09:00,-158.0,-179.0,-174.0,-180.0,-194.0,-194.0,-193.0,-184.0
2025-09-02,10:00,-19.0,-40.0,-35.0,-41.0,-55.0,-55.0,-54.0,-45.0
2025-09-03,08:45,68.0,52.0,41.0,36.0,37.0,33.0,17.0,37.0
2025-09-03,09:00,77.0,61.0,50.0,45.0,46.0,42.0,26.0,46.0
2025-09-03,10:00,-32.0,-48.0,-59.0,-64.0,-63.0,-67.0,-83.0,-63.0
2025-09-04,08:45,-15.0,-41.0,-49.0,-34.0,-31.0,-61.0,-63.0,-58.0
2025-09-04,09:00,-75.0,-101.0,-109.0,-94.0,-91.0,-121.0,-123.0,-118.0
2025-09-04,10:00,-116.0,-142.0,-150.0,-135.0,-132.0,-162.0,-164.0,-159.0
2025-09-05,08:45,25.0,29.0,25.0,25.0,28.0,26.0,17.0,51.0
2025-09-05,09:00,30.0,34.0,30.0,30.0,33.0,31.0,22.0,56.0
2025-09-05,10:00,63.0,67.0,63.0,63.0,66.0,64.0,55.0,89.0
2025-09-08,08:45,-1.0,-8.0,-13.0,-12.0,0.0,-10.0,1.0,-29.0
2025-09-08,09:00,-60.0,-67.0,-72.0,-71.0,-59.0,-69.0,-58.0,-88.0
2025-09-08,10:00,-13.0,-20.0,-25.0,-24.0,-12.0,-22.0,-11.0,-41.0
2025-09-09,08:45,83.0,80.0,71.0,66.0,69.0,58.0,61.0,85.0
2025-09-09,09:00,109.0,106.0,97.0,92.0,95.0,84.0,87.0,111.0
2025-09-09,10:00,51.0,48.0,39.0,34.0,37.0,26.0,29.0,53.0
2025-09-10,08:45,230.0,232.0,227.0,217.0,207.0,201.0,215.0,186.0
2025-09-10,09:00,205.0,207.0,202.0,192.0,182.0,176.0,190.0,161.0
2025-09-10,10:00,112.0,114.0,109.0,99.0,89.0,83.0,97.0,68.0
2025-09-11,08:45,-138.0,-173.0,-164.0,-208.0,-162.0,-172.0,-160.0,-160.0
2025-09-11,09:00,-127.0,-162.0,-153.0,-197.0,-151.0,-161.0,-149.0,-149.0
2025-09-11,10:00,-124.0,-159.0,-150.0,-194.0,-148.0,-158.0,-146.0,-146.0
2025-09-12,08:45,-14.0,8.0,3.0,5.0,-2.0,11.0,27.0,48.0
2025-09-12,09:00,12.0,34.0,29.0,31.0,24.0,37.0,53.0,74.0
2025-09-12,10:00,-49.0,-27.0,-32.0,-30.0,-37.0,-24.0,-8.0,13.0
2025-09-15,08:45,-23.0,-40.0,-41.0,-53.0,-70.0,-54.0,-61.0,-57.0
2025-09-15,09:00,-58.0,-75.0,-76.0,-88.0,-105.0,-89.0,-96.0,-92.0
2025-09-15,10:00,57.0,40.0,39.0,27.0,10.0,26.0,19.0,23.0
2025-09-16,08:45,224.0,213.0,207.0,211.0,207.0,196.0,200.0,207.0
2025-09-16,09:00,207.0,196.0,190.0,194.0,190.0,179.0,183.0,190.0
2025-09-16,10:00,73.0,62.0,56.0,60.0,56.0,45.0,49.0,56.0
2025-09-17,08:45,-116.0,-108.0,-112.0,-119.0,-115.0,-109.0,-94.0,-101.0
2025-09-17,09:00,-79.0,-71.0,-75.0,-82.0,-78.0,-72.0,-57.0,-64.0
2025-09-17,10:00,-59.0,-51.0,-55.0,-62.0,-58.0,-52.0,-37.0,-44.0
2025-09-18,08:45,104.0,104.0,114.0,106.0,100.0,99.0,100.0,96.0
2025-09-18,09:00,141.0,141.0,151.0,143.0,137.0,136.0,137.0,133.0
2025-09-18,10:00,183.0,183.0,193.0,185.0,179.0,178.0,179.0,175.0
2025-09-19,08:45,-122.0,-112.0,-110.0,-123.0,-122.0,-95.0,-123.0,-172.0
2025-09-19,09:00,-60.0,-50.0,-48.0,-61.0,-60.0,-33.0,-61.0,-110.0
2025-09-19,10:00,27.0,37.0,39.0,26.0,27.0,54.0,26.0,-23.0
2025-09-22,08:45,146.0,138.0,133.0,136.0,132.0,144.0,142.0,133.0
2025-09-22,09:00,180.0,172.0,167.0,170.0,166.0,178.0,176.0,167.0
2025-09-22,10:00,121.0,113.0,108.0,111.0,107.0,119.0,117.0,108.0
2025-09-23,08:45,169.0,167.0,159.0,170.0,168.0,174.0,151.0,212.0
2025-09-23,09:00,138.0,136.0,128.0,139.0,137.0,143.0,120.0,181.0
2025-09-23,10:00,75.0,73.0,65.0,76.0,74.0,80.0,57.0,118.0
2025-09-24,08:45,-192.0,-196.0,-186.0,-183.0,-183.0,-151.0,-136.0,-142.0
2025-09-24,09:00,-153.0,-157.0,-147.0,-144.0,-144.0,-112.0,-97.0,-103.0
2025-09-24,10:00,60.0,56.0,66.0,69.0,69.0,101.0,116.0,110.0
2025-09-25,08:45,-54.0,-55.0,-72.0,-76.0,-63.0,-52.0,-60.0,-91.0
2025-09-25,09:00,1.0,0.0,-17.0,-21.0,-8.0,3.0,-5.0,-36.0
2025-09-25,10:00,-88.0,-89.0,-106.0,-110.0,-97.0,-86.0,-94.0,-125.0
2025-09-26,08:45,-379.0,-358.0,-332.0,-306.0,-305.0,-291.0,-306.0,-290.0
2025-09-26,09:00,-385.0,-364.0,-338.0,-312.0,-311.0,-297.0,-312.0,-296.0
2025-09-26,10:00,35.0,56.0,82.0,108.0,109.0,123.0,108.0,124.0
2025-09-30,08:45,188.0,191.0,171.0,192.0,188.0,186.0,175.0,161.0
2025-09-30,09:00,90.0,93.0,73.0,94.0,90.0,88.0,77.0,63.0
2025-09-30,10:00,46.0,49.0,29.0,50.0,46.0,44.0,33.0,19.0
2025-10-01,08:45,-37.0,-35.0,-37.0,-43.0,-38.0,-36.0,-60.0,-52.0
2025-10-01,09:00,-3.0,-1.0,-3.0,-9.0,-4.0,-2.0,-26.0,-18.0
2025-10-01,10:00,-255.0,-253.0,-255.0,-261.0,-256.0,-254.0,-278.0,-270.0
2025-10-02,08:45,8.0,12.0,-23.0,-21.0,-39.0,-32.0,-39.0,-29.0
2025-10-02,09:00,-6.0,-2.0,-37.0,-35.0,-53.0,-46.0,-53.0,-43.0
2025-10-02,10:00,-21.0,-17.0,-52.0,-50.0,-68.0,-61.0,-68.0,-58.0
2025-10-03,08:45,217.0,223.0,228.0,231.0,230.0,232.0,239.0,249.0
2025-10-03,09:00,314.0,320.0,325.0,328.0,327.0,329.0,336.0,346.0
2025-10-03,10:00,139.0,145.0,150.0,153.0,152.0,154.0,161.0,171.0
2025-10-07,08:45,95.0,83.0,87.0,85.0,74.0,92.0,82.0,102.0
2025-10-07,09:00,283.0,271.0,275.0,273.0,262.0,280.0,270.0,290.0
2025-10-07,10:00,38.0,26.0,30.0,28.0,17.0,35.0,25.0,45.0
2025-10-08,08:45,48.0,33.0,38.0,33.0,41.0,51.0,42.0,33.0
2025-10-08,09:00,54.0,39.0,44.0,39.0,47.0,57.0,48.0,39.0
2025-10-08,10:00,81.0,66.0,71.0,66.0,74.0,84.0,75.0,66.0
2025-10-09,08:45,-127.0,-129.0,-121.0,-122.0,-142.0,-126.0,-111.0,-116.0
2025-10-09,09:00,-68.0,-70.0,-62.0,-63.0,-83.0,-67.0,-52.0,-57.0
2025-10-09,10:00,-80.0,-82.0,-74.0,-75.0,-95.0,-79.0,-64.0,-69.0
2025-10-13,08:45,421.0,419.0,455.0,497.0,501.0,499.0,489.0,479.0
2025-10-13,09:00,239.0,237.0,273.0,315.0,319.0,317.0,307.0,297.0
2025-10-13,10:00,18.0,16.0,52.0,94.0,98.0,96.0,86.0,76.0
2025-10-14,08:45,-392.0,-457.0,-452.0,-453.0,-443.0,-440.0,-453.0,-565.0
2025-10-14,09:00,-435.0,-500.0,-495.0,-496.0,-486.0,-483.0,-496.0,-608.0
2025-10-14,10:00,-485.0,-550.0,-545.0,-546.0,-536.0,-533.0,-546.0,-658.0
2025-10-15,08:45,338.0,341.0,361.0,362.0,380.0,411.0,415.0,407.0
2025-10-15,09:00,254.0,257.0,277.0,278.0,296.0,327.0,331.0,323.0
2025-10-15,10:00,158.0,161.0,181.0,182.0,200.0,231.0,235.0,227.0
2025-10-16,08:45,201.0,202.0,205.0,237.0,254.0,250.0,238.0,289.0
2025-10-16,09:00,276.0,277.0,280.0,312.0,329.0,325.0,313.0,364.0
2025-10-16,10:00,30.0,31.0,34.0,66.0,83.0,79.0,67.0,118.0
2025-10-17,08:45,110.0,92.0,68.0,73.0,57.0,67.0,68.0,1.0
2025-10-17,09:00,-12.0,-30.0,-54.0,-49.0,-65.0,-55.0,-54.0,-121.0
2025-10-17,10:00,-12.0,-30.0,-54.0,-49.0,-65.0,-55.0,-54.0,-121.0
2025-10-20,08:45,306.0,304.0,316.0,314.0,305.0,318.0,317.0,324.0
2025-10-20,09:00,186.0,184.0,196.0,194.0,185.0,198.0,197.0,204.0
2025-10-20,10:00,7.0,5.0,17.0,15.0,6.0,19.0,18.0,25.0
2025-10-21,08:45,-42.0,-45.0,-31.0,-36.0,-43.0,-51.0,-61.0,-70.0
2025-10-21,09:00,-24.0,-27.0,-13.0,-18.0,-25.0,-33.0,-43.0,-52.0
2025-10-21,10:00,-119.0,-122.0,-108.0,-113.0,-120.0,-128.0,-138.0,-147.0
2025-10-22,08:45,80.0,73.0,51.0,89.0,62.0,55.0,44.0,8.0
2025-10-22,09:00,180.0,173.0,151.0,189.0,162.0,155.0,144.0,108.0
2025-10-22,10:00,117.0,110.0,88.0,126.0,99.0,92.0,81.0,45.0
2025-10-23,08:45,181.0,197.0,194.0,201.0,196.0,179.0,194.0,171.0
2025-10-23,09:00,156.0,172.0,169.0,176.0,171.0,154.0,169.0,146.0
2025-10-23,10:00,30.0,46.0,43.0,50.0,45.0,28.0,43.0,20.0
2025-10-27,08:45,-35.0,-24.0,-2.0,-17.0,-22.0,-36.0,-33.0,-13.0
2025-10-27,09:00,-44.0,-33.0,-11.0,-26.0,-31.0,-45.0,-42.0,-22.0
2025-10-27,10:00,57.0,68.0,90.0,75.0,70.0,56.0,59.0,79.0
2025-10-28,08:45,-262.0,-242.0,-245.0,-206.0,-209.0,-233.0,-222.0,-257.0
2025-10-28,09:00,-132.0,-112.0,-115.0,-76.0,-79.0,-103.0,-92.0,-127.0
2025-10-28,10:00,-128.0,-108.0,-111.0,-72.0,-75.0,-99.0,-88.0,-123.0
2025-10-29,08:45,190.0,199.0,201.0,186.0,201.0,185.0,186.0,201.0
2025-10-29,09:00,175.0,184.0,186.0,171.0,186.0,170.0,171.0,186.0
2025-10-29,10:00,118.0,127.0,129.0,114.0,129.0,113.0,114.0,129.0
2025-10-30,08:45,-117.0,-82.0,-47.0,-30.0,-46.0,-31.0,-18.0,-26.0
2025-10-30,09:00,-133.0,-98.0,-63.0,-46.0,-62.0,-47.0,-34.0,-42.0
2025-10-30,10:00,-82.0,-47.0,-12.0,5.0,-11.0,4.0,17.0,9.0
2025-10-31,08:45,81.0,85.0,82.0,91.0,86.0,75.0,35.0,-11.0
2025-10-31,09:00,39.0,43.0,40.0,49.0,44.0,33.0,-7.0,-53.0
2025-10-31,10:00,-8.0,-4.0,-7.0,2.0,-3.0,-14.0,-54.0,-100.0
2025-11-03,08:45,-45.0,-41.0,-41.0,-55.0,-77.0,-84.0,-52.0,-41.0
2025-11-03,09:00,-76.0,-72.0,-72.0,-86.0,-108.0,-115.0,-83.0,-72.0
2025-11-03,10:00,-48.0,-44.0,-44.0,-58.0,-80.0,-87.0,-55.0,-44.0
2025-11-04,08:45,-226.0,-268.0,-219.0,-215.0,-245.0,-270.0,-265.0,-287.0
2025-11-04,09:00,-275.0,-317.0,-268.0,-264.0,-294.0,-319.0,-314.0,-336.0
2025-11-04,10:00,-267.0,-309.0,-260.0,-256.0,-286.0,-311.0,-306.0,-328.0
2025-11-05,08:45,63.0,65.0,87.0,109.0,109.0,113.0,89.0,86.0
2025-11-05,09:00,145.0,147.0,169.0,191.0,191.0,195.0,171.0,168.0
2025-11-05,10:00,301.0,303.0,325.0,347.0,347.0,351.0,327.0,324.0
2025-11-06,08:45,82.0,83.0,89.0,73.0,75.0,79.0,44.0,23.0
2025-11-06,09:00,123.0,124.0,130.0,114.0,116.0,120.0,85.0,64.0
2025-11-06,10:00,71.0,72.0,78.0,62.0,64.0,68.0,33.0,12.0
2025-11-07,08:45,-104.0,-75.0,-75.0,-87.0,-53.0,-65.0,-74.0,-51.0
2025-11-07,09:00,-77.0,-48.0,-48.0,-60.0,-26.0,-38.0,-47.0,-24.0
2025-11-07,10:00,-39.0,-10.0,-10.0,-22.0,12.0,0.0,-9.0,14.0
2025-11-10,08:45,238.0,257.0,262.0,273.0,259.0,262.0,248.0,250.0
2025-11-10,09:00,140.0,159.0,164.0,175.0,161.0,164.0,150.0,152.0
2025-11-10,10:00,167.0,186.0,191.0,202.0,188.0,191.0,177.0,179.0
2025-11-11,08:45,-233.0,-270.0,-281.0,-313.0,-335.0,-332.0,-324.0,-387.0
2025-11-11,09:00,-220.0,-257.0,-268.0,-300.0,-322.0,-319.0,-311.0,-374.0
2025-11-11,10:00,-107.0,-144.0,-155.0,-187.0,-209.0,-206.0,-198.0,-261.0
2025-11-12,08:45,165.0,179.0,175.0,174.0,166.0,168.0,155.0,161.0
2025-11-12,09:00,104.0,118.0,114.0,113.0,105.0,107.0,94.0,100.0
2025-11-12,10:00,130.0,144.0,140.0,139.0,131.0,133.0,120.0,126.0
2025-11-13,08:45,-66.0,-39.0,-48.0,-50.0,-51.0,-45.0,-72.0,-65.0
2025-11-13,09:00,110.0,137.0,128.0,126.0,125.0,131.0,104.0,111.0
2025-11-13,10:00,23.0,50.0,41.0,39.0,38.0,44.0,17.0,24.0
2025-11-14,08:45,-66.0,-65.0,-83.0,-112.0,-109.0,-82.0,-100.0,-95.0
2025-11-14,09:00,2.0,3.0,-15.0,-44.0,-41.0,-14.0,-32.0,-27.0
2025-11-14,10:00,-54.0,-53.0,-71.0,-100.0,-97.0,-70.0,-88.0,-83.0
2025-11-17,08:45,-83.0,-63.0,-85.0,-80.0,-82.0,-81.0,-80.0,-105.0
2025-11-17,09:00,-140.0,-120.0,-142.0,-137.0,-139.0,-138.0,-137.0,-162.0
2025-11-17,10:00,-64.0,-44.0,-66.0,-61.0,-63.0,-62.0,-61.0,-86.0
2025-11-18,08:45,-326.0,-349.0,-333.0,-310.0,-289.0,-293.0,-324.0,-352.0
2025-11-18,09:00,-320.0,-343.0,-327.0,-304.0,-283.0,-287.0,-318.0,-346.0
2025-11-18,10:00,-399.0,-422.0,-406.0,-383.0,-362.0,-366.0,-397.0,-425.0
2025-11-19,08:45,-181.0,-157.0,-134.0,-147.0,-135.0,-131.0,-163.0,-221.0
2025-11-19,09:00,-106.0,-82.0,-59.0,-72.0,-60.0,-56.0,-88.0,-146.0
2025-11-19,10:00,-124.0,-100.0,-77.0,-90.0,-78.0,-74.0,-106.0,-164.0
2025-11-20,08:45,153.0,164.0,175.0,161.0,180.0,182.0,167.0,186.0
2025-11-20,09:00,115.0,126.0,137.0,123.0,142.0,144.0,129.0,148.0
2025-11-20,10:00,138.0,149.0,160.0,146.0,165.0,167.0,152.0,171.0
2025-11-21,08:45,-332.0,-312.0,-295.0,-282.0,-246.0,-260.0,-300.0,-342.0
2025-11-21,09:00,-216.0,-196.0,-179.0,-166.0,-130.0,-144.0,-184.0,-226.0
2025-11-21,10:00,-173.0,-153.0,-136.0,-123.0,-87.0,-101.0,-141.0,-183.0
2025-11-24,08:45,-118.0,-147.0,-118.0,-100.0,-112.0,-110.0,-137.0,-96.0
2025-11-24,09:00,-83.0,-112.0,-83.0,-65.0,-77.0,-75.0,-102.0,-61.0
2025-11-24,10:00,-15.0,-44.0,-15.0,3.0,-9.0,-7.0,-34.0,7.0
2025-11-25,08:45,-170.0,-156.0,-132.0,-129.0,-121.0,-164.0,-177.0,-120.0
2025-11-25,09:00,-192.0,-178.0,-154.0,-151.0,-143.0,-186.0,-199.0,-142.0
2025-11-25,10:00,-6.0,8.0,32.0,35.0,43.0,0.0,-13.0,44.0
2025-11-26,08:45,98.0,70.0,93.0,110.0,138.0,139.0,158.0,152.0
2025-11-26,09:00,62.0,34.0,57.0,74.0,102.0,103.0,122.0,116.0
2025-11-26,10:00,-23.0,-51.0,-28.0,-11.0,17.0,18.0,37.0,31.0
2025-11-27,08:45,19.0,60.0,48.0,52.0,62.0,78.0,64.0,62.0
2025-11-27,09:00,5.0,46.0,34.0,38.0,48.0,64.0,50.0,48.0
2025-11-27,10:00,-73.0,-32.0,-44.0,-40.0,-30.0,-14.0,-28.0,-30.0
2025-11-28,08:45,243.0,245.0,232.0,241.0,234.0,235.0,191.0,151.0
2025-11-28,09:00,237.0,239.0,226.0,235.0,228.0,229.0,185.0,145.0
2025-11-28,10:00,158.0,160.0,147.0,156.0,149.0,150.0,106.0,66.0
2025-12-01,08:45,-145.0,-167.0,-196.0,-205.0,-224.0,-221.0,-235.0,-253.0
2025-12-01,09:00,-96.0,-118.0,-147.0,-156.0,-175.0,-172.0,-186.0,-204.0
2025-12-01,10:00,-100.0,-122.0,-151.0,-160.0,-179.0,-176.0,-190.0,-208.0
2025-12-02,08:45,-103.0,-89.0,-105.0,-134.0,-130.0,-128.0,-103.0,-106.0
2025-12-02,09:00,-76.0,-62.0,-78.0,-107.0,-103.0,-101.0,-76.0,-79.0
2025-12-02,10:00,-98.0,-84.0,-100.0,-129.0,-125.0,-123.0,-98.0,-101.0
2025-12-03,08:45,-69.0,-73.0,-62.0,-53.0,-57.0,-51.0,-35.0,-42.0
2025-12-03,09:00,-86.0,-90.0,-79.0,-70.0,-74.0,-68.0,-52.0,-59.0
2025-12-03,10:00,-67.0,-71.0,-60.0,-51.0,-55.0,-49.0,-33.0,-40.0
2025-12-04,08:45,-81.0,-67.0,-68.0,-58.0,-63.0,-53.0,-56.0,-39.0
2025-12-04,09:00,-20.0,-6.0,-7.0,3.0,-2.0,8.0,5.0,22.0
2025-12-04,10:00,-15.0,-1.0,-2.0,8.0,3.0,13.0,10.0,27.0
2025-12-05,08:45,150.0,158.0,178.0,173.0,166.0,176.0,190.0,222.0
2025-12-05,09:00,111.0,119.0,139.0,134.0,127.0,137.0,151.0,183.0
2025-12-05,10:00,97.0,105.0,125.0,120.0,113.0,123.0,137.0,169.0
2025-12-08,08:45,238.0,219.0,211.0,200.0,207.0,208.0,222.0,239.0
2025-12-08,09:00,244.0,225.0,217.0,206.0,213.0,214.0,228.0,245.0
2025-12-08,10:00,138.0,119.0,111.0,100.0,107.0,108.0,122.0,139.0
2025-12-09,08:45,-85.0,-106.0,-116.0,-122.0,-132.0,-131.0,-125.0,-127.0
2025-12-09,09:00,-72.0,-93.0,-103.0,-109.0,-119.0,-118.0,-112.0,-114.0
2025-12-09,10:00,-15.0,-36.0,-46.0,-52.0,-62.0,-61.0,-55.0,-57.0
2025-12-10,08:45,144.0,131.0,113.0,80.0,85.0,90.0,106.0,116.0
2025-12-10,09:00,129.0,116.0,98.0,65.0,70.0,75.0,91.0,101.0
2025-12-10,10:00,165.0,152.0,134.0,101.0,106.0,111.0,127.0,137.0
2025-12-11,08:45,-523.0,-520.0,-539.0,-538.0,-526.0,-526.0,-516.0,-506.0
2025-12-11,09:00,-444.0,-441.0,-460.0,-459.0,-447.0,-447.0,-437.0,-427.0
2025-12-11,10:00,-295.0,-292.0,-311.0,-310.0,-298.0,-298.0,-288.0,-278.0
2025-12-12,08:45,-105.0,-71.0,-79.0,-62.0,-35.0,-30.0,-10.0,10.0
2025-12-12,09:00,-105.0,-71.0,-79.0,-62.0,-35.0,-30.0,-10.0,10.0
2025-12-12,10:00,-135.0,-101.0,-109.0,-92.0,-65.0,-60.0,-40.0,-20.0
2025-12-15,08:45,126.0,116.0,110.0,112.0,99.0,102.0,97.0,86.0
2025-12-15,09:00,162.0,152.0,146.0,148.0,135.0,138.0,133.0,122.0
2025-12-15,10:00,20.0,10.0,4.0,6.0,-7.0,-4.0,-9.0,-20.0
2025-12-16,08:45,22.0,63.0,28.0,24.0,40.0,52.0,20.0,27.0
2025-12-16,09:00,37.0,78.0,43.0,39.0,55.0,67.0,35.0,42.0
2025-12-16,10:00,140.0,181.0,146.0,142.0,158.0,170.0,138.0,145.0
2025-12-17,08:45,-81.0,-101.0,-89.0,-86.0,-75.0,-77.0,-62.0,-25.0
2025-12-17,09:00,-101.0,-121.0,-109.0,-106.0,-95.0,-97.0,-82.0,-45.0
2025-12-17,10:00,-164.0,-184.0,-172.0,-169.0,-158.0,-160.0,-145.0,-108.0
2025-12-18,08:45,87.0,113.0,108.0,108.0,104.0,108.0,99.0,94.0
2025-12-18,09:00,57.0,83.0,78.0,78.0,74.0,78.0,69.0,64.0
2025-12-18,10:00,-38.0,-12.0,-17.0,-17.0,-21.0,-17.0,-26.0,-31.0
2025-12-19,08:45,45.0,60.0,86.0,82.0,95.0,112.0,95.0,95.0
2025-12-19,09:00,18.0,33.0,59.0,55.0,68.0,85.0,68.0,68.0
2025-12-19,10:00,-46.0,-31.0,-5.0,-9.0,4.0,21.0,4.0,4.0
2025-12-22,08:45,63.0,67.0,68.0,66.0,56.0,40.0,51.0,74.0
2025-12-22,09:00,59.0,63.0,64.0,62.0,52.0,36.0,47.0,70.0
2025-12-22,10:00,131.0,135.0,136.0,134.0,124.0,108.0,119.0,142.0
2025-12-23,08:45,14.0,6.0,5.0,-16.0,2.0,-7.0,16.0,30.0
2025-12-23,09:00,32.0,24.0,23.0,2.0,20.0,11.0,34.0,48.0
2025-12-23,10:00,-42.0,-50.0,-51.0,-72.0,-54.0,-63.0,-40.0,-26.0
2025-12-24,08:45,-144.0,-150.0,-151.0,-152.0,-149.0,-150.0,-142.0,-104.0
2025-12-24,09:00,-114.0,-120.0,-121.0,-122.0,-119.0,-120.0,-112.0,-74.0
2025-12-24,10:00,-38.0,-44.0,-45.0,-46.0,-43.0,-44.0,-36.0,2.0
2025-12-26,08:45,112.0,103.0,97.0,90.0,84.0,83.0,100.0,90.0
2025-12-26,09:00,51.0,42.0,36.0,29.0,23.0,22.0,39.0,29.0
2025-12-26,10:00,109.0,100.0,94.0,87.0,81.0,80.0,97.0,87.0
2025-12-29,08:45,222.0,209.0,209.0,201.0,178.0,172.0,181.0,205.0
2025-12-29,09:00,211.0,198.0,198.0,190.0,167.0,161.0,170.0,194.0
2025-12-29,10:00,69.0,56.0,56.0,48.0,25.0,19.0,28.0,52.0
2025-12-30,08:45,114.0,111.0,97.0,105.0,110.0,97.0,98.0,84.0
2025-12-30,09:00,139.0,136.0,122.0,130.0,135.0,122.0,123.0,109.0
2025-12-30,10:00,91.0,88.0,74.0,82.0,87.0,74.0,75.0,61.0
2025-12-31,08:45,196.0,194.0,185.0,171.0,147.0,132.0,146.0,179.0
2025-12-31,09:00,246.0,244.0,235.0,221.0,197.0,182.0,196.0,229.0
2025-12-31,10:00,130.0,128.0,119.0,105.0,81.0,66.0,80.0,113.0
2026-01-02,08:45,431.0,435.0,437.0,417.0,416.0,433.0,440.0,425.0
2026-01-02,09:00,383.0,387.0,389.0,369.0,368.0,385.0,392.0,377.0
2026-01-02,10:00,272.0,276.0,278.0,258.0,257.0,274.0,281.0,266.0
2026-01-05,08:45,407.0,426.0,424.0,415.0,393.0,369.0,400.0,424.0
2026-01-05,09:00,430.0,449.0,447.0,438.0,416.0,392.0,423.0,447.0
2026-01-05,10:00,113.0,132.0,130.0,121.0,99.0,75.0,106.0,130.0
2026-01-06,08:45,326.0,315.0,312.0,330.0,331.0,331.0,360.0,329.0
2026-01-06,09:00,420.0,409.0,406.0,424.0,425.0,425.0,454.0,423.0
2026-01-06,10:00,232.0,221.0,218.0,236.0,237.0,237.0,266.0,235.0
2026-01-07,08:45,-74.0,-77.0,-83.0,-82.0,-89.0,-99.0,-61.0,-85.0
2026-01-07,09:00,-50.0,-53.0,-59.0,-58.0,-65.0,-75.0,-37.0,-61.0
2026-01-07,10:00,36.0,33.0,27.0,28.0,21.0,11.0,49.0,25.0
2026-01-08,08:45,153.0,146.0,143.0,122.0,131.0,118.0,117.0,81.0
2026-01-08,09:00,113.0,106.0,103.0,82.0,91.0,78.0,77.0,41.0
2026-01-08,10:00,-45.0,-52.0,-55.0,-76.0,-67.0,-80.0,-81.0,-117.0
2026-01-09,08:45,-14.0,14.0,23.0,22.0,10.0,6.0,23.0,10.0
2026-01-09,09:00,58.0,86.0,95.0,94.0,82.0,78.0,95.0,82.0
2026-01-09,10:00,171.0,199.0,208.0,207.0,195.0,191.0,208.0,195.0
2026-01-12,08:45,-21.0,-10.0,0.0,-2.0,-9.0,-20.0,-23.0,-23.0
2026-01-12,09:00,2.0,13.0,23.0,21.0,14.0,3.0,0.0,0.0
2026-01-12,10:00,79.0,90.0,100.0,98.0,91.0,80.0,77.0,77.0
2026-01-13,08:45,-254.0,-263.0,-281.0,-274.0,-278.0,-270.0,-240.0,-204.0
2026-01-13,09:00,-275.0,-284.0,-302.0,-295.0,-299.0,-291.0,-261.0,-225.0
2026-01-13,10:00,24.0,15.0,-3.0,4.0,0.0,8.0,38.0,74.0
2026-01-14,08:45,-26.0,-26.0,-27.0,-31.0,-20.0,-20.0,10.0,-14.0
2026-01-14,09:00,-6.0,-6.0,-7.0,-11.0,0.0,0.0,30.0,6.0
2026-01-14,10:00,-60.0,-60.0,-61.0,-65.0,-54.0,-54.0,-24.0,-48.0
2026-01-15,08:45,60.0,73.0,94.0,110.0,141.0,145.0,142.0,218.0
2026-01-15,09:00,44.0,57.0,78.0,94.0,125.0,129.0,126.0,202.0
2026-01-15,10:00,1.0,14.0,35.0,51.0,82.0,86.0,83.0,159.0
2026-01-16,08:45,119.0,117.0,149.0,89.0,96.0,90.0,111.0,95.0
2026-01-16,09:00,126.0,124.0,156.0,96.0,103.0,97.0,118.0,102.0
2026-01-16,10:00,246.0,244.0,276.0,216.0,223.0,217.0,238.0,222.0
2026-01-19,08:45,459.0,424.0,380.0,425.0,421.0,437.0,440.0,408.0
2026-01-19,09:00,391.0,356.0,312.0,357.0,353.0,369.0,372.0,340.0
2026-01-19,10:00,319.0,284.0,240.0,285.0,281.0,297.0,300.0,268.0
2026-01-20,08:45,206.0,199.0,196.0,212.0,230.0,221.0,227.0,177.0
2026-01-20,09:00,349.0,342.0,339.0,355.0,373.0,364.0,370.0,320.0
2026-01-20,10:00,152.0,145.0,142.0,158.0,176.0,167.0,173.0,123.0
2026-01-21,08:45,-37.0,-46.0,-7.0,9.0,33.0,56.0,50.0,44.0
2026-01-21,09:00,-102.0,-111.0,-72.0,-56.0,-32.0,-9.0,-15.0,-21.0
2026-01-21,10:00,-296.0,-305.0,-266.0,-250.0,-226.0,-203.0,-209.0,-215.0
2026-01-22,08:45,46.0,7.0,12.0,1.0,-12.0,-7.0,-5.0,-16.0
2026-01-22,09:00,30.0,-9.0,-4.0,-15.0,-28.0,-23.0,-21.0,-32.0
2026-01-22,10:00,7.0,-32.0,-27.0,-38.0,-51.0,-46.0,-44.0,-55.0
2026-01-23,08:45,84.0,75.0,87.0,103.0,122.0,122.0,133.0,153.0
2026-01-23,09:00,18.0,9.0,21.0,37.0,56.0,56.0,67.0,87.0
2026-01-23,10:00,90.0,81.0,93.0,109.0,128.0,128.0,139.0,159.0
2026-01-26,08:45,-26.0,-35.0,-33.0,-32.0,-8.0,-20.0,-4.0,6.0
2026-01-26,09:00,-8.0,-17.0,-15.0,-14.0,10.0,-2.0,14.0,24.0
2026-01-26,10:00,-28.0,-37.0,-35.0,-34.0,-10.0,-22.0,-6.0,4.0
2026-01-27,08:45,178.0,163.0,161.0,140.0,132.0,125.0,173.0,193.0
2026-01-27,09:00,205.0,190.0,188.0,167.0,159.0,152.0,200.0,220.0
2026-01-27,10:00,113.0,98.0,96.0,75.0,67.0,60.0,108.0,128.0
2026-01-28,08:45,46.0,71.0,94.0,123.0,136.0,142.0,162.0,165.0
2026-01-28,09:00,98.0,123.0,146.0,175.0,188.0,194.0,214.0,217.0
2026-01-28,10:00,77.0,102.0,125.0,154.0,167.0,173.0,193.0,196.0
2026-01-29,08:45,-213.0,-271.0,-307.0,-310.0,-277.0,-245.0,-249.0,-237.0
2026-01-29,09:00,-164.0,-222.0,-258.0,-261.0,-228.0,-196.0,-200.0,-188.0
2026-01-29,10:00,20.0,-38.0,-74.0,-77.0,-44.0,-12.0,-16.0,-4.0
2026-01-30,08:45,-97.0,-96.0,-109.0,-124.0,-171.0,-186.0,-166.0,-199.0
2026-01-30,09:00,-159.0,-158.0,-171.0,-186.0,-233.0,-248.0,-228.0,-261.0
2026-01-30,10:00,161.0,162.0,149.0,134.0,87.0,72.0,92.0,59.0
2026-02-02,08:45,-244.0,-258.0,-255.0,-247.0,-257.0,-246.0,-247.0,-289.0
2026-02-02,09:00,-194.0,-208.0,-205.0,-197.0,-207.0,-196.0,-197.0,-239.0
2026-02-02,10:00,151.0,137.0,140.0,148.0,138.0,149.0,148.0,106.0
2026-02-03,08:45,-133.0,-149.0,-153.0,-99.0,-123.0,-93.0,-106.0,-91.0
2026-02-03,09:00,-114.0,-130.0,-134.0,-80.0,-104.0,-74.0,-87.0,-72.0
2026-02-03,10:00,24.0,8.0,4.0,58.0,34.0,64.0,51.0,66.0
2026-02-04,08:45,339.0,326.0,331.0,331.0,317.0,319.0,324.0,310.0
2026-02-04,09:00,388.0,375.0,380.0,380.0,366.0,368.0,373.0,359.0
2026-02-04,10:00,62.0,49.0,54.0,54.0,40.0,42.0,47.0,33.0
2026-02-05,08:45,-32.0,-31.0,-45.0,-66.0,-63.0,-85.0,-93.0,-62.0
2026-02-05,09:00,-133.0,-132.0,-146.0,-167.0,-164.0,-186.0,-194.0,-163.0
2026-02-05,10:00,-98.0,-97.0,-111.0,-132.0,-129.0,-151.0,-159.0,-128.0
2026-02-06,08:45,198.0,189.0,193.0,243.0,214.0,234.0,268.0,341.0
2026-02-06,09:00,105.0,96.0,100.0,150.0,121.0,141.0,175.0,248.0
2026-02-06,10:00,68.0,59.0,63.0,113.0,84.0,104.0,138.0,211.0
2026-02-09,08:45,-200.0,-230.0,-208.0,-209.0,-210.0,-227.0,-235.0,-193.0
2026-02-09,09:00,-36.0,-66.0,-44.0,-45.0,-46.0,-63.0,-71.0,-29.0
2026-02-09,10:00,21.0,-9.0,13.0,12.0,11.0,-6.0,-14.0,28.0
2026-02-10,08:45,272.0,274.0,274.0,265.0,264.0,244.0,267.0,405.0
2026-02-10,09:00,230.0,232.0,232.0,223.0,222.0,202.0,225.0,363.0
2026-02-10,10:00,41.0,43.0,43.0,34.0,33.0,13.0,36.0,174.0
2026-02-11,08:45,454.0,434.0,443.0,432.0,400.0,368.0,311.0,353.0
2026-02-11,09:00,505.0,485.0,494.0,483.0,451.0,419.0,362.0,404.0
2026-02-11,10:00,290.0,270.0,279.0,268.0,236.0,204.0,147.0,189.0
2026-02-23,08:45,-107.0,-165.0,-234.0,-256.0,-290.0,-313.0,-287.0,-211.0
2026-02-23,09:00,-98.0,-156.0,-225.0,-247.0,-281.0,-304.0,-278.0,-202.0
2026-02-23,10:00,-272.0,-330.0,-399.0,-421.0,-455.0,-478.0,-452.0,-376.0
2026-02-24,08:45,764.0,806.0,839.0,772.0,727.0,739.0,703.0,729.0
2026-02-24,09:00,638.0,680.0,713.0,646.0,601.0,613.0,577.0,603.0
2026-02-24,10:00,327.0,369.0,402.0,335.0,290.0,302.0,266.0,292.0
2026-02-25,08:45,258.0,275.0,330.0,298.0,227.0,198.0,259.0,240.0
2026-02-25,09:00,361.0,378.0,433.0,401.0,330.0,301.0,362.0,343.0
2026-02-25,10:00,169.0,186.0,241.0,209.0,138.0,109.0,170.0,151.0
2026-02-26,08:45,90.0,47.0,27.0,38.0,77.0,96.0,69.0,72.0
2026-02-26,09:00,111.0,68.0,48.0,59.0,98.0,117.0,90.0,93.0
2026-02-26,10:00,61.0,18.0,-2.0,9.0,48.0,67.0,40.0,43.0
2026-03-02,08:45,633.0,601.0,538.0,530.0,534.0,498.0,498.0,504.0
2026-03-02,09:00,513.0,481.0,418.0,410.0,414.0,378.0,378.0,384.0
2026-03-02,10:00,6.0,-26.0,-89.0,-97.0,-93.0,-129.0,-129.0,-123.0
2026-03-03,08:45,-546.0,-566.0,-517.0,-532.0,-557.0,-573.0,-586.0,-674.0
2026-03-03,09:00,-646.0,-666.0,-617.0,-632.0,-657.0,-673.0,-686.0,-774.0
2026-03-03,10:00,-293.0,-313.0,-264.0,-279.0,-304.0,-320.0,-333.0,-421.0
2026-03-04,08:45,-522.0,-569.0,-546.0,-552.0,-530.0,-590.0,-675.0,-621.0
2026-03-04,09:00,-637.0,-684.0,-661.0,-667.0,-645.0,-705.0,-790.0,-736.0
2026-03-04,10:00,-450.0,-497.0,-474.0,-480.0,-458.0,-518.0,-603.0,-549.0
2026-03-05,08:45,-144.0,-173.0,-168.0,-185.0,-230.0,-210.0,-236.0,-259.0
2026-03-05,09:00,-258.0,-287.0,-282.0,-299.0,-344.0,-324.0,-350.0,-373.0
2026-03-05,10:00,51.0,22.0,27.0,10.0,-35.0,-15.0,-41.0,-64.0
2026-03-06,08:45,290.0,321.0,311.0,295.0,301.0,303.0,307.0,341.0
2026-03-06,09:00,246.0,277.0,267.0,251.0,257.0,259.0,263.0,297.0
2026-03-06,10:00,41.0,72.0,62.0,46.0,52.0,54.0,58.0,92.0
2026-03-09,08:45,21.0,61.0,106.0,85.0,32.0,253.0,264.0,71.0
2026-03-09,09:00,266.0,306.0,351.0,330.0,277.0,498.0,509.0,316.0
2026-03-09,10:00,321.0,361.0,406.0,385.0,332.0,553.0,564.0,371.0
2026-03-10,08:45,-590.0,-451.0,-453.0,-454.0,-500.0,-526.0,-493.0,-565.0
2026-03-10,09:00,-363.0,-224.0,-226.0,-227.0,-273.0,-299.0,-266.0,-338.0
2026-03-10,10:00,-541.0,-402.0,-404.0,-405.0,-451.0,-477.0,-444.0,-516.0
2026-03-11,08:45,797.0,812.0,668.0,687.0,722.0,664.0,716.0,658.0
2026-03-11,09:00,741.0,756.0,612.0,631.0,666.0,608.0,660.0,602.0
2026-03-11,10:00,442.0,457.0,313.0,332.0,367.0,309.0,361.0,303.0
2026-03-12,08:45,-241.0,-186.0,-162.0,-150.0,-163.0,-176.0,-182.0,-144.0
2026-03-12,09:00,-168.0,-113.0,-89.0,-77.0,-90.0,-103.0,-109.0,-71.0
2026-03-12,10:00,-273.0,-218.0,-194.0,-182.0,-195.0,-208.0,-214.0,-176.0
2026-03-13,08:45,611.0,607.0,588.0,556.0,598.0,619.0,653.0,660.0
2026-03-13,09:00,397.0,393.0,374.0,342.0,384.0,405.0,439.0,446.0
2026-03-13,10:00,-51.0,-55.0,-74.0,-106.0,-64.0,-43.0,-9.0,-2.0
2026-03-16,08:45,-151.0,-133.0,-148.0,-116.0,-156.0,-138.0,-154.0,-160.0
2026-03-16,09:00,-327.0,-309.0,-324.0,-292.0,-332.0,-314.0,-330.0,-336.0
2026-03-16,10:00,-154.0,-136.0,-151.0,-119.0,-159.0,-141.0,-157.0,-163.0
2026-03-17,08:45,187.0,177.0,181.0,184.0,214.0,213.0,183.0,177.0
2026-03-17,09:00,169.0,159.0,163.0,166.0,196.0,195.0,165.0,159.0
2026-03-17,10:00,-122.0,-132.0,-128.0,-125.0,-95.0,-96.0,-126.0,-132.0
2026-03-18,08:45,21.0,61.0,76.0,103.0,133.0,163.0,173.0,211.0
2026-03-18,09:00,-123.0,-83.0,-68.0,-41.0,-11.0,19.0,29.0,67.0
2026-03-18,10:00,-119.0,-79.0,-64.0,-37.0,-7.0,23.0,33.0,71.0
2026-03-19,08:45,-177.0,-178.0,-194.0,-169.0,-162.0,-184.0,-223.0,-342.0
2026-03-19,09:00,-242.0,-243.0,-259.0,-234.0,-227.0,-249.0,-288.0,-407.0
2026-03-19,10:00,-282.0,-283.0,-299.0,-274.0,-267.0,-289.0,-328.0,-447.0
2026-03-20,08:45,-201.0,-226.0,-264.0,-241.0,-223.0,-194.0,-181.0,-223.0
2026-03-20,09:00,-165.0,-190.0,-228.0,-205.0,-187.0,-158.0,-145.0,-187.0
2026-03-20,10:00,-13.0,-38.0,-76.0,-53.0,-35.0,-6.0,7.0,-35.0
2026-03-23,08:45,108.0,151.0,119.0,155.0,162.0,100.0,83.0,-1.0
2026-03-23,09:00,289.0,332.0,300.0,336.0,343.0,281.0,264.0,180.0
2026-03-23,10:00,-116.0,-73.0,-105.0,-69.0,-62.0,-124.0,-141.0,-225.0
2026-03-24,08:45,-414.0,-571.0,-617.0,-559.0,-523.0,-577.0,-682.0,-518.0
2026-03-24,09:00,-424.0,-581.0,-627.0,-569.0,-533.0,-587.0,-692.0,-528.0
2026-03-24,10:00,218.0,61.0,15.0,73.0,109.0,55.0,-50.0,114.0
2026-03-25,08:45,-127.0,-179.0,-126.0,-110.0,-171.0,-140.0,-210.0,-161.0
2026-03-25,09:00,-96.0,-148.0,-95.0,-79.0,-140.0,-109.0,-179.0,-130.0
2026-03-25,10:00,-76.0,-128.0,-75.0,-59.0,-120.0,-89.0,-159.0,-110.0
2026-03-26,08:45,-283.0,-282.0,-368.0,-357.0,-348.0,-385.0,-444.0,-405.0
2026-03-26,09:00,-177.0,-176.0,-262.0,-251.0,-242.0,-279.0,-338.0,-299.0
2026-03-26,10:00,-385.0,-384.0,-470.0,-459.0,-450.0,-487.0,-546.0,-507.0
2026-03-27,08:45,363.0,397.0,439.0,436.0,428.0,414.0,420.0,365.0
2026-03-27,09:00,347.0,381.0,423.0,420.0,412.0,398.0,404.0,349.0
2026-03-27,10:00,214.0,248.0,290.0,287.0,279.0,265.0,271.0,216.0
2026-03-30,08:45,528.0,552.0,582.0,561.0,583.0,550.0,518.0,449.0
2026-03-30,09:00,310.0,334.0,364.0,343.0,365.0,332.0,300.0,231.0
2026-03-30,10:00,119.0,143.0,173.0,152.0,174.0,141.0,109.0,40.0
2026-03-31,08:45,-92.0,-66.0,-101.0,-137.0,-69.0,-36.0,-61.0,-28.0
2026-03-31,09:00,-300.0,-274.0,-309.0,-345.0,-277.0,-244.0,-269.0,-236.0
2026-03-31,10:00,-437.0,-411.0,-446.0,-482.0,-414.0,-381.0,-406.0,-373.0
2026-04-01,08:45,311.0,337.0,374.0,327.0,324.0,327.0,342.0,365.0
2026-04-01,09:00,189.0,215.0,252.0,205.0,202.0,205.0,220.0,243.0
2026-04-01,10:00,135.0,161.0,198.0,151.0,148.0,151.0,166.0,189.0
2026-04-02,08:45,-1072.0,-1100.0,-1121.0,-1077.0,-1070.0,-1082.0,-1095.0,-1193.0
2026-04-02,09:00,-1008.0,-1036.0,-1057.0,-1013.0,-1006.0,-1018.0,-1031.0,-1129.0
2026-04-02,10:00,-311.0,-339.0,-360.0,-316.0,-309.0,-321.0,-334.0,-432.0
2026-04-07,08:45,-15.0,-9.0,-18.0,0.0,-2.0,-20.0,-9.0,8.0
2026-04-07,09:00,-74.0,-68.0,-77.0,-59.0,-61.0,-79.0,-68.0,-51.0
2026-04-07,10:00,152.0,158.0,149.0,167.0,165.0,147.0,158.0,175.0
2026-04-08,08:45,353.0,356.0,343.0,308.0,298.0,297.0,309.0,332.0
2026-04-08,09:00,404.0,407.0,394.0,359.0,349.0,348.0,360.0,383.0
2026-04-08,10:00,132.0,135.0,122.0,87.0,77.0,76.0,88.0,111.0
2026-04-09,08:45,-283.0,-322.0,-295.0,-296.0,-273.0,-250.0,-164.0,-163.0
2026-04-09,09:00,-161.0,-200.0,-173.0,-174.0,-151.0,-128.0,-42.0,-41.0
2026-04-09,10:00,-123.0,-162.0,-135.0,-136.0,-113.0,-90.0,-4.0,-3.0
2026-04-10,08:45,283.0,284.0,301.0,266.0,285.0,289.0,307.0,326.0
2026-04-10,09:00,167.0,168.0,185.0,150.0,169.0,173.0,191.0,210.0
2026-04-10,10:00,66.0,67.0,84.0,49.0,68.0,72.0,90.0,109.0
2026-04-13,08:45,194.0,224.0,205.0,201.0,177.0,208.0,218.0,169.0
2026-04-13,09:00,6.0,36.0,17.0,13.0,-11.0,20.0,30.0,-19.0
2026-04-13,10:00,-115.0,-85.0,-104.0,-108.0,-132.0,-101.0,-91.0,-140.0
2026-04-14,08:45,344.0,313.0,334.0,323.0,313.0,313.0,304.0,294.0
2026-04-14,09:00,378.0,347.0,368.0,357.0,347.0,347.0,338.0,328.0
2026-04-14,10:00,372.0,341.0,362.0,351.0,341.0,341.0,332.0,322.0
2026-04-15,08:45,52.0,1.0,-18.0,21.0,37.0,-35.0,-13.0,-28.0
2026-04-15,09:00,65.0,14.0,-5.0,34.0,50.0,-22.0,0.0,-15.0
2026-04-15,10:00,-286.0,-337.0,-356.0,-317.0,-301.0,-373.0,-351.0,-366.0
2026-04-16,08:45,72.0,59.0,38.0,41.0,41.0,72.0,147.0,337.0
2026-04-16,09:00,19.0,6.0,-15.0,-12.0,-12.0,19.0,94.0,284.0
2026-04-16,10:00,131.0,118.0,97.0,100.0,100.0,131.0,206.0,396.0
2026-04-17,08:45,-11.0,-26.0,22.0,35.0,21.0,23.0,-25.0,-67.0
2026-04-17,09:00,-131.0,-146.0,-98.0,-85.0,-99.0,-97.0,-145.0,-187.0
2026-04-17,10:00,-149.0,-164.0,-116.0,-103.0,-117.0,-115.0,-163.0,-205.0
2026-04-20,08:45,172.0,182.0,171.0,195.0,160.0,128.0,42.0,-86.0
2026-04-20,09:00,172.0,182.0,171.0,195.0,160.0,128.0,42.0,-86.0
2026-04-20,10:00,-125.0,-115.0,-126.0,-102.0,-137.0,-169.0,-255.0,-383.0
2026-04-21,08:45,323.0,376.0,412.0,435.0,415.0,388.0,321.0,337.0
2026-04-21,09:00,246.0,299.0,335.0,358.0,338.0,311.0,244.0,260.0
2026-04-21,10:00,232.0,285.0,321.0,344.0,324.0,297.0,230.0,246.0
2026-04-22,08:45,34.0,37.0,66.0,67.0,90.0,113.0,76.0,83.0
2026-04-22,09:00,203.0,206.0,235.0,236.0,259.0,282.0,245.0,252.0
2026-04-22,10:00,-32.0,-29.0,0.0,1.0,24.0,47.0,10.0,17.0
2026-04-23,08:45,-714.0,-676.0,-698.0,-732.0,-777.0,-779.0,-791.0,-823.0
2026-04-23,09:00,-618.0,-580.0,-602.0,-636.0,-681.0,-683.0,-695.0,-727.0
2026-04-23,10:00,-529.0,-491.0,-513.0,-547.0,-592.0,-594.0,-606.0,-638.0
2026-04-24,08:45,801.0,832.0,786.0,835.0,896.0,917.0,896.0,930.0
2026-04-24,09:00,651.0,682.0,636.0,685.0,746.0,767.0,746.0,780.0
2026-04-24,10:00,26.0,57.0,11.0,60.0,121.0,142.0,121.0,155.0
2026-04-27,08:45,189.0,121.0,134.0,120.0,83.0,87.0,-14.0,-93.0
2026-04-27,09:00,169.0,101.0,114.0,100.0,63.0,67.0,-34.0,-113.0
2026-04-27,10:00,10.0,-58.0,-45.0,-59.0,-96.0,-92.0,-193.0,-272.0
2026-04-28,08:45,176.0,163.0,77.0,-10.0,-30.0,9.0,-34.0,-52.0
2026-04-28,09:00,60.0,47.0,-39.0,-126.0,-146.0,-107.0,-150.0,-168.0
2026-04-28,10:00,-29.0,-42.0,-128.0,-215.0,-235.0,-196.0,-239.0,-257.0
2026-04-29,08:45,-148.0,-150.0,-176.0,-189.0,-239.0,-268.0,-241.0,-205.0
2026-04-29,09:00,206.0,204.0,178.0,165.0,115.0,86.0,113.0,149.0
2026-04-29,10:00,68.0,66.0,40.0,27.0,-23.0,-52.0,-25.0,11.0
2026-04-30,08:45,-306.0,-327.0,-223.0,-159.0,-214.0,-195.0,-355.0,-288.0
2026-04-30,09:00,-424.0,-445.0,-341.0,-277.0,-332.0,-313.0,-473.0,-406.0
2026-04-30,10:00,-474.0,-495.0,-391.0,-327.0,-382.0,-363.0,-523.0,-456.0
2026-05-04,08:45,569.0,554.0,587.0,557.0,575.0,561.0,566.0,618.0
2026-05-04,09:00,698.0,683.0,716.0,686.0,704.0,690.0,695.0,747.0
2026-05-04,10:00,351.0,336.0,369.0,339.0,357.0,343.0,348.0,400.0
2026-05-05,08:45,48.0,87.0,99.0,102.0,96.0,107.0,53.0,93.0
2026-05-05,09:00,91.0,130.0,142.0,145.0,139.0,150.0,96.0,136.0
2026-05-05,10:00,146.0,185.0,197.0,200.0,194.0,205.0,151.0,191.0
2026-05-06,08:45,-255.0,-267.0,-241.0,-188.0,-122.0,-178.0,-185.0,-160.0
2026-05-06,09:00,-227.0,-239.0,-213.0,-160.0,-94.0,-150.0,-157.0,-132.0
2026-05-06,10:00,26.0,14.0,40.0,93.0,159.0,103.0,96.0,121.0
2026-05-07,08:45,-33.0,29.0,27.0,52.0,-18.0,-35.0,-28.0,24.0
2026-05-07,09:00,149.0,211.0,209.0,234.0,164.0,147.0,154.0,206.0
2026-05-07,10:00,-45.0,17.0,15.0,40.0,-30.0,-47.0,-40.0,12.0
2026-05-08,08:45,-117.0,-152.0,-113.0,-105.0,-109.0,-123.0,-122.0,-128.0
2026-05-08,09:00,-161.0,-196.0,-157.0,-149.0,-153.0,-167.0,-166.0,-172.0
2026-05-08,10:00,-241.0,-276.0,-237.0,-229.0,-233.0,-247.0,-246.0,-252.0
2026-05-11,08:45,-70.0,-68.0,-99.0,-116.0,-124.0,-125.0,-169.0,-263.0
2026-05-11,09:00,214.0,216.0,185.0,168.0,160.0,159.0,115.0,21.0
2026-05-11,10:00,41.0,43.0,12.0,-5.0,-13.0,-14.0,-58.0,-152.0
2026-05-12,08:45,-193.0,-123.0,-150.0,-199.0,-215.0,-255.0,-317.0,-548.0
2026-05-12,09:00,-147.0,-77.0,-104.0,-153.0,-169.0,-209.0,-271.0,-502.0
2026-05-12,10:00,235.0,305.0,278.0,229.0,213.0,173.0,111.0,-120.0
2026-05-13,08:45,235.0,295.0,288.0,366.0,359.0,361.0,260.0,270.0
2026-05-13,09:00,235.0,295.0,288.0,366.0,359.0,361.0,260.0,270.0
2026-05-13,10:00,-24.0,36.0,29.0,107.0,100.0,102.0,1.0,11.0
2026-05-14,08:45,-180.0,-199.0,-282.0,-325.0,-376.0,-335.0,-216.0,-303.0
2026-05-14,09:00,-281.0,-300.0,-383.0,-426.0,-477.0,-436.0,-317.0,-404.0
2026-05-14,10:00,61.0,42.0,-41.0,-84.0,-135.0,-94.0,25.0,-62.0
2026-05-15,08:45,-1063.0,-1102.0,-1111.0,-1104.0,-1119.0,-1155.0,-1088.0,-1288.0
2026-05-15,09:00,-1064.0,-1103.0,-1112.0,-1105.0,-1120.0,-1156.0,-1089.0,-1289.0
2026-05-15,10:00,-446.0,-485.0,-494.0,-487.0,-502.0,-538.0,-471.0,-671.0
2026-05-18,08:45,744.0,732.0,783.0,687.0,668.0,720.0,661.0,633.0
2026-05-18,09:00,386.0,374.0,425.0,329.0,310.0,362.0,303.0,275.0
2026-05-18,10:00,311.0,299.0,350.0,254.0,235.0,287.0,228.0,200.0
2026-05-19,08:45,-559.0,-596.0,-560.0,-560.0,-560.0,-629.0,-542.0,-620.0
2026-05-19,09:00,-361.0,-398.0,-362.0,-362.0,-362.0,-431.0,-344.0,-422.0
2026-05-19,10:00,-267.0,-304.0,-268.0,-268.0,-268.0,-337.0,-250.0,-328.0
2026-05-20,08:45,-196.0,-62.0,-50.0,-78.0,-126.0,-98.0,-129.0,-117.0
2026-05-20,09:00,-271.0,-137.0,-125.0,-153.0,-201.0,-173.0,-204.0,-192.0
2026-05-20,10:00,-385.0,-251.0,-239.0,-267.0,-315.0,-287.0,-318.0,-306.0
2026-05-21,08:45,712.0,692.0,668.0,631.0,665.0,670.0,618.0,538.0
2026-05-21,09:00,509.0,489.0,465.0,428.0,462.0,467.0,415.0,335.0
2026-05-21,10:00,149.0,129.0,105.0,68.0,102.0,107.0,55.0,-25.0
2026-05-22,08:45,250.0,245.0,242.0,253.0,250.0,240.0,244.0,248.0
2026-05-22,09:00,534.0,529.0,526.0,537.0,534.0,524.0,528.0,532.0
2026-05-22,10:00,351.0,346.0,343.0,354.0,351.0,341.0,345.0,349.0
2026-05-25,08:45,593.0,598.0,583.0,546.0,620.0,612.0,672.0,697.0
2026-05-25,09:00,428.0,433.0,418.0,381.0,455.0,447.0,507.0,532.0
2026-05-25,10:00,-197.0,-192.0,-207.0,-244.0,-170.0,-178.0,-118.0,-93.0
2026-05-26,08:45,-419.0,-456.0,-430.0,-430.0,-474.0,-432.0,-446.0,-361.0
2026-05-26,09:00,-315.0,-352.0,-326.0,-326.0,-370.0,-328.0,-342.0,-257.0
2026-05-26,10:00,-2.0,-39.0,-13.0,-13.0,-57.0,-15.0,-29.0,56.0
2026-05-27,08:45,197.0,205.0,287.0,301.0,222.0,259.0,258.0,354.0
2026-05-27,09:00,-64.0,-56.0,26.0,40.0,-39.0,-2.0,-3.0,93.0
2026-05-27,10:00,-41.0,-33.0,49.0,63.0,-16.0,21.0,20.0,116.0
2026-05-28,08:45,-1490.0,-1684.0,-1420.0,-1371.0,-1515.0,-1520.0,-1300.0,-1350.0
2026-05-28,09:00,-1352.0,-1546.0,-1282.0,-1233.0,-1377.0,-1382.0,-1162.0,-1212.0
2026-05-28,10:00,-1637.0,-1831.0,-1567.0,-1518.0,-1662.0,-1667.0,-1447.0,-1497.0
2026-05-29,08:45,732.0,784.0,770.0,713.0,702.0,686.0,660.0,632.0
2026-05-29,09:00,476.0,528.0,514.0,457.0,446.0,430.0,404.0,376.0
2026-05-29,10:00,321.0,373.0,359.0,302.0,291.0,275.0,249.0,221.0
2026-06-01,08:45,580.0,525.0,541.0,561.0,529.0,532.0,502.0,594.0
2026-06-01,09:00,442.0,387.0,403.0,423.0,391.0,394.0,364.0,456.0
2026-06-01,10:00,-103.0,-158.0,-142.0,-122.0,-154.0,-151.0,-181.0,-89.0
2026-06-02,08:45,-143.0,-92.0,-61.0,-53.0,-87.0,-107.0,-56.0,-27.0
2026-06-02,09:00,-59.0,-8.0,23.0,31.0,-3.0,-23.0,28.0,57.0
2026-06-02,10:00,319.0,370.0,401.0,409.0,375.0,355.0,406.0,435.0
2026-06-03,08:45,-23.0,-101.0,11.0,17.0,56.0,38.0,34.0,69.0
2026-06-03,09:00,-82.0,-160.0,-48.0,-42.0,-3.0,-21.0,-25.0,10.0
2026-06-03,10:00,-111.0,-189.0,-77.0,-71.0,-32.0,-50.0,-54.0,-19.0
2026-06-04,08:45,73.0,-20.0,-56.0,-60.0,-88.0,-178.0,-205.0,-172.0
2026-06-04,09:00,175.0,82.0,46.0,42.0,14.0,-76.0,-103.0,-70.0
2026-06-04,10:00,245.0,152.0,116.0,112.0,84.0,-6.0,-33.0,0.0
2026-06-05,08:45,-433.0,-469.0,-495.0,-487.0,-424.0,-417.0,-473.0,-469.0
2026-06-05,09:00,-308.0,-344.0,-370.0,-362.0,-299.0,-292.0,-348.0,-344.0
2026-06-05,10:00,-206.0,-242.0,-268.0,-260.0,-197.0,-190.0,-246.0,-242.0
2026-06-08,08:45,1050.0,1219.0,1186.0,1101.0,1146.0,1123.0,974.0,742.0
2026-06-08,09:00,762.0,931.0,898.0,813.0,858.0,835.0,686.0,454.0
2026-06-08,10:00,145.0,314.0,281.0,196.0,241.0,218.0,69.0,-163.0
2026-06-09,08:45,972.0,1004.0,947.0,969.0,914.0,924.0,876.0,1007.0
2026-06-09,09:00,866.0,898.0,841.0,863.0,808.0,818.0,770.0,901.0
2026-06-09,10:00,423.0,455.0,398.0,420.0,365.0,375.0,327.0,458.0
2026-06-10,08:45,-412.0,-377.0,-432.0,-430.0,-561.0,-613.0,-432.0,-419.0
2026-06-10,09:00,-661.0,-626.0,-681.0,-679.0,-810.0,-862.0,-681.0,-668.0
2026-06-10,10:00,-553.0,-518.0,-573.0,-571.0,-702.0,-754.0,-573.0,-560.0
2026-06-11,08:45,647.0,602.0,625.0,611.0,571.0,520.0,546.0,631.0
2026-06-11,09:00,174.0,129.0,152.0,138.0,98.0,47.0,73.0,158.0
2026-06-11,10:00,499.0,454.0,477.0,463.0,423.0,372.0,398.0,483.0
2026-06-12,08:45,-598.0,-627.0,-718.0,-696.0,-712.0,-764.0,-657.0,-738.0
2026-06-12,09:00,-488.0,-517.0,-608.0,-586.0,-602.0,-654.0,-547.0,-628.0
2026-06-12,10:00,-5.0,-34.0,-125.0,-103.0,-119.0,-171.0,-64.0,-145.0
2026-06-15,08:45,-105.0,-65.0,-60.0,-103.0,-100.0,-143.0,-111.0,-115.0
2026-06-15,09:00,-243.0,-203.0,-198.0,-241.0,-238.0,-281.0,-249.0,-253.0
2026-06-15,10:00,-49.0,-9.0,-4.0,-47.0,-44.0,-87.0,-55.0,-59.0
2026-06-16,08:45,-375.0,-348.0,-349.0,-317.0,-312.0,-333.0,-281.0,-388.0
2026-06-16,09:00,-206.0,-179.0,-180.0,-148.0,-143.0,-164.0,-112.0,-219.0
2026-06-16,10:00,50.0,77.0,76.0,108.0,113.0,92.0,144.0,37.0
2026-06-17,08:45,378.0,561.0,535.0,508.0,550.0,558.0,604.0,639.0
2026-06-17,09:00,348.0,531.0,505.0,478.0,520.0,528.0,574.0,609.0
2026-06-17,10:00,91.0,274.0,248.0,221.0,263.0,271.0,317.0,352.0
2026-06-18,08:45,-55.0,0.0,65.0,58.0,125.0,141.0,169.0,288.0
2026-06-18,09:00,67.0,122.0,187.0,180.0,247.0,263.0,291.0,410.0
2026-06-18,10:00,42.0,97.0,162.0,155.0,222.0,238.0,266.0,385.0
2026-06-22,08:45,808.0,774.0,892.0,864.0,900.0,893.0,958.0,1006.0
2026-06-22,09:00,527.0,493.0,611.0,583.0,619.0,612.0,677.0,725.0
2026-06-22,10:00,163.0,129.0,247.0,219.0,255.0,248.0,313.0,361.0
2026-06-23,08:45,-1174.0,-1152.0,-1175.0,-1142.0,-1179.0,-1191.0,-1266.0,-1360.0
2026-06-23,09:00,-833.0,-811.0,-834.0,-801.0,-838.0,-850.0,-925.0,-1019.0
2026-06-23,10:00,-551.0,-529.0,-552.0,-519.0,-556.0,-568.0,-643.0,-737.0
2026-06-24,08:45,-364.0,-296.0,-303.0,-305.0,-195.0,-230.0,-430.0,-438.0
2026-06-24,09:00,-243.0,-175.0,-182.0,-184.0,-74.0,-109.0,-309.0,-317.0
2026-06-24,10:00,-231.0,-163.0,-170.0,-172.0,-62.0,-97.0,-297.0,-305.0
2026-06-25,08:45,-487.0,-419.0,-328.0,-369.0,-421.0,-447.0,-441.0,-440.0
2026-06-25,09:00,-439.0,-371.0,-280.0,-321.0,-373.0,-399.0,-393.0,-392.0
2026-06-25,10:00,-79.0,-11.0,80.0,39.0,-13.0,-39.0,-33.0,-32.0
2026-06-26,08:45,-892.0,-962.0,-974.0,-934.0,-1063.0,-1078.0,-1005.0,-1240.0
2026-06-26,09:00,-898.0,-968.0,-980.0,-940.0,-1069.0,-1084.0,-1011.0,-1246.0
2026-06-26,10:00,-649.0,-719.0,-731.0,-691.0,-820.0,-835.0,-762.0,-997.0
2026-06-29,08:45,326.0,320.0,392.0,456.0,457.0,531.0,494.0,768.0
2026-06-29,09:00,141.0,135.0,207.0,271.0,272.0,346.0,309.0,583.0
2026-06-29,10:00,-293.0,-299.0,-227.0,-163.0,-162.0,-88.0,-125.0,149.0
2026-06-30,08:45,700.0,694.0,691.0,706.0,670.0,697.0,612.0,701.0
2026-06-30,09:00,502.0,496.0,493.0,508.0,472.0,499.0,414.0,503.0
2026-06-30,10:00,198.0,192.0,189.0,204.0,168.0,195.0,110.0,199.0
2026-07-01,08:45,-324.0,-319.0,-281.0,-290.0,-298.0,-383.0,-266.0,-298.0
2026-07-01,09:00,-419.0,-414.0,-376.0,-385.0,-393.0,-478.0,-361.0,-393.0
2026-07-01,10:00,125.0,130.0,168.0,159.0,151.0,66.0,183.0,151.0
2026-07-02,08:45,448.0,501.0,605.0,640.0,678.0,692.0,572.0,342.0
2026-07-02,09:00,607.0,660.0,764.0,799.0,837.0,851.0,731.0,501.0
2026-07-02,10:00,-27.0,26.0,130.0,165.0,203.0,217.0,97.0,-133.0
2026-07-03,08:45,1283.0,1322.0,1301.0,1261.0,1269.0,1193.0,1275.0,1274.0
2026-07-03,09:00,1107.0,1146.0,1125.0,1085.0,1093.0,1017.0,1099.0,1098.0
2026-07-03,10:00,625.0,664.0,643.0,603.0,611.0,535.0,617.0,616.0
2026-07-06,08:45,-292.0,-386.0,-364.0,-309.0,-314.0,-404.0,-463.0,-415.0
2026-07-06,09:00,-386.0,-480.0,-458.0,-403.0,-408.0,-498.0,-557.0,-509.0
2026-07-06,10:00,-202.0,-296.0,-274.0,-219.0,-224.0,-314.0,-373.0,-325.0
2026-07-07,08:45,-1160.0,-1250.0,-1259.0,-1335.0,-1312.0,-1282.0,-1304.0,-1264.0
2026-07-07,09:00,-987.0,-1077.0,-1086.0,-1162.0,-1139.0,-1109.0,-1131.0,-1091.0
2026-07-07,10:00,-1094.0,-1184.0,-1193.0,-1269.0,-1246.0,-1216.0,-1238.0,-1198.0
2026-07-08,08:45,-91.0,-84.0,12.0,-7.0,15.0,-27.0,61.0,-37.0
2026-07-08,09:00,-392.0,-385.0,-289.0,-308.0,-286.0,-328.0,-240.0,-338.0
2026-07-08,10:00,19.0,26.0,122.0,103.0,125.0,83.0,171.0,73.0
2026-07-09,08:45,-264.0,-328.0,-408.0,-311.0,-436.0,-469.0,-494.0,-335.0
2026-07-09,09:00,-55.0,-119.0,-199.0,-102.0,-227.0,-260.0,-285.0,-126.0
2026-07-09,10:00,78.0,14.0,-66.0,31.0,-94.0,-127.0,-152.0,7.0
2026-07-13,08:45,-831.0,-763.0,-592.0,-511.0,-572.0,-732.0,-843.0,-702.0
2026-07-13,09:00,-601.0,-533.0,-362.0,-281.0,-342.0,-502.0,-613.0,-472.0
2026-07-13,10:00,-328.0,-260.0,-89.0,-8.0,-69.0,-229.0,-340.0,-199.0
2026-07-14,08:45,-515.0,-584.0,-465.0,-405.0,-360.0,-317.0,-376.0,-384.0
2026-07-14,09:00,-665.0,-734.0,-615.0,-555.0,-510.0,-467.0,-526.0,-534.0
2026-07-14,10:00,135.0,66.0,185.0,245.0,290.0,333.0,274.0,266.0
2026-07-15,08:45,484.0,515.0,555.0,500.0,501.0,442.0,371.0,466.0
2026-07-15,09:00,404.0,435.0,475.0,420.0,421.0,362.0,291.0,386.0
2026-07-15,10:00,196.0,227.0,267.0,212.0,213.0,154.0,83.0,178.0
2026-07-16,08:45,310.0,332.0,289.0,392.0,400.0,417.0,499.0,154.0
2026-07-16,09:00,369.0,391.0,348.0,451.0,459.0,476.0,558.0,213.0
2026-07-16,10:00,494.0,516.0,473.0,576.0,584.0,601.0,683.0,338.0
2026-07-17,08:45,-1116.0,-1172.0,-1197.0,-1087.0,-1165.0,-1265.0,-1412.0,-1601.0
2026-07-17,09:00,-1056.0,-1112.0,-1137.0,-1027.0,-1105.0,-1205.0,-1352.0,-1541.0
2026-07-17,10:00,-923.0,-979.0,-1004.0,-894.0,-972.0,-1072.0,-1219.0,-1408.0
2026-07-20,08:45,-422.0,-527.0,-618.0,-630.0,-630.0,-724.0,-788.0,-802.0
2026-07-20,09:00,-102.0,-207.0,-298.0,-310.0,-310.0,-404.0,-468.0,-482.0
2026-07-20,10:00,102.0,-3.0,-94.0,-106.0,-106.0,-200.0,-264.0,-278.0
2026-07-21,08:45,912.0,967.0,982.0,928.0,860.0,944.0,1028.0,1126.0
2026-07-21,09:00,857.0,912.0,927.0,873.0,805.0,889.0,973.0,1071.0
2026-07-21,10:00,339.0,394.0,409.0,355.0,287.0,371.0,455.0,553.0
2026-07-22,08:45,-71.0,-177.0,-239.0,-295.0,-349.0,-384.0,-302.0,-412.0
2026-07-22,09:00,-267.0,-373.0,-435.0,-491.0,-545.0,-580.0,-498.0,-608.0
2026-07-22,10:00,31.0,-75.0,-137.0,-193.0,-247.0,-282.0,-200.0,-310.0
2026-07-23,08:45,-739.0,-782.0,-749.0,-700.0,-553.0,-561.0,-450.0,-415.0
2026-07-23,09:00,-606.0,-649.0,-616.0,-567.0,-420.0,-428.0,-317.0,-282.0
2026-07-23,10:00,-243.0,-286.0,-253.0,-204.0,-57.0,-65.0,46.0,81.0
2026-07-24,08:45,-380.0,-510.0,-429.0,-409.0,-429.0,-380.0,-449.0,-360.0
2026-07-24,09:00,-329.0,-459.0,-378.0,-358.0,-378.0,-329.0,-398.0,-309.0
2026-07-24,10:00,-336.0,-466.0,-385.0,-365.0,-385.0,-336.0,-405.0,-316.0
2026-07-27,08:45,-276.0,-207.0,-146.0,-96.0,-58.0,-11.0,-8.0,51.0
2026-07-27,09:00,-137.0,-68.0,-7.0,43.0,81.0,128.0,131.0,190.0
2026-07-27,10:00,-121.0,-52.0,9.0,59.0,97.0,144.0,147.0,206.0
2026-07-28,08:45,-620.0,-608.0,-627.0,-731.0,-736.0,-784.0,-782.0,-949.0
2026-07-28,09:00,-245.0,-233.0,-252.0,-356.0,-361.0,-409.0,-407.0,-574.0
2026-07-28,10:00,-130.0,-118.0,-137.0,-241.0,-246.0,-294.0,-292.0,-459.0
2026-07-29,08:45,-1813.0,-1871.0,-1743.0,-1524.0,-1679.0,-1649.0,-1632.0,-1577.0
2026-07-29,09:00,-1543.0,-1601.0,-1473.0,-1254.0,-1409.0,-1379.0,-1362.0,-1307.0
2026-07-29,10:00,-435.0,-493.0,-365.0,-146.0,-301.0,-271.0,-254.0,-199.0
2026-07-30,08:45,-84.0,-180.0,-234.0,22.0,190.0,116.0,109.0,211.0
2026-07-30,09:00,-119.0,-215.0,-269.0,-13.0,155.0,81.0,74.0,176.0
2026-07-30,10:00,-890.0,-986.0,-1040.0,-784.0,-616.0,-690.0,-697.0,-595.0
2026-07-31,08:45,1500.0,1499.0,1579.0,1557.0,1528.0,1468.0,1493.0,1381.0
2026-07-31,09:00,1067.0,1066.0,1146.0,1124.0,1095.0,1035.0,1060.0,948.0
2026-07-31,10:00,395.0,394.0,474.0,452.0,423.0,363.0,388.0,276.0
2026-08-03,08:45,180.0,137.0,95.0,95.0,67.0,48.0,134.0,46.0
2026-08-03,09:00,28.0,-15.0,-57.0,-57.0,-85.0,-104.0,-18.0,-106.0
2026-08-03,10:00,-187.0,-230.0,-272.0,-272.0,-300.0,-319.0,-233.0,-321.0
2026-08-04,08:45,513.0,426.0,478.0,400.0,411.0,433.0,486.0,661.0
2026-08-04,09:00,356.0,269.0,321.0,243.0,254.0,276.0,329.0,504.0
2026-08-04,10:00,-518.0,-605.0,-553.0,-631.0,-620.0,-598.0,-545.0,-370.0
2026-08-05,08:45,-239.0,-187.0,-247.0,-237.0,-283.0,-283.0,-179.0,-174.0
2026-08-05,09:00,-205.0,-153.0,-213.0,-203.0,-249.0,-249.0,-145.0,-140.0
2026-08-05,10:00,-323.0,-271.0,-331.0,-321.0,-367.0,-367.0,-263.0,-258.0
2026-08-06,08:45,184.0,251.0,294.0,262.0,225.0,241.0,159.0,132.0
2026-08-06,09:00,61.0,128.0,171.0,139.0,102.0,118.0,36.0,9.0
2026-08-06,10:00,366.0,433.0,476.0,444.0,407.0,423.0,341.0,314.0
2026-08-07,08:45,-482.0,-299.0,-355.0,-375.0,-321.0,-338.0,-344.0,-252.0
2026-08-07,09:00,-596.0,-413.0,-469.0,-489.0,-435.0,-452.0,-458.0,-366.0
2026-08-07,10:00,-113.0,70.0,14.0,-6.0,48.0,31.0,25.0,117.0
2026-08-10,08:45,-161.0,-94.0,-65.0,7.0,28.0,35.0,-26.0,0.0
2026-08-10,09:00,38.0,105.0,134.0,206.0,227.0,234.0,173.0,199.0
2026-08-10,10:00,-332.0,-265.0,-236.0,-164.0,-143.0,-136.0,-197.0,-171.0
2026-08-11,08:45,294.0,280.0,288.0,292.0,258.0,217.0,212.0,242.0
2026-08-11,09:00,264.0,250.0,258.0,262.0,228.0,187.0,182.0,212.0
2026-08-11,10:00,429.0,415.0,423.0,427.0,393.0,352.0,347.0,377.0
2026-08-12,08:45,149.0,75.0,101.0,63.0,22.0,38.0,81.0,144.0
2026-08-12,09:00,224.0,150.0,176.0,138.0,97.0,113.0,156.0,219.0
2026-08-12,10:00,126.0,52.0,78.0,40.0,-1.0,15.0,58.0,121.0
2026-08-13,08:45,-121.0,-105.0,-93.0,-95.0,-128.0,-150.0,-63.0,-149.0
2026-08-13,09:00,-183.0,-167.0,-155.0,-157.0,-190.0,-212.0,-125.0,-211.0
2026-08-13,10:00,-115.0,-99.0,-87.0,-89.0,-122.0,-144.0,-57.0,-143.0
2026-08-14,08:45,-643.0,-762.0,-798.0,-668.0,-687.0,-694.0,-723.0,-669.0
2026-08-14,09:00,-471.0,-590.0,-626.0,-496.0,-515.0,-522.0,-551.0,-497.0
2026-08-14,10:00,-236.0,-355.0,-391.0,-261.0,-280.0,-287.0,-316.0,-262.0
2026-08-17,08:45,169.0,180.0,187.0,129.0,96.0,75.0,80.0,66.0
2026-08-17,09:00,26.0,37.0,44.0,-14.0,-47.0,-68.0,-63.0,-77.0
2026-08-17,10:00,82.0,93.0,100.0,42.0,9.0,-12.0,-7.0,-21.0
2026-08-18,08:45,-633.0,-737.0,-700.0,-722.0,-743.0,-779.0,-796.0,-892.0
2026-08-18,09:00,-600.0,-704.0,-667.0,-689.0,-710.0,-746.0,-763.0,-859.0
2026-08-18,10:00,-235.0,-339.0,-302.0,-324.0,-345.0,-381.0,-398.0,-494.0
2026-08-19,08:45,307.0,401.0,346.0,263.0,194.0,249.0,319.0,171.0
2026-08-19,09:00,249.0,343.0,288.0,205.0,136.0,191.0,261.0,113.0
2026-08-19,10:00,-138.0,-44.0,-99.0,-182.0,-251.0,-196.0,-126.0,-274.0
2026-08-20,08:45,-268.0,-235.0,-215.0,-213.0,-124.0,-82.0,-89.0,-84.0
2026-08-20,09:00,-412.0,-379.0,-359.0,-357.0,-268.0,-226.0,-233.0,-228.0
2026-08-20,10:00,20.0,53.0,73.0,75.0,164.0,206.0,199.0,204.0
