date,a,b,c,vol,o10,o0845,c1344,long_E0,long_mid,long_ext,short_E0,short_mid,short_ext,rv,rc,yr,sox
2023-09-11,16577.0,16406.0,171.0,143484.0,16453.0,16566.0,16424.0,16453.0,16453.0,16426.0,16453.0,,,1.0465034863027687,1.6521739130434783,2023,-0.004500140978362
2023-09-12,16482.0,16413.0,69.0,106974.0,16453.0,16465.0,16569.0,16453.0,16447.5,,16453.0,16453.0,16462.0,0.7802170551681886,0.6666666666666666,2023,0.0009085835910924
2023-09-13,16645.0,16558.0,87.0,117462.0,16588.0,16569.0,16579.0,16588.0,16588.0,16578.0,16588.0,16601.5,,0.856711497505616,0.8405797101449275,2023,-0.0078840534232873
2023-09-14,16785.0,16674.0,111.0,130090.0,16764.0,16675.0,16840.0,16764.0,,,16764.0,16764.0,16765.0,0.9488140735770342,1.1746031746031746,2023,0.0054700671262237
2023-09-15,16865.0,16808.0,57.0,89944.0,16863.0,16846.0,16906.0,16863.0,16836.5,16828.0,16863.0,16863.0,16863.0,0.6672898582980933,0.6031746031746031,2023,0.0066761036495284
2023-09-18,16796.0,16734.0,62.0,98748.0,16780.0,16758.0,16707.0,16780.0,16765.0,16754.0,16780.0,16780.0,16780.0,0.7485672700809606,0.7209302325581395,2023,-0.0300873548851496
2023-09-19,16741.0,16676.0,65.0,86292.0,16681.0,16689.0,16607.0,16681.0,16681.0,16681.0,16681.0,16708.5,16721.0,0.6616064035329837,0.7692307692307693,2023,0.0046254879343226
2023-09-20,16657.0,16567.0,90.0,39842.0,16639.0,16618.0,16563.0,16639.0,16612.0,16587.0,16639.0,16639.0,16639.0,0.3164826435777266,1.0714285714285714,2023,-0.0095777486993445
2023-09-21,16485.0,16320.0,165.0,174134.0,16322.0,16484.0,16308.0,16322.0,16322.0,16322.0,16322.0,,,1.4562621261791664,1.9642857142857142,2023,-0.0174066643153263
2023-09-22,16306.0,16188.0,118.0,115808.0,16263.0,16200.0,16344.0,16263.0,,,16263.0,16263.0,16286.0,0.9684886599317589,1.4047619047619047,2023,-0.0176414686316681
2023-09-25,16445.0,16340.0,105.0,110748.0,16433.0,16360.0,16462.0,16433.0,,,16433.0,16433.0,16433.0,0.9495262999957131,1.242603550295858,2023,0.0079188942300492
2023-09-26,16409.0,16307.0,102.0,151672.0,16335.0,16407.0,16308.0,16335.0,16335.0,16327.0,16335.0,,,1.3389360687865253,1.186046511627907,2023,0.0071821447780131
2023-09-27,16324.0,16233.0,91.0,120604.0,16315.0,16243.0,16312.0,16315.0,16278.5,16253.0,16315.0,16315.0,16315.0,1.0646727519906778,1.058139534883721,2023,-0.0176547296619521
2023-09-28,16435.0,16341.0,94.0,145824.0,16382.0,16345.0,16370.0,16382.0,16382.0,16361.0,16382.0,16388.0,,1.2502593561109443,1.0621468926553672,2023,0.009547636066578
2023-10-02,16609.0,16504.0,105.0,135186.0,16580.0,16521.0,16558.0,16580.0,,,16580.0,16580.0,16589.0,1.1590517426158529,1.1864406779661016,2023,0.00388776348367
2023-10-03,16553.0,16477.0,76.0,109112.0,16532.0,16495.0,16411.0,16532.0,16515.0,16497.0,16532.0,16532.0,16533.0,0.9354996356153813,0.8587570621468926,2023,0.004239595374881
2023-10-04,16289.0,16164.0,125.0,170776.0,16249.0,16287.0,16245.0,16249.0,16226.5,,16249.0,16249.0,,1.507583114108653,1.4124293785310735,2023,-0.0209548110239644
2023-10-05,16413.0,16288.0,125.0,122400.0,16410.0,16300.0,16458.0,16410.0,,,16410.0,16410.0,16410.0,1.0494277018047755,1.3812154696132597,2023,0.014316260831966
2023-10-06,16548.0,16473.0,75.0,126546.0,16519.0,16480.0,16527.0,16519.0,16510.5,16493.0,16519.0,16519.0,16528.0,1.0631169507615534,0.8108108108108109,2023,-0.0052380785536596
2023-10-11,16828.0,16700.0,128.0,124534.0,16708.0,16800.0,16715.0,16708.0,16708.0,16708.0,16708.0,,,1.0462140750884208,1.3837837837837839,2023,0.0128974577126623
2023-10-12,16797.0,16725.0,72.0,103950.0,16763.0,16773.0,16850.0,16763.0,16761.0,,16763.0,16763.0,16777.0,0.8555414725683528,0.7346938775510204,2023,0.0073347057433363
2023-10-13,16800.0,16740.0,60.0,86218.0,16792.0,16749.0,16770.0,16792.0,16770.0,16760.0,16792.0,16792.0,16792.0,0.7243201465139919,0.6486486486486487,2023,0.0030498921655364
2023-10-16,16683.0,16622.0,61.0,104308.0,16652.0,16658.0,16647.0,16652.0,16652.0,16642.0,16652.0,16652.5,16663.0,0.8762948090025455,0.6594594594594595,2023,-0.0269541399191798
2023-10-17,16782.0,16710.0,72.0,82212.0,16743.0,16756.0,16653.0,16743.0,16743.0,16730.0,16743.0,16746.0,,0.6954976904725648,0.7783783783783784,2023,0.0143470693345151
2023-10-18,16649.0,16524.0,125.0,59038.0,16531.0,16649.0,16466.0,16531.0,16531.0,16531.0,16531.0,,,0.5211779868994862,1.3812154696132597,2023,-0.0079514405383568
2023-10-19,16483.0,16351.0,132.0,114780.0,16447.0,16351.0,16460.0,16447.0,16417.0,,16447.0,16447.0,16463.0,1.0132594148907996,1.427027027027027,2023,-0.0176161120800308
2023-10-20,16457.0,16255.0,202.0,184812.0,16299.0,16457.0,16415.0,16299.0,16299.0,,16299.0,16356.0,16437.0,1.6029628601661838,2.061224489795918,2023,-0.0133823550952847
2023-10-23,16365.0,16312.0,53.0,105040.0,16326.0,16350.0,16258.0,16326.0,16326.0,16326.0,16326.0,,,0.8886181750503358,0.5120772946859904,2023,-0.0153306193712753
2023-10-24,16287.0,16148.0,139.0,156452.0,16185.0,16272.0,16334.0,16185.0,16185.0,,16185.0,16217.5,16267.0,1.323553795915605,1.3429951690821256,2023,-0.0053073754425325
2023-10-25,16462.0,16361.0,101.0,117640.0,16460.0,16366.0,16357.0,16460.0,16411.5,,16460.0,16460.0,16460.0,0.9952117489805932,0.9758454106280193,2023,0.0137636651366968
2023-10-26,16176.0,16075.0,101.0,174686.0,16138.0,16152.0,16066.0,16138.0,16125.5,16095.0,16138.0,16138.0,,1.4664461644364601,0.9950738916256158,2023,-0.0412985878933234
2023-10-27,16208.0,16130.0,78.0,135406.0,16159.0,16139.0,16154.0,16159.0,16159.0,16150.0,16159.0,16169.0,16188.0,1.1144343302990898,0.7722772277227723,2023,-0.0054338332543109
2023-10-30,16237.0,16112.0,125.0,139640.0,16211.0,16115.0,16161.0,16211.0,16174.5,16132.0,16211.0,16211.0,16217.0,1.149281493308752,1.2820512820512822,2023,0.0121282641559141
2023-10-31,16197.0,16132.0,65.0,120530.0,16180.0,16187.0,15996.0,16180.0,16164.5,16152.0,16180.0,16180.0,16180.0,0.9762122672454988,0.6435643564356436,2023,-0.0129869324995585
2023-11-01,16120.0,16027.0,93.0,118284.0,16050.0,16094.0,16049.0,16050.0,16050.0,16047.0,16050.0,16073.5,,0.973811385995966,0.9207920792079208,2023,0.0096415273234164
2023-11-02,16354.0,16240.0,114.0,134490.0,16349.0,16243.0,16393.0,16349.0,,,16349.0,16349.0,16349.0,1.1263158776286148,1.175257731958763,2023,0.0233403505716924
2023-11-03,16504.0,16441.0,63.0,112132.0,16500.0,16495.0,16512.0,16500.0,,,16500.0,16500.0,16500.0,0.9231630510846746,0.6237623762376238,2023,0.0235767787417007
2023-11-06,16693.0,16625.0,68.0,110234.0,16693.0,16675.0,16673.0,16693.0,,,16693.0,16693.0,16693.0,0.9231787081159396,0.7010309278350515,2023,0.0255392543950792
2023-11-07,16696.0,16613.0,83.0,104848.0,16681.0,16630.0,16708.0,16681.0,16654.5,,16681.0,16681.0,16681.0,0.8888286058222139,0.9707602339181286,2023,-0.0028020853536041
2023-11-08,16777.0,16687.0,90.0,105708.0,16762.0,16730.0,16750.0,16762.0,,,16762.0,16762.0,16762.0,0.9096291196971,1.0227272727272727,2023,0.007712873270264
2023-11-09,16787.0,16697.0,90.0,102730.0,16739.0,16710.0,16765.0,16739.0,16739.0,16717.0,16739.0,16742.0,,0.9054611479340009,1.0404624277456647,2023,0.0003485565151262
2023-11-10,16698.0,16627.0,71.0,114654.0,16676.0,16667.0,16733.0,16676.0,16662.5,16647.0,16676.0,16676.0,16678.0,1.010559159497955,0.7888888888888889,2023,-0.0058542850314022
2023-11-13,16985.0,16884.0,101.0,121158.0,16896.0,16965.0,16874.0,16896.0,16896.0,16896.0,16896.0,,,1.0561468657653181,1.1222222222222222,2023,0.0403784100059667
2023-11-14,16967.0,16912.0,55.0,82628.0,16947.0,16964.0,16948.0,16947.0,16939.5,16932.0,16947.0,16947.0,16947.0,0.7110231477497634,0.6010928961748634,2023,-0.0097417964551999
2023-11-15,17214.0,17149.0,65.0,39798.0,17155.0,17199.0,17165.0,17155.0,17155.0,17155.0,17155.0,17181.5,,0.3424662249376129,0.7103825136612022,2023,0.0362184578618121
2023-11-16,17218.0,17136.0,82.0,89882.0,17135.0,17200.0,17187.0,17135.0,17135.0,17135.0,17135.0,,,0.7734446261079081,0.9111111111111111,2023,0.0071956305266214
2023-11-17,17237.0,17151.0,86.0,95164.0,17231.0,17154.0,17220.0,17231.0,17194.0,,17231.0,17231.0,17231.0,0.8193410075163371,0.9942196531791907,2023,0.0032353741423294
2023-11-20,17288.0,17156.0,132.0,123276.0,17189.0,17222.0,17198.0,17189.0,17189.0,17176.0,17189.0,,,1.0871570555501662,1.5621301775147929,2023,0.0065921967723745
2023-11-21,17400.0,17280.0,120.0,114118.0,17400.0,17285.0,17412.0,17400.0,,,17400.0,17400.0,17400.0,0.9825307584354309,1.3636363636363635,2023,0.0152481560028276
2023-11-22,17335.0,17280.0,55.0,81872.0,17327.0,17302.0,17286.0,17327.0,17307.5,17300.0,17327.0,17327.0,17327.0,0.7157519276834577,0.625,2023,-0.0191864543947281
2023-11-23,17323.0,17260.0,63.0,84440.0,17285.0,17267.0,17305.0,17285.0,17285.0,17280.0,17285.0,,,0.7464309392265194,0.7455621301775148,2023,0.0032602959180667
2023-11-24,17350.0,17271.0,79.0,81486.0,17296.0,17336.0,17290.0,17296.0,17296.0,17291.0,17296.0,17310.5,,0.7328998138204582,0.9575757575757575,2023,0.0032602959180667
2023-11-27,17360.0,17234.0,126.0,118574.0,17279.0,17260.0,17172.0,17279.0,17279.0,17254.0,17279.0,,,1.0982022950607107,1.5272727272727273,2023,0.0007930658805432
2023-11-28,17285.0,17195.0,90.0,96486.0,17282.0,17226.0,17363.0,17282.0,,,17282.0,17282.0,17282.0,0.8936288447823952,1.0909090909090908,2023,-0.0022999362314664
2023-11-29,17450.0,17335.0,115.0,124130.0,17396.0,17340.0,17340.0,17396.0,17392.5,17355.0,17396.0,17396.0,,1.1790687513060658,1.3609467455621302,2023,-0.0056053122100067
2023-11-30,17417.0,17294.0,123.0,126440.0,17294.0,17400.0,17394.0,17294.0,17294.0,17294.0,17294.0,17355.5,17397.0,1.201010657497293,1.455621301775148,2023,0.0094154665375771
2023-12-01,17394.0,17256.0,138.0,123006.0,17381.0,17343.0,17424.0,17381.0,,,17381.0,17381.0,17381.0,1.1683922566918064,1.6331360946745561,2023,-0.0076677963211629
2023-12-04,17492.0,17405.0,87.0,109342.0,17427.0,17466.0,17418.0,17427.0,17427.0,17425.0,17427.0,,,1.0386025570394575,0.9886363636363636,2023,0.0036755822132965
2023-12-05,17329.0,17234.0,95.0,133066.0,17297.0,17281.0,17310.0,17297.0,17281.5,17254.0,17297.0,17297.0,17309.0,1.2639487832215657,1.073446327683616,2023,-0.0119921782000764
2023-12-06,17435.0,17346.0,89.0,133484.0,17435.0,17362.0,17380.0,17435.0,17390.5,,17435.0,17435.0,17435.0,1.2414229249011857,0.9888888888888889,2023,-0.0056965863801767
2023-12-07,17370.0,17302.0,68.0,114854.0,17326.0,17321.0,17271.0,17326.0,17326.0,17322.0,17326.0,17336.0,17350.0,1.0279602613443122,0.7597765363128491,2023,-0.0072377736629996
2023-12-08,17470.0,17389.0,81.0,133436.0,17392.0,17407.0,17374.0,17392.0,17392.0,17392.0,17392.0,17429.5,,1.166541359956638,0.9204545454545454,2023,0.0279004448930555
2023-12-11,17457.0,17351.0,106.0,116346.0,17380.0,17432.0,17416.0,17380.0,17380.0,17371.0,17380.0,17404.0,,1.0162465279597506,1.2045454545454546,2023,0.0071059948659655
2023-12-12,17545.0,17486.0,59.0,97320.0,17487.0,17519.0,17461.0,17487.0,17487.0,17487.0,17487.0,,,0.8500602693779152,0.6704545454545454,2023,0.0339730324813136
2023-12-13,17519.0,17465.0,54.0,93958.0,17500.0,17495.0,17457.0,17500.0,17492.0,17485.0,17500.0,17500.0,17500.0,0.8206942333560435,0.6136363636363636,2023,0.0071212769610418
2023-12-14,17689.0,17595.0,94.0,142550.0,17677.0,17600.0,17664.0,17677.0,17642.0,17615.0,17677.0,17677.0,17677.0,1.2451304089583006,1.0681818181818181,2023,0.0154623961243505
2023-12-15,17774.0,17717.0,57.0,79116.0,17741.0,17767.0,17673.0,17741.0,17741.0,17737.0,17741.0,17745.5,17754.0,0.6843944636678201,0.6368715083798883,2023,0.026690387000589
2023-12-18,17672.0,17584.0,88.0,96356.0,17646.0,17665.0,17654.0,17646.0,17628.0,,17646.0,17646.0,17652.0,0.8335294117647059,0.9832402234636871,2023,0.0047663558244477
2023-12-19,17619.0,17536.0,83.0,95298.0,17544.0,17595.0,17576.0,17544.0,17544.0,17544.0,17544.0,,,0.8323987212410251,0.9378531073446328,2023,-0.0032086470731115
2023-12-20,17651.0,17590.0,61.0,35384.0,17643.0,17591.0,17659.0,17643.0,17620.5,17610.0,17643.0,17643.0,17643.0,0.3156523755999215,0.6971428571428572,2023,0.005304852343809
2023-12-21,17495.0,17414.0,81.0,111602.0,17486.0,17440.0,17531.0,17486.0,,,17486.0,17486.0,17486.0,0.9955753001837677,0.9257142857142857,2023,-0.0285779385101659
2023-12-22,17589.0,17542.0,47.0,86166.0,17568.0,17566.0,17559.0,17568.0,17565.5,17562.0,17568.0,17568.0,17569.0,0.7609955134772318,0.5371428571428571,2023,0.0276794937694315
2023-12-25,17665.0,17608.0,57.0,78416.0,17625.0,17633.0,17621.0,17625.0,17625.0,17625.0,17625.0,17636.5,17645.0,0.6925495460486806,0.6514285714285715,2023,0.0034623499789976
2023-12-26,17710.0,17633.0,77.0,81766.0,17702.0,17649.0,17733.0,17702.0,,,17702.0,17702.0,17702.0,0.7401513505684698,0.9058823529411765,2023,0.0034623499789976
2023-12-27,17821.0,17737.0,84.0,87954.0,17809.0,17758.0,17857.0,17809.0,,,17809.0,17809.0,17809.0,0.7961655442102976,1.024390243902439,2023,0.0180504978404731
2023-12-28,17888.0,17843.0,45.0,77422.0,17868.0,17850.0,17863.0,17868.0,17865.5,17863.0,17868.0,17868.0,17868.0,0.7492620801114864,0.5487804878048781,2023,0.0016969898632188
2023-12-29,17882.0,17828.0,54.0,65590.0,17884.0,17851.0,17871.0,17884.0,17855.0,17848.0,17884.0,17884.0,17884.0,0.6773167558189966,0.6666666666666666,2023,-0.0014022716325905
2024-01-02,17920.0,17794.0,126.0,141892.0,17809.0,17841.0,17798.0,17809.0,17809.0,17809.0,17809.0,,,1.4807100295323865,1.5949367088607596,2024,-0.007890835131205
2024-01-03,17667.0,17575.0,92.0,124110.0,17585.0,17658.0,17543.0,17585.0,17585.0,17585.0,17585.0,,,1.2951464618531312,1.1645569620253164,2024,-0.0365060699753561
2024-01-04,17583.0,17525.0,58.0,88398.0,17557.0,17533.0,17548.0,17557.0,17554.0,17545.0,17557.0,17557.0,17563.0,0.9224748766005405,0.7341772151898734,2024,-0.0203403396436525
2024-01-05,17625.0,17548.0,77.0,100110.0,17557.0,17577.0,17515.0,17557.0,17557.0,17557.0,17557.0,,,1.057932113116625,1.0620689655172413,2024,-0.0082106764166335
2024-01-08,17705.0,17568.0,137.0,155698.0,17638.0,17570.0,17597.0,17638.0,17636.5,17588.0,17638.0,17638.0,,1.6453692353214693,1.7792207792207793,2024,0.0063036442943575
2024-01-09,17782.0,17611.0,171.0,152064.0,17615.0,17770.0,17544.0,17615.0,17615.0,17615.0,17615.0,,,1.6069662256414592,2.220779220779221,2024,0.0327927616442396
2024-01-10,17522.0,17438.0,84.0,106810.0,17479.0,17510.0,17458.0,17479.0,17479.0,17458.0,17479.0,17480.0,17502.0,1.1287356807710192,1.0909090909090908,2024,0.0005341564758472
2024-01-11,17544.0,17481.0,63.0,104940.0,17506.0,17489.0,17574.0,17506.0,17506.0,17501.0,17506.0,17512.5,17524.0,1.1089740880077779,0.7974683544303798,2024,-0.0038896337938075
2024-01-12,17534.0,17447.0,87.0,99464.0,17530.0,17470.0,17486.0,17530.0,,,17530.0,17530.0,17530.0,1.0379538125997891,1.1012658227848102,2024,0.0047075211665563
2024-01-15,17656.0,17527.0,129.0,153260.0,17538.0,17568.0,17555.0,17538.0,17538.0,17538.0,17538.0,17591.5,17636.0,1.599340478153339,1.6329113924050633,2024,-0.0038029450084811
2024-01-16,17500.0,17283.0,217.0,166640.0,17360.0,17490.0,17332.0,17360.0,17360.0,,17360.0,17391.5,,1.7019711980390155,2.6463414634146343,2024,-0.0038029450084811
2024-01-17,17365.0,17298.0,67.0,52954.0,17309.0,17341.0,17235.0,17309.0,17309.0,17309.0,17309.0,,,0.5306703277982102,0.8170731707317073,2024,0.013204423025197
2024-01-18,17325.0,17216.0,109.0,155140.0,17251.0,17235.0,17278.0,17251.0,17251.0,17236.0,17251.0,17270.5,,1.5547115355707657,1.379746835443038,2024,-0.008765349712855
2024-01-19,17590.0,17505.0,85.0,160496.0,17580.0,17534.0,17677.0,17580.0,17547.5,,17580.0,17580.0,17580.0,1.5654328212631066,1.0303030303030303,2024,0.0335556947874053
2024-01-22,17843.0,17751.0,92.0,130160.0,17817.0,17826.0,17817.0,17817.0,17797.0,17771.0,17817.0,17817.0,17823.0,1.269544013655206,1.0952380952380953,2024,0.0402066316099767
2024-01-23,17872.0,17791.0,81.0,121546.0,17853.0,17797.0,17869.0,17853.0,17831.5,,17853.0,17853.0,17853.0,1.1480141676505313,0.9585798816568047,2024,0.0025024853450346
2024-01-24,17936.0,17877.0,59.0,89552.0,17927.0,17902.0,17896.0,17927.0,17906.5,17897.0,17927.0,17927.0,17927.0,0.7843192208656659,0.6982248520710059,2024,0.0065335339442849
2024-01-25,18030.0,17935.0,95.0,109686.0,17994.0,18025.0,17998.0,17994.0,17982.5,17955.0,17994.0,17994.0,18010.0,0.9606579200896845,1.1242603550295858,2024,0.0154169856361798
2024-01-26,18015.0,17935.0,80.0,96044.0,17990.0,17950.0,17999.0,17990.0,17975.0,,17990.0,17990.0,17995.0,0.8307154719070025,0.9302325581395349,2024,-0.0024691468172094
2024-01-29,18105.0,17971.0,134.0,117286.0,18102.0,18020.0,18124.0,18102.0,,,18102.0,18102.0,18102.0,1.014444367561583,1.558139534883721,2024,-0.0291038535326657
2024-01-30,18139.0,18072.0,67.0,88538.0,18119.0,18131.0,18080.0,18119.0,18105.5,18092.0,18119.0,18119.0,18119.0,0.7414249346821197,0.7486033519553073,2024,0.0106331037977016
2024-01-31,18002.0,17926.0,76.0,122030.0,17936.0,17983.0,17919.0,17936.0,17936.0,17936.0,17936.0,,,1.0752868195195884,0.8837209302325582,2024,-0.0155596624637956
2024-02-01,17993.0,17883.0,110.0,118774.0,17901.0,17978.0,17989.0,17901.0,17901.0,17901.0,17901.0,17938.0,,1.0465960559011684,1.301775147928994,2024,-0.0136736427630619
2024-02-02,18105.0,18023.0,82.0,94588.0,18042.0,18099.0,18084.0,18042.0,18042.0,18042.0,18042.0,18064.0,18085.0,0.8013894772515462,0.9534883720930233,2024,0.0045905579076817
2024-02-05,18042.0,17958.0,84.0,109024.0,18041.0,18014.0,18086.0,18041.0,,,18041.0,18041.0,18041.0,0.9236973650766754,0.9767441860465116,2024,0.0131410496019137
2024-02-15,18652.0,18522.0,130.0,163774.0,18574.0,18578.0,18667.0,18574.0,18574.0,,18574.0,18587.0,18632.0,1.4431207373596744,1.5384615384615385,2024,0.0217605378476246
2024-02-16,18725.0,18666.0,59.0,78102.0,18684.0,18666.0,18635.0,18684.0,18684.0,18684.0,18684.0,,,0.6882082371393828,0.6982248520710059,2024,-0.0016011705410904
2024-02-19,18692.0,18640.0,52.0,67520.0,18660.0,18675.0,18671.0,18660.0,18660.0,18660.0,18660.0,18666.0,18672.0,0.5949632553795182,0.6153846153846154,2024,-0.0066738333954937
2024-02-20,18737.0,18596.0,141.0,106106.0,18699.0,18634.0,18755.0,18699.0,,,18699.0,18699.0,18717.0,0.934969952240805,1.668639053254438,2024,-0.0066738333954937
2024-02-21,18754.0,18681.0,73.0,39240.0,18724.0,18751.0,18690.0,18724.0,18717.5,18701.0,18724.0,18724.0,18734.0,0.3457695222318171,0.863905325443787,2024,-0.015639356138243
2024-02-22,18895.0,18796.0,99.0,128414.0,18800.0,18837.0,18887.0,18800.0,18800.0,18800.0,18800.0,,,1.1742855836495816,1.1927710843373494,2024,-0.0023581571820583
2024-02-23,18998.0,18930.0,68.0,100542.0,18952.0,18990.0,18911.0,18952.0,18952.0,18950.0,18952.0,18964.0,18978.0,0.9194092634081661,0.8192771084337349,2024,0.049705826788654
2024-02-26,18943.0,18853.0,90.0,98910.0,18940.0,18915.0,18964.0,18940.0,,,18940.0,18940.0,18940.0,0.9044853916144666,1.0843373493975903,2024,-0.0112140241720712
2024-02-27,19019.0,18938.0,81.0,105736.0,18939.0,18955.0,18867.0,18939.0,18939.0,18939.0,18939.0,,,0.9829963278017942,0.9759036144578314,2024,0.0104961397867404
2024-02-29,18883.0,18804.0,79.0,98072.0,18846.0,18811.0,18966.0,18846.0,,,18846.0,18846.0,18863.0,0.925897602930486,0.9693251533742331,2024,-0.0112333481564548
2024-03-01,19016.0,18925.0,91.0,124114.0,18972.0,18969.0,18959.0,18972.0,18970.5,,18972.0,18972.0,18996.0,1.2033663308738693,1.123456790123457,2024,0.0270108199713206
2024-03-04,19293.0,19139.0,154.0,149092.0,19288.0,19148.0,19314.0,19288.0,,,19288.0,19288.0,19288.0,1.445544362462308,1.8895705521472392,2024,0.0428735836443181
2024-03-05,19406.0,19305.0,101.0,127366.0,19389.0,19372.0,19391.0,19389.0,,,19389.0,19389.0,19389.0,1.2024622124035838,1.216867469879518,2024,0.0106276802486215
2024-03-06,19412.0,19271.0,141.0,110512.0,19410.0,19279.0,19508.0,19410.0,,,19410.0,19410.0,19410.0,1.0433436240216765,1.6987951807228916,2024,-0.0205019299594337
2024-03-07,19750.0,19633.0,117.0,170014.0,19666.0,19690.0,19705.0,19666.0,19666.0,19653.0,19666.0,19691.5,,1.580569887974713,1.3448275862068966,2024,0.0242016627628423
2024-03-08,20009.0,19908.0,101.0,166946.0,19959.0,19928.0,19794.0,19959.0,19958.5,19928.0,19959.0,19959.0,19989.0,1.5520475991261098,1.160919540229885,2024,0.0335939078778613
2024-03-11,19824.0,19684.0,140.0,138876.0,19749.0,19694.0,19713.0,19749.0,19749.0,19704.0,19749.0,19754.0,,1.2651774651993295,1.5469613259668509,2024,-0.0402742637678746
2024-03-12,19807.0,19699.0,108.0,117588.0,19780.0,19713.0,19955.0,19780.0,,,19780.0,19780.0,19787.0,1.071241163180526,1.1368421052631579,2024,-0.0136311010169873
2024-03-13,20064.0,19936.0,128.0,159760.0,19955.0,19992.0,19928.0,19955.0,19955.0,19955.0,19955.0,,,1.4554332774579113,1.3473684210526315,2024,0.020921434706147
2024-03-14,19949.0,19800.0,149.0,171818.0,19924.0,19900.0,19938.0,19924.0,,,19924.0,19924.0,19929.0,1.5065146865409909,1.49,2024,-0.0247490741130214
2024-03-15,19873.0,19785.0,88.0,134688.0,19836.0,19827.0,19726.0,19836.0,19829.0,19805.0,19836.0,19836.0,,1.1144963632903326,0.8712871287128713,2024,-0.0175191776461044
2024-03-18,19821.0,19747.0,74.0,105008.0,19796.0,19786.0,19918.0,19796.0,19784.0,19767.0,19796.0,19796.0,19801.0,0.8689046842806432,0.74,2024,-0.0054226375257386
2024-03-19,19825.0,19740.0,85.0,123348.0,19803.0,19816.0,19867.0,19803.0,,,19803.0,19803.0,19805.0,1.020661806687574,0.85,2024,-2.3120366731022024e-05
2024-03-20,19970.0,19844.0,126.0,68246.0,19848.0,19856.0,19830.0,19848.0,19848.0,19848.0,19848.0,19907.0,,0.5515675133959962,1.26,2024,-0.0094144106272069
2024-03-21,20124.0,20028.0,96.0,149404.0,20097.0,20043.0,20265.0,20097.0,,,20097.0,20097.0,20104.0,1.2074904429771036,0.96,2024,0.0159925819203405
2024-03-22,20284.0,20166.0,118.0,127496.0,20170.0,20215.0,20240.0,20170.0,20170.0,20170.0,20170.0,,,1.0139653252743757,1.18,2024,0.0229105839797165
2024-03-25,20270.0,20188.0,82.0,96738.0,20217.0,20250.0,20226.0,20217.0,20217.0,,20217.0,20229.0,20250.0,0.7693494512486082,0.8118811881188119,2024,0.0021192842617623
2024-03-26,20459.0,20233.0,226.0,224476.0,20264.0,20275.0,20188.0,20264.0,20264.0,20253.0,20264.0,,,1.7852393828535071,2.237623762376238,2024,-0.0034166894174311
2024-03-27,20225.0,20147.0,78.0,117962.0,20213.0,20182.0,20261.0,20213.0,20186.0,20167.0,20213.0,20213.0,20213.0,0.9256931201983819,0.7464114832535885,2024,-0.0080977370903343
2024-03-28,20247.0,20083.0,164.0,153894.0,20174.0,20239.0,20203.0,20174.0,,,20174.0,20174.0,20227.0,1.20766532476399,1.569377990430622,2024,0.0099074997732837
2024-03-29,20279.0,20191.0,88.0,116178.0,20272.0,20220.0,20279.0,20272.0,,,20272.0,20272.0,20272.0,0.8862325694931804,0.7822222222222223,2024,0.0010734803416361
2024-04-01,20400.0,20304.0,96.0,134882.0,20305.0,20394.0,20289.0,20305.0,20305.0,20305.0,20305.0,,,1.0289109938058767,0.8533333333333334,2024,0.0010734803416361
2024-04-02,20452.0,20351.0,101.0,147794.0,20448.0,20355.0,20522.0,20448.0,,,20448.0,20448.0,20448.0,1.1274067067403044,0.9665071770334929,2024,0.0115978724662144
2024-04-03,20415.0,20290.0,125.0,175146.0,20298.0,20375.0,20351.0,20298.0,20298.0,20298.0,20298.0,20352.5,20395.0,1.2994472678710538,1.1961722488038278,2024,-0.0151468128413374
2024-04-08,20480.0,20375.0,105.0,124658.0,20473.0,20405.0,20451.0,20473.0,,,20473.0,20473.0,20473.0,0.9107167644415871,1.0047846889952152,2024,0.0132588460640823
2024-04-09,20734.0,20518.0,216.0,164512.0,20665.0,20539.0,20873.0,20665.0,,,20665.0,20665.0,20714.0,1.2205512482843046,2.0970873786407767,2024,0.001298989651659
2024-04-10,20863.0,20804.0,59.0,94282.0,20862.0,20821.0,20850.0,20862.0,20833.5,,20862.0,20862.0,20862.0,0.6994992024335052,0.5539906103286385,2024,0.0094127106824526
2024-04-11,20745.0,20652.0,93.0,133826.0,20731.0,20705.0,20752.0,20731.0,20698.5,20672.0,20731.0,20731.0,20731.0,1.0208555823391205,0.9029126213592233,2024,-0.0165188130926888
2024-04-12,20758.0,20681.0,77.0,112394.0,20737.0,20746.0,20752.0,20737.0,,,20737.0,20737.0,20738.0,0.8371556045494835,0.7817258883248731,2024,0.0242195246693872
2024-04-15,20604.0,20520.0,84.0,123406.0,20569.0,20528.0,20507.0,20569.0,20562.0,20540.0,20569.0,20569.0,20584.0,0.9444746328284644,0.875,2024,-0.0328797053626204
2024-04-16,20285.0,20006.0,279.0,187342.0,20028.0,20282.0,19943.0,20028.0,20028.0,20026.0,20028.0,,,1.4859331995526543,2.9523809523809526,2024,-0.0138986944289312
2024-04-17,20108.0,19956.0,152.0,65546.0,20074.0,19969.0,20184.0,20074.0,,,20074.0,20074.0,20088.0,0.5198886394822212,1.5833333333333333,2024,0.0088542668461881
2024-04-18,20146.0,20025.0,121.0,142360.0,20144.0,20068.0,20355.0,20144.0,,,20144.0,20144.0,20144.0,1.129151232976673,1.2284263959390862,2024,-0.0324582197338009
2024-04-19,19924.0,19459.0,465.0,301386.0,19655.0,19860.0,19543.0,19655.0,19655.0,19479.0,19655.0,,,2.3066255424342383,4.514563106796117,2024,-0.0165524126893074
2024-04-22,19716.0,19474.0,242.0,226620.0,19639.0,19627.0,19529.0,19639.0,19595.0,19494.0,19639.0,19639.0,,1.686738020453429,2.349514563106796,2024,-0.0411513655155831
2024-04-23,19745.0,19562.0,183.0,173922.0,19591.0,19648.0,19680.0,19591.0,19591.0,19582.0,19591.0,19653.5,19725.0,1.2945055599386694,1.641255605381166,2024,0.017425647860279
2024-04-24,20148.0,19916.0,232.0,180358.0,20126.0,19928.0,20171.0,20126.0,,,20126.0,20126.0,20128.0,1.301087136869594,2.0530973451327434,2024,0.0221090298316719
2024-04-25,19978.0,19850.0,128.0,172134.0,19877.0,19937.0,19875.0,19877.0,19877.0,19870.0,19877.0,19914.0,19958.0,1.1865009615583448,1.0406504065040652,2024,0.0105831919264087
2024-04-26,20255.0,20070.0,185.0,179362.0,20250.0,20126.0,20177.0,20250.0,20162.5,20090.0,20250.0,20250.0,20250.0,1.2363227803166594,1.5040650406504066,2024,0.0196279439706597
2024-04-29,20559.0,20309.0,250.0,189720.0,20553.0,20345.0,20552.0,20553.0,,,20553.0,20553.0,20553.0,1.2577232107342686,1.976284584980237,2024,0.0260561121897102
2024-04-30,20576.0,20473.0,103.0,131326.0,20518.0,20503.0,20415.0,20518.0,20518.0,,20518.0,20524.5,20556.0,0.8410084980756053,0.8142292490118577,2024,0.006440999389689
2024-05-02,20380.0,20211.0,169.0,152024.0,20329.0,20259.0,20298.0,20329.0,20295.5,,20329.0,20329.0,,0.973557984796962,1.3359683794466404,2024,-0.0354396251043159
2024-05-03,20597.0,20455.0,142.0,155852.0,20464.0,20550.0,20381.0,20464.0,20464.0,20464.0,20464.0,,,0.9847347537088988,1.0142857142857142,2024,0.0216674653036594
2024-05-06,20690.0,20562.0,128.0,145774.0,20684.0,20686.0,20601.0,20684.0,20626.0,,20684.0,20684.0,20684.0,0.9100523154911289,0.8707482993197279,2024,0.0240676604384029
2024-05-07,20755.0,20602.0,153.0,152038.0,20630.0,20728.0,20645.0,20630.0,20630.0,20622.0,20630.0,,,0.9876573685509751,1.0408163265306123,2024,0.0221068277571514
2024-05-08,20665.0,20574.0,91.0,104966.0,20640.0,20616.0,20723.0,20640.0,20619.5,,20640.0,20640.0,20645.0,0.6818409172106922,0.5967213114754099,2024,-0.0073789791409515
2024-05-09,20763.0,20681.0,82.0,105278.0,20736.0,20719.0,20611.0,20736.0,20722.0,20701.0,20736.0,20736.0,20743.0,0.6924771921516006,0.5578231292517006,2024,0.0011494541137917
2024-05-10,20750.0,20617.0,133.0,122570.0,20647.0,20730.0,20815.0,20647.0,20647.0,20637.0,20647.0,20683.5,,0.8062171530806217,0.9047619047619048,2024,-0.0063898897373485
2024-05-13,20965.0,20860.0,105.0,120378.0,20913.0,20938.0,20882.0,20913.0,20912.5,,20913.0,20913.0,,0.7917990409850623,0.7142857142857143,2024,0.0101391453788732
2024-05-14,20956.0,20868.0,88.0,87188.0,20930.0,20882.0,21011.0,20930.0,,,20930.0,20930.0,20936.0,0.5734883017279371,0.5986394557823129,2024,0.0031322599900582
2024-05-15,21295.0,21122.0,173.0,52522.0,21287.0,21192.0,21248.0,21287.0,,,21287.0,21287.0,21287.0,0.3454690161874881,1.1768707482993197,2024,0.016761039084902
2024-05-16,21557.0,21447.0,110.0,144738.0,21478.0,21467.0,21372.0,21478.0,21478.0,21467.0,21478.0,,,0.9720548828400459,0.7482993197278912,2024,0.0287830372782644
2024-05-17,21407.0,21300.0,107.0,109734.0,21405.0,21301.0,21334.0,21405.0,21353.5,21320.0,21405.0,21405.0,21405.0,0.7369693550661858,0.7781818181818182,2024,-0.0054587836069992
2024-05-20,21485.0,21306.0,179.0,136712.0,21346.0,21437.0,21302.0,21346.0,21346.0,21326.0,21346.0,21395.5,,0.9181525732207738,1.3018181818181818,2024,-0.0068798654320642
2024-05-21,21347.0,21191.0,156.0,133780.0,21202.0,21330.0,21278.0,21202.0,21202.0,21202.0,21202.0,21269.0,,0.9209946577077711,1.1345454545454545,2024,0.0215391469430183
2024-05-22,21455.0,21282.0,173.0,148868.0,21444.0,21291.0,21583.0,21444.0,,,21444.0,21444.0,21444.0,1.057864629596731,1.2581818181818183,2024,-0.0031333798265346
2024-05-23,21648.0,21492.0,156.0,167026.0,21597.0,21619.0,21605.0,21597.0,,,21597.0,21597.0,21628.0,1.186896429205898,1.1345454545454545,2024,0.0103283146775974
2024-05-24,21563.0,21414.0,149.0,129020.0,21565.0,21450.0,21569.0,21565.0,,,21565.0,21565.0,21565.0,0.9168235921122757,1.0836363636363637,2024,-0.0001618940432746
2024-05-27,21908.0,21655.0,253.0,159648.0,21908.0,21673.0,21872.0,21908.0,,,21908.0,21908.0,21908.0,1.1804267778714344,1.738831615120275,2024,0.0185213364078675
2024-05-28,21935.0,21846.0,89.0,115620.0,21934.0,21884.0,21949.0,21934.0,21890.5,,21934.0,21934.0,21934.0,0.8548866509915265,0.6116838487972509,2024,0.0185213364078675
2024-05-29,21906.0,21778.0,128.0,134446.0,21831.0,21865.0,21723.0,21831.0,21831.0,21798.0,21831.0,21842.0,,1.014281080020822,0.9309090909090909,2024,0.0185695241451697
2024-05-30,21552.0,21426.0,126.0,163284.0,21522.0,21508.0,21393.0,21522.0,21489.0,21446.0,21522.0,21522.0,21532.0,1.2175106067271628,0.9163636363636364,2024,-0.0185318557994084
2024-05-31,21574.0,21454.0,120.0,150562.0,21566.0,21510.0,21284.0,21566.0,21514.0,21474.0,21566.0,21566.0,21566.0,1.1226503023569676,0.9195402298850575,2024,-0.0088249043936756
2024-06-03,21582.0,21425.0,157.0,186278.0,21557.0,21470.0,21655.0,21557.0,,,21557.0,21557.0,21562.0,1.3889630386316016,1.2265625,2024,-0.0096457552877683
2024-06-04,21569.0,21415.0,154.0,152512.0,21483.0,21568.0,21322.0,21483.0,21483.0,21435.0,21483.0,,,1.1371902798386435,1.1800766283524904,2024,0.0056896255582274
2024-06-05,21423.0,21227.0,196.0,177800.0,21377.0,21343.0,21464.0,21377.0,,,21377.0,21377.0,21403.0,1.3257476903805,1.5019157088122606,2024,-0.0070334652431532
2024-06-06,21912.0,21793.0,119.0,180612.0,21872.0,21820.0,21875.0,21872.0,21852.5,21813.0,21872.0,21872.0,21892.0,1.3321532095678534,0.8439716312056738,2024,0.0451833073704084
2024-06-07,21886.0,21780.0,106.0,113414.0,21838.0,21835.0,21897.0,21838.0,21833.0,21800.0,21838.0,21838.0,21866.0,0.8059264523005862,0.75177304964539,2024,-0.0085573657675447
2024-06-11,21943.0,21832.0,111.0,131482.0,21923.0,21920.0,21800.0,21923.0,21887.5,21852.0,21923.0,21923.0,21923.0,0.9343187066974595,0.8014440433212996,2024,0.0142153562160975
2024-06-12,21953.0,21790.0,163.0,145680.0,21885.0,21830.0,22048.0,21885.0,21871.5,,21885.0,21885.0,21933.0,1.0352105169657133,1.1768953068592058,2024,0.0005557213188125
2024-06-13,22473.0,22259.0,214.0,172764.0,22411.0,22310.0,22322.0,22411.0,22366.0,22279.0,22411.0,22411.0,,1.1897609652294279,1.4125412541254125,2024,0.0289802399830021
2024-06-14,22354.0,22268.0,86.0,116748.0,22341.0,22268.0,22510.0,22341.0,22311.0,,22341.0,22341.0,22341.0,0.7927264826106442,0.5676567656765676,2024,0.0147712226515024
2024-06-17,22539.0,22415.0,124.0,105296.0,22535.0,22415.0,22475.0,22535.0,,,22535.0,22535.0,22535.0,0.7149666607819438,0.8184818481848185,2024,-0.0007336115464388
2024-06-18,22786.0,22670.0,116.0,140836.0,22702.0,22725.0,22784.0,22702.0,22702.0,22690.0,22702.0,22728.0,22766.0,0.9562855629642707,0.7656765676567657,2024,0.0160387688427401
2024-06-19,22999.0,22855.0,144.0,50688.0,22975.0,22874.0,23130.0,22975.0,,,22975.0,22975.0,22979.0,0.3441748034276247,1.03971119133574,2024,0.0135405495683971
2024-06-20,23216.0,23105.0,111.0,120832.0,23177.0,23143.0,23380.0,23177.0,23160.5,,23177.0,23177.0,23196.0,0.8204571071608023,0.8161764705882353,2024,0.0135405495683971
2024-06-21,23198.0,23025.0,173.0,128000.0,23199.0,23034.0,23204.0,23199.0,,,23199.0,23199.0,23199.0,0.8934928590375406,1.3622047244094488,2024,-0.026904903974245
2024-06-24,23073.0,22762.0,311.0,210354.0,22812.0,23050.0,22749.0,22812.0,22812.0,22782.0,22812.0,,,1.5282800909612688,2.4488188976377954,2024,-0.0127397277366707
2024-06-25,22683.0,22409.0,274.0,243334.0,22630.0,22594.0,22749.0,22630.0,,,22630.0,22630.0,22663.0,1.6985718075081322,2.15748031496063,2024,-0.0301559616794316
2024-06-26,22983.0,22770.0,213.0,175434.0,22983.0,22807.0,22871.0,22983.0,22876.5,22790.0,22983.0,22983.0,22983.0,1.2246017674405618,1.6771653543307086,2024,0.0178980996068149
2024-06-27,22740.0,22555.0,185.0,151240.0,22720.0,22613.0,22794.0,22720.0,,,22720.0,22720.0,22720.0,1.021057108715172,1.3602941176470589,2024,-0.00280558776515
2024-06-28,23030.0,22792.0,238.0,173238.0,23032.0,22923.0,22982.0,23032.0,,,23032.0,23032.0,23032.0,1.1480242012975395,1.5973154362416107,2024,-0.0057278369574785
2024-07-01,23134.0,22955.0,179.0,129944.0,23117.0,22962.0,22990.0,23117.0,,,23117.0,23117.0,23117.0,0.8611208673236095,1.1511254019292605,2024,0.0094390611482193
2024-07-02,22961.0,22717.0,244.0,205622.0,22949.0,22859.0,22833.0,22949.0,22839.0,,22949.0,22949.0,22949.0,1.3850330055233733,1.525,2024,0.0008935978919129
2024-07-03,23117.0,22982.0,135.0,138106.0,23018.0,23075.0,23186.0,23018.0,23018.0,,23018.0,23049.5,23097.0,0.9302573083658898,0.8035714285714286,2024,0.0123860036697918
2024-07-04,23590.0,23460.0,130.0,142516.0,23582.0,23485.0,23621.0,23582.0,23525.0,,23582.0,23582.0,23582.0,0.9948205335827668,0.7738095238095238,2024,0.0192480058575399
2024-07-05,23677.0,23574.0,103.0,111484.0,23623.0,23648.0,23573.0,23623.0,23623.0,23594.0,23623.0,23625.5,,0.7868940399220757,0.6710097719869706,2024,0.0192480058575399
2024-07-08,23834.0,23513.0,321.0,179326.0,23812.0,23545.0,23912.0,23812.0,,,23812.0,23812.0,23814.0,1.285758329688609,2.0912052117263844,2024,0.0008121421443383
2024-07-09,24092.0,23699.0,393.0,236454.0,23730.0,23938.0,23880.0,23730.0,23730.0,23719.0,23730.0,,,1.6689771026849995,2.3392857142857144,2024,0.019252834445071
2024-07-10,23855.0,23701.0,154.0,142748.0,23711.0,23749.0,24003.0,23711.0,23711.0,23711.0,23711.0,23778.0,23835.0,0.9906313758692001,0.875,2024,-1.7345421936543204e-06
2024-07-11,24348.0,24160.0,188.0,156202.0,24302.0,24263.0,24371.0,24302.0,,,24302.0,24302.0,24328.0,1.095139940546301,1.0681818181818181,2024,0.0241691528481231
2024-07-12,24066.0,23820.0,246.0,196348.0,23840.0,24050.0,23814.0,23840.0,23840.0,23840.0,23840.0,23943.0,,1.3766055303157776,1.3977272727272727,2024,-0.0346987233552487
2024-07-15,24111.0,23755.0,356.0,253286.0,23906.0,24080.0,23850.0,23906.0,23906.0,,23906.0,23933.0,,1.7231043443950094,1.956043956043956,2024,0.0132516676433329
2024-07-16,23994.0,23825.0,169.0,143946.0,23990.0,23826.0,23997.0,23990.0,,,23990.0,23990.0,23990.0,0.9364107701615264,0.9061662198391421,2024,0.0004363492802834
2024-07-17,24025.0,23699.0,326.0,89644.0,23923.0,24025.0,23771.0,23923.0,23862.0,,23923.0,23923.0,,0.5831604009862023,1.7479892761394102,2024,0.004555438054177
2024-07-18,23419.0,23156.0,263.0,240600.0,23352.0,23286.0,23392.0,23352.0,23287.5,,23352.0,23352.0,,1.5651732684538873,1.311720698254364,2024,-0.0681112950828992
2024-07-19,23185.0,22936.0,249.0,223658.0,22956.0,23150.0,22913.0,22956.0,22956.0,22956.0,22956.0,23060.5,,1.3578071879553182,1.1042128603104213,2024,0.0051232179207241
2024-07-22,22905.0,22260.0,645.0,325508.0,22318.0,22856.0,22372.0,22318.0,22318.0,22280.0,22318.0,,,1.8671301395007343,2.676348547717842,2024,-0.0311344598099484
2024-07-23,22827.0,22572.0,255.0,199056.0,22766.0,22604.0,22832.0,22766.0,,,22766.0,22766.0,22807.0,1.141795154185022,1.058091286307054,2024,0.0399968863676061
2024-07-26,22150.0,21918.0,232.0,249786.0,22014.0,22050.0,22089.0,22014.0,22014.0,,22014.0,22034.0,22130.0,1.4327849669603525,0.9626556016597511,2024,-0.0196429445810033
2024-07-29,22518.0,22322.0,196.0,187134.0,22431.0,22420.0,22258.0,22431.0,22420.0,22342.0,22431.0,22431.0,,1.0615604542721322,0.8132780082987552,2024,0.0195330605590806
2024-07-30,22078.0,21856.0,222.0,197016.0,21869.0,21927.0,22250.0,21869.0,21869.0,21869.0,21869.0,21967.0,22058.0,1.0752387709436229,0.921161825726141,2024,-0.0030393111678519
2024-07-31,22198.0,22016.0,182.0,192868.0,22068.0,22030.0,22290.0,22068.0,22068.0,22036.0,22068.0,22107.0,22178.0,1.0058777204666711,0.7647058823529411,2024,-0.038813826504338
2024-08-01,22728.0,22491.0,237.0,202000.0,22553.0,22718.0,22652.0,22553.0,22553.0,22511.0,22553.0,22609.5,,1.0379840499876676,0.9957983193277311,2024,0.070147132501048
2024-08-02,22100.0,21886.0,214.0,190974.0,21959.0,21992.0,21528.0,21959.0,21959.0,21906.0,21959.0,,,0.9813265641700238,0.9125799573560768,2024,-0.0713887158477255
2024-08-05,20740.0,19746.0,994.0,409076.0,19964.0,20666.0,19374.0,19964.0,19964.0,,19964.0,20243.0,,2.102051303132451,4.2388059701492535,2024,-0.0518212441790356
2024-08-06,20675.0,19600.0,1075.0,363492.0,20013.0,20401.0,20429.0,20013.0,20013.0,,20013.0,20137.5,20655.0,1.8481203160431559,4.451345755693581,2024,-0.0191654947306284
2024-08-07,21183.0,20488.0,695.0,286154.0,21151.0,20489.0,21136.0,21151.0,,,21151.0,21151.0,21163.0,1.4449595023127109,2.808080808080808,2024,0.0106473132792705
2024-08-08,20915.0,20551.0,364.0,260536.0,20832.0,20687.0,20696.0,20832.0,,,20832.0,20832.0,20895.0,1.299249980052661,1.4707070707070706,2024,-0.0309354864840603
2024-08-09,21521.0,21014.0,507.0,239106.0,21459.0,21300.0,21478.0,21459.0,,,21459.0,21459.0,21501.0,1.1923821112263624,2.0484848484848484,2024,0.0686221129754849
2024-08-12,21893.0,21595.0,298.0,196938.0,21727.0,21595.0,21671.0,21727.0,21727.0,,21727.0,21744.0,,0.9253344234103436,1.1825396825396826,2024,-0.0043467138547276
2024-08-13,21900.0,21706.0,194.0,157176.0,21734.0,21850.0,21770.0,21734.0,21734.0,21726.0,21734.0,,,0.7385083799670158,0.749034749034749,2024,0.0072980921339009
2024-08-14,22158.0,21964.0,194.0,161250.0,22077.0,22142.0,21986.0,22077.0,22061.0,21984.0,22077.0,22077.0,,0.7576505081544338,0.749034749034749,2024,0.0418418068139181
2024-08-15,22113.0,21885.0,228.0,157714.0,21964.0,21989.0,21841.0,21964.0,21964.0,,21964.0,21999.0,,0.7864936567461901,0.9047619047619048,2024,-0.0018129174414392
2024-08-16,22445.0,22278.0,167.0,155550.0,22308.0,22344.0,22365.0,22308.0,22308.0,22298.0,22308.0,22361.5,,0.7757021463336791,0.6626984126984127,2024,0.048654565356198
2024-08-19,22458.0,22320.0,138.0,117092.0,22394.0,22405.0,22360.0,22394.0,22389.0,,22394.0,22394.0,22438.0,0.5839184552780659,0.5679012345679012,2024,-0.0006050203155384
2024-08-20,22574.0,22474.0,100.0,96676.0,22498.0,22552.0,22435.0,22498.0,22498.0,22494.0,22498.0,22524.0,,0.4881738673776485,0.42643923240938164,2024,0.0186296600744644
2024-08-21,22315.0,22204.0,111.0,38392.0,22282.0,22290.0,22205.0,22282.0,22259.5,22224.0,22282.0,22282.0,,0.1949060042543038,0.4826086956521739,2024,-0.0133426499600308
2024-08-22,22276.0,22121.0,155.0,108544.0,22171.0,22245.0,22103.0,22171.0,22171.0,22141.0,22171.0,,,0.5569129259169946,0.6888888888888889,2024,0.0137848084213767
2024-08-23,21998.0,21867.0,131.0,120084.0,21901.0,21948.0,22131.0,21901.0,21901.0,,21901.0,21932.5,21978.0,0.6256949474002323,0.6009174311926605,2024,-0.0343645416700678
2024-08-26,22450.0,22233.0,217.0,134710.0,22407.0,22243.0,22207.0,22407.0,22341.5,22253.0,22407.0,22407.0,,0.7125477376834132,1.0585365853658537,2024,0.0278656942342094
2024-08-27,22166.0,21998.0,168.0,118326.0,22106.0,22120.0,22153.0,22106.0,22082.0,22018.0,22106.0,22106.0,,0.6718792586535841,0.7795823665893271,2024,-0.0251116444971454
2024-08-28,22211.0,22089.0,122.0,105442.0,22108.0,22183.0,22400.0,22108.0,22108.0,22108.0,22108.0,22150.0,22191.0,0.6611529827817559,0.5980392156862745,2024,0.0110410311240154
2024-08-29,22085.0,21885.0,200.0,142368.0,22000.0,21959.0,22175.0,22000.0,21985.0,,22000.0,22000.0,22065.0,0.9042395757248562,0.9803921568627451,2024,-0.0182531536024121
2024-08-30,22338.0,22218.0,120.0,91726.0,22264.0,22301.0,22322.0,22264.0,22264.0,22238.0,22264.0,22278.0,22318.0,0.5866221548576069,0.6091370558375635,2024,-0.0059906395022493
2024-09-02,22447.0,22277.0,170.0,126338.0,22302.0,22323.0,22221.0,22302.0,22302.0,22297.0,22302.0,,,0.8481394209144798,0.8762886597938144,2024,0.0257632847840134
2024-09-03,22313.0,22175.0,138.0,96890.0,22299.0,22208.0,22058.0,22299.0,22244.0,22195.0,22299.0,22299.0,22299.0,0.6993698525324998,0.7582417582417582,2024,0.0257632847840134
2024-09-04,21345.0,20827.0,518.0,273984.0,21242.0,21236.0,20940.0,21242.0,,,21242.0,21242.0,21325.0,2.0991082099843705,3.06508875739645,2024,-0.077502219499808
2024-09-05,21453.0,21245.0,208.0,132824.0,21388.0,21300.0,21184.0,21388.0,21349.0,21265.0,21388.0,21388.0,,1.017621280377555,1.2307692307692308,2024,0.0024900189115362
2024-09-06,21353.0,21013.0,340.0,193824.0,21321.0,21208.0,21314.0,21321.0,,,21321.0,21321.0,21333.0,1.49577484353416,2.0118343195266273,2024,-0.0059591058197177
2024-09-09,21017.0,20610.0,407.0,190574.0,20983.0,20730.0,21079.0,20983.0,,,20983.0,20983.0,20997.0,1.470694006065704,2.408284023668639,2024,-0.0451668135677565
2024-09-10,21258.0,21062.0,196.0,148106.0,21125.0,21233.0,20998.0,21125.0,21125.0,21082.0,21125.0,21160.0,,1.1429607735701994,1.1597633136094674,2024,0.0215448896034202
2024-09-11,21129.0,20972.0,157.0,139700.0,21063.0,21106.0,21005.0,21063.0,21050.5,20992.0,21063.0,21063.0,21109.0,1.0780901521056327,0.9289940828402367,2024,0.0118661069052139
2024-09-12,21688.0,21461.0,227.0,157530.0,21677.0,21589.0,21709.0,21677.0,,,21677.0,21677.0,21677.0,1.2156874850479622,1.355223880597015,2024,0.0490314420798732
2024-09-13,21799.0,21691.0,108.0,92760.0,21690.0,21779.0,21819.0,21690.0,21690.0,21690.0,21690.0,,,0.7158456872535326,0.6447761194029851,2024,-0.0023889193245856
2024-09-16,21853.0,21756.0,97.0,60038.0,21790.0,21820.0,21812.0,21790.0,21790.0,21776.0,21790.0,21804.5,21833.0,0.4872779216141416,0.5969230769230769,2024,0.0167502306856877
2024-09-18,21876.0,21740.0,136.0,29670.0,21848.0,21762.0,21695.0,21848.0,21808.0,21760.0,21848.0,21848.0,21856.0,0.24080642150457346,0.8369230769230769,2024,0.0003380552455585
2024-09-19,21796.0,21660.0,136.0,98532.0,21773.0,21770.0,22071.0,21773.0,,,21773.0,21773.0,21776.0,0.7997013253686766,0.8369230769230769,2024,-0.0107510026261681
2024-09-20,22425.0,22281.0,144.0,112408.0,22319.0,22342.0,22216.0,22319.0,22319.0,22301.0,22319.0,,,0.9123211401579404,0.8861538461538462,2024,0.0426729007735697
2024-09-23,22392.0,22271.0,121.0,108928.0,22313.0,22298.0,22336.0,22313.0,22313.0,22291.0,22313.0,22331.5,,0.8840769087175658,0.7446153846153846,2024,-0.0131428063908103
2024-09-24,22365.0,22211.0,154.0,107348.0,22214.0,22303.0,22495.0,22214.0,22214.0,22214.0,22214.0,22288.0,,0.8775136513749469,0.9476923076923077,2024,0.0051499382007416
2024-09-25,22851.0,22758.0,93.0,100876.0,22789.0,22833.0,22789.0,22789.0,22789.0,22778.0,22789.0,22804.5,,0.8743921572026663,0.5980707395498392,2024,0.0131262423370559
2024-09-26,23065.0,22941.0,124.0,105132.0,23048.0,23022.0,22955.0,23048.0,23003.0,22961.0,23048.0,23048.0,23048.0,0.9499765063071529,0.8322147651006712,2024,0.0080011312350496
2024-09-27,23192.0,23076.0,116.0,84692.0,23078.0,23190.0,22885.0,23078.0,23078.0,23078.0,23078.0,23134.0,,0.7652799363863086,0.7785234899328859,2024,0.0346769228371246
2024-09-30,22755.0,22604.0,151.0,121980.0,22620.0,22677.0,22327.0,22620.0,22620.0,22620.0,22620.0,,,1.1280031071408756,1.070921985815603,2024,-0.0175633179549948
2024-10-01,22463.0,22239.0,224.0,121770.0,22413.0,22250.0,22391.0,22413.0,22351.0,,22413.0,22413.0,,1.1003180684570066,1.5186440677966102,2024,-0.0084661784126823
2024-10-04,22506.0,22273.0,233.0,133948.0,22405.0,22325.0,22286.0,22405.0,22389.5,22293.0,22405.0,22405.0,,1.2103589113384177,1.5796610169491525,2024,0.0051008001255099
2024-10-07,22807.0,22538.0,269.0,149588.0,22662.0,22562.0,22775.0,22662.0,22662.0,,22662.0,22672.5,,1.2775580968323241,1.7639344262295082,2024,0.0159271522532735
2024-10-08,22618.0,22490.0,128.0,94330.0,22498.0,22607.0,22580.0,22498.0,22498.0,22498.0,22498.0,22554.0,,0.8056264892517657,0.839344262295082,2024,-0.0019282328629264
2024-10-09,22886.0,22763.0,123.0,84082.0,22860.0,22768.0,22700.0,22860.0,22824.5,22783.0,22860.0,22860.0,,0.7597679546029565,0.8338983050847457,2024,0.0133351293103449
2024-10-11,23037.0,22796.0,241.0,112598.0,23003.0,22824.0,22912.0,23003.0,,,23003.0,23003.0,23017.0,1.0412435961456656,1.7214285714285715,2024,-0.0052537627539036
2024-10-14,23017.0,22820.0,197.0,111714.0,22895.0,23001.0,23008.0,22895.0,22895.0,,22895.0,22918.5,22997.0,1.0330688564611885,1.4071428571428573,2024,0.0079335995496738
2024-10-15,23325.0,23101.0,224.0,103268.0,23318.0,23163.0,23228.0,23318.0,,,23318.0,23318.0,23318.0,0.9549649521907193,1.6,2024,0.0180418070667962
2024-10-16,23088.0,22923.0,165.0,38386.0,23064.0,22950.0,23062.0,23064.0,,,23064.0,23064.0,23068.0,0.3613140060240964,1.1785714285714286,2024,-0.0528330090331559
2024-10-17,23174.0,23027.0,147.0,106328.0,23102.0,23135.0,23260.0,23102.0,23100.5,23047.0,23102.0,23102.0,23154.0,1.02042226487524,1.05,2024,0.0020698863603234
2024-10-18,23842.0,23644.0,198.0,153278.0,23770.0,23832.0,23660.0,23770.0,23743.0,23664.0,23770.0,23770.0,,1.4497115293672562,1.3608247422680413,2024,0.0094940514288597
2024-10-21,23837.0,23682.0,155.0,82136.0,23704.0,23810.0,23571.0,23704.0,23704.0,23702.0,23704.0,,,0.7687901308523185,1.0402684563758389,2024,0.000732015193638
2024-10-22,23567.0,23332.0,235.0,149614.0,23462.0,23567.0,23626.0,23462.0,23449.5,,23462.0,23462.0,23547.0,1.4003818865946573,1.540983606557377,2024,0.0012652103628216
2024-10-23,23510.0,23388.0,122.0,115154.0,23426.0,23510.0,23403.0,23426.0,23426.0,23408.0,23426.0,23449.0,,1.0648800606632267,0.7896440129449838,2024,-0.0046977974041313
2024-10-24,23448.0,23312.0,136.0,111196.0,23338.0,23376.0,23301.0,23338.0,23338.0,23332.0,23338.0,23380.0,,1.0282786809447189,0.8802588996763754,2024,-0.0114319621015237
2024-10-25,23409.0,23252.0,157.0,88270.0,23347.0,23272.0,23477.0,23347.0,23330.5,,23347.0,23347.0,23389.0,0.8078007174756571,1.0161812297734627,2024,0.0051136441145347
2024-10-28,23660.0,23391.0,269.0,124494.0,23393.0,23644.0,23320.0,23393.0,23393.0,23393.0,23393.0,,,1.1446461080156671,1.7243589743589745,2024,0.0107065094103664
2024-10-29,23145.0,22792.0,353.0,174314.0,22801.0,23145.0,22976.0,22801.0,22801.0,22801.0,22801.0,,,1.5639854649858687,2.1925465838509317,2024,-0.0002225278783309
2024-10-30,23143.0,22983.0,160.0,106198.0,23125.0,23076.0,22901.0,23125.0,23063.0,23003.0,23125.0,23125.0,23125.0,0.9468775633938443,0.8839779005524862,2024,0.0231211876423487
2024-11-01,22595.0,22233.0,362.0,161852.0,22575.0,22406.0,22755.0,22575.0,,,22575.0,22575.0,22575.0,1.4430971147330505,2.0,2024,-0.0401165035733065
2024-11-04,22952.0,22700.0,252.0,106434.0,22920.0,22790.0,23035.0,22920.0,22826.0,,22920.0,22920.0,22932.0,0.9489817753842862,1.2759493670886075,2024,0.0110537221407995
2024-11-05,23300.0,22780.0,520.0,130440.0,23080.0,22811.0,23141.0,23080.0,23040.0,,23080.0,23080.0,,1.1703378044950876,2.632911392405063,2024,-0.0054844314526045
2024-11-06,23273.0,23051.0,222.0,129382.0,23117.0,23259.0,23321.0,23117.0,23117.0,,23117.0,23162.0,23253.0,1.1608451841550402,1.1240506329113924,2024,0.0168536389223965
2024-11-07,23456.0,23084.0,372.0,147852.0,23423.0,23182.0,23533.0,23423.0,,,23423.0,23423.0,23436.0,1.3265622897133371,1.8835443037974684,2024,0.03118728782897
2024-11-08,23796.0,23636.0,160.0,114396.0,23738.0,23765.0,23777.0,23738.0,23716.0,23656.0,23738.0,23738.0,,1.0199721816041942,0.7619047619047619,2024,0.0227050926360876
2024-11-11,23619.0,23350.0,269.0,135212.0,23399.0,23558.0,23574.0,23399.0,23399.0,23370.0,23399.0,,,1.191326642994969,1.2809523809523808,2024,-0.0081496215778431
2024-11-12,23242.0,22985.0,257.0,132762.0,23143.0,23015.0,22866.0,23143.0,23113.5,,23143.0,23143.0,,1.156715312568068,1.223809523809524,2024,-0.0253528953675631
2024-11-13,22992.0,22736.0,256.0,106686.0,22926.0,22762.0,22779.0,22926.0,22864.0,,22926.0,22926.0,22972.0,0.8903558552543731,1.147982062780269,2024,-0.009260354627947
2024-11-14,22879.0,22680.0,199.0,131404.0,22771.0,22777.0,22677.0,22771.0,22771.0,22700.0,22771.0,,,1.0966417412204568,0.8708971553610503,2024,-0.0200346863353065
2024-11-15,22930.0,22683.0,247.0,121314.0,22817.0,22709.0,22758.0,22817.0,22806.5,22703.0,22817.0,22817.0,,0.9556949061746679,1.0809628008752736,2024,-0.0003395728173957
2024-11-18,22787.0,22562.0,225.0,121342.0,22591.0,22652.0,22576.0,22591.0,22591.0,22582.0,22591.0,,,0.9559154863003986,0.9336099585062241,2024,-0.0341686331947272
2024-11-19,22769.0,22592.0,177.0,112776.0,22746.0,22630.0,22853.0,22746.0,,,22746.0,22746.0,22749.0,0.9174897085862119,0.7344398340248963,2024,0.0114159454980666
2024-11-20,22999.0,22846.0,153.0,34318.0,22880.0,22950.0,22777.0,22880.0,22880.0,22866.0,22880.0,22922.5,,0.2791942595876926,0.6348547717842323,2024,0.0062162875324467
2024-11-21,22679.0,22515.0,164.0,131056.0,22580.0,22655.0,22571.0,22580.0,22580.0,,22580.0,22597.0,22659.0,1.080179348542793,0.6949152542372882,2024,-0.007096740093837
2024-11-22,23019.0,22781.0,238.0,136128.0,22923.0,22805.0,23036.0,22923.0,22900.0,,22923.0,22923.0,22999.0,1.1074700206641825,1.0084745762711864,2024,0.0161334903004555
2024-11-25,23285.0,23135.0,150.0,107708.0,23141.0,23252.0,23063.0,23141.0,23141.0,23141.0,23141.0,,,0.848508720792828,0.6185567010309279,2024,-0.0014607952770977
2024-11-26,22788.0,22612.0,176.0,132786.0,22740.0,22733.0,22638.0,22740.0,,,22740.0,22740.0,22768.0,1.0460697348311774,0.7257731958762886,2024,0.0064812946446588
2024-11-27,22689.0,22525.0,164.0,105954.0,22526.0,22611.0,22343.0,22526.0,22526.0,22526.0,22526.0,,,0.8155891340994988,0.7084233261339092,2024,-0.0121012365875955
2024-11-28,22385.0,22134.0,251.0,137432.0,22148.0,22313.0,22336.0,22148.0,22148.0,22148.0,22148.0,22259.5,22365.0,1.0962811697324548,1.1230425055928412,2024,-0.0151291917297811
2024-11-29,22275.0,22003.0,272.0,145438.0,22274.0,22221.0,22306.0,22274.0,,,22274.0,22274.0,22274.0,1.119520286965692,1.1749460043196545,2024,-0.0151291917297811
2024-12-02,22754.0,22498.0,256.0,122968.0,22740.0,22531.0,22825.0,22740.0,,,22740.0,22740.0,22740.0,0.9465557189152574,1.1058315334773219,2024,0.0151555426426073
2024-12-03,23181.0,23028.0,153.0,124884.0,23042.0,23150.0,23111.0,23042.0,23042.0,23042.0,23042.0,23104.5,,0.9613042775438569,0.6609071274298056,2024,0.0261358838621674
2024-12-04,23216.0,23071.0,145.0,89118.0,23160.0,23200.0,23295.0,23160.0,23143.5,,23160.0,23160.0,23196.0,0.7009824357169264,0.6487695749440716,2024,-0.0038494101263619
2024-12-05,23328.0,23213.0,115.0,81482.0,23241.0,23268.0,23256.0,23241.0,23241.0,23233.0,23241.0,23270.5,23308.0,0.6575052854122622,0.5424528301886793,2024,0.0170616339612301
2024-12-06,23360.0,23218.0,142.0,110982.0,23250.0,23330.0,23174.0,23250.0,23250.0,23238.0,23250.0,23289.0,,0.9085342392861528,0.7553191489361702,2024,-0.0186282893837689
2024-12-09,23286.0,23183.0,103.0,76268.0,23223.0,23203.0,23251.0,23223.0,23223.0,23203.0,23223.0,23234.5,23266.0,0.624354303958086,0.5478723404255319,2024,0.0069493491326744
2024-12-10,23337.0,23103.0,234.0,122142.0,23122.0,23238.0,23090.0,23122.0,23122.0,23122.0,23122.0,,,1.0067090861136754,1.3257790368271956,2024,-0.0083891490328571
2024-12-11,23055.0,22863.0,192.0,103650.0,23027.0,22879.0,22850.0,23027.0,22959.0,,23027.0,23027.0,23035.0,0.85429579322168,1.0878186968838528,2024,-0.0247347992763268
2024-12-12,23211.0,23003.0,208.0,119340.0,23110.0,23013.0,23110.0,23110.0,23107.0,,23110.0,23110.0,,0.9836146643808519,1.178470254957507,2024,0.0271926777943489
2024-12-13,23021.0,22934.0,87.0,83440.0,22953.0,22982.0,22985.0,22953.0,22953.0,22953.0,22953.0,22977.5,23001.0,0.6934436992528693,0.49291784702549574,2024,-0.0090715621146426
2024-12-16,23269.0,23135.0,134.0,105034.0,23235.0,23217.0,22960.0,23235.0,23202.0,23155.0,23235.0,23235.0,,0.9050130107360113,0.788235294117647,2024,0.0336378179073861
2024-12-17,23214.0,23082.0,132.0,89520.0,23178.0,23112.0,23035.0,23178.0,23148.0,23102.0,23178.0,23178.0,,0.8001501622288365,0.8048780487804879,2024,0.0206377748175652
2024-12-18,23092.0,22971.0,121.0,30586.0,23090.0,23002.0,23181.0,23090.0,23031.5,,23090.0,23090.0,23090.0,0.27972015181306875,0.7634069400630915,2024,-0.016413435158655
2024-12-19,22893.0,22718.0,175.0,136862.0,22804.0,22749.0,22849.0,22804.0,22804.0,,22804.0,22805.5,22873.0,1.2516530248296676,1.1041009463722398,2024,-0.0384561075014653
2024-12-20,22793.0,22685.0,108.0,96694.0,22691.0,22775.0,22633.0,22691.0,22691.0,22691.0,22691.0,22739.0,,0.8843019799716494,0.6813880126182965,2024,-0.015592498863403
2024-12-23,23125.0,22897.0,228.0,117138.0,23124.0,22898.0,23239.0,23124.0,,,23124.0,23124.0,23124.0,1.0964794862914322,1.504950495049505,2024,0.0145990473018122
2024-12-24,23450.0,23283.0,167.0,92788.0,23329.0,23438.0,23215.0,23329.0,23329.0,23303.0,23329.0,,,0.85544123612494,1.053627760252366,2024,0.0309854559297146
2024-12-25,23348.0,23279.0,69.0,55816.0,23321.0,23334.0,23328.0,23321.0,23313.5,23299.0,23321.0,23321.0,,0.5290917018977382,0.4353312302839117,2024,0.0107076923076923
2024-12-26,23380.0,23294.0,86.0,55422.0,23304.0,23360.0,23324.0,23304.0,23304.0,23304.0,23304.0,23337.0,,0.5311571562745586,0.5771812080536913,2024,0.0107076923076923
2024-12-27,23293.0,23152.0,141.0,64644.0,23276.0,23201.0,23376.0,23276.0,,,23276.0,23276.0,23276.0,0.6453300323443677,0.9825783972125436,2024,0.0003382583752773
2024-12-30,23322.0,23188.0,134.0,64722.0,23306.0,23209.0,23170.0,23306.0,23255.0,,23306.0,23306.0,23306.0,0.6831466841177526,0.9469964664310954,2024,-0.0101134038347461
2024-12-31,23043.0,22956.0,87.0,75136.0,23001.0,23003.0,23043.0,23001.0,22999.5,22976.0,23001.0,23001.0,23023.0,0.8242754020668319,0.6327272727272727,2024,-0.0188289215045178
2025-01-02,22993.0,22851.0,142.0,112726.0,22864.0,22939.0,22846.0,22864.0,22864.0,22864.0,22864.0,,,1.2620607037696348,1.0597014925373134,2025,-0.0092668670707906
2025-01-03,23078.0,22907.0,171.0,105540.0,22970.0,22919.0,22979.0,22970.0,22970.0,22927.0,22970.0,22992.5,23058.0,1.1578208306821423,1.2761194029850746,2025,0.008347506892667
2025-01-06,23440.0,23218.0,222.0,111390.0,23422.0,23234.0,23607.0,23422.0,,,23422.0,23422.0,23422.0,1.1757317317739944,1.6145454545454545,2025,0.028308274419994
2025-01-07,23993.0,23831.0,162.0,86990.0,23929.0,23976.0,23754.0,23929.0,23912.0,23851.0,23929.0,23929.0,,0.9181874795495086,1.1781818181818182,2025,0.0283694673341532
2025-01-08,23650.0,23533.0,117.0,86026.0,23581.0,23550.0,23451.0,23581.0,23581.0,23553.0,23581.0,23591.5,,0.9080123705681806,0.8268551236749117,2025,-0.0184345422154595
2025-01-09,23410.0,23250.0,160.0,85524.0,23345.0,23272.0,23101.0,23345.0,23330.0,23270.0,23345.0,23345.0,,0.938236391162209,1.1636363636363636,2025,-0.0095736006523093
2025-01-10,23141.0,23017.0,124.0,83536.0,23050.0,23077.0,23049.0,23050.0,23050.0,23037.0,23050.0,,,0.9465299416463656,0.9018181818181819,2025,-0.0095736006523093
2025-01-13,23008.0,22431.0,577.0,187288.0,22531.0,22978.0,22531.0,22531.0,22531.0,,22531.0,,,2.1649789614833312,4.3059701492537314,2025,-0.0241905333811152
2025-01-14,22687.0,22531.0,156.0,115170.0,22661.0,22581.0,22752.0,22661.0,,,22661.0,22661.0,22667.0,1.304968557022265,1.1345454545454545,2025,-0.0034600702336688
2025-01-15,22818.0,22646.0,172.0,28156.0,22691.0,22784.0,22516.0,22691.0,22691.0,22666.0,22691.0,22732.0,,0.3190300832814005,1.215547703180212,2025,0.0051613134556696
2025-01-16,23099.0,23001.0,98.0,101156.0,23026.0,23033.0,23033.0,23026.0,23026.0,23021.0,23026.0,23050.0,23079.0,1.1693253803116475,0.6577181208053692,2025,0.0213478135930795
2025-01-17,23304.0,22956.0,348.0,137304.0,22998.0,23277.0,23194.0,22998.0,22998.0,,22998.0,23130.0,,1.527483896806061,2.335570469798658,2025,0.0018025989246497
2025-01-20,23366.0,23222.0,144.0,85778.0,23335.0,23260.0,23345.0,23335.0,,,23335.0,23335.0,23346.0,0.9542658167295219,0.9664429530201343,2025,0.0284294280800161
2025-01-21,23430.0,23203.0,227.0,111454.0,23297.0,23422.0,23365.0,23297.0,23297.0,,23297.0,23316.5,23410.0,1.2883663938595273,1.5133333333333334,2025,0.0284294280800161
2025-01-22,23695.0,23574.0,121.0,79198.0,23675.0,23595.0,23700.0,23675.0,23634.5,,23675.0,23675.0,23675.0,0.9154991445877838,0.8066666666666666,2025,0.0129497866185539
2025-02-03,22817.0,22550.0,267.0,168574.0,22620.0,22714.0,22594.0,22620.0,22620.0,,22620.0,,,1.962399012828572,1.867132867132867,2025,-0.0029181815832525
2025-02-04,22947.0,22795.0,152.0,85074.0,22861.0,22917.0,22823.0,22861.0,22861.0,22815.0,22861.0,22871.0,,0.9834234984047718,1.0133333333333334,2025,-0.0181504630321879
2025-02-05,23270.0,23063.0,207.0,97478.0,23191.0,23067.0,23135.0,23191.0,,,23191.0,23191.0,23250.0,1.1268090812410414,1.344155844155844,2025,0.0105141112042901
2025-02-06,23378.0,23288.0,90.0,64404.0,23320.0,23360.0,23295.0,23320.0,23320.0,23308.0,23320.0,,,0.6982674501810612,0.569620253164557,2025,0.023090107885118
2025-02-07,23365.0,23276.0,89.0,60264.0,23355.0,23290.0,23429.0,23355.0,,,23355.0,23355.0,23355.0,0.6533816163236984,0.5632911392405063,2025,0.0002140822940195
2025-02-10,23364.0,23257.0,107.0,74026.0,23264.0,23319.0,23243.0,23264.0,23264.0,23264.0,23264.0,,,0.8025890669384392,0.6772151898734177,2025,-0.0163472810495248
2025-02-11,23503.0,23383.0,120.0,74452.0,23448.0,23383.0,23340.0,23448.0,23443.0,23403.0,23448.0,23448.0,,0.8606371665048319,0.759493670886076,2025,0.0146386549924739
2025-02-12,23536.0,23422.0,114.0,75092.0,23486.0,23425.0,23311.0,23486.0,23479.0,23442.0,23486.0,23486.0,,0.8741589252869549,0.7402597402597403,2025,-0.0005312168604296
2025-02-13,23455.0,23255.0,200.0,95776.0,23349.0,23433.0,23401.0,23349.0,23349.0,,23349.0,23355.0,,1.1182122800667826,1.3513513513513513,2025,0.0021299338381919
2025-02-14,23351.0,23155.0,196.0,113854.0,23204.0,23336.0,23179.0,23204.0,23204.0,23175.0,23204.0,23253.0,,1.3292781170097254,1.3243243243243243,2025,0.0128860157264394
2025-02-17,23469.0,23281.0,188.0,96846.0,23458.0,23293.0,23502.0,23458.0,,,23458.0,23458.0,23458.0,1.130704837071371,1.2207792207792207,2025,0.0008824002839193
2025-02-18,23582.0,23466.0,116.0,60706.0,23535.0,23555.0,23650.0,23535.0,23524.0,,23535.0,23535.0,23562.0,0.6687376758429999,0.7532467532467533,2025,0.0008824002839193
2025-02-19,23695.0,23566.0,129.0,23670.0,23644.0,23570.0,23611.0,23644.0,23630.5,23586.0,23644.0,23644.0,23675.0,0.2607488681053571,0.8376623376623377,2025,0.016841893143497
2025-02-20,23564.0,23379.0,185.0,111526.0,23388.0,23515.0,23534.0,23388.0,23388.0,23388.0,23388.0,23471.5,23544.0,1.3055275911315056,1.25,2025,0.0117819454025069
2025-02-21,23634.0,23474.0,160.0,89964.0,23616.0,23530.0,23748.0,23616.0,,,23616.0,23616.0,23616.0,1.053122000327769,1.0810810810810811,2025,0.0001770348174752
2025-02-24,23550.0,23442.0,108.0,94794.0,23473.0,23545.0,23555.0,23473.0,23473.0,23462.0,23473.0,23496.0,23530.0,1.0787859475822512,0.7297297297297297,2025,-0.0327720063344649
2025-02-25,23280.0,23138.0,142.0,114748.0,23231.0,23221.0,23297.0,23231.0,,,23231.0,23231.0,23260.0,1.305868830444629,0.9594594594594594,2025,-0.0259023982836863
2025-02-26,23287.0,23104.0,183.0,96442.0,23252.0,23155.0,23419.0,23252.0,,,23252.0,23252.0,23267.0,1.0975407130907808,1.2797202797202798,2025,-0.0229157756308533
2025-02-27,23433.0,23331.0,102.0,82764.0,23333.0,23390.0,23189.0,23333.0,23333.0,23333.0,23333.0,,,0.8959179034196083,0.6938775510204082,2025,0.0208514015480028
2025-03-03,22798.0,22612.0,186.0,134304.0,22692.0,22649.0,22723.0,22692.0,22692.0,22632.0,22692.0,22705.0,,1.5345696363075447,1.3726937269372694,2025,0.01706939777031
2025-03-04,22457.0,22193.0,264.0,122138.0,22386.0,22249.0,22580.0,22386.0,,,22386.0,22386.0,22437.0,1.322140313274662,1.7959183673469388,2025,-0.0401489484449573
2025-03-05,22883.0,22637.0,246.0,131662.0,22862.0,22642.0,22894.0,22862.0,,,22862.0,22862.0,22863.0,1.4252373374901222,1.6734693877551021,2025,0.0063688838279747
2025-03-06,23018.0,22770.0,248.0,98132.0,22830.0,22991.0,22764.0,22830.0,22830.0,22790.0,22830.0,,,1.029878784698536,1.6423841059602649,2025,0.0209099339560561
2025-03-07,22684.0,22488.0,196.0,96454.0,22549.0,22488.0,22523.0,22549.0,22549.0,22508.0,22549.0,,,1.012268457784541,1.2980132450331126,2025,-0.0452987689303286
2025-03-10,22548.0,22316.0,232.0,125202.0,22433.0,22456.0,22443.0,22433.0,22432.0,,22433.0,22433.0,22528.0,1.3027083831899198,1.3527696793002915,2025,0.0315830520182269
2025-03-11,21975.0,21661.0,314.0,178462.0,21953.0,21862.0,22032.0,21953.0,,,21953.0,21953.0,21955.0,1.8503442269409422,1.7065217391304348,2025,-0.0484924150950731
2025-03-12,22224.0,22044.0,180.0,101588.0,22214.0,22094.0,22228.0,22214.0,,,22214.0,22214.0,22214.0,1.05109156751164,0.9703504043126685,2025,-0.0070418538554264
2025-03-13,22475.0,22316.0,159.0,100856.0,22376.0,22440.0,21923.0,22376.0,22376.0,22336.0,22376.0,,,1.0345372298413154,0.8571428571428571,2025,0.0244509118509765
2025-03-14,22131.0,21880.0,251.0,134584.0,21934.0,22123.0,21962.0,21934.0,21934.0,21900.0,21934.0,22005.5,,1.3526845839950148,1.353099730458221,2025,-0.0061994813680815
2025-03-17,22312.0,22132.0,180.0,114706.0,22275.0,22168.0,22156.0,22275.0,22222.0,,22275.0,22275.0,,1.1332121475568553,0.9703504043126685,2025,0.0326840682289748
2025-03-18,22383.0,22223.0,160.0,94446.0,22227.0,22372.0,22230.0,22227.0,22227.0,22227.0,22227.0,,,0.9330580308628559,0.8695652173913043,2025,0.0141732934097882
2025-03-19,22261.0,22163.0,98.0,29028.0,22167.0,22235.0,22032.0,22167.0,22167.0,22167.0,22167.0,,,0.2867756021418269,0.5399449035812672,2025,-0.0160678563541362
2025-03-20,22350.0,22200.0,150.0,121142.0,22258.0,22238.0,22366.0,22258.0,22258.0,,22258.0,22275.0,22330.0,1.1967951631068345,0.8264462809917356,2025,0.0099149493465939
2025-03-21,22376.0,22242.0,134.0,108762.0,22268.0,22320.0,22178.0,22268.0,22268.0,22262.0,22268.0,,,1.0206931501449927,0.7382920110192838,2025,-0.0071549865897944
2025-03-24,22398.0,22216.0,182.0,117506.0,22234.0,22298.0,22154.0,22234.0,22234.0,22234.0,22234.0,,,1.117242690753506,1.011111111111111,2025,-0.0094363200525061
2025-03-25,22444.0,22310.0,134.0,130692.0,22317.0,22335.0,22303.0,22317.0,22317.0,22317.0,22317.0,,,1.1696708253530708,0.7403314917127072,2025,0.0298972125626653
2025-03-26,22428.0,22308.0,120.0,97302.0,22334.0,22399.0,22306.0,22334.0,22334.0,22328.0,22334.0,,,0.8481177055096011,0.6629834254143646,2025,-0.0070043585515804
2025-03-27,22052.0,21905.0,147.0,124796.0,21943.0,22032.0,21971.0,21943.0,21943.0,21925.0,21943.0,21978.5,,1.116902643778975,0.8121546961325967,2025,-0.0327373673664654
2025-03-28,21795.0,21627.0,168.0,131222.0,21625.0,21729.0,21604.0,21625.0,21625.0,21625.0,21625.0,,,1.1301913768452965,0.9333333333333333,2025,-0.0207352830280743
2025-03-31,21065.0,20854.0,211.0,153626.0,20990.0,20863.0,20778.0,20990.0,20959.5,20874.0,20990.0,20990.0,,1.2874694110153866,1.1722222222222223,2025,-0.0295204122076893
2025-04-01,21150.0,20887.0,263.0,139372.0,21078.0,21018.0,21178.0,21078.0,,,21078.0,21078.0,21130.0,1.1680131406925682,1.461111111111111,2025,-0.0033793008487925
2025-04-02,21360.0,21225.0,135.0,107484.0,21330.0,21261.0,21302.0,21330.0,21292.5,21245.0,21330.0,21330.0,,0.9007743622406221,0.75,2025,0.0028170465269303
2025-04-08,18756.0,18332.0,424.0,225716.0,18428.0,18617.0,18193.0,18428.0,18428.0,18352.0,18428.0,,,1.944051125695485,2.4367816091954024,2025,0.027042577675489
2025-04-09,18285.0,17839.0,446.0,214346.0,18088.0,17862.0,17204.0,18088.0,18062.0,17859.0,18088.0,18088.0,,1.7963360262813852,2.5632183908045976,2025,-0.035727141097985
2025-04-10,18902.0,18902.0,0.0,2744.0,18902.0,18902.0,18902.0,18902.0,18902.0,18902.0,18902.0,18902.0,18902.0,0.022314567086013547,0.0,2025,0.1873480889377872
2025-04-11,19107.0,18440.0,667.0,231216.0,19068.0,18563.0,19531.0,19068.0,,,19068.0,19068.0,19087.0,1.9377157990010392,4.067073170731708,2025,-0.0796960134264676
2025-04-14,19981.0,19585.0,396.0,188876.0,19650.0,19796.0,19495.0,19650.0,19650.0,19605.0,19650.0,19783.0,,1.5828835774865073,2.4146341463414633,2025,0.0250687077800322
2025-04-15,19676.0,19516.0,160.0,106272.0,19658.0,19588.0,19796.0,19658.0,,,19658.0,19658.0,19658.0,0.8642178109930145,0.975609756097561,2025,0.0030870229772732
2025-04-16,19623.0,19515.0,108.0,43150.0,19523.0,19607.0,19350.0,19523.0,19523.0,19523.0,19523.0,,,0.35090144670608037,0.6585365853658537,2025,0.0046637456847238
2025-04-17,19341.0,19112.0,229.0,133712.0,19153.0,19242.0,19370.0,19153.0,19153.0,19132.0,19153.0,19226.5,19321.0,1.1205792631825953,1.43125,2025,-0.0409558690068598
2025-04-18,19410.0,19289.0,121.0,86968.0,19368.0,19351.0,19337.0,19368.0,19349.5,19309.0,19368.0,19368.0,19390.0,0.7072351568281436,0.75625,2025,-0.0064036586409207
2025-04-21,19367.0,19055.0,312.0,129516.0,19151.0,19345.0,19102.0,19151.0,19151.0,19075.0,19151.0,,,1.0532410607551497,2.0129032258064514,2025,-0.0064036586409207
2025-04-22,19036.0,18845.0,191.0,115308.0,18992.0,18928.0,18798.0,18992.0,18940.5,18865.0,18992.0,18992.0,,0.906823114913964,1.1646341463414633,2025,-0.0210203863304866
2025-04-23,19448.0,19170.0,278.0,141882.0,19375.0,19241.0,19557.0,19375.0,,,19375.0,19375.0,19428.0,1.11581050048759,1.5885714285714285,2025,0.0213597874149433
2025-04-24,19683.0,19526.0,157.0,107066.0,19532.0,19640.0,19460.0,19532.0,19532.0,19532.0,19532.0,,,0.8229262743651233,0.8418230563002681,2025,0.0396315288161688
2025-04-25,20008.0,19880.0,128.0,124404.0,19928.0,19983.0,19875.0,19928.0,19928.0,19900.0,19928.0,19944.0,,0.9561888950378159,0.713091922005571,2025,0.0562938010803428
2025-04-28,20054.0,19953.0,101.0,96930.0,19990.0,19972.0,19962.0,19990.0,19990.0,19973.0,19990.0,20003.5,,0.7622919877945201,0.5626740947075209,2025,0.0103179751864816
2025-04-29,20050.0,19963.0,87.0,74648.0,20029.0,19980.0,20156.0,20029.0,,,20029.0,20029.0,20030.0,0.5870584164333574,0.48467966573816157,2025,-0.0037609282130768
2025-04-30,20195.0,20066.0,129.0,81910.0,20172.0,20091.0,20151.0,20172.0,20130.5,,20172.0,20172.0,20175.0,0.6451638311279143,0.7186629526462396,2025,-0.0091769327748948
2025-05-02,20582.0,20468.0,114.0,116046.0,20520.0,20469.0,20676.0,20520.0,20520.0,,20520.0,20525.0,20562.0,0.9682118542250701,0.6495726495726496,2025,0.0041535759286444
2025-05-05,20798.0,20291.0,507.0,175560.0,20364.0,20767.0,20413.0,20364.0,20364.0,20311.0,20364.0,,,1.5176742135428822,3.1987381703470033,2025,0.0351699523973199
2025-05-06,20413.0,20148.0,265.0,131880.0,20380.0,20151.0,20340.0,20380.0,,,20380.0,20380.0,20393.0,1.1400710599341268,1.6719242902208202,2025,-0.009294868150237
2025-05-07,20558.0,20266.0,292.0,149740.0,20369.0,20434.0,20379.0,20369.0,20369.0,,20369.0,,,1.245498024537326,1.6638176638176638,2025,-0.0103255604681167
2025-05-08,20652.0,20452.0,200.0,122520.0,20512.0,20475.0,20579.0,20512.0,20512.0,,20512.0,20552.0,20632.0,1.019089207735496,1.1396011396011396,2025,0.0174336611616254
2025-05-09,20718.0,20597.0,121.0,99994.0,20648.0,20653.0,20848.0,20648.0,20648.0,,20648.0,20657.5,20698.0,0.8382921288029308,0.6894586894586895,2025,0.0100493347559251
2025-05-12,21128.0,20978.0,150.0,115506.0,21108.0,21006.0,21066.0,21108.0,21053.0,,21108.0,21108.0,21108.0,0.9683358064434999,0.8547008547008547,2025,0.0081391464504654
2025-05-13,21518.0,21407.0,111.0,101658.0,21451.0,21419.0,21357.0,21451.0,21451.0,21427.0,21451.0,21462.5,,0.8780576285240465,0.7003154574132492,2025,0.0703974028881675
2025-05-14,21729.0,21613.0,116.0,88644.0,21674.0,21670.0,21770.0,21674.0,21671.0,21633.0,21674.0,21674.0,,0.7680989887961736,0.755700325732899,2025,0.0314624978822111
2025-05-15,21809.0,21676.0,133.0,84356.0,21724.0,21778.0,21692.0,21724.0,21724.0,21696.0,21724.0,21742.5,21789.0,0.7309435302884574,0.953405017921147,2025,0.0059578006022689
2025-05-16,21856.0,21679.0,177.0,90670.0,21798.0,21775.0,21825.0,21798.0,,,21798.0,21798.0,21836.0,0.7856542497422166,1.2508833922261484,2025,-0.005700773878038
2025-05-19,21747.0,21620.0,127.0,97842.0,21631.0,21692.0,21537.0,21631.0,21631.0,21631.0,21631.0,21683.5,,0.8799769757255794,0.8975265017667845,2025,-0.002080102180458
2025-05-20,21786.0,21615.0,171.0,82244.0,21661.0,21786.0,21540.0,21661.0,21661.0,21635.0,21661.0,,,0.7396907911896174,1.2084805653710247,2025,-0.0049733959883709
2025-05-21,21613.0,21470.0,143.0,28288.0,21560.0,21472.0,21677.0,21560.0,21541.5,,21560.0,21560.0,21593.0,0.27105651482340315,1.010600706713781,2025,-0.0014149469854279
2025-05-22,21550.0,21418.0,132.0,88508.0,21423.0,21448.0,21498.0,21423.0,21423.0,21423.0,21423.0,21484.0,,0.8778291313748438,0.9565217391304348,2025,-0.0180073526104219
2025-05-23,21640.0,21451.0,189.0,95860.0,21461.0,21548.0,21466.0,21461.0,21461.0,21461.0,21461.0,,,0.969085505165895,1.4264150943396225,2025,-0.0056717977974934
2025-05-26,21562.0,21369.0,193.0,115438.0,21435.0,21450.0,21386.0,21435.0,21435.0,,21435.0,21465.5,,1.1853654529398476,1.4566037735849056,2025,-0.0153052997924811
2025-05-27,21438.0,21192.0,246.0,112176.0,21197.0,21395.0,21229.0,21197.0,21197.0,21197.0,21197.0,,,1.151869878627318,1.7826086956521738,2025,-0.0153052997924811
2025-05-28,21512.0,21305.0,207.0,112756.0,21314.0,21411.0,21249.0,21314.0,21314.0,21314.0,21314.0,,,1.1398936492852665,1.4129692832764504,2025,0.0337509941774165
2025-05-29,21615.0,21338.0,277.0,156846.0,21389.0,21498.0,21322.0,21389.0,21389.0,21358.0,21389.0,,,1.555610655981592,1.7258566978193146,2025,-0.0054864238267549
2025-06-02,21049.0,20845.0,204.0,119806.0,20862.0,20972.0,20868.0,20862.0,20862.0,20862.0,20862.0,,,1.1205514558021643,1.1724137931034482,2025,-0.0210719928895909
2025-06-03,21220.0,21012.0,208.0,103688.0,21183.0,21028.0,20976.0,21183.0,21116.0,21032.0,21183.0,21183.0,,0.9697990029649167,1.1366120218579234,2025,0.0157059810090667
2025-06-04,21465.0,21261.0,204.0,114970.0,21441.0,21270.0,21477.0,21441.0,,,21441.0,21441.0,21445.0,1.1197685857041286,1.1147540983606556,2025,0.0272347857034962
2025-06-05,21678.0,21550.0,128.0,85698.0,21648.0,21593.0,21557.0,21648.0,21614.0,21570.0,21648.0,21648.0,21658.0,0.8346692898814684,0.6994535519125683,2025,0.0138868465739132
2025-06-06,21630.0,21526.0,104.0,81484.0,21543.0,21580.0,21578.0,21543.0,21543.0,21543.0,21543.0,21578.0,,0.8081645607283835,0.5977011494252874,2025,-0.0044562766348456
2025-06-09,21788.0,21626.0,162.0,93392.0,21644.0,21666.0,21725.0,21644.0,21644.0,21644.0,21644.0,21707.0,,0.9441355466143675,1.0093457943925233,2025,0.0054161710823561
2025-06-10,22138.0,21853.0,285.0,107368.0,22125.0,21867.0,22113.0,22125.0,,,22125.0,22125.0,22125.0,1.1085894828138068,1.7117117117117118,2025,0.0195710253549976
2025-06-11,22332.0,22214.0,118.0,88716.0,22260.0,22301.0,22349.0,22260.0,22260.0,22234.0,22260.0,22273.0,22312.0,0.9160049973670896,0.6781609195402298,2025,0.0206048288187266
2025-06-12,22328.0,22225.0,103.0,77930.0,22296.0,22320.0,22253.0,22296.0,22276.5,22245.0,22296.0,22296.0,,0.8235580073130007,0.5919540229885057,2025,-0.0019017644253696
2025-06-13,22135.0,21893.0,242.0,150222.0,22121.0,21971.0,21934.0,22121.0,22014.0,,22121.0,22121.0,22121.0,1.5875340815420709,1.3908045977011494,2025,0.0031762837480147
2025-06-16,22062.0,21868.0,194.0,91650.0,21936.0,22045.0,22036.0,21936.0,21936.0,21888.0,21936.0,21965.0,,0.9462989540634583,1.0601092896174864,2025,-0.0260823180895953
2025-06-17,22260.0,22132.0,128.0,86496.0,22229.0,22143.0,22165.0,22229.0,22196.0,22152.0,22229.0,22229.0,,0.893083189641821,0.6701570680628273,2025,0.0303311268641535
2025-06-18,21865.0,21693.0,172.0,31582.0,21831.0,21714.0,21930.0,21831.0,,,21831.0,21831.0,21845.0,0.3337560501342126,0.900523560209424,2025,-0.0082869781481974
2025-06-19,21856.0,21703.0,153.0,95978.0,21719.0,21820.0,21704.0,21719.0,21719.0,21719.0,21719.0,,,1.0142878278697187,0.8010471204188482,2025,0.0052396312922957
2025-06-20,21742.0,21493.0,249.0,124920.0,21525.0,21630.0,21649.0,21525.0,21525.0,21513.0,21525.0,21617.5,,1.3023488568479655,1.3036649214659686,2025,0.0052396312922957
2025-06-23,21398.0,21206.0,192.0,127856.0,21343.0,21343.0,21474.0,21343.0,21302.0,,21343.0,21343.0,21378.0,1.2806987669407912,0.9922480620155039,2025,-0.0075299656066822
2025-06-24,21953.0,21760.0,193.0,129968.0,21929.0,21760.0,21962.0,21929.0,21856.5,,21929.0,21929.0,21933.0,1.2315973011902055,0.9974160206718347,2025,0.0062976352207051
2025-06-25,22160.0,22017.0,143.0,86390.0,22060.0,22160.0,22160.0,22060.0,22060.0,22037.0,22060.0,22088.5,,0.8186452884542491,0.7390180878552972,2025,0.03767328337433
2025-06-26,22231.0,22140.0,91.0,74654.0,22147.0,22163.0,22110.0,22147.0,22147.0,22147.0,22147.0,22185.5,22211.0,0.7477888073082047,0.4727272727272727,2025,0.0094507954067259
2025-06-27,22220.0,22033.0,187.0,95240.0,22074.0,22199.0,22120.0,22074.0,22074.0,22053.0,22074.0,,,1.0058615408987697,1.0274725274725274,2025,0.0087670434893414
2025-06-30,22257.0,22090.0,167.0,85968.0,22121.0,22235.0,22141.0,22121.0,22121.0,22110.0,22121.0,22173.5,,0.9114890368548284,0.9303621169916435,2025,0.0006370162375979
2025-07-01,22592.0,22191.0,401.0,141102.0,22571.0,22193.0,22351.0,22571.0,22391.5,,22571.0,22571.0,22572.0,1.5250807924687368,2.365781710914454,2025,0.000279531613222
2025-07-02,22312.0,22208.0,104.0,84508.0,22273.0,22300.0,22391.0,22273.0,,,22273.0,22273.0,22292.0,0.9133926351855255,0.6135693215339233,2025,-0.0070386222762298
2025-07-03,22697.0,22546.0,151.0,101646.0,22682.0,22570.0,22679.0,22682.0,,,22682.0,22682.0,22682.0,1.1271082132996242,0.9179331306990881,2025,0.0188016341352701
2025-07-04,22770.0,22533.0,237.0,106816.0,22545.0,22747.0,22434.0,22545.0,22545.0,22545.0,22545.0,,,1.1545054636244745,1.4407294832826747,2025,0.006428386843817
2025-07-07,22505.0,22246.0,259.0,135776.0,22343.0,22345.0,22336.0,22343.0,22343.0,,22343.0,22375.5,,1.4395860723525171,1.528023598820059,2025,0.006428386843817
2025-07-08,22398.0,22142.0,256.0,106796.0,22157.0,22339.0,22254.0,22157.0,22157.0,22157.0,22157.0,22270.0,,1.1170078130719912,1.426183844011142,2025,-0.0187564634716457
2025-07-09,22380.0,22146.0,234.0,107350.0,22386.0,22250.0,22430.0,22386.0,,,22386.0,22386.0,22386.0,1.12280224665042,1.3036211699164346,2025,0.0180502418248755
2025-07-10,22566.0,22408.0,158.0,106172.0,22519.0,22463.0,22608.0,22519.0,,,22519.0,22519.0,22546.0,1.0744848803789013,0.8337730870712401,2025,0.0043908941682826
2025-07-11,22708.0,22487.0,221.0,100154.0,22694.0,22512.0,22764.0,22694.0,,,22694.0,22694.0,22694.0,0.963862610553465,1.16622691292876,2025,0.0074638324458744
2025-07-14,22695.0,22549.0,146.0,80168.0,22596.0,22656.0,22550.0,22596.0,22596.0,22569.0,22596.0,22622.0,,0.7945292368681863,0.7704485488126649,2025,-0.0021004575809174
2025-07-15,22826.0,22512.0,314.0,102850.0,22830.0,22536.0,22810.0,22830.0,,,22830.0,22830.0,22830.0,1.0193260654112983,1.7493036211699164,2025,-0.0087021552624602
2025-07-16,22938.0,22701.0,237.0,34056.0,22913.0,22706.0,22919.0,22913.0,,,22913.0,22913.0,22918.0,0.33307252953603006,1.2506596306068603,2025,0.0127312847104159
2025-07-17,23030.0,22866.0,164.0,106776.0,22949.0,22967.0,23145.0,22949.0,22948.0,,22949.0,22949.0,,1.0442844847820985,0.8519480519480519,2025,-0.003917035783171
2025-07-18,23398.0,23262.0,136.0,92800.0,23307.0,23354.0,23262.0,23307.0,23307.0,23282.0,23307.0,,,0.8879448096372631,0.7064935064935065,2025,0.0072732571306184
2025-07-21,23300.0,23173.0,127.0,72992.0,23220.0,23231.0,23232.0,23220.0,23220.0,23193.0,23220.0,23236.5,23280.0,0.713872153978562,0.6701846965699209,2025,-0.0008749241848565
2025-07-22,23407.0,23205.0,202.0,104472.0,23350.0,23251.0,22992.0,23350.0,23306.0,23225.0,23350.0,23350.0,,1.0354013875123884,1.1412429378531073,2025,0.0011861940962423
2025-07-23,23254.0,22987.0,267.0,136458.0,23241.0,22987.0,23184.0,23241.0,,,23241.0,23241.0,23241.0,1.352408325074331,1.5084745762711864,2025,-0.0175470692160532
2025-07-24,23405.0,23228.0,177.0,96546.0,23273.0,23399.0,23309.0,23273.0,23273.0,,23273.0,23316.5,,0.9442336280416243,0.910025706940874,2025,-0.0001631578854028
2025-07-25,23327.0,23207.0,120.0,78988.0,23242.0,23260.0,23241.0,23242.0,23242.0,,23242.0,23267.0,23307.0,0.7725138878022064,0.6169665809768637,2025,0.0011671239971691
2025-07-28,23483.0,23265.0,218.0,115862.0,23379.0,23372.0,23398.0,23379.0,23374.0,,23379.0,23379.0,,1.1331468586182616,1.150395778364116,2025,0.0002639798595769
2025-07-29,23359.0,23125.0,234.0,97074.0,23142.0,23335.0,23164.0,23142.0,23142.0,23142.0,23142.0,,,0.9364563336259538,1.1142857142857143,2025,0.0161605140758007
2025-07-30,23377.0,23198.0,179.0,137210.0,23324.0,23214.0,23363.0,23324.0,,,23324.0,23324.0,23357.0,1.3419333385494092,0.8523809523809524,2025,0.0004688780045667
2025-07-31,23519.0,23355.0,164.0,109352.0,23438.0,23490.0,23602.0,23438.0,23437.0,,23438.0,23438.0,23499.0,1.0549001070798083,0.780952380952381,2025,0.0082807907606374
2025-08-01,23438.0,23021.0,417.0,145734.0,23410.0,23105.0,23348.0,23410.0,,,23410.0,23410.0,23418.0,1.3836995119728073,1.9857142857142858,2025,-0.0309988042824657
2025-08-04,23202.0,23032.0,170.0,100216.0,23181.0,23114.0,23266.0,23181.0,,,23181.0,23181.0,23182.0,0.9515201002639524,0.8095238095238095,2025,-0.0143208177006805
2025-08-05,23546.0,23421.0,125.0,108956.0,23515.0,23436.0,23577.0,23515.0,,,23515.0,23515.0,23526.0,1.0510799625703013,0.6561679790026247,2025,0.0175120893116556
2025-08-06,23457.0,23381.0,76.0,77896.0,23451.0,23415.0,23426.0,23451.0,23419.0,23401.0,23451.0,23451.0,23451.0,0.7514494361428117,0.42696629213483145,2025,-0.011151391879326
2025-08-07,24039.0,23640.0,399.0,160728.0,24017.0,23648.0,23995.0,24017.0,,,24017.0,24017.0,24019.0,1.5830124196074182,2.2997118155619596,2025,-0.0020479386661247
2025-08-08,24095.0,23950.0,145.0,66948.0,23968.0,24080.0,23952.0,23968.0,23968.0,23968.0,23968.0,,,0.6593718298484237,0.8146067415730337,2025,0.0150262147991999
2025-08-11,23996.0,23833.0,163.0,98344.0,23985.0,23967.0,24161.0,23985.0,,,23985.0,23985.0,23985.0,0.9685914924211833,0.9394812680115274,2025,0.0078669435717202
2025-08-12,24175.0,24088.0,87.0,80104.0,24154.0,24151.0,24137.0,24154.0,24131.5,24108.0,24154.0,24154.0,24155.0,0.7889454660061261,0.5014409221902018,2025,-0.0013473006435342
2025-08-13,24346.0,24245.0,101.0,81964.0,24332.0,24304.0,24343.0,24332.0,24295.5,24265.0,24332.0,24332.0,24332.0,0.8255842062852539,0.6047904191616766,2025,0.0299310274285453
2025-08-14,24363.0,24276.0,87.0,73168.0,24279.0,24331.0,24253.0,24279.0,24279.0,24279.0,24279.0,,,0.736986301369863,0.5304878048780488,2025,0.0089930120939916
2025-08-15,24353.0,24187.0,166.0,82842.0,24224.0,24283.0,24317.0,24224.0,24224.0,,24224.0,24270.0,24333.0,0.8478441085263384,1.0152905198776758,2025,-0.0012082930993226
2025-08-18,24417.0,24176.0,241.0,97934.0,24401.0,24196.0,24425.0,24401.0,,,24401.0,24401.0,24401.0,1.0023027561432416,1.4606060606060607,2025,-0.0225554711672265
2025-08-19,24447.0,24313.0,134.0,88872.0,24340.0,24382.0,24344.0,24340.0,24340.0,24333.0,24340.0,24380.0,,0.9055727080976982,0.7976190476190477,2025,0.0040971780403773
2025-08-20,24139.0,23792.0,347.0,61808.0,23874.0,24098.0,23665.0,23874.0,23874.0,23812.0,23874.0,,,0.6339021988841483,2.103030303030303,2025,-0.0181430705761983
2025-08-21,23940.0,23690.0,250.0,126372.0,23928.0,23720.0,23851.0,23928.0,23815.0,,23928.0,23928.0,23928.0,1.305361016423923,1.5151515151515151,2025,-0.0071744561853899
2025-08-22,23982.0,23771.0,211.0,121048.0,23836.0,23869.0,23749.0,23836.0,23836.0,23791.0,23836.0,,,1.2414670167377748,1.2787878787878788,2025,-0.0048944913884655
2025-08-25,24191.0,24071.0,120.0,102888.0,24122.0,24123.0,24257.0,24122.0,24122.0,,24122.0,24131.0,24171.0,1.0483905481001436,0.7142857142857143,2025,0.0269842912875717
2025-08-26,24203.0,24090.0,113.0,93252.0,24133.0,24144.0,24254.0,24133.0,24133.0,,24133.0,24146.5,24183.0,0.9502032830984624,0.6848484848484848,2025,0.0003197519836788
2025-08-27,24456.0,24331.0,125.0,89742.0,24454.0,24357.0,24462.0,24454.0,,,24454.0,24454.0,24454.0,0.9144376853238774,0.764525993883792,2025,0.0089675659711967
2025-08-28,24419.0,24338.0,81.0,76384.0,24372.0,24353.0,24222.0,24372.0,24372.0,24358.0,24372.0,24378.5,24399.0,0.7990543240613852,0.525974025974026,2025,0.0028736621716551
2025-08-29,24453.0,24287.0,166.0,97090.0,24335.0,24401.0,24267.0,24335.0,24335.0,24307.0,24335.0,,,1.0611276872465765,1.189964157706093,2025,0.0048827303458944
2025-09-01,24246.0,24070.0,176.0,119450.0,24168.0,24130.0,24009.0,24168.0,24158.0,24090.0,24168.0,24168.0,,1.305507284391838,1.2616487455197132,2025,-0.0314553950504439
2025-09-02,24250.0,24012.0,238.0,141630.0,24016.0,24085.0,23971.0,24016.0,24016.0,24016.0,24016.0,,,1.54791960392144,1.7060931899641576,2025,-0.0314553950504439
2025-09-03,24079.0,23888.0,191.0,128882.0,24062.0,23962.0,23999.0,24062.0,23983.5,,24062.0,24062.0,24062.0,1.4085926314523973,1.2402597402597402,2025,-0.0111978606229735
2025-09-04,24322.0,24187.0,135.0,138504.0,24288.0,24187.0,24129.0,24288.0,24254.5,24207.0,24288.0,24288.0,24302.0,1.4553172710174318,0.8206686930091185,2025,-0.0022549442864636
2025-09-05,24383.0,24283.0,100.0,96098.0,24331.0,24369.0,24420.0,24331.0,24331.0,,24331.0,24333.0,24363.0,1.0097403620850889,0.6493506493506493,2025,0.0134172027706953
2025-09-08,24675.0,24560.0,115.0,112028.0,24591.0,24579.0,24551.0,24591.0,24591.0,24580.0,24591.0,24617.5,,1.1597821810878521,0.7718120805369127,2025,0.0165035833630329
2025-09-09,24761.0,24660.0,101.0,83854.0,24751.0,24719.0,24804.0,24751.0,24710.5,,24751.0,24751.0,24751.0,0.8681077499637658,0.7509293680297398,2025,0.008367757836637
2025-09-10,25118.0,24961.0,157.0,101852.0,25103.0,24985.0,25171.0,25103.0,,,25103.0,25103.0,25103.0,1.0544340228171523,1.1672862453531598,2025,0.0017591542289414
2025-09-11,25419.0,25312.0,107.0,98038.0,25380.0,25394.0,25234.0,25380.0,,,25380.0,25380.0,25399.0,1.005394207892362,0.7328767123287672,2025,0.0237567076701552
2025-09-12,25453.0,25350.0,103.0,84220.0,25452.0,25417.0,25465.0,25452.0,,,25452.0,25452.0,25452.0,0.8595105423223726,0.7054794520547946,2025,0.0062603955294397
2025-09-15,25450.0,25325.0,125.0,87420.0,25325.0,25405.0,25348.0,25325.0,25325.0,25325.0,25325.0,25387.5,,0.8921682689363787,0.929368029739777,2025,0.0010591471113639
2025-09-16,25610.0,25414.0,196.0,96462.0,25572.0,25421.0,25628.0,25572.0,,,25572.0,25572.0,25590.0,0.9887048501496454,1.5135135135135136,2025,0.0096788597973254
2025-09-17,25598.0,25473.0,125.0,35338.0,25516.0,25573.0,25472.0,25516.0,25516.0,25493.0,25516.0,25535.5,,0.36220327169857736,0.9615384615384616,2025,0.0031997597292334
2025-09-18,25646.0,25490.0,156.0,92246.0,25536.0,25615.0,25711.0,25536.0,25536.0,25510.0,25536.0,25568.0,25626.0,0.945492189742118,1.248,2025,-0.0031254009560437
2025-09-19,25855.0,25635.0,220.0,110500.0,25693.0,25842.0,25670.0,25693.0,25693.0,,25693.0,25745.0,,1.1418120195089692,1.76,2025,0.035962390804294
2025-09-22,25799.0,25689.0,110.0,84230.0,25782.0,25757.0,25890.0,25782.0,,,25782.0,25782.0,25782.0,0.8703604199388278,0.88,2025,-0.0073126521146322
2025-09-23,26157.0,26022.0,135.0,105648.0,26152.0,26058.0,26270.0,26152.0,,,26152.0,26152.0,26152.0,1.0972995429995847,1.08,2025,0.0157037987885595
2025-09-24,26391.0,26123.0,268.0,124744.0,26128.0,26380.0,26238.0,26128.0,26128.0,26128.0,26128.0,26257.0,,1.2889972720509217,2.0615384615384613,2025,-0.0034612298029105
2025-09-25,26282.0,26114.0,168.0,94956.0,26226.0,26192.0,26097.0,26226.0,26198.0,26134.0,26226.0,26226.0,,0.9732688286663114,1.2444444444444445,2025,-0.0017770492738827
2025-09-26,25990.0,25528.0,462.0,195574.0,25540.0,25954.0,25666.0,25540.0,25540.0,25540.0,25540.0,,,2.004571358287893,3.1752577319587627,2025,-0.0019580752739399
2025-09-30,26046.0,25792.0,254.0,121224.0,25934.0,25792.0,25953.0,25934.0,25919.0,,25934.0,25934.0,,1.2129070989043975,1.745704467353952,2025,0.0015955464270702
2025-10-01,26375.0,26061.0,314.0,125774.0,26316.0,26098.0,26046.0,26316.0,26218.0,26081.0,26316.0,26316.0,,1.2584321376757217,2.1580756013745703,2025,0.0086633486985974
2025-10-02,26527.0,26379.0,148.0,112648.0,26485.0,26456.0,26427.0,26485.0,26453.0,,26485.0,26485.0,26507.0,1.1270999049477213,1.0171821305841924,2025,0.0204809555058069
2025-10-03,26578.0,26388.0,190.0,107614.0,26568.0,26490.0,26739.0,26568.0,,,26568.0,26568.0,26568.0,1.0767322027114914,1.342756183745583,2025,0.0193991643436899
2025-10-07,27272.0,26998.0,274.0,139156.0,27274.0,27217.0,27319.0,27274.0,,,27274.0,27274.0,27274.0,1.3923257791785482,1.8026315789473684,2025,0.028907581405098
2025-10-08,27078.0,26909.0,169.0,118062.0,27026.0,27059.0,27092.0,27026.0,26993.5,,27026.0,27026.0,27058.0,1.1379469879518072,1.0798722044728435,2025,-0.020563738732754
2025-10-09,27456.0,27277.0,179.0,117054.0,27402.0,27449.0,27333.0,27402.0,27366.5,27297.0,27402.0,27402.0,,1.1282313253012048,1.1015384615384616,2025,0.0339786216833766
2025-10-13,26857.0,26380.0,477.0,162554.0,26827.0,26424.0,26901.0,26827.0,,,26827.0,26827.0,26837.0,1.5244534891354296,2.830860534124629,2025,-0.0632437648021987
2025-10-14,27450.0,27259.0,191.0,113882.0,27375.0,27282.0,26717.0,27375.0,27354.5,27279.0,27375.0,27375.0,,1.0442429188406064,1.0977011494252873,2025,0.0492961483238654
2025-10-15,27060.0,26821.0,239.0,48756.0,27060.0,26880.0,27287.0,27060.0,,,27060.0,27060.0,27060.0,0.4369835266280675,1.2953929539295392,2025,-0.0227769291749647
2025-10-16,27717.0,27457.0,260.0,119914.0,27706.0,27535.0,27824.0,27706.0,27587.0,27477.0,27706.0,27706.0,27706.0,1.0747485973434672,1.3648293963254594,2025,0.0299421794643497
2025-10-17,27545.0,27241.0,304.0,127956.0,27446.0,27324.0,27325.0,27446.0,27393.0,,27446.0,27446.0,27525.0,1.1297046748774997,1.5710594315245479,2025,0.004870652838899
2025-10-20,27822.0,27432.0,390.0,152502.0,27758.0,27459.0,27783.0,27758.0,,,27758.0,27758.0,,1.3207295527765268,1.897810218978102,2025,-0.0032411669377444
2025-10-21,28010.0,27860.0,150.0,111280.0,27977.0,27900.0,27830.0,27977.0,27935.0,27880.0,27977.0,27977.0,27990.0,0.94659657360622,0.6535947712418301,2025,0.0157937910704959
2025-10-22,27716.0,27548.0,168.0,111584.0,27663.0,27700.0,27708.0,27663.0,27632.0,27568.0,27663.0,27663.0,,0.9491825311761003,0.7320261437908496,2025,-0.0066463036471881
2025-10-23,27547.0,27313.0,234.0,107192.0,27540.0,27389.0,27560.0,27540.0,,,27540.0,27540.0,27540.0,0.9118222494428282,1.0883720930232559,2025,-0.0236428741663951
2025-10-27,28288.0,28079.0,209.0,125076.0,28142.0,28234.0,28222.0,28142.0,28142.0,,28142.0,28183.5,,1.0639514112182922,0.8837209302325582,2025,0.0189196175477077
2025-10-28,28258.0,28041.0,217.0,100964.0,28124.0,28258.0,28001.0,28124.0,28124.0,28061.0,28124.0,28149.5,,0.8485225400880761,0.9175475687103594,2025,0.0273816314888761
2025-10-29,28348.0,28207.0,141.0,101922.0,28287.0,28215.0,28416.0,28287.0,,,28287.0,28287.0,28328.0,0.8669933139386515,0.6252771618625277,2025,0.0037290840655248
2025-10-30,28551.0,28292.0,259.0,127416.0,28390.0,28425.0,28399.0,28390.0,28390.0,,28390.0,28421.5,,1.0838564793548717,1.1485587583148558,2025,0.0185163821752372
2025-10-31,28589.0,28424.0,165.0,121490.0,28534.0,28445.0,28434.0,28534.0,28506.5,28444.0,28534.0,28534.0,28569.0,1.033447319620953,0.7317073170731707,2025,-0.0152744363005651
2025-11-03,28583.0,28362.0,221.0,124224.0,28383.0,28380.0,28339.0,28383.0,28383.0,28382.0,28383.0,,,1.0567039248711274,1.0375586854460095,2025,0.0017544345898004
2025-11-04,28595.0,28380.0,215.0,133734.0,28441.0,28400.0,28113.0,28441.0,28441.0,28400.0,28441.0,,,1.137600163323636,1.0093896713615023,2025,0.0058530903376283
2025-11-05,27827.0,27414.0,413.0,214326.0,27480.0,27718.0,27804.0,27480.0,27480.0,,27480.0,27620.5,27807.0,1.8012404612229804,1.912037037037037,2025,-0.0400771836494994
2025-11-06,28048.0,27903.0,145.0,113168.0,28022.0,28011.0,28034.0,28022.0,27975.5,,28022.0,28022.0,28028.0,0.9375818130602641,0.6621004566210046,2025,0.0301881061440749
2025-11-07,27837.0,27668.0,169.0,120292.0,27715.0,27780.0,27729.0,27715.0,27715.0,27688.0,27715.0,27752.5,27817.0,1.0109590883114263,0.7824074074074074,2025,-0.0239045265337741
2025-11-10,27900.0,27716.0,184.0,138290.0,27836.0,27765.0,28015.0,27836.0,27808.0,,27836.0,27836.0,27880.0,1.151428357326628,0.8518518518518519,2025,-0.0101205547141154
2025-11-11,28180.0,27981.0,199.0,116276.0,28033.0,28159.0,27772.0,28033.0,28033.0,28001.0,28033.0,,,0.9618251151864076,0.9212962962962963,2025,0.0301682941433869
2025-11-12,27995.0,27858.0,137.0,92814.0,27930.0,27895.0,28056.0,27930.0,27926.5,,27930.0,27930.0,27975.0,0.7727866914231951,0.6462264150943396,2025,-0.0247661364128574
2025-11-13,28044.0,27802.0,242.0,139462.0,27955.0,28044.0,27979.0,27955.0,27923.0,,27955.0,27955.0,,1.1611866481270243,1.1415094339622642,2025,0.0146754158488187
2025-11-14,27533.0,27383.0,150.0,117776.0,27494.0,27506.0,27408.0,27494.0,27458.0,,27494.0,27494.0,27513.0,0.9742329867401213,0.7075471698113207,2025,-0.0371907886469183
2025-11-17,27692.0,27511.0,181.0,138068.0,27562.0,27581.0,27476.0,27562.0,27562.0,27531.0,27562.0,27601.5,,1.1420866731187598,0.8872549019607843,2025,-0.0011057761404599
2025-11-18,27300.0,27040.0,260.0,124562.0,27231.0,27158.0,26806.0,27231.0,27170.0,27060.0,27231.0,27231.0,,1.0303661976491219,1.3577023498694516,2025,-0.0154833215879727
2025-11-19,26917.0,26722.0,195.0,48072.0,26768.0,26825.0,26604.0,26768.0,26768.0,26742.0,26768.0,26819.5,,0.3976474675534159,1.0182767624020888,2025,-0.0230712792324188
2025-11-20,27481.0,27300.0,181.0,149306.0,27315.0,27300.0,27486.0,27315.0,27315.0,27315.0,27315.0,27390.5,27461.0,1.2350464467991826,0.9187817258883249,2025,0.0181650824374182
2025-11-21,26817.0,26592.0,225.0,130874.0,26658.0,26817.0,26475.0,26658.0,26658.0,26612.0,26658.0,,,1.0652547270403803,1.1421319796954315,2025,-0.0476699505099676
2025-11-24,26731.0,26536.0,195.0,108658.0,26610.0,26713.0,26617.0,26610.0,26610.0,26556.0,26610.0,26633.5,26711.0,0.8735057438923413,0.9898477157360406,2025,0.0085578402001238
2025-11-25,27103.0,26870.0,233.0,105094.0,26896.0,27060.0,26940.0,26896.0,26896.0,26890.0,26896.0,,,0.855417273741016,1.1948717948717948,2025,0.0463237715857349
2025-11-26,27383.0,27132.0,251.0,112630.0,27301.0,27180.0,27332.0,27301.0,27257.5,,27301.0,27301.0,27363.0,0.9167568799498604,1.2871794871794873,2025,0.0016380236305049
2025-11-27,27618.0,27476.0,142.0,99912.0,27612.0,27520.0,27582.0,27612.0,27547.0,27496.0,27612.0,27612.0,27612.0,0.8132381549280872,0.7208121827411168,2025,0.0275953280966549
2025-11-28,27685.0,27557.0,128.0,83540.0,27675.0,27590.0,27741.0,27675.0,,,27675.0,27675.0,27675.0,0.6910357263981604,0.6564102564102564,2025,0.0275953280966549
2025-12-01,27674.0,27525.0,149.0,116082.0,27610.0,27655.0,27402.0,27610.0,27599.5,27545.0,27610.0,27610.0,,0.9752003629215182,0.764102564102564,2025,0.0182173677360255
2025-12-02,27789.0,27622.0,167.0,98348.0,27662.0,27667.0,27561.0,27662.0,27662.0,27642.0,27662.0,,,0.8403944422606942,0.8812664907651715,2025,-0.0006576372034761
2025-12-03,27853.0,27766.0,87.0,75582.0,27799.0,27801.0,27759.0,27799.0,27799.0,27786.0,27799.0,27809.5,27833.0,0.6505650763046678,0.4767123287671233,2025,0.0183661347505104
2025-12-04,27879.0,27753.0,126.0,88532.0,27773.0,27839.0,27800.0,27773.0,27773.0,27773.0,27773.0,,,0.7723620501635768,0.6961325966850829,2025,0.0183286313530932
2025-12-05,27936.0,27763.0,173.0,105464.0,27843.0,27790.0,28016.0,27843.0,27843.0,,27843.0,27849.5,,0.9222428206652908,0.9558011049723757,2025,-0.0088647635948579
2025-12-08,28179.0,28020.0,159.0,76406.0,28148.0,28048.0,28287.0,28148.0,,,28148.0,28148.0,28159.0,0.6905571020570478,0.8784530386740331,2025,0.0109299234891497
2025-12-09,28363.0,28245.0,118.0,72844.0,28279.0,28349.0,28222.0,28279.0,28279.0,28265.0,28279.0,,,0.6803971567610988,0.6666666666666666,2025,0.0110187474982317
2025-12-10,28366.0,28253.0,113.0,81190.0,28259.0,28280.0,28396.0,28259.0,28259.0,28259.0,28259.0,28309.5,28346.0,0.7711889360651222,0.6647058823529411,2025,-0.0003674466659977
2025-12-11,28610.0,28369.0,241.0,102874.0,28381.0,28609.0,28103.0,28381.0,28381.0,28381.0,28381.0,,,0.9771559380313263,1.4176470588235295,2025,0.0128829937158443
2025-12-12,28342.0,28245.0,97.0,79882.0,28312.0,28282.0,28293.0,28312.0,28293.5,28265.0,28312.0,28312.0,,0.768214340667795,0.5705882352941176,2025,-0.0075005122203043
2025-12-15,27936.0,27754.0,182.0,87886.0,27928.0,27822.0,27908.0,27928.0,,,27928.0,27928.0,27928.0,0.8667856755397315,1.0705882352941176,2025,-0.0509898157992735
2025-12-16,27683.0,27466.0,217.0,106888.0,27482.0,27600.0,27627.0,27482.0,27482.0,27482.0,27482.0,,,1.0782608695652174,1.276470588235294,2025,-0.0061362864093198
2025-12-17,27820.0,27699.0,121.0,27920.0,27797.0,27714.0,27689.0,27797.0,27759.5,,27797.0,27797.0,27800.0,0.2816503581156058,0.711764705882353,2025,-0.0045734084266874
2025-12-18,27680.0,27466.0,214.0,110356.0,27618.0,27493.0,27587.0,27618.0,27573.0,27486.0,27618.0,27618.0,27660.0,1.113245233531726,1.312883435582822,2025,-0.0378145101488263
2025-12-19,27912.0,27797.0,115.0,75842.0,27893.0,27802.0,27897.0,27893.0,27854.5,27817.0,27893.0,27893.0,27893.0,0.7650761626147483,0.7055214723926381,2025,0.0251399860499363
2025-12-22,28303.0,28170.0,133.0,80454.0,28197.0,28265.0,28339.0,28197.0,28197.0,,28197.0,28236.5,28283.0,0.8610231164383562,0.8636363636363636,2025,0.0297568487811843
2025-12-23,28444.0,28358.0,86.0,64642.0,28443.0,28387.0,28417.0,28443.0,28401.0,28378.0,28443.0,28443.0,28443.0,0.7328277159926991,0.5910652920962199,2025,0.0109934110276503
2025-12-24,28588.0,28466.0,122.0,55128.0,28469.0,28575.0,28471.0,28469.0,28469.0,28469.0,28469.0,,,0.6431696475447132,0.8872727272727273,2025,0.0054537286738496
2025-12-26,28679.0,28537.0,142.0,74578.0,28586.0,28583.0,28673.0,28586.0,28586.0,,28586.0,28608.0,28659.0,0.9054574151642081,1.0881226053639848,2025,0.0027600932001212
2025-12-29,28928.0,28710.0,218.0,89348.0,28896.0,28743.0,28947.0,28896.0,,,28896.0,28896.0,28908.0,1.1054910791616144,1.6704980842911878,2025,0.0004538911799367
2025-12-30,28846.0,28705.0,141.0,70378.0,28819.0,28796.0,28881.0,28819.0,28775.5,,28819.0,28819.0,28826.0,0.8707777585310931,1.0254545454545454,2025,-0.0040748428056894
2025-12-31,28950.0,28782.0,168.0,82012.0,28904.0,28838.0,29017.0,28904.0,28866.0,,28904.0,28904.0,28930.0,1.0230016964374813,1.2262773722627738,2025,-0.0012774665762085
2026-01-02,29217.0,29025.0,192.0,87574.0,29210.0,29051.0,29476.0,29210.0,,,29210.0,29210.0,29210.0,1.0923809999002096,1.4014598540145986,2026,-0.0119917423386478
2026-01-05,30278.0,29850.0,428.0,156430.0,30183.0,29889.0,30310.0,30183.0,,,30183.0,30183.0,30258.0,1.9354878622157334,3.0247349823321557,2026,0.0401432699950445
2026-01-06,30388.0,30183.0,205.0,83582.0,30379.0,30285.0,30614.0,30379.0,,,30379.0,30379.0,30379.0,1.0341491178144564,1.3621262458471761,2026,0.0107200979440702
2026-01-07,30642.0,30450.0,192.0,97360.0,30496.0,30606.0,30521.0,30496.0,30496.0,30470.0,30496.0,30546.0,30622.0,1.204622503773725,1.2757475083056478,2026,0.0274600648631226
2026-01-08,30652.0,30349.0,303.0,110696.0,30575.0,30377.0,30458.0,30575.0,30500.5,,30575.0,30575.0,30632.0,1.3565520030391784,1.9548387096774194,2026,-0.0099412751129601
2026-01-09,30465.0,30006.0,459.0,146662.0,30261.0,30446.0,30456.0,30261.0,,,30261.0,30261.0,30445.0,1.771344372380642,2.6228571428571428,2026,-0.0183197863461682
2026-01-12,30754.0,30600.0,154.0,97360.0,30626.0,30726.0,30703.0,30626.0,30626.0,30620.0,30626.0,30677.0,30734.0,1.1376755708242772,0.8235294117647058,2026,0.0272562230201314
2026-01-13,31267.0,30710.0,557.0,163484.0,30799.0,31077.0,30873.0,30799.0,30799.0,30730.0,30799.0,,,1.9103507910911683,3.182857142857143,2026,0.0047206491088891
2026-01-14,31066.0,30936.0,130.0,77136.0,31031.0,30997.0,30983.0,31031.0,31001.0,30956.0,31031.0,31031.0,31046.0,0.8792431323378548,0.6951871657754011,2026,0.0095311433202516
2026-01-15,30942.0,30816.0,126.0,84666.0,30895.0,30836.0,31054.0,30895.0,30879.0,30836.0,30895.0,30895.0,,0.9893430554581785,0.7,2026,-0.0060041378473641
2026-01-16,31434.0,31158.0,276.0,112906.0,31256.0,31383.0,31478.0,31256.0,31256.0,,31256.0,31296.0,31414.0,1.3421377965859922,1.7142857142857142,2026,0.0176368926971084
2026-01-19,31472.0,31207.0,265.0,90576.0,31402.0,31262.0,31670.0,31402.0,,,31402.0,31402.0,31452.0,1.0517417556897353,1.4722222222222223,2026,0.0114975820754597
2026-01-20,31558.0,31328.0,230.0,104060.0,31546.0,31492.0,31669.0,31546.0,,,31546.0,31546.0,31546.0,1.2083139804923362,1.2777777777777777,2026,0.0114975820754597
2026-01-21,31802.0,31435.0,367.0,54032.0,31697.0,31438.0,31482.0,31697.0,31618.5,31455.0,31697.0,31697.0,,0.6108002396536327,1.9114583333333333,2026,-0.0168049842256172
2026-01-22,32000.0,31833.0,167.0,116908.0,31917.0,31878.0,31862.0,31917.0,31916.5,,31917.0,31917.0,31980.0,1.3215767400323306,0.8413098236775819,2026,0.0318031764686259
2026-01-23,32158.0,31870.0,288.0,131764.0,31991.0,31997.0,32150.0,31991.0,31991.0,,31991.0,32014.0,32138.0,1.4646628576510081,1.45088161209068,2026,0.001628933844147
2026-01-26,32218.0,32088.0,130.0,100046.0,32144.0,32142.0,32148.0,32144.0,32144.0,,32144.0,32153.0,32198.0,1.064681593734037,0.6146572104018913,2026,-0.0120717501927333
2026-01-27,32383.0,32207.0,176.0,95956.0,32378.0,32313.0,32506.0,32378.0,,,32378.0,32378.0,32378.0,0.9855792933442893,0.8321513002364066,2026,-0.0038816626936905
2026-01-28,32838.0,32666.0,172.0,108102.0,32729.0,32760.0,32925.0,32729.0,32729.0,,32729.0,32752.0,,1.1103327855382088,0.8664987405541562,2026,0.0239862546423381
2026-01-29,33016.0,32609.0,407.0,147362.0,32783.0,33016.0,32779.0,32783.0,32783.0,32629.0,32783.0,32812.5,,1.4929840025125882,2.0503778337531484,2026,0.0233529378429453
2026-01-30,32525.0,32154.0,371.0,125664.0,32193.0,32451.0,32252.0,32193.0,32193.0,32174.0,32193.0,32339.5,,1.2313601755950339,1.7057471264367816,2026,0.0016432439199973
2026-02-02,31963.0,31455.0,508.0,180046.0,31505.0,31900.0,31611.0,31505.0,31505.0,31475.0,31505.0,,,1.6972502144587627,2.0525252525252524,2026,-0.0386904940753978
2026-02-03,32444.0,32186.0,258.0,112536.0,32200.0,32357.0,32266.0,32200.0,32200.0,32200.0,32200.0,,,1.0608497280380087,1.0424242424242425,2026,0.0170057523501367
2026-02-04,32380.0,32034.0,346.0,118940.0,32384.0,32107.0,32417.0,32384.0,,,32384.0,32384.0,32384.0,1.0872128630060605,1.3231357552581262,2026,-0.0206724699397257
2026-02-05,32167.0,31950.0,217.0,109034.0,32038.0,31972.0,31910.0,32038.0,32038.0,31970.0,32038.0,32058.5,,0.9768671158256881,0.8022181146025879,2026,-0.0435796659189363
2026-02-06,31596.0,31222.0,374.0,173480.0,31592.0,31462.0,31803.0,31592.0,,,31592.0,31592.0,31592.0,1.5659159633524393,1.430210325047801,2026,-0.0005932412496915
2026-02-09,32849.0,32515.0,334.0,120020.0,32628.0,32849.0,32656.0,32628.0,32628.0,,32628.0,32682.0,,1.0833596606038725,1.277246653919694,2026,0.0569928453610413
2026-02-10,33149.0,32879.0,270.0,113334.0,33136.0,32905.0,33310.0,33136.0,,,33136.0,33136.0,33136.0,1.0054382058356472,0.9981515711645101,2026,0.0141589489875282
2026-02-11,33552.0,33271.0,281.0,90062.0,33508.0,33344.0,33697.0,33508.0,,,33508.0,33508.0,33532.0,0.798981556231758,1.050467289719626,2026,-0.0067931952887444
2026-02-23,34495.0,34088.0,407.0,71318.0,34340.0,34175.0,33964.0,34340.0,34291.5,34108.0,34340.0,34340.0,,0.632694883828213,1.4908424908424909,2026,0.0106590973046383
2026-02-24,34585.0,34100.0,485.0,126912.0,34543.0,34106.0,34835.0,34543.0,,,34543.0,34543.0,34565.0,1.125894908668305,1.7414721723518851,2026,-0.0056849409594186
2026-02-25,35383.0,35062.0,321.0,118872.0,35339.0,35250.0,35490.0,35339.0,,,35339.0,35339.0,35363.0,1.052570062425289,1.1282952548330405,2026,0.0144738027579121
2026-02-26,35649.0,35349.0,300.0,137736.0,35561.0,35532.0,35604.0,35561.0,,,35561.0,35561.0,35629.0,1.1964454791045942,0.9852216748768473,2026,0.0162127325577208
2026-03-02,35486.0,34708.0,778.0,177688.0,35359.0,34732.0,35236.0,35359.0,,,35359.0,35359.0,35466.0,1.5072355585715498,2.505636070853462,2026,-0.0120637871679073
2026-03-03,35320.0,34748.0,572.0,167970.0,34752.0,35005.0,34331.0,34752.0,34752.0,34752.0,34752.0,,,1.41262846281937,1.8421900161030595,2026,0.0048145491006215
2026-03-04,33666.0,32994.0,672.0,227620.0,33384.0,33456.0,32835.0,33384.0,33330.0,33014.0,33384.0,33384.0,,1.9050887177770337,2.051908396946565,2026,-0.0457740594001002
2026-03-05,34293.0,33655.0,638.0,186360.0,33705.0,33900.0,33641.0,33705.0,33705.0,33675.0,33705.0,,,1.5597589554737195,1.8764705882352941,2026,0.0192662346359504
2026-03-06,33745.0,33294.0,451.0,157326.0,33613.0,33364.0,33705.0,33613.0,33519.5,,33613.0,33613.0,33725.0,1.2807183210953907,1.2580195258019526,2026,-0.0117152358714658
2026-03-09,31892.0,31126.0,766.0,241196.0,31431.0,31731.0,31798.0,31431.0,31431.0,,31431.0,31509.0,31872.0,1.9098885088052704,2.0563758389261744,2026,-0.0392520353475432
2026-03-10,33330.0,32913.0,417.0,140328.0,33219.0,33268.0,32703.0,33219.0,33121.5,32933.0,33219.0,33219.0,,1.0604878933526798,1.0678617157490398,2026,0.0393440092405059
2026-03-11,33708.0,33276.0,432.0,129378.0,33684.0,33329.0,33986.0,33684.0,,,33684.0,33684.0,33688.0,0.9777364650403555,1.1062740076824584,2026,0.0070060432244187
2026-03-12,33937.0,33460.0,477.0,124066.0,33700.0,33668.0,33524.0,33700.0,33698.5,33480.0,33700.0,33700.0,,0.928936708671204,1.1577669902912622,2026,0.0062872530870476
2026-03-13,33322.0,32650.0,672.0,156350.0,33316.0,32654.0,33314.0,33316.0,,,33316.0,33316.0,33316.0,1.220102227944906,1.6310679611650485,2026,-0.0342911870133184
2026-03-16,33725.0,33072.0,653.0,169974.0,33416.0,33413.0,33253.0,33416.0,33398.5,,33416.0,33416.0,,1.2726700959141042,1.5382803297997645,2026,0.0004540001072854
2026-03-17,34016.0,33592.0,424.0,118094.0,33935.0,33626.0,33803.0,33935.0,33804.0,,33935.0,33935.0,,0.8494015766154555,0.9603624009060022,2026,0.0195641484364372
2026-03-18,34580.0,34310.0,270.0,45448.0,34484.0,34344.0,34555.0,34484.0,34445.0,34330.0,34484.0,34484.0,34560.0,0.3268887738074688,0.6115515288788222,2026,0.0052063558843751
2026-03-19,34055.0,33763.0,292.0,114558.0,33997.0,33892.0,33550.0,33997.0,33909.0,,33997.0,33997.0,34035.0,0.8577461308654731,0.6613816534541337,2026,-0.005321029038527
2026-03-20,33888.0,33393.0,495.0,150436.0,33606.0,33794.0,33571.0,33606.0,33606.0,,33606.0,33640.5,,1.1263804967167577,1.1211778029445074,2026,0.0087452037361788
2026-03-23,32825.0,32213.0,612.0,151304.0,32754.0,32530.0,32529.0,32754.0,32519.0,,32754.0,32754.0,32805.0,1.0882674492203235,1.3189655172413792,2026,-0.0245049788256839
2026-03-24,33395.0,32520.0,875.0,163382.0,32668.0,33300.0,32782.0,32668.0,32668.0,32540.0,32668.0,,,1.1238117511108665,1.819126819126819,2026,0.0133652995003006
2026-03-25,33877.0,33568.0,309.0,123990.0,33739.0,33790.0,33629.0,33739.0,33722.5,33588.0,33739.0,33739.0,,0.8218333664744482,0.6306122448979592,2026,0.0128107982241387
2026-03-26,34025.0,33717.0,308.0,109508.0,33947.0,33845.0,33454.0,33947.0,33871.0,33737.0,33947.0,33947.0,,0.7258434413733678,0.6337448559670782,2026,0.0120720819133437
2026-03-27,33028.0,32663.0,365.0,109464.0,32914.0,32765.0,33130.0,32914.0,32845.5,,32914.0,32914.0,33008.0,0.7255517995625372,0.7510288065843621,2026,-0.0479282105989771
2026-03-30,32520.0,32018.0,502.0,127556.0,32439.0,32030.0,32479.0,32439.0,32269.0,,32439.0,32439.0,32500.0,0.8454696095976668,1.0329218106995885,2026,-0.0168998414156846
2026-03-31,32449.0,31970.0,479.0,156954.0,32345.0,32000.0,31972.0,32345.0,32209.5,31990.0,32345.0,32345.0,,1.0795971991030526,0.98559670781893,2026,-0.0422839841398184
2026-04-01,33235.0,32908.0,327.0,122954.0,33210.0,33034.0,33399.0,33210.0,,,33210.0,33210.0,33215.0,0.8457305581158603,0.6841004184100419,2026,0.0624264070688416
2026-04-02,33690.0,32857.0,833.0,195706.0,32929.0,33690.0,32497.0,32929.0,32929.0,32877.0,32929.0,,,1.451254328787643,1.7952586206896552,2026,0.0282161777496641
2026-04-07,33376.0,32963.0,413.0,127376.0,33007.0,33174.0,33182.0,33007.0,33007.0,32983.0,33007.0,33169.5,,0.9445544407614217,0.8900862068965517,2026,0.0105599236090632
2026-04-08,34883.0,34473.0,410.0,136212.0,34885.0,34664.0,34996.0,34885.0,,,34885.0,34885.0,34885.0,1.0602878560252829,0.9020902090209021,2026,0.0110862532228581
2026-04-09,35099.0,34775.0,324.0,107750.0,34933.0,35093.0,34930.0,34933.0,34933.0,34795.0,34933.0,34937.0,,0.8387367962200409,0.7570093457943925,2026,0.0633506041452447
2026-04-10,35535.0,35215.0,320.0,97430.0,35464.0,35247.0,35573.0,35464.0,35375.0,,35464.0,35464.0,,0.7643606922630348,0.7476635514018691,2026,0.0209859803640499
2026-04-13,35616.0,35205.0,411.0,88030.0,35590.0,35281.0,35450.0,35590.0,35410.5,,35590.0,35590.0,35596.0,0.7002012392519945,0.982078853046595,2026,0.0230507288656578
2026-04-14,36277.0,35988.0,289.0,100814.0,36040.0,36068.0,36374.0,36040.0,36040.0,36008.0,36040.0,36132.5,36257.0,0.8021291662356882,0.7014563106796117,2026,0.0168383422405153
2026-04-15,37342.0,36905.0,437.0,38770.0,37334.0,36996.0,36964.0,37334.0,37123.5,,37334.0,37334.0,37334.0,0.3139983154075418,1.0645554202192449,2026,0.0204214383064587
2026-04-16,37415.0,37102.0,313.0,98148.0,37247.0,37306.0,37643.0,37247.0,37247.0,37122.0,37247.0,37258.5,,0.8143440310643524,0.7624847746650426,2026,0.001644601327823
2026-04-17,37355.0,37144.0,211.0,93638.0,37288.0,37150.0,37083.0,37288.0,37249.5,37164.0,37288.0,37288.0,37335.0,0.7884906867863518,0.5445161290322581,2026,0.0097475022431376
2026-04-20,37689.0,37250.0,439.0,102146.0,37634.0,37337.0,37251.0,37634.0,,,37634.0,37634.0,37669.0,0.860133382734346,1.1329032258064515,2026,0.0242814343978947
2026-04-21,38072.0,37649.0,423.0,129106.0,37801.0,37710.0,38047.0,37801.0,37801.0,,37801.0,37860.5,38052.0,1.1107707926456798,1.0304506699147382,2026,0.0045343809256708
2026-04-22,38274.0,37923.0,351.0,109540.0,38196.0,38130.0,38216.0,38196.0,,,38196.0,38196.0,38254.0,0.942433602051088,0.8550548112058465,2026,0.0050004114921957
2026-04-23,39085.0,38459.0,626.0,177178.0,38524.0,38709.0,37886.0,38524.0,38524.0,38479.0,38524.0,,,1.61770936050546,1.615483870967742,2026,0.0271643304126272
2026-04-24,39077.0,38268.0,809.0,146088.0,39063.0,38288.0,39218.0,39063.0,38672.5,,39063.0,39063.0,39063.0,1.333844636791936,2.087741935483871,2026,0.0170850123167498
2026-04-27,40449.0,39900.0,549.0,174646.0,40157.0,39978.0,39885.0,40157.0,40157.0,,40157.0,40174.5,,1.594591139841496,1.3373934226552984,2026,0.0431698147653882
2026-04-28,40346.0,39791.0,555.0,126046.0,39996.0,39791.0,39739.0,39996.0,39996.0,,39996.0,40068.5,,1.0842946484640463,1.3470873786407767,2026,-0.0100459782796855
2026-04-29,39787.0,39120.0,667.0,125716.0,39475.0,39691.0,39486.0,39475.0,39453.5,,39475.0,39475.0,,1.0097670682730924,1.5956937799043063,2026,-0.0357857963651178
2026-04-30,39937.0,39458.0,479.0,143056.0,39816.0,39648.0,39360.0,39816.0,39697.5,39478.0,39816.0,39816.0,,1.1505690272248361,1.145933014354067,2026,0.023488428172562
2026-05-04,40660.0,40164.0,496.0,132376.0,40641.0,40423.0,41042.0,40641.0,,,40641.0,40641.0,40641.0,1.064672055334379,1.186602870813397,2026,0.008724544684254
2026-05-05,41091.0,40802.0,289.0,98120.0,40845.0,40943.0,41036.0,40845.0,40845.0,40822.0,40845.0,40946.5,,0.7794663213670053,0.672093023255814,2026,-0.0057270460409953
2026-05-06,42002.0,41233.0,769.0,170364.0,41390.0,41671.0,41511.0,41390.0,41390.0,41253.0,41390.0,,,1.4483286292379365,1.8397129186602872,2026,0.0423288459238362
2026-05-07,42444.0,42002.0,442.0,134062.0,42343.0,42331.0,42355.0,42343.0,,,42343.0,42343.0,42424.0,1.139711633284592,1.027906976744186,2026,0.0448218582260682
2026-05-08,42342.0,42052.0,290.0,99988.0,42188.0,42064.0,41936.0,42188.0,42188.0,42072.0,42188.0,42197.0,,0.8500357057843371,0.6621004566210046,2026,-0.0271739556775838
2026-05-11,42255.0,41803.0,452.0,112774.0,42105.0,42216.0,41953.0,42105.0,42029.0,,42105.0,42105.0,,0.9587343149590234,1.0319634703196348,2026,0.05505873582899
2026-05-12,42365.0,41605.0,760.0,146986.0,41812.0,42240.0,41699.0,41812.0,41812.0,,41812.0,41985.0,,1.2326386850601703,1.7253121452894438,2026,0.0259470935416756
2026-05-13,41539.0,40980.0,559.0,137290.0,41472.0,41213.0,41483.0,41472.0,41259.5,,41472.0,41472.0,41519.0,1.090633217085978,1.250559284116331,2026,-0.0301116460172303
2026-05-14,42239.0,41650.0,589.0,137246.0,41689.0,41930.0,41620.0,41689.0,41689.0,41670.0,41689.0,,,1.0757979557283501,1.2653061224489797,2026,0.0256647031814605
2026-05-15,42453.0,41642.0,811.0,155652.0,41674.0,42291.0,41001.0,41674.0,41674.0,41662.0,41674.0,,,1.190537015932263,1.6635897435897435,2026,0.0046430431736448
2026-05-18,40680.0,40148.0,532.0,136124.0,40603.0,40170.0,40803.0,40603.0,,,40603.0,40603.0,40660.0,1.0218061988154843,1.018181818181818,2026,-0.0401961937355163
2026-05-19,40934.0,40578.0,356.0,101182.0,40571.0,40863.0,40243.0,40571.0,40571.0,40571.0,40571.0,,,0.7489803320675387,0.6586493987049029,2026,-0.0246745469199529
2026-05-20,40470.0,40116.0,354.0,43702.0,40427.0,40238.0,40121.0,40427.0,40293.0,40136.0,40427.0,40427.0,40450.0,0.32349566594864276,0.6549491211840888,2026,0.0002636580160884
2026-05-21,41486.0,40934.0,552.0,109138.0,41498.0,40935.0,41487.0,41498.0,,,41498.0,41498.0,41498.0,0.8078730948309683,1.0212765957446808,2026,0.0449153067091239
2026-05-22,42250.0,41791.0,459.0,120178.0,42091.0,42192.0,42440.0,42091.0,42020.5,,42091.0,42091.0,,0.8895945755886685,0.8337874659400545,2026,0.0127644373413333
2026-05-25,44039.0,43001.0,1038.0,142188.0,43973.0,43183.0,43880.0,43973.0,,,43973.0,43973.0,44019.0,1.0673252313859134,1.9204440333024977,2026,0.0199313277744717
2026-05-26,44271.0,43622.0,649.0,152612.0,43839.0,44256.0,43895.0,43839.0,43839.0,,43839.0,43946.5,,1.145572328271493,1.2007400555041627,2026,0.0199313277744717
2026-05-27,45147.0,44418.0,729.0,151486.0,44678.0,44440.0,44794.0,44678.0,44678.0,,44678.0,44782.5,45127.0,1.1371200804690023,1.345018450184502,2026,0.0552647235739443
2026-05-28,45333.0,44852.0,481.0,118312.0,45335.0,45188.0,43846.0,45335.0,45092.5,44872.0,45335.0,45335.0,45335.0,0.8757818687866877,0.8874538745387454,2026,-0.0135684725605754
2026-05-29,45150.0,44654.0,496.0,136010.0,45071.0,44660.0,45292.0,45071.0,,,45071.0,45071.0,45130.0,1.006787916472356,0.9649805447470817,2026,0.0099943395587689
2026-06-01,46163.0,45405.0,758.0,148620.0,46140.0,45457.0,46052.0,46140.0,45784.0,,46140.0,46140.0,46143.0,1.1005953967830802,1.4747081712062258,2026,1.870741140863608e-05
2026-06-02,46225.0,45581.0,644.0,185196.0,45675.0,46137.0,46110.0,45675.0,45675.0,45601.0,45675.0,45903.0,,1.361064769562054,1.188191881918819,2026,0.0106217135980071
2026-06-03,46995.0,46555.0,440.0,131306.0,46880.0,46792.0,46863.0,46880.0,46775.0,,46880.0,46880.0,,0.960646742510151,0.7920792079207921,2026,0.0586642397411623
2026-06-04,46580.0,46215.0,365.0,123838.0,46303.0,46475.0,46303.0,46303.0,46303.0,46235.0,46303.0,46397.5,46560.0,0.910125158929057,0.6734317343173432,2026,0.0138923392880949
2026-06-05,45727.0,44659.0,1068.0,221140.0,45444.0,45671.0,45202.0,45444.0,45193.0,,45444.0,45444.0,45707.0,1.6252287476022842,1.970479704797048,2026,-0.021517630287074
2026-06-08,43352.0,42200.0,1152.0,211228.0,43223.0,42318.0,43060.0,43223.0,,,43223.0,43223.0,43332.0,1.5453634268573728,2.073807380738074,2026,-0.1025694877914448
2026-06-09,44244.0,43548.0,696.0,144550.0,44214.0,43665.0,44672.0,44214.0,,,44214.0,44214.0,44224.0,1.0530495089897136,1.2125435540069687,2026,0.0561282604355213
2026-06-10,44482.0,43715.0,767.0,143822.0,43979.0,43838.0,43429.0,43979.0,43979.0,43735.0,43979.0,44098.5,,1.0477460150945594,1.3362369337979094,2026,-0.0192830229904027
2026-06-11,43513.0,42609.0,904.0,167980.0,42758.0,42610.0,43241.0,42758.0,42758.0,42629.0,42758.0,43061.0,,1.2022874811225548,1.4663422546634226,2026,-0.0356578270648714
2026-06-12,44939.0,44044.0,895.0,150610.0,44345.0,44938.0,44199.0,44345.0,44345.0,,44345.0,,,1.0531799587427013,1.3843774168600154,2026,0.0790548611145247
2026-06-15,45904.0,45322.0,582.0,128708.0,45653.0,45709.0,45594.0,45653.0,45613.0,,45653.0,45653.0,,0.9000244746687178,0.9002320185614849,2026,0.0151866462588752
2026-06-16,46176.0,45461.0,715.0,117058.0,45725.0,46150.0,45762.0,45725.0,45725.0,,45725.0,45818.5,,0.8185587916506416,1.105955143078113,2026,0.0544554936742185
2026-06-17,45707.0,45266.0,441.0,39678.0,45687.0,45400.0,46039.0,45687.0,45486.5,45286.0,45687.0,45687.0,45687.0,0.2774588301108353,0.6557620817843867,2026,-0.0571221068369219
2026-06-18,46566.0,46303.0,263.0,109680.0,46383.0,46480.0,46768.0,46383.0,46383.0,46323.0,46383.0,46434.5,46546.0,0.7669661899933569,0.39107806691449815,2026,0.0137540976454428
2026-06-22,48199.0,47369.0,830.0,121722.0,48084.0,47439.0,48445.0,48084.0,,,48084.0,48084.0,48179.0,0.8511730359078354,1.2342007434944238,2026,0.0641615722111705
2026-06-23,48866.0,47960.0,906.0,140116.0,48177.0,48800.0,47440.0,48177.0,48177.0,47980.0,48177.0,,,0.9797979091640152,1.2841956059532247,2026,0.020425637542899
2026-06-24,47060.0,46306.0,754.0,139904.0,46687.0,46820.0,46382.0,46687.0,46683.0,46326.0,46687.0,46687.0,,0.9854545710683318,1.0687455705173636,2026,-0.0787312637344616
2026-06-25,47000.0,46473.0,527.0,134744.0,46580.0,46988.0,46548.0,46580.0,46580.0,46493.0,46580.0,,,0.9623884008285123,0.7299168975069252,2026,-0.0018030767268112
2026-06-26,45929.0,45164.0,765.0,140404.0,45397.0,45640.0,44411.0,45397.0,45397.0,45184.0,45397.0,,,1.017737410932392,1.0843373493975903,2026,0.0358643800805456
2026-06-29,45640.0,44369.0,1271.0,162496.0,45409.0,44790.0,45558.0,45409.0,,,45409.0,45409.0,,1.1606028140847082,1.730428863172226,2026,-0.0528876605262083
2026-06-30,46648.0,45908.0,740.0,135532.0,46571.0,46069.0,46770.0,46571.0,46278.0,,46571.0,46571.0,46628.0,0.9662911735348638,0.9788359788359788,2026,0.0383297850505583
2026-07-01,47693.0,46906.0,787.0,147226.0,47079.0,47528.0,47230.0,47079.0,47079.0,46926.0,47079.0,47299.5,,1.0515391757731591,1.0535475234270415,2026,0.0391913439137074
2026-07-02,46793.0,45832.0,961.0,130972.0,46746.0,46271.0,46613.0,46746.0,,,46746.0,46746.0,46773.0,0.9354474680379973,1.2653061224489797,2026,-0.0627277678887284
2026-07-03,46492.0,45606.0,886.0,123594.0,46369.0,45711.0,46985.0,46369.0,,,46369.0,46369.0,46472.0,0.8827512320548532,1.156657963446475,2026,-0.0544480457235976
2026-07-06,47555.0,47110.0,445.0,123202.0,47200.0,47290.0,46875.0,47200.0,47200.0,47130.0,47200.0,47332.5,,0.8799514320405686,0.5727155727155727,2026,-0.0544480457235976
2026-07-07,47188.0,46581.0,607.0,144410.0,46957.0,47023.0,45759.0,46957.0,46884.5,46601.0,46957.0,46957.0,,1.0485920504218766,0.7924281984334204,2026,0.0216945372407577
2026-07-08,45962.0,45274.0,688.0,142246.0,45490.0,45600.0,45546.0,45490.0,45490.0,45294.0,45490.0,45618.0,45942.0,1.0328787812776834,0.9058591178406846,2026,-0.0464816660904454
2026-07-09,46160.0,45611.0,549.0,119786.0,45674.0,46016.0,45681.0,45674.0,45674.0,45631.0,45674.0,45885.5,,0.8697918935796337,0.7228439763001975,2026,0.0223120648557946
2026-07-13,46360.0,45588.0,772.0,139504.0,45797.0,46300.0,45598.0,45797.0,45797.0,45608.0,45797.0,45974.0,,1.0323077150764404,1.033467202141901,2026,0.0005524691358025
2026-07-14,45465.0,44431.0,1034.0,147172.0,44534.0,45184.0,44800.0,44534.0,44534.0,44451.0,44534.0,,,1.0890497121461025,1.3842034805890227,2026,-0.0477652778249053
2026-07-15,45937.0,45410.0,527.0,51256.0,45888.0,45600.0,46066.0,45888.0,,,45888.0,45888.0,45917.0,0.37928635912918646,0.7054886211512718,2026,0.0254418203110193
2026-07-16,45637.0,45190.0,447.0,133686.0,45377.0,45561.0,45715.0,45377.0,45377.0,,45377.0,45413.5,45617.0,0.9892554277849309,0.5983935742971888,2026,-0.020774084203593
2026-07-17,44513.0,43926.0,587.0,140698.0,44067.0,44260.0,42697.0,44067.0,44067.0,43946.0,44067.0,,,1.0411431277656913,0.785809906291834,2026,-0.0428578687285716
2026-07-20,43499.0,42450.0,1049.0,177374.0,42926.0,43450.0,42648.0,42926.0,42926.0,,42926.0,42974.5,,1.2898238776014777,1.4042838018741632,2026,-0.0163143037708026
2026-07-21,43983.0,43197.0,786.0,124404.0,43836.0,43263.0,44379.0,43836.0,,,43836.0,43836.0,43963.0,0.8904827349252705,1.0348913759052007,2026,0.0059928609914947
2026-07-22,45365.0,44819.0,546.0,133346.0,44937.0,45039.0,44627.0,44937.0,44937.0,44839.0,44937.0,45092.0,,0.9544894920689457,0.7188940092165899,2026,0.0521387790205085
2026-07-23,45358.0,44836.0,522.0,104066.0,44854.0,45350.0,44935.0,44854.0,44854.0,44854.0,44854.0,,,0.7567445716197152,0.6987951807228916,2026,0.0044115647579829
2026-07-24,44500.0,44014.0,486.0,108690.0,44215.0,44259.0,43894.0,44215.0,44215.0,44034.0,44215.0,,,0.8042889490742796,0.680672268907563,2026,-0.0053848825244728
2026-07-27,44086.0,43177.0,909.0,145242.0,43700.0,43855.0,43906.0,43700.0,43631.5,,43700.0,43700.0,,1.0789917464656895,1.273109243697479,2026,-0.042528094985029
2026-07-28,42640.0,41950.0,690.0,131792.0,42065.0,42555.0,41608.0,42065.0,42065.0,41970.0,42065.0,,,0.9790727217348023,0.9663865546218487,2026,-0.022337141928846
2026-07-29,42072.0,40591.0,1481.0,191896.0,40586.0,41964.0,40387.0,40586.0,40586.0,40586.0,40586.0,,,1.4372509661763384,2.1494920174165455,2026,-0.0449333961062338
2026-07-30,41263.0,39704.0,1559.0,176374.0,40872.0,40066.0,40277.0,40872.0,40483.5,,40872.0,40872.0,,1.3209952365259594,2.2626995645863572,2026,-0.053298935815464
2026-07-31,43510.0,42286.0,1224.0,161490.0,43403.0,42298.0,43679.0,43403.0,,,43403.0,43403.0,43490.0,1.2095179603942599,1.776487663280116,2026,0.0818856969473049
2026-08-03,43550.0,42983.0,567.0,120474.0,43552.0,43185.0,43231.0,43552.0,,,43552.0,43552.0,43552.0,0.881979574655002,0.8229317851959361,2026,0.0007157398175172
2026-08-04,43792.0,42552.0,1240.0,153170.0,43731.0,42700.0,43361.0,43731.0,43172.0,,43731.0,43731.0,,1.1213441194772868,1.915057915057915,2026,0.0105445280203129
2026-08-05,44851.0,44217.0,634.0,123578.0,44784.0,44700.0,44526.0,44784.0,,,44784.0,44784.0,44831.0,0.8820636540781294,0.9201741654571843,2026,0.0655194285389335
2026-08-06,44330.0,43847.0,483.0,116694.0,43960.0,44142.0,44274.0,43960.0,43960.0,,43960.0,44088.5,44310.0,0.8543065265932135,0.7010159651669086,2026,-0.0139893556751395
2026-08-07,44747.0,44110.0,637.0,124092.0,44231.0,44600.0,44348.0,44231.0,44231.0,,44231.0,44428.5,,0.9294166991222026,0.9622356495468278,2026,0.0033150468653198
2026-08-10,45206.0,44669.0,537.0,109558.0,45171.0,45000.0,45000.0,45171.0,44937.5,,45171.0,45171.0,45186.0,0.820560831660625,0.8093443858327054,2026,0.0255712446747322
2026-08-11,44994.0,44570.0,424.0,114268.0,44715.0,44850.0,45092.0,44715.0,44715.0,,44715.0,44782.0,44974.0,0.8619511348807036,0.6671911880409127,2026,-0.0293708964868708
2026-08-12,45514.0,45154.0,360.0,86902.0,45403.0,45380.0,45524.0,45403.0,45334.0,,45403.0,45403.0,45494.0,0.6784024731065278,0.5896805896805897,2026,0.0087219627376007
2026-08-13,46250.0,46041.0,209.0,79868.0,46148.0,46154.0,46005.0,46148.0,46145.5,46061.0,46148.0,46148.0,,0.6234913894049868,0.34234234234234234,2026,0.0248717399803446
2026-08-14,46503.0,46018.0,485.0,88654.0,46096.0,46503.0,45834.0,46096.0,46096.0,46038.0,46096.0,,,0.7135245637756744,0.7944307944307945,2026,0.0045663573501255
2026-08-17,46107.0,45739.0,368.0,85526.0,45899.0,45812.0,45878.0,45899.0,45899.0,,45899.0,45923.0,,0.6906448096257116,0.6128226477935054,2026,-0.0031270070648683
2026-08-18,45974.0,45456.0,518.0,93168.0,45573.0,45971.0,45079.0,45573.0,45573.0,45476.0,45573.0,,,0.7635094160260928,0.9308176100628931,2026,0.0164249962752829
2026-08-19,44865.0,44292.0,573.0,42086.0,44795.0,44350.0,44521.0,44795.0,44578.5,,44795.0,44795.0,44845.0,0.3549045402415166,1.0581717451523547,2026,-0.0498011251089455
2026-08-20,45122.0,44595.0,527.0,103378.0,44671.0,44959.0,44875.0,44671.0,44671.0,44615.0,44671.0,,,0.8951948805431197,0.9547101449275363,2026,-0.0211991534680957
