date,o0900,p10,c1330,hi_am,lo_am,m_drift,pm_drift,full,sox,yr,pnl
2005-01-04,6143.12,6085.98,6060.46,6143.12,6088.77,-57.14000000000033,-25.519999999999527,-82.65999999999985,-0.020885740001384767,2005,-57.14000000000033
2005-01-05,6060.46,6021.15,5988.37,6060.46,5998.28,-39.3100000000004,-32.779999999999745,-72.09000000000015,-0.03276292839296657,2005,-39.3100000000004
2005-01-06,5988.37,5991.66,5982.12,6002.2,5971.58,3.2899999999999636,-9.539999999999964,-6.25,-0.014889365435227675,2005,6.25
2005-01-07,5982.12,5940.33,5935.99,6007.34,5947.3,-41.789999999999964,-4.3400000000001455,-46.13000000000011,-0.005219542362399521,2005,-46.13000000000011
2005-01-10,5935.99,5952.96,5942.85,5962.64,5929.11,16.970000000000255,-10.109999999999673,6.860000000000582,0.01347789327100024,2005,6.860000000000582
2005-01-11,5942.85,5944.92,5975.66,5963.98,5942.14,2.069999999999709,30.73999999999978,32.80999999999949,-0.0032142506624791567,2005,32.80999999999949
2005-01-12,5975.66,5952.56,5879.08,5978.41,5950.77,-23.099999999999454,-73.48000000000047,-96.57999999999993,-0.024763076923076888,2005,-23.099999999999454
2005-01-13,5879.08,5906.13,5853.94,5921.93,5879.08,27.050000000000182,-52.19000000000051,-25.140000000000327,0.014235594033165766,2005,-25.140000000000327
2005-01-14,5853.94,5853.76,5889.52,5865.94,5813.15,-0.17999999999938154,35.76000000000022,35.58000000000084,-0.014085558569544299,2005,-35.58000000000084
2005-01-17,5889.52,5943.84,5945.27,5960.54,5889.52,54.31999999999971,1.430000000000291,55.75,0.017593457354166064,2005,55.75
2005-01-18,5945.27,5942.37,5933.57,5964.08,5939.79,-2.9000000000005457,-8.800000000000182,-11.700000000000728,0.017593457354166064,2005,-11.700000000000728
2005-01-20,5895.35,5886.54,5888.1,5895.35,5835.68,-8.8100000000004,1.5600000000004002,-7.25,-0.02130119296519495,2005,-8.8100000000004
2005-01-21,5888.1,5862.44,5848.91,5898.86,5851.15,-25.660000000000764,-13.529999999999745,-39.19000000000051,-0.007740832893513239,2005,-39.19000000000051
2005-01-24,5848.91,5840.51,5771.48,5862.62,5822.06,-8.399999999999636,-69.03000000000065,-77.43000000000029,-0.013044249132494024,2005,77.43000000000029
2005-01-25,5771.48,5785.47,5782.75,5796.18,5759.21,13.990000000000691,-2.7200000000002547,11.270000000000437,-0.0169891700456809,2005,-11.270000000000437
2005-01-26,5782.75,5825.72,5835.37,5835.3,5782.75,42.970000000000255,9.649999999999636,52.61999999999989,0.01783103592314106,2005,52.61999999999989
2005-01-27,5835.37,5821.58,5842.76,5855.58,5821.3,-13.789999999999964,21.18000000000029,7.390000000000327,0.02613691743401647,2005,-21.18000000000029
2005-01-31,5879.93,5944.29,5994.23,5944.47,5879.93,64.35999999999967,49.9399999999996,114.29999999999927,-0.010429311070924374,2005,-114.29999999999927
2005-02-01,5994.23,5989.92,5981.54,6015.78,5979.92,-4.309999999999491,-8.38000000000011,-12.6899999999996,0.011265208030841745,2005,-12.6899999999996
2005-02-02,5981.54,6059.16,6018.69,6061.25,5981.54,77.61999999999989,-40.470000000000255,37.149999999999636,0.011139716803644006,2005,37.149999999999636
2005-02-03,6018.69,6022.51,6034.6,6034.04,6006.23,3.8200000000006185,12.090000000000146,15.910000000000764,-0.006438818978602545,2005,15.910000000000764
2005-02-14,6034.6,6116.66,6112.4,6148.95,6034.6,82.05999999999949,-4.260000000000218,77.79999999999927,0.03581791371355192,2005,4.260000000000218
2005-02-17,6143.49,6115.27,6072.16,6143.49,6097.2,-28.219999999999345,-43.11000000000058,-71.32999999999993,-0.008446407431017322,2005,-71.32999999999993
2005-02-18,6072.16,6104.89,6115.43,6102.25,6062.96,32.73000000000047,10.539999999999964,43.27000000000044,-0.01320230523729704,2005,-43.27000000000044
2005-02-21,6115.43,6146.64,6142.78,6169.42,6115.43,31.210000000000036,-3.860000000000582,27.349999999999454,-0.004769882265344916,2005,27.349999999999454
2005-02-22,6142.78,6120.25,6107.17,6161.0,6115.63,-22.529999999999745,-13.079999999999927,-35.60999999999967,-0.004769882265344916,2005,-35.60999999999967
2005-02-23,6107.17,6061.92,6121.52,6107.17,6061.14,-45.25,59.600000000000364,14.350000000000364,-0.004535571505388858,2005,14.350000000000364
2005-02-24,6121.52,6143.4,6128.34,6152.09,6109.9,21.8799999999992,-15.05999999999949,6.819999999999709,-0.004156978792362542,2005,6.819999999999709
2005-02-25,6128.34,6196.19,6207.83,6223.16,6128.34,67.84999999999945,11.640000000000327,79.48999999999978,0.023890382529125898,2005,-11.640000000000327
2005-03-01,6207.83,6222.32,6259.69,6231.29,6207.78,14.489999999999782,37.36999999999989,51.85999999999967,-0.01458192472391251,2005,-51.85999999999967
2005-03-02,6259.69,6265.72,6225.25,6267.52,6240.87,6.030000000000655,-40.470000000000255,-34.4399999999996,0.022459575052032,2005,40.470000000000255
2005-03-03,6225.25,6187.27,6202.38,6225.25,6164.15,-37.97999999999956,15.109999999999673,-22.86999999999989,-0.015747679230511125,2005,22.86999999999989
2005-03-04,6202.38,6194.07,6193.62,6209.92,6178.26,-8.3100000000004,-0.4499999999998181,-8.760000000000218,-0.012704256721438045,2005,8.760000000000218
2005-03-07,6193.62,6241.76,6220.52,6250.11,6193.62,48.14000000000033,-21.23999999999978,26.900000000000546,-0.0023939965931587537,2005,26.900000000000546
2005-03-08,6220.52,6230.4,6173.34,6250.58,6213.82,9.8799999999992,-57.05999999999949,-47.18000000000029,0.01882874152014402,2005,-47.18000000000029
2005-03-09,6173.34,6196.62,6213.28,6198.82,6163.56,23.279999999999745,16.659999999999854,39.9399999999996,-0.013815282873578916,2005,-39.9399999999996
2005-03-10,6213.28,6195.87,6192.53,6215.47,6190.7,-17.409999999999854,-3.3400000000001455,-20.75,-0.002549145691714161,2005,-20.75
2005-03-11,6192.53,6217.83,6204.23,6238.43,6192.53,25.300000000000182,-13.600000000000364,11.699999999999818,0.01411369235374016,2005,11.699999999999818
2005-03-14,6204.23,6166.8,6155.51,6204.23,6151.8,-37.42999999999938,-11.289999999999964,-48.719999999999345,-0.0285610498115606,2005,-37.42999999999938
2005-03-16,6063.48,6067.59,6072.36,6084.38,6051.46,4.110000000000582,4.769999999999527,8.88000000000011,-0.02122022080185937,2005,4.110000000000582
2005-03-17,6072.36,6052.69,6032.47,6072.36,6002.1,-19.670000000000073,-20.219999999999345,-39.88999999999942,-0.009973404255319118,2005,-39.88999999999942
2005-03-21,6043.95,6072.68,6058.96,6077.94,6043.95,28.730000000000473,-13.720000000000255,15.010000000000218,-0.008784107228339,2005,15.010000000000218
2005-03-22,6058.96,6020.72,6018.79,6058.96,6010.15,-38.23999999999978,-1.930000000000291,-40.17000000000007,-0.0017385845024509017,2005,-40.17000000000007
2005-03-23,6018.79,5981.46,6019.49,6018.79,5983.64,-37.32999999999993,38.029999999999745,0.6999999999998181,-0.008030768486490536,2005,0.6999999999998181
2005-03-24,6019.49,6043.82,6001.0,6054.65,6019.49,24.329999999999927,-42.81999999999971,-18.48999999999978,0.011631593064937107,2005,-18.48999999999978
2005-03-29,6048.74,6004.46,5961.24,6048.74,5994.32,-44.279999999999745,-43.220000000000255,-87.5,-0.0009137251130133528,2005,-87.5
2005-03-30,5961.24,5964.38,5957.98,5980.5,5940.18,3.1400000000003274,-6.400000000000546,-3.2600000000002183,-0.012851985559566681,2005,3.2600000000002183
2005-03-31,5957.98,6002.35,6005.88,6013.31,5957.98,44.3700000000008,3.5299999999997453,47.900000000000546,0.02316169299785442,2005,-3.5299999999997453
2005-04-01,6005.88,5993.7,6028.75,6012.64,5974.95,-12.180000000000291,35.05000000000018,22.86999999999989,-0.0063622932850403435,2005,22.86999999999989
2005-04-04,6028.75,6020.74,6019.93,6028.75,6006.3,-8.010000000000218,-0.8099999999994907,-8.819999999999709,-0.013837262284467244,2005,8.819999999999709
2005-04-08,5971.76,6020.21,6024.07,6020.18,5971.76,48.44999999999982,3.8599999999996726,52.30999999999949,0.019714264852629837,2005,52.30999999999949
2005-04-11,6024.07,5995.27,5979.42,6024.07,5996.24,-28.799999999999272,-15.850000000000364,-44.649999999999636,-0.0048213475905196645,2005,-44.649999999999636
2005-04-12,5979.42,5968.46,5993.89,5990.82,5955.24,-10.960000000000036,25.43000000000029,14.470000000000255,-0.008010552824079586,2005,14.470000000000255
2005-04-13,5993.89,6004.37,5998.08,6007.01,5993.89,10.479999999999563,-6.289999999999964,4.1899999999996,-0.0011363361620850831,2005,4.1899999999996
2005-04-14,5998.08,5988.67,5976.68,5998.08,5964.33,-9.409999999999854,-11.989999999999782,-21.399999999999636,-0.027133659292249535,2005,-9.409999999999854
2005-04-15,5976.68,5933.24,5888.37,5976.68,5927.06,-43.44000000000051,-44.86999999999989,-88.3100000000004,-0.015475331525390046,2005,88.3100000000004
2005-04-18,5888.37,5779.58,5715.16,5888.37,5766.38,-108.78999999999996,-64.42000000000007,-173.21000000000004,-0.03302923858381135,2005,-108.78999999999996
2005-04-20,5748.35,5727.25,5693.01,5799.85,5726.63,-21.100000000000364,-34.23999999999978,-55.340000000000146,0.01739017753012817,2005,-55.340000000000146
2005-04-21,5693.01,5688.84,5721.99,5693.01,5565.41,-4.170000000000073,33.149999999999636,28.979999999999563,-0.021882005298552998,2005,-4.170000000000073
2005-04-22,5721.99,5793.88,5747.09,5799.73,5721.99,71.89000000000033,-46.789999999999964,25.100000000000364,0.027996978930645566,2005,46.789999999999964
2005-04-25,5747.09,5755.31,5758.31,5755.62,5727.42,8.220000000000255,3.0,11.220000000000255,-0.01360458046209978,2005,-11.220000000000255
2005-04-27,5805.25,5794.85,5778.27,5817.92,5794.43,-10.399999999999636,-16.579999999999927,-26.979999999999563,-0.007204169221336598,2005,-26.979999999999563
2005-04-28,5778.27,5769.81,5842.27,5778.55,5755.08,-8.460000000000036,72.46000000000004,64.0,-0.002290154907107156,2005,64.0
2005-04-29,5842.27,5814.22,5818.07,5842.27,5794.66,-28.050000000000182,3.8499999999994543,-24.200000000000728,-0.008743197585949103,2005,-24.200000000000728
2005-05-03,5818.07,5853.99,5818.22,5863.41,5818.07,35.92000000000007,-35.76999999999953,0.1500000000005457,-0.0009853494100868776,2005,0.1500000000005457
2005-05-04,5818.22,5824.04,5803.68,5831.02,5812.02,5.819999999999709,-20.359999999999673,-14.539999999999964,-0.0004931606405896849,2005,-14.539999999999964
2005-05-05,5803.68,5887.83,5927.5,5896.25,5803.68,84.14999999999964,39.67000000000007,123.81999999999971,0.024150825802430775,2005,-39.67000000000007
2005-05-06,5927.5,5950.35,5967.96,5951.9,5917.02,22.850000000000364,17.609999999999673,40.460000000000036,-0.00015213753232923288,2005,40.460000000000036
2005-05-11,5949.8,5914.36,5917.13,5949.8,5900.72,-35.44000000000051,2.7700000000004366,-32.67000000000007,-0.010312641140161616,2005,32.67000000000007
2005-05-16,5981.48,5959.47,5925.88,5997.77,5941.03,-22.00999999999931,-33.590000000000146,-55.599999999999454,0.02823535338270111,2005,33.590000000000146
2005-05-19,5890.83,5976.78,5970.71,5997.76,5890.83,85.94999999999982,-6.069999999999709,79.88000000000011,0.01044480895407185,2005,79.88000000000011
2005-05-23,5954.69,5909.68,5885.45,5954.69,5893.77,-45.00999999999931,-24.230000000000473,-69.23999999999978,0.012235473350948656,2005,-69.23999999999978
2005-05-24,5885.45,5905.29,5909.1,5907.73,5885.45,19.840000000000146,3.8100000000004,23.650000000000546,-0.003221785857065562,2005,23.650000000000546
2005-05-25,5909.1,5950.66,5888.53,5956.64,5909.1,41.55999999999949,-62.13000000000011,-20.57000000000062,0.015500401075826842,2005,-20.57000000000062
2005-05-26,5888.53,5904.86,5939.42,5909.08,5883.18,16.329999999999927,34.5600000000004,50.89000000000033,-0.011012243570383107,2005,-50.89000000000033
2005-05-27,5939.42,5995.23,5991.55,5998.45,5939.42,55.80999999999949,-3.6799999999993815,52.13000000000011,0.018581596936738,2005,52.13000000000011
2005-05-30,5991.55,5987.59,6009.52,6001.3,5979.82,-3.9600000000000364,21.93000000000029,17.970000000000255,-0.007310885608856177,2005,17.970000000000255
2005-05-31,6009.52,5993.49,6011.56,6011.33,5981.24,-16.030000000000655,18.07000000000062,2.0399999999999636,-0.007310885608856177,2005,2.0399999999999636
2005-06-01,6011.56,5977.27,5971.62,6023.34,5974.6,-34.289999999999964,-5.650000000000546,-39.94000000000051,-0.003438422043073208,2005,-39.94000000000051
2005-06-03,6039.48,6080.76,6107.95,6078.93,6039.48,41.280000000000655,27.1899999999996,68.47000000000025,0.01842123533359552,2005,68.47000000000025
2005-06-06,6107.95,6122.12,6137.57,6119.0,6086.41,14.170000000000073,15.449999999999818,29.61999999999989,-0.013202445065557789,2005,-29.61999999999989
2005-06-07,6137.57,6117.95,6105.79,6146.94,6111.46,-19.61999999999989,-12.159999999999854,-31.779999999999745,-0.004559480495555657,2005,-31.779999999999745
2005-06-08,6105.79,6135.93,6161.66,6139.64,6105.79,30.140000000000327,25.729999999999563,55.86999999999989,-0.011011381511982998,2005,-55.86999999999989
2005-06-10,6145.92,6169.18,6192.35,6198.3,6145.92,23.26000000000022,23.170000000000073,46.43000000000029,0.019104283356961904,2005,46.43000000000029
2005-06-13,6192.35,6183.59,6231.05,6194.9,6170.68,-8.760000000000218,47.460000000000036,38.69999999999982,-0.0176514857807476,2005,-38.69999999999982
2005-06-14,6231.05,6259.92,6205.76,6266.25,6225.23,28.86999999999989,-54.159999999999854,-25.289999999999964,-0.0009982588508415935,2005,-25.289999999999964
2005-06-15,6205.76,6238.51,6252.1,6244.61,6205.76,32.75,13.590000000000146,46.340000000000146,-0.010852388919873612,2005,-46.340000000000146
2005-06-21,6296.89,6278.46,6278.46,6304.88,6280.07,-18.43000000000029,0.0,-18.43000000000029,-0.005133446377552198,2005,-18.43000000000029
2005-06-27,6340.69,6290.59,6302.99,6340.69,6294.57,-50.099999999999454,12.399999999999636,-37.69999999999982,-0.01895462377943713,2005,37.69999999999982
2005-06-28,6302.99,6303.15,6316.84,6322.7,6294.18,0.15999999999985448,13.69000000000051,13.850000000000364,-0.013185011709601846,2005,-13.850000000000364
2005-06-30,6231.65,6247.4,6241.94,6280.53,6231.65,15.75,-5.460000000000036,10.289999999999964,-0.008984218819821699,2005,10.289999999999964
2005-07-01,6241.94,6207.11,6272.14,6252.23,6195.17,-34.82999999999993,65.03000000000065,30.200000000000728,-0.005458385741747174,2005,30.200000000000728
2005-07-06,6232.04,6237.23,6222.05,6256.9,6232.04,5.1899999999996,-15.179999999999382,-9.989999999999782,0.015523655093475641,2005,-9.989999999999782
2005-07-07,6222.05,6212.88,6212.6,6222.05,6191.54,-9.170000000000073,-0.27999999999974534,-9.449999999999818,0.01047267945617203,2005,-9.449999999999818
2005-07-11,6201.4,6265.77,6298.86,6268.43,6201.4,64.3700000000008,33.089999999999236,97.46000000000004,0.02514529162518242,2005,-33.089999999999236
2005-07-12,6298.86,6348.49,6358.81,6362.59,6298.86,49.63000000000011,10.320000000000618,59.95000000000073,0.019988706945228696,2005,59.95000000000073
2005-07-15,6418.35,6440.07,6410.59,6453.44,6418.35,21.719999999999345,-29.479999999999563,-7.760000000000218,0.012615955473098461,2005,-7.760000000000218
2005-07-19,6410.59,6402.64,6416.34,6417.06,6387.86,-7.949999999999818,13.699999999999818,5.75,-0.0060391683202485336,2005,5.75
2005-07-20,6416.34,6438.1,6423.81,6445.44,6416.34,21.76000000000022,-14.289999999999964,7.470000000000255,0.017164308653762728,2005,7.470000000000255
2005-07-21,6423.81,6436.36,6394.03,6478.64,6344.84,12.549999999999272,-42.32999999999993,-29.780000000000655,0.017023999999999928,2005,-29.780000000000655
2005-07-22,6394.03,6396.2,6380.73,6415.43,6377.57,2.1700000000000728,-15.470000000000255,-13.300000000000182,-0.016340486229102447,2005,13.300000000000182
2005-07-25,6380.73,6416.47,6420.45,6426.5,6380.73,35.74000000000069,3.9799999999995634,39.720000000000255,0.01332793107860275,2005,39.720000000000255
2005-07-26,6420.45,6434.06,6366.16,6439.98,6413.91,13.610000000000582,-67.90000000000055,-54.289999999999964,-0.006355352595803776,2005,-54.289999999999964
2005-07-27,6366.16,6358.23,6327.25,6376.05,6343.38,-7.930000000000291,-30.979999999999563,-38.909999999999854,0.010314081792574648,2005,-38.909999999999854
2005-07-28,6327.25,6334.9,6375.64,6364.38,6327.25,7.649999999999636,40.74000000000069,48.39000000000033,-0.006603219855777387,2005,48.39000000000033
2005-08-02,6307.93,6331.56,6343.54,6360.43,6307.93,23.63000000000011,11.979999999999563,35.60999999999967,-0.00014754236573644164,2005,35.60999999999967
2005-08-03,6343.54,6410.98,6455.57,6417.43,6343.54,67.4399999999996,44.590000000000146,112.02999999999975,0.024938339271033172,2005,-44.590000000000146
2005-08-04,6455.57,6466.43,6446.01,6481.62,6441.38,10.860000000000582,-20.420000000000073,-9.55999999999949,-0.0039284245166597564,2005,-9.55999999999949
2005-08-08,6446.01,6379.66,6380.03,6446.01,6381.87,-66.35000000000036,0.36999999999989086,-65.98000000000047,-0.0028569010030897735,2005,-65.98000000000047
2005-08-09,6380.03,6367.43,6380.0,6397.37,6361.19,-12.599999999999454,12.569999999999709,-0.02999999999974534,-0.011311785054861079,2005,0.02999999999974534
2005-08-10,6380.0,6415.73,6356.84,6430.13,6380.0,35.72999999999956,-58.88999999999942,-23.159999999999854,0.012128107156656354,2005,-23.159999999999854
2005-08-11,6356.84,6371.51,6353.71,6380.39,6351.01,14.670000000000073,-17.800000000000182,-3.130000000000109,-0.012216071769421633,2005,3.130000000000109
2005-08-15,6350.9,6283.1,6245.13,6350.9,6268.02,-67.79999999999927,-37.970000000000255,-105.76999999999953,-0.013260846391642711,2005,105.76999999999953
2005-08-16,6245.13,6249.79,6242.4,6266.33,6235.73,4.6599999999998545,-7.390000000000327,-2.730000000000473,0.010651859213966164,2005,-2.730000000000473
2005-08-17,6242.4,6237.39,6241.92,6245.55,6213.59,-5.009999999999309,4.529999999999745,-0.47999999999956344,-0.020437831366512782,2005,-5.009999999999309
2005-08-18,6241.92,6245.46,6205.09,6257.56,6235.54,3.5399999999999636,-40.36999999999989,-36.82999999999993,0.012985595809690054,2005,-36.82999999999993
2005-08-19,6205.09,6174.3,6158.94,6205.09,6155.76,-30.789999999999964,-15.360000000000582,-46.150000000000546,-0.006183345901109583,2005,-46.150000000000546
2005-08-23,6206.65,6233.11,6195.18,6234.31,6198.83,26.460000000000036,-37.92999999999938,-11.469999999999345,0.011789646743245452,2005,-11.469999999999345
2005-08-24,6195.18,6153.05,6127.24,6195.18,6143.96,-42.13000000000011,-25.8100000000004,-67.94000000000051,-0.0004276062601556996,2005,-67.94000000000051
2005-08-25,6127.24,6124.3,6109.66,6131.07,6097.23,-2.9399999999996,-14.640000000000327,-17.579999999999927,-0.007593258042436601,2005,-17.579999999999927
2005-08-29,6136.55,6078.06,6049.44,6136.55,6073.33,-58.48999999999978,-28.6200000000008,-87.11000000000058,-0.006487528101916329,2005,-87.11000000000058
2005-08-30,6049.44,6060.5,6032.12,6087.86,6049.44,11.0600000000004,-28.38000000000011,-17.31999999999971,0.013426145424766167,2005,-17.31999999999971
2005-08-31,6032.12,6066.88,6033.47,6065.01,6022.48,34.76000000000022,-33.409999999999854,1.3500000000003638,-0.0034449760765550286,2005,1.3500000000003638
2005-09-02,6033.47,6087.04,6116.05,6097.33,6033.47,53.56999999999971,29.01000000000022,82.57999999999993,-0.011356200527704474,2005,-82.57999999999993
2005-09-05,6116.05,6114.45,6098.78,6131.95,6100.34,-1.6000000000003638,-15.670000000000073,-17.270000000000437,-0.002028310950744072,2005,-17.270000000000437
2005-09-06,6098.78,6125.54,6140.14,6142.95,6098.78,26.76000000000022,14.600000000000364,41.36000000000058,-0.002028310950744072,2005,41.36000000000058
2005-09-07,6140.14,6146.3,6141.14,6168.51,6140.14,6.1599999999998545,-5.1599999999998545,1.0,0.015596251765007896,2005,1.0
2005-09-08,6141.14,6170.0,6149.88,6168.89,6141.14,28.859999999999673,-20.11999999999989,8.739999999999782,-0.0027595795327673978,2005,8.739999999999782
2005-09-09,6149.88,6156.28,6119.06,6167.9,6148.94,6.399999999999636,-37.219999999999345,-30.81999999999971,0.011427967891846302,2005,-30.81999999999971
2005-09-13,6164.98,6167.18,6169.08,6172.6,6156.12,2.2000000000007276,1.8999999999996362,4.100000000000364,-0.0022191803550689615,2005,4.100000000000364
2005-09-15,6148.7,6116.27,6082.56,6148.7,6102.97,-32.42999999999938,-33.710000000000036,-66.13999999999942,-0.00848195769390292,2005,-66.13999999999942
2005-09-20,6035.59,6026.06,6105.35,6035.59,5994.46,-9.529999999999745,79.28999999999996,69.76000000000022,-0.013964656570549905,2005,-69.76000000000022
2005-09-21,6105.35,6101.68,6067.34,6121.62,6084.38,-3.6700000000000728,-34.340000000000146,-38.01000000000022,-0.004015892681676458,2005,-38.01000000000022
2005-09-22,6067.34,6019.97,5972.06,6067.34,6002.62,-47.36999999999989,-47.909999999999854,-95.27999999999975,-0.017372281559644764,2005,95.27999999999975
2005-09-23,5972.06,5949.47,5925.54,5973.72,5935.66,-22.590000000000146,-23.93000000000029,-46.52000000000044,-0.0022917757988475396,2005,-46.52000000000044
2005-09-28,5945.05,5932.85,5931.38,5949.91,5922.12,-12.199999999999818,-1.4700000000002547,-13.670000000000073,-0.012315537022232759,2005,13.670000000000073
2005-09-30,6009.99,6075.61,6118.61,6086.61,6009.99,65.61999999999989,43.0,108.61999999999989,0.015459652484431485,2005,108.61999999999989
2005-10-03,6118.61,6092.75,6123.92,6128.97,6090.78,-25.859999999999673,31.170000000000073,5.3100000000004,0.019212625439574582,2005,5.3100000000004
2005-10-05,6142.12,6154.14,6135.01,6171.87,6136.66,12.020000000000437,-19.13000000000011,-7.109999999999673,-0.010855242517412322,2005,7.109999999999673
2005-10-06,6135.01,6090.42,6095.81,6135.01,6081.11,-44.590000000000146,5.390000000000327,-39.19999999999982,-0.013744396515266821,2005,39.19999999999982
2005-10-07,6095.81,6107.22,6081.84,6107.5,6088.96,11.409999999999854,-25.38000000000011,-13.970000000000255,-0.017302002487028845,2005,13.970000000000255
2005-10-11,6081.84,6082.99,6066.59,6112.68,6081.84,1.1499999999996362,-16.399999999999636,-15.25,-0.03244345167096796,2005,1.1499999999996362
2005-10-12,6066.59,6038.46,5987.4,6066.59,6031.9,-28.13000000000011,-51.0600000000004,-79.19000000000051,-0.016676005827636398,2005,79.19000000000051
2005-10-13,5987.4,5954.39,5960.11,5987.4,5949.17,-33.00999999999931,5.719999999999345,-27.289999999999964,-0.00396617355428408,2005,-27.289999999999964
2005-10-14,5960.11,6005.06,5969.07,6004.87,5960.11,44.95000000000073,-35.99000000000069,8.960000000000036,0.021420234798727567,2005,35.99000000000069
2005-10-17,5969.07,5917.83,5826.27,5991.35,5919.18,-51.23999999999978,-91.55999999999949,-142.79999999999927,-0.008155400712477334,2005,-142.79999999999927
2005-10-19,5830.79,5726.19,5694.16,5830.79,5728.69,-104.60000000000036,-32.029999999999745,-136.6300000000001,-0.01218744378485348,2005,136.6300000000001
2005-10-25,5717.28,5793.72,5721.31,5803.67,5717.28,76.44000000000051,-72.40999999999985,4.030000000000655,0.011180264795745076,2005,4.030000000000655
2005-10-26,5721.31,5699.62,5700.72,5739.94,5672.89,-21.69000000000051,1.1000000000003638,-20.590000000000146,-0.010407574028066913,2005,20.590000000000146
2005-10-27,5700.72,5688.46,5661.18,5705.81,5632.23,-12.260000000000218,-27.279999999999745,-39.539999999999964,-0.005790021260234313,2005,-39.539999999999964
2005-10-28,5661.18,5644.65,5632.97,5690.98,5644.56,-16.530000000000655,-11.679999999999382,-28.210000000000036,-0.027162291278038153,2005,-16.530000000000655
2005-10-31,5632.97,5695.94,5764.3,5713.09,5632.97,62.969999999999345,68.36000000000058,131.32999999999993,-0.006477410906369774,2005,131.32999999999993
2005-11-01,5764.3,5794.74,5798.41,5806.02,5764.3,30.4399999999996,3.6700000000000728,34.10999999999967,0.018287946901405006,2005,34.10999999999967
2005-11-02,5798.41,5816.9,5870.37,5840.96,5798.41,18.48999999999978,53.470000000000255,71.96000000000004,-0.009476701183431913,2005,71.96000000000004
2005-11-03,5870.37,5885.89,5858.01,5908.69,5870.37,15.520000000000437,-27.88000000000011,-12.359999999999673,0.029588836514677697,2005,27.88000000000011
2005-11-04,5858.01,5921.56,5911.74,5930.24,5858.01,63.55000000000018,-9.820000000000618,53.72999999999956,0.018834141698019113,2005,53.72999999999956
2005-11-09,5849.63,5900.89,5971.06,5910.96,5843.39,51.26000000000022,70.17000000000007,121.43000000000029,-0.002162019061065945,2005,121.43000000000029
2005-11-10,5971.06,5996.55,5988.37,6004.98,5971.06,25.48999999999978,-8.180000000000291,17.30999999999949,0.014061463630333781,2005,17.30999999999949
2005-11-11,5988.37,6022.36,6075.26,6068.88,5988.37,33.98999999999978,52.900000000000546,86.89000000000033,0.012798151135917646,2005,86.89000000000033
2005-11-14,6075.26,6084.91,6083.62,6090.87,6062.83,9.649999999999636,-1.2899999999999636,8.359999999999673,-0.007276171614319815,2005,8.359999999999673
2005-11-16,6030.74,6057.0,6046.2,6079.3,6021.61,26.26000000000022,-10.800000000000182,15.460000000000036,-0.003148383757790141,2005,15.460000000000036
2005-11-17,6046.2,6014.27,6020.94,6063.09,6002.99,-31.92999999999938,6.669999999999163,-25.26000000000022,-0.0008436627944707897,2005,-25.26000000000022
2005-11-18,6020.94,6084.42,6106.74,6095.69,6020.94,63.48000000000047,22.31999999999971,85.80000000000018,0.010630466787910242,2005,85.80000000000018
2005-11-21,6106.74,6134.97,6103.42,6138.4,6106.74,28.230000000000473,-31.550000000000182,-3.319999999999709,0.0250005355727414,2005,31.550000000000182
2005-11-24,6123.52,6118.82,6111.89,6128.76,6110.79,-4.700000000000728,-6.9299999999993815,-11.63000000000011,-0.004949572348665221,2005,-11.63000000000011
2005-11-25,6111.89,6127.43,6128.2,6145.01,6111.89,15.539999999999964,0.7699999999995271,16.30999999999949,-0.004949572348665221,2005,16.30999999999949
2005-11-29,6203.84,6184.22,6139.51,6207.05,6179.62,-19.61999999999989,-44.710000000000036,-64.32999999999993,-0.01207156269990306,2005,64.32999999999993
2005-11-30,6139.51,6184.55,6203.47,6192.58,6139.51,45.039999999999964,18.920000000000073,63.960000000000036,-0.006224413067089984,2005,63.960000000000036
2005-12-01,6203.47,6181.55,6179.82,6203.47,6174.77,-21.920000000000073,-1.730000000000473,-23.650000000000546,0.01231661692378827,2005,-23.650000000000546
2005-12-02,6179.82,6222.69,6228.95,6258.34,6179.82,42.86999999999989,6.260000000000218,49.13000000000011,0.04208537496885656,2005,-6.260000000000218
2005-12-06,6348.31,6344.51,6350.52,6348.31,6318.95,-3.800000000000182,6.010000000000218,2.2100000000000364,-0.015664866789295573,2005,-2.2100000000000364
2005-12-07,6350.52,6324.16,6329.52,6370.82,6313.75,-26.360000000000582,5.360000000000582,-21.0,0.010428597263246742,2005,-21.0
2005-12-08,6329.52,6301.88,6249.19,6329.52,6286.08,-27.640000000000327,-52.69000000000051,-80.33000000000084,-0.011852205385196712,2005,80.33000000000084
2005-12-09,6249.19,6245.55,6264.36,6274.04,6244.99,-3.639999999999418,18.80999999999949,15.170000000000073,-0.017085932783256097,2005,-15.170000000000073
2005-12-12,6264.36,6224.65,6266.29,6272.61,6206.83,-39.710000000000036,41.64000000000033,1.930000000000291,0.018017649106283562,2005,1.930000000000291
2005-12-15,6235.35,6251.07,6258.47,6259.21,6227.25,15.719999999999345,7.400000000000546,23.11999999999989,-0.004116617611964024,2005,23.11999999999989
2005-12-16,6258.47,6345.54,6350.69,6354.11,6258.47,87.06999999999971,5.149999999999636,92.21999999999935,-0.004772650118817001,2005,92.21999999999935
2005-12-19,6350.69,6390.52,6431.42,6400.56,6350.69,39.83000000000084,40.899999999999636,80.73000000000047,-0.00620008828604679,2005,80.73000000000047
2005-12-20,6431.42,6421.68,6427.84,6443.89,6413.46,-9.739999999999782,6.1599999999998545,-3.5799999999999272,-0.02299662823800208,2005,-9.739999999999782
2005-12-22,6471.89,6464.34,6417.2,6504.09,6454.38,-7.550000000000182,-47.14000000000033,-54.69000000000051,-0.003330729059583093,2005,-54.69000000000051
2005-12-23,6417.2,6436.44,6512.63,6455.75,6417.2,19.23999999999978,76.19000000000051,95.43000000000029,0.012191599966993927,2005,95.43000000000029
2005-12-28,6531.59,6496.59,6524.4,6531.59,6482.14,-35.0,27.80999999999949,-7.190000000000509,-0.012667235980643343,2005,7.190000000000509
2005-12-30,6575.53,6597.96,6548.34,6597.71,6575.53,22.43000000000029,-49.61999999999989,-27.1899999999996,-0.009616174899317875,2005,-27.1899999999996
2006-01-02,6548.34,6480.5,6462.06,6548.34,6451.61,-67.84000000000015,-18.4399999999996,-86.27999999999975,-0.0052074688796680535,2006,-86.27999999999975
2006-01-03,6462.06,6496.69,6591.77,6503.01,6457.09,34.6299999999992,95.08000000000084,129.71000000000004,-0.0052074688796680535,2006,129.71000000000004
2006-01-04,6591.77,6609.07,6616.44,6670.96,6591.77,17.299999999999272,7.369999999999891,24.669999999999163,0.028446891488873582,2006,-7.369999999999891
2006-01-06,6709.87,6724.56,6694.82,6761.01,6709.87,14.69000000000051,-29.74000000000069,-15.050000000000182,0.023857939559886576,2006,29.74000000000069
2006-01-09,6694.82,6720.68,6742.39,6763.86,6694.82,25.860000000000582,21.710000000000036,47.57000000000062,0.02168954261218392,2006,-21.710000000000036
2006-01-12,6735.89,6780.32,6725.61,6797.2,6735.89,44.42999999999938,-54.710000000000036,-10.280000000000655,0.01646612979630513,2006,-10.280000000000655
2006-01-13,6725.61,6700.47,6682.35,6729.58,6688.32,-25.139999999999418,-18.11999999999989,-43.25999999999931,-0.013347252255611175,2006,43.25999999999931
2006-01-16,6682.35,6709.66,6724.18,6721.82,6664.8,27.30999999999949,14.520000000000437,41.82999999999993,-0.004987908101571903,2006,41.82999999999993
2006-01-17,6724.18,6767.33,6711.04,6775.73,6724.18,43.149999999999636,-56.289999999999964,-13.140000000000327,-0.004987908101571903,2006,-13.140000000000327
2006-01-18,6711.04,6568.05,6498.92,6711.04,6561.55,-142.98999999999978,-69.13000000000011,-212.1199999999999,-0.015570408628284849,2006,212.1199999999999
2006-01-20,6512.29,6534.24,6486.63,6571.64,6512.29,21.949999999999818,-47.60999999999967,-25.659999999999854,0.030545973134961102,2006,47.60999999999967
2006-01-23,6486.63,6382.06,6381.97,6486.63,6373.63,-104.56999999999971,-0.09000000000014552,-104.65999999999985,-0.04145940083030997,2006,-104.56999999999971
2006-01-25,6451.94,6497.48,6532.18,6505.27,6451.94,45.539999999999964,34.70000000000073,80.24000000000069,0.010028319819994636,2006,80.24000000000069
2006-02-03,6532.18,6552.47,6594.6,6626.43,6532.18,20.289999999999964,42.13000000000011,62.42000000000007,-0.015036351619299282,2006,-62.42000000000007
2006-02-06,6594.6,6548.48,6719.96,6594.6,6530.8,-46.1200000000008,171.48000000000047,125.35999999999967,-0.014389830192547914,2006,-125.35999999999967
2006-02-07,6719.96,6731.28,6720.08,6740.91,6681.53,11.319999999999709,-11.199999999999818,0.11999999999989086,0.02150273275715331,2006,11.199999999999818
2006-02-09,6624.11,6649.31,6630.13,6700.86,6624.11,25.200000000000728,-19.18000000000029,6.020000000000437,0.014332476466998312,2006,6.020000000000437
2006-02-10,6630.13,6595.98,6594.92,6652.33,6574.01,-34.150000000000546,-1.0599999999994907,-35.210000000000036,-0.0030083138856475955,2006,-35.210000000000036
2006-02-13,6594.92,6611.06,6562.29,6623.55,6569.8,16.140000000000327,-48.77000000000044,-32.63000000000011,-0.011776969076312649,2006,32.63000000000011
2006-02-14,6562.29,6573.12,6612.97,6576.94,6540.71,10.829999999999927,39.850000000000364,50.68000000000029,-0.01404541164714379,2006,-50.68000000000029
2006-02-17,6683.93,6678.81,6673.75,6726.73,6670.48,-5.119999999999891,-5.0600000000004,-10.180000000000291,0.01434331048064963,2006,-10.180000000000291
2006-02-20,6673.75,6650.08,6686.55,6673.75,6631.81,-23.670000000000073,36.470000000000255,12.800000000000182,-0.019305797234179134,2006,-12.800000000000182
2006-02-21,6686.55,6677.94,6631.51,6717.53,6670.23,-8.610000000000582,-46.42999999999938,-55.039999999999964,-0.019305797234179134,2006,55.039999999999964
2006-02-22,6631.51,6610.12,6530.7,6650.71,6594.95,-21.390000000000327,-79.42000000000007,-100.8100000000004,-0.02174034851795814,2006,-21.390000000000327
2006-02-23,6530.7,6496.4,6474.69,6530.7,6474.12,-34.30000000000018,-21.710000000000036,-56.01000000000022,0.013383737136529295,2006,-56.01000000000022
2006-02-24,6474.69,6504.01,6538.22,6512.09,6473.8,29.32000000000062,34.210000000000036,63.530000000000655,-0.011869324390519576,2006,-63.530000000000655
2006-03-01,6561.63,6575.81,6613.39,6582.04,6518.0,14.180000000000291,37.57999999999993,51.76000000000022,-0.007963745994425286,2006,51.76000000000022
2006-03-02,6613.39,6668.21,6642.96,6685.26,6613.39,54.81999999999971,-25.25,29.56999999999971,0.04334945239779042,2006,25.25
2006-03-06,6553.66,6574.11,6575.78,6579.6,6540.39,20.449999999999818,1.6700000000000728,22.11999999999989,-0.01557780665946662,2006,-22.11999999999989
2006-03-07,6575.78,6534.57,6494.15,6575.78,6520.39,-41.210000000000036,-40.42000000000007,-81.63000000000011,-0.017125962289411878,2006,81.63000000000011
2006-03-08,6494.15,6488.08,6459.57,6521.27,6483.21,-6.069999999999709,-28.51000000000022,-34.57999999999993,-0.028624401687572076,2006,-6.069999999999709
2006-03-09,6459.57,6501.41,6486.47,6505.56,6459.57,41.840000000000146,-14.9399999999996,26.900000000000546,-0.005492365222810935,2006,26.900000000000546
2006-03-10,6486.47,6494.86,6490.68,6507.04,6473.18,8.389999999999418,-4.1799999999993815,4.210000000000036,-0.01388508088206497,2006,-4.210000000000036
2006-03-13,6490.68,6506.29,6544.63,6524.92,6490.68,15.609999999999673,38.340000000000146,53.94999999999982,-0.002363314996127297,2006,53.94999999999982
2006-03-14,6544.63,6530.97,6460.01,6545.12,6525.6,-13.659999999999854,-70.96000000000004,-84.61999999999989,-0.00479754747780381,2006,-84.61999999999989
2006-03-15,6460.01,6497.81,6518.7,6526.66,6460.01,37.80000000000018,20.889999999999418,58.6899999999996,0.022303122437141054,2006,-20.889999999999418
2006-03-17,6504.98,6491.58,6528.57,6512.39,6471.71,-13.399999999999636,36.98999999999978,23.590000000000146,-0.032323508183290106,2006,-13.399999999999636
2006-03-22,6458.03,6419.45,6391.26,6458.03,6401.66,-38.57999999999993,-28.1899999999996,-66.76999999999953,-0.001987113867646051,2006,-66.76999999999953
2006-03-28,6421.85,6440.07,6453.85,6450.6,6421.85,18.219999999999345,13.780000000000655,32.0,-0.002020442120275745,2006,32.0
2006-03-29,6453.85,6469.99,6498.03,6474.63,6444.4,16.139999999999418,28.039999999999964,44.17999999999938,-0.020463657655511946,2006,16.139999999999418
2006-03-30,6498.03,6538.81,6546.06,6548.67,6498.03,40.780000000000655,7.25,48.030000000000655,0.02455877287187702,2006,-7.25
2006-03-31,6546.06,6585.66,6613.97,6599.35,6546.06,39.599999999999454,28.3100000000004,67.90999999999985,-0.0002373276902082333,2006,67.90999999999985
2006-04-03,6613.97,6637.48,6660.76,6637.78,6613.97,23.50999999999931,23.280000000000655,46.789999999999964,-0.01159225336788594,2006,-46.789999999999964
2006-04-04,6660.76,6682.03,6665.6,6682.54,6660.76,21.269999999999527,-16.42999999999938,4.8400000000001455,0.011067747423196383,2006,4.8400000000001455
2006-04-06,6665.6,6724.41,6760.82,6741.64,6665.6,58.80999999999949,36.409999999999854,95.21999999999935,0.027577176414570248,2006,-36.409999999999854
2006-04-07,6760.82,6733.79,6781.94,6760.82,6729.52,-27.029999999999745,48.149999999999636,21.11999999999989,0.012877939529675198,2006,21.11999999999989
2006-04-10,6781.94,6783.28,6780.64,6791.44,6758.07,1.3400000000001455,-2.639999999999418,-1.2999999999992724,-0.01843274051199928,2006,1.2999999999992724
2006-04-11,6780.64,6737.8,6757.17,6780.64,6728.02,-42.840000000000146,19.36999999999989,-23.470000000000255,-0.007923253194547009,2006,-23.470000000000255
2006-04-12,6757.17,6779.65,6808.5,6776.82,6709.83,22.479999999999563,28.850000000000364,51.32999999999993,-0.014720275613671174,2006,-51.32999999999993
2006-04-18,7000.09,6948.13,6989.46,7007.45,6949.37,-51.960000000000036,41.32999999999993,-10.63000000000011,-0.01480431530041737,2006,10.63000000000011
2006-04-19,6989.46,7072.14,7038.78,7093.43,6989.46,82.68000000000029,-33.36000000000058,49.31999999999971,0.03401007113739918,2006,33.36000000000058
2006-04-20,7038.78,7064.18,7102.74,7071.03,7030.89,25.400000000000546,38.55999999999949,63.960000000000036,0.017469949368067006,2006,63.960000000000036
2006-04-24,7093.05,7105.03,7096.04,7109.54,7057.19,11.979999999999563,-8.989999999999782,2.9899999999997817,-0.020555450595125646,2006,11.979999999999563
2006-04-25,7096.04,7138.96,7059.94,7166.47,7096.04,42.92000000000007,-79.02000000000044,-36.100000000000364,-0.006982755294934639,2006,-36.100000000000364
2006-04-27,7168.98,7171.13,7136.21,7229.35,7168.98,2.1500000000005457,-34.92000000000007,-32.76999999999953,-0.005307814497694796,2006,-32.76999999999953
2006-04-28,7136.21,7139.76,7171.77,7176.05,7121.89,3.550000000000182,32.01000000000022,35.5600000000004,0.012989795123471204,2006,35.5600000000004
2006-05-02,7171.77,7189.89,7199.6,7196.92,7141.91,18.11999999999989,9.710000000000036,27.829999999999927,-0.009479406473080432,2006,27.829999999999927
2006-05-04,7242.37,7308.57,7345.04,7320.87,7242.37,66.19999999999982,36.470000000000255,102.67000000000007,0.012361059741877511,2006,102.67000000000007
2006-05-05,7345.04,7418.2,7370.44,7417.01,7345.04,73.15999999999985,-47.76000000000022,25.399999999999636,0.013036957274160876,2006,25.399999999999636
2006-05-09,7474.05,7432.0,7388.94,7474.05,7402.17,-42.05000000000018,-43.0600000000004,-85.11000000000058,-0.006749347752108115,2006,-85.11000000000058
2006-05-10,7388.94,7422.21,7324.71,7426.37,7388.94,33.27000000000044,-97.5,-64.22999999999956,-0.010221367797932923,2006,64.22999999999956
2006-05-11,7324.71,7277.85,7361.45,7324.71,7254.97,-46.85999999999967,83.59999999999945,36.73999999999978,-0.02490384615384611,2006,-46.85999999999967
2006-05-12,7361.45,7272.51,7278.96,7361.45,7269.92,-88.9399999999996,6.449999999999818,-82.48999999999978,-0.022778818656937205,2006,-88.9399999999996
2006-05-15,7278.96,7235.17,7176.35,7278.96,7208.92,-43.789999999999964,-58.81999999999971,-102.60999999999967,-0.007830474268415766,2006,-102.60999999999967
2006-05-16,7176.35,7187.09,7069.9,7202.9,7147.75,10.739999999999782,-117.19000000000051,-106.45000000000073,-0.009458524876937435,2006,-106.45000000000073
2006-05-17,7069.9,7116.94,7116.83,7134.89,7069.9,47.039999999999964,-0.10999999999967258,46.93000000000029,-0.005565024539499475,2006,46.93000000000029
2006-05-18,7116.83,7030.2,7034.03,7116.83,6987.65,-86.63000000000011,3.8299999999999272,-82.80000000000018,-0.011522735720480681,2006,82.80000000000018
2006-05-19,7034.03,7043.3,7074.15,7054.79,7010.69,9.270000000000437,30.849999999999454,40.11999999999989,-0.008920364335255226,2006,40.11999999999989
2006-05-22,7074.15,7080.44,6938.26,7112.42,7074.15,6.289999999999964,-142.17999999999938,-135.88999999999942,0.03216626968234215,2006,142.17999999999938
2006-05-23,6938.26,6877.14,6843.98,6938.26,6833.98,-61.11999999999989,-33.160000000000764,-94.28000000000065,-0.04188535135907856,2006,-61.11999999999989
2006-05-24,6843.98,6914.28,6877.01,6913.65,6843.98,70.30000000000018,-37.26999999999953,33.030000000000655,-0.01615653508397996,2006,-33.030000000000655
2006-05-26,6861.65,6965.06,6879.51,6976.33,6861.65,103.41000000000076,-85.55000000000018,17.860000000000582,-0.004408222948563578,2006,17.860000000000582
2006-06-01,6846.95,6911.17,6872.84,6912.75,6846.95,64.22000000000025,-38.32999999999993,25.890000000000327,0.017671403858366075,2006,25.890000000000327
2006-06-02,6872.84,6916.34,6959.64,6961.11,6872.84,43.5,43.30000000000018,86.80000000000018,0.022851486852863978,2006,-43.30000000000018
2006-06-05,6959.64,6915.7,6715.27,6967.38,6913.09,-43.94000000000051,-200.42999999999938,-244.3699999999999,-0.0014936048468530139,2006,-244.3699999999999
2006-06-06,6715.27,6712.78,6730.27,6735.22,6665.27,-2.490000000000691,17.49000000000069,15.0,-0.029979985252291064,2006,-2.490000000000691
2006-06-07,6730.27,6687.1,6612.74,6730.27,6651.97,-43.17000000000007,-74.36000000000058,-117.53000000000065,-0.004474175752573695,2006,-117.53000000000065
2006-06-08,6612.74,6516.3,6331.81,6612.74,6484.18,-96.4399999999996,-184.48999999999978,-280.9299999999994,-0.023584082380661453,2006,-96.4399999999996
2006-06-09,6331.81,6343.63,6444.63,6389.98,6307.95,11.819999999999709,101.0,112.81999999999971,-0.0017651659032510425,2006,112.81999999999971
2006-06-12,6444.63,6413.99,6442.9,6444.63,6366.64,-30.640000000000327,28.909999999999854,-1.730000000000473,-0.005819679469961425,2006,-1.730000000000473
2006-06-13,6442.9,6380.13,6337.21,6442.9,6335.54,-62.76999999999953,-42.92000000000007,-105.6899999999996,-0.019069704610951033,2006,105.6899999999996
2006-06-14,6337.21,6418.29,6469.01,6415.14,6337.21,81.07999999999993,50.720000000000255,131.80000000000018,-0.005278982762973672,2006,131.80000000000018
2006-06-15,6469.01,6469.17,6426.39,6535.13,6463.99,0.15999999999985448,-42.779999999999745,-42.61999999999989,0.013705899997692672,2006,-42.61999999999989
2006-06-16,6426.39,6611.42,6575.77,6620.75,6426.39,185.02999999999975,-35.649999999999636,149.3800000000001,0.04154052762160565,2006,35.649999999999636
2006-06-19,6575.77,6577.29,6583.04,6600.22,6560.8,1.519999999999527,5.75,7.269999999999527,-0.008850911316054089,2006,7.269999999999527
2006-06-20,6583.04,6490.3,6363.55,6583.04,6483.25,-92.73999999999978,-126.75,-219.48999999999978,-0.009591427248473061,2006,-219.48999999999978
2006-06-21,6363.55,6396.49,6299.59,6399.22,6314.01,32.9399999999996,-96.89999999999964,-63.960000000000036,-0.006968253261498747,2006,-63.960000000000036
2006-06-22,6299.59,6483.24,6485.15,6482.3,6299.59,183.64999999999964,1.9099999999998545,185.5599999999995,0.020894518551731744,2006,-1.9099999999998545
2006-06-23,6485.15,6374.01,6452.31,6485.15,6364.27,-111.13999999999942,78.30000000000018,-32.839999999999236,-0.013571381513933778,2006,32.839999999999236
2006-06-26,6452.31,6479.73,6523.68,6485.12,6448.51,27.419999999999163,43.95000000000073,71.36999999999989,-0.008415147265077083,2006,71.36999999999989
2006-06-28,6572.39,6493.27,6540.93,6572.39,6481.65,-79.11999999999989,47.659999999999854,-31.460000000000036,-0.037451763288795736,2006,-79.11999999999989
2006-06-29,6540.93,6603.02,6607.39,6606.76,6540.93,62.090000000000146,4.369999999999891,66.46000000000004,-0.005700778642936499,2006,66.46000000000004
2006-06-30,6607.39,6690.16,6704.41,6731.07,6607.39,82.76999999999953,14.25,97.01999999999953,0.039877872558616634,2006,-14.25
2006-07-03,6704.41,6711.42,6718.5,6730.6,6704.41,7.010000000000218,7.079999999999927,14.090000000000146,-0.009973776811529222,2006,14.090000000000146
2006-07-06,6659.96,6636.58,6659.07,6659.96,6616.86,-23.38000000000011,22.48999999999978,-0.8900000000003274,-0.031636061971704654,2006,-23.38000000000011
2006-07-07,6659.07,6648.93,6660.61,6659.07,6628.46,-10.139999999999418,11.679999999999382,1.5399999999999636,-0.002593192868719618,2006,1.5399999999999636
2006-07-10,6660.61,6606.76,6682.46,6660.61,6588.55,-53.849999999999454,75.69999999999982,21.850000000000364,-0.015181763313059982,2006,-21.850000000000364
2006-07-11,6682.46,6695.38,6639.13,6702.64,6672.32,12.920000000000073,-56.25,-43.32999999999993,-0.022039411653780983,2006,12.920000000000073
2006-07-12,6639.13,6711.1,6634.09,6702.75,6639.13,71.97000000000025,-77.01000000000022,-5.039999999999964,0.03290028682301349,2006,77.01000000000022
2006-07-13,6634.09,6610.28,6567.6,6634.09,6585.61,-23.8100000000004,-42.67999999999938,-66.48999999999978,-0.026951976478275075,2006,-23.8100000000004
2006-07-14,6567.6,6471.46,6428.03,6567.6,6461.5,-96.14000000000033,-43.43000000000029,-139.57000000000062,-0.014292908702846718,2006,139.57000000000062
2006-07-17,6428.03,6331.24,6257.8,6428.03,6292.73,-96.78999999999996,-73.4399999999996,-170.22999999999956,-0.004914483127752223,2006,-170.22999999999956
2006-07-18,6257.8,6273.63,6285.31,6288.92,6257.45,15.829999999999927,11.680000000000291,27.51000000000022,-0.0054766387129899785,2006,27.51000000000022
2006-07-19,6285.31,6348.19,6277.24,6347.78,6285.31,62.8799999999992,-70.94999999999982,-8.070000000000618,-0.0037613393318091104,2006,-8.070000000000618
2006-07-20,6277.24,6424.63,6443.74,6423.61,6277.24,147.39000000000033,19.109999999999673,166.5,0.022875333135919496,2006,-19.109999999999673
2006-07-21,6443.74,6393.88,6420.01,6443.74,6374.05,-49.85999999999967,26.13000000000011,-23.729999999999563,-0.02504161540131722,2006,-49.85999999999967
2006-07-24,6420.01,6331.68,6359.63,6420.01,6308.72,-88.32999999999993,27.949999999999818,-60.38000000000011,-0.047633187340707206,2006,-88.32999999999993
2006-07-25,6359.63,6422.47,6390.99,6435.83,6359.63,62.840000000000146,-31.480000000000473,31.359999999999673,0.018317397630430277,2006,31.359999999999673
2006-07-26,6390.99,6396.89,6376.39,6397.56,6360.11,5.900000000000546,-20.5,-14.599999999999454,0.010818258362462752,2006,-14.599999999999454
2006-07-27,6376.39,6397.68,6459.25,6406.41,6373.11,21.289999999999964,61.56999999999971,82.85999999999967,-0.0009087008102582894,2006,82.85999999999967
2006-07-28,6459.25,6489.9,6480.07,6490.36,6448.37,30.649999999999636,-9.829999999999927,20.81999999999971,0.010686945756802624,2006,20.81999999999971
2006-07-31,6480.07,6513.97,6454.58,6531.11,6480.07,33.900000000000546,-59.39000000000033,-25.48999999999978,0.030421957804219524,2006,59.39000000000033
2006-08-02,6441.46,6433.81,6471.42,6441.46,6421.78,-7.649999999999636,37.60999999999967,29.960000000000036,-0.019938947572439192,2006,-29.960000000000036
2006-08-03,6471.42,6512.12,6462.32,6514.9,6471.42,40.69999999999982,-49.80000000000018,-9.100000000000364,0.010456579240105901,2006,-9.100000000000364
2006-08-04,6462.32,6485.15,6442.61,6489.46,6462.32,22.829999999999927,-42.539999999999964,-19.710000000000036,0.015339074273412301,2006,-19.710000000000036
2006-08-07,6442.61,6423.68,6416.61,6442.61,6405.09,-18.92999999999938,-7.0700000000006185,-26.0,-0.009637857504276814,2006,-26.0
2006-08-08,6416.61,6476.79,6502.14,6480.3,6416.61,60.18000000000029,25.350000000000364,85.53000000000065,-0.006082281098703235,2006,85.53000000000065
2006-08-09,6502.14,6503.96,6573.22,6515.65,6489.25,1.819999999999709,69.26000000000022,71.07999999999993,-0.0068783198296329395,2006,71.07999999999993
2006-08-11,6578.61,6578.12,6571.1,6617.23,6575.08,-0.4899999999997817,-7.019999999999527,-7.509999999999309,0.01497797356828201,2006,-7.509999999999309
2006-08-14,6571.1,6612.75,6611.9,6634.73,6571.1,41.649999999999636,-0.8500000000003638,40.79999999999927,-0.02249710648148162,2006,41.649999999999636
2006-08-15,6611.9,6620.05,6615.13,6628.5,6602.59,8.150000000000546,-4.920000000000073,3.230000000000473,0.01114975702410037,2006,3.230000000000473
2006-08-16,6615.13,6672.42,6696.63,6686.42,6615.13,57.289999999999964,24.210000000000036,81.5,0.0372276841257837,2006,-24.210000000000036
2006-08-17,6696.63,6726.27,6733.46,6761.79,6696.63,29.640000000000327,7.1899999999996,36.82999999999993,0.043347366935578835,2006,-7.1899999999996
2006-08-21,6721.08,6638.24,6505.92,6721.08,6636.23,-82.84000000000015,-132.3199999999997,-215.15999999999985,-0.0005379839053148983,2006,-215.15999999999985
2006-08-22,6505.92,6560.69,6590.2,6558.09,6505.92,54.76999999999953,29.51000000000022,84.27999999999975,-0.020454392535940946,2006,54.76999999999953
2006-08-23,6590.2,6490.73,6556.33,6590.2,6454.71,-99.47000000000025,65.60000000000036,-33.86999999999989,-0.0020835718374356826,2006,-33.86999999999989
2006-08-24,6556.33,6544.63,6550.64,6570.62,6537.8,-11.699999999999818,6.010000000000218,-5.6899999999996,-0.009475954478707749,2006,-5.6899999999996
2006-08-28,6526.22,6495.07,6444.76,6526.22,6468.52,-31.150000000000546,-50.30999999999949,-81.46000000000004,-0.0021168403856330897,2006,-81.46000000000004
2006-08-29,6444.76,6496.69,6479.91,6497.22,6444.76,51.92999999999938,-16.779999999999745,35.149999999999636,0.01095252369203803,2006,35.149999999999636
2006-08-30,6479.91,6583.11,6587.12,6582.03,6479.91,103.19999999999982,4.010000000000218,107.21000000000004,0.016581516285010478,2006,107.21000000000004
2006-08-31,6587.12,6645.05,6611.77,6653.51,6587.12,57.93000000000029,-33.279999999999745,24.650000000000546,0.01801619887370709,2006,24.650000000000546
2006-09-01,6611.77,6641.31,6651.46,6657.74,6611.77,29.539999999999964,10.149999999999636,39.6899999999996,-0.009961652047428049,2006,39.6899999999996
2006-09-04,6651.46,6731.28,6750.78,6744.11,6651.46,79.81999999999971,19.5,99.31999999999971,-0.010462579582387388,2006,-99.31999999999971
2006-09-05,6750.78,6762.21,6734.73,6766.81,6731.29,11.430000000000291,-27.480000000000473,-16.050000000000182,-0.010462579582387388,2006,16.050000000000182
2006-09-06,6734.73,6725.81,6688.4,6747.98,6705.74,-8.919999999999163,-37.410000000000764,-46.32999999999993,0.016737154683703848,2006,-46.32999999999993
2006-09-07,6688.4,6655.67,6685.23,6688.4,6638.79,-32.72999999999956,29.55999999999949,-3.1700000000000728,-0.03283476413841924,2006,-32.72999999999956
2006-09-08,6685.23,6676.28,6693.11,6685.23,6654.77,-8.949999999999818,16.829999999999927,7.880000000000109,-0.0035688140556369152,2006,7.880000000000109
2006-09-12,6693.88,6656.13,6625.73,6698.38,6642.08,-37.75,-30.400000000000546,-68.15000000000055,0.023570174838724256,2006,30.400000000000546
2006-09-13,6625.73,6668.65,6664.87,6690.29,6625.73,42.92000000000007,-3.7799999999997453,39.14000000000033,0.037681223971672395,2006,3.7799999999997453
2006-09-14,6664.87,6680.03,6598.87,6691.51,6660.38,15.159999999999854,-81.15999999999985,-66.0,-0.007790535465178605,2006,-66.0
2006-09-20,6881.87,6883.55,6877.77,6882.84,6841.88,1.680000000000291,-5.779999999999745,-4.099999999999454,-0.021995135896232476,2006,1.680000000000291
2006-09-22,6889.89,6864.43,6885.6,6889.89,6854.02,-25.460000000000036,21.170000000000073,-4.289999999999964,-0.01764450239026516,2006,4.289999999999964
2006-09-25,6885.6,6883.92,6911.21,6921.36,6874.23,-1.680000000000291,27.289999999999964,25.609999999999673,-0.0061493540966199856,2006,25.609999999999673
2006-09-26,6911.21,6928.63,6901.75,6958.79,6911.21,17.420000000000073,-26.88000000000011,-9.460000000000036,0.02508346316492327,2006,26.88000000000011
2006-09-27,6901.75,6938.42,6946.27,6961.71,6901.75,36.67000000000007,7.850000000000364,44.52000000000044,-0.0034305317324184736,2006,44.52000000000044
2006-09-28,6946.27,6919.27,6885.12,6961.92,6922.14,-27.0,-34.150000000000546,-61.150000000000546,-0.0070154033856947295,2006,-61.150000000000546
2006-10-02,6883.05,6942.27,6960.95,6961.78,6883.05,59.220000000000255,18.67999999999938,77.89999999999964,-0.011779535773276617,2006,-77.89999999999964
2006-10-03,6960.95,6953.53,6956.88,6963.61,6935.8,-7.420000000000073,3.350000000000364,-4.069999999999709,-0.003188915768638667,2006,-4.069999999999709
2006-10-04,6956.88,6935.62,6874.98,6980.67,6920.15,-21.26000000000022,-60.64000000000033,-81.90000000000055,-0.010965250965251028,2006,81.90000000000055
2006-10-05,6874.98,6940.99,6997.24,6956.86,6874.98,66.01000000000022,56.25,122.26000000000022,0.01893905594717582,2006,122.26000000000022
2006-10-11,6997.24,7001.47,7006.67,7022.49,6984.45,4.230000000000473,5.199999999999818,9.430000000000291,-0.003659151164574048,2006,9.430000000000291
2006-10-12,7006.67,6994.51,6984.58,7039.93,6983.46,-12.159999999999854,-9.930000000000291,-22.090000000000146,0.012865059817030122,2006,-22.090000000000146
2006-10-13,6984.58,7053.55,7068.8,7067.11,6984.58,68.97000000000025,15.25,84.22000000000025,0.01363527802505593,2006,84.22000000000025
2006-10-18,7075.13,7001.43,7017.6,7075.13,7002.58,-73.69999999999982,16.170000000000073,-57.529999999999745,-0.024649812812854832,2006,-73.69999999999982
2006-10-19,7017.6,7028.07,6995.83,7045.99,7000.15,10.469999999999345,-32.23999999999978,-21.770000000000437,-0.028658299909432028,2006,10.469999999999345
2006-10-20,6995.83,7032.64,7039.37,7037.39,6995.83,36.8100000000004,6.729999999999563,43.539999999999964,-0.0030192030192029984,2006,43.539999999999964
2006-10-23,7039.37,7019.9,7040.26,7041.7,7008.13,-19.470000000000255,20.360000000000582,0.8900000000003274,-0.004141708788884091,2006,0.8900000000003274
2006-10-25,7097.42,7102.35,7059.89,7110.93,7086.1,4.930000000000291,-42.460000000000036,-37.529999999999745,-0.011344678011344755,2006,37.529999999999745
2006-10-26,7059.89,7103.42,7080.84,7116.78,7059.89,43.529999999999745,-22.579999999999927,20.949999999999818,0.025964675441557006,2006,22.579999999999927
2006-10-27,7080.84,7114.04,7086.74,7132.29,7080.84,33.19999999999982,-27.300000000000182,5.899999999999636,0.011579201298274056,2006,5.899999999999636
2006-10-30,7086.74,7013.92,6995.2,7086.74,7001.69,-72.81999999999971,-18.720000000000255,-91.53999999999996,-0.019424631994276575,2006,91.53999999999996
2006-10-31,6995.2,7016.76,7021.32,7022.48,6995.2,21.5600000000004,4.559999999999491,26.11999999999989,0.01125334394552402,2006,26.11999999999989
2006-11-02,7013.99,7061.6,7078.1,7066.92,7005.13,47.61000000000058,16.5,64.11000000000058,-0.01931723927183826,2006,-64.11000000000058
2006-11-03,7078.1,7125.1,7161.61,7133.01,7078.1,47.0,36.50999999999931,83.50999999999931,-0.004317923835384763,2006,83.50999999999931
2006-11-07,7120.44,7189.46,7184.65,7204.7,7120.44,69.02000000000044,-4.8100000000004,64.21000000000004,0.017632522207627233,2006,64.21000000000004
2006-11-08,7184.65,7196.85,7178.34,7207.33,7177.96,12.200000000000728,-18.51000000000022,-6.309999999999491,0.0191209608610996,2006,-6.309999999999491
2006-11-09,7178.34,7212.05,7151.13,7224.88,7178.34,33.710000000000036,-60.92000000000007,-27.210000000000036,-0.0003434729407723047,2006,-27.210000000000036
2006-11-10,7151.13,7155.46,7174.2,7175.87,7130.57,4.329999999999927,18.73999999999978,23.06999999999971,-0.019219619043528646,2006,-23.06999999999971
2006-11-13,7174.2,7147.97,7136.06,7191.09,7148.74,-26.229999999999563,-11.909999999999854,-38.13999999999942,0.010071816430197833,2006,-38.13999999999942
2006-11-14,7136.06,7176.09,7204.04,7197.56,7136.06,40.029999999999745,27.949999999999818,67.97999999999956,0.015629064423827277,2006,67.97999999999956
2006-11-15,7204.04,7250.47,7236.85,7269.01,7204.04,46.43000000000029,-13.61999999999989,32.8100000000004,0.028322626085843128,2006,13.61999999999989
2006-11-20,7259.54,7232.33,7261.48,7270.28,7228.97,-27.210000000000036,29.149999999999636,1.9399999999995998,-0.005515197662214755,2006,1.9399999999995998
2006-11-21,7261.48,7263.4,7309.69,7272.42,7245.42,1.9200000000000728,46.289999999999964,48.210000000000036,0.01752715985514741,2006,48.210000000000036
2006-11-22,7309.69,7326.92,7348.77,7334.35,7309.69,17.230000000000473,21.850000000000364,39.08000000000084,-0.010981859594891508,2006,-39.08000000000084
2006-11-23,7348.77,7368.72,7384.69,7386.9,7348.77,19.949999999999818,15.969999999999345,35.91999999999916,0.012358118111531535,2006,35.91999999999916
2006-11-24,7384.69,7397.43,7427.36,7404.9,7366.08,12.740000000000691,29.92999999999938,42.67000000000007,0.012358118111531535,2006,42.67000000000007
2006-11-27,7427.36,7499.23,7498.15,7504.94,7427.36,71.86999999999989,-1.0799999999999272,70.78999999999996,-0.006093473889464351,2006,70.78999999999996
2006-11-28,7498.15,7453.68,7444.94,7498.15,7447.67,-44.469999999999345,-8.740000000000691,-53.210000000000036,-0.02348108638342228,2006,-44.469999999999345
2006-11-30,7474.19,7511.36,7567.72,7529.08,7474.19,37.17000000000007,56.36000000000058,93.53000000000065,-0.004326380470676794,2006,93.53000000000065
2006-12-04,7613.57,7602.49,7647.01,7628.51,7590.92,-11.079999999999927,44.52000000000044,33.44000000000051,-0.010291845851947756,2006,-33.44000000000051
2006-12-05,7647.01,7672.3,7609.9,7703.25,7647.01,25.289999999999964,-62.400000000000546,-37.11000000000058,0.019679807631462376,2006,-37.11000000000058
2006-12-08,7686.52,7651.67,7636.3,7686.52,7626.37,-34.850000000000364,-15.36999999999989,-50.220000000000255,-0.016917946934517092,2006,50.220000000000255
2006-12-11,7636.3,7604.56,7612.12,7636.3,7587.58,-31.73999999999978,7.559999999999491,-24.18000000000029,-0.006617279840186452,2006,-24.18000000000029
2006-12-12,7612.12,7555.42,7458.56,7612.12,7551.01,-56.69999999999982,-96.85999999999967,-153.5599999999995,-0.0025137207256273886,2006,-153.5599999999995
2006-12-13,7458.56,7476.43,7450.3,7494.49,7453.03,17.86999999999989,-26.13000000000011,-8.260000000000218,-0.007035154773405106,2006,-8.260000000000218
2006-12-14,7450.3,7486.3,7480.41,7485.1,7428.38,36.0,-5.890000000000327,30.109999999999673,-0.012308863650783541,2006,-30.109999999999673
2006-12-15,7480.41,7550.4,7538.82,7561.69,7480.41,69.98999999999978,-11.579999999999927,58.409999999999854,0.018629151410034073,2006,58.409999999999854
2006-12-20,7598.88,7625.06,7648.35,7634.64,7598.88,26.18000000000029,23.289999999999964,49.470000000000255,-0.01412589467497849,2006,-49.470000000000255
2006-12-22,7620.94,7631.44,7652.47,7654.42,7620.94,10.5,21.030000000000655,31.530000000000655,-0.013491794958551795,2006,-31.530000000000655
2006-12-25,7652.47,7650.87,7646.81,7659.5,7635.16,-1.6000000000003638,-4.059999999999491,-5.6599999999998545,-0.0060664523043943985,2006,-5.6599999999998545
2006-12-26,7646.81,7730.73,7727.59,7739.92,7646.81,83.91999999999916,-3.139999999999418,80.77999999999975,-0.0060664523043943985,2006,80.77999999999975
2006-12-29,7732.93,7788.13,7823.72,7796.22,7732.93,55.19999999999982,35.590000000000146,90.78999999999996,-0.002063961529459424,2006,90.78999999999996
2007-01-02,7823.72,7902.53,7920.8,7900.29,7823.72,78.80999999999949,18.270000000000437,97.07999999999993,-0.004179104477611939,2007,97.07999999999993
2007-01-03,7920.8,7924.38,7917.3,7999.42,7920.8,3.5799999999999272,-7.079999999999927,-3.5,-0.004179104477611939,2007,-3.5
2007-01-04,7917.3,7901.24,7934.51,7955.9,7902.17,-16.0600000000004,33.27000000000044,17.210000000000036,-0.004239465570400891,2007,17.210000000000036
2007-01-05,7934.51,7854.57,7835.57,7942.23,7840.18,-79.94000000000051,-19.0,-98.94000000000051,0.020126435298671197,2007,19.0
2007-01-08,7835.57,7791.37,7736.71,7835.57,7753.38,-44.19999999999982,-54.659999999999854,-98.85999999999967,-0.011234770878124967,2007,98.85999999999967
2007-01-11,7698.52,7726.65,7618.55,7748.96,7698.52,28.1299999999992,-108.09999999999945,-79.97000000000025,0.01764903866380574,2007,-79.97000000000025
2007-01-12,7618.55,7704.96,7761.71,7735.2,7618.55,86.40999999999985,56.75,143.15999999999985,-0.0029146081815738523,2007,143.15999999999985
2007-01-17,7792.08,7781.87,7833.98,7792.08,7747.58,-10.210000000000036,52.10999999999967,41.899999999999636,-0.012434975440923535,2007,-41.899999999999636
2007-01-18,7833.98,7857.02,7895.18,7869.14,7830.23,23.040000000000873,38.159999999999854,61.20000000000073,-0.008142536358103691,2007,61.20000000000073
2007-01-19,7895.18,7857.35,7840.08,7895.18,7859.19,-37.82999999999993,-17.270000000000437,-55.100000000000364,-0.03863487294500978,2007,-37.82999999999993
2007-01-23,7842.47,7869.55,7852.36,7869.15,7818.58,27.079999999999927,-17.19000000000051,9.889999999999418,-0.010069391239629577,2007,-9.889999999999418
2007-01-25,7935.54,7955.84,7923.77,7990.55,7935.54,20.300000000000182,-32.06999999999971,-11.769999999999527,0.013118954017403706,2007,-11.769999999999527
2007-01-26,7923.77,7878.17,7821.32,7923.77,7825.75,-45.600000000000364,-56.850000000000364,-102.45000000000073,-0.005646145797000401,2007,-102.45000000000073
2007-01-29,7821.32,7833.44,7751.79,7838.92,7815.18,12.11999999999989,-81.64999999999964,-69.52999999999975,0.01457917698901623,2007,-69.52999999999975
2007-01-30,7751.79,7727.58,7739.91,7778.24,7729.97,-24.210000000000036,12.329999999999927,-11.88000000000011,-0.0055101776221961885,2007,-11.88000000000011
2007-02-01,7699.64,7753.64,7701.54,7757.14,7699.64,54.0,-52.100000000000364,1.8999999999996362,-0.003474257920222268,2007,1.8999999999996362
2007-02-07,7875.75,7866.72,7850.06,7894.77,7865.83,-9.029999999999745,-16.659999999999854,-25.6899999999996,-0.00537335160130159,2007,-25.6899999999996
2007-02-08,7850.06,7854.53,7842.22,7884.73,7850.06,4.469999999999345,-12.30999999999949,-7.8400000000001455,0.014011751791825455,2007,-7.8400000000001455
2007-02-09,7842.22,7856.35,7859.53,7860.21,7822.53,14.13000000000011,3.1799999999993815,17.30999999999949,-0.004924435388011572,2007,17.30999999999949
2007-02-12,7859.53,7779.22,7776.36,7859.53,7768.43,-80.30999999999949,-2.860000000000582,-83.17000000000007,-0.013822525597269708,2007,83.17000000000007
2007-02-13,7776.36,7778.47,7736.83,7800.87,7776.36,2.110000000000582,-41.64000000000033,-39.529999999999745,-0.009798408029070726,2007,-39.529999999999745
2007-02-27,7900.2,7930.74,7901.96,7938.99,7888.46,30.539999999999964,-28.779999999999745,1.7600000000002183,-0.0010440122824973974,2007,1.7600000000002183
2007-03-02,7678.67,7695.15,7670.77,7692.1,7625.99,16.479999999999563,-24.3799999999992,-7.899999999999636,-0.008277900960827811,2007,-7.899999999999636
2007-03-03,7670.77,7647.86,7630.15,7670.77,7631.6,-22.910000000000764,-17.710000000000036,-40.6200000000008,-0.01765219428060394,2007,40.6200000000008
2007-03-05,7630.15,7515.96,7344.56,7630.15,7505.14,-114.1899999999996,-171.39999999999964,-285.58999999999924,-0.01765219428060394,2007,285.58999999999924
2007-03-06,7344.56,7390.78,7451.06,7405.83,7344.56,46.219999999999345,60.280000000000655,106.5,-0.007456539645380844,2007,106.5
2007-03-07,7451.06,7465.27,7480.89,7516.21,7451.06,14.210000000000036,15.61999999999989,29.829999999999927,0.016641188032321397,2007,29.829999999999927
2007-03-08,7480.89,7535.69,7573.87,7544.69,7480.89,54.79999999999927,38.18000000000029,92.97999999999956,-0.004511084378759134,2007,92.97999999999956
2007-03-09,7573.87,7583.65,7568.2,7619.35,7564.47,9.779999999999745,-15.449999999999818,-5.670000000000073,0.017975055025678532,2007,-5.670000000000073
2007-03-14,7684.0,7548.17,7570.27,7684.0,7526.48,-135.82999999999993,22.100000000000364,-113.72999999999956,-0.01664893284095892,2007,113.72999999999956
2007-03-19,7719.8,7737.41,7737.46,7749.65,7713.78,17.609999999999673,0.0500000000001819,17.659999999999854,-0.0048703352308665515,2007,17.659999999999854
2007-03-20,7737.46,7774.62,7736.2,7798.27,7737.46,37.159999999999854,-38.42000000000007,-1.2600000000002183,-0.0059747028538740254,2007,-1.2600000000002183
2007-03-22,7757.03,7843.67,7823.67,7856.99,7757.03,86.64000000000033,-20.0,66.64000000000033,0.018557615166997277,2007,66.64000000000033
2007-03-23,7823.67,7820.71,7859.32,7838.45,7806.89,-2.9600000000000364,38.60999999999967,35.649999999999636,-0.012851072650015505,2007,-35.649999999999636
2007-03-27,7877.82,7926.35,7845.17,7926.27,7862.76,48.530000000000655,-81.18000000000029,-32.649999999999636,-0.0010432532810316086,2007,-32.649999999999636
2007-03-28,7845.17,7816.43,7788.14,7845.17,7798.7,-28.73999999999978,-28.289999999999964,-57.029999999999745,-0.006746454456210582,2007,-57.029999999999745
2007-03-29,7788.14,7785.15,7848.33,7802.23,7764.05,-2.990000000000691,63.18000000000029,60.1899999999996,-0.013521470328468732,2007,-60.1899999999996
2007-03-30,7848.33,7880.8,7884.41,7888.82,7848.33,32.470000000000255,3.6099999999996726,36.07999999999993,-0.009379463238899266,2007,36.07999999999993
2007-04-03,7884.99,7913.26,7932.91,7918.62,7879.88,28.270000000000437,19.649999999999636,47.92000000000007,-0.00025774856627358567,2007,47.92000000000007
2007-04-10,8056.56,8044.97,8048.39,8064.54,8031.29,-11.590000000000146,3.4200000000000728,-8.170000000000073,-0.00595037846930202,2007,-8.170000000000073
2007-04-12,8084.45,8065.88,8075.2,8084.45,8039.13,-18.56999999999971,9.319999999999709,-9.25,-0.011120903101263235,2007,9.25
2007-04-14,8002.3,8023.38,8045.12,8042.33,8002.3,21.079999999999927,21.73999999999978,42.81999999999971,-0.007354795326552921,2007,42.81999999999971
2007-04-16,8045.12,8079.17,8043.54,8096.84,8045.12,34.05000000000018,-35.63000000000011,-1.5799999999999272,-0.007354795326552921,2007,-1.5799999999999272
2007-04-18,7959.29,7981.45,8003.31,7992.81,7946.35,22.159999999999854,21.860000000000582,44.02000000000044,-0.005253164556962009,2007,44.02000000000044
2007-04-19,8003.31,7939.21,7888.63,8003.31,7925.68,-64.10000000000036,-50.57999999999993,-114.68000000000029,0.0253228987720302,2007,50.57999999999993
2007-04-24,8010.46,8032.83,8045.01,8041.06,8010.46,22.36999999999989,12.180000000000291,34.55000000000018,-0.00666926597032691,2007,34.55000000000018
2007-04-25,8045.01,8000.9,7984.65,8045.01,7996.2,-44.11000000000058,-16.25,-60.36000000000058,0.030905259678552177,2007,16.25
2007-04-30,7949.42,7883.13,7875.42,7956.03,7866.06,-66.28999999999996,-7.710000000000036,-74.0,-0.015420154793871377,2007,74.0
2007-05-07,8066.06,8104.62,8115.27,8122.2,8066.06,38.55999999999949,10.650000000000546,49.210000000000036,0.01043186314674549,2007,49.210000000000036
2007-05-08,8115.27,8102.11,8095.84,8115.27,8083.18,-13.160000000000764,-6.269999999999527,-19.43000000000029,-0.003500721900278947,2007,-19.43000000000029
2007-05-09,8095.84,8079.68,8052.7,8095.84,8070.65,-16.159999999999854,-26.980000000000473,-43.14000000000033,-0.005398539218799514,2007,-43.14000000000033
2007-05-10,8052.7,8085.0,8096.86,8105.09,8052.7,32.30000000000018,11.859999999999673,44.159999999999854,0.016962005108556832,2007,44.159999999999854
2007-05-11,8096.86,8022.93,8031.54,8096.86,8023.74,-73.92999999999938,8.609999999999673,-65.31999999999971,-0.021035281189906274,2007,-73.92999999999938
2007-05-14,8031.54,8033.52,8030.56,8072.15,8013.83,1.980000000000473,-2.9600000000000364,-0.9799999999995634,0.011946281820004012,2007,-0.9799999999995634
2007-05-15,8030.56,8004.01,7975.03,8041.55,8007.2,-26.550000000000182,-28.980000000000473,-55.530000000000655,-0.0014459454106089398,2007,-55.530000000000655
2007-05-16,7975.03,7993.39,7988.57,8014.88,7975.03,18.360000000000582,-4.8200000000006185,13.539999999999964,-0.012000872790748462,2007,-13.539999999999964
2007-05-17,7988.57,8074.33,8037.96,8080.63,7988.57,85.76000000000022,-36.36999999999989,49.39000000000033,-0.0011042402826855202,2007,49.39000000000033
2007-05-18,8037.96,8050.44,8034.14,8075.21,8037.96,12.479999999999563,-16.299999999999272,-3.819999999999709,-0.010511928928908731,2007,3.819999999999709
2007-05-21,8034.14,8075.64,8141.59,8077.36,8034.14,41.5,65.94999999999982,107.44999999999982,-0.0011984562258785525,2007,107.44999999999982
2007-05-22,8141.59,8202.34,8188.63,8205.89,8141.59,60.75,-13.710000000000036,47.039999999999964,-0.0017286612027413994,2007,47.039999999999964
2007-05-24,8221.79,8247.87,8216.41,8249.37,8210.05,26.079999999999927,-31.460000000000946,-5.380000000001019,-0.013001500953308098,2007,5.380000000001019
2007-05-25,8216.41,8148.39,8159.97,8216.41,8130.17,-68.01999999999953,11.579999999999927,-56.4399999999996,-0.01596761266722846,2007,56.4399999999996
2007-05-31,8147.34,8210.6,8144.95,8220.81,8147.34,63.26000000000022,-65.65000000000055,-2.3900000000003274,-0.0036219136121862228,2007,-2.3900000000003274
2007-06-01,8144.95,8234.86,8249.9,8246.81,8144.95,89.91000000000076,15.039999999999054,104.94999999999982,0.014207968094387402,2007,104.94999999999982
2007-06-06,8303.99,8358.8,8314.68,8364.8,8303.99,54.80999999999949,-44.11999999999898,10.69000000000051,-0.006524753282766471,2007,10.69000000000051
2007-06-07,8314.68,8296.04,8355.26,8314.68,8263.61,-18.639999999999418,59.219999999999345,40.57999999999993,-0.011267547820375978,2007,-40.57999999999993
2007-06-08,8355.26,8286.78,8300.71,8355.26,8279.96,-68.47999999999956,13.929999999998472,-54.55000000000109,-0.01679294239750906,2007,54.55000000000109
2007-06-11,8300.71,8346.48,8338.88,8358.04,8300.71,45.77000000000044,-7.600000000000364,38.17000000000007,0.03103491956255544,2007,7.600000000000364
2007-06-12,8338.88,8392.16,8370.26,8391.59,8338.88,53.280000000000655,-21.899999999999636,31.38000000000102,-0.004074862806126678,2007,31.38000000000102
2007-06-13,8370.26,8376.75,8346.39,8388.49,8361.4,6.489999999999782,-30.360000000000582,-23.8700000000008,-0.009396138742109872,2007,-23.8700000000008
2007-06-14,8346.39,8445.91,8450.72,8448.38,8346.39,99.52000000000044,4.809999999999491,104.32999999999993,0.01440431714404311,2007,104.32999999999993
2007-06-15,8450.72,8531.07,8573.64,8534.74,8450.72,80.35000000000036,42.56999999999971,122.92000000000007,0.010823750869582982,2007,122.92000000000007
2007-06-20,8573.64,8649.57,8755.88,8673.17,8573.64,75.93000000000029,106.30999999999949,182.23999999999978,-0.004729823724636817,2007,182.23999999999978
2007-06-21,8755.88,8753.65,8851.99,8817.47,8722.15,-2.2299999999995634,98.34000000000015,96.11000000000058,-0.006429584073800454,2007,96.11000000000058
2007-06-22,8851.99,8861.18,8846.39,8884.03,8841.59,9.19000000000051,-14.790000000000873,-5.600000000000364,0.029964428545589783,2007,14.790000000000873
2007-06-23,8846.39,8817.39,8812.91,8846.39,8800.74,-29.0,-4.479999999999563,-33.47999999999956,-0.015160975609756044,2007,33.47999999999956
2007-06-25,8812.91,8932.85,8939.19,8937.22,8812.91,119.94000000000051,6.3400000000001455,126.28000000000065,-0.015160975609756044,2007,-126.28000000000065
2007-06-26,8939.19,8894.82,8865.75,8983.96,8890.5,-44.3700000000008,-29.06999999999971,-73.44000000000051,-0.014958492659441713,2007,73.44000000000051
2007-06-27,8865.75,8868.7,8844.22,8887.88,8827.43,2.9500000000007276,-24.480000000001382,-21.530000000000655,-0.0025946337342612757,2007,-21.530000000000655
2007-06-28,8844.22,8880.58,8892.83,8914.69,8844.22,36.36000000000058,12.25,48.61000000000058,0.0219403496743229,2007,-12.25
2007-06-29,8892.83,8885.28,8883.21,8932.95,8882.85,-7.549999999999272,-2.070000000001528,-9.6200000000008,-0.00893896639501146,2007,-9.6200000000008
2007-07-02,8883.21,8854.59,8939.49,8903.77,8849.35,-28.61999999999898,84.89999999999964,56.280000000000655,-0.0021503663587129074,2007,56.280000000000655
2007-07-09,9188.31,9272.64,9369.84,9277.73,9188.31,84.32999999999993,97.20000000000073,181.53000000000065,0.010385581906706465,2007,181.53000000000065
2007-07-10,9369.84,9368.52,9384.73,9404.76,9306.62,-1.319999999999709,16.209999999999127,14.889999999999418,0.011425240454677965,2007,14.889999999999418
2007-07-11,9384.73,9289.84,9290.95,9384.73,9293.33,-94.88999999999942,1.110000000000582,-93.77999999999884,-0.007646053061302949,2007,-93.77999999999884
2007-07-12,9290.95,9318.15,9354.41,9379.71,9290.95,27.19999999999891,36.26000000000022,63.45999999999913,-0.001064756557932367,2007,63.45999999999913
2007-07-13,9354.41,9456.28,9471.3,9540.35,9354.41,101.8700000000008,15.019999999998618,116.88999999999942,0.028992248062015502,2007,-15.019999999998618
2007-07-16,9471.3,9507.09,9417.32,9522.43,9460.0,35.79000000000087,-89.77000000000044,-53.97999999999956,-0.0020152177188489384,2007,-53.97999999999956
2007-07-18,9509.73,9535.04,9485.35,9573.16,9482.55,25.31000000000131,-49.69000000000051,-24.3799999999992,0.029534196003089264,2007,49.69000000000051
2007-07-19,9485.35,9523.01,9473.31,9525.11,9446.22,37.659999999999854,-49.70000000000073,-12.040000000000873,-0.01339212206589957,2007,12.040000000000873
2007-07-23,9585.9,9601.13,9621.57,9613.09,9563.72,15.229999999999563,20.44000000000051,35.67000000000007,-0.012271405968281912,2007,-35.67000000000007
2007-07-24,9621.57,9692.95,9744.06,9691.46,9621.57,71.38000000000102,51.10999999999876,122.48999999999978,-0.005457559558179725,2007,122.48999999999978
2007-07-25,9744.06,9683.85,9740.13,9744.06,9656.04,-60.20999999999913,56.279999999998836,-3.930000000000291,-0.019103270030340624,2007,3.930000000000291
2007-07-27,9566.42,9320.71,9162.28,9566.42,9213.87,-245.71000000000095,-158.42999999999847,-404.1399999999994,-0.022240872849349502,2007,-245.71000000000095
2007-07-30,9162.28,9100.17,9072.57,9162.28,9006.78,-62.11000000000058,-27.600000000000364,-89.71000000000095,-0.020132657042528423,2007,-62.11000000000058
2007-07-31,9072.57,9238.01,9287.25,9248.75,9072.57,165.4400000000005,49.23999999999978,214.6800000000003,0.017121924026439528,2007,214.6800000000003
2007-08-01,9287.25,9239.75,8891.88,9287.25,9162.71,-47.5,-347.8700000000008,-395.3700000000008,-0.023097400563733217,2007,-47.5
2007-08-03,8950.57,9133.68,9057.82,9134.6,8950.57,183.11000000000058,-75.86000000000058,107.25,-0.0015770981394235273,2007,107.25
2007-08-06,9057.82,8919.57,8941.73,9057.82,8865.58,-138.25,22.159999999999854,-116.09000000000015,-0.024993501689560715,2007,-138.25
2007-08-07,8941.73,8994.56,8862.31,9068.83,8941.73,52.82999999999993,-132.25,-79.42000000000007,0.015503558025552255,2007,-79.42000000000007
2007-08-08,8862.31,9017.08,9099.46,9020.38,8862.31,154.77000000000044,82.3799999999992,237.14999999999964,-0.0017367071225186104,2007,237.14999999999964
2007-08-09,9099.46,9172.49,9182.6,9219.02,9099.46,73.03000000000065,10.110000000000582,83.14000000000124,0.0228389941941618,2007,-10.110000000000582
2007-08-10,9182.6,8929.94,8931.31,9182.6,8870.27,-252.65999999999985,1.3699999999989814,-251.29000000000087,-0.006843083738776068,2007,-251.29000000000087
2007-08-14,8938.96,8879.5,8910.99,8952.54,8840.26,-59.45999999999913,31.48999999999978,-27.969999999999345,-0.005096375029745359,2007,-27.969999999999345
2007-08-15,8910.99,8749.88,8593.04,8910.99,8752.68,-161.11000000000058,-156.83999999999833,-317.9499999999989,-0.022343584939506833,2007,-161.11000000000058
2007-08-16,8593.04,8260.82,8201.37,8593.04,8239.86,-332.22000000000116,-59.44999999999891,-391.6700000000001,-0.023180428134556563,2007,-332.22000000000116
2007-08-17,8201.37,8305.88,8090.29,8307.37,8160.68,104.5099999999984,-215.58999999999924,-111.08000000000084,-0.002963705048734222,2007,-111.08000000000084
2007-08-20,8090.29,8444.86,8515.6,8496.97,8090.29,354.5700000000006,70.73999999999978,425.3100000000004,0.021142534173452576,2007,-70.73999999999978
2007-08-22,8479.08,8476.11,8493.46,8505.89,8432.93,-2.969999999999345,17.349999999998545,14.3799999999992,-0.0002235136343317068,2007,14.3799999999992
2007-08-24,8732.84,8720.47,8690.09,8732.84,8675.18,-12.3700000000008,-30.3799999999992,-42.75,-0.007412181759587466,2007,-42.75
2007-08-28,8718.31,8730.72,8727.55,8745.6,8672.81,12.409999999999854,-3.1700000000000728,9.239999999999782,-0.016481078027918983,2007,-9.239999999999782
2007-08-29,8727.55,8558.68,8643.32,8727.55,8514.47,-168.86999999999898,84.63999999999942,-84.22999999999956,-0.023525792226438358,2007,-168.86999999999898
2007-08-30,8643.32,8767.01,8771.21,8816.73,8643.32,123.69000000000051,4.199999999998909,127.88999999999942,0.027852461771130876,2007,-4.199999999998909
2007-09-03,8982.16,8988.47,8979.96,9019.41,8947.06,6.309999999999491,-8.510000000000218,-2.2000000000007276,0.014893703839719219,2007,-2.2000000000007276
2007-09-04,8979.96,8954.34,8922.98,9027.77,8927.91,-25.61999999999898,-31.360000000000582,-56.97999999999956,0.014893703839719219,2007,-56.97999999999956
2007-09-05,8922.98,8994.91,8913.85,9026.3,8922.98,71.93000000000029,-81.05999999999949,-9.1299999999992,0.02205291090382766,2007,81.05999999999949
2007-09-06,8913.85,8906.42,9017.08,8913.85,8841.64,-7.430000000000291,110.65999999999985,103.22999999999956,-0.012332566235912057,2007,-103.22999999999956
2007-09-10,9018.08,8891.38,8937.58,9018.08,8845.9,-126.70000000000073,46.20000000000073,-80.5,-0.025039061727418432,2007,-126.70000000000073
2007-09-13,9018.12,9000.69,8927.42,9062.31,8991.76,-17.43000000000029,-73.27000000000044,-90.70000000000073,-0.019442721981077438,2007,90.70000000000073
2007-09-14,8927.42,8966.14,9031.63,9005.73,8927.42,38.719999999999345,65.48999999999978,104.20999999999913,-0.004141082393259943,2007,104.20999999999913
2007-09-17,9031.63,9024.31,8899.91,9044.37,8999.45,-7.319999999999709,-124.39999999999964,-131.71999999999935,-0.002417141218403085,2007,-131.71999999999935
2007-09-19,8899.91,9003.45,8926.38,9090.9,8899.91,103.54000000000087,-77.07000000000153,26.469999999999345,0.02841214123477176,2007,77.07000000000153
2007-09-27,9257.47,9307.93,9413.65,9344.39,9257.47,50.460000000000946,105.71999999999935,156.1800000000003,-0.00309734513274329,2007,156.1800000000003
2007-10-02,9488.5,9605.61,9623.25,9617.21,9488.5,117.11000000000058,17.639999999999418,134.75,0.011857865584194771,2007,134.75
2007-10-03,9623.25,9640.56,9700.07,9678.26,9618.14,17.30999999999949,59.51000000000022,76.81999999999971,-9.881032370251397e-05,2007,76.81999999999971
2007-10-04,9700.07,9657.18,9627.39,9700.07,9617.24,-42.88999999999942,-29.790000000000873,-72.68000000000029,-0.02130561100460504,2007,-42.88999999999942
2007-10-05,9627.39,9637.32,9617.26,9670.13,9612.88,9.930000000000291,-20.05999999999949,-10.1299999999992,-0.0024233122639794047,2007,-10.1299999999992
2007-10-11,9639.83,9698.3,9697.67,9729.47,9639.83,58.469999999999345,-0.6299999999991996,57.840000000000146,-0.005758234678263752,2007,57.840000000000146
2007-10-12,9697.67,9711.87,9496.47,9731.16,9670.35,14.200000000000728,-215.40000000000146,-201.20000000000073,-0.024523105585031013,2007,14.200000000000728
2007-10-15,9496.47,9451.26,9518.45,9577.04,9431.66,-45.20999999999913,67.19000000000051,21.980000000001382,0.011874364244047309,2007,21.980000000001382
2007-10-16,9518.45,9532.24,9592.47,9527.27,9461.27,13.789999999999054,60.22999999999956,74.01999999999862,-0.00012309459819870305,2007,74.01999999999862
2007-10-17,9592.47,9512.7,9562.16,9599.14,9492.89,-79.76999999999862,49.45999999999913,-30.30999999999949,-0.0010053963108110908,2007,-30.30999999999949
2007-10-18,9562.16,9646.23,9637.07,9667.07,9562.16,84.06999999999971,-9.159999999999854,74.90999999999985,0.018505586592178824,2007,74.90999999999985
2007-10-22,9611.72,9312.51,9360.63,9611.72,9278.89,-299.2099999999991,48.11999999999898,-251.09000000000015,-0.0429552918421211,2007,-299.2099999999991
2007-10-23,9360.63,9447.54,9502.39,9464.43,9360.63,86.91000000000167,54.849999999998545,141.76000000000022,0.010126102608366105,2007,141.76000000000022
2007-10-24,9502.39,9640.49,9442.62,9638.84,9502.39,138.10000000000036,-197.86999999999898,-59.76999999999862,-0.0025009378516943626,2007,-59.76999999999862
2007-10-25,9442.62,9529.78,9568.26,9573.29,9442.62,87.15999999999985,38.47999999999956,125.63999999999942,-0.035080021729137933,2007,87.15999999999985
2007-10-26,9568.26,9626.43,9631.51,9661.94,9568.26,58.17000000000007,5.079999999999927,63.25,-0.020180585929887584,2007,58.17000000000007
2007-10-29,9631.51,9757.34,9809.88,9786.01,9631.51,125.82999999999993,52.539999999999054,178.36999999999898,-0.0012817396300633943,2007,178.36999999999898
2007-10-30,9809.88,9805.11,9757.93,9859.65,9778.84,-4.769999999998618,-47.18000000000029,-51.94999999999891,0.014670413559622064,2007,-51.94999999999891
2007-11-02,9598.23,9394.47,9273.09,9598.23,9345.9,-203.76000000000022,-121.3799999999992,-325.1399999999994,-0.017717257601588265,2007,325.1399999999994
2007-11-06,9308.6,9343.48,9292.8,9368.46,9278.01,34.8799999999992,-50.68000000000029,-15.800000000001091,-0.012469154674295102,2007,15.800000000001091
2007-11-08,9300.22,9045.19,8937.58,9300.22,9025.86,-255.02999999999884,-107.61000000000058,-362.6399999999994,-0.024574503129460856,2007,-255.02999999999884
2007-11-09,8937.58,8853.82,8970.92,9015.16,8857.9,-83.76000000000022,117.10000000000036,33.340000000000146,-0.015174711815561959,2007,-33.340000000000146
2007-11-12,8970.92,8747.57,8670.61,8970.92,8698.5,-223.35000000000036,-76.95999999999913,-300.3099999999995,-0.0025604681998994128,2007,-300.3099999999995
2007-11-13,8670.61,8652.71,8727.21,8713.82,8644.5,-17.900000000001455,74.5,56.599999999998545,-0.013706165482466282,2007,-56.599999999998545
2007-11-14,8727.21,8960.93,8942.93,8971.93,8727.21,233.72000000000116,-18.0,215.72000000000116,0.022773749767614815,2007,18.0
2007-11-15,8942.93,8928.13,8905.41,8962.21,8902.88,-14.800000000001091,-22.719999999999345,-37.52000000000044,-0.019153867127147173,2007,37.52000000000044
2007-11-16,8905.41,8762.92,8764.82,8905.41,8721.3,-142.48999999999978,1.8999999999996362,-140.59000000000015,-0.007760198290439946,2007,-140.59000000000015
2007-11-19,8764.82,8792.54,8680.71,8838.28,8764.82,27.720000000001164,-111.83000000000175,-84.11000000000058,-0.004785917728906797,2007,-84.11000000000058
2007-11-20,8680.71,8433.84,8680.86,8680.71,8426.26,-246.86999999999898,247.02000000000044,0.1500000000014552,-0.020502474841070706,2007,-246.86999999999898
2007-11-21,8680.86,8636.36,8484.11,8704.08,8638.7,-44.5,-152.25,-196.75,-0.01084900011974621,2007,196.75
2007-11-22,8484.11,8486.47,8499.37,8484.11,8390.85,2.359999999998763,12.900000000001455,15.260000000000218,-0.012590189337078117,2007,-15.260000000000218
2007-11-23,8499.37,8460.99,8342.2,8559.05,8465.7,-38.38000000000102,-118.78999999999905,-157.17000000000007,-0.012590189337078117,2007,157.17000000000007
2007-11-26,8342.2,8475.56,8528.33,8479.6,8342.2,133.35999999999876,52.77000000000044,186.1299999999992,0.013878671963120981,2007,186.1299999999992
2007-11-27,8528.33,8249.94,8375.76,8528.33,8255.08,-278.3899999999994,125.81999999999971,-152.5699999999997,-0.02691786785334238,2007,-278.3899999999994
2007-11-28,8375.76,8420.43,8276.26,8440.12,8368.92,44.67000000000007,-144.17000000000007,-99.5,0.020454827886168703,2007,144.17000000000007
2007-11-29,8276.26,8442.66,8447.03,8481.45,8276.26,166.39999999999964,4.3700000000008,170.77000000000044,0.023503336743143866,2007,-4.3700000000008
2007-11-30,8447.03,8572.59,8586.4,8573.35,8447.03,125.55999999999949,13.80999999999949,139.36999999999898,-0.0002855579087642779,2007,139.36999999999898
2007-12-03,8586.4,8601.42,8583.84,8625.33,8582.37,15.020000000000437,-17.579999999999927,-2.5599999999994907,-0.013163219156887562,2007,2.5599999999994907
2007-12-05,8651.28,8662.26,8676.95,8676.04,8601.13,10.979999999999563,14.69000000000051,25.670000000000073,-0.008048580654489434,2007,25.670000000000073
2007-12-06,8676.95,8776.64,8694.41,8797.61,8676.95,99.68999999999869,-82.22999999999956,17.459999999999127,0.024511709260518932,2007,82.22999999999956
2007-12-07,8694.41,8798.81,8722.38,8804.93,8694.41,104.39999999999964,-76.43000000000029,27.969999999999345,0.01702511085291536,2007,27.969999999999345
2007-12-12,8638.33,8504.48,8490.84,8638.33,8490.35,-133.85000000000036,-13.639999999999418,-147.48999999999978,-0.020775014459225027,2007,-133.85000000000036
2007-12-14,8187.95,8174.11,8118.08,8202.94,8095.13,-13.840000000000146,-56.029999999999745,-69.86999999999989,-0.011205863697230312,2007,69.86999999999989
2007-12-17,8118.08,8004.58,7830.85,8118.08,8004.14,-113.5,-173.72999999999956,-287.22999999999956,-0.016084580660489345,2007,287.22999999999956
2007-12-18,7830.85,7783.92,7807.39,7830.85,7664.62,-46.93000000000029,23.470000000000255,-23.460000000000036,-0.01576799555695063,2007,23.460000000000036
2007-12-21,7857.08,7968.19,7941.44,7966.75,7810.27,111.10999999999967,-26.75,84.35999999999967,0.013519460199491462,2007,84.35999999999967
2007-12-28,8313.72,8370.0,8396.95,8378.47,8269.32,56.280000000000655,26.950000000000728,83.23000000000138,-0.018160529522808222,2007,-83.23000000000138
2007-12-31,8396.95,8450.87,8506.28,8461.2,8396.95,53.92000000000007,55.409999999999854,109.32999999999993,-0.002190367251575842,2007,109.32999999999993
2008-01-02,8506.28,8486.23,8323.05,8506.28,8444.58,-20.05000000000109,-163.1800000000003,-183.23000000000138,-0.004756213566184497,2008,-183.23000000000138
2008-01-03,8323.05,8174.03,8184.2,8323.05,8130.41,-149.01999999999953,10.170000000000073,-138.84999999999945,-0.027717870796980737,2008,-149.01999999999953
2008-01-04,8184.2,8148.49,8221.1,8184.2,8097.85,-35.710000000000036,72.61000000000058,36.900000000000546,-0.013712096387971662,2008,-36.900000000000546
2008-01-07,8221.1,7961.98,7883.37,8221.1,7954.05,-259.1200000000008,-78.60999999999967,-337.7300000000005,-0.04712617240409922,2008,-259.1200000000008
2008-01-08,7883.37,7965.72,7962.91,7967.26,7883.37,82.35000000000036,-2.8100000000004,79.53999999999996,-0.00332573420946769,2008,79.53999999999996
2008-01-09,7962.91,7949.74,8085.06,7962.91,7818.31,-13.170000000000073,135.32000000000062,122.15000000000055,-0.02664083313150889,2008,-13.170000000000073
2008-01-11,8057.27,8121.0,8029.31,8151.95,8057.27,63.72999999999956,-91.6899999999996,-27.960000000000036,-0.0010745577781451354,2008,-27.960000000000036
2008-01-14,8029.31,8188.32,8173.41,8260.88,8029.31,159.0099999999993,-14.909999999999854,144.09999999999945,-0.02388636050199977,2008,159.0099999999993
2008-01-15,8173.41,8540.2,8428.84,8546.2,8173.41,366.7900000000009,-111.36000000000058,255.4300000000003,0.030404928084998062,2008,111.36000000000058
2008-01-16,8428.84,8345.9,8179.54,8428.84,8237.37,-82.94000000000051,-166.35999999999967,-249.30000000000018,-0.03148224324694904,2008,-82.94000000000051
2008-01-18,8101.63,7919.77,8184.65,8101.63,7883.91,-181.85999999999967,264.8799999999992,83.01999999999953,-0.015948469846984614,2008,-83.01999999999953
2008-01-21,8184.65,8160.31,8110.2,8220.63,8126.58,-24.339999999999236,-50.11000000000058,-74.44999999999982,0.024067457481777854,2008,50.11000000000058
2008-01-22,8110.2,7694.41,7581.96,8110.2,7595.17,-415.78999999999996,-112.44999999999982,-528.2399999999998,0.024067457481777854,2008,112.44999999999982
2008-01-23,7581.96,7638.44,7408.4,7708.27,7578.18,56.47999999999956,-230.03999999999996,-173.5600000000004,-0.0287213554023501,2008,56.47999999999956
2008-01-24,7408.4,7514.36,7517.05,7653.08,7408.4,105.96000000000004,2.6900000000005093,108.65000000000055,0.012299557445830223,2008,108.65000000000055
2008-01-25,7517.05,7708.93,7739.59,7716.81,7517.05,191.8800000000001,30.659999999999854,222.53999999999996,0.024981547720433817,2008,-30.659999999999854
2008-01-28,7739.59,7633.95,7485.79,7739.59,7615.57,-105.64000000000033,-148.15999999999985,-253.80000000000018,-0.01816872541959791,2008,253.80000000000018
2008-01-29,7485.79,7490.9,7576.42,7603.38,7447.44,5.109999999999673,85.52000000000044,90.63000000000011,0.014781382228490791,2008,90.63000000000011
2008-01-30,7576.42,7654.7,7543.5,7653.74,7551.01,78.27999999999975,-111.19999999999982,-32.92000000000007,-0.006866069939400754,2008,-32.92000000000007
2008-02-12,7673.99,7542.35,7553.3,7673.99,7534.22,-131.63999999999942,10.949999999999818,-120.6899999999996,0.015983301881397516,2008,-120.6899999999996
2008-02-13,7553.3,7633.59,7550.55,7655.89,7553.3,80.28999999999996,-83.03999999999996,-2.75,-0.007063856133734836,2008,-2.75
2008-02-14,7550.55,7765.06,7865.28,7770.55,7550.55,214.51000000000022,100.21999999999935,314.72999999999956,0.03024204977042122,2008,-100.21999999999935
2008-02-15,7865.28,7840.53,7876.37,7865.28,7761.93,-24.75,35.840000000000146,11.090000000000146,-0.028143827890726114,2008,-24.75
2008-02-18,7876.37,7966.65,7890.9,7988.02,7876.37,90.27999999999975,-75.75,14.529999999999745,-0.016135424333352133,2008,-14.529999999999745
2008-02-19,7890.9,7933.99,8024.41,7986.74,7890.9,43.090000000000146,90.42000000000007,133.51000000000022,-0.016135424333352133,2008,-133.51000000000022
2008-02-20,8024.41,8001.42,7894.47,8040.83,7990.98,-22.98999999999978,-106.94999999999982,-129.9399999999996,-0.01309126481758549,2008,129.9399999999996
2008-02-21,7894.47,8011.72,8085.93,8030.57,7894.47,117.25,74.21000000000004,191.46000000000004,0.027433602518877054,2008,-74.21000000000004
2008-02-22,8085.93,8048.49,8108.71,8085.93,7986.97,-37.44000000000051,60.220000000000255,22.779999999999745,-0.00252539583451572,2008,22.779999999999745
2008-02-26,8286.31,8355.68,8307.67,8386.54,8286.31,69.3700000000008,-48.01000000000022,21.360000000000582,0.01332840741161756,2008,21.360000000000582
2008-02-27,8307.67,8373.22,8462.08,8405.51,8307.67,65.54999999999927,88.86000000000058,154.40999999999985,0.017640295033233278,2008,154.40999999999985
2008-02-29,8462.08,8431.76,8412.76,8462.08,8367.45,-30.31999999999971,-19.0,-49.31999999999971,-0.025703861024886976,2008,-30.31999999999971
2008-03-03,8412.76,8196.49,8262.87,8412.76,8175.47,-216.27000000000044,66.38000000000102,-149.88999999999942,-0.0273042311776871,2008,-216.27000000000044
2008-03-04,8262.87,8380.94,8470.11,8401.83,8262.87,118.06999999999971,89.17000000000007,207.23999999999978,-0.007326533544031011,2008,207.23999999999978
2008-03-06,8483.95,8549.01,8658.64,8608.03,8483.95,65.05999999999949,109.6299999999992,174.6899999999987,0.010163943839903489,2008,174.6899999999987
2008-03-07,8658.64,8597.24,8531.38,8658.64,8537.24,-61.399999999999636,-65.86000000000058,-127.26000000000022,-0.02634795213597474,2008,-61.399999999999636
2008-03-11,8299.37,8307.76,8381.6,8336.28,8206.74,8.389999999999418,73.84000000000015,82.22999999999956,-0.014189542104346753,2008,-82.22999999999956
2008-03-12,8381.6,8541.99,8435.3,8577.85,8381.6,160.38999999999942,-106.69000000000051,53.69999999999891,0.0318193859829865,2008,106.69000000000051
2008-03-13,8435.3,8345.09,8210.99,8447.98,8345.14,-90.20999999999913,-134.10000000000036,-224.3099999999995,-0.015433331431505715,2008,224.3099999999995
2008-03-14,8210.99,8250.96,8161.39,8315.23,8210.99,39.969999999999345,-89.5699999999988,-49.599999999999454,0.010981369339089664,2008,-49.599999999999454
2008-03-17,8161.39,7954.44,8005.46,8161.39,7950.01,-206.95000000000073,51.02000000000044,-155.9300000000003,-0.029634300126103463,2008,-206.95000000000073
2008-03-18,8005.46,8045.15,8057.82,8065.45,8005.46,39.6899999999996,12.670000000000073,52.35999999999967,-0.004489337822671136,2008,52.35999999999967
2008-03-19,8057.82,8196.95,8179.35,8226.32,8057.82,139.13000000000102,-17.600000000000364,121.53000000000065,0.03827211772384742,2008,17.600000000000364
2008-03-20,8179.35,8176.72,8337.62,8204.31,8131.91,-2.630000000000109,160.90000000000055,158.27000000000044,-0.04060464053034629,2008,-2.630000000000109
2008-03-21,8337.62,8495.82,8524.99,8492.02,8337.62,158.1999999999989,29.170000000000073,187.36999999999898,0.012330603127326922,2008,187.36999999999898
2008-03-24,8524.99,8863.72,8865.35,9049.23,8524.99,338.72999999999956,1.6300000000010186,340.3600000000006,0.012330603127326922,2008,340.3600000000006
2008-03-25,8865.35,8871.86,8795.09,8899.26,8799.21,6.510000000000218,-76.77000000000044,-70.26000000000022,0.037100238312395284,2008,76.77000000000044
2008-03-27,8768.02,8621.63,8605.95,8768.02,8627.4,-146.39000000000124,-15.679999999998472,-162.0699999999997,-0.014118847811295132,2008,162.0699999999997
2008-03-28,8605.95,8588.37,8623.48,8629.57,8564.03,-17.579999999999927,35.10999999999876,17.529999999998836,-0.014378558693276533,2008,-17.529999999998836
2008-03-31,8623.48,8529.12,8572.59,8627.53,8499.03,-94.35999999999876,43.469999999999345,-50.88999999999942,-0.010095115831242452,2008,50.88999999999942
2008-04-01,8572.59,8576.74,8419.72,8608.95,8572.59,4.149999999999636,-157.02000000000044,-152.8700000000008,0.013734968167885109,2008,-152.8700000000008
2008-04-02,8419.72,8543.64,8605.32,8584.93,8419.72,123.92000000000007,61.68000000000029,185.60000000000036,0.04221666569750537,2008,-61.68000000000029
2008-04-07,8596.34,8643.4,8729.79,8650.2,8596.34,47.05999999999949,86.39000000000124,133.45000000000073,-0.0038327620178683075,2008,133.45000000000073
2008-04-09,8672.85,8720.72,8667.93,8729.55,8672.85,47.86999999999898,-52.789999999999054,-4.920000000000073,-0.027709376268434616,2008,47.86999999999898
2008-04-10,8667.93,8764.69,8829.4,8778.63,8667.93,96.76000000000022,64.70999999999913,161.46999999999935,0.015390609779855735,2008,161.46999999999935
2008-04-11,8829.4,8867.62,8909.58,8912.41,8829.4,38.220000000001164,41.95999999999913,80.18000000000029,0.017870847494792397,2008,80.18000000000029
2008-04-14,8909.58,8903.7,8892.68,8919.26,8840.72,-5.8799999999992,-11.020000000000437,-16.899999999999636,-0.03414476518741927,2008,-5.8799999999992
2008-04-15,8892.68,8941.62,8924.78,8950.04,8892.68,48.94000000000051,-16.840000000000146,32.100000000000364,-0.017062562730010056,2008,-32.100000000000364
2008-04-16,8924.78,8992.41,9066.04,9025.38,8924.78,67.6299999999992,73.63000000000102,141.26000000000022,-0.002042205582028722,2008,141.26000000000022
2008-04-17,9066.04,9146.2,9090.43,9194.86,9066.04,80.15999999999985,-55.77000000000044,24.389999999999418,0.0545134151887221,2008,55.77000000000044
2008-04-18,9090.43,9110.82,9074.34,9123.07,9072.47,20.389999999999418,-36.47999999999956,-16.090000000000146,-0.007385046628214154,2008,-16.090000000000146
2008-04-21,9074.34,9110.37,9083.32,9160.1,9074.34,36.030000000000655,-27.05000000000109,8.979999999999563,0.024600847181492247,2008,27.05000000000109
2008-04-22,9083.32,9034.8,9037.25,9083.32,9029.59,-48.52000000000044,2.4500000000007276,-46.06999999999971,0.015211745375523389,2008,-46.06999999999971
2008-04-23,9037.25,8987.42,9008.49,9037.25,8951.53,-49.82999999999993,21.06999999999971,-28.76000000000022,-0.03263025999791169,2008,-49.82999999999993
2008-04-24,9008.49,9049.14,8990.33,9057.14,9003.45,40.649999999999636,-58.80999999999949,-18.159999999999854,0.041151708133196685,2008,58.80999999999949
2008-04-25,8990.33,9053.49,8947.83,9062.97,8990.33,63.159999999999854,-105.65999999999985,-42.5,0.014514164269237906,2008,-42.5
2008-04-28,8947.83,8968.94,9079.6,9015.48,8947.83,21.110000000000582,110.65999999999985,131.77000000000044,-0.0006642311524410749,2008,131.77000000000044
2008-04-29,9079.6,9034.84,8891.74,9079.6,9016.13,-44.76000000000022,-143.10000000000036,-187.86000000000058,-0.002224096939949405,2008,-187.86000000000058
2008-05-02,8919.92,8990.84,8963.63,9010.71,8919.92,70.92000000000007,-27.210000000000946,43.70999999999913,0.03928237615536401,2008,27.210000000000946
2008-05-05,8963.63,8927.26,8837.07,8976.22,8925.81,-36.36999999999898,-90.19000000000051,-126.55999999999949,-0.0010992030777685624,2008,-126.55999999999949
2008-05-06,8837.07,8806.97,8857.37,8859.87,8797.37,-30.100000000000364,50.400000000001455,20.30000000000109,-0.007477804176566183,2008,20.30000000000109
2008-05-07,8857.37,8941.35,8926.34,8941.14,8857.37,83.97999999999956,-15.010000000000218,68.96999999999935,0.015496648692233883,2008,68.96999999999935
2008-05-08,8926.34,8870.45,8866.62,8926.34,8853.59,-55.88999999999942,-3.8299999999999272,-59.719999999999345,-0.013647304037120667,2008,59.719999999999345
2008-05-12,8792.39,8792.26,8830.05,8816.78,8756.36,-0.12999999999919964,37.789999999999054,37.659999999999854,-0.00315189113468084,2008,37.659999999999854
2008-05-13,8830.05,8891.0,8989.53,8903.35,8830.05,60.95000000000073,98.53000000000065,159.48000000000138,0.011593475533249631,2008,159.48000000000138
2008-05-14,8989.53,9047.23,9018.42,9056.8,8989.53,57.69999999999891,-28.80999999999949,28.889999999999418,0.010096249255804768,2008,28.889999999999418
2008-05-15,9018.42,9121.36,9157.18,9123.65,9018.42,102.94000000000051,35.81999999999971,138.76000000000022,0.010069009553279828,2008,138.76000000000022
2008-05-16,9157.18,9191.37,9197.41,9211.21,9157.18,34.19000000000051,6.039999999999054,40.22999999999956,0.020496486663911018,2008,-6.039999999999054
2008-05-20,9295.2,9218.82,9068.89,9309.95,9223.86,-76.38000000000102,-149.9300000000003,-226.3100000000013,-0.007873455545805985,2008,-226.3100000000013
2008-05-21,9068.89,8979.29,9015.57,9079.91,8973.15,-89.59999999999854,36.279999999998836,-53.31999999999971,-0.030644197442333043,2008,-89.59999999999854
2008-05-22,9015.57,8932.4,9008.03,9015.57,8878.06,-83.17000000000007,75.63000000000102,-7.539999999999054,-0.009764998890340992,2008,-7.539999999999054
2008-05-26,8834.73,8744.28,8707.83,8834.73,8730.09,-90.44999999999891,-36.45000000000073,-126.89999999999964,-0.010705102848101333,2008,126.89999999999964
2008-05-27,8707.83,8743.38,8778.39,8789.77,8707.83,35.54999999999927,35.01000000000022,70.55999999999949,-0.010705102848101333,2008,-70.55999999999949
2008-05-28,8778.39,8753.46,8665.73,8834.52,8736.68,-24.93000000000029,-87.72999999999956,-112.65999999999985,0.01759340247407226,2008,-112.65999999999985
2008-05-30,8684.92,8673.59,8619.08,8765.99,8675.11,-11.329999999999927,-54.51000000000022,-65.84000000000015,-0.003206854345165211,2008,-65.84000000000015
2008-06-02,8619.08,8687.28,8724.47,8696.67,8619.08,68.20000000000073,37.18999999999869,105.38999999999942,0.019671406468724673,2008,105.38999999999942
2008-06-03,8724.47,8650.62,8579.43,8724.47,8636.99,-73.84999999999854,-71.19000000000051,-145.03999999999905,-0.01418593448940264,2008,145.03999999999905
2008-06-04,8579.43,8604.26,8627.8,8615.81,8562.13,24.829999999999927,23.539999999999054,48.36999999999898,-0.0036891353741662636,2008,48.36999999999898
2008-06-05,8627.8,8569.82,8738.46,8649.72,8548.67,-57.97999999999956,168.63999999999942,110.65999999999985,0.013192741539970632,2008,110.65999999999985
2008-06-06,8738.46,8779.58,8745.35,8802.51,8738.46,41.1200000000008,-34.22999999999956,6.890000000001237,0.010528099133549462,2008,6.890000000001237
2008-06-09,8745.35,8550.12,8587.96,8745.35,8514.93,-195.22999999999956,37.83999999999833,-157.39000000000124,-0.02886020166215586,2008,-195.22999999999956
2008-06-10,8587.96,8555.16,8370.0,8602.11,8529.54,-32.79999999999927,-185.15999999999985,-217.95999999999913,-0.008360461675051889,2008,-217.95999999999913
2008-06-11,8370.0,8327.1,8345.59,8423.42,8333.31,-42.899999999999636,18.48999999999978,-24.409999999999854,-0.016986246860155596,2008,24.409999999999854
2008-06-12,8345.59,8129.79,8062.31,8345.59,8130.46,-215.80000000000018,-67.47999999999956,-283.27999999999975,-0.03430653240904724,2008,-215.80000000000018
2008-06-16,8105.59,8187.47,8169.77,8219.48,8105.59,81.88000000000011,-17.699999999999818,64.18000000000029,0.026643030318830085,2008,17.699999999999818
2008-06-17,8169.77,8082.78,8201.79,8182.35,8080.86,-86.99000000000069,119.01000000000113,32.02000000000044,0.015058022904446355,2008,32.02000000000044
2008-06-18,8201.79,8198.2,8217.58,8222.06,8148.61,-3.5900000000001455,19.3799999999992,15.789999999999054,-0.015359983989593151,2008,-15.789999999999054
2008-06-19,8217.58,8078.35,8047.74,8217.58,8044.66,-139.22999999999956,-30.610000000000582,-169.84000000000015,-0.02319613821138211,2008,-139.22999999999956
2008-06-20,8047.74,8007.27,7902.44,8088.38,8005.92,-40.469999999999345,-104.83000000000084,-145.30000000000018,0.025905792389523175,2008,104.83000000000084
2008-06-23,7902.44,7820.7,7876.49,7902.44,7749.62,-81.73999999999978,55.789999999999964,-25.949999999999818,-0.02869964252212054,2008,-81.73999999999978
2008-06-24,7876.49,7872.37,7738.12,7928.41,7855.46,-4.119999999999891,-134.25,-138.3699999999999,-0.011484952102529422,2008,138.3699999999999
2008-06-26,7855.06,7898.08,7811.8,7902.96,7837.71,43.01999999999953,-86.27999999999975,-43.26000000000022,0.01872107698779968,2008,-43.26000000000022
2008-06-27,7811.8,7513.9,7548.76,7811.8,7489.97,-297.90000000000055,34.86000000000058,-263.03999999999996,-0.045013421432996026,2008,-297.90000000000055
2008-06-30,7548.76,7578.47,7523.54,7604.42,7548.76,29.710000000000036,-54.93000000000029,-25.220000000000255,-0.0024594594594595787,2008,-25.220000000000255
2008-07-01,7523.54,7519.9,7407.98,7569.18,7500.57,-3.6400000000003274,-111.92000000000007,-115.5600000000004,-0.0024655233140967736,2008,-115.5600000000004
2008-07-02,7407.98,7452.15,7353.86,7485.28,7360.41,44.17000000000007,-98.28999999999996,-54.11999999999989,-0.0058123743820956975,2008,-54.11999999999989
2008-07-03,7353.86,7212.34,7394.1,7353.86,7115.07,-141.51999999999953,181.76000000000022,40.24000000000069,-0.021937493170145372,2008,-141.51999999999953
2008-07-04,7394.1,7357.08,7228.41,7416.25,7337.66,-37.02000000000044,-128.67000000000007,-165.6900000000005,-0.009469009245551718,2008,-165.6900000000005
2008-07-07,7228.41,7199.99,7341.11,7259.47,7179.24,-28.420000000000073,141.1199999999999,112.69999999999982,-0.009469009245551718,2008,112.69999999999982
2008-07-10,7048.25,7004.59,7075.65,7083.62,6991.13,-43.659999999999854,71.05999999999949,27.399999999999636,-0.04308213660731641,2008,-43.659999999999854
2008-07-11,7075.65,7122.73,7244.76,7132.25,7044.48,47.07999999999993,122.03000000000065,169.11000000000058,0.0135849056603774,2008,169.11000000000058
2008-07-14,7244.76,7258.69,7156.96,7270.49,7181.21,13.929999999999382,-101.72999999999956,-87.80000000000018,-0.0072741852339768265,2008,-87.80000000000018
2008-07-15,7156.96,6945.47,6834.24,7156.96,6945.12,-211.48999999999978,-111.23000000000047,-322.72000000000025,-0.01050080775444262,2008,322.72000000000025
2008-07-16,6834.24,6743.5,6710.64,6867.73,6748.88,-90.73999999999978,-32.85999999999967,-123.59999999999945,0.01282798833819232,2008,-123.59999999999945
2008-07-17,6710.64,6919.96,6974.51,6929.55,6710.64,209.3199999999997,54.55000000000018,263.8699999999999,0.03649971214738046,2008,-54.55000000000018
2008-07-18,6974.51,7033.73,6815.32,7075.5,6966.56,59.219999999999345,-218.40999999999985,-159.1900000000005,0.022994890024438996,2008,218.40999999999985
2008-07-21,6815.32,7039.39,7085.67,7046.29,6815.32,224.07000000000062,46.279999999999745,270.35000000000036,-0.006705396894342575,2008,270.35000000000036
2008-07-22,7085.67,7005.8,7065.65,7085.67,6998.13,-79.86999999999989,59.849999999999454,-20.020000000000437,-0.010932247396758576,2008,20.020000000000437
2008-07-23,7065.65,7239.44,7309.83,7246.34,7065.65,173.78999999999996,70.39000000000033,244.1800000000003,-0.045428168780568656,2008,173.78999999999996
2008-07-24,7309.83,7343.69,7368.08,7357.15,7294.13,33.85999999999967,24.390000000000327,58.25,0.014271240411058095,2008,58.25
2008-07-25,7368.08,7224.96,7233.62,7368.08,7207.02,-143.1199999999999,8.659999999999854,-134.46000000000004,-0.042211313431131936,2008,-143.1199999999999
2008-07-29,7233.62,7007.0,7014.47,7233.62,6991.45,-226.6199999999999,7.470000000000255,-219.14999999999964,-0.018689097532802235,2008,219.14999999999964
2008-07-30,7014.47,7097.1,7070.35,7151.33,7014.47,82.63000000000011,-26.75,55.88000000000011,0.023542194856935872,2008,26.75
2008-08-01,7024.06,6953.59,7002.54,7024.06,6903.85,-70.47000000000025,48.94999999999982,-21.520000000000437,-0.003070983592173393,2008,-21.520000000000437
2008-08-04,7002.54,6991.46,6977.36,7002.54,6927.31,-11.079999999999927,-14.100000000000364,-25.18000000000029,-0.007833127970427789,2008,-25.18000000000029
2008-08-06,6813.4,6982.05,7026.24,6983.27,6813.4,168.65000000000055,44.1899999999996,212.84000000000015,0.0312923167500736,2008,-44.1899999999996
2008-08-07,7026.24,7066.67,7024.58,7082.36,6993.2,40.43000000000029,-42.090000000000146,-1.6599999999998545,0.011046727371335718,2008,-1.6599999999998545
2008-08-08,7024.58,7059.91,7209.04,7082.52,7000.75,35.32999999999993,149.1300000000001,184.46000000000004,0.015386787125917456,2008,184.46000000000004
2008-08-11,7209.04,7309.92,7325.62,7335.74,7209.04,100.88000000000011,15.699999999999818,116.57999999999993,0.02096482691505641,2008,-15.699999999999818
2008-08-12,7325.62,7295.21,7293.8,7337.67,7287.66,-30.409999999999854,-1.4099999999998545,-31.81999999999971,0.018927530706173812,2008,-31.81999999999971
2008-08-14,7292.34,7275.9,7326.07,7311.71,7264.2,-16.44000000000051,50.17000000000007,33.72999999999956,-0.005835642720102285,2008,33.72999999999956
2008-08-15,7326.07,7343.09,7196.5,7376.69,7326.07,17.020000000000437,-146.59000000000015,-129.5699999999997,0.010721273687314126,2008,-129.5699999999997
2008-08-18,7196.5,7085.42,7000.74,7213.69,7079.11,-111.07999999999993,-84.68000000000029,-195.76000000000022,-0.0017502452995304951,2008,-195.76000000000022
2008-08-19,7000.74,6905.43,6978.6,7000.74,6849.83,-95.30999999999949,73.17000000000007,-22.139999999999418,-0.017240921286826305,2008,22.139999999999418
2008-08-20,6978.6,6904.29,7040.9,6978.6,6907.02,-74.3100000000004,136.60999999999967,62.29999999999927,-0.02532843163756282,2008,-74.3100000000004
2008-08-22,6918.48,6916.87,6911.64,6994.8,6906.71,-1.6099999999996726,-5.229999999999563,-6.839999999999236,-0.003363939669672189,2008,-6.839999999999236
2008-08-25,6911.64,6949.92,7030.72,6974.07,6911.64,38.279999999999745,80.80000000000018,119.07999999999993,0.013141513349010925,2008,119.07999999999993
2008-08-26,7030.72,6944.75,6964.6,7030.72,6917.31,-85.97000000000025,19.850000000000364,-66.11999999999989,-0.015565264882577812,2008,66.11999999999989
2008-08-27,6964.6,7049.67,7080.97,7063.5,6929.87,85.06999999999971,31.300000000000182,116.36999999999989,-0.009764216366158096,2008,116.36999999999989
2008-08-29,7033.37,7089.69,7046.11,7111.7,7033.37,56.31999999999971,-43.57999999999993,12.739999999999782,0.011203701123157161,2008,12.739999999999782
2008-09-01,7046.11,6858.46,6813.09,7046.11,6858.78,-187.64999999999964,-45.36999999999989,-233.01999999999953,-0.027588677893228164,2008,-187.64999999999964
2008-09-02,6813.09,6765.29,6699.82,6813.09,6761.2,-47.80000000000018,-65.47000000000025,-113.27000000000044,-0.027588677893228164,2008,-47.80000000000018
2008-09-03,6699.82,6687.25,6584.93,6748.52,6679.18,-12.569999999999709,-102.31999999999971,-114.88999999999942,-0.006944050790771428,2008,-114.88999999999942
2008-09-04,6584.93,6562.41,6412.63,6603.1,6527.44,-22.520000000000437,-149.77999999999975,-172.30000000000018,-0.042326683220595296,2008,-22.520000000000437
2008-09-05,6412.63,6315.35,6307.28,6412.63,6211.35,-97.27999999999975,-8.070000000000618,-105.35000000000036,-0.034153901174226675,2008,-97.27999999999975
2008-09-08,6307.28,6658.28,6658.69,6656.29,6307.28,351.0,0.4099999999998545,351.40999999999985,0.02224759318686753,2008,-0.4099999999998545
2008-09-09,6658.69,6503.66,6424.77,6658.69,6479.13,-155.02999999999975,-78.88999999999942,-233.91999999999916,-0.0013583265417007606,2008,-233.91999999999916
2008-09-10,6424.77,6426.5,6458.01,6496.69,6396.28,1.7299999999995634,31.51000000000022,33.23999999999978,-0.0348809092008221,2008,1.7299999999995634
2008-09-15,6310.68,6185.12,6052.45,6310.68,6142.75,-125.5600000000004,-132.67000000000007,-258.2300000000005,-0.005433943622834891,2008,-258.2300000000005
2008-09-16,6052.45,5767.0,5756.59,6052.45,5748.17,-285.4499999999998,-10.409999999999854,-295.8599999999997,-0.03219197218514269,2008,-285.4499999999998
2008-09-17,5756.59,5880.25,5800.87,6027.29,5756.59,123.65999999999985,-79.38000000000011,44.279999999999745,0.014754939697203096,2008,44.279999999999745
2008-09-18,5800.87,5556.87,5641.95,5800.87,5550.08,-244.0,85.07999999999993,-158.92000000000007,-0.013560500695410371,2008,158.92000000000007
2008-09-19,5641.95,5977.08,5970.38,5982.64,5641.95,335.1300000000001,-6.699999999999818,328.4300000000003,0.05011696093825102,2008,6.699999999999818
2008-09-22,5970.38,6098.33,6110.6,6156.86,5970.38,127.94999999999982,12.270000000000437,140.22000000000025,0.01891916633608992,2008,140.22000000000025
2008-09-23,6110.6,6105.14,6182.21,6110.6,6011.71,-5.460000000000036,77.06999999999971,71.60999999999967,-0.04609026384355075,2008,-5.460000000000036
2008-09-24,6182.21,6163.83,6132.6,6182.21,6100.33,-18.38000000000011,-31.229999999999563,-49.60999999999967,-0.018366193645610873,2008,49.60999999999967
2008-09-26,6060.83,5991.16,5929.63,6095.14,5964.81,-69.67000000000007,-61.529999999999745,-131.19999999999982,0.015072666116646483,2008,-131.19999999999982
2008-09-30,5929.63,5563.12,5719.28,5929.63,5534.72,-366.5100000000002,156.15999999999985,-210.35000000000036,-0.07465331757975247,2008,-366.5100000000002
2008-10-01,5719.28,5775.92,5764.01,5854.0,5719.28,56.64000000000033,-11.909999999999854,44.73000000000047,0.031181747925136838,2008,11.909999999999854
2008-10-02,5764.01,5776.07,5703.72,5840.09,5751.59,12.05999999999949,-72.34999999999945,-60.289999999999964,-0.011926097298706306,2008,60.289999999999964
2008-10-03,5703.72,5590.58,5742.23,5703.72,5558.35,-113.14000000000033,151.64999999999964,38.50999999999931,-0.04841209642845368,2008,-113.14000000000033
2008-10-06,5742.23,5527.13,5505.7,5742.23,5517.49,-215.09999999999945,-21.43000000000029,-236.52999999999975,-0.013203950788424845,2008,236.52999999999975
2008-10-07,5505.7,5450.23,5524.66,5505.7,5352.08,-55.470000000000255,74.43000000000029,18.960000000000036,-0.03501439910093429,2008,-55.470000000000255
2008-10-08,5524.66,5345.4,5206.4,5524.66,5348.07,-179.26000000000022,-139.0,-318.2600000000002,-0.06117844014994356,2008,-179.26000000000022
2008-10-09,5206.4,5188.94,5130.71,5239.21,5168.33,-17.460000000000036,-58.22999999999956,-75.6899999999996,-0.006939060319429258,2008,-75.6899999999996
2008-10-13,5130.71,4977.47,5020.44,5130.71,4975.55,-153.23999999999978,42.969999999999345,-110.27000000000044,-0.009338646701284037,2008,-110.27000000000044
2008-10-14,5020.44,5295.39,5291.56,5321.25,5020.44,274.9500000000007,-3.8299999999999272,271.1200000000008,0.09670472552923504,2008,3.8299999999999272
2008-10-15,5291.56,5181.53,5246.26,5291.56,5183.86,-110.03000000000065,64.73000000000047,-45.30000000000018,-0.05005372161090749,2008,-110.03000000000065
2008-10-16,5246.26,5075.94,5075.97,5246.26,5069.07,-170.32000000000062,0.030000000000654836,-170.28999999999996,-0.08896255850234003,2008,-170.32000000000062
2008-10-17,5075.97,4935.23,4960.4,5075.97,4935.67,-140.7400000000007,25.170000000000073,-115.57000000000062,0.04409435335416756,2008,-25.170000000000073
2008-10-20,4960.4,4806.07,4931.84,4960.4,4807.08,-154.32999999999993,125.77000000000044,-28.55999999999949,-0.019516995366763656,2008,28.55999999999949
2008-10-21,4931.84,5019.64,4942.72,5045.45,4931.84,87.80000000000018,-76.92000000000007,10.88000000000011,0.020030945510810083,2008,76.92000000000007
2008-10-22,4942.72,4927.68,4862.59,4942.72,4839.17,-15.039999999999964,-65.09000000000015,-80.13000000000011,-0.040300098392915595,2008,-15.039999999999964
2008-10-23,4862.59,4714.25,4730.51,4862.59,4706.13,-148.34000000000015,16.26000000000022,-132.07999999999993,-0.06147208338673171,2008,-148.34000000000015
2008-10-24,4730.51,4590.94,4579.62,4730.51,4583.54,-139.57000000000062,-11.319999999999709,-150.89000000000033,-0.013563950842057304,2008,150.89000000000033
2008-10-27,4579.62,4351.25,4366.87,4579.62,4301.33,-228.3699999999999,15.61999999999989,-212.75,-0.020256552233296365,2008,-228.3699999999999
2008-10-29,4399.97,4510.86,4406.52,4622.55,4399.97,110.88999999999942,-104.33999999999924,6.550000000000182,0.09333396057769217,2008,104.33999999999924
2008-10-30,4406.52,4609.98,4683.64,4605.38,4406.52,203.45999999999913,73.66000000000076,277.1199999999999,-0.02783873327309494,2008,203.45999999999913
2008-10-31,4683.64,4715.76,4870.66,4802.78,4659.67,32.11999999999989,154.89999999999964,187.01999999999953,0.040364698592546766,2008,-154.89999999999964
2008-11-03,4870.66,4954.12,4995.06,4969.58,4836.51,83.46000000000004,40.94000000000051,124.40000000000055,0.018761167361524667,2008,124.40000000000055
2008-11-04,4995.06,4907.25,4992.63,4995.06,4902.92,-87.8100000000004,85.38000000000011,-2.430000000000291,-0.009896855556019601,2008,-2.430000000000291
2008-11-05,4992.63,5027.59,4978.26,5077.01,4978.55,34.960000000000036,-49.32999999999993,-14.36999999999989,0.044749051033319276,2008,49.32999999999993
2008-11-06,4978.26,4724.27,4694.12,4978.26,4691.87,-253.98999999999978,-30.150000000000546,-284.1400000000003,-0.04626377618989952,2008,-253.98999999999978
2008-11-07,4694.12,4632.57,4742.33,4694.12,4468.08,-61.55000000000018,109.76000000000022,48.210000000000036,-0.07115343915343919,2008,-61.55000000000018
2008-11-10,4742.33,4761.64,4740.27,4758.64,4657.47,19.3100000000004,-21.36999999999989,-2.0599999999994907,0.017088953700328036,2008,-2.0599999999994907
2008-11-11,4740.27,4627.15,4638.57,4740.27,4608.02,-113.1200000000008,11.420000000000073,-101.70000000000073,-0.03902504592499667,2008,-113.1200000000008
2008-11-12,4638.57,4659.62,4615.57,4672.16,4587.2,21.050000000000182,-44.05000000000018,-23.0,-0.014220440134278145,2008,23.0
2008-11-13,4615.57,4382.85,4437.83,4615.57,4381.81,-232.71999999999935,54.97999999999956,-177.73999999999978,-0.05032398429740348,2008,-232.71999999999935
2008-11-14,4437.83,4511.74,4452.7,4541.35,4437.83,73.90999999999985,-59.039999999999964,14.86999999999989,0.0715175058518851,2008,59.039999999999964
2008-11-17,4452.7,4454.44,4439.8,4475.93,4362.53,1.7399999999997817,-14.639999999999418,-12.899999999999636,-0.06400185916802237,2008,1.7399999999997817
2008-11-18,4439.8,4376.28,4305.18,4439.8,4316.91,-63.52000000000044,-71.09999999999945,-134.6199999999999,-0.028106068129903683,2008,-63.52000000000044
2008-11-19,4305.18,4278.44,4284.09,4320.85,4234.75,-26.74000000000069,5.650000000000546,-21.090000000000146,-0.01956877171469451,2008,21.090000000000146
2008-11-20,4284.09,4179.96,4089.93,4284.09,4120.51,-104.13000000000011,-90.0300000000002,-194.1600000000003,-0.07212465475011709,2008,-104.13000000000011
2008-11-21,4089.93,3994.28,4171.1,4089.93,3955.43,-95.64999999999964,176.82000000000016,81.17000000000053,-0.037798371244032625,2008,-95.64999999999964
2008-11-24,4171.1,4095.36,4160.54,4171.1,4092.77,-75.74000000000024,65.17999999999984,-10.5600000000004,0.051949568059771245,2008,-65.17999999999984
2008-11-25,4160.54,4277.58,4266.49,4283.58,4160.54,117.03999999999996,-11.090000000000146,105.94999999999982,0.060925535456664015,2008,11.090000000000146
2008-11-26,4266.49,4282.94,4271.8,4303.18,4244.05,16.449999999999818,-11.139999999999418,5.3100000000004,-0.021861924686192302,2008,16.449999999999818
2008-11-27,4271.8,4407.43,4453.75,4428.28,4271.8,135.6300000000001,46.31999999999971,181.94999999999982,0.0763554700032083,2008,-46.31999999999971
2008-11-28,4453.75,4449.04,4460.49,4476.33,4419.03,-4.710000000000036,11.449999999999818,6.739999999999782,0.0763554700032083,2008,-11.449999999999818
2008-12-01,4460.49,4445.05,4518.43,4472.37,4418.24,-15.4399999999996,73.38000000000011,57.94000000000051,-0.015201192250372642,2008,-57.94000000000051
2008-12-02,4518.43,4335.34,4356.98,4518.43,4310.5,-183.09000000000015,21.639999999999418,-161.45000000000073,-0.06804882970137216,2008,-183.09000000000015
2008-12-04,4307.26,4331.62,4254.96,4347.66,4307.26,24.359999999999673,-76.65999999999985,-52.30000000000018,0.0666702568797457,2008,76.65999999999985
2008-12-05,4254.96,4239.49,4225.07,4254.96,4199.47,-15.470000000000255,-14.420000000000073,-29.890000000000327,-0.057706871308123464,2008,-15.470000000000255
2008-12-08,4225.07,4385.93,4418.33,4383.99,4225.07,160.86000000000058,32.399999999999636,193.26000000000022,0.03171881697385359,2008,-32.399999999999636
2008-12-09,4418.33,4482.58,4472.66,4499.98,4418.33,64.25,-9.920000000000073,54.32999999999993,0.01864353967594523,2008,54.32999999999993
2008-12-10,4472.66,4564.73,4658.87,4591.61,4470.73,92.06999999999971,94.14000000000033,186.21000000000004,0.04843232220239613,2008,-94.14000000000033
2008-12-11,4658.87,4662.92,4655.57,4681.24,4617.17,4.050000000000182,-7.350000000000364,-3.300000000000182,0.014198881594942758,2008,-3.300000000000182
2008-12-12,4655.57,4638.4,4481.27,4655.57,4591.8,-17.170000000000073,-157.1299999999992,-174.29999999999927,-0.024931677614230208,2008,-17.170000000000073
2008-12-15,4481.27,4648.27,4613.72,4676.46,4481.27,167.0,-34.55000000000018,132.44999999999982,0.04705708806608633,2008,34.55000000000018
2008-12-16,4613.72,4554.03,4616.89,4613.72,4532.41,-59.69000000000051,62.86000000000058,3.1700000000000728,-0.01746970977740203,2008,-3.1700000000000728
2008-12-17,4616.89,4691.88,4648.02,4715.15,4616.89,74.98999999999978,-43.85999999999967,31.13000000000011,0.05878979065098955,2008,43.85999999999967
2008-12-18,4648.02,4643.18,4694.81,4684.17,4625.69,-4.8400000000001455,51.63000000000011,46.789999999999964,-0.0016251354279523955,2008,46.789999999999964
2008-12-19,4694.81,4660.28,4694.52,4709.99,4653.96,-34.530000000000655,34.24000000000069,-0.2899999999999636,-0.05520889853499733,2008,-34.530000000000655
2008-12-22,4694.52,4717.44,4535.54,4750.96,4694.52,22.919999999999163,-181.89999999999964,-158.98000000000047,0.013831060062216016,2008,-158.98000000000047
2008-12-23,4535.54,4435.71,4405.86,4535.54,4415.25,-99.82999999999993,-29.850000000000364,-129.6800000000003,-0.024452416918429032,2008,-99.82999999999993
2008-12-24,4405.86,4406.33,4423.09,4409.01,4325.46,0.47000000000025466,16.76000000000022,17.230000000000473,-0.02801703280750989,2008,0.47000000000025466
2008-12-25,4423.09,4416.87,4413.45,4434.43,4396.34,-6.220000000000255,-3.4200000000000728,-9.640000000000327,0.010056255289490723,2008,-9.640000000000327
2008-12-26,4413.45,4443.74,4425.08,4441.9,4396.26,30.289999999999964,-18.659999999999854,11.63000000000011,0.010056255289490723,2008,11.63000000000011
2008-12-29,4425.08,4392.55,4416.16,4429.35,4381.49,-32.529999999999745,23.609999999999673,-8.920000000000073,-0.004386613435851894,2008,-8.920000000000073
2008-12-30,4416.16,4545.16,4589.04,4545.78,4416.16,129.0,43.88000000000011,172.8800000000001,-0.00024752475247535877,2008,172.8800000000001
2008-12-31,4589.04,4604.29,4591.22,4627.98,4581.22,15.25,-13.069999999999709,2.180000000000291,0.046100519930675876,2008,13.069999999999709
2009-01-05,4591.22,4749.72,4698.31,4778.52,4591.22,158.5,-51.409999999999854,107.09000000000015,0.04590658434274397,2009,51.409999999999854
2009-01-07,4727.26,4763.3,4789.84,4817.44,4727.26,36.039999999999964,26.539999999999964,62.57999999999993,0.0504724797348739,2009,-26.539999999999964
2009-01-08,4789.84,4631.77,4535.79,4789.84,4627.04,-158.0699999999997,-95.98000000000047,-254.05000000000018,-0.04877216916780358,2009,-158.0699999999997
2009-01-09,4535.79,4508.66,4502.74,4535.79,4472.45,-27.13000000000011,-5.920000000000073,-33.05000000000018,-0.0025994980279671065,2009,-33.05000000000018
2009-01-10,4502.74,4491.47,4467.53,4502.74,4441.09,-11.269999999999527,-23.94000000000051,-35.210000000000036,-0.032623348611485525,2009,-11.269999999999527
2009-01-12,4467.53,4501.77,4453.9,4523.01,4467.53,34.24000000000069,-47.8700000000008,-13.63000000000011,-0.032623348611485525,2009,34.24000000000069
2009-01-13,4453.9,4464.37,4532.36,4479.28,4423.14,10.470000000000255,67.98999999999978,78.46000000000004,-0.028799702712746122,2009,10.470000000000255
2009-01-15,4521.47,4347.02,4320.77,4521.47,4315.62,-174.44999999999982,-26.25,-200.69999999999982,-0.04165282983063712,2009,-174.44999999999982
2009-01-16,4320.77,4364.9,4353.7,4382.43,4320.77,44.1299999999992,-11.199999999999818,32.92999999999938,0.025048264937379328,2009,11.199999999999818
2009-01-17,4353.7,4363.11,4366.1,4382.86,4353.7,9.409999999999854,2.990000000000691,12.400000000000546,0.03549524315448882,2009,-2.990000000000691
2009-01-19,4366.1,4388.13,4366.76,4389.22,4366.1,22.029999999999745,-21.36999999999989,0.6599999999998545,0.03549524315448882,2009,21.36999999999989
2009-01-20,4366.76,4268.99,4242.61,4366.76,4269.95,-97.77000000000044,-26.38000000000011,-124.15000000000055,0.03549524315448882,2009,26.38000000000011
2009-01-21,4242.61,4228.79,4247.97,4242.61,4164.19,-13.819999999999709,19.18000000000029,5.360000000000582,-0.07158847122469914,2009,-13.819999999999709
2009-02-02,4247.97,4269.57,4259.98,4284.09,4240.08,21.599999999999454,-9.590000000000146,12.009999999999309,-0.019168275797108336,2009,-12.009999999999309
2009-02-03,4259.98,4341.8,4372.81,4346.85,4259.98,81.82000000000062,31.01000000000022,112.83000000000084,0.010851819840584032,2009,112.83000000000084
2009-02-06,4363.25,4485.45,4471.25,4503.25,4363.25,122.19999999999982,-14.199999999999818,108.0,0.04023501762632198,2009,14.199999999999818
2009-02-09,4471.25,4543.44,4494.59,4574.74,4471.25,72.1899999999996,-48.849999999999454,23.340000000000146,0.03556097781392609,2009,48.849999999999454
2009-02-10,4494.59,4498.88,4526.1,4528.86,4491.84,4.289999999999964,27.220000000000255,31.51000000000022,-0.005977834016929973,2009,31.51000000000022
2009-02-11,4526.1,4487.31,4575.95,4526.1,4448.24,-38.789999999999964,88.63999999999942,49.849999999999454,-0.04600324832096914,2009,-38.789999999999964
2009-02-12,4575.95,4590.69,4466.42,4594.75,4543.68,14.739999999999782,-124.26999999999953,-109.52999999999975,-0.010214880596328135,2009,109.52999999999975
2009-02-13,4466.42,4531.72,4592.5,4538.44,4466.42,65.30000000000018,60.779999999999745,126.07999999999993,0.01297010831667511,2009,126.07999999999993
2009-02-16,4592.5,4598.51,4591.26,4607.97,4575.98,6.010000000000218,-7.25,-1.2399999999997817,0.012161541991739355,2009,-1.2399999999997817
2009-02-17,4591.26,4502.89,4491.78,4591.26,4482.89,-88.36999999999989,-11.110000000000582,-99.48000000000047,0.012161541991739355,2009,-99.48000000000047
2009-02-18,4491.78,4477.77,4498.37,4491.78,4428.29,-14.009999999999309,20.599999999999454,6.5900000000001455,-0.06656087055089555,2009,-14.009999999999309
2009-02-20,4528.87,4467.51,4436.94,4528.87,4460.43,-61.35999999999967,-30.57000000000062,-91.93000000000029,-0.052064198008314855,2009,-61.35999999999967
2009-02-24,4477.78,4434.02,4430.18,4477.78,4394.76,-43.75999999999931,-3.8400000000001455,-47.599999999999454,-0.04141321978913215,2009,-43.75999999999931
2009-02-25,4430.18,4520.95,4493.74,4537.32,4430.18,90.76999999999953,-27.210000000000036,63.55999999999949,0.05282639733488437,2009,27.210000000000036
2009-02-26,4493.74,4538.14,4518.56,4556.82,4493.74,44.400000000000546,-19.579999999999927,24.82000000000062,0.029984932194876857,2009,19.579999999999927
2009-02-27,4518.56,4522.28,4557.15,4537.39,4507.39,3.719999999999345,34.86999999999989,38.589999999999236,-0.017554981225922806,2009,-38.589999999999236
2009-03-02,4557.15,4474.35,4425.83,4557.15,4475.78,-82.79999999999927,-48.52000000000044,-131.3199999999997,-0.012259889809897229,2009,131.3199999999997
2009-03-03,4425.83,4371.41,4435.34,4425.83,4328.05,-54.42000000000007,63.93000000000029,9.510000000000218,-0.050402010050251245,2009,-54.42000000000007
2009-03-04,4435.34,4481.84,4541.42,4483.62,4429.51,46.5,59.57999999999993,106.07999999999993,0.013335450071439992,2009,106.07999999999993
2009-03-05,4541.42,4626.05,4637.2,4677.89,4541.42,84.63000000000011,11.149999999999636,95.77999999999975,0.04585095827458363,2009,-11.149999999999636
2009-03-06,4637.2,4634.7,4653.63,4644.75,4597.89,-2.5,18.93000000000029,16.43000000000029,-0.015079642482648481,2009,-16.43000000000029
2009-03-09,4653.63,4599.88,4628.24,4660.13,4578.05,-53.75,28.359999999999673,-25.390000000000327,-0.011356147021546303,2009,25.390000000000327
2009-03-10,4628.24,4647.0,4671.02,4660.68,4605.92,18.76000000000022,24.020000000000437,42.780000000000655,-0.023280857391928533,2009,18.76000000000022
2009-03-11,4671.02,4766.23,4759.96,4793.63,4671.02,95.20999999999913,-6.269999999999527,88.9399999999996,0.08069512259148426,2009,6.269999999999527
2009-03-12,4759.96,4766.24,4754.65,4794.94,4751.31,6.279999999999745,-11.590000000000146,-5.3100000000004,0.02030703458997274,2009,11.590000000000146
2009-03-13,4754.65,4847.31,4897.39,4852.56,4754.65,92.66000000000076,50.07999999999993,142.7400000000007,0.03499666698409665,2009,-50.07999999999993
2009-03-16,4897.39,4935.06,4971.32,4945.19,4897.39,37.67000000000007,36.25999999999931,73.92999999999938,0.012605235313060792,2009,73.92999999999938
2009-03-17,4971.32,4980.85,5041.39,5015.34,4954.5,9.530000000000655,60.539999999999964,70.07000000000062,-0.03611830448412168,2009,9.530000000000655
2009-03-18,5041.39,5054.74,5047.54,5074.94,5023.21,13.349999999999454,-7.199999999999818,6.149999999999636,0.04124245852187025,2009,7.199999999999818
2009-03-19,5047.54,5098.93,5035.93,5107.95,5047.54,51.39000000000033,-63.0,-11.609999999999673,0.03444841790774533,2009,63.0
2009-03-20,5035.93,5003.16,4961.62,5069.42,5001.23,-32.77000000000044,-41.539999999999964,-74.3100000000004,-0.009627166112375352,2009,-74.3100000000004
2009-03-23,4961.62,5044.49,5124.18,5044.39,4961.62,82.86999999999989,79.69000000000051,162.5600000000004,-0.033624955814775426,2009,82.86999999999989
2009-03-24,5124.18,5230.83,5242.18,5264.94,5124.18,106.64999999999964,11.350000000000364,118.0,0.0672580128937863,2009,-11.350000000000364
2009-03-25,5242.18,5257.73,5346.38,5276.12,5226.49,15.549999999999272,88.65000000000055,104.19999999999982,-0.019749807214463178,2009,-104.19999999999982
2009-03-27,5386.56,5425.76,5390.7,5468.49,5386.56,39.19999999999982,-35.0600000000004,4.139999999999418,0.06493788550082535,2009,35.0600000000004
2009-03-30,5390.7,5268.26,5206.05,5390.7,5268.05,-122.4399999999996,-62.210000000000036,-184.64999999999964,-0.015703389484847174,2009,184.64999999999964
2009-03-31,5206.05,5222.18,5210.84,5231.79,5194.93,16.13000000000011,-11.340000000000146,4.789999999999964,-0.04918780043096305,2009,16.13000000000011
2009-04-02,5314.45,5423.84,5473.78,5444.42,5314.45,109.39000000000033,49.9399999999996,159.32999999999993,0.012255857260404568,2009,159.32999999999993
2009-04-03,5473.78,5524.36,5529.63,5558.92,5473.78,50.57999999999993,5.270000000000437,55.850000000000364,0.04338153503893216,2009,-5.270000000000437
2009-04-06,5529.63,5574.11,5556.22,5603.14,5529.63,44.47999999999956,-17.889999999999418,26.590000000000146,0.029358701000492093,2009,17.889999999999418
2009-04-07,5556.22,5544.36,5576.85,5558.69,5484.89,-11.860000000000582,32.49000000000069,20.63000000000011,-0.022546207775653304,2009,-11.860000000000582
2009-04-08,5576.85,5586.47,5443.56,5608.96,5533.79,9.61999999999989,-142.90999999999985,-133.28999999999996,-0.03863395549759552,2009,9.61999999999989
2009-04-09,5443.56,5559.52,5667.8,5563.81,5443.56,115.96000000000004,108.27999999999975,224.23999999999978,0.028910555320050824,2009,-108.27999999999975
2009-04-10,5667.8,5722.38,5781.96,5788.21,5667.8,54.57999999999993,59.57999999999993,114.15999999999985,0.04816249176005272,2009,-59.57999999999993
2009-04-13,5781.96,5830.99,5857.64,5843.61,5781.96,49.029999999999745,26.650000000000546,75.68000000000029,0.04816249176005272,2009,-26.650000000000546
2009-04-14,5857.64,5868.68,5892.68,5863.75,5765.81,11.039999999999964,24.0,35.039999999999964,-0.013324947918713859,2009,-35.039999999999964
2009-04-15,5892.68,5886.73,5875.19,5904.28,5842.35,-5.950000000000728,-11.539999999999964,-17.49000000000069,-0.004063421241335408,2009,-17.49000000000069
2009-04-16,5875.19,6018.08,5997.17,6025.85,5875.19,142.89000000000033,-20.909999999999854,121.98000000000047,-0.015080000000000093,2009,-121.98000000000047
2009-04-17,5997.17,6056.71,5755.38,6071.06,5997.17,59.539999999999964,-301.3299999999999,-241.78999999999996,0.03358648418145638,2009,301.3299999999999
2009-04-21,5781.66,5664.28,5881.41,5781.66,5663.56,-117.38000000000011,217.1300000000001,99.75,-0.05678741022722811,2009,-117.38000000000011
2009-04-23,5886.11,5853.64,5875.24,5900.45,5789.27,-32.469999999999345,21.599999999999454,-10.86999999999989,0.04329759827142032,2009,-21.599999999999454
2009-04-24,5875.24,5957.5,5880.77,5987.23,5875.24,82.26000000000022,-76.72999999999956,5.530000000000655,-0.0058148797196113655,2009,5.530000000000655
2009-04-27,5880.77,5855.41,5705.05,5946.97,5838.55,-25.360000000000582,-150.35999999999967,-175.72000000000025,0.016144539700344573,2009,-175.72000000000025
2009-04-28,5705.05,5660.96,5596.73,5773.53,5609.37,-44.090000000000146,-64.23000000000047,-108.32000000000062,-0.011235955056179803,2009,108.32000000000062
2009-04-29,5596.73,5591.75,5614.06,5649.19,5571.93,-4.979999999999563,22.3100000000004,17.330000000000837,-0.016706539074960114,2009,-17.330000000000837
2009-04-30,5614.06,5980.41,5992.57,5981.02,5614.06,366.34999999999945,12.159999999999854,378.5099999999993,0.020031628887717368,2009,-12.159999999999854
2009-05-04,5992.57,6336.04,6330.4,6334.38,5992.57,343.47000000000025,-5.640000000000327,337.8299999999999,-0.0013151278381617892,2009,337.8299999999999
2009-05-05,6330.4,6370.97,6379.94,6562.77,6330.4,40.57000000000062,8.969999999999345,49.539999999999964,0.05158991440412097,2009,-8.969999999999345
2009-05-06,6379.94,6450.1,6566.7,6515.02,6372.94,70.16000000000076,116.59999999999945,186.76000000000022,-0.010349526720931146,2009,-186.76000000000022
2009-05-08,6572.87,6540.66,6583.87,6572.87,6483.21,-32.210000000000036,43.210000000000036,11.0,-0.05592849460371618,2009,-32.210000000000036
2009-05-11,6583.87,6609.4,6647.5,6641.51,6571.41,25.529999999999745,38.100000000000364,63.63000000000011,-0.01924965625613828,2009,-63.63000000000011
2009-05-12,6647.5,6442.94,6432.55,6647.5,6407.7,-204.5600000000004,-10.389999999999418,-214.94999999999982,-0.003164430202283186,2009,-214.94999999999982
2009-05-13,6432.55,6472.02,6485.14,6509.51,6432.55,39.470000000000255,13.11999999999989,52.590000000000146,-0.02543598810576231,2009,39.470000000000255
2009-05-14,6485.14,6381.01,6364.17,6485.14,6339.47,-104.13000000000011,-16.840000000000146,-120.97000000000025,-0.022017894693439954,2009,-104.13000000000011
2009-05-15,6364.17,6474.69,6489.09,6494.92,6364.17,110.51999999999953,14.400000000000546,124.92000000000007,0.030313250980226858,2009,-14.400000000000546
2009-05-18,6489.09,6493.51,6577.81,6565.61,6489.09,4.420000000000073,84.30000000000018,88.72000000000025,-0.006956379409116864,2009,88.72000000000025
2009-05-19,6577.81,6723.47,6655.59,6784.26,6577.81,145.65999999999985,-67.88000000000011,77.77999999999975,0.03543761331794948,2009,67.88000000000011
2009-05-20,6655.59,6621.85,6703.62,6716.46,6590.79,-33.73999999999978,81.76999999999953,48.029999999999745,0.02009710283349242,2009,-81.76999999999953
2009-05-22,6718.81,6729.53,6737.29,6739.58,6650.51,10.719999999999345,7.760000000000218,18.479999999999563,-0.02587649324876451,2009,10.719999999999345
2009-05-27,6683.11,6807.77,6890.44,6819.03,6683.11,124.66000000000076,82.66999999999916,207.32999999999993,0.035774175517048645,2009,-82.66999999999916
2009-06-02,6954.1,7037.28,6949.08,7084.83,6954.1,83.17999999999938,-88.19999999999982,-5.020000000000437,0.053075817330728636,2009,88.19999999999982
2009-06-03,6949.08,6878.02,6893.14,6949.08,6847.76,-71.05999999999949,15.11999999999989,-55.9399999999996,-0.032970494557418184,2009,-71.05999999999949
2009-06-04,6893.14,6892.31,6786.06,6907.87,6865.22,-0.8299999999999272,-106.25,-107.07999999999993,-0.022114444967244573,2009,-0.8299999999999272
2009-06-05,6786.06,6795.32,6767.1,6829.66,6774.56,9.259999999999309,-28.219999999999345,-18.960000000000036,0.021504182396920646,2009,28.219999999999345
2009-06-06,6767.1,6796.85,6856.74,6820.49,6767.1,29.75,59.88999999999942,89.63999999999942,-0.01902242834885326,2009,-89.63999999999942
2009-06-08,6856.74,6772.75,6628.02,6907.32,6758.07,-83.98999999999978,-144.72999999999956,-228.71999999999935,-0.01902242834885326,2009,228.71999999999935
2009-06-09,6628.02,6524.32,6414.39,6640.44,6527.08,-103.70000000000073,-109.92999999999938,-213.6300000000001,-0.0005540370835489528,2009,-213.6300000000001
2009-06-10,6414.39,6460.18,6462.27,6500.7,6389.94,45.789999999999964,2.0900000000001455,47.88000000000011,0.04453231826748971,2009,-2.0900000000001455
2009-06-12,6567.37,6553.85,6448.23,6586.2,6519.65,-13.519999999999527,-105.6200000000008,-119.14000000000033,-0.012217514124293727,2009,119.14000000000033
2009-06-15,6448.23,6288.48,6225.56,6448.23,6289.37,-159.75,-62.91999999999916,-222.66999999999916,-0.017695002502323587,2009,222.66999999999916
2009-06-16,6225.56,6247.43,6220.81,6253.57,6199.46,21.86999999999989,-26.61999999999989,-4.75,-0.015611921831216624,2009,4.75
2009-06-17,6220.81,6297.84,6195.91,6306.46,6213.69,77.02999999999975,-101.93000000000029,-24.900000000000546,-0.025101663585952005,2009,77.02999999999975
2009-06-19,6144.53,6184.44,6231.15,6214.81,6144.53,39.909999999999854,46.710000000000036,86.61999999999989,-0.018372407574391514,2009,-86.61999999999989
2009-06-22,6231.15,6206.66,6341.21,6263.97,6193.09,-24.48999999999978,134.55000000000018,110.0600000000004,0.012247866192061974,2009,110.0600000000004
2009-06-23,6341.21,6223.56,6197.47,6341.21,6200.24,-117.64999999999964,-26.090000000000146,-143.73999999999978,-0.03731992286459729,2009,-117.64999999999964
2009-06-24,6197.47,6220.11,6380.08,6236.45,6191.63,22.639999999999418,159.97000000000025,182.60999999999967,-0.003692065985860138,2009,182.60999999999967
2009-06-25,6380.08,6438.21,6457.61,6479.28,6380.08,58.13000000000011,19.399999999999636,77.52999999999975,0.017424899471733868,2009,77.52999999999975
2009-06-26,6457.61,6488.45,6463.56,6527.86,6457.61,30.840000000000146,-24.889999999999418,5.950000000000728,0.020071295722256632,2009,24.889999999999418
2009-06-29,6463.56,6443.51,6391.15,6522.13,6403.84,-20.050000000000182,-52.36000000000058,-72.41000000000076,-0.0007976904960874664,2009,-72.41000000000076
2009-06-30,6391.15,6462.73,6432.16,6503.98,6391.15,71.57999999999993,-30.56999999999971,41.01000000000022,-0.0004942026230754237,2009,41.01000000000022
2009-07-02,6578.97,6645.9,6667.53,6667.24,6578.97,66.92999999999938,21.63000000000011,88.55999999999949,0.01470644119323583,2009,88.55999999999949
2009-07-03,6667.53,6649.26,6665.4,6667.53,6607.62,-18.269999999999527,16.139999999999418,-2.130000000000109,-0.01202157141787119,2009,2.130000000000109
2009-07-06,6665.4,6643.16,6649.91,6693.44,6619.89,-22.23999999999978,6.75,-15.489999999999782,-0.01202157141787119,2009,15.489999999999782
2009-07-07,6649.91,6677.43,6715.22,6694.36,6649.91,27.520000000000437,37.789999999999964,65.3100000000004,-0.013532466547894306,2009,-65.3100000000004
2009-07-08,6715.22,6659.0,6668.14,6715.22,6637.68,-56.220000000000255,9.140000000000327,-47.07999999999993,-0.02885797725176764,2009,-56.220000000000255
2009-07-09,6668.14,6768.53,6748.18,6789.51,6668.14,100.38999999999942,-20.349999999999454,80.03999999999996,-0.00708265738139513,2009,80.03999999999996
2009-07-10,6748.18,6782.06,6769.86,6807.46,6748.18,33.88000000000011,-12.200000000000728,21.67999999999938,0.027934964533354645,2009,12.200000000000728
2009-07-14,6530.82,6607.97,6639.41,6610.69,6530.82,77.15000000000055,31.4399999999996,108.59000000000015,0.02412754786905502,2009,-31.4399999999996
2009-07-15,6639.41,6720.4,6738.6,6732.24,6639.41,80.98999999999978,18.200000000000728,99.19000000000051,0.01628406649327152,2009,99.19000000000051
2009-07-16,6738.6,6861.5,6780.3,6878.68,6738.6,122.89999999999964,-81.19999999999982,41.69999999999982,0.044323281777382206,2009,81.19999999999982
2009-07-17,6780.3,6826.93,6850.99,6854.61,6780.3,46.63000000000011,24.05999999999949,70.6899999999996,0.01932092626793569,2009,70.6899999999996
2009-07-20,6850.99,6918.71,6938.86,6925.86,6850.99,67.72000000000025,20.149999999999636,87.86999999999989,0.012160278745644737,2009,87.86999999999989
2009-07-21,6938.86,6911.06,6953.34,7002.32,6914.45,-27.799999999999272,42.279999999999745,14.480000000000473,0.012530551826224645,2009,14.480000000000473
2009-07-22,6953.34,7018.39,6985.32,7030.13,6953.34,65.05000000000018,-33.07000000000062,31.979999999999563,-0.0005439771529595072,2009,31.979999999999563
2009-07-23,6985.32,6997.32,6980.88,7013.47,6926.27,12.0,-16.4399999999996,-4.4399999999996,0.026533319726502524,2009,16.4399999999996
2009-07-27,6973.28,6991.36,7028.43,7016.91,6954.3,18.079999999999927,37.07000000000062,55.150000000000546,-0.012601732738251603,2009,-55.150000000000546
2009-07-30,7083.63,7013.54,7027.11,7083.63,6944.5,-70.09000000000015,13.569999999999709,-56.52000000000044,-0.008573784006595253,2009,-56.52000000000044
2009-08-04,7056.71,7109.94,6955.87,7138.94,7056.71,53.22999999999956,-154.0699999999997,-100.84000000000015,0.017498508649830935,2009,-100.84000000000015
2009-08-06,6848.24,6855.78,6868.65,6888.09,6819.24,7.539999999999964,12.86999999999989,20.409999999999854,-0.010936787969533235,2009,-20.409999999999854
2009-08-10,6868.65,6876.68,6882.87,6907.84,6836.96,8.030000000000655,6.1899999999996,14.220000000000255,-0.0043689967982923905,2009,14.220000000000255
2009-08-11,6882.87,6846.02,6909.02,6904.46,6838.72,-36.849999999999454,63.0,26.150000000000546,-0.011992094596857905,2009,-26.150000000000546
2009-08-12,6909.02,6914.14,6898.9,6933.51,6864.91,5.119999999999891,-15.240000000000691,-10.1200000000008,-0.014273605695880542,2009,10.1200000000008
2009-08-13,6898.9,6976.39,7034.96,6992.72,6898.9,77.49000000000069,58.56999999999971,136.0600000000004,0.017679025933823977,2009,136.0600000000004
2009-08-14,7034.96,7105.5,7069.51,7132.33,7034.96,70.53999999999996,-35.98999999999978,34.55000000000018,0.021900770582668816,2009,35.98999999999978
2009-08-17,7069.51,6969.67,6931.8,7069.51,6962.67,-99.84000000000015,-37.86999999999989,-137.71000000000004,-0.025499404683159255,2009,-99.84000000000015
2009-08-18,6931.8,6862.56,6789.77,6931.8,6843.27,-69.23999999999978,-72.78999999999996,-142.02999999999975,-0.029628372645511547,2009,-69.23999999999978
2009-08-19,6789.77,6803.53,6788.58,6854.59,6789.77,13.759999999999309,-14.949999999999818,-1.1900000000005093,0.02011052042529382,2009,14.949999999999818
2009-08-21,6733.23,6776.93,6654.8,6824.65,6733.23,43.70000000000073,-122.13000000000011,-78.42999999999938,0.010190171085815658,2009,-78.42999999999938
2009-08-24,6654.8,6779.33,6838.25,6800.03,6654.8,124.52999999999975,58.92000000000007,183.44999999999982,0.016497419115414358,2009,183.44999999999982
2009-08-25,6838.25,6837.1,6809.41,6865.92,6814.33,-1.1499999999996362,-27.69000000000051,-28.840000000000146,-0.007799535346830422,2009,-28.840000000000146
2009-08-31,6809.86,6802.22,6825.95,6848.96,6793.92,-7.639999999999418,23.729999999999563,16.090000000000146,0.024427179352120243,2009,-23.729999999999563
2009-09-01,6825.95,6914.68,7019.75,6910.98,6807.62,88.73000000000047,105.06999999999971,193.80000000000018,-0.016067870685776753,2009,-193.80000000000018
2009-09-02,7019.75,7023.76,7039.77,7043.68,6961.01,4.010000000000218,16.01000000000022,20.020000000000437,-0.02462603697171606,2009,4.010000000000218
2009-09-03,7039.77,7086.79,7104.65,7092.62,7011.36,47.01999999999953,17.859999999999673,64.8799999999992,-0.004152156442539523,2009,64.8799999999992
2009-09-04,7104.65,7142.37,7153.13,7178.54,7104.65,37.720000000000255,10.760000000000218,48.48000000000047,0.014290517821116344,2009,48.48000000000047
2009-09-07,7153.13,7228.89,7224.59,7240.34,7153.13,75.76000000000022,-4.300000000000182,71.46000000000004,0.02681916127962891,2009,4.300000000000182
2009-09-08,7224.59,7255.26,7313.99,7265.95,7202.69,30.670000000000073,58.72999999999956,89.39999999999964,0.02681916127962891,2009,-58.72999999999956
2009-09-09,7313.99,7298.43,7250.72,7363.11,7290.27,-15.55999999999949,-47.710000000000036,-63.26999999999953,0.02253502937947971,2009,47.710000000000036
2009-09-10,7250.72,7358.13,7332.08,7507.49,7250.72,107.40999999999985,-26.050000000000182,81.35999999999967,0.010766607729224553,2009,81.35999999999967
2009-09-11,7332.08,7340.17,7337.14,7348.63,7295.85,8.090000000000146,-3.0299999999997453,5.0600000000004,0.017774029300596572,2009,5.0600000000004
2009-09-14,7337.14,7233.12,7256.95,7350.92,7218.18,-104.02000000000044,23.829999999999927,-80.19000000000051,-0.014056841200662862,2009,80.19000000000051
2009-09-18,7477.3,7469.95,7526.55,7482.87,7434.83,-7.350000000000364,56.600000000000364,49.25,-0.016858401664422984,2009,-49.25
2009-09-21,7526.55,7481.98,7502.46,7558.88,7439.03,-44.57000000000062,20.480000000000473,-24.090000000000146,0.016027137210967046,2009,-24.090000000000146
2009-09-22,7502.46,7479.53,7469.03,7526.23,7463.41,-22.93000000000029,-10.5,-33.43000000000029,-0.0002450379808871528,2009,-33.43000000000029
2009-09-25,7324.22,7308.49,7345.22,7338.27,7284.33,-15.730000000000473,36.73000000000047,21.0,-0.024195740824648815,2009,-15.730000000000473
2009-09-28,7345.22,7275.89,7284.61,7354.8,7277.53,-69.32999999999993,8.719999999999345,-60.61000000000058,-0.006160227835562138,2009,-60.61000000000058
2009-09-29,7284.61,7390.92,7429.98,7416.32,7284.61,106.3100000000004,39.05999999999949,145.3699999999999,0.020619841146238826,2009,-39.05999999999949
2009-09-30,7429.98,7517.19,7509.17,7508.65,7429.98,87.21000000000004,-8.019999999999527,79.19000000000051,-0.014252143925290728,2009,-79.19000000000051
2009-10-02,7545.29,7475.95,7411.88,7545.29,7415.16,-69.34000000000015,-64.06999999999971,-133.40999999999985,-0.048442056792018295,2009,-69.34000000000015
2009-10-05,7411.88,7402.88,7437.98,7434.02,7381.02,-9.0,35.099999999999454,26.099999999999454,-0.01090428105945751,2009,-26.099999999999454
2009-10-06,7437.98,7512.98,7536.05,7506.37,7437.98,75.0,23.07000000000062,98.07000000000062,0.021200952412016028,2009,-23.07000000000062
2009-10-07,7536.05,7587.08,7608.66,7619.03,7536.05,51.029999999999745,21.579999999999927,72.60999999999967,0.020728863904947437,2009,-21.579999999999927
2009-10-08,7608.66,7631.55,7503.31,7635.66,7591.2,22.890000000000327,-128.23999999999978,-105.34999999999945,-0.006070467488578757,2009,-105.34999999999945
2009-10-09,7503.31,7543.8,7571.96,7597.79,7503.31,40.48999999999978,28.159999999999854,68.64999999999964,-0.004974184611509891,2009,68.64999999999964
2009-10-12,7571.96,7582.28,7599.88,7620.17,7559.4,10.319999999999709,17.600000000000364,27.920000000000073,0.03284186546858181,2009,-17.600000000000364
2009-10-13,7599.88,7516.41,7596.6,7599.88,7471.53,-83.47000000000025,80.19000000000051,-3.2799999999997453,0.013999509863987125,2009,-3.2799999999997453
2009-10-14,7596.6,7631.63,7695.75,7653.29,7596.6,35.029999999999745,64.11999999999989,99.14999999999964,-0.003051267333313179,2009,99.14999999999964
2009-10-15,7695.75,7762.02,7710.4,7780.66,7695.75,66.27000000000044,-51.6200000000008,14.649999999999636,0.013666666666666716,2009,14.649999999999636
2009-10-16,7710.4,7705.45,7715.1,7738.04,7694.07,-4.949999999999818,9.650000000000546,4.700000000000728,-0.014140085498191457,2009,-4.700000000000728
2009-10-19,7715.1,7729.09,7751.32,7728.75,7691.21,13.989999999999782,22.229999999999563,36.219999999999345,-0.021074655831160083,2009,13.989999999999782
2009-10-20,7751.32,7779.43,7753.52,7811.92,7751.32,28.110000000000582,-25.909999999999854,2.2000000000007276,0.014806554533345784,2009,2.2000000000007276
2009-10-21,7753.52,7715.55,7701.5,7774.4,7706.29,-37.970000000000255,-14.050000000000182,-52.02000000000044,-0.0022587833094228627,2009,-52.02000000000044
2009-10-22,7701.5,7653.95,7607.93,7710.82,7644.69,-47.55000000000018,-46.01999999999953,-93.56999999999971,-0.012849144919998778,2009,93.56999999999971
2009-10-23,7607.93,7626.67,7649.28,7657.65,7607.93,18.73999999999978,22.609999999999673,41.349999999999454,0.012923420212600956,2009,41.349999999999454
2009-10-26,7649.28,7729.56,7668.4,7747.48,7649.28,80.28000000000065,-61.160000000000764,19.11999999999989,-0.03191163872231051,2009,80.28000000000065
2009-10-28,7657.34,7622.03,7533.95,7657.34,7619.74,-35.3100000000004,-88.07999999999993,-123.39000000000033,-0.025201612903225756,2009,-35.3100000000004
2009-10-29,7533.95,7346.22,7355.69,7533.95,7324.55,-187.72999999999956,9.469999999999345,-178.26000000000022,-0.02798603929679433,2009,-187.72999999999956
2009-10-30,7355.69,7390.22,7340.08,7428.72,7355.69,34.530000000000655,-50.14000000000033,-15.609999999999673,0.021543985637342944,2009,50.14000000000033
2009-11-02,7340.08,7252.59,7335.18,7340.08,7218.89,-87.48999999999978,82.59000000000015,-4.899999999999636,-0.034661198984573205,2009,-87.48999999999978
2009-11-04,7322.93,7405.37,7467.04,7412.89,7322.93,82.4399999999996,61.67000000000007,144.10999999999967,-0.013081346470726674,2009,-144.10999999999967
2009-11-06,7417.46,7497.7,7463.05,7521.01,7417.46,80.23999999999978,-34.649999999999636,45.590000000000146,0.025904981206190003,2009,34.649999999999636
2009-11-09,7463.05,7529.31,7536.7,7562.59,7463.05,66.26000000000022,7.389999999999418,73.64999999999964,-0.003960918933192503,2009,73.64999999999964
2009-11-10,7536.7,7592.31,7593.49,7614.54,7536.7,55.61000000000058,1.1799999999993815,56.789999999999964,0.03148197242841988,2009,-1.1799999999993815
2009-11-12,7668.06,7698.46,7670.93,7709.89,7668.06,30.399999999999636,-27.529999999999745,2.869999999999891,0.013610683102208476,2009,2.869999999999891
2009-11-13,7670.93,7660.55,7665.63,7670.93,7641.48,-10.38000000000011,5.079999999999927,-5.300000000000182,-0.005573853559665554,2009,-5.300000000000182
2009-11-16,7665.63,7750.7,7792.68,7764.6,7665.63,85.06999999999971,41.98000000000047,127.05000000000018,0.011146496815286566,2009,127.05000000000018
2009-11-17,7792.68,7805.02,7733.21,7875.48,7780.01,12.340000000000146,-71.8100000000004,-59.470000000000255,0.019937007874015755,2009,-59.470000000000255
2009-11-19,7766.69,7786.18,7759.98,7789.86,7752.22,19.49000000000069,-26.200000000000728,-6.710000000000036,-0.008541473943879274,2009,-6.710000000000036
2009-11-20,7759.98,7718.38,7682.97,7759.98,7707.94,-41.599999999999454,-35.409999999999854,-77.00999999999931,-0.034304730507262016,2009,-41.599999999999454
2009-11-23,7682.97,7697.72,7687.15,7714.7,7673.61,14.75,-10.570000000000618,4.1799999999993815,-0.008148148148148016,2009,4.1799999999993815
2009-11-24,7687.15,7711.2,7714.56,7735.91,7687.15,24.050000000000182,3.360000000000582,27.410000000000764,0.011527096795142189,2009,27.410000000000764
2009-11-30,7490.91,7584.55,7582.21,7600.72,7490.91,93.64000000000033,-2.3400000000001455,91.30000000000018,-0.016725380050144345,2009,-91.30000000000018
2009-12-02,7649.23,7705.97,7677.62,7741.85,7649.23,56.74000000000069,-28.350000000000364,28.390000000000327,0.030607966457023128,2009,28.350000000000364
2009-12-03,7677.62,7696.73,7684.67,7738.03,7677.62,19.109999999999673,-12.05999999999949,7.050000000000182,0.01611691806972515,2009,7.050000000000182
2009-12-04,7684.67,7694.02,7650.91,7701.81,7666.81,9.350000000000364,-43.11000000000058,-33.76000000000022,0.011549477963596066,2009,-33.76000000000022
2009-12-07,7650.91,7723.43,7775.64,7735.83,7650.91,72.52000000000044,52.210000000000036,124.73000000000047,0.020612592863232138,2009,-52.210000000000036
2009-12-11,7677.91,7728.19,7795.07,7726.63,7677.91,50.279999999999745,66.88000000000011,117.15999999999985,-0.001415553392904445,2009,117.15999999999985
2009-12-14,7795.07,7797.88,7819.13,7841.51,7770.2,2.8100000000004,21.25,24.0600000000004,-0.009952452674167889,2009,24.0600000000004
2009-12-15,7819.13,7830.24,7807.62,7846.78,7812.93,11.109999999999673,-22.61999999999989,-11.510000000000218,0.015034005488605118,2009,-11.510000000000218
2009-12-16,7807.62,7771.32,7751.6,7807.62,7724.58,-36.30000000000018,-19.719999999999345,-56.01999999999953,-0.003849770777006989,2009,-56.01999999999953
2009-12-17,7751.6,7821.97,7742.17,7836.43,7751.6,70.36999999999989,-79.80000000000018,-9.430000000000291,0.017376168982505824,2009,-9.430000000000291
2009-12-18,7742.17,7710.71,7753.63,7742.17,7688.0,-31.460000000000036,42.92000000000007,11.460000000000036,-0.014614626225134875,2009,-11.460000000000036
2009-12-21,7753.63,7799.4,7787.27,7826.83,7753.63,45.76999999999953,-12.1299999999992,33.64000000000033,0.01474309928785833,2009,33.64000000000033
2009-12-22,7787.27,7830.56,7856.0,7850.05,7787.27,43.289999999999964,25.4399999999996,68.72999999999956,0.022677841255111186,2009,-25.4399999999996
2009-12-25,7963.54,7976.53,7972.59,8009.0,7963.54,12.989999999999782,-3.9399999999996,9.050000000000182,0.016011480991642513,2009,9.050000000000182
2009-12-28,7972.59,8039.15,8057.49,8043.51,7972.59,66.55999999999949,18.340000000000146,84.89999999999964,0.016011480991642513,2009,84.89999999999964
2009-12-29,8057.49,8035.59,8053.83,8088.01,8031.49,-21.899999999999636,18.23999999999978,-3.6599999999998545,-0.009472109898631897,2009,-3.6599999999998545
2009-12-30,8053.83,8061.75,8112.28,8088.64,8053.83,7.920000000000073,50.529999999999745,58.44999999999982,-0.004082317414159431,2009,58.44999999999982
2009-12-31,8112.28,8139.26,8188.11,8162.2,8112.28,26.980000000000473,48.849999999999454,75.82999999999993,0.014627435566286762,2009,75.82999999999993
2010-01-04,8188.11,8148.89,8207.85,8240.45,8143.45,-39.219999999999345,58.960000000000036,19.74000000000069,-0.004095298707767148,2010,19.74000000000069
2010-01-05,8207.85,8224.52,8211.4,8283.64,8207.85,16.670000000000073,-13.1200000000008,3.5499999999992724,0.017143174682559437,2010,3.5499999999992724
2010-01-07,8327.62,8300.49,8237.42,8369.55,8303.0,-27.13000000000102,-63.06999999999971,-90.20000000000073,-0.0002183286938487461,2010,-90.20000000000073
2010-01-08,8237.42,8224.73,8280.9,8284.24,8178.93,-12.69000000000051,56.17000000000007,43.47999999999956,-0.01102800676966742,2010,-43.47999999999956
2010-01-11,8280.9,8349.07,8323.82,8347.77,8280.9,68.17000000000007,-25.25,42.92000000000007,0.01484957217775329,2010,42.92000000000007
2010-01-12,8323.82,8297.41,8309.37,8356.97,8278.49,-26.409999999999854,11.960000000000946,-14.449999999998909,-0.002882941688424734,2010,-14.449999999998909
2010-01-13,8309.37,8229.44,8196.56,8309.37,8211.65,-79.93000000000029,-32.88000000000102,-112.81000000000131,-0.03592275380502974,2010,-79.93000000000029
2010-01-14,8196.56,8265.7,8289.98,8264.45,8196.56,69.14000000000124,24.279999999998836,93.42000000000007,0.015956995331730006,2010,93.42000000000007
2010-01-15,8289.98,8326.75,8356.89,8366.62,8289.98,36.77000000000044,30.139999999999418,66.90999999999985,-0.0059316605864825345,2010,66.90999999999985
2010-01-18,8356.89,8310.35,8337.82,8356.89,8290.38,-46.539999999999054,27.469999999999345,-19.06999999999971,-0.034429627969520316,2010,-46.539999999999054
2010-01-19,8337.82,8335.89,8249.0,8395.39,8311.41,-1.930000000000291,-86.88999999999942,-88.81999999999971,-0.034429627969520316,2010,-1.930000000000291
2010-01-20,8249.0,8216.24,8220.93,8309.19,8218.88,-32.76000000000022,4.690000000000509,-28.06999999999971,0.01790118083964365,2010,-28.06999999999971
2010-01-21,8220.93,8174.11,8127.87,8220.93,8151.64,-46.82000000000062,-46.23999999999978,-93.0600000000004,-0.002964314217306918,2010,-93.0600000000004
2010-01-22,8127.87,7950.96,7927.31,8127.87,7924.31,-176.90999999999985,-23.649999999999636,-200.5599999999995,-0.00540308747855911,2010,-200.5599999999995
2010-01-25,7927.31,7883.12,7872.99,7927.31,7828.34,-44.19000000000051,-10.13000000000011,-54.32000000000062,-0.05294472708459086,2010,-44.19000000000051
2010-01-26,7872.99,7882.09,7598.81,7922.07,7869.0,9.100000000000364,-283.27999999999975,-274.1799999999994,0.014234119396643319,2010,-274.1799999999994
2010-01-27,7598.81,7620.56,7560.03,7642.12,7566.58,21.75,-60.530000000000655,-38.780000000000655,-0.0019749835418039208,2010,-38.780000000000655
2010-01-28,7560.03,7657.61,7694.58,7668.61,7560.03,97.57999999999993,36.970000000000255,134.55000000000018,0.011783401295274665,2010,134.55000000000018
2010-01-29,7694.58,7512.89,7640.44,7694.58,7481.9,-181.6899999999996,127.54999999999927,-54.14000000000033,-0.030226700251889116,2010,-181.6899999999996
2010-02-01,7640.44,7585.37,7524.67,7661.7,7566.41,-55.06999999999971,-60.69999999999982,-115.76999999999953,-0.03416348357524834,2010,-55.06999999999971
2010-02-02,7524.67,7599.37,7429.61,7635.73,7524.67,74.69999999999982,-169.76000000000022,-95.0600000000004,0.030531211440503858,2010,169.76000000000022
2010-02-04,7547.98,7527.29,7542.04,7578.18,7504.96,-20.6899999999996,14.75,-5.9399999999996,-0.0028901734104045396,2010,-5.9399999999996
2010-02-05,7542.04,7262.2,7217.83,7542.04,7257.95,-279.84000000000015,-44.36999999999989,-324.21000000000004,-0.046437833714721655,2010,-279.84000000000015
2010-02-06,7217.83,7203.39,7212.87,7249.19,7184.32,-14.4399999999996,9.479999999999563,-4.960000000000036,0.02393370236457315,2010,-9.479999999999563
2010-02-08,7212.87,7209.31,7215.88,7253.24,7173.18,-3.5599999999994907,6.569999999999709,3.0100000000002183,0.02393370236457315,2010,-6.569999999999709
2010-02-09,7215.88,7320.18,7361.04,7317.84,7197.13,104.30000000000018,40.85999999999967,145.15999999999985,-0.0035936376988218166,2010,145.15999999999985
2010-02-10,7361.04,7471.75,7441.84,7470.5,7361.04,110.71000000000004,-29.909999999999854,80.80000000000018,0.0142695853979804,2010,80.80000000000018
2010-02-23,7560.04,7503.73,7597.44,7578.0,7502.45,-56.3100000000004,93.71000000000004,37.399999999999636,-0.002881760493683494,2010,37.399999999999636
2010-02-24,7597.44,7562.19,7529.67,7597.44,7515.38,-35.25,-32.51999999999953,-67.76999999999953,-0.02825864837250036,2010,-35.25
2010-02-25,7529.67,7537.74,7426.96,7568.42,7494.78,8.069999999999709,-110.77999999999975,-102.71000000000004,0.019226725147955648,2010,-102.71000000000004
2010-02-26,7426.96,7449.88,7436.1,7479.28,7422.79,22.920000000000073,-13.779999999999745,9.140000000000327,-0.002593804344622308,2010,9.140000000000327
2010-03-02,7577.75,7640.66,7597.62,7664.49,7577.75,62.909999999999854,-43.039999999999964,19.86999999999989,0.0313403765566902,2010,43.039999999999964
2010-03-03,7597.62,7637.1,7629.52,7670.25,7597.62,39.48000000000047,-7.579999999999927,31.900000000000546,-0.00025752546640733787,2010,31.900000000000546
2010-03-04,7629.52,7636.44,7569.8,7664.0,7623.79,6.919999999999163,-66.63999999999942,-59.720000000000255,-0.008643636051403836,2010,-59.720000000000255
2010-03-08,7666.26,7736.41,7762.27,7741.8,7666.26,70.14999999999964,25.860000000000582,96.01000000000022,0.014370220747366824,2010,96.01000000000022
2010-03-09,7762.27,7748.41,7770.59,7768.24,7737.65,-13.860000000000582,22.18000000000029,8.319999999999709,-0.0009103063749893447,2010,8.319999999999709
2010-03-10,7770.59,7780.64,7779.08,7803.27,7768.85,10.050000000000182,-1.5600000000004002,8.489999999999782,-0.002107001509068507,2010,8.489999999999782
2010-03-11,7779.08,7803.51,7749.66,7818.84,7779.08,24.43000000000029,-53.850000000000364,-29.420000000000073,0.021599566296687245,2010,53.850000000000364
2010-03-12,7749.66,7747.39,7748.33,7773.52,7726.09,-2.269999999999527,0.9399999999995998,-1.3299999999999272,-0.0024578259412355585,2010,-1.3299999999999272
2010-03-15,7748.33,7731.29,7634.92,7766.36,7723.74,-17.039999999999964,-96.36999999999989,-113.40999999999985,-0.005011759435547103,2010,-113.40999999999985
2010-03-16,7634.92,7646.2,7695.63,7679.57,7634.92,11.279999999999745,49.43000000000029,60.710000000000036,-0.013901004586768684,2010,-60.710000000000036
2010-03-17,7695.63,7795.43,7847.84,7804.91,7695.63,99.80000000000018,52.409999999999854,152.21000000000004,0.026938332905287687,2010,-52.409999999999854
2010-03-18,7847.84,7868.46,7886.34,7884.99,7847.55,20.61999999999989,17.88000000000011,38.5,0.011643093339261501,2010,38.5
2010-03-19,7886.34,7877.59,7897.91,7899.01,7863.69,-8.75,20.31999999999971,11.569999999999709,-0.006647255946822028,2010,11.569999999999709
2010-03-22,7897.91,7826.06,7835.98,7897.91,7813.33,-71.84999999999945,9.919999999999163,-61.93000000000029,-0.016508129631677804,2010,61.93000000000029
2010-03-23,7835.98,7856.49,7811.87,7889.04,7835.98,20.51000000000022,-44.61999999999989,-24.109999999999673,0.024123485253184196,2010,44.61999999999989
2010-03-24,7811.87,7853.09,7822.71,7881.37,7811.87,41.220000000000255,-30.38000000000011,10.840000000000146,0.02256691832532609,2010,30.38000000000011
2010-03-25,7822.71,7764.17,7838.1,7824.74,7755.82,-58.539999999999964,73.93000000000029,15.390000000000327,-0.019061937874191304,2010,-15.390000000000327
2010-03-26,7838.1,7797.83,7876.86,7838.1,7770.42,-40.27000000000044,79.02999999999975,38.75999999999931,-0.0014779538549963833,2010,38.75999999999931
2010-03-29,7876.86,7935.53,7947.45,7941.54,7876.86,58.67000000000007,11.920000000000073,70.59000000000015,-0.005317545158018744,2010,70.59000000000015
2010-04-01,7920.06,8006.85,8013.09,8015.85,7920.06,86.78999999999996,6.239999999999782,93.02999999999975,-0.006316074817023565,2010,93.02999999999975
2010-04-06,8025.93,8112.32,8089.65,8124.39,8025.93,86.38999999999942,-22.670000000000073,63.719999999999345,0.029787697926034973,2010,22.670000000000073
2010-04-07,8089.65,8093.62,8121.78,8133.45,8089.65,3.9700000000002547,28.159999999999854,32.13000000000011,-0.006192769808924026,2010,32.13000000000011
2010-04-09,8057.6,8074.63,8092.03,8089.46,8039.41,17.029999999999745,17.399999999999636,34.42999999999938,-0.01438085383002985,2010,-34.42999999999938
2010-04-12,8092.03,8124.38,8117.75,8152.53,8092.03,32.350000000000364,-6.630000000000109,25.720000000000255,0.011548711874444617,2010,25.720000000000255
2010-04-15,8097.13,8144.79,8171.94,8190.01,8097.13,47.659999999999854,27.149999999999636,74.80999999999949,0.04300736894553281,2010,-27.149999999999636
2010-04-19,8111.57,8006.49,7854.22,8111.57,7990.85,-105.07999999999993,-152.26999999999953,-257.34999999999945,-0.012811512811512826,2010,257.34999999999945
2010-04-20,7854.22,7844.03,7900.42,7909.62,7842.07,-10.19000000000051,56.39000000000033,46.19999999999982,-0.0103873015873015,2010,-46.19999999999982
2010-04-21,7900.42,7996.69,7990.53,7997.27,7900.42,96.26999999999953,-6.1599999999998545,90.10999999999967,0.015526356310629597,2010,90.10999999999967
2010-04-22,7990.53,7921.83,7978.69,7990.53,7897.14,-68.69999999999982,56.85999999999967,-11.840000000000146,-0.010841272649162126,2010,11.840000000000146
2010-04-23,7978.69,8000.33,8004.89,8030.11,7978.69,21.640000000000327,4.5600000000004,26.200000000000728,0.019212099535026228,2010,26.200000000000728
2010-04-28,8146.44,8041.68,8081.55,8146.44,7944.7,-104.75999999999931,39.86999999999989,-64.88999999999942,-0.03500411666375591,2010,-104.75999999999931
2010-04-30,8054.05,8087.61,8004.25,8163.94,8054.05,33.55999999999949,-83.35999999999967,-49.80000000000018,0.01374057586907873,2010,-49.80000000000018
2010-05-03,8004.25,7972.67,7952.17,8022.45,7962.69,-31.579999999999927,-20.5,-52.07999999999993,-0.04543493159377621,2010,-31.579999999999927
2010-05-04,7952.17,7974.17,7930.77,8010.98,7952.17,22.0,-43.399999999999636,-21.399999999999636,0.02632488632435459,2010,43.399999999999636
2010-05-05,7930.77,7702.36,7696.9,7930.77,7695.69,-228.41000000000076,-5.460000000000036,-233.8700000000008,-0.04531440267378295,2010,-228.41000000000076
2010-05-06,7696.9,7681.89,7579.48,7702.11,7660.09,-15.009999999999309,-102.41000000000076,-117.42000000000007,-0.010692574902301355,2010,117.42000000000007
2010-05-07,7579.48,7447.13,7567.1,7579.48,7387.19,-132.34999999999945,119.97000000000025,-12.3799999999992,-0.03291819827728093,2010,-132.34999999999945
2010-05-10,7567.1,7633.84,7664.73,7636.5,7567.1,66.73999999999978,30.889999999999418,97.6299999999992,-0.01642366823622854,2010,-97.6299999999992
2010-05-11,7664.73,7697.84,7608.44,7743.41,7664.73,33.11000000000058,-89.40000000000055,-56.289999999999964,0.059783705839942414,2010,89.40000000000055
2010-05-12,7608.44,7670.44,7602.7,7674.52,7608.44,62.0,-67.73999999999978,-5.739999999999782,-0.007483400457167777,2010,-5.739999999999782
2010-05-13,7602.7,7703.31,7770.57,7713.34,7602.7,100.61000000000058,67.25999999999931,167.8699999999999,0.028377155704219392,2010,-67.25999999999931
2010-05-14,7770.57,7751.23,7772.13,7770.57,7725.82,-19.340000000000146,20.900000000000546,1.5600000000004002,-0.026980910739042296,2010,-19.340000000000146
2010-05-17,7772.13,7630.32,7598.72,7772.13,7622.58,-141.8100000000004,-31.599999999999454,-173.40999999999985,-0.030414291977202912,2010,-141.8100000000004
2010-05-18,7598.72,7609.05,7585.3,7637.99,7583.65,10.329999999999927,-23.75,-13.420000000000073,0.015627649352851325,2010,-13.420000000000073
2010-05-19,7585.3,7516.0,7559.16,7585.3,7489.81,-69.30000000000018,43.159999999999854,-26.140000000000327,-0.029327471549013495,2010,-69.30000000000018
2010-05-21,7424.43,7234.15,7237.71,7424.43,7164.21,-190.28000000000065,3.5600000000004,-186.72000000000025,-0.029187093831946065,2010,-190.28000000000065
2010-05-24,7237.71,7279.82,7322.73,7305.28,7237.71,42.10999999999967,42.909999999999854,85.01999999999953,0.024985320023487967,2010,-42.909999999999854
2010-05-25,7322.73,7173.02,7086.37,7322.73,7159.54,-149.70999999999913,-86.65000000000055,-236.35999999999967,-0.01881928332044336,2010,236.35999999999967
2010-05-27,7167.35,7105.11,7243.16,7170.96,7106.18,-62.24000000000069,138.05000000000018,75.80999999999949,-0.0021189515543816873,2010,75.80999999999949
2010-05-28,7243.16,7348.6,7295.32,7364.01,7243.16,105.44000000000051,-53.280000000000655,52.159999999999854,0.05169003432427721,2010,53.280000000000655
2010-05-31,7295.32,7293.8,7373.98,7335.8,7292.54,-1.519999999999527,80.17999999999938,78.65999999999985,-0.016290969437145586,2010,-78.65999999999985
2010-06-01,7373.98,7286.4,7289.33,7373.98,7276.52,-87.57999999999993,2.930000000000291,-84.64999999999964,-0.016290969437145586,2010,84.64999999999964
2010-06-02,7289.33,7268.63,7195.71,7289.33,7236.97,-20.699999999999818,-72.92000000000007,-93.61999999999989,-0.022633976269470835,2010,-20.699999999999818
2010-06-03,7195.71,7327.37,7360.28,7343.08,7195.71,131.65999999999985,32.909999999999854,164.5699999999997,0.036218750898995955,2010,-32.909999999999854
2010-06-04,7360.28,7346.84,7344.59,7377.56,7342.64,-13.4399999999996,-2.25,-15.6899999999996,0.011799000555247074,2010,-15.6899999999996
2010-06-07,7344.59,7099.03,7157.83,7344.59,7085.55,-245.5600000000004,58.80000000000018,-186.76000000000022,-0.04381945397173814,2010,-245.5600000000004
2010-06-08,7157.83,7172.7,7151.99,7178.31,7142.12,14.86999999999989,-20.710000000000036,-5.8400000000001455,-0.03627180899908189,2010,14.86999999999989
2010-06-09,7151.99,7167.12,7071.67,7193.04,7151.99,15.13000000000011,-95.44999999999982,-80.31999999999971,-0.0037517865650309457,2010,-80.31999999999971
2010-06-10,7071.67,7100.86,7181.77,7136.88,7071.67,29.1899999999996,80.91000000000076,110.10000000000036,-0.007531830952238527,2010,110.10000000000036
2010-06-11,7181.77,7306.87,7299.49,7321.6,7181.77,125.09999999999945,-7.380000000000109,117.71999999999935,0.03803529482623613,2010,7.380000000000109
2010-06-14,7299.49,7361.48,7387.4,7378.3,7299.49,61.98999999999978,25.920000000000073,87.90999999999985,0.014041602599437208,2010,87.90999999999985
2010-06-18,7515.78,7489.91,7493.11,7538.55,7465.61,-25.86999999999989,3.199999999999818,-22.670000000000073,-0.0018762228952798887,2010,-22.670000000000073
2010-06-21,7493.11,7594.55,7635.56,7636.67,7493.11,101.44000000000051,41.01000000000022,142.45000000000073,-0.0031687209645802072,2010,142.45000000000073
2010-06-22,7635.56,7621.09,7612.68,7635.56,7610.62,-14.470000000000255,-8.409999999999854,-22.88000000000011,-0.008539640634681045,2010,-22.88000000000011
2010-06-23,7612.68,7567.51,7582.15,7612.68,7549.98,-45.17000000000007,14.639999999999418,-30.530000000000655,-0.018068688186066773,2010,30.530000000000655
2010-06-25,7589.89,7516.93,7474.71,7589.89,7502.07,-72.96000000000004,-42.220000000000255,-115.18000000000029,-0.02937610229276888,2010,-72.96000000000004
2010-06-28,7474.71,7521.75,7500.79,7525.7,7474.71,47.039999999999964,-20.960000000000036,26.079999999999927,-0.0003690875021294948,2010,26.079999999999927
2010-06-30,7423.57,7296.1,7329.37,7423.57,7255.09,-127.46999999999935,33.26999999999953,-94.19999999999982,-0.046426251729688506,2010,-127.46999999999935
2010-07-01,7329.37,7292.33,7254.06,7329.37,7276.65,-37.039999999999964,-38.26999999999953,-75.30999999999949,-0.01590310066040812,2010,75.30999999999949
2010-07-05,7330.74,7358.53,7439.96,7377.02,7330.74,27.789999999999964,81.43000000000029,109.22000000000025,-0.004533037134880291,2010,109.22000000000025
2010-07-06,7439.96,7441.51,7548.48,7439.96,7382.37,1.550000000000182,106.96999999999935,108.51999999999953,-0.004533037134880291,2010,108.51999999999953
2010-07-07,7548.48,7555.37,7534.46,7565.37,7522.19,6.890000000000327,-20.909999999999854,-14.019999999999527,-0.001357056694813119,2010,-14.019999999999527
2010-07-08,7534.46,7609.97,7608.85,7622.46,7534.46,75.51000000000022,-1.1199999999998909,74.39000000000033,0.05049071417786499,2010,1.1199999999998909
2010-07-09,7608.85,7604.78,7647.25,7644.11,7607.35,-4.0700000000006185,42.470000000000255,38.399999999999636,-0.0007186592692672855,2010,38.399999999999636
2010-07-12,7647.25,7646.59,7639.55,7674.26,7636.81,-0.6599999999998545,-7.039999999999964,-7.699999999999818,0.010758874633220117,2010,-7.699999999999818
2010-07-13,7639.55,7646.46,7597.42,7671.48,7634.17,6.9099999999998545,-49.039999999999964,-42.13000000000011,0.01129895264116576,2010,-42.13000000000011
2010-07-14,7597.42,7708.3,7714.51,7720.63,7597.42,110.88000000000011,6.210000000000036,117.09000000000015,0.021107139841837208,2010,-6.210000000000036
2010-07-15,7714.51,7707.61,7704.52,7714.51,7681.87,-6.900000000000546,-3.089999999999236,-9.989999999999782,-0.0026734283273157633,2010,-9.989999999999782
2010-07-16,7704.52,7683.52,7664.57,7718.85,7660.76,-21.0,-18.950000000000728,-39.95000000000073,-0.0021278947659316705,2010,-39.95000000000073
2010-07-19,7664.57,7630.21,7649.83,7664.57,7596.26,-34.35999999999967,19.61999999999989,-14.739999999999782,-0.033038854579190646,2010,-34.35999999999967
2010-07-20,7649.83,7644.57,7712.03,7678.89,7645.45,-5.260000000000218,67.46000000000004,62.19999999999982,0.025146064841333304,2010,-67.46000000000004
2010-07-22,7701.29,7680.06,7666.34,7718.92,7665.78,-21.229999999999563,-13.720000000000255,-34.94999999999982,-0.01954597492530641,2010,34.94999999999982
2010-07-23,7666.34,7759.86,7761.22,7777.57,7666.34,93.51999999999953,1.360000000000582,94.88000000000011,0.03283684105601914,2010,-1.360000000000582
2010-07-27,7787.45,7776.77,7748.01,7806.25,7760.81,-10.679999999999382,-28.76000000000022,-39.4399999999996,0.013633994458618126,2010,-39.4399999999996
2010-07-28,7748.01,7745.11,7784.81,7762.14,7726.4,-2.9000000000005457,39.70000000000073,36.80000000000018,-0.009255751014885072,2010,36.80000000000018
2010-07-29,7784.81,7786.54,7798.99,7786.95,7769.2,1.7299999999995634,12.449999999999818,14.179999999999382,-0.018056162587412494,2010,-14.179999999999382
2010-07-30,7798.99,7751.34,7760.63,7798.99,7731.19,-47.649999999999636,9.289999999999964,-38.35999999999967,-0.0193340195287508,2010,38.35999999999967
2010-08-02,7760.63,7870.64,7911.68,7883.51,7760.63,110.01000000000022,41.039999999999964,151.05000000000018,-0.010524225575853752,2010,-151.05000000000018
2010-08-03,7911.68,7954.17,7957.53,7970.58,7911.68,42.48999999999978,3.3599999999996726,45.849999999999454,0.017574037441587143,2010,45.849999999999454
2010-08-04,7957.53,7949.92,7972.66,7970.69,7943.58,-7.609999999999673,22.73999999999978,15.13000000000011,-0.010396123288443082,2010,-15.13000000000011
2010-08-06,7936.85,7949.89,7963.3,7956.29,7926.4,13.039999999999964,13.409999999999854,26.449999999999818,-0.006399594034563361,2010,26.449999999999818
2010-08-09,7963.3,8013.38,8034.49,8025.09,7963.3,50.07999999999993,21.109999999999673,71.1899999999996,-0.0019577800476676677,2010,71.1899999999996
2010-08-11,7976.74,7894.45,7895.03,7976.74,7892.71,-82.28999999999996,0.5799999999999272,-81.71000000000004,-0.026295720943369627,2010,-82.28999999999996
2010-08-12,7895.03,7799.95,7829.79,7895.03,7776.66,-95.07999999999993,29.840000000000146,-65.23999999999978,-0.04258281603527303,2010,-95.07999999999993
2010-08-13,7829.79,7854.57,7891.58,7858.12,7829.79,24.779999999999745,37.01000000000022,61.789999999999964,-0.013058231836635792,2010,-61.789999999999964
2010-08-16,7891.58,7875.49,7941.22,7891.58,7850.13,-16.090000000000146,65.73000000000047,49.64000000000033,-0.00924021488871829,2010,49.64000000000033
2010-08-18,7931.09,7957.84,7924.1,7984.57,7931.09,26.75,-33.73999999999978,-6.989999999999782,0.013384321223709472,2010,-6.989999999999782
2010-08-19,7924.1,7918.39,7928.94,7933.16,7887.54,-5.710000000000036,10.549999999999272,4.839999999999236,0.01065124771758974,2010,4.839999999999236
2010-08-20,7928.94,7912.55,7927.31,7941.61,7910.64,-16.389999999999418,14.760000000000218,-1.6299999999991996,-0.01710328214393253,2010,1.6299999999991996
2010-08-24,7975.93,7959.67,7940.64,7988.32,7942.77,-16.26000000000022,-19.029999999999745,-35.289999999999964,-0.01250457484445533,2010,35.289999999999964
2010-08-25,7940.64,7817.18,7736.98,7940.64,7819.45,-123.46000000000004,-80.20000000000073,-203.66000000000076,-0.01658533572178622,2010,203.66000000000076
2010-08-27,7689.74,7679.22,7722.91,7722.63,7662.23,-10.519999999999527,43.6899999999996,33.17000000000007,-0.019502332814929968,2010,-33.17000000000007
2010-08-30,7722.91,7771.86,7741.2,7797.26,7722.91,48.94999999999982,-30.659999999999854,18.289999999999964,0.02071503346762671,2010,30.659999999999854
2010-08-31,7741.2,7628.32,7616.28,7741.2,7624.83,-112.88000000000011,-12.039999999999964,-124.92000000000007,-0.025422675285927454,2010,-112.88000000000011
2010-09-01,7616.28,7638.65,7668.25,7655.1,7616.28,22.36999999999989,29.600000000000364,51.970000000000255,-0.01942088143376486,2010,-51.970000000000255
2010-09-02,7668.25,7741.58,7720.82,7780.53,7668.25,73.32999999999993,-20.76000000000022,52.56999999999971,0.03011480048131654,2010,20.76000000000022
2010-09-03,7720.82,7798.46,7830.21,7820.34,7720.82,77.64000000000033,31.75,109.39000000000033,0.020741910023677868,2010,-31.75
2010-09-06,7830.21,7882.0,7890.95,7884.51,7830.21,51.789999999999964,8.949999999999818,60.73999999999978,0.016670790548063863,2010,60.73999999999978
2010-09-07,7890.95,7894.94,7884.4,7918.75,7876.67,3.9899999999997817,-10.539999999999964,-6.550000000000182,0.016670790548063863,2010,-6.550000000000182
2010-09-08,7884.4,7860.33,7851.31,7898.76,7859.58,-24.06999999999971,-9.019999999999527,-33.089999999999236,-0.019470049587782423,2010,33.089999999999236
2010-09-09,7851.31,7872.75,7835.54,7903.47,7851.31,21.4399999999996,-37.210000000000036,-15.770000000000437,-0.004374670348422427,2010,-15.770000000000437
2010-09-13,7890.11,7985.37,8091.3,7989.16,7890.11,95.26000000000022,105.93000000000029,201.1900000000005,-0.014046343590382482,2010,-201.1900000000005
2010-09-14,8091.3,8111.19,8132.6,8123.0,8081.79,19.889999999999418,21.410000000000764,41.30000000000018,0.03348390561329251,2010,-21.410000000000764
2010-09-15,8132.6,8150.66,8163.82,8155.64,8121.34,18.05999999999949,13.159999999999854,31.219999999999345,0.01708591863557163,2010,31.219999999999345
2010-09-16,8163.82,8145.73,8099.75,8182.8,8134.5,-18.090000000000146,-45.97999999999956,-64.06999999999971,-0.0033657891573506404,2010,-64.06999999999971
2010-09-23,8196.4,8169.49,8202.54,8204.09,8154.97,-26.909999999999854,33.05000000000109,6.140000000001237,-0.014435264994482444,2010,-6.140000000001237
2010-09-27,8166.62,8225.58,8191.54,8240.86,8166.62,58.960000000000036,-34.039999999999964,24.920000000000073,0.039990385482078006,2010,34.039999999999964
2010-09-28,8191.54,8191.52,8189.44,8203.5,8173.26,-0.019999999999527063,-2.0800000000008367,-2.100000000000364,-0.006760270410816394,2010,-2.100000000000364
2010-09-29,8189.44,8227.56,8240.89,8248.54,8189.44,38.11999999999989,13.329999999999927,51.44999999999982,0.01646305991855712,2010,51.44999999999982
2010-10-01,8237.78,8247.78,8244.18,8260.28,8220.73,10.0,-3.600000000000364,6.399999999999636,-0.007248642656130122,2010,6.399999999999636
2010-10-04,8244.18,8280.02,8246.1,8300.04,8244.18,35.840000000000146,-33.92000000000007,1.9200000000000728,-0.003378765318978405,2010,1.9200000000000728
2010-10-05,8246.1,8185.18,8200.43,8246.1,8162.88,-60.92000000000007,15.25,-45.67000000000007,-0.014192955237602667,2010,45.67000000000007
2010-10-06,8200.43,8279.72,8284.03,8301.39,8200.43,79.28999999999905,4.31000000000131,83.60000000000036,0.022703427372347873,2010,-4.31000000000131
2010-10-07,8284.03,8301.0,8283.92,8308.84,8278.54,16.969999999999345,-17.079999999999927,-0.11000000000058208,-0.01587301587301604,2010,0.11000000000058208
2010-10-15,8215.45,8222.54,8205.3,8230.4,8203.32,7.0900000000001455,-17.2400000000016,-10.150000000001455,-0.002333689478715706,2010,-10.150000000001455
2010-10-19,8060.54,8049.47,8046.23,8065.36,8018.31,-11.069999999999709,-3.240000000000691,-14.3100000000004,-0.007140456989247368,2010,-14.3100000000004
2010-10-20,8046.23,8043.6,8124.62,8060.08,7992.81,-2.6299999999991996,81.01999999999953,78.39000000000033,-0.013960571960402679,2010,-78.39000000000033
2010-10-22,8131.23,8152.4,8168.06,8172.83,8131.23,21.170000000000073,15.660000000000764,36.83000000000084,-0.005457956677468734,2010,36.83000000000084
2010-10-25,8168.06,8241.58,8306.98,8256.89,8168.06,73.51999999999953,65.39999999999964,138.91999999999916,0.020236666095009292,2010,-65.39999999999964
2010-10-26,8306.98,8327.91,8343.23,8353.86,8306.98,20.93000000000029,15.319999999999709,36.25,0.010758110606824633,2010,36.25
2010-10-27,8343.23,8331.34,8291.04,8372.52,8298.24,-11.889999999999418,-40.29999999999927,-52.18999999999869,-0.0039359166250899635,2010,-52.18999999999869
2010-10-28,8291.04,8281.52,8354.05,8316.7,8283.0,-9.520000000000437,72.52999999999884,63.0099999999984,0.030860418521816424,2010,-72.52999999999884
2010-10-29,8354.05,8323.03,8287.09,8354.05,8303.78,-31.019999999998618,-35.94000000000051,-66.95999999999913,-0.0002969361587259467,2010,-66.95999999999913
2010-11-02,8379.75,8364.54,8344.76,8390.1,8356.04,-15.209999999999127,-19.780000000000655,-34.98999999999978,-0.0031934306569343374,2010,-34.98999999999978
2010-11-05,8357.85,8430.3,8449.34,8451.11,8357.85,72.44999999999891,19.040000000000873,91.48999999999978,0.03160318678700924,2010,-19.040000000000873
2010-11-09,8430.58,8427.84,8445.63,8457.41,8422.75,-2.7399999999997817,17.789999999999054,15.049999999999272,-0.0003571246364980629,2010,15.049999999999272
2010-11-10,8445.63,8471.07,8450.63,8471.22,8440.89,25.44000000000051,-20.44000000000051,5.0,-0.011636215167908581,2010,-5.0
2010-11-12,8436.95,8350.13,8316.05,8436.95,8353.4,-86.82000000000153,-34.07999999999993,-120.90000000000146,-0.012521299117054685,2010,120.90000000000146
2010-11-16,8240.65,8265.63,8312.21,8278.44,8234.22,24.979999999999563,46.57999999999993,71.55999999999949,-0.007945427458770027,2010,71.55999999999949
2010-11-17,8312.21,8254.55,8255.54,8312.21,8246.4,-57.659999999999854,0.9900000000016007,-56.669999999998254,-0.014490080880996903,2010,56.669999999998254
2010-11-18,8255.54,8254.02,8283.45,8286.92,8252.66,-1.5200000000004366,29.43000000000029,27.909999999999854,-0.0005881252172053042,2010,27.909999999999854
2010-11-19,8283.45,8355.85,8306.12,8361.08,8283.45,72.39999999999964,-49.72999999999956,22.670000000000073,0.01901832285676064,2010,22.670000000000073
2010-11-22,8306.12,8349.41,8374.91,8349.93,8306.12,43.289999999999054,25.5,68.78999999999905,0.016090928181436315,2010,68.78999999999905
2010-11-23,8374.91,8379.66,8328.63,8396.49,8363.06,4.75,-51.030000000000655,-46.280000000000655,0.010953525020021226,2010,-46.280000000000655
2010-11-24,8328.63,8331.43,8297.05,8335.13,8277.33,2.8000000000010914,-34.38000000000102,-31.579999999999927,-0.007819487389160051,2010,-31.579999999999927
2010-11-25,8297.05,8336.25,8349.99,8353.0,8297.05,39.20000000000073,13.739999999999782,52.94000000000051,0.02688850542148513,2010,-13.739999999999782
2010-11-26,8349.99,8333.55,8312.15,8371.27,8317.58,-16.44000000000051,-21.399999999999636,-37.840000000000146,0.02688850542148513,2010,21.399999999999636
2010-11-29,8312.15,8350.42,8367.17,8401.42,8312.15,38.27000000000044,16.75,55.02000000000044,-0.006721677409646132,2010,55.02000000000044
2010-11-30,8367.17,8423.42,8372.48,8423.19,8363.97,56.25,-50.94000000000051,5.309999999999491,-0.002222053884806674,2010,5.309999999999491
2010-12-01,8372.48,8473.2,8520.11,8480.39,8372.48,100.72000000000116,46.909999999999854,147.63000000000102,-0.012729343287359196,2010,-147.63000000000102
2010-12-02,8520.11,8622.33,8585.77,8641.13,8520.11,102.21999999999935,-36.55999999999949,65.65999999999985,0.03319491438531741,2010,36.55999999999949
2010-12-03,8585.77,8636.52,8624.01,8647.99,8585.77,50.75,-12.510000000000218,38.23999999999978,0.01858238023172154,2010,38.23999999999978
2010-12-07,8702.23,8672.98,8704.39,8716.0,8654.49,-29.25,31.409999999999854,2.1599999999998545,-0.0016002715612346563,2010,2.1599999999998545
2010-12-08,8704.39,8700.36,8703.79,8729.7,8683.98,-4.029999999998836,3.430000000000291,-0.5999999999985448,-0.0006314204531655543,2010,-0.5999999999985448
2010-12-14,8736.59,8782.84,8740.43,8789.25,8736.59,46.25,-42.409999999999854,3.8400000000001455,-0.008375530970265666,2010,3.8400000000001455
2010-12-15,8740.43,8727.65,8756.71,8756.28,8729.44,-12.780000000000655,29.05999999999949,16.279999999998836,-0.00612294288480153,2010,16.279999999998836
2010-12-16,8756.71,8791.87,8782.2,8797.98,8756.71,35.16000000000167,-9.670000000000073,25.4900000000016,-0.01129860958920803,2010,-25.4900000000016
2010-12-21,8768.72,8781.31,8827.79,8805.87,8768.72,12.590000000000146,46.48000000000138,59.07000000000153,-0.00291658565039854,2010,59.07000000000153
2010-12-24,8898.87,8888.48,8861.1,8911.41,8884.5,-10.390000000001237,-27.3799999999992,-37.77000000000044,-0.003171221767653498,2010,-37.77000000000044
2010-12-27,8861.1,8842.2,8892.31,8877.06,8828.67,-18.899999999999636,50.10999999999876,31.209999999999127,-0.003171221767653498,2010,31.209999999999127
2010-12-29,8870.76,8855.33,8866.35,8893.14,8849.48,-15.430000000000291,11.020000000000437,-4.4099999999998545,-0.0039052077522011563,2010,-4.4099999999998545
2011-01-03,8972.5,9014.37,9025.3,9041.32,8972.5,41.8700000000008,10.929999999998472,52.79999999999927,-0.001164200824642303,2011,52.79999999999927
2011-01-07,8883.21,8876.28,8782.72,8907.11,8867.14,-6.929999999998472,-93.56000000000131,-100.48999999999978,0.01841329209523135,2011,-100.48999999999978
2011-01-11,8817.88,8886.75,8931.36,8888.06,8794.77,68.8700000000008,44.61000000000058,113.48000000000138,0.010357948139797069,2011,113.48000000000138
2011-01-13,8965.0,9012.05,8975.58,9034.17,8965.0,47.04999999999927,-36.469999999999345,10.579999999999927,0.019674638487207963,2011,10.579999999999927
2011-01-14,8975.58,8961.75,8972.51,8998.14,8958.23,-13.829999999999927,10.760000000000218,-3.069999999999709,-0.00043180836799161515,2011,-3.069999999999709
2011-01-17,8972.51,8978.46,8925.09,9006.36,8959.32,5.949999999998909,-53.36999999999898,-47.42000000000007,0.026760947660406487,2011,53.36999999999898
2011-01-18,8925.09,8947.4,8988.0,8946.76,8887.03,22.30999999999949,40.600000000000364,62.909999999999854,0.026760947660406487,2011,-40.600000000000364
2011-01-19,8988.0,9034.65,9086.02,9039.94,8988.0,46.649999999999636,51.3700000000008,98.02000000000044,-0.0036759007063928983,2011,98.02000000000044
2011-01-20,9086.02,9033.63,9022.17,9086.02,9028.06,-52.39000000000124,-11.459999999999127,-63.850000000000364,-0.02355922032316138,2011,-52.39000000000124
2011-01-21,9022.17,8947.95,8954.38,9022.17,8892.27,-74.21999999999935,6.429999999998472,-67.79000000000087,-0.010379441422165625,2011,67.79000000000087
2011-01-24,8954.38,8958.7,8947.79,8993.56,8954.38,4.320000000001528,-10.909999999999854,-6.5899999999983265,-0.007176208110035165,2011,-6.5899999999983265
2011-01-25,8947.79,9014.15,8991.39,9032.3,8947.79,66.35999999999876,-22.76000000000022,43.599999999998545,0.024950770300011582,2011,22.76000000000022
2011-01-26,8991.39,9021.64,9055.59,9031.53,8991.39,30.25,33.95000000000073,64.20000000000073,-0.007458975634012988,2011,64.20000000000073
2011-01-28,9102.33,9116.43,9145.35,9137.74,9102.33,14.100000000000364,28.920000000000073,43.02000000000044,0.018828735268885177,2011,43.02000000000044
2011-02-08,9145.35,9124.29,9111.46,9220.69,9085.41,-21.05999999999949,-12.830000000001746,-33.89000000000124,-0.004016324415365702,2011,-33.89000000000124
2011-02-09,9111.46,9082.99,9006.82,9129.88,9052.95,-28.469999999999345,-76.17000000000007,-104.63999999999942,-0.0007588075880758938,2011,-104.63999999999942
2011-02-10,9006.82,8934.33,8836.56,9006.82,8923.35,-72.48999999999978,-97.77000000000044,-170.26000000000022,-0.007159904534606132,2011,-170.26000000000022
2011-02-16,8721.93,8741.58,8712.96,8766.33,8715.33,19.649999999999636,-28.6200000000008,-8.970000000001164,-0.010763293310463107,2011,8.970000000001164
2011-02-17,8712.96,8697.71,8683.88,8745.65,8669.77,-15.25,-13.829999999999927,-29.079999999999927,0.011227188001213806,2011,-29.079999999999927
2011-02-18,8683.88,8825.81,8843.84,8852.61,8683.88,141.9300000000003,18.030000000000655,159.96000000000095,0.014274691358024727,2011,159.96000000000095
2011-02-21,8843.84,8838.14,8839.22,8867.16,8797.25,-5.700000000000728,1.0799999999999272,-4.6200000000008,-0.003719200371920084,2011,-4.6200000000008
2011-02-22,8839.22,8652.24,8673.67,8839.22,8651.68,-186.97999999999956,21.43000000000029,-165.54999999999927,-0.003719200371920084,2011,-165.54999999999927
2011-02-23,8673.67,8656.57,8528.94,8673.67,8602.43,-17.100000000000364,-127.6299999999992,-144.72999999999956,-0.039557968862681814,2011,-17.100000000000364
2011-02-24,8528.94,8583.46,8541.64,8597.3,8528.94,54.51999999999862,-41.81999999999971,12.699999999998909,-0.01886000750866812,2011,-12.699999999998909
2011-02-25,8541.64,8553.36,8599.65,8625.9,8506.51,11.720000000001164,46.289999999999054,58.01000000000022,0.01717424088954922,2011,58.01000000000022
2011-03-01,8599.65,8675.61,8727.56,8686.38,8599.65,75.96000000000095,51.94999999999891,127.90999999999985,-0.010934029200543427,2011,-127.90999999999985
2011-03-02,8727.56,8697.62,8619.9,8727.56,8644.99,-29.93999999999869,-77.72000000000116,-107.65999999999985,-0.019275216955213503,2011,107.65999999999985
2011-03-03,8619.9,8697.82,8738.37,8704.66,8619.9,77.92000000000007,40.55000000000109,118.47000000000116,0.014029080883987799,2011,118.47000000000116
2011-03-04,8738.37,8802.82,8784.4,8829.23,8738.37,64.44999999999891,-18.420000000000073,46.029999999998836,0.019031331535442675,2011,46.029999999998836
2011-03-07,8784.4,8762.7,8713.79,8784.4,8706.38,-21.69999999999891,-48.909999999999854,-70.60999999999876,-0.010650429244572601,2011,70.60999999999876
2011-03-08,8713.79,8744.3,8747.75,8768.31,8692.1,30.5099999999984,3.4500000000007276,33.95999999999913,-0.027119307555130256,2011,30.5099999999984
2011-03-10,8750.02,8685.48,8642.9,8754.41,8667.04,-64.54000000000087,-42.57999999999993,-107.1200000000008,-0.030338884672054256,2011,-64.54000000000087
2011-03-11,8642.9,8568.17,8567.82,8642.9,8513.51,-74.72999999999956,-0.3500000000003638,-75.07999999999993,-0.0244503280764361,2011,-74.72999999999956
2011-03-15,8520.02,8446.26,8234.78,8520.02,8439.43,-73.76000000000022,-211.47999999999956,-285.2399999999998,-0.0017293356079549627,2011,-285.2399999999998
2011-03-16,8234.78,8273.6,8324.58,8372.02,8234.78,38.81999999999971,50.97999999999956,89.79999999999927,-0.012594517405248529,2011,-89.79999999999927
2011-03-17,8324.58,8242.34,8282.69,8324.58,8150.73,-82.23999999999978,40.350000000000364,-41.88999999999942,-0.02216742928945692,2011,-82.23999999999978
2011-03-18,8282.69,8356.52,8394.75,8379.53,8282.69,73.82999999999993,38.22999999999956,112.05999999999949,0.013408010862186126,2011,112.05999999999949
2011-03-22,8467.71,8520.7,8508.04,8552.82,8467.71,52.9900000000016,-12.659999999999854,40.330000000001746,0.018105916030534353,2011,40.330000000001746
2011-03-23,8508.04,8506.69,8545.08,8529.93,8481.96,-1.3500000000003638,38.38999999999942,37.039999999999054,-0.009091122097518722,2011,37.039999999999054
2011-03-25,8576.4,8593.68,8610.39,8651.15,8576.4,17.280000000000655,16.709999999999127,33.98999999999978,0.024523352227479256,2011,-16.709999999999127
2011-03-28,8610.39,8567.24,8553.06,8610.39,8551.57,-43.149999999999636,-14.180000000000291,-57.32999999999993,-0.0026062504286596955,2011,-57.32999999999993
2011-04-01,8683.3,8670.43,8705.13,8700.99,8666.54,-12.869999999998981,34.69999999999891,21.829999999999927,-0.00910779826906516,2011,21.829999999999927
2011-04-06,8705.13,8807.67,8851.98,8818.61,8705.13,102.54000000000087,44.30999999999949,146.85000000000036,0.02267800955599575,2011,-44.30999999999949
2011-04-07,8851.98,8858.65,8901.72,8890.14,8828.92,6.670000000000073,43.06999999999971,49.73999999999978,0.01531519212361565,2011,49.73999999999978
2011-04-08,8901.72,8906.06,8894.54,8905.61,8869.62,4.3400000000001455,-11.519999999998618,-7.179999999998472,-0.005050505050505083,2011,-7.179999999998472
2011-04-11,8894.54,8864.43,8880.27,8922.75,8854.12,-30.110000000000582,15.840000000000146,-14.270000000000437,-0.008279751833051407,2011,-14.270000000000437
2011-04-12,8880.27,8761.66,8732.59,8880.27,8753.72,-118.61000000000058,-29.06999999999971,-147.6800000000003,-0.00841712543791795,2011,-147.6800000000003
2011-04-13,8732.59,8728.94,8780.2,8750.59,8703.48,-3.649999999999636,51.26000000000022,47.61000000000058,-0.020877305680462532,2011,-3.649999999999636
2011-04-19,8714.48,8602.59,8638.55,8714.48,8601.59,-111.88999999999942,35.95999999999913,-75.93000000000029,-0.018064605894766217,2011,75.93000000000029
2011-04-21,8813.28,8899.83,8957.65,8919.36,8813.28,86.54999999999927,57.81999999999971,144.36999999999898,0.04270328740064899,2011,-57.81999999999971
2011-04-22,8957.65,8981.85,8969.43,8992.67,8957.65,24.200000000000728,-12.420000000000073,11.780000000000655,-0.0004961436110234585,2011,11.780000000000655
2011-04-25,8969.43,8956.23,8950.75,9037.09,8956.97,-13.200000000000728,-5.479999999999563,-18.68000000000029,-0.0004961436110234585,2011,-18.68000000000029
2011-04-27,8948.14,9043.49,9049.25,9060.5,8948.14,95.35000000000036,5.760000000000218,101.11000000000058,0.015944611082294058,2011,101.11000000000058
2011-04-29,9040.77,9035.43,9007.87,9050.93,8985.79,-5.3400000000001455,-27.55999999999949,-32.899999999999636,-0.00687910527250124,2011,-32.899999999999636
2011-05-03,9007.87,8931.18,8946.08,9018.7,8924.12,-76.69000000000051,14.899999999999636,-61.79000000000087,-0.010009787347628807,2011,61.79000000000087
2011-05-04,8946.08,8896.59,8947.35,8946.08,8864.55,-49.48999999999978,50.76000000000022,1.2700000000004366,-0.012649979778007414,2011,-1.2700000000004366
2011-05-10,9035.48,9023.75,9023.28,9055.91,9022.8,-11.729999999999563,-0.46999999999934516,-12.199999999998909,-0.0029301717531443616,2011,-12.199999999998909
2011-05-12,9020.4,8971.61,9033.68,9020.4,8963.24,-48.789999999999054,62.06999999999971,13.280000000000655,-0.008322274455115908,2011,13.280000000000655
2011-05-13,9033.68,9034.12,9006.61,9052.93,9012.41,0.4400000000005093,-27.51000000000022,-27.06999999999971,0.014153190138129768,2011,-27.06999999999971
2011-05-16,9006.61,8953.24,8911.71,9006.61,8922.7,-53.3700000000008,-41.530000000000655,-94.90000000000146,-0.01382148368483438,2011,94.90000000000146
2011-05-17,8911.71,8916.55,8884.09,8926.8,8886.04,4.8400000000001455,-32.45999999999913,-27.61999999999898,-0.014196620932078408,2011,27.61999999999898
2011-05-18,8884.09,8919.12,8944.84,8927.54,8884.09,35.030000000000655,25.719999999999345,60.75,-0.01198555292277248,2011,-60.75
2011-05-19,8944.84,8999.11,8892.88,9020.51,8944.84,54.27000000000044,-106.23000000000138,-51.960000000000946,0.01888330073577338,2011,-51.960000000000946
2011-05-20,8892.88,8892.61,8837.03,8944.38,8872.94,-0.26999999999861757,-55.57999999999993,-55.849999999998545,-0.008501108343426433,2011,-55.849999999998545
2011-05-23,8837.03,8747.23,8747.51,8837.03,8730.46,-89.80000000000109,0.28000000000065484,-89.52000000000044,-0.0030193375896006014,2011,-89.52000000000044
2011-05-24,8747.51,8682.32,8756.61,8747.51,8678.56,-65.19000000000051,74.29000000000087,9.100000000000364,-0.021314962086184663,2011,-65.19000000000051
2011-05-25,8756.61,8706.68,8727.09,8756.61,8682.49,-49.93000000000029,20.409999999999854,-29.520000000000437,-0.007393584353002303,2011,-29.520000000000437
2011-05-30,8810.0,8819.96,8823.68,8821.37,8748.13,9.959999999999127,3.720000000001164,13.680000000000291,0.011325424995329625,2011,13.680000000000291
2011-05-31,8823.68,8918.6,8988.84,8918.51,8823.68,94.92000000000007,70.23999999999978,165.15999999999985,0.011325424995329625,2011,165.15999999999985
2011-06-01,8988.84,9042.96,9062.35,9048.02,8988.84,54.11999999999898,19.390000000001237,73.51000000000022,0.015031517698399943,2011,73.51000000000022
2011-06-02,9062.35,9020.39,8991.36,9062.35,8977.67,-41.960000000000946,-29.029999999998836,-70.98999999999978,-0.030300272975432363,2011,-41.960000000000946
2011-06-07,9046.28,8998.81,9057.1,9046.28,8981.44,-47.470000000001164,58.29000000000087,10.819999999999709,-0.0075982031922010584,2011,10.819999999999709
2011-06-09,9007.53,9009.3,9000.94,9045.44,9007.09,1.7699999999986176,-8.359999999998763,-6.5900000000001455,-0.02083133799444492,2011,1.7699999999986176
2011-06-13,8837.82,8778.19,8712.95,8837.82,8747.05,-59.6299999999992,-65.23999999999978,-124.86999999999898,-0.016649577657340986,2011,124.86999999999898
2011-06-14,8712.95,8770.04,8829.21,8774.08,8712.95,57.090000000000146,59.169999999998254,116.2599999999984,-0.009235352532274144,2011,116.2599999999984
2011-06-15,8829.21,8782.08,8831.45,8840.66,8764.4,-47.1299999999992,49.3700000000008,2.2400000000016007,0.01921920416959,2011,2.2400000000016007
2011-06-16,8831.45,8701.79,8654.43,8831.45,8689.98,-129.65999999999985,-47.36000000000058,-177.02000000000044,-0.02043023970497848,2011,-129.65999999999985
2011-06-17,8654.43,8652.29,8636.1,8702.0,8637.8,-2.139999999999418,-16.19000000000051,-18.329999999999927,-0.011469731954622975,2011,18.329999999999927
2011-06-20,8636.1,8679.24,8530.68,8685.33,8636.1,43.13999999999942,-148.5599999999995,-105.42000000000007,-0.014370223677863336,2011,105.42000000000007
2011-06-22,8597.62,8649.31,8621.04,8676.11,8597.62,51.68999999999869,-28.269999999998618,23.420000000000073,0.025416098577418778,2011,28.269999999998618
2011-06-23,8621.04,8587.44,8567.28,8621.04,8562.6,-33.600000000000364,-20.159999999999854,-53.76000000000022,-0.0047163894533504,2011,-53.76000000000022
2011-06-24,8567.28,8538.21,8532.83,8569.59,8529.09,-29.070000000001528,-5.3799999999992,-34.45000000000073,0.014695132709903413,2011,-34.45000000000073
2011-06-27,8532.83,8444.97,8500.16,8532.83,8433.46,-87.86000000000058,55.19000000000051,-32.67000000000007,-0.02499006359300482,2011,-87.86000000000058
2011-06-29,8478.86,8509.54,8573.38,8542.31,8478.86,30.68000000000029,63.83999999999833,94.51999999999862,0.013282060363801973,2011,94.51999999999862
2011-06-30,8573.38,8603.45,8652.59,8612.48,8573.38,30.070000000001528,49.13999999999942,79.21000000000095,-0.0008738639768299805,2011,79.21000000000095
2011-07-01,8652.59,8717.82,8739.82,8719.88,8652.59,65.22999999999956,22.0,87.22999999999956,0.0254391883449534,2011,-22.0
2011-07-04,8739.82,8795.32,8774.72,8805.54,8739.82,55.5,-20.600000000000364,34.899999999999636,0.021347630071889778,2011,20.600000000000364
2011-07-05,8774.72,8765.57,8784.44,8777.22,8743.45,-9.149999999999636,18.8700000000008,9.720000000001164,0.021347630071889778,2011,-18.8700000000008
2011-07-06,8784.44,8836.08,8824.44,8837.11,8768.35,51.63999999999942,-11.639999999999418,40.0,-0.009949655221779485,2011,40.0
2011-07-07,8824.44,8780.8,8773.42,8824.44,8764.28,-43.64000000000124,-7.3799999999992,-51.02000000000044,-0.007591459006121348,2011,-51.02000000000044
2011-07-08,8773.42,8816.47,8749.55,8839.14,8773.42,43.04999999999927,-66.92000000000007,-23.8700000000008,0.020908715607469652,2011,66.92000000000007
2011-07-11,8749.55,8683.22,8665.85,8749.55,8674.02,-66.32999999999993,-17.36999999999898,-83.69999999999891,-0.015699333967649776,2011,83.69999999999891
2011-07-12,8665.85,8526.35,8491.01,8665.85,8525.96,-139.5,-35.340000000000146,-174.84000000000015,-0.017085548574190423,2011,174.84000000000015
2011-07-13,8491.01,8486.33,8488.06,8503.96,8464.26,-4.680000000000291,1.7299999999995634,-2.9500000000007276,-0.028938116195018848,2011,-4.680000000000291
2011-07-14,8488.06,8506.9,8481.35,8531.96,8488.06,18.840000000000146,-25.549999999999272,-6.709999999999127,-0.002759773141583932,2011,-6.709999999999127
2011-07-15,8481.35,8504.67,8574.91,8511.92,8462.05,23.31999999999971,70.23999999999978,93.55999999999949,-0.015512732627516734,2011,-93.55999999999949
2011-07-19,8538.57,8509.23,8524.57,8544.12,8490.79,-29.340000000000146,15.340000000000146,-14.0,-0.01394621478196223,2011,14.0
2011-07-20,8524.57,8643.44,8706.17,8654.64,8524.57,118.8700000000008,62.72999999999956,181.60000000000036,0.03322673738397941,2011,-62.72999999999956
2011-07-21,8706.17,8703.61,8717.14,8725.97,8683.05,-2.5599999999994907,13.529999999998836,10.969999999999345,-0.005787473893460238,2011,10.969999999999345
2011-07-25,8765.32,8728.23,8683.51,8786.03,8724.9,-37.090000000000146,-44.719999999999345,-81.80999999999949,0.024267950260730142,2011,44.719999999999345
2011-07-26,8683.51,8703.59,8794.24,8733.87,8683.51,20.079999999999927,90.64999999999964,110.72999999999956,-0.013412962600352518,2011,-110.72999999999956
2011-07-28,8817.49,8778.58,8767.2,8817.49,8702.84,-38.909999999999854,-11.3799999999992,-50.289999999999054,-0.03773956257534394,2011,-38.909999999999854
2011-07-29,8767.2,8717.69,8644.18,8771.64,8703.85,-49.51000000000022,-73.51000000000022,-123.02000000000044,-0.0015340168230512097,2011,-123.02000000000044
2011-08-01,8644.18,8684.58,8701.38,8694.13,8629.97,40.399999999999636,16.799999999999272,57.19999999999891,-0.009192635648989755,2011,57.19999999999891
2011-08-02,8701.38,8585.63,8584.72,8701.38,8582.03,-115.75,-0.9099999999998545,-116.65999999999985,-2.5843800072311574e-05,2011,-116.65999999999985
2011-08-03,8584.72,8362.33,8456.86,8584.72,8360.73,-222.38999999999942,94.53000000000065,-127.85999999999876,-0.030393094358152628,2011,-222.38999999999942
2011-08-04,8456.86,8452.03,8317.27,8496.07,8445.55,-4.829999999999927,-134.76000000000022,-139.59000000000015,0.011248234133859336,2011,-139.59000000000015
2011-08-05,8317.27,7893.9,7853.13,8317.27,7844.77,-423.3700000000008,-40.76999999999953,-464.1400000000003,-0.058172329265399725,2011,-423.3700000000008
2011-08-08,7853.13,7778.56,7552.8,7853.13,7694.76,-74.56999999999971,-225.76000000000022,-300.3299999999999,-0.019870144408373314,2011,300.3299999999999
2011-08-09,7552.8,7207.31,7493.12,7552.8,7159.76,-345.4899999999998,285.8099999999995,-59.68000000000029,-0.053937524984295715,2011,-345.4899999999998
2011-08-10,7493.12,7645.47,7736.32,7744.5,7493.12,152.35000000000036,90.84999999999945,243.19999999999982,0.046358615277819704,2011,-90.84999999999945
2011-08-11,7736.32,7617.42,7719.09,7736.32,7499.54,-118.89999999999964,101.67000000000007,-17.229999999999563,-0.02062361187227779,2011,-118.89999999999964
2011-08-12,7719.09,7798.27,7637.02,7853.53,7719.09,79.18000000000029,-161.25,-82.06999999999971,0.0517759321434883,2011,161.25
2011-08-15,7637.02,7778.33,7819.39,7789.75,7637.02,141.3099999999995,41.0600000000004,182.3699999999999,-0.004200268817204256,2011,182.3699999999999
2011-08-16,7819.39,7838.27,7798.59,7896.19,7792.35,18.88000000000011,-39.68000000000029,-20.800000000000182,0.019768291997075416,2011,-20.800000000000182
2011-08-17,7798.59,7770.03,7741.76,7821.99,7766.48,-28.5600000000004,-28.269999999999527,-56.82999999999993,-0.019964152764373244,2011,56.82999999999993
2011-08-18,7741.76,7637.8,7614.97,7741.76,7611.6,-103.96000000000004,-22.829999999999927,-126.78999999999996,-0.006499535747446661,2011,-126.78999999999996
2011-08-19,7614.97,7392.57,7342.96,7614.97,7356.11,-222.40000000000055,-49.60999999999967,-272.0100000000002,-0.05910506938544324,2011,-222.40000000000055
2011-08-22,7342.96,7457.55,7312.59,7455.33,7305.05,114.59000000000015,-144.96000000000004,-30.36999999999989,-0.017788881196761364,2011,30.36999999999989
2011-08-24,7550.23,7520.45,7502.93,7594.81,7504.53,-29.779999999999745,-17.519999999999527,-47.29999999999927,0.052137167872560175,2011,17.519999999999527
2011-08-25,7502.93,7510.89,7410.87,7564.87,7489.44,7.960000000000036,-100.02000000000044,-92.0600000000004,-0.0011557687306769093,2011,-92.0600000000004
2011-08-26,7410.87,7440.05,7445.1,7503.38,7410.87,29.18000000000029,5.050000000000182,34.23000000000047,-0.027076282218172376,2011,29.18000000000029
2011-08-29,7445.1,7571.19,7578.01,7584.35,7445.1,126.08999999999924,6.8200000000006185,132.90999999999985,0.028097404335028164,2011,-6.8200000000006185
2011-08-30,7578.01,7640.44,7646.19,7654.37,7578.01,62.42999999999938,5.75,68.17999999999938,0.036612875238591025,2011,-5.75
2011-08-31,7646.19,7612.86,7741.36,7667.49,7602.68,-33.32999999999993,128.5,95.17000000000007,-0.0005858721124873956,2011,95.17000000000007
2011-09-01,7741.36,7828.96,7757.76,7886.04,7741.36,87.60000000000036,-71.19999999999982,16.400000000000546,-0.0068112665047594945,2011,16.400000000000546
2011-09-02,7757.76,7721.34,7757.06,7801.28,7713.61,-36.42000000000007,35.720000000000255,-0.6999999999998181,-0.016695241575086395,2011,0.6999999999998181
2011-09-05,7757.06,7563.54,7551.57,7757.06,7538.58,-193.52000000000044,-11.970000000000255,-205.4900000000007,-0.0239817064456197,2011,-193.52000000000044
2011-09-06,7551.57,7498.23,7367.19,7551.57,7467.69,-53.340000000000146,-131.03999999999996,-184.3800000000001,-0.0239817064456197,2011,-53.340000000000146
2011-09-07,7367.19,7445.25,7529.01,7507.54,7367.19,78.0600000000004,83.76000000000022,161.82000000000062,-0.006940783693551222,2011,161.82000000000062
2011-09-08,7529.01,7584.57,7548.37,7626.78,7529.01,55.55999999999949,-36.19999999999982,19.359999999999673,0.04473738535492067,2011,36.19999999999982
2011-09-09,7548.37,7632.24,7610.57,7633.83,7547.0,83.86999999999989,-21.670000000000073,62.19999999999982,-0.00595607745723481,2011,62.19999999999982
2011-09-13,7610.57,7454.25,7391.37,7610.57,7448.14,-156.3199999999997,-62.88000000000011,-219.19999999999982,0.03030998851894373,2011,62.88000000000011
2011-09-14,7391.37,7409.63,7228.47,7477.86,7391.37,18.26000000000022,-181.15999999999985,-162.89999999999964,0.020085803432137395,2011,181.15999999999985
2011-09-15,7228.47,7373.38,7385.68,7400.36,7228.47,144.90999999999985,12.300000000000182,157.21000000000004,0.0261080918698966,2011,-12.300000000000182
2011-09-16,7385.68,7566.72,7577.4,7577.77,7385.68,181.03999999999996,10.679999999999382,191.71999999999935,0.01426556303728721,2011,191.71999999999935
2011-09-20,7480.88,7487.56,7492.85,7544.88,7480.88,6.680000000000291,5.289999999999964,11.970000000000255,-0.01157340734728085,2011,-11.970000000000255
2011-09-21,7492.85,7476.48,7535.88,7515.66,7465.98,-16.3700000000008,59.400000000000546,43.029999999999745,-0.012530133248562891,2011,-43.029999999999745
2011-09-22,7535.88,7357.15,7305.5,7535.88,7334.27,-178.73000000000047,-51.649999999999636,-230.3800000000001,-0.01982508852881204,2011,230.3800000000001
2011-09-23,7305.5,7021.72,7046.22,7305.5,6997.61,-283.77999999999975,24.5,-259.27999999999975,-0.034458220434080644,2011,-283.77999999999975
2011-09-26,7046.22,7001.52,6877.12,7058.43,6945.65,-44.69999999999982,-124.40000000000055,-169.10000000000036,0.02032428142184939,2011,124.40000000000055
2011-09-27,6877.12,7084.31,7089.95,7085.52,6877.12,207.1900000000005,5.639999999999418,212.82999999999993,-0.0012501736352270587,2011,212.82999999999993
2011-09-28,7089.95,7126.04,7146.98,7154.4,7089.95,36.090000000000146,20.9399999999996,57.029999999999745,0.018108484005563197,2011,57.029999999999745
2011-09-29,7146.98,7131.53,7182.61,7146.98,7061.01,-15.449999999999818,51.07999999999993,35.63000000000011,-0.029097565640282985,2011,-15.449999999999818
2011-09-30,7182.61,7200.71,7225.38,7251.87,7182.61,18.100000000000364,24.670000000000073,42.77000000000044,-0.012775776677172557,2011,-42.77000000000044
2011-10-03,7225.38,7072.48,7013.97,7225.38,7067.41,-152.90000000000055,-58.50999999999931,-211.40999999999985,-0.034205575508807984,2011,-152.90000000000055
2011-10-04,7013.97,7002.55,7047.87,7016.19,6889.99,-11.420000000000073,45.31999999999971,33.899999999999636,-0.03674517442890024,2011,-11.420000000000073
2011-10-05,7047.87,7025.18,6989.15,7091.01,7008.31,-22.6899999999996,-36.030000000000655,-58.720000000000255,0.04246713852376138,2011,36.030000000000655
2011-10-06,6989.15,7162.5,7132.0,7170.92,6989.15,173.35000000000036,-30.5,142.85000000000036,0.031008435470122997,2011,30.5
2011-10-07,7132.0,7219.82,7211.96,7240.69,7132.0,87.81999999999971,-7.859999999999673,79.96000000000004,0.012514966645760905,2011,79.96000000000004
2011-10-11,7211.96,7380.79,7398.71,7383.18,7211.96,168.82999999999993,17.920000000000073,186.75,0.028200599893476896,2011,-17.920000000000073
2011-10-12,7398.71,7342.95,7382.35,7398.71,7323.54,-55.76000000000022,39.400000000000546,-16.359999999999673,-0.0029717276915947055,2011,-16.359999999999673
2011-10-14,7428.33,7391.7,7358.08,7430.5,7371.95,-36.63000000000011,-33.61999999999989,-70.25,0.020098596890405718,2011,33.61999999999989
2011-10-17,7358.08,7416.61,7461.12,7427.74,7358.08,58.529999999999745,44.51000000000022,103.03999999999996,0.011311736590547072,2011,103.03999999999996
2011-10-18,7461.12,7357.03,7359.48,7461.12,7340.14,-104.09000000000015,2.449999999999818,-101.64000000000033,-0.027700467363335646,2011,-104.09000000000015
2011-10-19,7359.48,7359.25,7353.37,7393.73,7347.19,-0.22999999999956344,-5.880000000000109,-6.109999999999673,0.022548675434095777,2011,5.880000000000109
2011-10-20,7353.37,7309.27,7244.32,7361.22,7295.85,-44.099999999999454,-64.95000000000073,-109.05000000000018,-0.022447578302434934,2011,-44.099999999999454
2011-10-21,7244.32,7226.86,7254.51,7272.51,7205.21,-17.460000000000036,27.650000000000546,10.19000000000051,-0.016965636481521607,2011,-10.19000000000051
2011-10-24,7254.51,7439.11,7470.3,7444.65,7254.51,184.59999999999945,31.19000000000051,215.78999999999996,0.02258986479059044,2011,-31.19000000000051
2011-10-25,7470.3,7502.79,7491.21,7506.08,7470.3,32.48999999999978,-11.579999999999927,20.909999999999854,0.033727492609513465,2011,11.579999999999927
2011-10-26,7491.21,7473.47,7535.82,7491.21,7425.99,-17.73999999999978,62.349999999999454,44.60999999999967,-0.018692317691407778,2011,-44.60999999999967
2011-10-28,7565.21,7695.43,7616.06,7743.37,7565.21,130.22000000000025,-79.36999999999989,50.850000000000364,0.04284810793717719,2011,79.36999999999989
2011-11-01,7587.69,7585.15,7622.01,7598.21,7505.96,-2.5399999999999636,36.86000000000058,34.32000000000062,-0.02482779501930199,2011,-2.5399999999999636
2011-11-02,7622.01,7521.52,7598.45,7622.01,7448.28,-100.48999999999978,76.92999999999938,-23.5600000000004,-0.032187119977231005,2011,-100.48999999999978
2011-11-04,7460.31,7617.01,7603.23,7626.51,7460.31,156.69999999999982,-13.780000000000655,142.91999999999916,0.029982973289347514,2011,13.780000000000655
2011-11-07,7603.23,7605.43,7621.72,7635.09,7586.86,2.2000000000007276,16.289999999999964,18.49000000000069,0.011184295492703278,2011,18.49000000000069
2011-11-08,7621.72,7679.26,7600.79,7683.09,7621.72,57.539999999999964,-78.47000000000025,-20.93000000000029,-0.001558189434964774,2011,-20.93000000000029
2011-11-10,7561.86,7394.33,7308.68,7561.86,7378.66,-167.52999999999975,-85.64999999999964,-253.17999999999938,-0.0462336605462591,2011,-167.52999999999975
2011-11-14,7367.29,7523.88,7525.65,7533.2,7367.29,156.59000000000015,1.769999999999527,158.35999999999967,0.0355678963374324,2011,-1.769999999999527
2011-11-15,7525.65,7502.24,7491.06,7528.78,7488.53,-23.409999999999854,-11.179999999999382,-34.589999999999236,-0.012870275791624142,2011,34.589999999999236
2011-11-16,7491.06,7485.84,7387.52,7541.68,7484.64,-5.220000000000255,-98.31999999999971,-103.53999999999996,0.014667839403973648,2011,-103.53999999999996
2011-11-17,7387.52,7349.71,7387.81,7387.52,7284.3,-37.8100000000004,38.100000000000364,0.2899999999999636,-0.00588940162659668,2011,0.2899999999999636
2011-11-18,7387.81,7279.1,7233.78,7387.81,7260.59,-108.71000000000004,-45.32000000000062,-154.03000000000065,-0.03993126795240043,2011,-108.71000000000004
2011-11-21,7233.78,7101.67,7042.64,7233.78,7075.07,-132.10999999999967,-59.029999999999745,-191.13999999999942,-0.008281020435421449,2011,-191.13999999999942
2011-11-22,7042.64,7033.4,7000.03,7082.4,7016.42,-9.240000000000691,-33.36999999999989,-42.61000000000058,-0.018989898989899,2011,42.61000000000058
2011-11-23,7000.03,6915.53,6806.43,7000.03,6900.79,-84.5,-109.09999999999945,-193.59999999999945,-0.012465678198791741,2011,193.59999999999945
2011-11-24,6806.43,6812.53,6864.39,6822.75,6744.26,6.099999999999454,51.86000000000058,57.960000000000036,-0.031946838680976475,2011,6.099999999999454
2011-11-25,6864.39,6860.13,6784.52,6950.5,6839.36,-4.260000000000218,-75.60999999999967,-79.86999999999989,-0.031946838680976475,2011,-4.260000000000218
2011-11-28,6784.52,6887.32,6898.78,6907.71,6784.52,102.79999999999927,11.460000000000036,114.25999999999931,-0.011574805411149858,2011,-114.25999999999931
2011-11-29,6898.78,6955.21,6988.65,6976.57,6898.78,56.43000000000029,33.4399999999996,89.86999999999989,0.03205090951357015,2011,-33.4399999999996
2011-11-30,6988.65,6947.0,6904.12,7001.59,6930.03,-41.649999999999636,-42.88000000000011,-84.52999999999975,-0.0071796604442943,2011,-84.52999999999975
2011-12-01,6904.12,7131.83,7178.69,7166.88,6904.12,227.71000000000004,46.85999999999967,274.5699999999997,0.05870342011230223,2011,-46.85999999999967
2011-12-05,7140.68,7072.15,7098.08,7149.59,7057.33,-68.53000000000065,25.93000000000029,-42.600000000000364,-0.0019717033918627003,2011,-42.600000000000364
2011-12-07,6956.28,7030.19,7033.0,7046.39,6956.28,73.90999999999985,2.8100000000004,76.72000000000025,-0.001877710779646602,2011,76.72000000000025
2011-12-08,7033.0,6936.24,6982.9,7033.0,6929.96,-96.76000000000022,46.659999999999854,-50.100000000000364,0.011764394160197034,2011,-50.100000000000364
2011-12-09,6982.9,6887.16,6893.3,6982.9,6831.39,-95.73999999999978,6.140000000000327,-89.59999999999945,-0.02807385098860815,2011,-95.73999999999978
2011-12-12,6893.3,6974.38,6949.04,7002.09,6893.3,81.07999999999993,-25.340000000000146,55.73999999999978,0.012232910300972843,2011,55.73999999999978
2011-12-13,6949.04,6887.81,6896.31,6949.04,6850.88,-61.22999999999956,8.5,-52.72999999999956,-0.02800330076929225,2011,-61.22999999999956
2011-12-14,6896.31,6874.22,6922.57,6912.54,6860.39,-22.090000000000146,48.349999999999454,26.25999999999931,-0.023606736957414776,2011,-22.090000000000146
2011-12-15,6922.57,6798.3,6764.59,6922.57,6798.65,-124.26999999999953,-33.710000000000036,-157.97999999999956,-0.016267915743415573,2011,157.97999999999956
2011-12-16,6764.59,6772.14,6785.09,6805.4,6764.59,7.550000000000182,12.949999999999818,20.5,-0.001967325292960398,2011,20.5
2011-12-20,6633.33,6675.99,6662.64,6696.93,6633.33,42.659999999999854,-13.349999999999454,29.3100000000004,-0.026922858924219195,2011,42.659999999999854
2011-12-21,6662.64,6922.71,6966.48,6940.26,6662.64,260.0699999999997,43.76999999999953,303.83999999999924,0.0447635135135136,2011,-43.76999999999953
2011-12-22,6966.48,6960.06,6966.35,6989.59,6948.96,-6.419999999999163,6.289999999999964,-0.12999999999919964,-0.011930978730521624,2011,0.12999999999919964
2011-12-23,6966.35,7080.46,7110.73,7094.31,6966.35,114.10999999999967,30.269999999999527,144.3799999999992,0.03487092678798143,2011,-30.269999999999527
2011-12-28,7085.03,7079.27,7056.67,7093.47,7064.12,-5.759999999999309,-22.600000000000364,-28.359999999999673,-0.0016006511123169975,2011,-28.359999999999673
2011-12-29,7056.67,7022.57,7074.82,7056.67,6998.97,-34.100000000000364,52.25,18.149999999999636,-0.014727860655960434,2011,-18.149999999999636
2012-01-02,7072.08,7019.68,6952.21,7073.48,7012.73,-52.399999999999636,-67.47000000000025,-119.86999999999989,-0.004071817014183021,2012,-119.86999999999989
2012-01-03,6952.21,7049.09,7053.38,7050.63,6952.21,96.88000000000011,4.289999999999964,101.17000000000007,-0.004071817014183021,2012,101.17000000000007
2012-01-04,7053.38,7108.72,7082.97,7116.22,7053.38,55.340000000000146,-25.75,29.590000000000146,0.011414773350894691,2012,29.590000000000146
2012-01-06,7130.86,7128.09,7120.51,7139.04,7106.18,-2.769999999999527,-7.579999999999927,-10.349999999999454,0.014946020723701992,2012,-10.349999999999454
2012-01-10,7093.04,7170.97,7178.87,7176.04,7093.04,77.93000000000029,7.899999999999636,85.82999999999993,0.019641810138052218,2012,85.82999999999993
2012-01-16,7181.54,7122.97,7103.62,7258.84,7105.79,-58.56999999999971,-19.350000000000364,-77.92000000000007,-0.02113592852584545,2012,-58.56999999999971
2012-01-17,7103.62,7161.39,7221.08,7161.18,7103.62,57.77000000000044,59.6899999999996,117.46000000000004,-0.02113592852584545,2012,57.77000000000044
2012-01-31,7407.41,7473.49,7517.08,7479.54,7407.41,66.07999999999993,43.590000000000146,109.67000000000007,-0.01112885276043929,2012,-109.67000000000007
2012-02-02,7549.21,7634.58,7652.46,7640.84,7549.21,85.36999999999989,17.88000000000011,103.25,0.02396439575487852,2012,-17.88000000000011
2012-02-04,7674.99,7749.6,7741.24,7782.19,7674.99,74.61000000000058,-8.360000000000582,66.25,0.017666920296747213,2012,66.25
2012-02-06,7741.24,7715.08,7687.98,7752.28,7695.29,-26.159999999999854,-27.100000000000364,-53.26000000000022,0.017666920296747213,2012,-53.26000000000022
2012-02-07,7687.98,7742.56,7707.44,7751.76,7680.36,54.58000000000084,-35.1200000000008,19.460000000000036,-0.014299399518680311,2012,-19.460000000000036
2012-02-09,7869.91,7855.03,7910.78,7884.23,7840.38,-14.88000000000011,55.75,40.86999999999989,0.01252663982950497,2012,40.86999999999989
2012-02-13,7862.27,7869.66,7912.91,7875.93,7837.58,7.389999999999418,43.25,50.63999999999942,-0.020583710196279692,2012,7.389999999999418
2012-02-17,7869.7,7944.79,7894.36,8013.46,7869.7,75.09000000000015,-50.43000000000029,24.659999999999854,0.024442982043809236,2012,50.43000000000029
2012-02-20,7894.36,7935.53,7954.82,7985.5,7894.36,41.17000000000007,19.289999999999964,60.460000000000036,-0.008809764155272015,2012,60.460000000000036
2012-02-21,7954.82,7914.12,7921.5,7973.47,7912.89,-40.69999999999982,7.380000000000109,-33.31999999999971,-0.008809764155272015,2012,-33.31999999999971
2012-02-22,7921.5,7933.05,8001.68,7933.68,7897.65,11.550000000000182,68.63000000000011,80.18000000000029,-0.01398018701972048,2012,-80.18000000000029
2012-02-23,8001.68,7979.07,7937.3,8001.68,7952.37,-22.610000000000582,-41.76999999999953,-64.38000000000011,-0.004553990610328684,2012,-64.38000000000011
2012-02-29,7959.34,8077.92,8121.44,8077.13,7959.34,118.57999999999993,43.51999999999953,162.09999999999945,0.015886859163229294,2012,162.09999999999945
2012-03-01,8121.44,8145.74,8118.34,8148.04,8103.75,24.300000000000182,-27.399999999999636,-3.0999999999994543,-0.01582403304020974,2012,3.0999999999994543
2012-03-03,8144.04,8117.83,8114.44,8144.04,8100.14,-26.210000000000036,-3.3900000000003274,-29.600000000000364,-0.010428927915626773,2012,29.600000000000364
2012-03-05,8114.44,8066.52,8004.74,8115.49,8046.71,-47.91999999999916,-61.780000000000655,-109.69999999999982,-0.010428927915626773,2012,109.69999999999982
2012-03-06,8004.74,7890.16,7937.97,8028.02,7884.38,-114.57999999999993,47.8100000000004,-66.76999999999953,-0.02545497799452845,2012,-114.57999999999993
2012-03-07,7937.97,7888.15,7903.08,7937.97,7824.45,-49.82000000000062,14.930000000000291,-34.89000000000033,-0.00903210057366044,2012,-34.89000000000033
2012-03-08,7903.08,7916.26,7984.56,7957.63,7903.08,13.180000000000291,68.30000000000018,81.48000000000047,0.015494519029437104,2012,81.48000000000047
2012-03-09,7984.56,7990.63,8016.01,8012.59,7965.68,6.069999999999709,25.38000000000011,31.449999999999818,0.014821463225305642,2012,31.449999999999818
2012-03-12,8016.01,8009.12,7927.55,8028.87,7992.94,-6.890000000000327,-81.56999999999971,-88.46000000000004,0.010756543564001353,2012,-88.46000000000004
2012-03-13,7927.55,7994.46,8031.51,8023.21,7927.55,66.90999999999985,37.05000000000018,103.96000000000004,-0.010121792597847956,2012,-103.96000000000004
2012-03-14,8031.51,8147.13,8125.26,8170.31,8031.51,115.61999999999989,-21.86999999999989,93.75,0.02300690446042486,2012,21.86999999999989
2012-03-15,8125.26,8109.85,8121.62,8142.98,8110.22,-15.409999999999854,11.769999999999527,-3.6400000000003274,-0.003619803829986057,2012,-3.6400000000003274
2012-03-16,8121.62,8123.71,8054.94,8130.52,8092.85,2.0900000000001455,-68.77000000000044,-66.68000000000029,0.019547638579632043,2012,-66.68000000000029
2012-03-21,7972.7,7974.9,7981.94,8013.67,7964.46,2.199999999999818,7.039999999999964,9.239999999999782,-0.007180469123982736,2012,9.239999999999782
2012-03-23,8059.94,8043.72,8076.61,8071.04,8039.87,-16.219999999999345,32.88999999999942,16.670000000000073,-0.006061437818797311,2012,16.670000000000073
2012-03-27,7967.62,7989.6,8029.46,8033.22,7967.62,21.980000000000473,39.85999999999967,61.840000000000146,0.014230627983841337,2012,61.840000000000146
2012-03-28,8029.46,8021.16,8038.07,8085.43,8013.8,-8.300000000000182,16.909999999999854,8.609999999999673,-0.0006336561962523302,2012,8.609999999999673
2012-03-29,8038.07,7890.0,7872.66,8038.07,7889.5,-148.0699999999997,-17.340000000000146,-165.40999999999985,-0.012454710144927494,2012,165.40999999999985
2012-04-03,7862.9,7817.2,7760.85,7907.62,7816.94,-45.69999999999982,-56.349999999999454,-102.04999999999927,-0.0004559547692868371,2012,-102.04999999999927
2012-04-05,7760.85,7556.67,7639.82,7760.85,7528.03,-204.1800000000003,83.14999999999964,-121.03000000000065,-0.022247972190034826,2012,-204.1800000000003
2012-04-10,7600.87,7689.51,7640.68,7692.94,7600.87,88.64000000000033,-48.82999999999993,39.8100000000004,-0.014461247637051033,2012,-39.8100000000004
2012-04-11,7640.68,7595.86,7656.67,7640.68,7573.05,-44.82000000000062,60.8100000000004,15.989999999999782,-0.01781432818643902,2012,-15.989999999999782
2012-04-12,7656.67,7644.92,7662.92,7669.46,7599.0,-11.75,18.0,6.25,0.016526302941535453,2012,6.25
2012-04-13,7662.92,7776.89,7788.27,7782.72,7662.92,113.97000000000025,11.38000000000011,125.35000000000036,0.01858700350607556,2012,125.35000000000036
2012-04-16,7788.27,7747.14,7729.86,7788.27,7714.14,-41.13000000000011,-17.280000000000655,-58.410000000000764,-0.018224254998113976,2012,58.410000000000764
2012-04-18,7585.87,7638.06,7605.0,7683.95,7585.87,52.19000000000051,-33.0600000000004,19.13000000000011,0.01559875209983197,2012,19.13000000000011
2012-04-19,7605.0,7596.03,7622.69,7622.19,7528.04,-8.970000000000255,26.659999999999854,17.6899999999996,-0.008719281663516099,2012,17.6899999999996
2012-04-20,7622.69,7585.31,7507.15,7622.69,7558.7,-37.3799999999992,-78.16000000000076,-115.53999999999996,-0.010679125646587684,2012,115.53999999999996
2012-04-23,7507.15,7459.6,7481.09,7521.42,7460.01,-47.54999999999927,21.48999999999978,-26.05999999999949,-0.02375731874804221,2012,-47.54999999999927
2012-04-24,7481.09,7514.01,7498.84,7520.87,7444.79,32.92000000000007,-15.170000000000073,17.75,-0.012389861045980832,2012,-17.75
2012-04-25,7498.84,7538.9,7563.18,7568.47,7498.84,40.05999999999949,24.280000000000655,64.34000000000015,-0.0076221416968635936,2012,64.34000000000015
2012-04-26,7563.18,7539.85,7521.35,7600.45,7539.23,-23.329999999999927,-18.5,-41.82999999999993,0.023419793502895914,2012,18.5
2012-04-27,7521.35,7528.03,7480.5,7598.45,7518.94,6.6799999999993815,-47.529999999999745,-40.850000000000364,0.021653543307086576,2012,47.529999999999745
2012-05-04,7659.53,7691.27,7700.95,7693.68,7614.99,31.74000000000069,9.679999999999382,41.42000000000007,-0.024759482737938154,2012,31.74000000000069
2012-05-07,7700.95,7542.31,7538.08,7700.95,7530.72,-158.63999999999942,-4.230000000000473,-162.8699999999999,-0.02103372776698076,2012,-158.63999999999942
2012-05-08,7538.08,7524.91,7545.71,7572.31,7525.03,-13.170000000000073,20.800000000000182,7.630000000000109,-0.0025632004824847066,2012,7.630000000000109
2012-05-09,7545.71,7497.45,7475.71,7545.71,7448.9,-48.26000000000022,-21.73999999999978,-70.0,-0.006449662400483724,2012,-70.0
2012-05-10,7475.71,7494.39,7484.01,7501.53,7470.81,18.68000000000029,-10.38000000000011,8.300000000000182,-0.0030682625012680154,2012,8.300000000000182
2012-05-11,7484.01,7401.72,7401.37,7484.01,7389.26,-82.28999999999996,-0.3500000000003638,-82.64000000000033,-0.003586417397939634,2012,-82.64000000000033
2012-05-15,7377.18,7335.01,7395.64,7377.18,7291.44,-42.17000000000007,60.63000000000011,18.460000000000036,-0.010871768879878396,2012,-18.460000000000036
2012-05-16,7395.64,7346.04,7234.57,7399.83,7342.8,-49.600000000000364,-111.47000000000025,-161.07000000000062,-0.01029950552125225,2012,161.07000000000062
2012-05-17,7234.57,7297.08,7356.77,7319.05,7234.57,62.51000000000022,59.69000000000051,122.20000000000073,-0.016749074529498587,2012,-122.20000000000073
2012-05-18,7356.77,7242.26,7151.19,7356.77,7185.97,-114.51000000000022,-91.07000000000062,-205.58000000000084,-0.022036754252014124,2012,-114.51000000000022
2012-05-21,7151.19,7208.54,7192.23,7220.1,7151.19,57.350000000000364,-16.3100000000004,41.039999999999964,-0.01876430205949653,2012,-41.039999999999964
2012-05-22,7192.23,7242.68,7274.89,7265.52,7192.23,50.45000000000073,32.210000000000036,82.66000000000076,0.02570785776997364,2012,-32.210000000000036
2012-05-23,7274.89,7154.99,7147.75,7274.89,7130.52,-119.90000000000055,-7.239999999999782,-127.14000000000033,-0.007676875752307133,2012,-127.14000000000033
2012-05-25,7124.89,7103.86,7071.63,7139.76,7102.95,-21.030000000000655,-32.22999999999956,-53.26000000000022,-0.014127252705932847,2012,53.26000000000022
2012-05-28,7071.63,7100.57,7136.0,7109.14,7047.32,28.9399999999996,35.43000000000029,64.36999999999989,0.013730351159179532,2012,64.36999999999989
2012-05-29,7136.0,7289.51,7342.29,7294.75,7136.0,153.51000000000022,52.779999999999745,206.28999999999996,0.013730351159179532,2012,206.28999999999996
2012-05-30,7342.29,7254.09,7261.8,7342.29,7237.77,-88.19999999999982,7.710000000000036,-80.48999999999978,0.020289699282470375,2012,-7.710000000000036
2012-05-31,7261.8,7184.55,7301.5,7261.8,7132.8,-77.25,116.94999999999982,39.69999999999982,-0.019649159774535185,2012,-39.69999999999982
2012-06-01,7301.5,7178.47,7106.09,7301.5,7148.45,-123.02999999999975,-72.38000000000011,-195.40999999999985,-0.010290166577109017,2012,195.40999999999985
2012-06-04,7106.09,6904.95,6894.66,7106.09,6885.98,-201.14000000000033,-10.289999999999964,-211.4300000000003,-0.0412628607106984,2012,-201.14000000000033
2012-06-05,6894.66,7024.81,7000.45,7037.57,6894.66,130.15000000000055,-24.360000000000582,105.78999999999996,-0.0013591188379534769,2012,105.78999999999996
2012-06-06,7000.45,7063.9,7056.15,7069.04,7000.45,63.44999999999982,-7.75,55.69999999999982,0.022144092545861804,2012,7.75
2012-06-07,7056.15,7117.1,7080.31,7139.16,7056.15,60.95000000000073,-36.789999999999964,24.160000000000764,0.033481276005547844,2012,36.789999999999964
2012-06-08,7080.31,7014.34,6999.65,7080.31,7013.8,-65.97000000000025,-14.69000000000051,-80.66000000000076,-0.013688702794105723,2012,80.66000000000076
2012-06-11,6999.65,7095.67,7120.23,7137.98,6999.65,96.02000000000044,24.55999999999949,120.57999999999993,0.014314093667510353,2012,120.57999999999993
2012-06-12,7120.23,7048.11,7072.08,7120.23,7026.27,-72.11999999999989,23.970000000000255,-48.149999999999636,-0.018887666675609704,2012,48.149999999999636
2012-06-13,7072.08,7074.58,7088.83,7109.34,7072.08,2.5,14.25,16.75,0.022013180562771684,2012,-14.25
2012-06-14,7088.83,7084.88,7075.1,7098.27,7070.36,-3.949999999999818,-9.779999999999745,-13.729999999999563,-0.010568844651361875,2012,13.729999999999563
2012-06-15,7075.1,7133.91,7155.83,7137.93,7075.1,58.80999999999949,21.920000000000073,80.72999999999956,-0.0017307120257444852,2012,80.72999999999956
2012-06-18,7155.83,7270.27,7281.5,7302.82,7155.83,114.44000000000051,11.229999999999563,125.67000000000007,0.016253555465258085,2012,125.67000000000007
2012-06-19,7281.5,7274.07,7273.13,7288.98,7246.36,-7.430000000000291,-0.9399999999995998,-8.36999999999989,0.014394242303078952,2012,-8.36999999999989
2012-06-20,7273.13,7290.79,7334.63,7316.0,7273.13,17.659999999999854,43.840000000000146,61.5,0.01153593483116544,2012,61.5
2012-06-22,7279.05,7198.77,7222.05,7279.05,7185.31,-80.27999999999975,23.279999999999745,-57.0,-0.0408656939190406,2012,-80.27999999999975
2012-06-25,7222.05,7174.08,7166.38,7222.61,7157.9,-47.970000000000255,-7.699999999999818,-55.67000000000007,0.01593732392476732,2012,-55.67000000000007
2012-06-26,7166.38,7156.69,7137.93,7166.38,7137.86,-9.69000000000051,-18.75999999999931,-28.449999999999818,-0.03459659315991015,2012,-9.69000000000051
2012-06-28,7183.01,7205.17,7169.61,7236.71,7183.01,22.159999999999854,-35.5600000000004,-13.400000000000546,0.013192684057022896,2012,-13.400000000000546
2012-06-29,7169.61,7206.39,7296.28,7216.72,7169.61,36.780000000000655,89.88999999999942,126.67000000000007,-0.006268327459578615,2012,126.67000000000007
2012-07-02,7296.28,7335.07,7345.16,7340.37,7296.28,38.789999999999964,10.090000000000146,48.88000000000011,0.04353240565271532,2012,-10.090000000000146
2012-07-03,7345.16,7390.91,7418.36,7391.28,7345.16,45.75,27.449999999999818,73.19999999999982,-0.001738182950241196,2012,73.19999999999982
2012-07-04,7418.36,7417.01,7422.59,7442.55,7398.46,-1.3499999999994543,5.579999999999927,4.230000000000473,0.014319498947477749,2012,4.230000000000473
2012-07-05,7422.59,7403.71,7387.78,7426.62,7391.77,-18.88000000000011,-15.930000000000291,-34.8100000000004,0.014319498947477749,2012,-34.8100000000004
2012-07-06,7387.78,7361.91,7368.59,7406.62,7359.4,-25.86999999999989,6.680000000000291,-19.1899999999996,-0.01183704842428901,2012,19.1899999999996
2012-07-09,7368.59,7323.65,7309.96,7368.59,7293.11,-44.94000000000051,-13.6899999999996,-58.63000000000011,-0.02499481435386841,2012,-44.94000000000051
2012-07-10,7309.96,7319.84,7251.35,7323.6,7292.89,9.88000000000011,-68.48999999999978,-58.60999999999967,-0.012152962450803106,2012,58.60999999999967
2012-07-11,7251.35,7236.94,7257.91,7251.35,7202.38,-14.410000000000764,20.970000000000255,6.559999999999491,-0.022774382857296827,2012,-14.410000000000764
2012-07-12,7257.91,7164.36,7130.93,7257.91,7163.84,-93.55000000000018,-33.42999999999938,-126.97999999999956,-0.009200848461474842,2012,-126.97999999999956
2012-07-13,7130.93,7140.37,7104.27,7150.45,7106.11,9.4399999999996,-36.099999999999454,-26.659999999999854,-0.016626351933717087,2012,26.659999999999854
2012-07-17,7090.04,7114.76,7127.0,7133.05,7051.76,24.720000000000255,12.239999999999782,36.960000000000036,-0.01081202207221088,2012,-36.960000000000036
2012-07-18,7127.0,7101.64,7049.05,7132.65,7091.66,-25.359999999999673,-52.590000000000146,-77.94999999999982,-0.004813818490726263,2012,-77.94999999999982
2012-07-19,7049.05,7121.36,7148.57,7124.42,7049.05,72.30999999999949,27.210000000000036,99.51999999999953,0.03545312277706647,2012,-27.210000000000036
2012-07-20,7148.57,7158.51,7164.68,7159.25,7130.71,9.94000000000051,6.170000000000073,16.110000000000582,0.02041713610508089,2012,-6.170000000000073
2012-07-23,7164.68,7016.22,7028.73,7164.68,7015.87,-148.46000000000004,12.509999999999309,-135.95000000000073,-0.01704637259654218,2012,135.95000000000073
2012-07-24,7028.73,6998.67,7008.35,7028.73,6985.51,-30.05999999999949,9.680000000000291,-20.3799999999992,-0.009177830744363069,2012,-20.3799999999992
2012-07-25,7008.35,6986.51,6979.13,7008.35,6922.73,-21.840000000000146,-7.380000000000109,-29.220000000000255,-0.003953989935298385,2012,-29.220000000000255
2012-07-26,6979.13,6973.63,6970.69,7023.98,6963.57,-5.5,-2.9400000000005093,-8.44000000000051,0.019154429114732086,2012,-8.44000000000051
2012-07-27,6970.69,7059.46,7124.49,7071.21,6970.69,88.77000000000044,65.02999999999975,153.80000000000018,0.022907416991256646,2012,-65.02999999999975
2012-07-30,7124.49,7168.47,7158.88,7184.31,7124.49,43.98000000000047,-9.590000000000146,34.39000000000033,0.023140011716461517,2012,9.590000000000146
2012-07-31,7158.88,7189.41,7270.49,7195.36,7140.53,30.529999999999745,81.07999999999993,111.60999999999967,-0.009421440283163718,2012,111.60999999999967
2012-08-03,7267.96,7220.26,7217.51,7267.96,7209.61,-47.69999999999982,-2.75,-50.44999999999982,-0.00612250214938892,2012,-50.44999999999982
2012-08-06,7217.51,7309.14,7286.33,7340.56,7217.51,91.63000000000011,-22.8100000000004,68.81999999999971,0.022596204257103958,2012,22.8100000000004
2012-08-08,7295.46,7330.02,7319.8,7357.42,7295.46,34.5600000000004,-10.220000000000255,24.340000000000146,0.020352989185880466,2012,10.220000000000255
2012-08-14,7436.3,7498.37,7479.25,7520.65,7436.3,62.06999999999971,-19.11999999999989,42.94999999999982,-0.008744703911715335,2012,42.94999999999982
2012-08-15,7479.25,7463.67,7467.74,7489.81,7455.51,-15.579999999999927,4.069999999999709,-11.510000000000218,-0.008175741159514027,2012,-11.510000000000218
2012-08-17,7490.21,7484.14,7467.92,7516.71,7483.52,-6.069999999999709,-16.220000000000255,-22.289999999999964,0.01688751619009654,2012,-22.289999999999964
2012-08-20,7467.92,7442.44,7431.91,7485.16,7440.63,-25.480000000000473,-10.529999999999745,-36.01000000000022,-0.007642188801254113,2012,-36.01000000000022
2012-08-21,7431.91,7514.47,7506.81,7526.02,7431.91,82.5600000000004,-7.6599999999998545,74.90000000000055,-0.007034605321617149,2012,74.90000000000055
2012-08-23,7496.58,7510.57,7505.17,7519.03,7484.89,13.989999999999782,-5.399999999999636,8.590000000000146,-0.007780263484961414,2012,8.590000000000146
2012-08-24,7505.17,7472.44,7477.53,7505.17,7454.85,-32.73000000000047,5.0900000000001455,-27.640000000000327,-0.006288047698975396,2012,-27.640000000000327
2012-08-28,7468.22,7409.05,7361.94,7468.22,7400.33,-59.17000000000007,-47.11000000000058,-106.28000000000065,-0.0036846722646947105,2012,-106.28000000000065
2012-08-29,7361.94,7382.76,7391.15,7405.3,7361.94,20.82000000000062,8.389999999999418,29.210000000000036,-0.0011069739357955077,2012,29.210000000000036
2012-08-31,7371.44,7386.14,7397.06,7406.52,7363.25,14.700000000000728,10.920000000000073,25.6200000000008,-0.016909063459312645,2012,-25.6200000000008
2012-09-03,7397.06,7445.92,7450.53,7444.68,7389.68,48.85999999999967,4.609999999999673,53.469999999999345,0.014026106987458542,2012,53.469999999999345
2012-09-04,7450.53,7463.84,7451.35,7479.01,7443.47,13.3100000000004,-12.489999999999782,0.8200000000006185,0.014026106987458542,2012,0.8200000000006185
2012-09-05,7451.35,7370.28,7367.44,7451.35,7364.71,-81.07000000000062,-2.8400000000001455,-83.91000000000076,-0.008480993487808619,2012,-83.91000000000076
2012-09-06,7367.44,7387.65,7326.72,7390.76,7352.23,20.210000000000036,-60.92999999999938,-40.719999999999345,-0.0064915228348861875,2012,-40.719999999999345
2012-09-07,7326.72,7422.48,7424.91,7446.1,7326.72,95.75999999999931,2.430000000000291,98.1899999999996,0.0365644297537604,2012,-2.430000000000291
2012-09-10,7424.91,7463.17,7482.74,7470.16,7424.91,38.26000000000022,19.56999999999971,57.82999999999993,-0.008182132792801666,2012,57.82999999999993
2012-09-11,7482.74,7489.66,7485.13,7509.16,7468.18,6.920000000000073,-4.529999999999745,2.3900000000003274,-0.017371582384168693,2012,-2.3900000000003274
2012-09-17,7738.05,7752.97,7762.22,7778.06,7738.05,14.920000000000073,9.25,24.170000000000073,0.011921650613504475,2012,24.170000000000073
2012-09-18,7762.22,7736.21,7734.26,7762.22,7714.43,-26.01000000000022,-1.949999999999818,-27.960000000000036,-0.010084116287077505,2012,27.960000000000036
2012-09-19,7734.26,7733.08,7781.91,7755.69,7726.35,-1.180000000000291,48.82999999999993,47.649999999999636,-0.004223812363347346,2012,47.649999999999636
2012-09-20,7781.91,7751.93,7727.55,7785.47,7741.81,-29.979999999999563,-24.38000000000011,-54.35999999999967,-0.005614052597434971,2012,-54.35999999999967
2012-09-21,7727.55,7744.83,7754.59,7765.01,7727.55,17.279999999999745,9.760000000000218,27.039999999999964,-0.009785963415552046,2012,27.039999999999964
2012-09-25,7768.3,7763.08,7734.13,7789.39,7759.27,-5.220000000000255,-28.949999999999818,-34.17000000000007,-0.015588622330195423,2012,34.17000000000007
2012-09-26,7734.13,7687.3,7669.63,7734.13,7680.7,-46.82999999999993,-17.670000000000073,-64.5,-0.024730077120822647,2012,-46.82999999999993
2012-09-27,7669.63,7690.75,7683.8,7695.9,7658.51,21.11999999999989,-6.949999999999818,14.170000000000073,-0.0063524698191785856,2012,14.170000000000073
2012-09-28,7683.8,7674.33,7715.16,7721.29,7673.85,-9.470000000000255,40.82999999999993,31.359999999999673,0.02252168607581484,2012,-40.82999999999993
2012-10-01,7715.16,7674.34,7675.72,7715.16,7674.53,-40.81999999999971,1.3800000000001091,-39.4399999999996,-0.008275826285477073,2012,-39.4399999999996
2012-10-02,7675.72,7690.91,7718.68,7706.49,7675.72,15.1899999999996,27.770000000000437,42.960000000000036,-0.00300834488712165,2012,42.960000000000036
2012-10-04,7684.63,7628.62,7682.34,7684.63,7629.19,-56.01000000000022,53.720000000000255,-2.2899999999999636,-0.004674117401295086,2012,-2.2899999999999636
2012-10-08,7690.65,7637.86,7615.89,7707.97,7630.92,-52.789999999999964,-21.969999999999345,-74.75999999999931,-0.0009644206959468216,2012,-74.75999999999931
2012-10-09,7615.89,7599.48,7592.01,7631.96,7593.58,-16.410000000000764,-7.469999999999345,-23.88000000000011,-0.010827593404299618,2012,23.88000000000011
2012-10-11,7592.01,7498.13,7451.72,7592.01,7467.17,-93.88000000000011,-46.409999999999854,-140.28999999999996,-0.013615287716759239,2012,140.28999999999996
2012-10-15,7437.04,7428.06,7418.9,7437.04,7411.17,-8.979999999999563,-9.160000000000764,-18.140000000000327,-0.005289426571909228,2012,-18.140000000000327
2012-10-16,7418.9,7443.18,7471.02,7463.25,7418.9,24.280000000000655,27.840000000000146,52.1200000000008,0.014807340950614867,2012,52.1200000000008
2012-10-17,7471.02,7478.35,7464.4,7518.36,7471.02,7.329999999999927,-13.950000000000728,-6.6200000000008,0.02181974525716135,2012,13.950000000000728
2012-10-18,7464.4,7465.22,7465.41,7495.45,7464.4,0.8200000000006185,0.18999999999959982,1.0100000000002183,-0.002235312680797241,2012,1.0100000000002183
2012-10-19,7465.41,7419.59,7408.76,7465.41,7404.48,-45.81999999999971,-10.829999999999927,-56.649999999999636,-0.00824965077356965,2012,-56.649999999999636
2012-10-22,7408.76,7336.06,7373.04,7408.76,7310.79,-72.69999999999982,36.97999999999956,-35.720000000000255,-0.03019028383118938,2012,-72.69999999999982
2012-10-25,7314.88,7306.91,7262.08,7339.21,7303.7,-7.970000000000255,-44.82999999999993,-52.80000000000018,-0.015107225788826728,2012,52.80000000000018
2012-10-26,7262.08,7237.54,7134.06,7298.48,7238.09,-24.539999999999964,-103.47999999999956,-128.01999999999953,0.013757905247975266,2012,-128.01999999999953
2012-11-01,7166.05,7079.06,7179.64,7166.05,7050.05,-86.98999999999978,100.57999999999993,13.590000000000146,-0.0006806795905031082,2012,13.590000000000146
2012-11-02,7179.64,7221.63,7210.47,7232.2,7179.64,41.98999999999978,-11.159999999999854,30.829999999999927,0.033975424352232775,2012,11.159999999999854
2012-11-05,7210.47,7193.22,7185.36,7216.3,7164.73,-17.25,-7.860000000000582,-25.110000000000582,-0.018945981554677194,2012,25.110000000000582
2012-11-06,7185.36,7183.97,7236.68,7223.02,7180.29,-1.389999999999418,52.710000000000036,51.32000000000062,0.016303617952781346,2012,51.32000000000062
2012-11-07,7236.68,7249.38,7287.18,7269.33,7230.42,12.699999999999818,37.80000000000018,50.5,0.013848512077805353,2012,50.5
2012-11-08,7287.18,7206.15,7242.63,7287.18,7190.99,-81.03000000000065,36.48000000000047,-44.55000000000018,-0.026979823783952916,2012,-81.03000000000065
2012-11-09,7242.63,7223.78,7293.22,7242.63,7170.29,-18.850000000000364,69.44000000000051,50.590000000000146,-0.01197524580062681,2012,-50.590000000000146
2012-11-14,7136.05,7148.96,7159.75,7151.7,7107.78,12.909999999999854,10.789999999999964,23.699999999999818,-0.009621101562077738,2012,23.699999999999818
2012-11-15,7159.75,7110.87,7143.84,7159.75,7066.28,-48.88000000000011,32.970000000000255,-15.909999999999854,-0.015063035529116364,2012,15.909999999999854
2012-11-16,7143.84,7171.94,7130.07,7194.28,7125.24,28.099999999999454,-41.86999999999989,-13.770000000000437,-0.013298609187122556,2012,13.770000000000437
2012-11-19,7130.07,7133.08,7129.04,7162.12,7130.07,3.0100000000002183,-4.039999999999964,-1.0299999999997453,-0.0003931038355702299,2012,-1.0299999999997453
2012-11-20,7129.04,7162.6,7145.77,7189.1,7129.04,33.5600000000004,-16.829999999999927,16.730000000000473,0.020056179775280958,2012,16.829999999999927
2012-11-21,7145.77,7163.07,7088.49,7169.4,7139.97,17.299999999999272,-74.57999999999993,-57.280000000000655,-0.0036624993115602633,2012,-57.280000000000655
2012-11-26,7326.01,7373.89,7407.37,7406.01,7326.01,47.88000000000011,33.47999999999956,81.35999999999967,0.018344321535957775,2012,81.35999999999967
2012-11-28,7430.2,7394.24,7434.93,7430.2,7392.59,-35.960000000000036,40.69000000000051,4.730000000000473,-0.0022124490731996183,2012,4.730000000000473
2012-11-29,7434.93,7501.9,7503.55,7510.37,7434.93,66.96999999999935,1.6500000000005457,68.61999999999989,0.010870446986290139,2012,68.61999999999989
2012-12-03,7580.17,7610.87,7599.91,7619.53,7578.23,30.699999999999818,-10.960000000000036,19.73999999999978,-0.0012805805298400363,2012,19.73999999999978
2012-12-04,7599.91,7547.2,7600.98,7599.91,7547.74,-52.710000000000036,53.779999999999745,1.069999999999709,-0.0048350474155202106,2012,1.069999999999709
2012-12-06,7649.05,7643.03,7623.26,7673.62,7624.24,-6.020000000000437,-19.769999999999527,-25.789999999999964,-0.0015198784097272267,2012,-25.789999999999964
2012-12-07,7623.26,7650.93,7642.26,7672.92,7623.26,27.670000000000073,-8.670000000000073,19.0,0.011136035891684104,2012,19.0
2012-12-12,7613.69,7679.56,7690.19,7696.02,7613.69,65.8700000000008,10.6299999999992,76.5,0.018777990205065098,2012,76.5
2012-12-13,7690.19,7720.51,7757.09,7727.36,7690.19,30.32000000000062,36.57999999999993,66.90000000000055,-0.0032390745501285068,2012,66.90000000000055
2012-12-14,7757.09,7706.36,7698.77,7757.09,7686.89,-50.73000000000047,-7.589999999999236,-58.31999999999971,-0.0104967246092742,2012,58.31999999999971
2012-12-17,7698.77,7652.17,7631.28,7698.77,7641.65,-46.600000000000364,-20.890000000000327,-67.49000000000069,-0.006880913284854295,2012,-67.49000000000069
2012-12-19,7643.74,7676.35,7677.47,7685.63,7643.74,32.61000000000058,1.1199999999998909,33.73000000000047,0.015968846374993406,2012,33.73000000000047
2012-12-22,7519.93,7543.47,7540.14,7546.9,7519.93,23.539999999999964,-3.3299999999999272,20.210000000000036,-0.010013094046060322,2012,-20.210000000000036
2012-12-24,7540.14,7548.92,7535.52,7566.09,7520.62,8.779999999999745,-13.399999999999636,-4.619999999999891,-0.010013094046060322,2012,4.619999999999891
2012-12-25,7535.52,7551.78,7636.57,7562.81,7535.52,16.25999999999931,84.78999999999996,101.04999999999927,-0.003760470966570728,2012,101.04999999999927
2012-12-26,7636.57,7663.38,7634.19,7683.09,7636.57,26.8100000000004,-29.19000000000051,-2.380000000000109,-0.003760470966570728,2012,-2.380000000000109
2012-12-27,7634.19,7640.75,7648.41,7661.01,7622.73,6.5600000000004,7.6599999999998545,14.220000000000255,-0.008148071015775527,2012,14.220000000000255
2012-12-28,7648.41,7686.08,7699.5,7708.31,7648.41,37.67000000000007,13.420000000000073,51.090000000000146,-0.0038319204220360614,2012,51.090000000000146
2013-01-02,7699.5,7758.28,7779.22,7763.68,7699.5,58.779999999999745,20.94000000000051,79.72000000000025,0.019078196725661467,2013,79.72000000000025
2013-01-03,7779.22,7828.5,7836.84,7855.16,7779.22,49.279999999999745,8.340000000000146,57.61999999999989,0.04080091652345996,2013,-8.340000000000146
2013-01-04,7836.84,7808.04,7805.99,7836.84,7780.37,-28.800000000000182,-2.050000000000182,-30.850000000000364,-0.0054786981212318064,2013,-30.850000000000364
2013-01-08,7755.09,7699.71,7721.66,7755.09,7700.62,-55.38000000000011,21.949999999999818,-33.43000000000029,-0.004777710722188799,2013,-33.43000000000029
2013-01-09,7721.66,7744.77,7738.64,7746.73,7703.23,23.110000000000582,-6.130000000000109,16.980000000000473,-0.011167820506341797,2013,-16.980000000000473
2013-01-10,7738.64,7763.31,7811.64,7801.01,7738.64,24.670000000000073,48.32999999999993,73.0,0.010501839738348284,2013,73.0
2013-01-11,7811.64,7818.22,7819.15,7845.36,7811.64,6.579999999999927,0.9299999999993815,7.509999999999309,0.013300629630566219,2013,7.509999999999309
2013-01-15,7823.97,7796.26,7765.02,7823.97,7792.82,-27.710000000000036,-31.23999999999978,-58.94999999999982,-0.0024077843419550993,2013,-58.94999999999982
2013-01-16,7765.02,7725.98,7700.43,7769.18,7706.67,-39.04000000000087,-25.549999999999272,-64.59000000000015,-0.005026250964194179,2013,-64.59000000000015
2013-01-17,7700.43,7756.45,7616.64,7774.97,7700.43,56.01999999999953,-139.8099999999995,-83.78999999999996,0.011478730587440866,2013,-83.78999999999996
2013-01-18,7616.64,7689.6,7732.87,7708.87,7616.64,72.96000000000004,43.26999999999953,116.22999999999956,0.019952529298323585,2013,116.22999999999956
2013-01-21,7732.87,7700.48,7724.92,7732.87,7674.18,-32.39000000000033,24.44000000000051,-7.949999999999818,-0.004581484982910333,2013,-7.949999999999818
2013-01-22,7724.92,7704.19,7759.1,7750.0,7699.25,-20.730000000000473,54.910000000000764,34.18000000000029,-0.004581484982910333,2013,34.18000000000029
2013-01-23,7759.1,7766.71,7744.18,7773.2,7757.72,7.609999999999673,-22.529999999999745,-14.920000000000073,-0.0025326319890901505,2013,-14.920000000000073
2013-01-24,7744.18,7685.97,7695.99,7744.18,7653.62,-58.210000000000036,10.019999999999527,-48.19000000000051,0.010449218749999822,2013,-48.19000000000051
2013-01-25,7695.99,7653.58,7672.58,7704.31,7653.91,-42.409999999999854,19.0,-23.409999999999854,-0.008794819754518235,2013,-23.409999999999854
2013-01-28,7672.58,7708.04,7714.67,7717.35,7672.58,35.460000000000036,6.630000000000109,42.090000000000146,0.012675507020280863,2013,42.090000000000146
2013-01-30,7802.0,7814.58,7832.98,7835.64,7802.0,12.579999999999927,18.399999999999636,30.979999999999563,-0.006920415224913601,2013,30.979999999999563
2013-02-01,7850.02,7843.38,7855.97,7856.22,7832.0,-6.640000000000327,12.590000000000146,5.949999999999818,-0.0033083796184496528,2013,5.949999999999818
2013-02-04,7855.97,7909.31,7923.16,7918.7,7855.97,53.340000000000146,13.849999999999454,67.1899999999996,0.018947011363360966,2013,67.1899999999996
2013-02-05,7923.16,7881.25,7886.94,7923.16,7863.91,-41.909999999999854,5.6899999999996,-36.220000000000255,-0.015146831530139071,2013,36.220000000000255
2013-02-06,7886.94,7927.67,7906.65,7941.65,7886.94,40.73000000000047,-21.020000000000437,19.710000000000036,0.01571780385339716,2013,19.710000000000036
2013-02-18,7906.65,7951.29,7943.53,8005.73,7906.65,44.64000000000033,-7.760000000000218,36.88000000000011,-0.005984967987380463,2013,36.88000000000011
2013-02-19,7943.53,7967.47,7960.88,7974.4,7943.53,23.94000000000051,-6.5900000000001455,17.350000000000364,-0.005984967987380463,2013,17.350000000000364
2013-02-20,7960.88,8022.42,8029.1,8028.82,7960.88,61.539999999999964,6.680000000000291,68.22000000000025,0.011995332555425842,2013,68.22000000000025
2013-02-21,8029.1,7988.18,7957.46,8029.1,7983.01,-40.92000000000007,-30.720000000000255,-71.64000000000033,-0.022345724564154623,2013,-40.92000000000007
2013-02-22,7957.46,7923.1,7947.72,7963.63,7913.16,-34.35999999999967,24.61999999999989,-9.739999999999782,-0.01811534379054136,2013,9.739999999999782
2013-02-23,7947.72,7975.62,7986.89,7997.94,7947.72,27.899999999999636,11.270000000000437,39.17000000000007,0.020923919571432137,2013,-11.270000000000437
2013-02-25,7986.89,7964.42,7947.68,7995.11,7957.73,-22.470000000000255,-16.73999999999978,-39.210000000000036,0.020923919571432137,2013,16.73999999999978
2013-02-26,7947.68,7893.67,7880.9,7947.68,7877.09,-54.01000000000022,-12.770000000000437,-66.78000000000065,-0.019577391877264816,2013,66.78000000000065
2013-03-04,7964.63,7901.63,7867.34,7966.22,7892.33,-63.0,-34.289999999999964,-97.28999999999996,-0.0036096852073225216,2013,-97.28999999999996
2013-03-05,7867.34,7912.28,7932.71,7912.62,7867.34,44.9399999999996,20.43000000000029,65.36999999999989,-0.002540638453033428,2013,65.36999999999989
2013-03-06,7932.71,7942.8,7950.3,7982.39,7932.71,10.090000000000146,7.5,17.590000000000146,0.019763684818754346,2013,17.590000000000146
2013-03-18,7927.49,7855.6,7811.34,7927.49,7843.86,-71.88999999999942,-44.26000000000022,-116.14999999999964,-0.016646660476071773,2013,116.14999999999964
2013-03-19,7811.34,7850.37,7838.47,7854.05,7811.34,39.029999999999745,-11.899999999999636,27.13000000000011,-0.013335482979409563,2013,-27.13000000000011
2013-03-20,7838.47,7835.15,7798.03,7838.47,7802.0,-3.3200000000006185,-37.11999999999989,-40.44000000000051,-0.003874973738882681,2013,-40.44000000000051
2013-03-21,7798.03,7839.32,7811.84,7841.82,7798.03,41.289999999999964,-27.479999999999563,13.8100000000004,0.012373163358563977,2013,13.8100000000004
2013-03-22,7811.84,7816.84,7796.22,7832.23,7806.43,5.0,-20.61999999999989,-15.61999999999989,-0.01564778593088123,2013,15.61999999999989
2013-03-25,7796.22,7866.82,7856.12,7877.05,7796.22,70.59999999999945,-10.699999999999818,59.899999999999636,0.011358024691358048,2013,59.899999999999636
2013-03-26,7856.12,7852.73,7856.36,7873.7,7845.56,-3.3900000000003274,3.630000000000109,0.23999999999978172,-0.0021158854166666297,2013,0.23999999999978172
2013-04-02,7899.24,7907.98,7913.18,7918.42,7879.55,8.739999999999782,5.200000000000728,13.94000000000051,-0.020290386112765124,2013,8.739999999999782
2013-04-03,7913.18,7932.68,7942.35,7954.15,7913.18,19.5,9.670000000000073,29.170000000000073,-0.00839177185600759,2013,29.170000000000073
2013-04-08,7942.35,7776.99,7752.79,7942.35,7764.33,-165.36000000000058,-24.199999999999818,-189.5600000000004,-0.005247661110319601,2013,-189.5600000000004
2013-04-09,7752.79,7780.85,7728.54,7781.13,7746.77,28.0600000000004,-52.3100000000004,-24.25,0.012508056238512477,2013,-24.25
2013-04-11,7752.8,7821.44,7857.98,7826.24,7752.8,68.63999999999942,36.539999999999964,105.17999999999938,0.021488298220208257,2013,-36.539999999999964
2013-04-12,7857.98,7850.98,7821.63,7864.86,7835.48,-7.0,-29.349999999999454,-36.349999999999454,-0.003910001371930205,2013,-36.349999999999454
2013-04-15,7821.63,7813.34,7763.53,7835.12,7807.14,-8.289999999999964,-49.8100000000004,-58.100000000000364,-0.004591052039574883,2013,-58.100000000000364
2013-04-16,7763.53,7712.55,7801.05,7763.53,7688.62,-50.97999999999956,88.5,37.52000000000044,-0.0252750040356986,2013,-50.97999999999956
2013-04-17,7801.05,7798.55,7809.07,7822.81,7792.88,-2.5,10.519999999999527,8.019999999999527,0.021719071616154384,2013,-10.519999999999527
2013-04-18,7809.07,7802.21,7791.35,7809.07,7757.33,-6.859999999999673,-10.859999999999673,-17.719999999999345,-0.03288178765775163,2013,-6.859999999999673
2013-04-19,7791.35,7912.18,7930.8,7913.02,7791.35,120.82999999999993,18.61999999999989,139.44999999999982,-0.00902669699509151,2013,139.44999999999982
2013-04-23,7970.38,7937.71,7942.77,7970.38,7934.54,-32.67000000000007,5.0600000000004,-27.609999999999673,0.010552317912559506,2013,-27.609999999999673
2013-04-24,7942.77,7982.68,8023.71,7999.01,7942.77,39.909999999999854,41.029999999999745,80.9399999999996,0.020979186937845506,2013,-41.029999999999745
2013-04-25,8023.71,8008.87,8021.75,8023.71,7998.04,-14.840000000000146,12.88000000000011,-1.9600000000000364,0.01264498733176822,2013,-1.9600000000000364
2013-04-29,8022.06,8033.72,8029.74,8043.71,8020.81,11.659999999999854,-3.980000000000473,7.6799999999993815,-0.010659575435247093,2013,-7.6799999999993815
2013-04-30,8029.74,8088.71,8093.66,8115.59,8029.74,58.970000000000255,4.949999999999818,63.92000000000007,0.012658227848101333,2013,63.92000000000007
2013-05-02,8093.66,8101.28,8128.51,8122.21,8093.66,7.619999999999891,27.230000000000473,34.850000000000364,-0.00801152218921597,2013,34.850000000000364
2013-05-03,8128.51,8162.63,8135.03,8175.33,8128.51,34.11999999999989,-27.600000000000364,6.519999999999527,0.013815789473684115,2013,6.519999999999527
2013-05-09,8267.09,8298.62,8285.89,8317.47,8267.09,31.530000000000655,-12.730000000001382,18.799999999999272,0.012896256778801796,2013,18.799999999999272
2013-05-14,8248.32,8275.17,8251.82,8295.41,8248.32,26.850000000000364,-23.350000000000364,3.5,-0.01000128771944886,2013,-3.5
2013-05-17,8390.05,8399.24,8368.19,8402.34,8365.16,9.19000000000051,-31.049999999999272,-21.859999999998763,-0.007567012953700214,2013,-21.859999999998763
2013-05-20,8368.19,8380.53,8377.05,8385.68,8347.33,12.340000000000146,-3.4800000000013824,8.859999999998763,0.01367709141035589,2013,8.859999999998763
2013-05-21,8377.05,8396.64,8383.05,8401.47,8377.05,19.590000000000146,-13.590000000000146,6.0,-0.0032084652487091025,2013,6.0
2013-05-22,8383.05,8397.11,8398.84,8439.15,8383.05,14.06000000000131,1.7299999999995634,15.790000000000873,-0.0001918485675307391,2013,15.790000000000873
2013-05-23,8398.84,8302.38,8237.83,8398.84,8302.62,-96.46000000000095,-64.54999999999927,-161.01000000000022,-0.015798562991706233,2013,161.01000000000022
2013-05-27,8209.78,8222.66,8280.1,8233.32,8209.78,12.8799999999992,57.44000000000051,70.31999999999971,-0.0005414185165132368,2013,70.31999999999971
2013-05-28,8280.1,8284.12,8263.05,8303.71,8266.55,4.020000000000437,-21.070000000001528,-17.05000000000109,-0.0005414185165132368,2013,-17.05000000000109
2013-05-31,8243.29,8301.01,8254.8,8334.44,8243.29,57.719999999999345,-46.210000000000946,11.5099999999984,0.015279590832245393,2013,11.5099999999984
2013-06-03,8254.8,8196.62,8201.02,8254.8,8149.45,-58.17999999999847,4.399999999999636,-53.779999999998836,-0.01222519655165144,2013,53.779999999998836
2013-06-06,8181.91,8115.64,8096.14,8181.91,8097.86,-66.26999999999953,-19.5,-85.76999999999953,-0.015155042861678458,2013,85.76999999999953
2013-06-07,8096.14,8123.27,8095.2,8146.78,8096.14,27.13000000000011,-28.07000000000062,-0.9400000000005093,-0.001353994283135207,2013,-0.9400000000005093
2013-06-10,8095.2,8157.72,8160.55,8174.91,8095.2,62.52000000000044,2.8299999999999272,65.35000000000036,0.014655877415744811,2013,65.35000000000036
2013-06-13,8116.15,7977.17,7951.66,8116.15,7971.06,-138.97999999999956,-25.51000000000022,-164.48999999999978,-0.011004898258636708,2013,164.48999999999978
2013-06-14,7951.66,7962.49,7937.74,7989.19,7951.66,10.829999999999927,-24.75,-13.920000000000073,0.0197455981498047,2013,-13.920000000000073
2013-06-17,7937.74,7976.62,7992.89,7984.15,7937.74,38.88000000000011,16.270000000000437,55.150000000000546,-0.00395823526894612,2013,55.150000000000546
2013-06-18,7992.89,7967.14,8011.02,8002.06,7955.74,-25.75,43.88000000000011,18.13000000000011,0.014628487959959635,2013,18.13000000000011
2013-06-19,8011.02,8029.15,8007.39,8056.19,8011.02,18.1299999999992,-21.75999999999931,-3.630000000000109,0.016344158868611736,2013,-3.630000000000109
2013-06-20,8007.39,7914.08,7898.91,8007.39,7907.87,-93.3100000000004,-15.170000000000073,-108.48000000000047,-0.011561054868141518,2013,108.48000000000047
2013-06-21,7898.91,7788.85,7793.31,7898.91,7739.09,-110.05999999999949,4.460000000000036,-105.59999999999945,-0.031168995384712628,2013,-110.05999999999949
2013-06-25,7758.03,7765.22,7663.23,7770.18,7684.55,7.190000000000509,-101.99000000000069,-94.80000000000018,-0.020180101985461718,2013,7.190000000000509
2013-06-26,7663.23,7780.46,7784.8,7821.14,7663.23,117.23000000000047,4.3400000000001455,121.57000000000062,0.024271952164765853,2013,-4.3400000000001455
2013-07-02,8036.0,8047.93,8015.86,8064.12,8036.0,11.930000000000291,-32.07000000000062,-20.140000000000327,-0.0014943534786413526,2013,-20.140000000000327
2013-07-08,8001.82,7905.57,7886.34,8001.82,7901.43,-96.25,-19.229999999999563,-115.47999999999956,0.013452532992762833,2013,-115.47999999999956
2013-07-09,7886.34,7951.93,7971.18,7962.42,7886.34,65.59000000000015,19.25,84.84000000000015,-0.02020499033857015,2013,65.59000000000015
2013-07-10,7971.18,8057.92,8011.69,8057.89,7971.18,86.73999999999978,-46.23000000000047,40.50999999999931,0.010525187566988281,2013,40.50999999999931
2013-07-11,8011.69,8120.27,8179.54,8131.9,8011.69,108.58000000000084,59.26999999999953,167.85000000000036,0.011221654186376995,2013,167.85000000000036
2013-07-12,8179.54,8195.81,8220.49,8211.61,8178.25,16.269999999999527,24.68000000000029,40.94999999999982,0.02068386826096069,2013,-24.68000000000029
2013-07-16,8254.68,8243.48,8260.11,8255.38,8236.03,-11.200000000000728,16.63000000000102,5.430000000000291,-0.0005718837442045821,2013,5.430000000000291
2013-07-19,8194.88,8085.11,8062.03,8194.88,8078.81,-109.76999999999953,-23.079999999999927,-132.84999999999945,-0.008869360022783601,2013,-132.84999999999945
2013-07-22,8062.03,8120.87,8105.45,8137.37,8062.03,58.840000000000146,-15.420000000000073,43.42000000000007,-0.002155083945650893,2013,43.42000000000007
2013-07-23,8105.45,8197.18,8214.65,8200.57,8105.45,91.73000000000047,17.469999999999345,109.19999999999982,-0.0020980315527491245,2013,109.19999999999982
2013-07-24,8214.65,8193.14,8196.19,8233.1,8187.98,-21.51000000000022,3.0500000000010914,-18.459999999999127,-0.003359785633309298,2013,-18.459999999999127
2013-07-25,8196.19,8181.24,8163.58,8203.49,8140.41,-14.950000000000728,-17.659999999999854,-32.61000000000058,-0.01826191264063526,2013,32.61000000000058
2013-07-29,8149.4,8117.58,8084.5,8163.89,8114.62,-31.81999999999971,-33.07999999999993,-64.89999999999964,-0.008965228320066965,2013,-64.89999999999964
2013-07-30,8084.5,8137.03,8163.55,8141.05,8084.5,52.529999999999745,26.520000000000437,79.05000000000018,-0.006657930334798778,2013,79.05000000000018
2013-07-31,8163.55,8141.46,8107.94,8170.57,8128.77,-22.090000000000146,-33.52000000000044,-55.61000000000058,0.01195821009851672,2013,-55.61000000000058
2013-08-02,8056.22,8130.43,8099.88,8162.91,8056.22,74.21000000000004,-30.550000000000182,43.659999999999854,0.018460379254050086,2013,43.659999999999854
2013-08-05,8099.88,8111.59,8138.63,8122.47,8075.99,11.710000000000036,27.039999999999964,38.75,-0.006617344841759243,2013,38.75
2013-08-06,8138.63,8041.81,8038.91,8138.63,8041.76,-96.81999999999971,-2.9000000000005457,-99.72000000000025,-0.0025652695601804387,2013,-99.72000000000025
2013-08-07,8038.91,7967.29,7921.29,8038.91,7956.59,-71.61999999999989,-46.0,-117.61999999999989,-0.007176338822748485,2013,-117.61999999999989
2013-08-08,7921.29,7912.37,7907.67,7921.29,7894.18,-8.920000000000073,-4.699999999999818,-13.61999999999989,-0.009526197041865081,2013,-13.61999999999989
2013-08-12,7856.14,7891.9,7903.38,7892.73,7856.14,35.75999999999931,11.480000000000473,47.23999999999978,-0.0053762307351732375,2013,47.23999999999978
2013-08-14,7986.27,7940.67,7951.33,7986.27,7935.05,-45.600000000000364,10.659999999999854,-34.94000000000051,0.011507115408977642,2013,-34.94000000000051
2013-08-15,7951.33,7903.09,7887.26,7951.33,7850.27,-48.23999999999978,-15.829999999999927,-64.06999999999971,-0.016135429060471385,2013,64.06999999999971
2013-08-16,7887.26,7887.82,7925.0,7922.69,7850.49,0.5599999999994907,37.18000000000029,37.73999999999978,-0.022276912632070323,2013,0.5599999999994907
2013-08-20,7900.21,7914.69,7832.65,7924.52,7883.6,14.479999999999563,-82.03999999999996,-67.5600000000004,-0.006854646888379445,2013,-67.5600000000004
2013-08-22,7832.65,7786.21,7814.38,7832.65,7737.33,-46.4399999999996,28.170000000000073,-18.269999999999527,-0.007145486434402271,2013,-18.269999999999527
2013-08-23,7814.38,7877.66,7873.31,7880.29,7814.38,63.279999999999745,-4.349999999999454,58.93000000000029,0.011558676640568866,2013,58.93000000000029
2013-08-26,7873.31,7897.0,7894.97,7913.74,7873.31,23.6899999999996,-2.0299999999997453,21.659999999999854,-2.1559623137767936e-05,2013,21.659999999999854
2013-08-27,7894.97,7877.96,7820.84,7895.23,7866.89,-17.01000000000022,-57.11999999999989,-74.13000000000011,-0.0019404079168642285,2013,-74.13000000000011
2013-08-28,7820.84,7809.38,7824.54,7820.84,7761.76,-11.460000000000036,15.159999999999854,3.699999999999818,-0.025295947463924717,2013,-11.460000000000036
2013-08-29,7824.54,7891.33,7917.66,7897.61,7824.54,66.78999999999996,26.329999999999927,93.11999999999989,0.0114802420159128,2013,93.11999999999989
2013-08-30,7917.66,7939.79,8021.89,7957.9,7917.66,22.13000000000011,82.10000000000036,104.23000000000047,0.01189771905607051,2013,104.23000000000047
2013-09-02,8021.89,8020.11,8038.86,8026.46,7993.13,-1.7800000000006548,18.75,16.969999999999345,-0.008921224719587784,2013,16.969999999999345
2013-09-03,8038.86,8086.08,8088.37,8102.66,8038.86,47.220000000000255,2.2899999999999636,49.51000000000022,-0.008921224719587784,2013,49.51000000000022
2013-09-05,8083.44,8121.58,8169.1,8137.23,8083.44,38.14000000000033,47.52000000000044,85.66000000000076,0.025820986049735817,2013,-47.52000000000044
2013-09-09,8164.2,8167.04,8192.11,8191.35,8117.87,2.8400000000001455,25.07000000000062,27.910000000000764,-0.00406674492705017,2013,27.910000000000764
2013-09-10,8192.11,8207.64,8208.77,8238.91,8192.11,15.529999999998836,1.1300000000010186,16.659999999999854,0.013302462639444235,2013,16.659999999999854
2013-09-11,8208.77,8181.9,8208.99,8208.77,8153.09,-26.8700000000008,27.090000000000146,0.21999999999934516,0.019172448174151313,2013,0.21999999999934516
2013-09-12,8208.99,8216.09,8225.36,8226.61,8177.03,7.100000000000364,9.270000000000437,16.3700000000008,-0.00328136145928859,2013,16.3700000000008
2013-09-13,8225.36,8202.17,8168.2,8228.67,8196.43,-23.19000000000051,-33.970000000000255,-57.160000000000764,-0.006093571078030435,2013,-57.160000000000764
2013-09-23,8209.18,8285.05,8292.83,8285.62,8209.18,75.86999999999898,7.780000000000655,83.64999999999964,-0.005926344010159457,2013,83.64999999999964
2013-09-24,8292.83,8291.54,8299.12,8310.94,8286.63,-1.2899999999990541,7.579999999999927,6.290000000000873,-0.0037716719050997494,2013,6.290000000000873
2013-09-27,8184.68,8208.78,8230.68,8244.86,8184.68,24.100000000000364,21.899999999999636,46.0,-0.00048489746439039916,2013,46.0
2013-09-30,8230.68,8140.45,8173.87,8230.68,8140.1,-90.23000000000047,33.42000000000007,-56.8100000000004,-0.007883406440136631,2013,-56.8100000000004
2013-10-02,8187.02,8213.29,8216.52,8228.81,8187.02,26.270000000000437,3.2299999999995634,29.5,0.010064584479351213,2013,29.5
2013-10-03,8216.52,8326.02,8359.02,8342.28,8216.52,109.5,33.0,142.5,-0.0013514331242309163,2013,142.5
2013-10-04,8359.02,8352.7,8364.55,8374.27,8336.61,-6.319999999999709,11.849999999998545,5.529999999998836,-0.0026257321753181406,2013,5.529999999998836
2013-10-08,8333.66,8321.11,8375.65,8340.91,8311.59,-12.549999999999272,54.539999999999054,41.98999999999978,-0.005284095475367789,2013,41.98999999999978
2013-10-09,8375.65,8375.36,8344.73,8376.05,8337.34,-0.2899999999990541,-30.63000000000102,-30.920000000000073,-0.016704033610050684,2013,30.920000000000073
2013-10-11,8344.73,8398.36,8349.37,8433.53,8344.73,53.63000000000102,-48.98999999999978,4.640000000001237,0.023437983137845064,2013,48.98999999999978
2013-10-16,8367.88,8357.72,8332.18,8384.03,8352.7,-10.159999999999854,-25.539999999999054,-35.69999999999891,-0.008942472753403319,2013,-35.69999999999891
2013-10-17,8332.18,8382.62,8374.68,8415.16,8332.18,50.44000000000051,-7.940000000000509,42.5,0.010231621349445996,2013,42.5
2013-10-23,8418.27,8426.14,8393.62,8438.95,8416.54,7.869999999998981,-32.51999999999862,-24.649999999999636,-0.001810881032989542,2013,-24.649999999999636
2013-10-24,8393.62,8375.48,8413.72,8393.62,8346.52,-18.140000000001237,38.23999999999978,20.099999999998545,-0.03354235683861806,2013,-18.140000000001237
2013-10-30,8420.98,8432.99,8465.06,8450.32,8420.98,12.010000000000218,32.06999999999971,44.07999999999993,0.015115417726080604,2013,44.07999999999993
2013-10-31,8465.06,8445.85,8450.06,8465.06,8424.47,-19.209999999999127,4.209999999999127,-15.0,-0.0053447459766488015,2013,-15.0
2013-11-04,8388.18,8364.15,8354.14,8388.18,8338.83,-24.030000000000655,-10.010000000000218,-34.04000000000087,-0.003332741722376742,2013,-34.04000000000087
2013-11-05,8354.14,8308.61,8262.2,8372.8,8311.31,-45.529999999998836,-46.409999999999854,-91.93999999999869,-0.001424614166996352,2013,-91.93999999999869
2013-11-06,8262.2,8238.77,8281.97,8297.57,8232.5,-23.43000000000029,43.19999999999891,19.769999999998618,-0.0030712530712531105,2013,19.769999999998618
2013-11-08,8283.71,8258.91,8229.59,8283.71,8234.74,-24.799999999999272,-29.31999999999971,-54.11999999999898,-0.01923115010595955,2013,54.11999999999898
2013-11-11,8229.59,8210.22,8182.56,8242.41,8198.58,-19.3700000000008,-27.659999999998945,-47.029999999999745,0.011672051696284491,2013,-47.029999999999745
2013-11-12,8182.56,8219.1,8195.26,8233.62,8182.56,36.539999999999964,-23.840000000000146,12.699999999999818,-0.0011577308475388959,2013,12.699999999999818
2013-11-15,8134.91,8198.02,8177.12,8206.28,8134.91,63.11000000000058,-20.900000000000546,42.210000000000036,-0.005137795275590551,2013,42.210000000000036
2013-11-19,8191.46,8230.88,8260.21,8247.94,8191.46,39.41999999999916,29.329999999999927,68.74999999999909,-0.009274177702676134,2013,68.74999999999909
2013-11-20,8260.21,8256.07,8204.46,8262.91,8233.63,-4.139999999999418,-51.61000000000058,-55.75,-0.012573876482487867,2013,55.75
2013-11-21,8204.46,8124.87,8099.45,8204.46,8110.17,-79.58999999999924,-25.420000000000073,-105.00999999999931,-0.004519161243673131,2013,-105.00999999999931
2013-11-22,8099.45,8120.36,8116.78,8133.75,8099.45,20.909999999999854,-3.5799999999999272,17.329999999999927,0.017351653451163296,2013,17.329999999999927
2013-11-26,8187.51,8222.42,8248.02,8225.09,8187.28,34.909999999999854,25.600000000000364,60.51000000000022,-0.0011890370781395543,2013,60.51000000000022
2013-12-03,8414.61,8399.1,8392.55,8414.61,8390.73,-15.510000000000218,-6.550000000001091,-22.06000000000131,-0.0016658500734934023,2013,-22.06000000000131
2013-12-05,8418.0,8395.05,8375.54,8437.6,8395.23,-22.950000000000728,-19.5099999999984,-42.45999999999913,-0.004753521126760529,2013,-42.45999999999913
2013-12-09,8367.72,8466.8,8444.62,8477.87,8367.72,99.07999999999993,-22.179999999998472,76.90000000000146,0.011138346896754525,2013,76.90000000000146
2013-12-11,8443.39,8472.23,8433.77,8501.77,8443.39,28.840000000000146,-38.45999999999913,-9.619999999998981,-0.002844372206419976,2013,-9.619999999998981
2013-12-12,8433.77,8388.59,8361.33,8433.77,8369.5,-45.18000000000029,-27.26000000000022,-72.44000000000051,-0.010032211743703168,2013,72.44000000000051
2013-12-13,8361.33,8368.38,8376.94,8382.69,8346.83,7.049999999999272,8.56000000000131,15.610000000000582,-0.00848736695611274,2013,15.610000000000582
2013-12-16,8376.94,8334.34,8313.87,8376.94,8329.98,-42.600000000000364,-20.469999999999345,-63.06999999999971,-0.0006326111023248204,2013,-63.06999999999971
2013-12-17,8313.87,8374.79,8352.93,8377.75,8313.87,60.92000000000007,-21.860000000000582,39.05999999999949,0.013115208102547848,2013,39.05999999999949
2013-12-20,8407.4,8413.23,8408.53,8418.44,8392.38,5.829999999999927,-4.699999999998909,1.1300000000010186,-0.006313930949776614,2013,1.1300000000010186
2014-01-03,8612.54,8557.36,8546.54,8612.54,8555.85,-55.18000000000029,-10.819999999999709,-66.0,-0.013606713642225654,2014,66.0
2014-01-06,8546.54,8506.22,8500.01,8568.24,8502.48,-40.32000000000153,-6.209999999999127,-46.530000000000655,-0.002027475130270129,2014,-46.530000000000655
2014-01-07,8500.01,8532.63,8512.3,8544.56,8500.01,32.61999999999898,-20.329999999999927,12.289999999999054,-0.005525176577808044,2014,12.289999999999054
2014-01-09,8556.01,8561.03,8514.68,8569.11,8539.48,5.020000000000437,-46.350000000000364,-41.32999999999993,0.01579356502284668,2014,-41.32999999999993
2014-01-10,8514.68,8542.04,8529.35,8559.18,8514.68,27.360000000000582,-12.69000000000051,14.670000000000073,-0.00796998656114678,2014,14.670000000000073
2014-01-14,8566.2,8537.95,8548.14,8568.31,8523.46,-28.25,10.18999999999869,-18.06000000000131,-0.011317219411654644,2014,18.06000000000131
2014-01-15,8548.14,8606.76,8602.55,8612.18,8548.14,58.6200000000008,-4.210000000000946,54.409999999999854,0.02264715915551685,2014,4.210000000000946
2014-01-17,8612.11,8586.4,8596.0,8628.86,8580.49,-25.710000000000946,9.600000000000364,-16.110000000000582,-0.005806582017971129,2014,-16.110000000000582
2014-01-20,8596.0,8608.7,8621.56,8618.97,8584.5,12.700000000000728,12.859999999998763,25.55999999999949,-0.0053784308289436256,2014,25.55999999999949
2014-01-21,8621.56,8632.73,8599.9,8650.14,8620.28,11.170000000000073,-32.82999999999993,-21.659999999999854,-0.0053784308289436256,2014,-21.659999999999854
2014-01-23,8625.3,8616.22,8595.1,8647.87,8614.19,-9.079999999999927,-21.11999999999898,-30.19999999999891,0.011024930747922435,2014,-30.19999999999891
2014-01-24,8595.1,8589.11,8598.31,8608.64,8577.9,-5.989999999999782,9.199999999998909,3.209999999999127,-0.010922972948289478,2014,-3.209999999999127
2014-01-27,8598.31,8468.96,8462.57,8598.31,8442.19,-129.35000000000036,-6.389999999999418,-135.73999999999978,-0.023269127777059584,2014,-129.35000000000036
2014-02-07,8311.01,8395.5,8387.35,8397.49,8311.01,84.48999999999978,-8.149999999999636,76.34000000000015,0.015835358561894664,2014,76.34000000000015
2014-02-10,8387.35,8443.84,8391.95,8445.26,8387.35,56.48999999999978,-51.88999999999942,4.600000000000364,0.01640495946228193,2014,4.600000000000364
2014-02-12,8430.56,8487.4,8510.87,8498.39,8430.56,56.840000000000146,23.470000000001164,80.31000000000131,0.012675637499070858,2014,80.31000000000131
2014-02-14,8467.7,8557.77,8513.68,8566.99,8467.7,90.06999999999971,-44.090000000000146,45.97999999999956,0.011902162044114428,2014,45.97999999999956
2014-02-20,8577.01,8552.94,8524.62,8577.01,8539.29,-24.06999999999971,-28.31999999999971,-52.38999999999942,-0.0007672406102240403,2014,-52.38999999999942
2014-02-24,8601.86,8570.67,8560.61,8612.21,8569.04,-31.19000000000051,-10.05999999999949,-41.25,-0.005052653972981491,2014,-41.25
2014-02-26,8575.62,8604.13,8600.86,8610.44,8563.87,28.5099999999984,-3.2699999999986176,25.23999999999978,-0.005023341675985615,2014,25.23999999999978
2014-03-03,8639.58,8555.87,8601.98,8639.58,8545.24,-83.70999999999913,46.10999999999876,-37.600000000000364,-0.0006912197369820516,2014,-37.600000000000364
2014-03-04,8601.98,8581.74,8554.54,8601.98,8576.43,-20.23999999999978,-27.19999999999891,-47.43999999999869,-0.006384903250979956,2014,-47.43999999999869
2014-03-05,8554.54,8632.75,8632.93,8652.22,8554.54,78.20999999999913,0.18000000000029104,78.38999999999942,0.017671313567641844,2014,78.38999999999942
2014-03-10,8713.96,8658.39,8665.24,8713.96,8651.54,-55.56999999999971,6.850000000000364,-48.719999999999345,-0.001095614065597661,2014,-48.719999999999345
2014-03-11,8665.24,8689.09,8702.33,8716.31,8665.24,23.850000000000364,13.239999999999782,37.090000000000146,-0.0020369435401033087,2014,37.090000000000146
2014-03-12,8702.33,8659.76,8684.73,8702.33,8651.99,-42.56999999999971,24.969999999999345,-17.600000000000364,-0.005477827012316361,2014,-17.600000000000364
2014-03-14,8747.79,8699.4,8687.63,8747.79,8677.81,-48.39000000000124,-11.770000000000437,-60.16000000000167,-0.017011062408682887,2014,60.16000000000167
2014-03-17,8687.63,8678.98,8700.1,8708.4,8662.49,-8.649999999999636,21.1200000000008,12.470000000001164,-0.004706798315461613,2014,12.470000000001164
2014-03-18,8700.1,8718.78,8731.94,8759.55,8700.1,18.68000000000029,13.159999999999854,31.840000000000146,0.012480443749111059,2014,31.840000000000146
2014-03-19,8731.94,8719.23,8689.46,8749.8,8714.54,-12.710000000000946,-29.770000000000437,-42.48000000000138,0.013503072870939548,2014,-42.48000000000138
2014-03-20,8689.46,8617.25,8597.33,8689.46,8589.36,-72.20999999999913,-19.920000000000073,-92.1299999999992,-0.0008662658743221474,2014,-92.1299999999992
2014-03-21,8597.33,8610.88,8577.17,8642.82,8597.33,13.549999999999272,-33.70999999999913,-20.159999999999854,0.018970330680261327,2014,-20.159999999999854
2014-03-24,8577.17,8545.12,8605.38,8582.71,8508.01,-32.04999999999927,60.2599999999984,28.209999999999127,-0.00866191310858877,2014,28.209999999999127
2014-03-25,8605.38,8648.31,8689.3,8647.61,8589.19,42.93000000000029,40.98999999999978,83.92000000000007,-0.004617708655199504,2014,83.92000000000007
2014-03-27,8737.27,8753.47,8779.57,8766.37,8735.2,16.19999999999891,26.100000000000364,42.29999999999927,-0.011106737631133123,2014,-42.29999999999927
2014-03-28,8779.57,8805.6,8774.64,8812.41,8772.34,26.030000000000655,-30.960000000000946,-4.930000000000291,-0.007822234528589211,2014,-4.930000000000291
2014-04-01,8849.28,8856.01,8873.15,8859.69,8826.16,6.729999999999563,17.139999999999418,23.86999999999898,0.016035187365796233,2014,23.86999999999898
2014-04-02,8873.15,8892.57,8905.45,8922.79,8873.15,19.420000000000073,12.880000000001019,32.30000000000109,0.015628728227153443,2014,32.30000000000109
2014-04-03,8905.45,8885.92,8888.54,8913.74,8882.68,-19.530000000000655,2.6200000000008004,-16.909999999999854,-0.0016277625815978025,2014,-16.909999999999854
2014-04-07,8888.54,8844.57,8876.44,8888.54,8828.59,-43.970000000001164,31.8700000000008,-12.100000000000364,-0.028090547547530598,2014,-43.970000000001164
2014-04-08,8876.44,8889.61,8888.25,8899.12,8866.35,13.170000000000073,-1.360000000000582,11.80999999999949,-0.009116179492049348,2014,11.80999999999949
2014-04-09,8888.25,8921.77,8930.57,8927.75,8888.25,33.52000000000044,8.799999999999272,42.31999999999971,0.012667491418514976,2014,42.31999999999971
2014-04-10,8930.57,8938.27,8948.1,8978.52,8930.57,7.700000000000728,9.829999999999927,17.530000000000655,0.011252968099384253,2014,17.530000000000655
2014-04-11,8948.1,8900.39,8908.05,8948.1,8872.83,-47.710000000000946,7.6599999999998545,-40.05000000000109,-0.03159667869053295,2014,-47.710000000000946
2014-04-14,8908.05,8872.95,8857.42,8908.05,8854.71,-35.099999999998545,-15.530000000000655,-50.6299999999992,-0.015479223403320641,2014,50.6299999999992
2014-04-17,8923.82,8955.7,8944.16,8961.6,8923.82,31.88000000000102,-11.540000000000873,20.340000000000146,-0.0019332161687171112,2014,20.340000000000146
2014-04-18,8944.16,8968.59,8966.66,9002.7,8944.16,24.43000000000029,-1.930000000000291,22.5,0.01850677936256373,2014,22.5
2014-04-21,8966.66,8942.03,8951.19,8966.66,8938.47,-24.6299999999992,9.159999999999854,-15.469999999999345,0.01850677936256373,2014,-15.469999999999345
2014-04-24,8956.92,8956.76,8945.45,8971.94,8950.07,-0.15999999999985448,-11.30999999999949,-11.469999999999345,-0.0011542835803162177,2014,-11.469999999999345
2014-04-28,8774.12,8727.36,8809.71,8774.12,8671.65,-46.76000000000022,82.34999999999854,35.58999999999833,-0.032874721114190986,2014,-46.76000000000022
2014-04-29,8809.71,8853.89,8872.11,8874.4,8809.71,44.18000000000029,18.220000000001164,62.400000000001455,-0.006361523270242531,2014,62.400000000001455
2014-05-02,8791.44,8861.8,8867.32,8875.9,8791.44,70.35999999999876,5.520000000000437,75.8799999999992,-0.0036633852457593763,2014,75.8799999999992
2014-05-07,8912.39,8867.37,8893.22,8912.39,8856.98,-45.01999999999862,25.849999999998545,-19.170000000000073,-0.004271278258151989,2014,-19.170000000000073
2014-05-12,8889.69,8837.27,8808.61,8898.31,8834.73,-52.42000000000007,-28.659999999999854,-81.07999999999993,-0.003218939826592604,2014,-81.07999999999993
2014-05-13,8808.61,8867.72,8817.94,8886.66,8808.61,59.10999999999876,-49.779999999998836,9.329999999999927,0.018247478167265685,2014,9.329999999999927
2014-05-14,8817.94,8827.42,8875.16,8855.56,8812.19,9.479999999999563,47.73999999999978,57.219999999999345,-0.007843404719683589,2014,57.219999999999345
2014-05-15,8875.16,8857.96,8880.65,8875.16,8839.44,-17.200000000000728,22.69000000000051,5.489999999999782,-0.008730322403244672,2014,5.489999999999782
2014-05-16,8880.65,8824.91,8888.45,8880.65,8816.92,-55.73999999999978,63.54000000000087,7.800000000001091,-0.011789181692094197,2014,-7.800000000001091
2014-05-19,8888.45,8890.56,8899.9,8912.35,8877.46,2.109999999998763,9.340000000000146,11.449999999998909,0.010543859649122744,2014,11.449999999998909
2014-05-20,8899.9,8922.18,8887.79,8927.0,8899.9,22.280000000000655,-34.38999999999942,-12.109999999998763,0.010485929063731358,2014,-12.109999999998763
2014-05-21,8887.79,8893.07,8862.42,8903.22,8883.32,5.279999999998836,-30.649999999999636,-25.3700000000008,-0.005961687140279892,2014,-25.3700000000008
2014-05-28,9055.29,9093.02,9121.71,9095.94,9055.29,37.72999999999956,28.68999999999869,66.41999999999825,0.012154396433354364,2014,66.41999999999825
2014-06-13,9204.65,9176.32,9196.39,9207.74,9171.51,-28.329999999999927,20.06999999999971,-8.260000000000218,-0.0034163084621799955,2014,-8.260000000000218
2014-06-19,9279.93,9293.49,9316.81,9309.6,9279.93,13.55999999999949,23.31999999999971,36.8799999999992,-0.0036191974822973316,2014,36.8799999999992
2014-06-24,9228.35,9265.92,9246.2,9276.24,9228.35,37.56999999999971,-19.719999999999345,17.850000000000364,-0.003603915520443146,2014,17.850000000000364
2014-06-25,9246.2,9239.99,9242.16,9255.87,9231.98,-6.210000000000946,2.1700000000000728,-4.040000000000873,-0.007312874133274305,2014,-4.040000000000873
2014-06-27,9320.94,9318.7,9306.83,9328.68,9304.53,-2.2399999999997817,-11.8700000000008,-14.110000000000582,-0.0041054416916322944,2014,-14.110000000000582
2014-07-01,9393.07,9414.42,9441.92,9418.84,9374.28,21.350000000000364,27.5,48.850000000000364,0.01058369221478861,2014,48.850000000000364
2014-07-02,9441.92,9521.78,9484.96,9522.61,9441.92,79.86000000000058,-36.82000000000153,43.039999999999054,0.013806551035491443,2014,43.039999999999054
2014-07-08,9520.2,9525.86,9530.98,9533.12,9499.17,5.6599999999998545,5.119999999998981,10.779999999998836,-0.00684036584428549,2014,10.779999999998836
2014-07-09,9530.98,9497.84,9489.98,9530.98,9496.06,-33.13999999999942,-7.860000000000582,-41.0,-0.00535520817210966,2014,-41.0
2014-07-11,9565.12,9573.84,9495.84,9577.31,9534.33,8.719999999999345,-78.0,-69.28000000000065,-0.004779138827022855,2014,-69.28000000000065
2014-07-16,9569.17,9539.92,9484.73,9574.13,9530.86,-29.25,-55.19000000000051,-84.44000000000051,-0.0026001361976102366,2014,-84.44000000000051
2014-07-17,9484.73,9436.18,9408.24,9484.73,9417.94,-48.54999999999927,-27.94000000000051,-76.48999999999978,0.011358699025510344,2014,-76.48999999999978
2014-07-18,9408.24,9388.61,9400.97,9408.35,9335.38,-19.6299999999992,12.359999999998763,-7.270000000000437,-0.02522400883760889,2014,-19.6299999999992
2014-07-21,9400.97,9470.26,9440.97,9480.14,9400.97,69.29000000000087,-29.290000000000873,40.0,0.012780960775672146,2014,40.0
2014-07-24,9499.36,9516.67,9527.54,9538.07,9499.36,17.30999999999949,10.8700000000008,28.18000000000029,-0.02294602294602288,2014,17.30999999999949
2014-07-25,9527.54,9476.9,9439.29,9528.7,9471.32,-50.64000000000124,-37.60999999999876,-88.25,-0.008385215541019897,2014,-88.25
2014-07-28,9439.29,9441.05,9420.18,9444.93,9385.56,1.7599999999983993,-20.86999999999898,-19.110000000000582,-0.019836917648180852,2014,19.110000000000582
2014-07-29,9420.18,9451.88,9391.88,9483.75,9420.18,31.69999999999891,-60.0,-28.30000000000109,-0.0010540825427713951,2014,-28.30000000000109
2014-07-30,9391.88,9435.84,9447.02,9441.13,9391.88,43.960000000000946,11.180000000000291,55.14000000000124,-0.002548701298701328,2014,55.14000000000124
2014-07-31,9447.02,9355.98,9315.85,9447.02,9345.71,-91.04000000000087,-40.1299999999992,-131.17000000000007,0.010041827384730695,2014,-131.17000000000007
2014-08-01,9315.85,9245.16,9266.51,9315.85,9201.83,-70.69000000000051,21.350000000000364,-49.340000000000146,-0.02102803738317771,2014,-70.69000000000051
2014-08-06,9141.44,9115.49,9143.97,9163.81,9105.39,-25.950000000000728,28.479999999999563,2.529999999998836,-0.011399826879419872,2014,-2.529999999998836
2014-08-08,9131.44,9069.83,9085.96,9131.44,9052.33,-61.61000000000058,16.1299999999992,-45.48000000000138,-0.013707195866449529,2014,45.48000000000138
2014-08-11,9085.96,9149.6,9172.91,9152.88,9085.96,63.64000000000124,23.30999999999949,86.95000000000073,0.011428476091961626,2014,86.95000000000073
2014-08-13,9163.12,9181.49,9231.31,9181.09,9147.14,18.36999999999898,49.81999999999971,68.18999999999869,-0.0011437534721085996,2014,68.18999999999869
2014-08-18,9206.81,9180.75,9141.31,9222.73,9164.69,-26.05999999999949,-39.44000000000051,-65.5,0.010254585449487319,2014,-65.5
2014-08-26,9390.62,9396.48,9393.96,9418.77,9390.62,5.859999999998763,-2.5200000000004366,3.3399999999983265,-0.003861064215594401,2014,3.3399999999983265
2014-09-03,9399.72,9431.09,9450.35,9450.24,9396.79,31.3700000000008,19.26000000000022,50.63000000000102,-0.0042154203796977985,2014,50.63000000000102
2014-09-10,9434.77,9325.57,9357.61,9434.77,9317.45,-109.20000000000073,32.04000000000087,-77.15999999999985,-0.009210727969348631,2014,-77.15999999999985
2014-09-15,9223.18,9204.69,9217.46,9242.23,9175.61,-18.48999999999978,12.769999999998618,-5.720000000001164,-0.012728731446909669,2014,5.720000000001164
2014-09-16,9217.46,9181.58,9133.4,9219.42,9174.38,-35.8799999999992,-48.18000000000029,-84.05999999999949,-0.011955179796527493,2014,84.05999999999949
2014-09-17,9133.4,9251.9,9195.17,9252.38,9133.4,118.5,-56.72999999999956,61.77000000000044,0.01720865494116164,2014,61.77000000000044
2014-09-19,9237.03,9274.56,9240.45,9289.22,9237.03,37.529999999998836,-34.10999999999876,3.4200000000000728,0.014710649398761877,2014,3.4200000000000728
2014-09-22,9240.45,9124.09,9134.65,9240.45,9106.27,-116.36000000000058,10.55999999999949,-105.80000000000109,-0.011896069124984865,2014,105.80000000000109
2014-09-23,9134.65,9143.94,9084.9,9143.9,9113.19,9.290000000000873,-59.04000000000087,-49.75,-0.012608923237983682,2014,49.75
2014-09-24,9084.9,9098.25,9098.49,9123.11,9071.8,13.350000000000364,0.23999999999978172,13.590000000000146,-0.0023388165588212884,2014,13.590000000000146
2014-09-25,9098.49,9094.44,9011.59,9149.41,9095.03,-4.049999999999272,-82.85000000000036,-86.89999999999964,0.012002813159334158,2014,-86.89999999999964
2014-09-26,9011.59,8956.7,8989.82,9011.59,8913.51,-54.88999999999942,33.11999999999898,-21.770000000000437,-0.018701836208361078,2014,21.770000000000437
2014-09-29,8989.82,8983.64,8960.76,9018.46,8964.18,-6.180000000000291,-22.8799999999992,-29.05999999999949,0.012464196909131031,2014,-29.05999999999949
2014-10-01,8966.92,9000.89,8990.26,9005.14,8918.96,33.969999999999345,-10.6299999999992,23.340000000000146,-0.008925383791502983,2014,23.340000000000146
2014-10-02,8990.26,8925.88,8975.19,8990.26,8913.01,-64.38000000000102,49.31000000000131,-15.069999999999709,-0.023681242952011017,2014,-64.38000000000102
2014-10-03,8975.19,9058.64,9106.28,9058.67,8975.19,83.44999999999891,47.64000000000124,131.09000000000015,-0.0059355749486653675,2014,131.09000000000015
2014-10-07,9095.14,9029.25,9040.81,9095.14,8993.45,-65.88999999999942,11.55999999999949,-54.32999999999993,-0.00826486070098853,2014,-54.32999999999993
2014-10-08,9040.81,9016.64,8955.18,9040.81,8980.33,-24.170000000000073,-61.45999999999913,-85.6299999999992,-0.019046232017735476,2014,85.6299999999992
2014-10-09,8955.18,8986.3,8966.44,9054.67,8955.18,31.11999999999898,-19.859999999998763,11.260000000000218,0.022715275486637987,2014,19.859999999998763
2014-10-13,8966.44,8775.87,8711.39,8966.44,8715.2,-190.5699999999997,-64.48000000000138,-255.0500000000011,-0.06894207008640574,2014,-190.5699999999997
2014-10-14,8711.39,8723.18,8768.39,8731.89,8684.19,11.790000000000873,45.20999999999913,57.0,-0.021250445315283084,2014,11.790000000000873
2014-10-15,8768.39,8697.17,8655.51,8776.91,8684.08,-71.21999999999935,-41.659999999999854,-112.8799999999992,0.018563342857662812,2014,-112.8799999999992
2014-10-17,8633.69,8642.6,8512.88,8699.77,8625.88,8.909999999999854,-129.72000000000116,-120.81000000000131,0.014919799409609746,2014,-120.81000000000131
2014-10-21,8663.14,8648.14,8654.64,8676.32,8636.67,-15.0,6.5,-8.5,0.015330332157196702,2014,-8.5
2014-10-22,8654.64,8770.37,8748.83,8769.42,8654.64,115.73000000000138,-21.540000000000873,94.19000000000051,0.036120859368312885,2014,21.540000000000873
2014-10-23,8748.83,8747.7,8731.07,8748.83,8720.11,-1.1299999999991996,-16.63000000000102,-17.76000000000022,-0.013746385790995519,2014,17.76000000000022
2014-10-24,8731.07,8685.68,8646.01,8750.42,8654.68,-45.38999999999942,-39.67000000000007,-85.05999999999949,0.014591325616069017,2014,-85.05999999999949
2014-10-27,8646.01,8626.11,8627.78,8689.67,8607.23,-19.899999999999636,1.6700000000000728,-18.229999999999563,0.010583845188560703,2014,-18.229999999999563
2014-10-29,8773.55,8844.48,8903.68,8860.19,8773.55,70.93000000000029,59.20000000000073,130.13000000000102,0.015026944304250778,2014,130.13000000000102
2014-10-31,8888.07,8911.7,8974.76,8926.78,8885.21,23.63000000000102,63.05999999999949,86.69000000000051,-0.01158301158301156,2014,-86.69000000000051
2014-11-03,8974.76,8984.88,9004.86,9014.52,8965.5,10.119999999998981,19.980000000001382,30.100000000000364,0.03873832987551862,2014,-19.980000000001382
2014-11-05,8989.18,8952.03,8962.6,9013.06,8951.86,-37.149999999999636,10.569999999999709,-26.579999999999927,-0.002760674348992631,2014,-26.579999999999927
2014-11-07,8891.02,8870.17,8912.62,8917.46,8867.78,-20.850000000000364,42.45000000000073,21.600000000000364,-0.008843830888697113,2014,21.600000000000364
2014-11-10,8912.62,9053.23,9049.98,9061.89,8912.62,140.60999999999876,-3.25,137.35999999999876,-0.009047100886056203,2014,137.35999999999876
2014-11-12,9034.14,8984.29,8918.95,9034.14,8969.18,-49.849999999998545,-65.34000000000015,-115.18999999999869,-0.0028337874659400963,2014,-115.18999999999869
2014-11-13,8918.95,8963.6,8980.67,8974.25,8918.95,44.649999999999636,17.06999999999971,61.719999999999345,-0.0010461721031181925,2014,61.719999999999345
2014-11-18,8884.39,8882.4,8859.07,8944.26,8876.81,-1.9899999999997817,-23.329999999999927,-25.31999999999971,-0.004662618501765858,2014,-25.31999999999971
2014-11-19,8859.07,8964.96,8963.24,8966.68,8859.07,105.88999999999942,-1.7199999999993452,104.17000000000007,0.019017975254844055,2014,104.17000000000007
2014-11-20,8963.24,9045.31,9078.87,9056.54,8963.24,82.06999999999971,33.56000000000131,115.63000000000102,-0.007010095147914619,2014,115.63000000000102
2014-11-24,9091.53,9126.15,9122.33,9165.71,9091.53,34.61999999999898,-3.819999999999709,30.799999999999272,0.010178737409907601,2014,30.799999999999272
2014-11-26,9116.24,9138.14,9122.39,9146.04,9113.48,21.899999999999636,-15.75,6.149999999999636,-0.00016430908031728197,2014,6.149999999999636
2014-11-27,9122.39,9188.18,9165.31,9217.73,9122.39,65.79000000000087,-22.8700000000008,42.92000000000007,0.021094777100513884,2014,22.8700000000008
2014-11-28,9165.31,9190.02,9187.15,9201.8,9158.28,24.710000000000946,-2.8700000000008004,21.840000000000146,0.021094777100513884,2014,2.8700000000008004
2014-12-02,9117.71,9036.12,9034.79,9117.71,9018.11,-81.58999999999833,-1.3299999999999272,-82.91999999999825,-0.013197421763350481,2014,82.91999999999825
2014-12-04,9175.26,9231.0,9225.11,9251.85,9175.26,55.73999999999978,-5.889999999999418,49.850000000000364,0.02044470536435017,2014,5.889999999999418
2014-12-09,9187.29,9145.35,9128.9,9187.29,9132.18,-41.94000000000051,-16.450000000000728,-58.39000000000124,-0.014392991239048802,2014,58.39000000000124
2014-12-10,9128.9,9117.26,9032.16,9140.49,9098.38,-11.639999999999418,-85.10000000000036,-96.73999999999978,-0.0002308802308801372,2014,-96.73999999999978
2014-12-11,9032.16,9024.88,9013.07,9040.17,8971.53,-7.280000000000655,-11.80999999999949,-19.090000000000146,-0.018575717337336206,2014,19.090000000000146
2014-12-15,9027.33,8956.04,8985.63,9027.33,8943.55,-71.28999999999905,29.589999999998327,-41.70000000000073,-0.01730220303008112,2014,41.70000000000073
2014-12-16,8985.63,8994.29,8950.91,9018.82,8967.82,8.660000000001673,-43.38000000000102,-34.719999999999345,-0.008371441764854826,2014,-34.719999999999345
2014-12-17,8950.91,8902.01,8828.36,8972.12,8904.49,-48.899999999999636,-73.64999999999964,-122.54999999999927,-0.006624506166348798,2014,-122.54999999999927
2014-12-18,8828.36,8901.66,8878.63,8946.42,8828.36,73.29999999999927,-23.030000000000655,50.26999999999862,0.021593830334190267,2014,23.030000000000655
2014-12-19,8878.63,9022.45,8999.52,9023.2,8878.63,143.82000000000153,-22.93000000000029,120.89000000000124,0.01856182835489495,2014,120.89000000000124
2014-12-22,8999.52,9065.73,9095.0,9068.05,8999.52,66.20999999999913,29.270000000000437,95.47999999999956,-0.0029500668488053883,2014,95.47999999999956
2014-12-23,9095.0,9105.05,9097.71,9138.15,9095.0,10.049999999999272,-7.3400000000001455,2.709999999999127,0.01543529274584965,2014,2.709999999999127
2014-12-24,9097.71,9151.95,9186.18,9156.95,9096.48,54.2400000000016,34.22999999999956,88.47000000000116,-0.0019521157489806873,2014,88.47000000000116
2014-12-30,9286.28,9287.14,9268.43,9338.06,9286.27,0.8599999999987631,-18.709999999999127,-17.850000000000364,-0.0027546628407459917,2014,-17.850000000000364
2014-12-31,9268.43,9275.49,9307.26,9296.53,9256.79,7.059999999999491,31.770000000000437,38.82999999999993,-0.005884214766645579,2014,38.82999999999993
2015-01-05,9307.26,9195.2,9274.11,9307.26,9182.02,-112.05999999999949,78.90999999999985,-33.149999999999636,-0.0002038231397498702,2015,-33.149999999999636
2015-01-06,9274.11,9134.27,9048.34,9274.11,9125.89,-139.84000000000015,-85.93000000000029,-225.77000000000044,-0.019134157529159923,2015,225.77000000000044
2015-01-07,9048.34,9072.24,9080.09,9088.37,9048.34,23.899999999999636,7.850000000000364,31.75,-0.021912439317685828,2015,23.899999999999636
2015-01-09,9238.03,9239.41,9215.58,9284.57,9216.82,1.3799999999991996,-23.829999999999927,-22.450000000000728,0.029131029506816786,2015,23.829999999999927
2015-01-13,9178.3,9206.7,9231.8,9206.03,9161.71,28.400000000001455,25.099999999998545,53.5,-0.01998482903489307,2015,-53.5
2015-01-14,9231.8,9183.31,9180.23,9242.2,9161.71,-48.48999999999978,-3.0799999999999272,-51.56999999999971,-0.009288202197017092,2015,-51.56999999999971
2015-01-15,9180.23,9169.28,9165.09,9219.43,9149.1,-10.949999999998909,-4.190000000000509,-15.139999999999418,-0.005904624537997005,2015,-15.139999999999418
2015-01-16,9165.09,9130.71,9138.29,9256.86,9109.46,-34.38000000000102,7.580000000001746,-26.799999999999272,-0.007768457643769322,2015,-26.799999999999272
2015-01-19,9138.29,9208.56,9174.06,9247.09,9138.29,70.26999999999862,-34.5,35.76999999999862,0.011195564423999604,2015,35.76999999999862
2015-01-20,9174.06,9232.42,9251.69,9232.09,9174.06,58.36000000000058,19.270000000000437,77.63000000000102,0.011195564423999604,2015,77.63000000000102
2015-01-21,9251.69,9299.32,9319.71,9311.75,9251.69,47.6299999999992,20.389999999999418,68.01999999999862,0.010107552797276487,2015,68.01999999999862
2015-01-22,9319.71,9377.67,9369.51,9386.56,9319.71,57.960000000000946,-8.159999999999854,49.80000000000109,0.011318728842626191,2015,49.80000000000109
2015-01-26,9470.94,9468.58,9477.67,9478.53,9436.47,-2.360000000000582,9.090000000000146,6.729999999999563,-0.0028425741413669048,2015,6.729999999999563
2015-01-28,9521.59,9499.39,9510.92,9521.59,9471.31,-22.200000000000728,11.530000000000655,-10.670000000000073,-0.018464514427233736,2015,10.670000000000073
2015-01-29,9510.92,9439.47,9426.9,9510.92,9431.26,-71.45000000000073,-12.569999999999709,-84.02000000000044,-0.005553979605547932,2015,-84.02000000000044
2015-02-02,9361.91,9362.49,9386.99,9410.43,9352.19,0.5799999999999272,24.5,25.079999999999927,-0.020236112986214305,2015,0.5799999999999272
2015-02-04,9448.73,9511.08,9513.92,9533.88,9448.73,62.350000000000364,2.8400000000001455,65.19000000000051,0.02111339069724716,2015,-2.8400000000001455
2015-02-09,9456.18,9434.87,9421.5,9465.12,9413.18,-21.30999999999949,-13.3700000000008,-34.68000000000029,-0.005697879204960898,2015,-34.68000000000029
2015-02-10,9421.5,9414.95,9393.7,9435.07,9397.6,-6.549999999999272,-21.25,-27.799999999999272,-0.01086568230531093,2015,27.799999999999272
2015-02-11,9393.7,9475.11,9462.22,9474.42,9393.7,81.40999999999985,-12.890000000001237,68.51999999999862,0.03384295903933543,2015,12.890000000001237
2015-02-13,9496.31,9529.65,9529.51,9542.09,9496.31,33.340000000000146,-0.13999999999941792,33.20000000000073,0.015872324990932274,2015,33.20000000000073
2015-02-24,9529.51,9628.81,9629.37,9637.0,9529.51,99.29999999999927,0.5600000000013097,99.86000000000058,-0.006397188049209079,2015,99.86000000000058
2015-02-25,9629.37,9665.69,9699.54,9696.71,9629.37,36.31999999999971,33.850000000000364,70.17000000000007,0.013329559926418488,2015,70.17000000000007
2015-02-26,9699.54,9638.17,9622.1,9699.54,9627.14,-61.3700000000008,-16.06999999999971,-77.44000000000051,-0.00576718985644864,2015,-77.44000000000051
2015-03-02,9622.1,9613.6,9601.36,9690.43,9612.55,-8.5,-12.239999999999782,-20.73999999999978,-0.002818591541434712,2015,-20.73999999999978
2015-03-03,9601.36,9579.83,9605.77,9642.95,9571.64,-21.530000000000655,25.94000000000051,4.4099999999998545,0.027789827188134053,2015,-25.94000000000051
2015-03-04,9605.77,9610.93,9621.73,9617.79,9580.78,5.1599999999998545,10.799999999999272,15.959999999999127,-0.019400688894637197,2015,-15.959999999999127
2015-03-05,9621.73,9600.54,9595.09,9631.04,9564.44,-21.18999999999869,-5.450000000000728,-26.639999999999418,-0.0009996390192430482,2015,-26.639999999999418
2015-03-09,9645.77,9552.67,9562.98,9645.77,9549.76,-93.10000000000036,10.30999999999949,-82.79000000000087,-0.010871225269003859,2015,82.79000000000087
2015-03-11,9536.53,9517.14,9523.18,9536.53,9472.54,-19.390000000001237,6.040000000000873,-13.350000000000364,-0.019201991524831152,2015,13.350000000000364
2015-03-13,9596.0,9620.54,9579.35,9633.51,9596.0,24.540000000000873,-41.19000000000051,-16.649999999999636,-0.0005546390579668214,2015,-16.649999999999636
2015-03-17,9512.91,9607.37,9539.44,9629.8,9512.91,94.46000000000095,-67.93000000000029,26.530000000000655,0.015173992285847593,2015,26.530000000000655
2015-03-18,9539.44,9631.57,9653.43,9632.4,9539.44,92.1299999999992,21.860000000000582,113.98999999999978,-0.007431840006680179,2015,113.98999999999978
2015-03-23,9749.69,9755.51,9758.09,9770.95,9729.81,5.819999999999709,2.5799999999999272,8.399999999999636,0.01487086920299907,2015,8.399999999999636
2015-03-24,9758.09,9711.81,9731.66,9768.71,9705.57,-46.280000000000655,19.850000000000364,-26.43000000000029,-0.009508694640926962,2015,-26.43000000000029
2015-03-25,9731.66,9711.8,9667.83,9743.58,9705.76,-19.860000000000582,-43.969999999999345,-63.82999999999993,-0.008536383225592692,2015,-63.82999999999993
2015-03-26,9667.83,9589.45,9619.12,9667.83,9540.03,-78.3799999999992,29.670000000000073,-48.70999999999913,-0.04604474908746403,2015,-78.3799999999992
2015-03-27,9619.12,9583.82,9503.72,9619.12,9578.41,-35.30000000000109,-80.10000000000036,-115.40000000000146,-0.01385947745826821,2015,115.40000000000146
2015-03-30,9503.72,9525.57,9521.87,9556.25,9503.72,21.850000000000364,-3.6999999999989086,18.150000000001455,0.02825661986849126,2015,3.6999999999989086
2015-03-31,9521.87,9569.83,9586.44,9594.75,9521.87,47.95999999999913,16.610000000000582,64.56999999999971,0.01356723124783965,2015,64.56999999999971
2015-04-01,9586.44,9522.51,9507.66,9586.44,9510.43,-63.93000000000029,-14.850000000000364,-78.78000000000065,-0.011737289339812995,2015,78.78000000000065
2015-04-02,9507.66,9618.37,9600.32,9621.74,9507.66,110.71000000000095,-18.05000000000109,92.65999999999985,-0.006168401679415569,2015,92.65999999999985
2015-04-10,9568.04,9613.99,9617.7,9648.34,9568.04,45.94999999999891,3.710000000000946,49.659999999999854,0.01251702631012952,2015,49.659999999999854
2015-04-14,9666.52,9647.13,9642.22,9666.52,9631.19,-19.390000000001237,-4.9099999999998545,-24.30000000000109,-0.006388830124814837,2015,-24.30000000000109
2015-04-15,9642.22,9571.93,9540.06,9654.15,9543.96,-70.28999999999905,-31.8700000000008,-102.15999999999985,-0.00946743882359613,2015,-102.15999999999985
2015-04-16,9540.06,9640.26,9656.87,9645.42,9540.06,100.20000000000073,16.610000000000582,116.81000000000131,0.016436196890449173,2015,116.81000000000131
2015-04-17,9656.87,9581.78,9570.93,9656.87,9573.27,-75.09000000000015,-10.850000000000364,-85.94000000000051,-0.00456775503298934,2015,-85.94000000000051
2015-04-20,9570.93,9526.79,9552.85,9570.93,9508.57,-44.13999999999942,26.05999999999949,-18.079999999999927,-0.01414853840924546,2015,18.079999999999927
2015-04-23,9613.0,9738.94,9797.49,9745.57,9613.0,125.94000000000051,58.54999999999927,184.48999999999978,0.01371761511483216,2015,184.48999999999978
2015-04-24,9797.49,9931.08,9913.28,9961.31,9797.49,133.59000000000015,-17.799999999999272,115.79000000000087,-0.015847772104573,2015,-115.79000000000087
2015-04-27,9913.28,10001.8,9973.12,10001.05,9913.28,88.51999999999862,-28.679999999998472,59.840000000000146,-0.016627448756839525,2015,-59.840000000000146
2015-04-30,9853.83,9824.98,9820.05,9894.9,9823.59,-28.850000000000364,-4.930000000000291,-33.780000000000655,-0.00581695966907958,2015,-33.780000000000655
2015-05-04,9820.05,9819.24,9845.04,9871.65,9800.48,-0.8099999999994907,25.80000000000109,24.9900000000016,0.027991082486995333,2015,-25.80000000000109
2015-05-05,9845.04,9822.87,9820.13,9855.64,9793.88,-22.170000000000073,-2.7400000000016007,-24.910000000001673,-0.0020836286321758157,2015,-24.910000000001673
2015-05-06,9820.13,9770.56,9818.2,9820.13,9735.94,-49.56999999999971,47.64000000000124,-1.929999999998472,-0.02220075849040526,2015,-49.56999999999971
2015-05-07,9818.2,9744.59,9704.11,9818.2,9722.66,-73.61000000000058,-40.47999999999956,-114.09000000000015,-0.0013800116211504232,2015,-114.09000000000015
2015-05-08,9704.11,9717.06,9692.0,9760.51,9704.11,12.949999999998909,-25.05999999999949,-12.110000000000582,0.011273547167066633,2015,-12.110000000000582
2015-05-13,9680.73,9738.43,9724.11,9743.23,9680.73,57.70000000000073,-14.319999999999709,43.38000000000102,-0.008728339337329638,2015,43.38000000000102
2015-05-15,9610.83,9591.38,9579.48,9644.83,9592.38,-19.450000000000728,-11.899999999999636,-31.350000000000364,0.011697827546312878,2015,-31.350000000000364
2015-05-20,9716.77,9686.4,9685.31,9736.09,9675.42,-30.3700000000008,-1.0900000000001455,-31.460000000000946,-0.004396125826890307,2015,-31.460000000000946
2015-05-27,9669.41,9665.58,9693.54,9689.5,9648.71,-3.8299999999999272,27.960000000000946,24.13000000000102,-0.007567342404887545,2015,24.13000000000102
2015-05-28,9693.54,9717.01,9712.84,9766.21,9693.54,23.469999999999345,-4.170000000000073,19.299999999999272,0.03861490031479531,2015,4.170000000000073
2015-06-03,9614.26,9594.69,9556.52,9645.48,9594.94,-19.56999999999971,-38.17000000000007,-57.73999999999978,-0.011794981771391932,2015,57.73999999999978
2015-06-04,9556.52,9547.21,9348.63,9558.77,9521.92,-9.31000000000131,-198.57999999999993,-207.89000000000124,-0.006212022569444309,2015,-207.89000000000124
2015-06-05,9348.63,9282.94,9340.13,9371.41,9277.21,-65.68999999999869,57.18999999999869,-8.5,-0.009403575815477128,2015,-8.5
2015-06-09,9368.43,9316.24,9191.87,9368.43,9300.01,-52.19000000000051,-124.36999999999898,-176.5599999999995,-0.0191658979195638,2015,176.5599999999995
2015-06-10,9191.87,9316.46,9298.5,9321.41,9191.87,124.58999999999833,-17.959999999999127,106.6299999999992,-0.001080898971040356,2015,106.6299999999992
2015-06-11,9298.5,9276.18,9302.49,9358.48,9261.54,-22.31999999999971,26.30999999999949,3.9899999999997817,0.013125351320966816,2015,3.9899999999997817
2015-06-12,9302.49,9325.22,9301.93,9339.33,9263.41,22.729999999999563,-23.289999999999054,-0.5599999999994907,-0.0005687019724249787,2015,-0.5599999999994907
2015-06-15,9301.93,9291.37,9259.48,9324.94,9274.24,-10.55999999999949,-31.890000000001237,-42.45000000000073,-0.008882350491998925,2015,-42.45000000000073
2015-06-16,9259.48,9200.27,9212.78,9272.7,9185.65,-59.20999999999913,12.510000000000218,-46.69999999999891,-0.0021004578998221612,2015,-46.69999999999891
2015-06-22,9218.37,9328.22,9341.77,9339.44,9218.37,109.84999999999854,13.550000000001091,123.39999999999964,-0.0030733186328555373,2015,123.39999999999964
2015-06-24,9391.14,9403.01,9397.31,9409.44,9364.38,11.8700000000008,-5.700000000000728,6.170000000000073,-0.0059597374419818605,2015,6.170000000000073
2015-06-25,9397.31,9485.44,9476.34,9500.57,9397.31,88.13000000000102,-9.100000000000364,79.03000000000065,-0.010208874399071699,2015,-79.03000000000065
2015-06-26,9476.34,9465.46,9462.57,9489.91,9452.98,-10.880000000001019,-2.889999999999418,-13.770000000000437,-0.0009211573085458058,2015,-13.770000000000437
2015-06-29,9462.57,9300.61,9236.1,9462.57,9294.2,-161.95999999999913,-64.51000000000022,-226.46999999999935,-0.02440523588002741,2015,-161.95999999999913
2015-06-30,9236.1,9233.97,9323.02,9259.92,9204.45,-2.1300000000010186,89.05000000000109,86.92000000000007,-0.029053783149092127,2015,-2.1300000000010186
2015-07-07,9255.96,9306.72,9250.16,9332.97,9255.96,50.76000000000022,-56.55999999999949,-5.799999999999272,-0.015171186415953053,2015,5.799999999999272
2015-07-08,9250.16,9090.53,8976.11,9250.16,9055.35,-159.6299999999992,-114.42000000000007,-274.0499999999993,-0.003258728207255146,2015,-274.0499999999993
2015-07-09,8976.11,8896.42,8914.13,8976.11,8750.92,-79.69000000000051,17.709999999999127,-61.98000000000138,-0.02624422285298178,2015,-79.69000000000051
2015-07-13,8914.13,8962.32,9033.92,8997.9,8914.13,48.19000000000051,71.60000000000036,119.79000000000087,0.018928615613015065,2015,119.79000000000087
2015-07-15,9041.76,9026.91,9054.2,9089.47,9025.23,-14.850000000000364,27.290000000000873,12.44000000000051,0.010828802506137158,2015,12.44000000000051
2015-07-16,9054.2,9057.59,9042.21,9085.31,9035.33,3.389999999999418,-15.380000000001019,-11.9900000000016,-0.006168424816735185,2015,-11.9900000000016
2015-07-20,9045.98,9087.75,8975.0,9124.88,9045.98,41.77000000000044,-112.75,-70.97999999999956,-0.0023331987257145803,2015,-70.97999999999956
2015-07-21,8975.0,8982.58,9005.96,9010.71,8940.38,7.579999999999927,23.3799999999992,30.959999999999127,-0.0068210778802187955,2015,30.959999999999127
2015-07-23,8918.7,8859.71,8791.12,8918.7,8837.06,-58.9900000000016,-68.58999999999833,-127.57999999999993,-0.02523911534864076,2015,-58.9900000000016
2015-07-24,8791.12,8743.03,8767.86,8811.76,8742.87,-48.090000000000146,24.829999999999927,-23.26000000000022,0.014517202420565534,2015,-23.26000000000022
2015-07-27,8767.86,8710.68,8556.68,8767.86,8674.56,-57.18000000000029,-154.0,-211.1800000000003,-0.019877652514835753,2015,211.1800000000003
2015-07-28,8556.68,8539.51,8582.49,8594.53,8532.0,-17.170000000000073,42.97999999999956,25.80999999999949,-0.007159755945710389,2015,25.80999999999949
2015-07-29,8582.49,8524.56,8563.48,8619.41,8516.23,-57.93000000000029,38.92000000000007,-19.01000000000022,0.02041136263874077,2015,-38.92000000000007
2015-08-03,8665.34,8510.31,8524.41,8665.34,8482.92,-155.03000000000065,14.100000000000364,-140.9300000000003,-0.012015592753955584,2015,140.9300000000003
2015-08-04,8524.41,8550.1,8510.86,8590.3,8513.86,25.69000000000051,-39.23999999999978,-13.549999999999272,-0.0030017484411022366,2015,-13.549999999999272
2015-08-05,8510.86,8490.86,8542.27,8534.29,8486.27,-20.0,51.409999999999854,31.409999999999854,-0.011127492822224028,2015,-31.409999999999854
2015-08-06,8542.27,8466.02,8449.56,8586.24,8460.29,-76.25,-16.460000000000946,-92.71000000000095,0.011676449354970364,2015,-92.71000000000095
2015-08-07,8449.56,8396.92,8442.29,8449.56,8368.4,-52.63999999999942,45.3700000000008,-7.269999999998618,-0.017824454717508043,2015,7.269999999998618
2015-08-11,8466.84,8555.82,8394.14,8586.22,8466.84,88.97999999999956,-161.6800000000003,-72.70000000000073,0.024857887629157194,2015,161.6800000000003
2015-08-12,8394.14,8306.92,8283.38,8394.14,8281.43,-87.21999999999935,-23.540000000000873,-110.76000000000022,-0.02267677928445566,2015,-87.21999999999935
2015-08-14,8311.74,8297.47,8305.64,8343.98,8283.35,-14.270000000000437,8.170000000000073,-6.100000000000364,-0.010366005736376027,2015,6.100000000000364
2015-08-17,8305.64,8250.32,8213.42,8308.54,8234.16,-55.31999999999971,-36.899999999999636,-92.21999999999935,-0.006032731110306111,2015,-92.21999999999935
2015-08-19,8177.22,8094.52,8021.84,8182.81,8093.22,-82.69999999999982,-72.68000000000029,-155.3800000000001,-0.020776775205963105,2015,-82.69999999999982
2015-08-20,8021.84,8010.94,8029.81,8063.8,7961.15,-10.900000000000546,18.8700000000008,7.970000000000255,-0.009118443614685612,2015,7.970000000000255
2015-08-21,8029.81,7885.38,7786.92,8029.81,7874.46,-144.4300000000003,-98.46000000000004,-242.89000000000033,-0.03807090179842165,2015,-144.4300000000003
2015-08-24,7786.92,7375.71,7410.34,7786.92,7379.66,-411.21000000000004,34.63000000000011,-376.5799999999999,-0.02722014862638278,2015,-411.21000000000004
2015-08-25,7410.34,7528.71,7675.64,7551.38,7368.47,118.36999999999989,146.9300000000003,265.3000000000002,-0.020757358405779525,2015,118.36999999999989
2015-08-26,7675.64,7645.72,7715.59,7675.64,7547.61,-29.920000000000073,69.86999999999989,39.94999999999982,-0.012337180980620532,2015,-39.94999999999982
2015-08-27,7715.59,7807.34,7824.55,7832.84,7715.59,91.75,17.210000000000036,108.96000000000004,0.05044764917171496,2015,-17.210000000000036
2015-08-28,7824.55,7972.92,8019.18,7992.25,7824.55,148.3699999999999,46.26000000000022,194.6300000000001,0.037324350991800204,2015,-46.26000000000022
2015-09-01,8174.92,8045.16,8017.56,8174.92,8041.92,-129.76000000000022,-27.599999999999454,-157.35999999999967,-0.004674952354579709,2015,-157.35999999999967
2015-09-02,8017.56,7960.45,8035.29,8017.56,7907.31,-57.11000000000058,74.84000000000015,17.729999999999563,-0.03423671118093741,2015,-57.11000000000058
2015-09-03,8035.29,8066.99,8095.95,8090.71,8007.48,31.699999999999818,28.960000000000036,60.659999999999854,0.02314783433877854,2015,-28.960000000000036
2015-09-07,8000.6,8026.46,7986.56,8053.2,7979.79,25.859999999999673,-39.899999999999636,-14.039999999999964,-0.018009136021558403,2015,14.039999999999964
2015-09-08,7986.56,8007.41,8001.5,8021.74,7978.78,20.849999999999454,-5.9099999999998545,14.9399999999996,-0.018009136021558403,2015,-14.9399999999996
2015-09-09,8001.5,8217.26,8286.92,8226.09,8001.5,215.76000000000022,69.65999999999985,285.4200000000001,0.04424216057026187,2015,-69.65999999999985
2015-09-10,8286.92,8242.63,8268.68,8286.92,8214.5,-44.29000000000087,26.05000000000109,-18.23999999999978,-0.017995064577123854,2015,18.23999999999978
2015-09-16,8259.99,8296.3,8333.29,8325.62,8259.99,36.30999999999949,36.9900000000016,73.30000000000109,0.012093836514643685,2015,73.30000000000109
2015-09-18,8445.5,8437.64,8462.14,8445.5,8399.71,-7.860000000000582,24.5,16.639999999999418,-0.00880986960754604,2015,16.639999999999418
2015-09-21,8462.14,8306.83,8307.04,8462.14,8289.04,-155.3099999999995,0.21000000000094587,-155.09999999999854,-0.016584816037356065,2015,155.09999999999854
2015-09-22,8307.04,8339.15,8365.92,8356.45,8307.04,32.10999999999876,26.770000000000437,58.8799999999992,-0.0033074089234547133,2015,58.8799999999992
2015-09-23,8365.92,8219.99,8193.42,8365.92,8214.86,-145.9300000000003,-26.56999999999971,-172.5,-0.02245658994956723,2015,-145.9300000000003
2015-09-24,8193.42,8207.73,8123.1,8257.14,8193.42,14.30999999999949,-84.6299999999992,-70.31999999999971,-0.007259772123819341,2015,-70.31999999999971
2015-09-25,8123.1,8107.3,8132.35,8149.98,8102.74,-15.800000000000182,25.050000000000182,9.25,-0.0017435758540135238,2015,9.25
2015-10-01,8181.24,8206.86,8295.94,8211.34,8170.78,25.6200000000008,89.07999999999993,114.70000000000073,0.03833034729878726,2015,-89.07999999999993
2015-10-02,8295.94,8292.53,8305.03,8297.26,8253.75,-3.4099999999998545,12.5,9.090000000000146,-0.011796326713453764,2015,-9.090000000000146
2015-10-05,8305.03,8325.12,8352.36,8364.59,8305.03,20.090000000000146,27.23999999999978,47.32999999999993,0.021557368792183063,2015,-27.23999999999978
2015-10-06,8352.36,8412.49,8394.1,8482.83,8352.36,60.1299999999992,-18.389999999999418,41.73999999999978,0.018719389935246245,2015,41.73999999999978
2015-10-08,8495.23,8471.48,8445.96,8544.93,8470.61,-23.75,-25.520000000000437,-49.27000000000044,0.015065519736313204,2015,-49.27000000000044
2015-10-12,8445.96,8560.78,8573.72,8561.16,8445.96,114.82000000000153,12.93999999999869,127.76000000000022,-0.008348954805374786,2015,127.76000000000022
2015-10-14,8567.92,8545.92,8522.51,8567.92,8515.53,-22.0,-23.409999999999854,-45.409999999999854,-0.013099882640276617,2015,45.409999999999854
2015-10-15,8522.51,8638.57,8601.52,8652.47,8522.51,116.05999999999949,-37.04999999999927,79.01000000000022,0.03763579096226799,2015,37.04999999999927
2015-10-21,8653.6,8621.14,8609.23,8690.39,8618.96,-32.460000000000946,-11.909999999999854,-44.3700000000008,-0.0015469917902217745,2015,-44.3700000000008
2015-10-23,8608.46,8686.18,8673.81,8740.08,8608.46,77.72000000000116,-12.3700000000008,65.35000000000036,0.03476517053456618,2015,12.3700000000008
2015-10-26,8673.81,8738.92,8745.36,8757.14,8673.81,65.11000000000058,6.440000000000509,71.55000000000109,0.011480139063540173,2015,71.55000000000109
2015-10-27,8745.36,8703.67,8701.32,8745.36,8697.67,-41.69000000000051,-2.350000000000364,-44.04000000000087,-0.01977446578227604,2015,44.04000000000087
2015-10-28,8701.32,8700.96,8665.99,8714.01,8673.0,-0.3600000000005821,-34.969999999999345,-35.32999999999993,-0.006684671511064,2015,-35.32999999999993
2015-10-29,8665.99,8621.57,8571.08,8704.59,8599.32,-44.42000000000007,-50.48999999999978,-94.90999999999985,0.01727478932267812,2015,-94.90999999999985
2015-10-30,8571.08,8522.32,8554.31,8585.42,8503.69,-48.76000000000022,31.98999999999978,-16.770000000000437,-0.029931631251753466,2015,-48.76000000000022
2015-11-06,8850.18,8763.88,8693.57,8857.61,8758.87,-86.30000000000109,-70.30999999999949,-156.61000000000058,-0.02096573023697812,2015,-86.30000000000109
2015-11-09,8693.57,8677.76,8642.48,8746.28,8677.35,-15.80999999999949,-35.280000000000655,-51.090000000000146,0.025949405484105847,2015,35.280000000000655
2015-11-10,8642.48,8557.06,8536.9,8642.48,8529.54,-85.42000000000007,-20.159999999999854,-105.57999999999993,-0.009653051872218987,2015,-105.57999999999993
2015-11-11,8536.9,8439.15,8415.01,8557.69,8421.48,-97.75,-24.139999999999418,-121.88999999999942,-0.017882198405827388,2015,121.88999999999942
2015-11-13,8428.09,8437.69,8329.5,8453.04,8372.44,9.600000000000364,-108.19000000000051,-98.59000000000015,-0.012927629580117839,2015,98.59000000000015
2015-11-16,8329.5,8259.36,8295.4,8329.5,8217.34,-70.13999999999942,36.039999999999054,-34.100000000000364,-0.009326377025716703,2015,-34.100000000000364
2015-11-17,8295.4,8465.74,8419.42,8471.89,8295.4,170.34000000000015,-46.31999999999971,124.02000000000044,0.012925074956113614,2015,124.02000000000044
2015-11-24,8485.73,8448.46,8400.14,8485.73,8436.72,-37.27000000000044,-48.31999999999971,-85.59000000000015,-0.012887527036770097,2015,85.59000000000015
2015-11-25,8400.14,8389.36,8386.13,8426.62,8362.19,-10.779999999998836,-3.2300000000013824,-14.010000000000218,0.012827535834931236,2015,-14.010000000000218
2015-12-02,8463.3,8494.27,8457.4,8496.46,8462.52,30.970000000001164,-36.8700000000008,-5.899999999999636,0.013852379123962644,2015,-5.899999999999636
2015-12-03,8457.4,8451.09,8456.06,8463.04,8393.29,-6.309999999999491,4.969999999999345,-1.3400000000001455,-0.005578861504398902,2015,-1.3400000000001455
2015-12-04,8456.06,8365.62,8398.6,8456.06,8355.75,-90.43999999999869,32.97999999999956,-57.45999999999913,-0.005815230924724246,2015,-57.45999999999913
2015-12-07,8398.6,8468.31,8454.27,8535.36,8398.6,69.70999999999913,-14.039999999999054,55.67000000000007,0.018814827911362464,2015,55.67000000000007
2015-12-08,8454.27,8404.72,8343.86,8454.27,8398.29,-49.55000000000109,-60.85999999999876,-110.40999999999985,-0.00958799114954667,2015,-110.40999999999985
2015-12-09,8343.86,8271.9,8229.62,8343.86,8266.01,-71.96000000000095,-42.279999999998836,-114.23999999999978,-0.0085126887247029,2015,-114.23999999999978
2015-12-10,8229.62,8186.36,8216.17,8229.62,8133.42,-43.26000000000113,29.8100000000004,-13.450000000000728,-0.012871301709791894,2015,13.450000000000728
2015-12-14,8115.89,8058.55,8040.16,8115.89,7980.59,-57.340000000000146,-18.390000000000327,-75.73000000000047,-0.019948682200436108,2015,75.73000000000047
2015-12-15,8040.16,8079.87,8073.35,8140.06,8040.16,39.710000000000036,-6.519999999999527,33.19000000000051,-0.006492327249614016,2015,33.19000000000051
2015-12-16,8073.35,8148.31,8184.66,8177.47,8073.35,74.96000000000004,36.349999999999454,111.30999999999949,0.015202059437310567,2015,111.30999999999949
2015-12-18,8319.67,8274.11,8257.32,8319.67,8241.32,-45.55999999999949,-16.790000000000873,-62.350000000000364,-0.014872711031710617,2015,62.350000000000364
2015-12-21,8257.32,8251.13,8282.17,8257.32,8191.53,-6.190000000000509,31.040000000000873,24.850000000000364,-0.0120747759592571,2015,-24.850000000000364
2015-12-22,8282.17,8274.17,8292.74,8316.44,8261.72,-8.0,18.56999999999971,10.569999999999709,0.018983662730220896,2015,10.569999999999709
2015-12-29,8358.49,8308.4,8293.91,8358.49,8303.61,-50.090000000000146,-14.489999999999782,-64.57999999999993,-0.003914648793724718,2015,-64.57999999999993
2015-12-30,8293.91,8298.56,8279.99,8342.34,8293.91,4.649999999999636,-18.56999999999971,-13.920000000000073,0.01195385187941933,2015,-13.920000000000073
2015-12-31,8279.99,8293.43,8338.06,8298.56,8258.73,13.44000000000051,44.6299999999992,58.06999999999971,-0.009856129924387225,2015,58.06999999999971
2016-01-04,8338.06,8158.19,8114.26,8338.06,8151.58,-179.8699999999999,-43.92999999999938,-223.79999999999927,-0.014262791941522579,2016,223.79999999999927
2016-01-05,8114.26,8129.54,8075.11,8142.64,8072.36,15.279999999999745,-54.43000000000029,-39.150000000000546,-0.01085187194791104,2016,39.150000000000546
2016-01-06,8075.11,8027.38,7990.39,8076.54,8001.16,-47.72999999999956,-36.98999999999978,-84.71999999999935,-0.010376668495154395,2016,84.71999999999935
2016-01-07,7990.39,7866.13,7852.06,7990.39,7860.36,-124.26000000000022,-14.069999999999709,-138.32999999999993,-0.02813062959028123,2016,-124.26000000000022
2016-01-08,7852.06,7841.41,7893.97,7888.27,7788.71,-10.650000000000546,52.5600000000004,41.909999999999854,-0.033190747782002594,2016,-10.650000000000546
2016-01-11,7893.97,7765.64,7788.42,7893.97,7726.22,-128.32999999999993,22.779999999999745,-105.55000000000018,-0.016009832036050775,2016,105.55000000000018
2016-01-14,7824.61,7722.56,7742.88,7824.61,7662.34,-102.04999999999927,20.31999999999971,-81.72999999999956,-0.03135270145918223,2016,-102.04999999999927
2016-01-15,7742.88,7793.05,7762.01,7842.34,7742.88,50.17000000000007,-31.039999999999964,19.13000000000011,0.020509601682839218,2016,31.039999999999964
2016-01-18,7762.01,7758.78,7811.18,7794.23,7627.89,-3.230000000000473,52.400000000000546,49.17000000000007,-0.04534800605083378,2016,-3.230000000000473
2016-01-19,7811.18,7822.67,7854.88,7841.59,7790.39,11.489999999999782,32.210000000000036,43.69999999999982,-0.04534800605083378,2016,11.489999999999782
2016-01-22,7664.01,7730.29,7756.18,7774.12,7664.01,66.27999999999975,25.890000000000327,92.17000000000007,0.014889280409023264,2016,92.17000000000007
2016-01-25,7756.18,7869.64,7894.15,7889.78,7756.18,113.46000000000004,24.50999999999931,137.96999999999935,0.01848321873510783,2016,137.96999999999935
2016-01-26,7894.15,7813.32,7828.67,7894.15,7804.53,-80.82999999999993,15.350000000000364,-65.47999999999956,-0.014387888105344082,2016,65.47999999999956
2016-01-27,7828.67,7852.97,7849.83,7888.63,7828.67,24.300000000000182,-3.1400000000003274,21.159999999999854,0.010257540563910483,2016,21.159999999999854
2016-01-28,7849.83,7906.93,7905.1,7910.05,7821.12,57.100000000000364,-1.8299999999999272,55.27000000000044,-0.012049810358137902,2016,-55.27000000000044
2016-01-29,7905.1,7954.38,8080.6,7953.54,7876.82,49.279999999999745,126.22000000000025,175.5,-0.003108649860705137,2016,175.5
2016-01-30,8080.6,8121.22,8145.21,8134.88,8080.6,40.61999999999989,23.98999999999978,64.60999999999967,0.045718667461872586,2016,-23.98999999999978
2016-02-01,8145.21,8145.49,8156.96,8166.8,8110.87,0.27999999999974534,11.470000000000255,11.75,0.045718667461872586,2016,-11.470000000000255
2016-02-03,8131.24,8058.93,8063.0,8131.24,8036.6,-72.30999999999949,4.069999999999709,-68.23999999999978,-0.03389555627635421,2016,-72.30999999999949
2016-02-15,8063.0,8073.16,8066.51,8074.08,7953.99,10.159999999999854,-6.649999999999636,3.5100000000002183,0.02274759469222798,2016,6.649999999999636
2016-02-16,8066.51,8152.86,8212.07,8167.9,8066.51,86.34999999999945,59.210000000000036,145.5599999999995,0.02274759469222798,2016,-59.210000000000036
2016-02-17,8212.07,8220.9,8214.25,8253.8,8196.13,8.829999999999927,-6.649999999999636,2.180000000000291,0.03502360552544137,2016,6.649999999999636
2016-02-18,8214.25,8313.09,8314.67,8337.97,8214.25,98.84000000000015,1.5799999999999272,100.42000000000007,0.02385417194600703,2016,-1.5799999999999272
2016-02-19,8314.67,8298.46,8325.04,8323.86,8281.05,-16.210000000000946,26.580000000001746,10.3700000000008,-0.0058246019305336905,2016,10.3700000000008
2016-02-23,8326.68,8315.95,8334.64,8361.79,8315.3,-10.729999999999563,18.68999999999869,7.959999999999127,0.015756614805271907,2016,7.959999999999127
2016-02-24,8334.64,8329.82,8282.86,8382.25,8326.12,-4.819999999999709,-46.95999999999913,-51.779999999998836,-0.016471544715447095,2016,51.779999999998836
2016-02-25,8282.86,8335.04,8365.86,8345.27,8282.86,52.18000000000029,30.81999999999971,83.0,0.014003008911005699,2016,83.0
2016-02-26,8365.86,8365.57,8411.16,8432.74,8347.8,-0.2900000000008731,45.590000000000146,45.29999999999927,0.01260312387908824,2016,45.29999999999927
2016-03-01,8411.16,8438.15,8485.69,8443.59,8378.06,26.98999999999978,47.54000000000087,74.53000000000065,-0.00406627711518448,2016,74.53000000000065
2016-03-02,8485.69,8552.44,8544.05,8586.25,8485.69,66.75,-8.390000000001237,58.35999999999876,0.028596228962723513,2016,8.390000000001237
2016-03-07,8643.55,8687.12,8659.55,8727.88,8643.55,43.57000000000153,-27.570000000001528,16.0,0.01045209585488216,2016,16.0
2016-03-09,8664.31,8607.48,8634.11,8664.31,8588.49,-56.82999999999993,26.63000000000102,-30.19999999999891,-0.02247655819084382,2016,-56.82999999999993
2016-03-14,8706.14,8757.8,8747.9,8777.05,8706.14,51.659999999999854,-9.899999999999636,41.76000000000022,0.019425283800921678,2016,41.76000000000022
2016-03-15,8747.9,8744.8,8611.18,8759.94,8724.52,-3.100000000000364,-133.61999999999898,-136.71999999999935,-0.0042327881785355626,2016,-136.71999999999935
2016-03-16,8611.18,8666.66,8699.14,8681.01,8611.18,55.47999999999956,32.47999999999956,87.95999999999913,-0.0014321627180621244,2016,87.95999999999913
2016-03-21,8810.71,8783.11,8812.7,8840.75,8747.59,-27.599999999998545,29.590000000000146,1.9900000000016007,0.013634657256550664,2016,1.9900000000016007
2016-03-23,8785.68,8783.83,8766.09,8814.5,8761.92,-1.8500000000003638,-17.73999999999978,-19.590000000000146,-0.0009763891354519494,2016,-19.590000000000146
2016-03-24,8766.09,8720.38,8743.38,8766.09,8676.87,-45.710000000000946,23.0,-22.710000000000946,-0.013090478305938014,2016,22.710000000000946
2016-03-25,8743.38,8727.68,8704.97,8765.62,8720.39,-15.699999999998909,-22.710000000000946,-38.409999999999854,-0.00048014884614233644,2016,-38.409999999999854
2016-03-28,8704.97,8728.34,8690.45,8729.3,8676.03,23.3700000000008,-37.88999999999942,-14.519999999998618,-0.00048014884614233644,2016,-14.519999999998618
2016-03-29,8690.45,8683.69,8617.35,8711.11,8676.91,-6.760000000000218,-66.34000000000015,-73.10000000000036,-0.0013961029213077625,2016,-73.10000000000036
2016-03-30,8617.35,8696.66,8737.04,8715.26,8617.35,79.30999999999949,40.38000000000102,119.69000000000051,0.013424332165782094,2016,119.69000000000051
2016-04-01,8744.83,8690.23,8657.55,8744.83,8661.94,-54.600000000000364,-32.68000000000029,-87.28000000000065,-0.00572863878729124,2016,-87.28000000000065
2016-04-06,8657.55,8526.27,8513.3,8657.55,8510.05,-131.27999999999884,-12.970000000001164,-144.25,-0.006011341595226427,2016,-144.25
2016-04-07,8513.3,8471.63,8490.25,8529.44,8468.0,-41.67000000000007,18.6200000000008,-23.049999999999272,0.010248313050213786,2016,-23.049999999999272
2016-04-08,8490.25,8516.82,8541.5,8521.05,8452.05,26.56999999999971,24.68000000000029,51.25,-0.01585054776544137,2016,-51.25
2016-04-12,8562.59,8597.98,8531.18,8613.56,8555.24,35.38999999999942,-66.79999999999927,-31.409999999999854,-0.0010576335821005367,2016,-31.409999999999854
2016-04-13,8531.18,8645.41,8652.08,8653.08,8531.18,114.22999999999956,6.670000000000073,120.89999999999964,-0.001282433641515035,2016,120.89999999999964
2016-04-14,8652.08,8676.14,8667.71,8719.15,8652.08,24.05999999999949,-8.430000000000291,15.6299999999992,0.023008928838056608,2016,8.430000000000291
2016-04-15,8667.71,8688.92,8700.39,8695.18,8613.25,21.210000000000946,11.469999999999345,32.68000000000029,-0.00856746697803401,2016,32.68000000000029
2016-04-18,8700.39,8665.65,8666.01,8700.39,8650.13,-34.73999999999978,0.3600000000005821,-34.3799999999992,-0.008523731009303925,2016,-34.3799999999992
2016-04-20,8633.72,8617.84,8514.48,8695.22,8617.97,-15.8799999999992,-103.36000000000058,-119.23999999999978,-0.012389459315092943,2016,119.23999999999978
2016-04-22,8568.65,8571.04,8535.75,8579.61,8540.69,2.390000000001237,-35.29000000000087,-32.899999999999636,-0.006650301272037584,2016,-32.899999999999636
2016-04-26,8560.28,8607.41,8581.57,8622.42,8554.55,47.1299999999992,-25.840000000000146,21.289999999999054,-0.0055453417634484525,2016,21.289999999999054
2016-04-27,8581.57,8577.89,8563.05,8582.06,8537.03,-3.680000000000291,-14.840000000000146,-18.520000000000437,0.013677628810196518,2016,-18.520000000000437
2016-04-28,8563.05,8569.72,8473.87,8595.99,8559.5,6.670000000000073,-95.84999999999854,-89.17999999999847,0.010142047981969826,2016,-89.17999999999847
2016-04-29,8473.87,8355.04,8377.9,8473.87,8352.23,-118.82999999999993,22.859999999998763,-95.97000000000116,-0.027258315474268158,2016,-118.82999999999993
2016-05-04,8294.12,8241.6,8185.47,8294.12,8236.57,-52.52000000000044,-56.13000000000011,-108.65000000000055,-0.011764344041705677,2016,108.65000000000055
2016-05-05,8185.47,8160.02,8167.96,8207.98,8143.59,-25.449999999999818,7.9399999999996,-17.51000000000022,-0.012013320469328681,2016,17.51000000000022
2016-05-10,8131.83,8149.54,8156.29,8147.26,8075.58,17.710000000000036,6.75,24.460000000000036,-0.0015058823529412457,2016,24.460000000000036
2016-05-11,8156.29,8135.76,8135.56,8204.51,8126.01,-20.529999999999745,-0.1999999999998181,-20.729999999999563,0.012190907091463199,2016,-20.729999999999563
2016-05-12,8135.56,8129.62,8108.05,8162.44,8114.03,-5.940000000000509,-21.56999999999971,-27.51000000000022,-0.0031196647524445176,2016,-27.51000000000022
2016-05-13,8108.05,8066.2,8053.69,8108.05,8045.65,-41.850000000000364,-12.510000000000218,-54.36000000000058,-0.017935823381961424,2016,54.36000000000058
2016-05-17,8067.6,8064.93,8140.48,8103.7,8057.34,-2.6700000000000728,75.54999999999927,72.8799999999992,0.01590184126583094,2016,72.8799999999992
2016-05-18,8140.48,8101.38,8159.68,8140.48,8061.26,-39.099999999999454,58.30000000000018,19.200000000000728,-0.006901590163679638,2016,19.200000000000728
2016-05-19,8159.68,8082.84,8095.98,8166.96,8067.33,-76.84000000000015,13.139999999999418,-63.70000000000073,0.016372145439747188,2016,-63.70000000000073
2016-05-20,8095.98,8125.09,8131.26,8145.46,8080.65,29.110000000000582,6.170000000000073,35.280000000000655,-0.007099407099407151,2016,35.280000000000655
2016-05-23,8131.26,8260.17,8344.44,8267.38,8119.71,128.90999999999985,84.27000000000044,213.1800000000003,0.03154760058318096,2016,-84.27000000000044
2016-05-25,8300.66,8381.29,8396.2,8402.14,8300.66,80.63000000000102,14.909999999999854,95.54000000000087,0.024168733008693488,2016,-14.909999999999854
2016-06-07,8597.11,8670.73,8679.9,8677.62,8597.11,73.61999999999898,9.170000000000073,82.78999999999905,-0.0026927437641722785,2016,82.78999999999905
2016-06-13,8715.48,8551.33,8536.22,8715.48,8547.22,-164.14999999999964,-15.110000000000582,-179.26000000000022,-0.016710741011646824,2016,179.26000000000022
2016-06-14,8536.22,8551.13,8576.12,8554.43,8503.42,14.909999999999854,24.9900000000016,39.900000000001455,-0.00517853055619133,2016,39.900000000001455
2016-06-16,8606.37,8519.36,8494.14,8606.37,8514.67,-87.01000000000022,-25.220000000001164,-112.23000000000138,-0.0008771046917911418,2016,-112.23000000000138
2016-06-17,8494.14,8591.32,8568.08,8607.16,8494.14,97.18000000000029,-23.23999999999978,73.94000000000051,-0.00011513110554650652,2016,73.94000000000051
2016-06-20,8568.08,8622.45,8625.92,8642.15,8568.08,54.3700000000008,3.469999999999345,57.840000000000146,-0.00818964276461609,2016,57.840000000000146
2016-06-21,8625.92,8678.11,8684.85,8681.58,8625.92,52.19000000000051,6.739999999999782,58.93000000000029,0.011595002104224372,2016,58.93000000000029
2016-06-23,8716.25,8677.29,8676.68,8716.25,8673.59,-38.95999999999913,-0.6100000000005821,-39.56999999999971,-0.0016442665141549462,2016,-39.56999999999971
2016-06-24,8676.68,8654.83,8476.99,8691.3,8559.76,-21.850000000000364,-177.84000000000015,-199.6900000000005,0.026380236305048266,2016,177.84000000000015
2016-06-27,8476.99,8449.81,8458.87,8476.99,8386.27,-27.18000000000029,9.06000000000131,-18.11999999999898,-0.05758577867079684,2016,-27.18000000000029
2016-06-28,8458.87,8471.14,8505.51,8473.95,8396.01,12.269999999998618,34.3700000000008,46.63999999999942,-0.04009475866153378,2016,12.269999999998618
2016-06-29,8505.51,8585.92,8586.56,8609.23,8505.51,80.40999999999985,0.6399999999994179,81.04999999999927,0.026884871668311883,2016,-0.6399999999994179
2016-06-30,8586.56,8619.22,8666.58,8634.57,8583.77,32.659999999999854,47.36000000000058,80.02000000000044,0.020458129928651925,2016,-47.36000000000058
2016-07-01,8666.58,8712.03,8738.24,8739.47,8666.58,45.45000000000073,26.209999999999127,71.65999999999985,0.01810500905250456,2016,71.65999999999985
2016-07-04,8738.24,8770.56,8760.58,8770.65,8712.12,32.31999999999971,-9.979999999999563,22.340000000000146,-0.009628869258461403,2016,22.340000000000146
2016-07-05,8760.58,8731.16,8716.07,8760.58,8693.76,-29.420000000000073,-15.090000000000146,-44.51000000000022,-0.009628869258461403,2016,-44.51000000000022
2016-07-06,8716.07,8592.59,8575.75,8716.07,8575.87,-123.47999999999956,-16.840000000000146,-140.3199999999997,-0.018247908789652656,2016,140.3199999999997
2016-07-11,8640.91,8769.77,8786.47,8795.8,8640.91,128.86000000000058,16.69999999999891,145.5599999999995,0.02823325804464516,2016,-16.69999999999891
2016-07-12,8786.47,8824.02,8841.46,8840.58,8786.47,37.55000000000109,17.43999999999869,54.98999999999978,0.011168642218323255,2016,54.98999999999978
2016-07-13,8841.46,8837.94,8857.75,8865.42,8817.87,-3.5199999999986176,19.80999999999949,16.290000000000873,0.013344618422908683,2016,16.290000000000873
2016-07-18,8949.85,8989.64,9008.21,9008.06,8949.85,39.789999999999054,18.56999999999971,58.35999999999876,-0.000814658326774742,2016,58.35999999999876
2016-07-19,9008.21,8992.07,9034.87,9022.89,8972.83,-16.139999999999418,42.80000000000109,26.660000000001673,0.015062738378199159,2016,26.660000000001673
2016-07-20,9034.87,9026.23,9007.68,9034.87,8978.85,-8.640000000001237,-18.549999999999272,-27.19000000000051,-0.0037574536444577866,2016,-27.19000000000051
2016-07-21,9007.68,9069.04,9056.56,9075.23,9007.68,61.36000000000058,-12.480000000001382,48.8799999999992,0.016343709858154032,2016,48.8799999999992
2016-07-22,9056.56,9043.26,9013.14,9060.15,9009.74,-13.299999999999272,-30.1200000000008,-43.42000000000007,-0.007314384058945356,2016,-43.42000000000007
2016-07-27,9024.79,9062.08,9063.39,9078.46,9024.79,37.289999999999054,1.3099999999994907,38.599999999998545,0.03815443974063548,2016,-1.3099999999994907
2016-07-29,9076.64,9033.88,8984.41,9076.64,9031.01,-42.76000000000022,-49.469999999999345,-92.22999999999956,-0.005690836591692117,2016,-92.22999999999956
2016-08-01,8984.41,9067.18,9080.71,9073.05,8984.41,82.77000000000044,13.529999999998836,96.29999999999927,-0.004853864922390039,2016,96.29999999999927
2016-08-03,9068.76,9002.4,9001.71,9068.76,8948.4,-66.36000000000058,-0.6900000000005093,-67.05000000000109,-0.016002187443035276,2016,67.05000000000109
2016-08-08,9092.12,9124.82,9150.26,9153.99,9092.12,32.69999999999891,25.44000000000051,58.13999999999942,0.013371400133582956,2016,58.13999999999942
2016-08-09,9150.26,9164.82,9155.08,9168.34,9130.36,14.55999999999949,-9.739999999999782,4.819999999999709,-0.001731758380935089,2016,4.819999999999709
2016-08-11,9200.42,9182.85,9131.83,9200.42,9150.11,-17.56999999999971,-51.02000000000044,-68.59000000000015,-0.007652995711240562,2016,-68.59000000000015
2016-08-16,9148.51,9122.53,9110.36,9165.58,9121.85,-25.979999999999563,-12.170000000000073,-38.149999999999636,0.013592531801395191,2016,-38.149999999999636
2016-08-17,9110.36,9107.25,9117.7,9123.9,9101.81,-3.110000000000582,10.450000000000728,7.3400000000001455,-0.0073756388846718535,2016,7.3400000000001455
2016-08-25,9017.38,9060.4,9115.47,9077.51,9017.38,43.02000000000044,55.06999999999971,98.09000000000015,-0.008698256604809496,2016,98.09000000000015
2016-08-31,9110.56,9084.51,9068.85,9130.76,9044.5,-26.049999999999272,-15.659999999999854,-41.70999999999913,-0.0019287723053184047,2016,-41.70999999999913
2016-09-01,9068.85,8985.2,9001.15,9069.13,8980.21,-83.64999999999964,15.949999999998909,-67.70000000000073,-0.0007355966436844996,2016,-67.70000000000073
2016-09-05,8987.55,9082.25,9090.13,9092.69,8987.55,94.70000000000073,7.8799999999992,102.57999999999993,-0.0017442723539017324,2016,102.57999999999993
2016-09-06,9090.13,9142.49,9181.85,9147.02,9090.13,52.36000000000058,39.36000000000058,91.72000000000116,-0.0017442723539017324,2016,91.72000000000116
2016-09-07,9181.85,9248.89,9259.07,9257.54,9181.85,67.03999999999905,10.180000000000291,77.21999999999935,-0.0022925831835926003,2016,77.21999999999935
2016-09-08,9259.07,9254.35,9262.89,9259.07,9224.89,-4.719999999999345,8.539999999999054,3.819999999999709,-0.0073282822009688164,2016,3.819999999999709
2016-09-09,9262.89,9160.01,9164.88,9262.89,9142.13,-102.8799999999992,4.869999999998981,-98.01000000000022,-0.0020395395395395033,2016,-98.01000000000022
2016-09-10,9164.88,9040.5,9053.69,9164.88,9025.53,-124.3799999999992,13.19000000000051,-111.18999999999869,-0.03661120653986494,2016,-124.3799999999992
2016-09-12,9053.69,8987.71,8947.06,9053.69,8957.77,-65.98000000000138,-40.649999999999636,-106.63000000000102,-0.03661120653986494,2016,-65.98000000000138
2016-09-13,8947.06,8961.98,8940.83,9014.75,8947.06,14.920000000000073,-21.149999999999636,-6.229999999999563,0.020276689615680077,2016,21.149999999999636
2016-09-14,8940.83,8946.97,8902.3,8965.32,8906.8,6.139999999999418,-44.67000000000007,-38.530000000000655,-0.009209771031315817,2016,-38.530000000000655
2016-09-19,8902.3,9085.62,9152.88,9098.3,8902.3,183.32000000000153,67.2599999999984,250.57999999999993,-0.0002743929056961969,2016,250.57999999999993
2016-09-21,9161.58,9148.58,9228.5,9166.51,9133.16,-13.0,79.92000000000007,66.92000000000007,-0.0049186860259506915,2016,66.92000000000007
2016-09-22,9228.5,9210.83,9235.26,9290.76,9207.41,-17.670000000000073,24.43000000000029,6.760000000000218,0.014441065685575127,2016,6.760000000000218
2016-09-26,9284.62,9204.61,9194.52,9284.62,9194.96,-80.01000000000022,-10.090000000000146,-90.10000000000036,-0.01096483140957083,2016,90.10000000000036
2016-09-30,9270.9,9203.12,9166.85,9270.9,9183.19,-67.77999999999884,-36.27000000000044,-104.04999999999927,0.012517385257301727,2016,-104.04999999999927
2016-10-03,9166.85,9232.97,9234.2,9256.58,9166.85,66.11999999999898,1.2300000000013824,67.35000000000036,0.015754157347077635,2016,67.35000000000036
2016-10-04,9234.2,9252.66,9287.77,9258.6,9224.45,18.459999999999127,35.11000000000058,53.56999999999971,-0.00731211105792251,2016,53.56999999999971
2016-10-05,9287.77,9264.6,9272.28,9287.77,9244.41,-23.170000000000073,7.680000000000291,-15.489999999999782,-0.0025919540922735296,2016,-15.489999999999782
2016-10-11,9265.81,9262.95,9219.82,9327.71,9262.29,-2.859999999998763,-43.13000000000102,-45.98999999999978,-0.004910276934840252,2016,-45.98999999999978
2016-10-12,9219.82,9224.5,9252.6,9226.26,9166.58,4.680000000000291,28.100000000000364,32.780000000000655,-0.021130734413081886,2016,4.680000000000291
2016-10-13,9252.6,9226.9,9219.17,9285.05,9219.84,-25.700000000000728,-7.729999999999563,-33.43000000000029,-0.0032993585262046654,2016,-33.43000000000029
2016-10-14,9219.17,9194.21,9165.17,9219.17,9180.66,-24.960000000000946,-29.039999999999054,-54.0,-0.011776722207181733,2016,54.0
2016-10-18,9176.22,9183.99,9222.58,9200.68,9157.4,7.770000000000437,38.590000000000146,46.36000000000058,-0.005423837704938261,2016,46.36000000000058
2016-10-19,9222.58,9277.84,9283.99,9291.5,9222.58,55.26000000000022,6.149999999999636,61.409999999999854,0.012099378881987644,2016,61.409999999999854
2016-10-20,9283.99,9323.48,9317.24,9331.89,9279.15,39.48999999999978,-6.239999999999782,33.25,-0.004676338463804441,2016,33.25
2016-10-24,9306.57,9323.81,9322.5,9343.57,9306.57,17.23999999999978,-1.3099999999994907,15.930000000000291,-0.002681457537466958,2016,15.930000000000291
2016-10-25,9322.5,9346.81,9385.65,9356.96,9322.5,24.30999999999949,38.840000000000146,63.149999999999636,0.018734730458055626,2016,63.149999999999636
2016-10-26,9385.65,9363.54,9362.25,9385.65,9338.84,-22.109999999998763,-1.2900000000008731,-23.399999999999636,-0.001349739090613311,2016,-23.399999999999636
2016-10-27,9362.25,9306.63,9299.55,9370.32,9306.35,-55.6200000000008,-7.079999999999927,-62.70000000000073,-0.001749791835109149,2016,-62.70000000000073
2016-10-28,9299.55,9299.97,9306.92,9320.57,9276.71,0.42000000000007276,6.950000000000728,7.3700000000008,-0.0042068615362298445,2016,7.3700000000008
2016-10-31,9306.92,9234.11,9290.12,9306.92,9194.48,-72.80999999999949,56.01000000000022,-16.799999999999272,-0.005899919877631277,2016,-16.799999999999272
2016-11-02,9272.7,9183.11,9139.04,9272.7,9171.17,-89.59000000000015,-44.06999999999971,-133.65999999999985,-0.009034388964445195,2016,-133.65999999999985
2016-11-03,9139.04,9110.87,9067.27,9154.19,9109.06,-28.170000000000073,-43.600000000000364,-71.77000000000044,-0.006751789040290168,2016,-71.77000000000044
2016-11-04,9067.27,9087.86,9068.15,9098.88,9048.21,20.590000000000146,-19.710000000000946,0.8799999999991996,-0.0031706083373429506,2016,0.8799999999991996
2016-11-07,9068.15,9167.46,9189.84,9178.49,9068.15,99.30999999999949,22.38000000000102,121.69000000000051,-0.006336633663366342,2016,121.69000000000051
2016-11-08,9189.84,9186.5,9217.43,9230.2,9179.85,-3.3400000000001455,30.93000000000029,27.590000000000146,0.028634416102032656,2016,-30.93000000000029
2016-11-10,8943.2,9162.77,9152.18,9164.41,8943.2,219.5699999999997,-10.590000000000146,208.97999999999956,-0.004941523294026529,2016,208.97999999999956
2016-11-11,9152.18,8968.03,8957.76,9152.18,8967.94,-184.14999999999964,-10.270000000000437,-194.42000000000007,-0.021248436722155484,2016,-184.14999999999964
2016-11-14,8957.76,8892.36,8940.4,8974.42,8884.07,-65.39999999999964,48.039999999999054,-17.360000000000582,0.03864332766812639,2016,-48.039999999999054
2016-11-15,8940.4,8962.15,8931.03,8974.67,8923.36,21.75,-31.11999999999898,-9.369999999998981,-0.0061631073527304014,2016,-9.369999999998981
2016-11-16,8931.03,9006.46,8962.22,9014.37,8931.03,75.42999999999847,-44.23999999999978,31.18999999999869,0.019012594942793948,2016,31.18999999999869
2016-11-17,8962.22,8970.0,8995.26,8998.23,8936.3,7.780000000000655,25.26000000000022,33.04000000000087,0.011381059087156586,2016,33.04000000000087
2016-11-18,8995.26,8972.53,9008.79,8995.26,8958.22,-22.729999999999563,36.26000000000022,13.530000000000655,0.010833187569238012,2016,13.530000000000655
2016-11-23,9133.39,9186.25,9178.23,9186.92,9133.39,52.86000000000058,-8.020000000000437,44.840000000000146,0.010534578673735195,2016,44.840000000000146
2016-11-29,9222.24,9211.41,9192.38,9230.1,9204.4,-10.829999999999927,-19.030000000000655,-29.860000000000582,-0.004175224755042284,2016,-29.860000000000582
2016-11-30,9192.38,9221.14,9240.71,9238.4,9192.38,28.76000000000022,19.56999999999971,48.32999999999993,-0.0022541561003099897,2016,48.32999999999993
2016-12-01,9240.71,9268.05,9263.53,9274.28,9240.71,27.340000000000146,-4.519999999998618,22.820000000001528,-0.006529229031347006,2016,22.820000000001528
2016-12-02,9263.53,9187.82,9189.49,9263.53,9165.9,-75.71000000000095,1.6700000000000728,-74.04000000000087,-0.048529227830397925,2016,-75.71000000000095
2016-12-05,9189.49,9169.66,9160.66,9212.19,9138.64,-19.829999999999927,-9.0,-28.829999999999927,0.013037918713177943,2016,-28.829999999999927
2016-12-06,9160.66,9253.25,9250.77,9280.65,9160.66,92.59000000000015,-2.4799999999995634,90.11000000000058,0.01230388109000824,2016,90.11000000000058
2016-12-07,9250.77,9270.48,9263.89,9299.92,9250.77,19.709999999999127,-6.5900000000001455,13.119999999998981,0.013832403015860084,2016,13.119999999998981
2016-12-08,9263.89,9326.83,9375.86,9336.41,9263.89,62.94000000000051,49.030000000000655,111.97000000000116,0.021206896551724252,2016,-49.030000000000655
2016-12-12,9392.68,9400.69,9349.94,9430.34,9392.68,8.010000000000218,-50.75,-42.73999999999978,-0.0035614603103718556,2016,-42.73999999999978
2016-12-13,9349.94,9357.41,9382.14,9374.49,9342.56,7.469999999999345,24.729999999999563,32.19999999999891,-0.007899071158866566,2016,32.19999999999891
2016-12-14,9382.14,9387.82,9368.52,9413.13,9364.84,5.680000000000291,-19.299999999999272,-13.619999999998981,0.011395207011045017,2016,-13.619999999998981
2016-12-15,9368.52,9327.55,9360.35,9368.52,9312.79,-40.970000000001164,32.80000000000109,-8.170000000000073,-0.0014181229412092433,2016,-8.170000000000073
2016-12-16,9360.35,9351.96,9326.78,9379.75,9343.46,-8.390000000001237,-25.179999999998472,-33.56999999999971,0.01754484054211214,2016,-33.56999999999971
2016-12-19,9326.78,9275.49,9239.32,9326.78,9262.44,-51.29000000000087,-36.17000000000007,-87.46000000000095,-0.010022308427750315,2016,87.46000000000095
2016-12-28,9109.27,9187.56,9201.4,9190.58,9109.27,78.28999999999905,13.840000000000146,92.1299999999992,0.012166997154927195,2016,92.1299999999992
2016-12-29,9201.4,9191.4,9153.09,9201.4,9169.54,-10.0,-38.30999999999949,-48.30999999999949,-0.019292809914715603,2016,48.30999999999949
2017-01-03,9253.5,9256.21,9272.88,9263.01,9235.95,2.709999999999127,16.670000000000073,19.3799999999992,-0.01599001302648717,2017,-19.3799999999992
2017-01-06,9358.14,9357.97,9372.22,9372.02,9357.96,-0.17000000000007276,14.25,14.079999999999927,-0.008881365619881842,2017,14.079999999999927
2017-01-10,9342.42,9340.71,9349.64,9353.6,9323.59,-1.7100000000009459,8.930000000000291,7.219999999999345,0.010928300225609533,2017,7.219999999999345
2017-01-13,9410.18,9374.64,9378.83,9410.18,9352.08,-35.54000000000087,4.190000000000509,-31.350000000000364,-0.009044401752757558,2017,-31.350000000000364
2017-01-18,9354.53,9335.64,9341.97,9354.53,9322.44,-18.890000000001237,6.329999999999927,-12.56000000000131,-0.016427482236906044,2017,12.56000000000131
2017-01-19,9341.97,9318.0,9318.12,9341.97,9287.54,-23.969999999999345,0.12000000000080036,-23.849999999998545,0.014161938690240516,2017,-23.849999999998545
2017-01-20,9318.12,9325.02,9331.46,9335.22,9317.62,6.899999999999636,6.43999999999869,13.339999999998327,-0.004694479378984373,2017,13.339999999998327
2017-01-23,9331.46,9414.54,9424.05,9423.87,9331.46,83.08000000000175,9.5099999999984,92.59000000000015,0.013049682472250357,2017,92.59000000000015
2017-01-24,9424.05,9439.62,9447.95,9455.09,9416.06,15.570000000001528,8.329999999999927,23.900000000001455,-0.006709605273061636,2017,23.900000000001455
2017-02-02,9447.95,9417.98,9428.97,9521.34,9415.82,-29.970000000001164,10.989999999999782,-18.980000000001382,0.016764095395433554,2017,-18.980000000001382
2017-02-03,9428.97,9457.31,9455.56,9478.01,9428.97,28.340000000000146,-1.75,26.590000000000146,-0.0010727937423836709,2017,26.590000000000146
2017-02-10,9590.18,9661.4,9665.59,9662.9,9590.18,71.21999999999935,4.190000000000509,75.40999999999985,-0.008568724669286376,2017,75.40999999999985
2017-02-13,9665.59,9694.46,9710.32,9709.28,9665.59,28.86999999999898,15.860000000000582,44.72999999999956,-0.0007885371598136404,2017,44.72999999999956
2017-02-15,9718.78,9763.36,9799.76,9762.03,9718.78,44.57999999999993,36.399999999999636,80.97999999999956,-0.003179041110075609,2017,80.97999999999956
2017-02-22,9763.93,9794.26,9778.78,9820.07,9763.93,30.329999999999927,-15.479999999999563,14.850000000000364,0.013963963963964154,2017,14.850000000000364
2017-02-23,9778.78,9797.17,9769.31,9810.56,9774.08,18.389999999999418,-27.860000000000582,-9.470000000001164,-0.00037357134202975484,2017,-9.470000000001164
2017-02-24,9769.31,9772.23,9750.47,9782.36,9740.18,2.9200000000000728,-21.76000000000022,-18.840000000000146,-0.016362479420647058,2017,18.840000000000146
2017-03-01,9750.47,9740.54,9674.78,9758.78,9737.22,-9.929999999998472,-65.76000000000022,-75.68999999999869,-0.013253257328990187,2017,75.68999999999869
2017-03-02,9674.78,9729.08,9691.8,9774.6,9674.78,54.29999999999927,-37.280000000000655,17.019999999998618,0.016381604737048416,2017,17.019999999998618
2017-03-03,9691.8,9649.41,9648.21,9691.8,9642.78,-42.38999999999942,-1.2000000000007276,-43.590000000000146,-0.011093518462131802,2017,43.590000000000146
2017-03-06,9648.21,9676.46,9682.63,9688.5,9647.0,28.25,6.170000000000073,34.42000000000007,-0.00036948467151787234,2017,34.42000000000007
2017-03-13,9627.89,9667.69,9697.34,9686.33,9627.89,39.80000000000109,29.649999999999636,69.45000000000073,0.011677953655352402,2017,69.45000000000073
2017-03-15,9744.21,9728.82,9740.31,9747.8,9714.58,-15.389999999999418,11.489999999999782,-3.899999999999636,-0.0030618677393209337,2017,-3.899999999999636
2017-03-17,9837.83,9848.79,9908.69,9873.08,9835.51,10.960000000000946,59.899999999999636,70.86000000000058,-0.0018314836012541802,2017,70.86000000000058
2017-03-22,9972.49,9895.9,9922.66,9972.49,9843.07,-76.59000000000015,26.76000000000022,-49.82999999999993,-0.023580199349988673,2017,-76.59000000000015
2017-03-23,9922.66,9917.82,9930.74,9945.24,9897.45,-4.8400000000001455,12.920000000000073,8.079999999999927,0.011047935088322802,2017,8.079999999999927
2017-03-24,9930.74,9911.75,9902.98,9932.68,9903.29,-18.98999999999978,-8.770000000000437,-27.76000000000022,-0.0024916444853603226,2017,-27.76000000000022
2017-03-30,9856.25,9855.59,9848.15,9878.62,9842.69,-0.6599999999998545,-7.440000000000509,-8.100000000000364,-0.0024579521690436534,2017,-8.100000000000364
2017-04-05,9811.52,9914.55,9949.48,9924.78,9811.52,103.02999999999884,34.93000000000029,137.95999999999913,-0.005289321932789748,2017,137.95999999999913
2017-04-06,9949.48,9908.63,9897.8,9949.48,9894.57,-40.850000000000364,-10.829999999999927,-51.68000000000029,-0.0069466656005118255,2017,-51.68000000000029
2017-04-11,9882.54,9877.63,9832.42,9896.59,9871.33,-4.9100000000016735,-45.20999999999913,-50.1200000000008,-0.007735027768049241,2017,-50.1200000000008
2017-04-12,9832.42,9802.66,9817.68,9837.19,9789.59,-29.76000000000022,15.020000000000437,-14.739999999999782,-0.008349972771827918,2017,-14.739999999999782
2017-04-13,9817.68,9855.51,9836.68,9868.45,9800.8,37.82999999999993,-18.829999999999927,19.0,-0.01707446051213224,2017,-19.0
2017-04-14,9836.68,9783.22,9732.93,9836.68,9756.69,-53.460000000000946,-50.289999999999054,-103.75,-0.006766333867880614,2017,-103.75
2017-04-17,9732.93,9698.06,9716.4,9762.47,9691.63,-34.8700000000008,18.340000000000146,-16.530000000000655,-0.006766333867880614,2017,-16.530000000000655
2017-04-18,9716.4,9743.01,9746.56,9771.07,9716.4,26.610000000000582,3.5499999999992724,30.159999999999854,0.013072780491869773,2017,30.159999999999854
2017-04-21,9632.69,9693.88,9717.41,9709.08,9632.69,61.18999999999869,23.530000000000655,84.71999999999935,0.01578331042207637,2017,84.71999999999935
2017-04-24,9717.41,9712.31,9717.95,9772.96,9705.21,-5.100000000000364,5.640000000001237,0.5400000000008731,-0.004621322239486636,2017,0.5400000000008731
2017-04-25,9717.95,9773.58,9841.71,9780.84,9717.95,55.6299999999992,68.1299999999992,123.7599999999984,0.0149656575422481,2017,123.7599999999984
2017-04-27,9856.45,9843.2,9860.62,9859.45,9837.8,-13.25,17.420000000000073,4.170000000000073,-0.00849863923522065,2017,4.170000000000073
2017-04-28,9860.62,9872.36,9872.0,9897.04,9859.32,11.739999999999782,-0.3600000000005821,11.3799999999992,0.014001744024733531,2017,11.3799999999992
2017-05-03,9941.27,9972.23,9955.33,9976.2,9941.27,30.959999999999127,-16.899999999999636,14.05999999999949,-0.010645736289059737,2017,-14.05999999999949
2017-05-05,9967.64,9928.21,9899.94,9967.64,9920.26,-39.43000000000029,-28.269999999998618,-67.69999999999891,-0.0012102574277068623,2017,-67.69999999999891
2017-05-09,9937.25,9998.15,9915.48,9999.69,9937.25,60.899999999999636,-82.67000000000007,-21.770000000000437,-0.0038277795911100254,2017,-21.770000000000437
2017-05-10,9915.48,9959.9,9968.32,9971.98,9915.48,44.42000000000007,8.420000000000073,52.840000000000146,0.010266491917868104,2017,52.840000000000146
2017-05-11,9968.32,9985.12,10001.48,9989.74,9964.3,16.80000000000109,16.359999999998763,33.159999999999854,0.021051597051597204,2017,-16.359999999998763
2017-05-16,10036.82,10022.65,10031.49,10058.59,10019.03,-14.170000000000073,8.840000000000146,-5.329999999999927,0.015125712754965326,2017,-5.329999999999927
2017-05-17,10031.49,9989.48,10013.67,10031.49,9983.44,-42.01000000000022,24.19000000000051,-17.81999999999971,0.014890909947693265,2017,-17.81999999999971
2017-05-18,10013.67,9946.58,9969.45,10013.67,9895.65,-67.09000000000015,22.8700000000008,-44.219999999999345,-0.04366439151228119,2017,-67.09000000000015
2017-05-19,9969.45,9957.43,9947.62,9979.73,9947.14,-12.020000000000437,-9.80999999999949,-21.829999999999927,0.01889632269403685,2017,-21.829999999999927
2017-05-22,9947.62,9979.08,9997.26,9987.79,9947.62,31.459999999999127,18.18000000000029,49.63999999999942,0.010940731351675836,2017,49.63999999999942
2017-05-23,9997.26,10016.73,10007.84,10038.2,9992.58,19.469999999999345,-8.889999999999418,10.579999999999927,0.010869462748757996,2017,10.579999999999927
2017-05-24,10007.84,10031.17,10044.42,10044.99,10007.84,23.329999999999927,13.25,36.57999999999993,-0.0040660262986104145,2017,36.57999999999993
2017-06-01,10040.72,10088.11,10087.42,10100.37,10040.72,47.39000000000124,-0.6900000000005093,46.70000000000073,-2.7486371340867954e-05,2017,46.70000000000073
2017-06-09,10225.78,10238.54,10199.65,10268.37,10225.78,12.760000000000218,-38.89000000000124,-26.13000000000102,0.01783957793078783,2017,-26.13000000000102
2017-06-12,10199.65,10145.12,10109.96,10199.65,10114.94,-54.529999999998836,-35.16000000000167,-89.69000000000051,-0.04234570612782784,2017,-54.529999999998836
2017-06-13,10109.96,10129.27,10128.15,10142.2,10109.7,19.31000000000131,-1.1200000000008004,18.19000000000051,-0.0051465529104168795,2017,18.19000000000051
2017-06-15,10072.46,10056.4,10088.35,10089.07,10046.8,-16.05999999999949,31.950000000000728,15.890000000001237,-0.010564896687588754,2017,-15.890000000001237
2017-06-16,10088.35,10092.44,10156.73,10097.47,10073.12,4.0900000000001455,64.28999999999905,68.3799999999992,-0.008390287270100494,2017,68.3799999999992
2017-06-19,10156.73,10210.15,10250.6,10223.09,10156.73,53.42000000000007,40.45000000000073,93.8700000000008,-0.003296723822331815,2017,93.8700000000008
2017-06-20,10250.6,10323.4,10324.46,10327.25,10250.6,72.79999999999927,1.0599999999994907,73.85999999999876,0.019386636432634052,2017,73.85999999999876
2017-06-21,10324.46,10321.29,10349.72,10324.47,10274.75,-3.1699999999982538,28.429999999998472,25.26000000000022,-0.01198617545407743,2017,-25.26000000000022
2017-06-22,10349.72,10374.41,10399.06,10397.04,10349.72,24.69000000000051,24.649999999999636,49.340000000000146,0.011666418576957494,2017,49.340000000000146
2017-06-23,10399.06,10381.14,10377.7,10422.33,10379.11,-17.920000000000073,-3.4399999999986903,-21.359999999998763,-0.002262235382832767,2017,-21.359999999998763
2017-06-27,10513.96,10511.92,10512.06,10545.7,10489.1,-2.039999999999054,0.13999999999941792,-1.8999999999996362,-0.009701602234308382,2017,-1.8999999999996362
2017-06-28,10512.06,10436.08,10390.55,10512.06,10417.18,-75.97999999999956,-45.530000000000655,-121.51000000000022,-0.027144871604571796,2017,-75.97999999999956
2017-06-29,10390.55,10445.93,10421.65,10476.51,10390.55,55.38000000000102,-24.280000000000655,31.100000000000364,0.017660633570461437,2017,31.100000000000364
2017-06-30,10421.65,10379.64,10395.07,10421.65,10329.84,-42.01000000000022,15.430000000000291,-26.579999999999927,-0.02507543244813437,2017,-42.01000000000022
2017-07-03,10395.07,10395.18,10412.79,10402.96,10368.99,0.11000000000058208,17.610000000000582,17.720000000001164,-0.005295938178812354,2017,17.720000000001164
2017-07-04,10412.79,10406.91,10347.78,10413.92,10385.56,-5.880000000001019,-59.1299999999992,-65.01000000000022,-0.013914253413340405,2017,65.01000000000022
2017-07-05,10347.78,10312.39,10404.79,10368.49,10306.08,-35.39000000000124,92.40000000000146,57.01000000000022,-0.013914253413340405,2017,-57.01000000000022
2017-07-06,10404.79,10342.49,10368.2,10404.79,10341.28,-62.30000000000109,25.710000000000946,-36.590000000000146,0.020842519916512314,2017,-25.710000000000946
2017-07-07,10368.2,10323.97,10297.25,10368.2,10301.69,-44.23000000000138,-26.719999999999345,-70.95000000000073,-0.004540306014705564,2017,-70.95000000000073
2017-07-10,10297.25,10285.94,10289.91,10331.11,10284.36,-11.30999999999949,3.969999999999345,-7.3400000000001455,0.01721228484643955,2017,-7.3400000000001455
2017-07-11,10289.91,10368.83,10415.57,10373.9,10289.91,78.92000000000007,46.73999999999978,125.65999999999985,0.011565077258507639,2017,125.65999999999985
2017-07-13,10420.68,10443.97,10460.15,10458.5,10418.74,23.289999999999054,16.18000000000029,39.469999999999345,0.016216919901061777,2017,39.469999999999345
2017-07-14,10460.15,10451.08,10443.91,10460.15,10423.4,-9.069999999999709,-7.170000000000073,-16.23999999999978,-0.0024980326848816903,2017,-16.23999999999978
2017-07-17,10443.91,10463.43,10457.54,10490.05,10443.91,19.520000000000437,-5.889999999999418,13.630000000001019,0.013016796161925415,2017,13.630000000001019
2017-07-18,10457.54,10452.27,10481.26,10464.24,10429.85,-5.270000000000437,28.98999999999978,23.719999999999345,-0.004319400173862675,2017,23.719999999999345
2017-07-24,10436.7,10438.94,10461.28,10443.8,10406.81,2.2399999999997817,22.340000000000146,24.579999999999927,-0.00813168311511514,2017,24.579999999999927
2017-07-25,10461.28,10449.15,10463.15,10473.98,10443.51,-12.130000000001019,14.0,1.8699999999989814,-0.004090145728370964,2017,1.8699999999989814
2017-07-26,10463.15,10467.92,10419.11,10500.11,10463.15,4.770000000000437,-48.80999999999949,-44.039999999999054,-0.0003807762395626746,2017,-44.039999999999054
2017-07-27,10419.11,10481.18,10508.37,10492.98,10419.11,62.06999999999971,27.19000000000051,89.26000000000022,0.011572751430722228,2017,89.26000000000022
2017-07-28,10508.37,10457.12,10423.05,10508.37,10446.41,-51.25,-34.07000000000153,-85.32000000000153,-0.01621015824629035,2017,85.32000000000153
2017-07-31,10423.05,10401.59,10427.33,10423.05,10366.17,-21.459999999999127,25.73999999999978,4.280000000000655,-0.0039005896452103395,2017,4.280000000000655
2017-08-01,10427.33,10452.19,10437.29,10452.34,10408.53,24.860000000000582,-14.899999999999636,9.960000000000946,-0.007172984199306454,2017,9.960000000000946
2017-08-03,10519.27,10460.8,10469.88,10519.27,10427.72,-58.470000000001164,9.079999999999927,-49.39000000000124,-0.006571169338209115,2017,-49.39000000000124
2017-08-04,10469.88,10481.41,10506.56,10489.37,10466.25,11.530000000000655,25.149999999999636,36.68000000000029,-0.004760323259160981,2017,36.68000000000029
2017-08-08,10579.38,10545.14,10568.97,10619.42,10533.72,-34.23999999999978,23.829999999999927,-10.409999999999854,0.01741627680763358,2017,-10.409999999999854
2017-08-09,10568.97,10525.15,10470.38,10568.97,10502.71,-43.81999999999971,-54.77000000000044,-98.59000000000015,-0.004079216936034635,2017,-98.59000000000015
2017-08-10,10470.38,10353.92,10329.74,10477.79,10354.6,-116.45999999999913,-24.18000000000029,-140.63999999999942,-0.002998802307614956,2017,-140.63999999999942
2017-08-11,10329.74,10321.31,10329.57,10329.74,10238.5,-8.430000000000291,8.260000000000218,-0.17000000000007276,-0.02794156755220134,2017,-8.430000000000291
2017-08-15,10225.28,10289.44,10311.16,10336.22,10225.28,64.15999999999985,21.719999999999345,85.8799999999992,0.025810808275965602,2017,-21.719999999999345
2017-08-18,10369.37,10293.79,10321.33,10369.37,10259.83,-75.57999999999993,27.539999999999054,-48.04000000000087,-0.025836239948272777,2017,-75.57999999999993
2017-08-22,10326.39,10385.12,10392.07,10410.47,10326.39,58.73000000000138,6.949999999998909,65.68000000000029,-0.006875705529485465,2017,65.68000000000029
2017-08-23,10392.07,10427.6,10406.81,10458.91,10392.07,35.530000000000655,-20.790000000000873,14.739999999999782,0.01608236576109423,2017,14.739999999999782
2017-08-25,10488.96,10511.47,10515.51,10514.76,10478.72,22.51000000000022,4.040000000000873,26.55000000000109,-0.00044182214817611865,2017,26.55000000000109
2017-08-28,10515.51,10524.94,10525.98,10542.37,10502.8,9.430000000000291,1.0399999999990541,10.469999999999345,-0.005000322304384297,2017,10.469999999999345
2017-08-31,10569.4,10588.28,10585.78,10609.48,10569.4,18.88000000000102,-2.5,16.38000000000102,0.01735707833268818,2017,16.38000000000102
2017-09-06,10617.84,10581.9,10547.86,10617.84,10559.49,-35.94000000000051,-34.039999999999054,-69.97999999999956,-0.014035056372505017,2017,69.97999999999956
2017-09-11,10609.95,10588.6,10572.16,10656.25,10586.15,-21.350000000000364,-16.44000000000051,-37.79000000000087,-0.012507450286271538,2017,37.79000000000087
2017-09-12,10572.16,10618.78,10610.35,10646.55,10572.16,46.6200000000008,-8.430000000000291,38.19000000000051,0.02009163321109475,2017,8.430000000000291
2017-09-18,10580.41,10597.56,10631.57,10614.08,10580.41,17.149999999999636,34.01000000000022,51.159999999999854,0.017083252026751428,2017,51.159999999999854
2017-09-19,10631.57,10629.12,10576.14,10664.18,10617.69,-2.4499999999989086,-52.98000000000138,-55.43000000000029,0.012401018592807178,2017,-55.43000000000029
2017-09-21,10519.17,10570.83,10578.44,10572.37,10493.95,51.659999999999854,7.610000000000582,59.27000000000044,-0.01406032721591799,2017,-59.27000000000044
2017-09-22,10578.44,10515.05,10449.68,10579.02,10500.19,-63.39000000000124,-65.36999999999898,-128.76000000000022,-0.004118056764757072,2017,-128.76000000000022
2017-09-26,10335.89,10353.11,10257.02,10374.54,10323.8,17.220000000001164,-96.09000000000015,-78.86999999999898,-0.019702676606442204,2017,78.86999999999898
2017-09-27,10257.02,10348.28,10326.68,10349.46,10257.02,91.26000000000022,-21.600000000000364,69.65999999999985,-0.0004791736915895628,2017,69.65999999999985
2017-09-28,10326.68,10320.47,10296.45,10365.59,10309.58,-6.210000000000946,-24.019999999998618,-30.229999999999563,0.023615056818181657,2017,24.019999999998618
2017-10-13,10711.44,10691.68,10724.09,10712.48,10676.44,-19.76000000000022,32.409999999999854,12.649999999999636,-0.0033657288160700016,2017,12.649999999999636
2017-10-18,10723.15,10703.26,10720.28,10790.31,10703.12,-19.889999999999418,17.020000000000437,-2.8699999999989814,-0.0007102098792644007,2017,-2.8699999999989814
2017-10-20,10760.29,10741.44,10728.88,10760.29,10702.56,-18.850000000000364,-12.56000000000131,-31.410000000001673,-0.0025322433559146207,2017,-31.410000000001673
2017-10-26,10750.57,10742.58,10734.76,10750.57,10716.52,-7.989999999999782,-7.819999999999709,-15.80999999999949,-0.012935810756556365,2017,15.80999999999949
2017-10-30,10709.11,10764.97,10756.87,10842.25,10709.11,55.85999999999876,-8.099999999998545,47.76000000000022,0.021438445308521237,2017,8.099999999998545
2017-11-02,10806.36,10804.36,10788.51,10816.38,10793.49,-2.0,-15.850000000000364,-17.850000000000364,-0.0032141485250193336,2017,-17.850000000000364
2017-11-06,10800.77,10791.54,10786.19,10858.5,10783.35,-9.229999999999563,-5.350000000000364,-14.579999999999927,0.017716504611145156,2017,-14.579999999999927
2017-11-07,10786.19,10829.19,10840.34,10834.59,10786.19,43.0,11.149999999999636,54.149999999999636,0.013361846811849487,2017,54.149999999999636
2017-11-08,10840.34,10826.04,10818.99,10840.84,10813.31,-14.299999999999272,-7.050000000001091,-21.350000000000364,-0.0005996933213900935,2017,-21.350000000000364
2017-11-10,10743.27,10697.34,10732.67,10743.27,10659.29,-45.93000000000029,35.32999999999993,-10.600000000000364,-0.020035878376844063,2017,-45.93000000000029
2017-11-15,10687.18,10650.32,10630.65,10687.18,10622.97,-36.86000000000058,-19.670000000000073,-56.530000000000655,-0.001209263879747069,2017,-56.530000000000655
2017-11-16,10630.65,10637.87,10625.04,10650.97,10609.23,7.220000000001164,-12.829999999999927,-5.609999999998763,-0.009042145593869733,2017,-5.609999999998763
2017-11-17,10625.04,10712.47,10701.64,10729.45,10625.04,87.42999999999847,-10.829999999999927,76.59999999999854,0.015395917104856105,2017,76.59999999999854
2017-11-20,10701.64,10696.59,10664.55,10728.39,10692.52,-5.049999999999272,-32.04000000000087,-37.090000000000146,-0.00470638408054147,2017,-37.090000000000146
2017-11-21,10664.55,10723.35,10779.24,10728.83,10664.55,58.80000000000109,55.88999999999942,114.69000000000051,0.012150612504112646,2017,114.69000000000051
2017-11-22,10779.24,10847.5,10822.59,10851.75,10779.24,68.26000000000022,-24.909999999999854,43.350000000000364,0.011422653291100149,2017,43.350000000000364
2017-11-23,10822.59,10848.86,10854.57,10856.68,10809.09,26.270000000000437,5.709999999999127,31.979999999999563,-0.00659232241090657,2017,31.979999999999563
2017-11-24,10854.57,10861.49,10854.09,10868.58,10833.78,6.920000000000073,-7.399999999999636,-0.47999999999956344,-0.00659232241090657,2017,-0.47999999999956344
2017-11-28,10750.93,10725.43,10707.07,10752.58,10698.7,-25.5,-18.360000000000582,-43.86000000000058,-0.013073064567821202,2017,43.86000000000058
2017-11-29,10707.07,10728.2,10713.55,10762.91,10707.07,21.13000000000102,-14.650000000001455,6.479999999999563,-0.000808065551485937,2017,6.479999999999563
2017-11-30,10713.55,10625.79,10560.44,10713.55,10600.58,-87.7599999999984,-65.35000000000036,-153.10999999999876,-0.04389001420926919,2017,-87.7599999999984
2017-12-04,10600.37,10604.11,10651.11,10644.84,10565.68,3.7399999999997817,47.0,50.73999999999978,-0.010922949982318908,2017,-50.73999999999978
2017-12-05,10651.11,10612.82,10566.85,10651.11,10568.86,-38.29000000000087,-45.969999999999345,-84.26000000000022,-0.02447066301195744,2017,-38.29000000000087
2017-12-11,10398.62,10461.51,10473.09,10483.42,10398.62,62.88999999999942,11.579999999999927,74.46999999999935,-0.005046122199723557,2017,74.46999999999935
2017-12-13,10443.28,10452.61,10470.7,10489.17,10443.28,9.329999999999927,18.090000000000146,27.420000000000073,-0.009955201592832141,2017,27.420000000000073
2017-12-14,10470.7,10559.22,10538.01,10577.53,10470.7,88.51999999999862,-21.209999999999127,67.30999999999949,-0.00011352762775918013,2017,67.30999999999949
2017-12-15,10538.01,10475.55,10491.44,10538.01,10446.03,-62.460000000000946,15.890000000001237,-46.56999999999971,-0.0004947122558878192,2017,-46.56999999999971
2017-12-18,10491.44,10504.53,10506.52,10511.91,10472.39,13.090000000000146,1.9899999999997817,15.079999999999927,0.014978538334834424,2017,15.079999999999927
2017-12-19,10506.52,10513.37,10467.34,10544.0,10506.52,6.850000000000364,-46.030000000000655,-39.18000000000029,0.02160062035830479,2017,46.030000000000655
2017-12-20,10467.34,10488.15,10504.52,10510.77,10467.34,20.80999999999949,16.3700000000008,37.18000000000029,-0.0010877135322520104,2017,37.18000000000029
2017-12-22,10488.97,10498.17,10537.27,10526.47,10487.18,9.200000000000728,39.100000000000364,48.30000000000109,-0.01060337316405291,2017,-48.30000000000109
2017-12-25,10537.27,10534.38,10522.49,10556.65,10522.67,-2.890000000001237,-11.889999999999418,-14.780000000000655,-0.0005032198205705551,2017,-14.780000000000655
2017-12-26,10522.49,10477.85,10421.91,10528.92,10464.96,-44.63999999999942,-55.94000000000051,-100.57999999999993,-0.0005032198205705551,2017,-100.57999999999993
2017-12-27,10421.91,10456.12,10486.67,10478.9,10419.81,34.210000000000946,30.549999999999272,64.76000000000022,-0.009668258376141603,2017,64.76000000000022
2018-01-02,10642.86,10662.3,10710.73,10676.73,10642.86,19.43999999999869,48.43000000000029,67.86999999999898,-0.010463555239674682,2018,-67.86999999999898
2018-01-03,10710.73,10800.25,10801.57,10813.16,10710.73,89.52000000000044,1.319999999999709,90.84000000000015,0.027652527832089824,2018,-1.319999999999709
2018-01-04,10801.57,10828.01,10848.63,10853.46,10794.25,26.44000000000051,20.61999999999898,47.05999999999949,0.01720897724625292,2018,47.05999999999949
2018-01-10,10914.89,10882.49,10831.09,10934.75,10868.13,-32.399999999999636,-51.399999999999636,-83.79999999999927,-0.009711427587343002,2018,-83.79999999999927
2018-01-11,10831.09,10796.62,10810.06,10844.08,10785.06,-34.469999999999345,13.43999999999869,-21.030000000000655,-0.012362294623346926,2018,21.030000000000655
2018-01-18,11004.8,11075.5,11071.57,11100.45,11004.8,70.70000000000073,-3.930000000000291,66.77000000000044,0.02889959803012121,2018,3.930000000000291
2018-01-25,11152.16,11224.82,11165.95,11268.61,11137.73,72.65999999999985,-58.86999999999898,13.790000000000873,-0.023103542351707862,2018,72.65999999999985
2018-01-26,11165.95,11112.72,11147.1,11165.95,11089.48,-53.23000000000138,34.38000000000102,-18.850000000000364,-0.01694740864861699,2018,18.850000000000364
2018-01-29,11147.1,11199.52,11221.81,11246.18,11147.1,52.42000000000007,22.289999999999054,74.70999999999913,0.03263258623525367,2018,-22.289999999999054
2018-01-30,11221.81,11171.48,11076.78,11221.81,11148.24,-50.32999999999993,-94.69999999999891,-145.02999999999884,-0.002063318540183934,2018,-145.02999999999884
2018-01-31,11076.78,11058.89,11103.79,11081.81,11007.89,-17.890000000001237,44.900000000001455,27.01000000000022,-0.020298602748073935,2018,-17.890000000001237
2018-02-02,11160.25,11105.75,11126.23,11160.25,11070.43,-54.5,20.479999999999563,-34.02000000000044,-0.004722732280572961,2018,-34.02000000000044
2018-02-05,11126.23,10886.84,10946.25,11126.23,10855.43,-239.38999999999942,59.409999999999854,-179.97999999999956,-0.027371279712487095,2018,-239.38999999999942
2018-02-06,10946.25,10438.52,10404.0,10946.25,10437.01,-507.72999999999956,-34.52000000000044,-542.25,-0.047170670268137704,2018,-507.72999999999956
2018-02-07,10404.0,10657.46,10551.54,10666.99,10404.0,253.45999999999913,-105.91999999999825,147.54000000000087,0.0365103001250191,2018,105.91999999999825
2018-02-08,10551.54,10555.08,10528.52,10609.5,10527.62,3.539999999999054,-26.55999999999949,-23.020000000000437,-0.022402163391361807,2018,3.539999999999054
2018-02-09,10528.52,10245.9,10371.75,10528.52,10189.04,-282.6200000000008,125.85000000000036,-156.77000000000044,-0.04231041257367385,2018,-282.6200000000008
2018-02-12,10371.75,10453.83,10421.09,10469.37,10371.75,82.07999999999993,-32.73999999999978,49.340000000000146,0.030484302430538346,2018,32.73999999999978
2018-02-21,10421.09,10659.33,10714.44,10667.8,10421.09,238.23999999999978,55.11000000000058,293.35000000000036,0.017605740639601963,2018,293.35000000000036
2018-02-22,10714.44,10640.82,10662.38,10714.44,10620.8,-73.6200000000008,21.55999999999949,-52.06000000000131,-0.012060855888425981,2018,52.06000000000131
2018-02-23,10662.38,10759.82,10794.55,10772.67,10662.38,97.44000000000051,34.72999999999956,132.17000000000007,-0.0024597276191195006,2018,132.17000000000007
2018-02-26,10794.55,10852.65,10836.7,10890.69,10794.55,58.100000000000364,-15.949999999998909,42.150000000001455,0.021934966605904327,2018,15.949999999998909
2018-02-27,10836.7,10878.36,10815.47,10937.9,10836.7,41.659999999999854,-62.89000000000124,-21.230000000001382,0.02159737693269892,2018,62.89000000000124
2018-03-01,10815.47,10761.46,10785.79,10815.47,10709.69,-54.01000000000022,24.330000000001746,-29.679999999998472,-0.009238244878957191,2018,-29.679999999998472
2018-03-02,10785.79,10692.25,10698.17,10785.79,10638.98,-93.54000000000087,5.920000000000073,-87.6200000000008,-0.016064374972467266,2018,87.6200000000008
2018-03-05,10698.17,10732.85,10642.9,10756.37,10698.17,34.68000000000029,-89.95000000000073,-55.27000000000044,0.017639948065127475,2018,-55.27000000000044
2018-03-07,10784.34,10808.98,10745.32,10809.87,10746.72,24.639999999999418,-63.659999999999854,-39.02000000000044,0.01497972177401774,2018,-39.02000000000044
2018-03-12,10864.82,10986.63,11002.1,10995.16,10864.82,121.80999999999949,15.470000000001164,137.28000000000065,0.02076245497664142,2018,-15.470000000001164
2018-03-13,11002.1,11061.66,11095.63,11073.53,11002.1,59.55999999999949,33.969999999999345,93.52999999999884,0.010299337600268244,2018,93.52999999999884
2018-03-14,11095.63,11057.3,11038.8,11095.63,11030.08,-38.32999999999993,-18.5,-56.82999999999993,-0.015519745487239778,2018,56.82999999999993
2018-03-16,11018.45,10965.43,11027.7,11027.89,10956.19,-53.02000000000044,62.27000000000044,9.25,-0.001004566210045743,2018,9.25
2018-03-20,11046.9,11004.49,11010.84,11046.9,10981.04,-42.409999999999854,6.350000000000364,-36.05999999999949,-0.019486271036315395,2018,36.05999999999949
2018-03-23,11005.84,10844.61,10823.33,11005.84,10758.06,-161.22999999999956,-21.280000000000655,-182.51000000000022,-0.027699257091720053,2018,-161.22999999999956
2018-03-26,10823.33,10813.59,10840.05,10831.82,10781.43,-9.739999999999782,26.459999999999127,16.719999999999345,-0.032915017019971016,2018,-9.739999999999782
2018-03-27,10840.05,10949.95,10986.79,10963.56,10840.05,109.90000000000146,36.840000000000146,146.7400000000016,0.04243458819264001,2018,-36.840000000000146
2018-03-28,10986.79,10919.39,10865.66,10986.79,10888.84,-67.40000000000146,-53.72999999999956,-121.13000000000102,-0.03779436272733849,2018,-67.40000000000146
2018-03-29,10865.66,10838.39,10845.92,10885.6,10836.58,-27.270000000000437,7.530000000000655,-19.73999999999978,-0.021175655526605164,2018,-27.270000000000437
2018-03-30,10845.92,10944.08,10906.22,10946.37,10845.92,98.15999999999985,-37.86000000000058,60.29999999999927,0.022372328476250702,2018,37.86000000000058
2018-03-31,10906.22,10933.3,10919.49,10947.16,10906.22,27.079999999999927,-13.80999999999949,13.270000000000437,0.022372328476250702,2018,13.80999999999949
2018-04-02,10919.49,10951.91,10888.27,10969.88,10919.49,32.42000000000007,-63.63999999999942,-31.219999999999345,0.022372328476250702,2018,63.63999999999942
2018-04-03,10888.27,10797.72,10821.53,10888.27,10775.45,-90.55000000000109,23.81000000000131,-66.73999999999978,-0.03904733238016411,2018,-90.55000000000109
2018-04-09,10821.53,10853.0,10893.53,10902.51,10821.53,31.469999999999345,40.530000000000655,72.0,-0.030638043578192553,2018,31.469999999999345
2018-04-11,10927.18,10990.95,10974.02,11016.35,10927.18,63.77000000000044,-16.93000000000029,46.840000000000146,0.03198304286387188,2018,16.93000000000029
2018-04-13,10955.29,10985.62,10965.39,10988.23,10955.29,30.329999999999927,-20.230000000001382,10.099999999998545,0.018706370811978346,2018,10.099999999998545
2018-04-16,10965.39,10941.39,10954.55,10974.94,10921.17,-24.0,13.159999999999854,-10.840000000000146,-0.007658659659913747,2018,-10.840000000000146
2018-04-18,10810.45,10882.89,10847.89,10917.6,10810.45,72.43999999999869,-35.0,37.43999999999869,0.0189115360369827,2018,37.43999999999869
2018-04-19,10847.89,10944.03,10971.22,10950.45,10847.89,96.14000000000124,27.18999999999869,123.32999999999993,-0.01026721268008135,2018,-123.32999999999993
2018-04-20,10971.22,10813.05,10779.38,10971.22,10776.41,-158.17000000000007,-33.67000000000007,-191.84000000000015,-0.04308741014154094,2018,-158.17000000000007
2018-04-23,10779.38,10746.91,10697.13,10779.38,10717.4,-32.469999999999345,-49.780000000000655,-82.25,-0.011704047033938014,2018,82.25
2018-04-24,10697.13,10626.57,10579.5,10697.13,10540.15,-70.55999999999949,-47.06999999999971,-117.6299999999992,-0.013259051171281677,2018,117.6299999999992
2018-04-25,10579.5,10518.78,10559.97,10579.5,10489.81,-60.719999999999345,41.18999999999869,-19.530000000000655,-0.008221821719644584,2018,-19.530000000000655
2018-04-26,10559.97,10571.55,10488.58,10618.68,10559.97,11.579999999999927,-82.96999999999935,-71.38999999999942,-0.0011900262931485717,2018,-71.38999999999942
2018-04-27,10488.58,10516.05,10553.43,10573.61,10488.58,27.469999999999345,37.38000000000102,64.85000000000036,0.020946876081758825,2018,-37.38000000000102
2018-04-30,10553.43,10594.29,10657.88,10594.6,10539.63,40.86000000000058,63.58999999999833,104.44999999999891,-0.007963980728743825,2018,104.44999999999891
2018-05-02,10657.88,10654.03,10618.81,10683.9,10627.3,-3.849999999998545,-35.220000000001164,-39.06999999999971,0.01730954676952745,2018,-39.06999999999971
2018-05-03,10618.81,10541.61,10514.18,10618.81,10530.15,-77.19999999999891,-27.43000000000029,-104.6299999999992,-0.005150323080082786,2018,-104.6299999999992
2018-05-07,10529.37,10575.3,10604.91,10632.37,10529.37,45.92999999999847,29.610000000000582,75.53999999999905,0.02310957520671586,2018,-29.610000000000582
2018-05-10,10703.35,10767.22,10760.21,10782.06,10703.35,63.86999999999898,-7.010000000000218,56.85999999999876,0.014157600036418305,2018,56.85999999999876
2018-05-11,10760.21,10856.57,10858.98,10868.19,10760.21,96.36000000000058,2.4099999999998545,98.77000000000044,0.017984858006403925,2018,98.77000000000044
2018-05-14,10858.98,10935.26,10952.39,10953.74,10858.98,76.28000000000065,17.1299999999992,93.40999999999985,-0.007540125815744592,2018,93.40999999999985
2018-05-15,10952.39,10919.89,10874.73,10978.38,10905.35,-32.5,-45.159999999999854,-77.65999999999985,0.012617922781866797,2018,-77.65999999999985
2018-05-16,10874.73,10884.64,10897.57,10915.74,10868.81,9.909999999999854,12.930000000000291,22.840000000000146,-0.011992687385740441,2018,-22.840000000000146
2018-05-17,10897.57,10879.78,10833.81,10938.63,10877.55,-17.789999999999054,-45.970000000001164,-63.76000000000022,0.014062615646510235,2018,-63.76000000000022
2018-05-18,10833.81,10839.88,10830.84,10893.35,10826.78,6.069999999999709,-9.039999999999054,-2.969999999999345,-0.0038172396175462087,2018,-2.969999999999345
2018-05-21,10830.84,10946.33,10966.2,10950.92,10830.84,115.48999999999978,19.8700000000008,135.36000000000058,-0.0144116289463464,2018,-135.36000000000058
2018-05-22,10966.2,10990.79,10938.73,11034.12,10966.2,24.590000000000146,-52.06000000000131,-27.470000000001164,0.010511448111804933,2018,-27.470000000001164
2018-05-30,10964.12,10846.65,10821.17,10964.12,10834.79,-117.47000000000116,-25.479999999999563,-142.95000000000073,-0.007132380431969065,2018,-142.95000000000073
2018-06-01,10874.96,10915.69,10949.08,10932.0,10874.96,40.73000000000138,33.38999999999942,74.1200000000008,-0.007849429099725969,2018,74.1200000000008
2018-06-04,10949.08,11073.24,11109.5,11077.21,10949.08,124.15999999999985,36.26000000000022,160.42000000000007,0.023430021754894836,2018,-36.26000000000022
2018-06-08,11251.75,11190.36,11156.42,11251.75,11187.39,-61.38999999999942,-33.94000000000051,-95.32999999999993,-0.009457974602556485,2018,-95.32999999999993
2018-06-11,11156.42,11133.86,11149.23,11186.67,11126.56,-22.55999999999949,15.369999999998981,-7.190000000000509,-0.008460058693851136,2018,-7.190000000000509
2018-06-12,11149.23,11140.5,11144.79,11160.05,11118.76,-8.729999999999563,4.290000000000873,-4.43999999999869,-0.0023366305787054786,2018,-4.43999999999869
2018-06-14,11173.21,11120.01,11013.98,11173.21,11091.95,-53.19999999999891,-106.03000000000065,-159.22999999999956,-0.0013343970855071996,2018,-159.22999999999956
2018-06-19,11087.47,10934.56,10904.19,11087.47,10926.04,-152.90999999999985,-30.36999999999898,-183.27999999999884,-0.009936429355011045,2018,-183.27999999999884
2018-06-20,10904.19,10883.22,10927.44,10919.96,10842.56,-20.970000000001164,44.220000000001164,23.25,-0.01159875276118516,2018,-23.25
2018-06-22,10941.07,10869.97,10899.28,10941.07,10828.86,-71.10000000000036,29.31000000000131,-41.789999999999054,-0.012576862576862524,2018,41.789999999999054
2018-06-25,10899.28,10832.33,10786.46,10899.28,10816.61,-66.95000000000073,-45.8700000000008,-112.82000000000153,-0.0072483182598243046,2018,-112.82000000000153
2018-06-26,10786.46,10698.22,10742.17,10786.46,10691.75,-88.23999999999978,43.95000000000073,-44.289999999999054,-0.03133479212253831,2018,-88.23999999999978
2018-06-28,10701.03,10654.24,10654.28,10701.03,10633.01,-46.79000000000087,0.040000000000873115,-46.75,-0.024666266686665717,2018,-46.79000000000087
2018-07-04,10715.72,10728.98,10721.87,10752.05,10702.47,13.260000000000218,-7.109999999998763,6.150000000001455,-0.01823257502969411,2018,-6.150000000001455
2018-07-05,10721.87,10676.86,10611.81,10721.87,10657.56,-45.01000000000022,-65.05000000000109,-110.06000000000131,-0.01823257502969411,2018,110.06000000000131
2018-07-06,10611.81,10611.86,10608.57,10665.72,10600.86,0.050000000001091394,-3.290000000000873,-3.2399999999997817,0.027163233696280376,2018,3.290000000000873
2018-07-09,10608.57,10712.75,10720.28,10719.8,10608.57,104.18000000000029,7.530000000000655,111.71000000000095,0.012175909254591222,2018,111.71000000000095
2018-07-11,10756.89,10667.15,10676.84,10756.89,10635.03,-89.73999999999978,9.69000000000051,-80.04999999999927,0.010471049976804592,2018,-80.04999999999927
2018-07-12,10676.84,10713.28,10738.38,10710.67,10643.65,36.44000000000051,25.099999999998545,61.539999999999054,-0.025899070869010776,2018,36.44000000000051
2018-07-16,10864.54,10858.99,10817.45,10890.2,10856.18,-5.550000000001091,-41.539999999999054,-47.090000000000146,-0.003989006091219771,2018,-47.090000000000146
2018-07-17,10817.45,10771.64,10778.99,10818.84,10767.46,-45.81000000000131,7.350000000000364,-38.460000000000946,-0.0011858326558922272,2018,-38.460000000000946
2018-07-18,10778.99,10835.41,10842.46,10842.01,10778.99,56.42000000000007,7.049999999999272,63.469999999999345,0.0147471700367372,2018,63.469999999999345
2018-07-20,10835.38,10909.89,10932.11,10963.95,10835.38,74.51000000000022,22.220000000001164,96.73000000000138,-0.0026579819782981406,2018,96.73000000000138
2018-07-23,10932.11,10939.99,10946.89,10942.5,10906.07,7.8799999999992,6.899999999999636,14.779999999998836,-0.0048542267648737925,2018,14.779999999998836
2018-07-25,10995.39,10984.83,10965.79,10995.39,10956.0,-10.55999999999949,-19.039999999999054,-29.599999999998545,-0.010871321747050966,2018,29.599999999998545
2018-07-27,11010.61,11031.47,11075.78,11056.08,11009.16,20.859999999998763,44.31000000000131,65.17000000000007,0.018674943650001774,2018,65.17000000000007
2018-07-30,11075.78,11057.51,11033.54,11080.41,11048.78,-18.270000000000437,-23.969999999999345,-42.23999999999978,-0.0044833940308469655,2018,-42.23999999999978
2018-07-31,11033.54,11030.03,11057.51,11042.46,10976.46,-3.5100000000002183,27.479999999999563,23.969999999999345,-0.009969101614877962,2018,23.969999999999345
2018-08-02,11098.13,11008.99,10929.77,11098.13,11007.41,-89.13999999999942,-79.21999999999935,-168.35999999999876,-0.0017258148259194916,2018,-168.35999999999876
2018-08-03,10929.77,11005.09,11012.43,11009.01,10929.77,75.31999999999971,7.3400000000001455,82.65999999999985,0.010050472123125598,2018,82.65999999999985
2018-08-10,11028.07,11029.85,10983.68,11032.15,11000.87,1.7800000000006548,-46.17000000000007,-44.38999999999942,-0.010478924610156981,2018,44.38999999999942
2018-08-13,10983.68,10854.32,10748.92,10983.68,10849.97,-129.36000000000058,-105.39999999999964,-234.76000000000022,-0.024664161375318572,2018,-129.36000000000058
2018-08-15,10824.23,10761.69,10716.75,10827.28,10755.2,-62.539999999999054,-44.94000000000051,-107.47999999999956,-0.001886861986364452,2018,-107.47999999999956
2018-08-16,10716.75,10675.92,10683.9,10716.75,10606.26,-40.82999999999993,7.979999999999563,-32.850000000000364,-0.014274215582746996,2018,32.850000000000364
2018-08-17,10683.9,10738.23,10690.96,10757.01,10683.9,54.32999999999993,-47.27000000000044,7.059999999999491,-0.0013259817508952665,2018,7.059999999999491
2018-08-20,10690.96,10695.32,10699.05,10716.25,10682.95,4.360000000000582,3.7299999999995634,8.090000000000146,-0.007261325191847412,2018,8.090000000000146
2018-08-21,10699.05,10738.28,10792.2,10742.94,10697.01,39.23000000000138,53.92000000000007,93.15000000000146,-0.000989867085786078,2018,93.15000000000146
2018-08-22,10792.2,10788.1,10804.2,10817.21,10774.69,-4.100000000000364,16.100000000000364,12.0,0.01980183042129946,2018,12.0
2018-08-27,10809.35,10874.65,10902.21,10880.01,10809.35,65.29999999999927,27.55999999999949,92.85999999999876,0.0145635005493574,2018,92.85999999999876
2018-08-28,10902.21,10971.33,10989.55,10991.01,10902.21,69.1200000000008,18.219999999999345,87.34000000000015,0.015684507369828626,2018,87.34000000000015
2018-08-31,11093.75,11010.46,11063.94,11093.75,11001.42,-83.29000000000087,53.48000000000138,-29.80999999999949,-0.009392909455481435,2018,-29.80999999999949
2018-09-06,10995.13,10929.88,10924.3,11016.92,10905.34,-65.25,-5.579999999999927,-70.82999999999993,-0.0050392294444090435,2018,-70.82999999999993
2018-09-07,10924.3,10899.11,10846.99,10924.3,10866.46,-25.18999999999869,-52.1200000000008,-77.30999999999949,-0.026691456169594452,2018,-25.18999999999869
2018-09-10,10846.99,10763.76,10725.8,10877.72,10747.69,-83.22999999999956,-37.960000000000946,-121.19000000000051,-0.0040838730925457645,2018,-121.19000000000051
2018-09-11,10725.8,10720.41,10752.3,10765.42,10706.34,-5.389999999999418,31.889999999999418,26.5,0.01100112436341183,2018,26.5
2018-09-12,10752.3,10699.97,10722.57,10779.93,10693.17,-52.32999999999993,22.600000000000364,-29.729999999999563,-0.01006730922994159,2018,29.729999999999563
2018-09-13,10722.57,10755.62,10727.23,10758.84,10720.04,33.05000000000109,-28.390000000001237,4.6599999999998545,-0.011652923510709456,2018,-4.6599999999998545
2018-09-14,10727.23,10779.45,10868.14,10813.38,10727.23,52.220000000001164,88.68999999999869,140.90999999999985,0.012020623764877225,2018,140.90999999999985
2018-09-17,10868.14,10851.87,10828.61,10883.98,10842.8,-16.269999999998618,-23.26000000000022,-39.529999999998836,0.011092350609308355,2018,-39.529999999998836
2018-09-18,10828.61,10800.08,10760.21,10828.61,10758.3,-28.530000000000655,-39.8700000000008,-68.40000000000146,-0.014397630163143993,2018,68.40000000000146
2018-09-21,10831.41,10893.38,10972.41,10892.53,10831.41,61.969999999999345,79.03000000000065,141.0,0.011657237839729495,2018,141.0
2018-09-26,10978.85,10973.7,10974.19,11007.35,10968.79,-5.149999999999636,0.4899999999997817,-4.6599999999998545,-0.017026057646601367,2018,4.6599999999998545
2018-09-27,10974.19,11014.78,11034.19,11019.03,10961.27,40.590000000000146,19.409999999999854,60.0,-0.009503084655852034,2018,60.0
2018-10-05,10718.91,10601.21,10517.12,10718.91,10594.37,-117.70000000000073,-84.08999999999833,-201.78999999999905,-0.018391139609443274,2018,201.78999999999905
2018-10-08,10517.12,10432.36,10455.93,10517.12,10433.24,-84.76000000000022,23.56999999999971,-61.19000000000051,-0.023248908815582503,2018,-84.76000000000022
2018-10-09,10455.93,10453.46,10466.83,10484.75,10428.97,-2.470000000001164,13.3700000000008,10.899999999999636,-0.011277966926069971,2018,-10.899999999999636
2018-10-11,10466.83,9884.09,9806.11,10466.83,9871.77,-582.7399999999998,-77.97999999999956,-660.7199999999993,-0.04464869438141772,2018,-582.7399999999998
2018-10-12,9806.11,9875.03,10045.81,9880.22,9740.76,68.92000000000007,170.77999999999884,239.6999999999989,-0.01025682312213183,2018,-239.6999999999989
2018-10-15,10045.81,9949.44,9901.12,10045.81,9903.7,-96.36999999999898,-48.31999999999971,-144.6899999999987,0.019701307997657347,2018,-144.6899999999987
2018-10-16,9901.12,9985.04,9981.1,9991.9,9888.73,83.92000000000007,-3.9400000000005093,79.97999999999956,-0.009381132436701245,2018,79.97999999999956
2018-10-17,9981.1,10072.15,9979.14,10127.01,9981.1,91.04999999999927,-93.01000000000022,-1.9600000000009459,0.03312074213654159,2018,93.01000000000022
2018-10-18,9979.14,9956.59,9953.73,10019.5,9949.89,-22.549999999999272,-2.860000000000582,-25.409999999999854,-0.004396118321057019,2018,-25.409999999999854
2018-10-19,9953.73,9869.12,9919.26,9953.73,9762.91,-84.60999999999876,50.13999999999942,-34.469999999999345,-0.025060478662188523,2018,-84.60999999999876
2018-10-22,9919.26,9876.75,9974.28,9919.26,9822.15,-42.51000000000022,97.53000000000065,55.02000000000044,-0.015546454669557508,2018,-55.02000000000044
2018-10-24,9775.2,9719.04,9759.4,9788.06,9667.85,-56.159999999999854,40.35999999999876,-15.800000000001091,-0.005339491168368293,2018,-15.800000000001091
2018-10-25,9759.4,9518.63,9520.79,9759.4,9475.61,-240.77000000000044,2.1600000000016735,-238.60999999999876,-0.0661447853960132,2018,-240.77000000000044
2018-10-26,9520.79,9553.57,9489.18,9629.07,9520.79,32.779999999998836,-64.38999999999942,-31.610000000000582,0.023377325738610066,2018,64.38999999999942
2018-10-29,9489.18,9474.19,9516.32,9554.35,9464.98,-14.989999999999782,42.1299999999992,27.139999999999418,-0.017226242531175218,2018,-27.139999999999418
2018-10-30,9516.32,9547.0,9526.11,9574.83,9489.65,30.68000000000029,-20.889999999999418,9.790000000000873,-0.011144839549002472,2018,-9.790000000000873
2018-10-31,9526.11,9710.47,9802.13,9713.51,9526.11,184.35999999999876,91.65999999999985,276.0199999999986,0.04159101872560611,2018,-91.65999999999985
2018-11-01,9802.13,9855.55,9844.74,9863.9,9742.61,53.42000000000007,-10.80999999999949,42.61000000000058,0.012403479373847448,2018,42.61000000000058
2018-11-02,9844.74,9877.15,9906.59,9877.77,9821.13,32.409999999999854,29.44000000000051,61.850000000000364,0.04639441071280048,2018,-29.44000000000051
2018-11-05,9906.59,9820.44,9889.81,9906.59,9786.25,-86.14999999999964,69.36999999999898,-16.780000000000655,-0.015038789266183294,2018,16.780000000000655
2018-11-06,9889.81,9853.29,9824.95,9899.97,9847.73,-36.51999999999862,-28.340000000000146,-64.85999999999876,-0.008521901933568055,2018,-64.85999999999876
2018-11-07,9824.95,9862.27,9908.35,9878.77,9817.95,37.31999999999971,46.07999999999993,83.39999999999964,0.011419501872049542,2018,83.39999999999964
2018-11-08,9908.35,9957.33,9945.31,10014.42,9908.35,48.97999999999956,-12.020000000000437,36.95999999999913,0.011942412463886942,2018,36.95999999999913
2018-11-09,9945.31,9837.67,9830.01,9945.31,9821.46,-107.63999999999942,-7.6599999999998545,-115.29999999999927,-0.0041670974257834725,2018,-115.29999999999927
2018-11-12,9830.01,9848.71,9831.21,9874.2,9764.46,18.69999999999891,-17.5,1.1999999999989086,-0.018510976418070202,2018,-1.1999999999989086
2018-11-13,9831.21,9676.08,9775.84,9831.21,9616.16,-155.1299999999992,99.76000000000022,-55.36999999999898,-0.044392010089093215,2018,-155.1299999999992
2018-11-14,9775.84,9791.93,9791.88,9823.25,9775.84,16.090000000000146,-0.050000000001091394,16.039999999999054,0.013520762203169001,2018,16.039999999999054
2018-11-16,9826.46,9831.51,9797.09,9851.29,9804.93,5.050000000001091,-34.42000000000007,-29.36999999999898,0.033405596337186205,2018,34.42000000000007
2018-11-19,9797.09,9819.12,9828.69,9836.02,9779.4,22.030000000000655,9.569999999999709,31.600000000000364,-0.011728305065526023,2018,-31.600000000000364
2018-11-20,9828.69,9793.09,9743.99,9828.69,9736.96,-35.600000000000364,-49.100000000000364,-84.70000000000073,-0.03862671496713499,2018,-35.600000000000364
2018-11-26,9667.3,9781.38,9765.36,9847.35,9667.3,114.07999999999993,-16.019999999998618,98.06000000000131,-0.0004153492748341092,2018,98.06000000000131
2018-11-27,9765.36,9696.21,9778.62,9765.36,9688.74,-69.15000000000146,82.41000000000167,13.260000000000218,0.01906312540280175,2018,13.260000000000218
2018-11-29,9884.31,9951.92,9885.36,10001.85,9884.31,67.61000000000058,-66.55999999999949,1.0500000000010914,0.022731047770912394,2018,66.55999999999949
2018-11-30,9885.36,9949.55,9888.03,9957.63,9885.36,64.18999999999869,-61.51999999999862,2.6700000000000728,-0.008136749360509898,2018,2.6700000000000728
2018-12-03,9888.03,10086.78,10137.87,10094.21,9888.03,198.75,51.090000000000146,249.84000000000015,0.014876005992975339,2018,249.84000000000015
2018-12-04,10137.87,10104.76,10083.54,10137.87,10061.7,-33.11000000000058,-21.219999999999345,-54.32999999999993,0.026734430461439196,2018,21.219999999999345
2018-12-05,10083.54,9947.91,9916.74,10083.54,9902.24,-135.63000000000102,-31.170000000000073,-166.8000000000011,-0.049805930512123564,2018,-135.63000000000102
2018-12-06,9916.74,9746.88,9684.72,9916.74,9744.64,-169.86000000000058,-62.159999999999854,-232.02000000000044,-0.049805930512123564,2018,-169.86000000000058
2018-12-07,9684.72,9734.21,9760.88,9783.05,9684.72,49.48999999999978,26.670000000000073,76.15999999999985,-0.005391325918882028,2018,76.15999999999985
2018-12-10,9760.88,9683.38,9647.54,9760.88,9658.99,-77.5,-35.83999999999833,-113.33999999999833,-0.0373868293940125,2018,-77.5
2018-12-11,9647.54,9700.25,9707.04,9713.06,9647.54,52.70999999999913,6.790000000000873,59.5,0.014103604926329671,2018,59.5
2018-12-13,9816.45,9843.96,9858.76,9855.52,9815.5,27.5099999999984,14.800000000001091,42.30999999999949,0.01474421911500845,2018,42.30999999999949
2018-12-14,9858.76,9740.55,9774.16,9858.76,9722.83,-118.21000000000095,33.61000000000058,-84.60000000000036,-0.003594962048544592,2018,-84.60000000000036
2018-12-17,9774.16,9807.28,9787.53,9826.88,9733.98,33.1200000000008,-19.75,13.3700000000008,-0.014247566110548338,2018,-13.3700000000008
2018-12-18,9787.53,9753.6,9718.82,9787.53,9710.53,-33.93000000000029,-34.780000000000655,-68.71000000000095,-0.01283150895488161,2018,68.71000000000095
2018-12-19,9718.82,9764.71,9783.21,9766.19,9718.82,45.88999999999942,18.5,64.38999999999942,0.012817645338334183,2018,64.38999999999942
2018-12-20,9783.21,9727.33,9674.52,9783.21,9699.49,-55.8799999999992,-52.80999999999949,-108.68999999999869,-0.04239994564109517,2018,-55.8799999999992
2018-12-21,9674.52,9593.15,9676.67,9674.52,9593.27,-81.3700000000008,83.52000000000044,2.149999999999636,-0.00860356205208268,2018,2.149999999999636
2018-12-22,9676.67,9638.94,9646.16,9676.67,9625.31,-37.72999999999956,7.219999999999345,-30.51000000000022,-0.01471719720149589,2018,30.51000000000022
2018-12-24,9646.16,9631.56,9639.7,9658.95,9613.29,-14.600000000000364,8.140000000001237,-6.459999999999127,-0.01471719720149589,2018,6.459999999999127
2018-12-25,9639.7,9521.17,9527.09,9639.7,9479.77,-118.53000000000065,5.920000000000073,-112.61000000000058,-0.02896603074576165,2018,-118.53000000000065
2018-12-26,9527.09,9562.13,9478.99,9591.91,9527.09,35.039999999999054,-83.13999999999942,-48.100000000000364,-0.02896603074576165,2018,35.039999999999054
2018-12-27,9478.99,9616.3,9641.56,9639.6,9478.99,137.3099999999995,25.26000000000022,162.5699999999997,0.05770579489241512,2018,-25.26000000000022
2019-01-04,9492.42,9375.66,9382.51,9492.42,9319.28,-116.76000000000022,6.850000000000364,-109.90999999999985,-0.05944392002059551,2019,-116.76000000000022
2019-01-07,9382.51,9537.52,9590.3,9539.86,9382.51,155.01000000000022,52.779999999998836,207.78999999999905,0.04373055482057975,2019,-52.779999999998836
2019-01-08,9590.3,9558.26,9563.6,9600.94,9550.82,-32.039999999999054,5.3400000000001455,-26.69999999999891,0.019476205461729457,2019,-26.69999999999891
2019-01-09,9563.6,9695.95,9738.31,9701.21,9563.6,132.35000000000036,42.35999999999876,174.70999999999913,-0.004878927150500756,2019,174.70999999999913
2019-01-10,9738.31,9701.47,9720.69,9738.31,9686.03,-36.840000000000146,19.220000000001164,-17.61999999999898,0.025238033690922368,2019,-19.220000000001164
2019-01-15,9708.22,9754.2,9806.04,9761.27,9701.93,45.98000000000138,51.840000000000146,97.82000000000153,-0.015465277319791637,2019,-97.82000000000153
2019-01-17,9763.81,9778.82,9789.15,9826.25,9759.51,15.010000000000218,10.329999999999927,25.340000000000146,-0.008220345354752912,2019,25.340000000000146
2019-01-18,9789.15,9818.37,9836.06,9821.9,9771.15,29.220000000001164,17.68999999999869,46.909999999999854,0.011430352344611983,2019,46.909999999999854
2019-01-21,9836.06,9897.94,9889.4,9911.37,9836.06,61.88000000000102,-8.540000000000873,53.340000000000146,0.022960458376361625,2019,8.540000000000873
2019-01-22,9889.4,9873.61,9894.66,9891.25,9859.11,-15.789999999999054,21.049999999999272,5.260000000000218,0.022960458376361625,2019,-21.049999999999272
2019-01-23,9894.66,9861.55,9846.4,9894.66,9828.32,-33.11000000000058,-15.149999999999636,-48.26000000000022,-0.028469548085612195,2019,-33.11000000000058
2019-01-24,9846.4,9866.37,9877.12,9892.82,9846.4,19.970000000001164,10.75,30.720000000001164,-0.0062093584500904075,2019,30.720000000001164
2019-01-25,9877.12,9964.95,9969.61,9979.21,9877.12,87.82999999999993,4.6599999999998545,92.48999999999978,0.05730427083772516,2019,-4.6599999999998545
2019-01-28,9969.61,10014.74,10013.33,10017.19,9969.61,45.1299999999992,-1.4099999999998545,43.719999999999345,0.021732022234450588,2019,1.4099999999998545
2019-01-29,10013.33,9940.96,9931.59,10013.33,9913.42,-72.3700000000008,-9.369999999998981,-81.73999999999978,-0.02088732086546563,2019,-72.3700000000008
2019-01-30,9931.59,9920.08,9932.26,9934.63,9909.81,-11.510000000000218,12.180000000000291,0.6700000000000728,-0.014469068877551061,2019,-0.6700000000000728
2019-02-11,9932.26,10001.31,10004.25,10065.52,9932.26,69.04999999999927,2.9400000000005093,71.98999999999978,-0.0011503773237622195,2019,71.98999999999978
2019-02-13,10097.74,10097.37,10090.58,10140.98,10085.17,-0.36999999999898137,-6.790000000000873,-7.1599999999998545,0.021270093515066257,2019,6.790000000000873
2019-02-20,10152.26,10258.37,10272.46,10266.27,10152.26,106.11000000000058,14.089999999998327,120.19999999999891,-0.0019908524400894523,2019,120.19999999999891
2019-02-22,10319.53,10281.09,10322.92,10319.53,10271.66,-38.44000000000051,41.82999999999993,3.389999999999418,-0.007373481930190828,2019,3.389999999999418
2019-02-25,10322.92,10364.26,10390.93,10378.71,10322.92,41.340000000000146,26.670000000000073,68.01000000000022,0.010760970190705432,2019,68.01000000000022
2019-02-27,10391.55,10375.4,10389.17,10403.05,10343.56,-16.149999999999636,13.770000000000437,-2.3799999999991996,-0.006809840473854467,2019,-2.3799999999991996
2019-03-06,10305.26,10337.75,10357.15,10359.12,10305.26,32.48999999999978,19.399999999999636,51.88999999999942,-0.004657986429488337,2019,51.88999999999942
2019-03-07,10357.15,10343.53,10311.68,10367.98,10337.07,-13.619999999998981,-31.850000000000364,-45.469999999999345,-0.017009359569607252,2019,45.469999999999345
2019-03-08,10311.68,10220.78,10241.75,10311.68,10204.21,-90.89999999999964,20.969999999999345,-69.93000000000029,-0.011043469133766193,2019,69.93000000000029
2019-03-11,10241.75,10252.78,10250.28,10269.3,10214.02,11.030000000000655,-2.5,8.530000000000655,-0.0006671265796873715,2019,8.530000000000655
2019-03-12,10250.28,10349.61,10343.33,10363.21,10250.28,99.32999999999993,-6.280000000000655,93.04999999999927,0.024025003603371342,2019,6.280000000000655
2019-03-15,10348.65,10407.19,10439.24,10409.79,10348.65,58.54000000000087,32.04999999999927,90.59000000000015,-0.005665909742278319,2019,90.59000000000015
2019-03-18,10439.24,10467.71,10512.7,10481.24,10439.24,28.469999999999345,44.9900000000016,73.46000000000095,0.02904527515409505,2019,-44.9900000000016
2019-03-19,10512.7,10493.73,10512.32,10512.7,10484.69,-18.970000000001164,18.590000000000146,-0.38000000000101863,-0.0025783561722542148,2019,-0.38000000000101863
2019-03-20,10512.32,10516.72,10551.56,10543.09,10508.72,4.399999999999636,34.840000000000146,39.23999999999978,0.013378745220590904,2019,39.23999999999978
2019-03-21,10551.56,10571.24,10609.55,10581.58,10551.56,19.68000000000029,38.30999999999949,57.98999999999978,-0.010189362987174433,2019,-57.98999999999978
2019-03-22,10609.55,10650.49,10639.07,10667.94,10609.55,40.94000000000051,-11.420000000000073,29.520000000000437,0.035046410291383445,2019,11.420000000000073
2019-03-25,10639.07,10503.09,10479.48,10639.07,10470.02,-135.97999999999956,-23.610000000000582,-159.59000000000015,-0.02875512369696842,2019,-135.97999999999956
2019-03-26,10479.48,10531.94,10559.2,10552.82,10479.48,52.460000000000946,27.26000000000022,79.72000000000116,-0.012582388940065803,2019,-79.72000000000116
2019-03-27,10559.2,10530.39,10542.7,10559.2,10515.86,-28.81000000000131,12.31000000000131,-16.5,0.010124751401193288,2019,-16.5
2019-03-28,10542.7,10513.12,10536.26,10542.7,10499.29,-29.579999999999927,23.139999999999418,-6.440000000000509,-0.01451226060497579,2019,6.440000000000509
2019-03-29,10536.26,10536.2,10641.04,10576.19,10525.27,-0.05999999999949068,104.84000000000015,104.78000000000065,-0.0019469952342207053,2019,104.78000000000065
2019-04-01,10641.04,10707.19,10642.63,10735.07,10641.04,66.14999999999964,-64.56000000000131,1.5899999999983265,0.015802882515649985,2019,1.5899999999983265
2019-04-02,10642.63,10703.99,10690.3,10728.38,10642.63,61.36000000000058,-13.69000000000051,47.67000000000007,0.0248869588895817,2019,13.69000000000051
2019-04-10,10851.6,10827.72,10868.14,10851.6,10816.47,-23.88000000000102,40.42000000000007,16.539999999999054,-0.011381279617653894,2019,-16.539999999999054
2019-04-12,10808.77,10815.21,10805.3,10836.44,10797.5,6.43999999999869,-9.909999999999854,-3.470000000001164,-0.0007379024614801999,2019,-3.470000000001164
2019-04-15,10805.3,10874.87,10875.6,10882.71,10805.3,69.57000000000153,0.7299999999995634,70.30000000000109,0.014260841288014747,2019,70.30000000000109
2019-04-16,10875.6,10890.94,10927.85,10915.51,10875.6,15.340000000000146,36.909999999999854,52.25,-0.007547825157635968,2019,52.25
2019-04-17,10927.85,10978.99,10997.26,10998.66,10927.85,51.13999999999942,18.270000000000437,69.40999999999985,0.031901576233998696,2019,-18.270000000000437
2019-04-18,10997.26,11013.09,10962.02,11077.99,10997.26,15.829999999999927,-51.06999999999971,-35.23999999999978,0.015562019801463434,2019,-35.23999999999978
2019-04-24,11025.68,11040.95,11027.64,11070.85,11025.68,15.270000000000437,-13.31000000000131,1.9599999999991269,0.01011365021915056,2019,1.9599999999991269
2019-04-26,11039.86,10937.87,10952.47,11039.86,10932.95,-101.98999999999978,14.599999999998545,-87.39000000000124,-0.01806144667782661,2019,87.39000000000124
2019-04-29,10952.47,10907.55,10939.06,10992.55,10905.78,-44.92000000000007,31.51000000000022,-13.409999999999854,-0.008280352748154085,2019,-13.409999999999854
2019-04-30,10939.06,10921.56,10967.73,10951.17,10912.59,-17.5,46.17000000000007,28.670000000000073,-0.0019128861315755863,2019,28.670000000000073
2019-05-02,10967.73,11011.07,11004.49,11046.64,10967.73,43.340000000000146,-6.579999999999927,36.76000000000022,-0.008161009651839746,2019,36.76000000000022
2019-05-03,11004.49,11030.78,11096.3,11050.57,11004.49,26.290000000000873,65.51999999999862,91.80999999999949,0.011098297354031006,2019,91.80999999999949
2019-05-07,10897.12,10972.07,10987.14,10981.97,10897.12,74.94999999999891,15.069999999999709,90.01999999999862,-0.017170688228178577,2019,-90.01999999999862
2019-05-08,10987.14,10927.64,10923.71,10987.14,10867.06,-59.5,-3.930000000000291,-63.43000000000029,-0.024233512337001994,2019,-59.5
2019-05-09,10923.71,10813.26,10733.67,10923.71,10806.29,-110.44999999999891,-79.59000000000015,-190.03999999999905,-0.007860215624833966,2019,-190.03999999999905
2019-05-10,10733.67,10828.05,10712.99,10834.69,10733.67,94.3799999999992,-115.05999999999949,-20.68000000000029,-0.011830201809325036,2019,20.68000000000029
2019-05-14,10558.29,10500.27,10519.25,10558.29,10363.02,-58.02000000000044,18.979999999999563,-39.04000000000087,-0.0472793416595102,2019,-58.02000000000044
2019-05-15,10519.25,10590.35,10560.71,10600.73,10519.25,71.10000000000036,-29.640000000001237,41.45999999999913,0.02404627559530148,2019,29.640000000001237
2019-05-17,10474.61,10511.66,10384.11,10564.97,10474.61,37.04999999999927,-127.54999999999927,-90.5,-0.016768649020281967,2019,90.5
2019-05-20,10384.11,10416.96,10398.41,10465.84,10384.11,32.849999999998545,-18.549999999999272,14.299999999999272,-0.01964883820125718,2019,-14.299999999999272
2019-05-21,10398.41,10404.33,10464.5,10409.29,10342.32,5.920000000000073,60.17000000000007,66.09000000000015,-0.040249356281338966,2019,5.920000000000073
2019-05-22,10464.5,10495.75,10457.22,10520.62,10460.71,31.25,-38.530000000000655,-7.280000000000655,0.021277070111030305,2019,38.530000000000655
2019-05-23,10457.22,10326.42,10308.37,10457.22,10304.26,-130.79999999999927,-18.049999999999272,-148.84999999999854,-0.021226741182206577,2019,-130.79999999999927
2019-05-24,10308.37,10358.64,10328.28,10370.97,10308.37,50.26999999999862,-30.359999999998763,19.909999999999854,-0.016505085350621562,2019,-19.909999999999854
2019-05-27,10328.28,10337.06,10334.13,10365.44,10313.25,8.779999999998836,-2.930000000000291,5.849999999998545,-0.008217169120982026,2019,5.849999999998545
2019-05-28,10334.13,10341.97,10312.31,10361.61,10331.58,7.8400000000001455,-29.659999999999854,-21.81999999999971,-0.008217169120982026,2019,-21.81999999999971
2019-05-29,10312.31,10284.01,10301.78,10312.31,10227.44,-28.299999999999272,17.770000000000437,-10.529999999998836,-0.008895020465407022,2019,-10.529999999998836
2019-06-03,10498.49,10456.44,10500.07,10498.49,10383.51,-42.04999999999927,43.6299999999992,1.5799999999999272,-0.014529115252149616,2019,-1.5799999999999272
2019-06-05,10429.12,10484.75,10461.62,10541.29,10429.12,55.6299999999992,-23.1299999999992,32.5,0.04209085596530615,2019,23.1299999999992
2019-06-06,10461.62,10396.63,10409.2,10461.62,10391.21,-64.9900000000016,12.570000000001528,-52.42000000000007,-0.007496716497203515,2019,-52.42000000000007
2019-06-10,10409.2,10514.53,10566.47,10516.43,10409.2,105.32999999999993,51.93999999999869,157.26999999999862,0.011502938091010995,2019,157.26999999999862
2019-06-11,10566.47,10593.43,10607.76,10610.02,10548.06,26.960000000000946,14.329999999999927,41.29000000000087,0.025442229168630925,2019,-14.329999999999927
2019-06-13,10615.66,10558.17,10561.01,10617.06,10558.06,-57.48999999999978,2.8400000000001455,-54.649999999999636,-0.02332125075809932,2019,-57.48999999999978
2019-06-17,10524.67,10554.25,10530.54,10556.57,10474.19,29.579999999999927,-23.709999999999127,5.8700000000008,-0.02612459976739856,2019,29.579999999999927
2019-06-18,10530.54,10540.82,10566.74,10573.77,10521.7,10.279999999998836,25.920000000000073,36.19999999999891,-0.006405956286167136,2019,36.19999999999891
2019-06-19,10566.74,10694.14,10775.34,10726.32,10566.74,127.39999999999964,81.20000000000073,208.60000000000036,0.04325375038950652,2019,-81.20000000000073
2019-06-24,10803.77,10737.68,10779.45,10803.77,10695.49,-66.09000000000015,41.77000000000044,-24.31999999999971,-0.007410118012990519,2019,-24.31999999999971
2019-06-26,10706.72,10661.63,10652.55,10706.72,10650.85,-45.090000000000146,-9.079999999999927,-54.17000000000007,-0.014843351651464554,2019,54.17000000000007
2019-06-27,10652.55,10757.28,10773.9,10762.47,10652.55,104.73000000000138,16.61999999999898,121.35000000000036,0.032139570993156674,2019,-16.61999999999898
2019-06-28,10773.9,10734.26,10730.83,10788.08,10728.72,-39.63999999999942,-3.430000000000291,-43.06999999999971,0.014674439174554132,2019,-43.06999999999971
2019-07-02,10895.46,10877.99,10865.12,10895.46,10846.94,-17.469999999999345,-12.869999999998981,-30.339999999998327,0.02645034819323344,2019,12.869999999998981
2019-07-03,10865.12,10781.63,10743.77,10865.12,10773.68,-83.4900000000016,-37.85999999999876,-121.35000000000036,-0.013835932022303155,2019,121.35000000000036
2019-07-04,10743.77,10781.24,10775.9,10791.28,10743.77,37.469999999999345,-5.3400000000001455,32.1299999999992,-0.0042929788804397795,2019,32.1299999999992
2019-07-05,10775.9,10769.26,10785.73,10812.38,10763.42,-6.639999999999418,16.469999999999345,9.829999999999927,-0.0042929788804397795,2019,9.829999999999927
2019-07-08,10785.73,10753.2,10751.22,10785.73,10740.69,-32.529999999998836,-1.9800000000013824,-34.51000000000022,-0.005977599303633507,2019,-34.51000000000022
2019-07-09,10751.22,10705.97,10702.78,10751.22,10697.18,-45.25,-3.1899999999986903,-48.43999999999869,-0.007723883149757138,2019,-48.43999999999869
2019-07-15,10824.35,10804.82,10876.43,10842.89,10769.57,-19.530000000000655,71.61000000000058,52.07999999999993,0.018966591703470925,2019,52.07999999999993
2019-07-17,10886.05,10842.93,10828.48,10886.05,10817.4,-43.11999999999898,-14.450000000000728,-57.56999999999971,-0.01073935300015827,2019,57.56999999999971
2019-07-19,10799.28,10910.11,10873.19,10919.44,10799.28,110.82999999999993,-36.92000000000007,73.90999999999985,0.015360370244768662,2019,73.90999999999985
2019-07-22,10873.19,10925.8,10944.53,10933.8,10873.19,52.60999999999876,18.730000000001382,71.34000000000015,-0.002003968643784715,2019,71.34000000000015
2019-07-23,10944.53,10974.29,10947.26,10994.44,10944.53,29.76000000000022,-27.030000000000655,2.7299999999995634,0.01980431915270575,2019,2.7299999999995634
2019-07-24,10947.26,10944.74,10935.76,10976.46,10939.66,-2.5200000000004366,-8.979999999999563,-11.5,0.012341627576266445,2019,-11.5
2019-07-25,10935.76,10905.04,10941.41,10935.76,10879.4,-30.719999999999345,36.36999999999898,5.649999999999636,0.03098641682610115,2019,-36.36999999999898
2019-07-26,10941.41,10902.46,10891.98,10941.41,10879.24,-38.95000000000073,-10.479999999999563,-49.43000000000029,-0.017200774343103076,2019,49.43000000000029
2019-07-29,10891.98,10876.12,10885.73,10891.98,10864.88,-15.859999999998763,9.609999999998763,-6.25,-0.0001630993902591582,2019,-6.25
2019-07-31,10830.9,10806.29,10823.81,10830.9,10797.62,-24.609999999998763,17.519999999998618,-7.0900000000001455,-0.0026282524624222647,2019,-7.0900000000001455
2019-08-01,10823.81,10765.01,10731.75,10823.81,10719.65,-58.79999999999927,-33.26000000000022,-92.05999999999949,-0.03223701547226154,2019,-58.79999999999927
2019-08-02,10731.75,10572.61,10549.04,10731.75,10561.14,-159.13999999999942,-23.56999999999971,-182.70999999999913,-0.01974793184824042,2019,182.70999999999913
2019-08-05,10549.04,10481.23,10423.41,10549.04,10469.98,-67.81000000000131,-57.81999999999971,-125.63000000000102,-0.015575602851889525,2019,125.63000000000102
2019-08-06,10423.41,10291.77,10394.75,10423.41,10180.04,-131.63999999999942,102.97999999999956,-28.659999999999854,-0.04360970955973753,2019,-131.63999999999942
2019-08-07,10394.75,10423.92,10386.18,10461.37,10387.69,29.170000000000073,-37.73999999999978,-8.569999999999709,0.012820332696414471,2019,-8.569999999999709
2019-08-12,10494.49,10485.53,10472.36,10504.27,10440.77,-8.959999999999127,-13.170000000000073,-22.1299999999992,-0.018051848772179246,2019,22.1299999999992
2019-08-13,10472.36,10379.97,10362.66,10472.36,10379.52,-92.39000000000124,-17.30999999999949,-109.70000000000073,-0.011855170247346836,2019,109.70000000000073
2019-08-14,10362.66,10509.66,10427.73,10518.02,10362.66,147.0,-81.93000000000029,65.06999999999971,0.029495915631176706,2019,81.93000000000029
2019-08-15,10427.73,10335.05,10327.13,10427.73,10287.76,-92.68000000000029,-7.920000000000073,-100.60000000000036,-0.031631378972382995,2019,-92.68000000000029
2019-08-16,10327.13,10323.49,10420.89,10364.62,10318.37,-3.639999999999418,97.39999999999964,93.76000000000022,-0.0022529704548920337,2019,93.76000000000022
2019-08-19,10420.89,10468.49,10488.75,10479.68,10420.89,47.600000000000364,20.26000000000022,67.86000000000058,0.027763689041124362,2019,-20.26000000000022
2019-08-20,10488.75,10512.87,10522.5,10538.12,10488.75,24.1200000000008,9.6299999999992,33.75,0.018752746324150804,2019,33.75
2019-08-21,10522.5,10505.35,10525.8,10545.25,10504.49,-17.149999999999636,20.44999999999891,3.2999999999992724,-0.005368316976224086,2019,3.2999999999992724
2019-08-23,10529.78,10524.64,10538.11,10541.67,10503.07,-5.140000000001237,13.470000000001164,8.329999999999927,-0.0003106986091279129,2019,8.329999999999927
2019-08-26,10538.11,10373.53,10354.57,10538.11,10359.03,-164.57999999999993,-18.960000000000946,-183.54000000000087,-0.04355761282856663,2019,-164.57999999999993
2019-08-28,10387.23,10433.11,10434.29,10456.3,10387.23,45.88000000000102,1.180000000000291,47.06000000000131,-0.003262776924764399,2019,47.06000000000131
2019-08-30,10462.43,10568.02,10618.05,10572.84,10462.43,105.59000000000015,50.029999999998836,155.61999999999898,0.022538195987285015,2019,-50.029999999998836
2019-09-04,10558.21,10620.58,10657.31,10624.35,10558.21,62.3700000000008,36.72999999999956,99.10000000000036,-0.01767535815857335,2019,-99.10000000000036
2019-09-05,10657.31,10760.29,10756.93,10762.72,10657.31,102.98000000000138,-3.360000000000582,99.6200000000008,0.027889766762270618,2019,3.360000000000582
2019-09-06,10756.93,10770.89,10780.64,10803.07,10753.45,13.959999999999127,9.75,23.709999999999127,0.030706459149090204,2019,-9.75
2019-09-12,10790.35,10831.01,10827.55,10862.68,10790.35,40.659999999999854,-3.460000000000946,37.19999999999891,0.014553264062154625,2019,37.19999999999891
2019-09-16,10827.55,10866.09,10898.13,10877.3,10822.69,38.54000000000087,32.039999999999054,70.57999999999993,-0.003190980823074341,2019,70.57999999999993
2019-09-17,10898.13,10881.56,10874.5,10912.23,10866.43,-16.56999999999971,-7.059999999999491,-23.6299999999992,-0.006950456201538335,2019,-23.6299999999992
2019-09-20,10894.7,10920.41,10929.69,10931.76,10894.7,25.709999999999127,9.280000000000655,34.98999999999978,-0.0055467066429307765,2019,34.98999999999978
2019-09-23,10929.69,10934.92,10919.02,10948.19,10910.42,5.229999999999563,-15.899999999999636,-10.670000000000073,-0.018259247394900924,2019,10.670000000000073
2019-09-25,10918.01,10841.8,10873.69,10918.01,10842.32,-76.21000000000095,31.890000000001237,-44.31999999999971,-0.016538980666501835,2019,44.31999999999971
2019-09-26,10873.69,10911.56,10871.99,10934.91,10873.69,37.86999999999898,-39.56999999999971,-1.7000000000007276,0.017764289718361637,2019,-1.7000000000007276
2019-10-01,10829.68,10940.55,10967.65,10941.73,10829.68,110.86999999999898,27.100000000000364,137.96999999999935,0.010292506821702574,2019,137.96999999999935
2019-10-02,10967.65,10958.23,10947.88,10967.65,10927.39,-9.420000000000073,-10.350000000000364,-19.770000000000437,-0.009334402566158806,2019,-19.770000000000437
2019-10-03,10947.88,10851.94,10875.91,10947.88,10809.28,-95.93999999999869,23.969999999999345,-71.96999999999935,-0.015820489573889485,2019,71.96999999999935
2019-10-04,10875.91,10913.36,10894.48,10941.49,10875.91,37.45000000000073,-18.88000000000102,18.56999999999971,0.01710127190298527,2019,18.56999999999971
2019-10-07,10894.48,10948.29,10935.06,10954.45,10894.48,53.81000000000131,-13.230000000001382,40.57999999999993,0.01852163337128676,2019,40.57999999999993
2019-10-08,10935.06,11007.56,11017.31,11017.3,10935.06,72.5,9.75,82.25,-0.007126569655549142,2019,82.25
2019-10-09,11017.31,10949.76,10889.96,11017.31,10946.55,-67.54999999999927,-59.80000000000109,-127.35000000000036,-0.03116743540369893,2019,-67.54999999999927
2019-10-14,10889.96,11079.13,11066.95,11080.51,10889.96,189.17000000000007,-12.179999999998472,176.9900000000016,0.02271514793127616,2019,12.179999999998472
2019-10-15,11066.95,11116.59,11111.8,11117.9,11066.95,49.63999999999942,-4.790000000000873,44.849999999998545,-0.00045879343611143764,2019,44.849999999998545
2019-10-16,11111.8,11133.28,11162.83,11180.11,11111.8,21.480000000001382,29.549999999999272,51.030000000000655,0.022189386317907456,2019,-29.549999999999272
2019-10-17,11162.83,11144.18,11186.88,11162.83,11131.45,-18.649999999999636,42.69999999999891,24.049999999999272,-0.014701449845911596,2019,-24.049999999999272
2019-10-21,11180.22,11157.35,11184.15,11180.22,11147.86,-22.86999999999898,26.799999999999272,3.930000000000291,-0.010621220040319623,2019,-3.930000000000291
2019-10-22,11184.15,11227.72,11271.25,11268.43,11184.15,43.56999999999971,43.530000000000655,87.10000000000036,0.018835411832034632,2019,87.10000000000036
2019-10-23,11271.25,11257.07,11239.67,11281.12,11253.94,-14.180000000000291,-17.399999999999636,-31.579999999999927,-0.007678822745117442,2019,-31.579999999999927
2019-10-24,11239.67,11267.09,11320.14,11285.64,11239.67,27.420000000000073,53.04999999999927,80.46999999999935,-0.019295844737496903,2019,-80.46999999999935
2019-10-25,11320.14,11291.94,11296.12,11347.18,11284.92,-28.19999999999891,4.180000000000291,-24.019999999998618,0.024692689238732024,2019,-4.180000000000291
2019-10-28,11296.12,11301.8,11315.02,11341.03,11295.44,5.679999999998472,13.220000000001164,18.899999999999636,0.020526025837042328,2019,-13.220000000001164
2019-10-29,11315.02,11359.23,11333.87,11373.95,11315.02,44.20999999999913,-25.359999999998763,18.850000000000364,0.01752928117816177,2019,18.850000000000364
2019-10-30,11333.87,11326.63,11380.28,11339.72,11306.95,-7.240000000001601,53.650000000001455,46.409999999999854,-0.009007075710700585,2019,46.409999999999854
2019-10-31,11380.28,11410.41,11358.71,11428.42,11380.28,30.1299999999992,-51.70000000000073,-21.570000000001528,-0.0006015182320175949,2019,-21.570000000001528
2019-11-01,11358.71,11361.93,11399.53,11373.7,11335.51,3.220000000001164,37.600000000000364,40.82000000000153,-0.006163254005513208,2019,40.82000000000153
2019-11-04,11399.53,11494.52,11556.85,11495.84,11399.53,94.98999999999978,62.32999999999993,157.3199999999997,0.023443272247186897,2019,-62.32999999999993
2019-11-05,11556.85,11598.19,11644.03,11623.05,11556.85,41.340000000000146,45.840000000000146,87.18000000000029,0.02188848058795334,2019,-45.840000000000146
2019-11-07,11653.07,11595.66,11606.56,11653.07,11587.58,-57.409999999999854,10.899999999999636,-46.51000000000022,-0.008369216541918356,2019,-46.51000000000022
2019-11-12,11427.28,11474.12,11520.37,11499.38,11427.28,46.840000000000146,46.25,93.09000000000015,-0.00529140132889605,2019,93.09000000000015
2019-11-15,11450.42,11506.49,11525.6,11552.25,11450.42,56.06999999999971,19.110000000000582,75.18000000000029,-0.0030412151010468236,2019,75.18000000000029
2019-11-19,11599.78,11619.6,11656.4,11622.2,11576.79,19.81999999999971,36.79999999999927,56.61999999999898,-0.002381048005370312,2019,56.61999999999898
2019-11-20,11656.4,11613.29,11631.2,11656.4,11592.87,-43.10999999999876,17.909999999999854,-25.19999999999891,-0.004761959534846261,2019,-25.19999999999891
2019-11-21,11631.2,11484.52,11558.27,11631.2,11478.43,-146.6800000000003,73.75,-72.93000000000029,-0.01176538572666852,2019,72.93000000000029
2019-11-22,11558.27,11565.71,11566.8,11577.02,11549.4,7.43999999999869,1.0900000000001455,8.529999999998836,-0.011291473212719505,2019,-8.529999999998836
2019-11-25,11566.8,11585.05,11561.58,11604.07,11566.8,18.25,-23.469999999999345,-5.219999999999345,-2.365702051654317e-05,2019,-5.219999999999345
2019-11-26,11561.58,11638.12,11576.82,11642.96,11561.58,76.54000000000087,-61.30000000000109,15.239999999999782,0.02434365000975891,2019,61.30000000000109
2019-11-27,11576.82,11610.66,11647.46,11622.66,11576.82,33.840000000000146,36.79999999999927,70.63999999999942,-0.0050174658621785495,2019,70.63999999999942
2019-12-02,11489.57,11460.74,11502.83,11524.85,11459.53,-28.829999999999927,42.090000000000146,13.260000000000218,-0.010985592571043479,2019,-13.260000000000218
2019-12-03,11502.83,11505.78,11531.58,11528.59,11460.06,2.9500000000007276,25.799999999999272,28.75,-0.01461405838633767,2019,-28.75
2019-12-04,11531.58,11491.97,11510.47,11531.58,11467.82,-39.61000000000058,18.5,-21.110000000000582,-0.0153923452046697,2019,21.110000000000582
2019-12-05,11510.47,11585.08,11594.65,11604.39,11510.47,74.61000000000058,9.569999999999709,84.18000000000029,0.015452869947349734,2019,84.18000000000029
2019-12-09,11609.64,11652.74,11660.77,11659.44,11609.64,43.100000000000364,8.030000000000655,51.13000000000102,0.01563917392175118,2019,51.13000000000102
2019-12-10,11660.77,11624.99,11627.84,11660.77,11622.48,-35.780000000000655,2.850000000000364,-32.93000000000029,-0.005353176237233304,2019,-32.93000000000029
2019-12-12,11700.77,11838.1,11836.42,11842.15,11700.77,137.32999999999993,-1.680000000000291,135.64999999999964,0.02225579638561226,2019,1.680000000000291
2019-12-13,11836.42,11941.98,11927.73,11990.78,11836.42,105.55999999999949,-14.25,91.30999999999949,0.027097544338335444,2019,14.25
2019-12-16,11927.73,11956.61,11939.77,11975.73,11915.61,28.88000000000102,-16.840000000000146,12.040000000000873,-0.005993790366766838,2019,12.040000000000873
2019-12-19,12122.45,12049.98,12018.9,12122.45,12031.57,-72.47000000000116,-31.079999999999927,-103.55000000000109,-0.0008946605778520356,2019,-103.55000000000109
2019-12-23,11959.08,11980.37,12022.23,12006.42,11959.08,21.290000000000873,41.85999999999876,63.149999999999636,0.010299895911104695,2019,63.149999999999636
2019-12-30,12091.59,12101.56,12053.37,12114.89,12091.59,9.969999999999345,-48.18999999999869,-38.219999999999345,-0.0031644042070486655,2019,-38.219999999999345
2019-12-31,12053.37,12026.37,11997.14,12053.37,12012.47,-27.0,-29.230000000001382,-56.23000000000138,-0.007640200366944683,2019,-56.23000000000138
2020-01-03,12100.48,12117.71,12110.43,12197.64,12100.48,17.229999999999563,-7.279999999998836,9.950000000000728,0.0207015495074665,2020,7.279999999998836
2020-01-06,12110.43,11967.04,11953.36,12110.43,11964.11,-143.38999999999942,-13.680000000000291,-157.0699999999997,-0.017972255033343765,2020,157.0699999999997
2020-01-07,11953.36,11912.08,11880.32,11986.03,11885.26,-41.280000000000655,-31.76000000000022,-73.04000000000087,-0.01041003678572583,2020,73.04000000000087
2020-01-08,11880.32,11805.85,11817.1,11880.32,11777.45,-74.46999999999935,11.25,-63.219999999999345,0.01776876621536183,2020,-63.219999999999345
2020-01-13,12024.65,12058.52,12113.42,12098.38,12024.65,33.8700000000008,54.899999999999636,88.77000000000044,-0.006589557839604465,2020,88.77000000000044
2020-01-14,12113.42,12162.95,12179.81,12186.62,12113.42,49.530000000000655,16.859999999998763,66.38999999999942,0.013095078629410395,2020,66.38999999999942
2020-01-16,12091.88,12067.14,12066.93,12091.88,12006.08,-24.73999999999978,-0.20999999999912689,-24.94999999999891,-0.01186505088037837,2020,24.94999999999891
2020-01-17,12066.93,12079.61,12090.29,12117.55,12055.91,12.680000000000291,10.680000000000291,23.360000000000582,0.016969703444150053,2020,23.360000000000582
2020-01-30,12118.71,11628.41,11421.74,12118.71,11573.76,-490.2999999999993,-206.67000000000007,-696.9699999999993,-0.018259413607145225,2020,696.9699999999993
2020-01-31,11421.74,11441.75,11495.1,11594.21,11421.74,20.01000000000022,53.350000000000364,73.36000000000058,-0.0015602302684672997,2020,73.36000000000058
2020-02-03,11495.1,11324.62,11354.92,11495.1,11138.03,-170.47999999999956,30.299999999999272,-140.1800000000003,-0.03549412652225448,2020,-170.47999999999956
2020-02-04,11354.92,11526.59,11555.92,11531.86,11354.92,171.67000000000007,29.329999999999927,201.0,0.012430653712715012,2020,201.0
2020-02-05,11555.92,11588.27,11573.62,11619.94,11512.71,32.350000000000364,-14.649999999999636,17.700000000000728,0.031161363661446506,2020,14.649999999999636
2020-02-06,11573.62,11668.92,11749.68,11707.52,11573.62,95.29999999999927,80.76000000000022,176.0599999999995,0.021871404489872237,2020,-80.76000000000022
2020-02-10,11612.81,11540.99,11574.07,11612.81,11423.34,-71.81999999999971,33.07999999999993,-38.73999999999978,-0.023711275423640155,2020,-71.81999999999971
2020-02-11,11574.07,11655.54,11664.04,11658.95,11574.07,81.47000000000116,8.5,89.97000000000116,0.015254564569074702,2020,89.97000000000116
2020-02-12,11664.04,11745.03,11774.19,11751.68,11664.04,80.98999999999978,29.159999999999854,110.14999999999964,0.020224006762468383,2020,-29.159999999999854
2020-02-13,11774.19,11830.63,11791.78,11854.98,11774.19,56.43999999999869,-38.849999999998545,17.590000000000146,0.01436501853884864,2020,17.590000000000146
2020-02-17,11815.7,11768.95,11763.51,11815.7,11724.82,-46.75,-5.440000000000509,-52.19000000000051,-0.001928236938490202,2020,-52.19000000000051
2020-02-18,11763.51,11690.11,11648.98,11763.51,11657.01,-73.39999999999964,-41.13000000000102,-114.53000000000065,-0.001928236938490202,2020,-114.53000000000065
2020-02-19,11648.98,11695.54,11758.84,11696.64,11648.98,46.56000000000131,63.29999999999927,109.86000000000058,-0.014024614629758347,2020,-109.86000000000058
2020-02-20,11758.84,11763.56,11725.09,11827.83,11758.79,4.719999999999345,-38.469999999999345,-33.75,0.02611553454424831,2020,38.469999999999345
2020-02-21,11725.09,11710.53,11686.35,11755.17,11705.68,-14.55999999999949,-24.18000000000029,-38.73999999999978,-0.015281636776963925,2020,38.73999999999978
2020-02-24,11686.35,11563.48,11534.87,11686.35,11549.02,-122.8700000000008,-28.609999999998763,-151.47999999999956,-0.029857637552904936,2020,-122.8700000000008
2020-02-25,11534.87,11502.85,11540.23,11534.87,11415.47,-32.02000000000044,37.3799999999992,5.359999999998763,-0.0474974220671055,2020,-32.02000000000044
2020-02-26,11540.23,11448.6,11433.62,11540.23,11408.06,-91.6299999999992,-14.979999999999563,-106.60999999999876,-0.030601311326149405,2020,-91.6299999999992
2020-03-02,11292.17,11146.88,11170.46,11292.17,11049.85,-145.29000000000087,23.579999999999927,-121.71000000000095,0.02210769184670225,2020,-23.579999999999927
2020-03-03,11170.46,11320.63,11327.72,11363.24,11170.46,150.17000000000007,7.0900000000001455,157.26000000000022,0.035085662019067376,2020,-7.0900000000001455
2020-03-04,11327.72,11326.25,11392.35,11368.25,11305.67,-1.4699999999993452,66.10000000000036,64.63000000000102,-0.03405499099344056,2020,-1.4699999999993452
2020-03-05,11392.35,11516.91,11514.82,11525.32,11392.35,124.55999999999949,-2.0900000000001455,122.46999999999935,0.04944114094038432,2020,2.0900000000001455
2020-03-06,11514.82,11346.04,11321.81,11514.82,11339.32,-168.77999999999884,-24.230000000001382,-193.01000000000022,-0.031035388389389573,2020,-168.77999999999884
2020-03-09,11321.81,11014.34,10977.64,11321.81,11011.8,-307.46999999999935,-36.70000000000073,-344.1700000000001,-0.019688240687877334,2020,344.1700000000001
2020-03-10,10977.64,10880.86,11003.54,10977.64,10847.64,-96.77999999999884,122.68000000000029,25.900000000001455,-0.08337598315185102,2020,-96.77999999999884
2020-03-11,11003.54,11031.57,10893.75,11088.23,11002.12,28.029999999998836,-137.8199999999997,-109.79000000000087,0.06311290239769973,2020,137.8199999999997
2020-03-12,10893.75,10411.26,10422.32,10893.75,10403.58,-482.4899999999998,11.05999999999949,-471.4300000000003,-0.05672200422577722,2020,-482.4899999999998
2020-03-13,10422.32,9764.26,10128.87,10422.32,9636.15,-658.0599999999995,364.6100000000006,-293.4499999999989,-0.10907240774636173,2020,-658.0599999999995
2020-03-16,10128.87,9960.6,9717.77,10130.8,9953.6,-168.27000000000044,-242.82999999999993,-411.10000000000036,0.10929452413961549,2020,242.82999999999993
2020-03-17,9717.77,9473.73,9439.63,9717.77,9371.35,-244.04000000000087,-34.100000000000364,-278.14000000000124,-0.158962868946939,2020,-244.04000000000087
2020-03-18,9439.63,9471.53,9218.67,9509.61,9372.89,31.900000000001455,-252.86000000000058,-220.95999999999913,0.09835383975731071,2020,252.86000000000058
2020-03-19,9218.67,8780.96,8681.34,9218.67,8778.9,-437.71000000000095,-99.61999999999898,-537.3299999999999,-0.09791660824944626,2020,-437.71000000000095
2020-03-20,8681.34,9112.6,9234.09,9112.26,8681.34,431.2600000000002,121.48999999999978,552.75,0.04225855584221816,2020,-121.48999999999978
2020-03-23,9234.09,8950.02,8890.03,9234.09,8750.14,-284.0699999999997,-59.98999999999978,-344.0599999999995,-0.03182177420557408,2020,-284.0699999999997
2020-03-24,8890.03,9388.36,9285.62,9388.68,8890.03,498.3299999999999,-102.73999999999978,395.59000000000015,0.033560768247416384,2020,102.73999999999978
2020-03-25,9285.62,9712.26,9644.75,9722.37,9285.62,426.6399999999994,-67.51000000000022,359.1299999999992,0.11154740261675555,2020,67.51000000000022
2020-03-26,9644.75,9666.12,9736.36,9734.37,9565.02,21.3700000000008,70.23999999999978,91.61000000000058,-0.012910318199794824,2020,-91.61000000000058
2020-03-27,9736.36,9852.3,9698.92,9954.86,9736.36,115.93999999999869,-153.3799999999992,-37.44000000000051,0.06793564991817025,2020,153.3799999999992
2020-03-30,9698.92,9539.51,9629.43,9698.92,9415.52,-159.40999999999985,89.92000000000007,-69.48999999999978,-0.05332536356757234,2020,-159.40999999999985
2020-03-31,9629.43,9722.91,9708.06,9789.81,9629.43,93.47999999999956,-14.850000000000364,78.6299999999992,0.037991603694374376,2020,14.850000000000364
2020-04-01,9708.06,9724.88,9663.63,9726.58,9672.73,16.81999999999971,-61.25,-44.43000000000029,-0.022467983770246724,2020,16.81999999999971
2020-04-06,9663.63,9687.62,9818.74,9801.48,9651.52,23.9900000000016,131.11999999999898,155.11000000000058,-0.021409050528614304,2020,23.9900000000016
2020-04-07,9818.74,9969.77,9996.39,10039.15,9818.74,151.03000000000065,26.61999999999898,177.64999999999964,0.10383634549284859,2020,-26.61999999999898
2020-04-08,9996.39,10059.1,10137.47,10107.45,9984.66,62.710000000000946,78.36999999999898,141.07999999999993,-0.004708452614132885,2020,141.07999999999993
2020-04-09,10137.47,10155.69,10119.43,10246.84,10125.26,18.220000000001164,-36.26000000000022,-18.039999999999054,0.03438292396775533,2020,36.26000000000022
2020-04-10,10119.43,10105.88,10157.61,10165.12,10105.43,-13.550000000001091,51.73000000000138,38.18000000000029,-0.023269853465781254,2020,-13.550000000001091
2020-04-13,10157.61,10132.15,10099.22,10160.92,10080.65,-25.460000000000946,-32.93000000000029,-58.39000000000124,-0.023269853465781254,2020,-25.460000000000946
2020-04-14,10099.22,10276.99,10332.94,10283.89,10099.22,177.77000000000044,55.95000000000073,233.72000000000116,0.013703932622851633,2020,233.72000000000116
2020-04-15,10332.94,10431.23,10447.21,10436.12,10332.94,98.28999999999905,15.979999999999563,114.26999999999862,0.04439298383918011,2020,-15.979999999999563
2020-04-16,10447.21,10368.68,10375.48,10447.21,10317.13,-78.52999999999884,6.799999999999272,-71.72999999999956,-0.02821743642968344,2020,-78.52999999999884
2020-04-17,10375.48,10685.61,10597.04,10710.15,10375.48,310.130000000001,-88.56999999999971,221.5600000000013,0.026069384857182687,2020,88.56999999999971
2020-04-21,10586.71,10426.94,10288.42,10586.71,10426.64,-159.76999999999862,-138.52000000000044,-298.28999999999905,-0.022320067540629984,2020,-159.76999999999862
2020-04-22,10288.42,10200.12,10307.74,10288.42,10140.09,-88.29999999999927,107.61999999999898,19.31999999999971,-0.047296365369969395,2020,-88.29999999999927
2020-04-23,10307.74,10377.82,10366.51,10462.7,10307.74,70.07999999999993,-11.30999999999949,58.77000000000044,0.058802794737835784,2020,11.30999999999949
2020-04-24,10366.51,10346.72,10347.36,10386.93,10324.2,-19.790000000000873,0.6400000000012369,-19.149999999999636,-0.010373813996623182,2020,19.149999999999636
2020-04-27,10347.36,10514.01,10567.27,10523.52,10347.36,166.64999999999964,53.26000000000022,219.90999999999985,0.02276126799906275,2020,-53.26000000000022
2020-04-28,10567.27,10554.33,10616.06,10620.52,10537.71,-12.94000000000051,61.72999999999956,48.789999999999054,0.013203646273846514,2020,48.789999999999054
2020-04-29,10616.06,10745.45,10772.22,10777.44,10616.06,129.39000000000124,26.769999999998618,156.15999999999985,-0.006857811992765361,2020,156.15999999999985
2020-04-30,10772.22,10936.85,10992.14,10941.21,10772.22,164.63000000000102,55.289999999999054,219.92000000000007,0.049351801588830346,2020,-55.289999999999054
2020-05-04,10992.14,10727.78,10720.48,10992.14,10658.5,-264.35999999999876,-7.300000000001091,-271.65999999999985,-0.050160578544858,2020,-264.35999999999876
2020-05-05,10720.48,10833.01,10774.61,10833.53,10720.48,112.53000000000065,-58.399999999999636,54.13000000000102,0.010277304792021269,2020,54.13000000000102
2020-05-06,10774.61,10806.81,10774.98,10828.73,10708.1,32.19999999999891,-31.829999999999927,0.36999999999898137,0.01697465840004808,2020,0.36999999999898137
2020-05-07,10774.98,10796.02,10842.92,10821.55,10774.98,21.040000000000873,46.899999999999636,67.94000000000051,0.010802012429713015,2020,67.94000000000051
2020-05-08,10842.92,10905.75,10901.42,10970.7,10842.92,62.82999999999993,-4.329999999999927,58.5,0.010060020494803146,2020,58.5
2020-05-11,10901.42,11028.34,11013.26,11039.11,10901.42,126.92000000000007,-15.079999999999927,111.84000000000015,0.029380902413431276,2020,15.079999999999927
2020-05-12,11013.26,10906.07,10879.47,11013.26,10891.91,-107.19000000000051,-26.600000000000364,-133.79000000000087,-0.0007321427565737393,2020,-133.79000000000087
2020-05-13,10879.47,10840.26,10938.27,10879.47,10828.93,-39.20999999999913,98.01000000000022,58.80000000000109,-0.027655821136103542,2020,-39.20999999999913
2020-05-14,10938.27,10837.44,10780.88,10938.27,10806.87,-100.82999999999993,-56.56000000000131,-157.39000000000124,-0.01951612529271296,2020,157.39000000000124
2020-05-15,10780.88,10812.65,10814.92,10904.01,10780.88,31.770000000000437,2.2700000000004366,34.04000000000087,0.02806859899383407,2020,-2.2700000000004366
2020-05-18,10814.92,10759.24,10740.55,10814.92,10730.7,-55.68000000000029,-18.69000000000051,-74.3700000000008,-0.021943014864437393,2020,-55.68000000000029
2020-05-19,10740.55,10866.37,10860.44,10924.79,10740.55,125.82000000000153,-5.930000000000291,119.89000000000124,0.0480042801121765,2020,5.930000000000291
2020-05-20,10860.44,10914.63,10907.8,10933.98,10860.44,54.18999999999869,-6.829999999999927,47.35999999999876,-0.003887710794708732,2020,47.35999999999876
2020-05-21,10907.8,10994.97,11008.31,11021.66,10907.8,87.17000000000007,13.340000000000146,100.51000000000022,0.036708511441138514,2020,-13.340000000000146
2020-05-22,11008.31,10902.79,10811.15,11008.31,10888.75,-105.51999999999862,-91.64000000000124,-197.15999999999985,-0.02706989933669779,2020,-105.51999999999862
2020-05-27,10997.21,11017.44,11014.66,11069.72,10997.21,20.230000000001382,-2.780000000000655,17.450000000000728,0.010098151816280154,2020,17.450000000000728
2020-05-28,11014.66,11063.01,10944.19,11087.53,11014.66,48.350000000000364,-118.81999999999971,-70.46999999999935,0.014721149567978209,2020,-70.46999999999935
2020-05-29,10944.19,10921.34,10942.16,10944.19,10861.9,-22.850000000000364,20.81999999999971,-2.030000000000655,-0.023087624708359678,2020,-22.850000000000364
2020-06-01,10942.16,11097.14,11079.02,11109.13,10942.16,154.97999999999956,-18.11999999999898,136.86000000000058,0.026503607327696077,2020,18.11999999999898
2020-06-02,11079.02,11134.4,11127.93,11170.49,11079.02,55.3799999999992,-6.469999999999345,48.909999999999854,-0.0049932793159477296,2020,48.909999999999854
2020-06-03,11127.93,11247.29,11320.16,11277.04,11127.93,119.36000000000058,72.86999999999898,192.22999999999956,0.0217931468501118,2020,-72.86999999999898
2020-06-04,11320.16,11365.8,11393.23,11425.42,11320.16,45.63999999999942,27.43000000000029,73.06999999999971,0.028703256327618387,2020,-27.43000000000029
2020-06-08,11479.4,11572.02,11610.32,11586.13,11479.4,92.6200000000008,38.29999999999927,130.92000000000007,0.02574393259174701,2020,-38.29999999999927
2020-06-09,11610.32,11628.02,11637.11,11635.99,11537.38,17.700000000000728,9.090000000000146,26.790000000000873,-0.002565177466363311,2020,26.790000000000873
2020-06-10,11637.11,11720.91,11720.16,11729.56,11621.02,83.79999999999927,-0.75,83.04999999999927,-0.0002651829762535529,2020,83.04999999999927
2020-06-12,11535.77,11419.12,11429.94,11535.77,11244.64,-116.64999999999964,10.819999999999709,-105.82999999999993,-0.06385122664192433,2020,-116.64999999999964
2020-06-15,11429.94,11433.48,11306.26,11455.69,11368.6,3.539999999999054,-127.21999999999935,-123.68000000000029,0.014488506175865501,2020,-123.68000000000029
2020-06-16,11306.26,11481.14,11511.64,11485.0,11306.26,174.8799999999992,30.5,205.3799999999992,0.014265829766000548,2020,205.3799999999992
2020-06-17,11511.64,11510.91,11534.59,11550.32,11487.46,-0.7299999999995634,23.68000000000029,22.950000000000728,0.017959513415259476,2020,22.950000000000728
2020-06-19,11548.33,11556.66,11549.86,11584.88,11544.03,8.329999999999927,-6.799999999999272,1.5300000000006548,-0.0019858070239102688,2020,1.5300000000006548
2020-06-22,11549.86,11589.33,11572.93,11632.88,11549.86,39.469999999999345,-16.399999999999636,23.06999999999971,-0.006741947539062987,2020,23.06999999999971
2020-06-29,11660.67,11578.74,11542.62,11660.67,11549.97,-81.93000000000029,-36.11999999999898,-118.04999999999927,-0.01995359628770299,2020,118.04999999999927
2020-06-30,11542.62,11577.7,11621.24,11621.94,11542.62,35.07999999999993,43.539999999999054,78.61999999999898,0.011436480186480136,2020,78.61999999999898
2020-07-01,11621.24,11708.8,11703.42,11711.23,11621.24,87.55999999999949,-5.3799999999992,82.18000000000029,0.027028139307577526,2020,5.3799999999992
2020-07-02,11703.42,11755.17,11805.14,11765.28,11690.95,51.75,49.969999999999345,101.71999999999935,-0.014756266153753694,2020,-101.71999999999935
2020-07-03,11805.14,11883.08,11909.16,11933.59,11805.14,77.94000000000051,26.079999999999927,104.02000000000044,0.013538520981402957,2020,104.02000000000044
2020-07-06,11909.16,12039.2,12116.7,12055.43,11909.16,130.04000000000087,77.5,207.54000000000087,0.013538520981402957,2020,207.54000000000087
2020-07-07,12116.7,12031.81,12092.97,12249.95,12034.13,-84.89000000000124,61.159999999999854,-23.730000000001382,0.02668525940379518,2020,-61.159999999999854
2020-07-08,12092.97,12156.73,12170.19,12172.14,12083.84,63.76000000000022,13.460000000000946,77.22000000000116,-0.013210801197961697,2020,-77.22000000000116
2020-07-09,12170.19,12239.23,12192.69,12273.43,12170.19,69.03999999999905,-46.539999999999054,22.5,0.014848225292978912,2020,22.5
2020-07-10,12192.69,12101.24,12073.68,12253.58,12030.2,-91.45000000000073,-27.55999999999949,-119.01000000000022,0.01315275934743565,2020,-119.01000000000022
2020-07-13,12073.68,12141.96,12211.56,12185.62,12073.68,68.27999999999884,69.60000000000036,137.8799999999992,-0.00333699295042178,2020,137.8799999999992
2020-07-14,12211.56,12216.78,12209.01,12228.31,12172.58,5.220000000001164,-7.770000000000437,-2.5499999999992724,-0.017223969581455112,2020,2.5499999999992724
2020-07-15,12209.01,12286.15,12202.85,12320.48,12209.01,77.13999999999942,-83.29999999999927,-6.1599999999998545,0.01752583401339125,2020,-6.1599999999998545
2020-07-16,12202.85,12197.74,12157.74,12220.93,12160.61,-5.110000000000582,-40.0,-45.11000000000058,-0.002715251305687949,2020,-45.11000000000058
2020-07-17,12157.74,12193.5,12181.56,12249.4,12157.74,35.76000000000022,-11.94000000000051,23.81999999999971,-0.003996763832436301,2020,23.81999999999971
2020-07-21,12174.54,12355.95,12397.55,12357.4,12174.54,181.40999999999985,41.599999999998545,223.0099999999984,0.020048429426918535,2020,-41.599999999998545
2020-07-22,12397.55,12431.26,12473.27,12482.81,12389.4,33.710000000000946,42.01000000000022,75.72000000000116,-0.006576734092405778,2020,75.72000000000116
2020-07-24,12413.04,12446.69,12304.04,12474.89,12413.04,33.649999999999636,-142.64999999999964,-109.0,-0.016367202899170263,2020,109.0
2020-07-27,12304.04,12639.19,12588.3,12686.36,12304.04,335.14999999999964,-50.89000000000124,284.2599999999984,-0.015577241582446777,2020,-284.2599999999984
2020-07-28,12588.3,12824.32,12586.73,13031.7,12588.3,236.02000000000044,-237.59000000000015,-1.569999999999709,0.03232926703650829,2020,237.59000000000015
2020-07-29,12586.73,12564.36,12540.97,12588.57,12488.01,-22.36999999999898,-23.390000000001237,-45.76000000000022,-0.021010918835704162,2020,-22.36999999999898
2020-07-30,12540.97,12655.85,12722.92,12769.47,12540.97,114.88000000000102,67.06999999999971,181.95000000000073,0.022277227722772297,2020,-67.06999999999971
2020-07-31,12722.92,12698.8,12664.8,12733.48,12635.71,-24.1200000000008,-34.0,-58.1200000000008,0.01958410482837203,2020,-58.1200000000008
2020-08-03,12664.8,12609.16,12513.03,12673.02,12591.69,-55.63999999999942,-96.1299999999992,-151.76999999999862,-0.0051873064655073575,2020,-151.76999999999862
2020-08-04,12513.03,12630.22,12709.92,12657.4,12513.03,117.18999999999869,79.70000000000073,196.88999999999942,0.01912554238184616,2020,196.88999999999942
2020-08-05,12709.92,12747.49,12802.3,12816.39,12709.92,37.56999999999971,54.80999999999949,92.3799999999992,0.014945321434640668,2020,92.3799999999992
2020-08-06,12802.3,12910.07,12913.5,12971.87,12802.3,107.77000000000044,3.430000000000291,111.20000000000073,-0.0010181870839574003,2020,111.20000000000073
2020-08-07,12913.5,12872.2,12828.87,12913.5,12860.56,-41.29999999999927,-43.32999999999993,-84.6299999999992,-0.0011868307090180386,2020,-84.6299999999992
2020-08-10,12828.87,12895.08,12894.0,12922.06,12786.8,66.20999999999913,-1.0799999999999272,65.1299999999992,-0.011827986249058897,2020,-65.1299999999992
2020-08-12,12780.19,12635.22,12670.35,12780.19,12625.54,-144.97000000000116,35.13000000000102,-109.84000000000015,-0.011382822536245119,2020,109.84000000000015
2020-08-13,12670.35,12759.22,12763.13,12812.8,12670.35,88.86999999999898,3.9099999999998545,92.77999999999884,0.03361348437666778,2020,-3.9099999999998545
2020-08-14,12763.13,12739.54,12795.46,12763.13,12679.19,-23.589999999998327,55.919999999998254,32.32999999999993,-0.01113944738283601,2020,-32.32999999999993
2020-08-17,12795.46,12879.92,12956.11,12886.08,12795.46,84.46000000000095,76.19000000000051,160.65000000000146,-0.0007264769048450637,2020,160.65000000000146
2020-08-18,12956.11,12877.37,12872.14,12981.58,12852.1,-78.73999999999978,-5.230000000001382,-83.97000000000116,0.01217733470858473,2020,-83.97000000000116
2020-08-19,12872.14,12916.49,12778.64,12950.11,12872.14,44.350000000000364,-137.85000000000036,-93.5,-0.005813405398611193,2020,-93.5
2020-08-20,12778.64,12511.56,12362.64,12778.64,12486.33,-267.0799999999999,-148.92000000000007,-416.0,-0.006271843082008011,2020,-416.0
2020-08-21,12362.64,12515.24,12607.84,12573.89,12362.64,152.60000000000036,92.60000000000036,245.20000000000073,-0.008965044052763327,2020,245.20000000000073
2020-08-26,12758.25,12808.51,12833.29,12809.7,12734.69,50.26000000000022,24.780000000000655,75.04000000000087,0.010674200336131534,2020,75.04000000000087
2020-08-28,12797.31,12771.7,12728.85,12797.31,12687.57,-25.609999999998763,-42.850000000000364,-68.45999999999913,-0.013367522431040335,2020,68.45999999999913
2020-08-31,12728.85,12731.35,12591.45,12831.38,12709.2,2.5,-139.89999999999964,-137.39999999999964,0.019813976533117117,2020,-137.39999999999964
2020-09-01,12591.45,12630.51,12703.28,12653.84,12565.83,39.05999999999949,72.77000000000044,111.82999999999993,-0.0016385912531911018,2020,111.82999999999993
2020-09-02,12703.28,12734.37,12699.5,12802.61,12703.28,31.090000000000146,-34.8700000000008,-3.780000000000655,0.019575921395486695,2020,-3.780000000000655
2020-09-03,12699.5,12830.36,12757.97,12846.33,12699.5,130.86000000000058,-72.39000000000124,58.469999999999345,0.028420431469878604,2020,72.39000000000124
2020-09-04,12757.97,12631.99,12637.95,12757.97,12559.78,-125.97999999999956,5.960000000000946,-120.01999999999862,-0.05735851285556359,2020,-125.97999999999956
2020-09-07,12637.95,12685.18,12601.4,12725.05,12637.95,47.22999999999956,-83.78000000000065,-36.55000000000109,-0.009623002108108847,2020,-36.55000000000109
2020-09-08,12601.4,12633.4,12663.56,12686.78,12601.4,32.0,30.159999999999854,62.159999999999854,-0.009623002108108847,2020,62.159999999999854
2020-09-09,12663.56,12505.88,12608.58,12663.56,12480.5,-157.6800000000003,102.70000000000073,-54.97999999999956,-0.04705499541290614,2020,-157.6800000000003
2020-09-10,12608.58,12690.74,12691.75,12700.56,12608.58,82.15999999999985,1.0100000000002183,83.17000000000007,0.02892901010618365,2020,-1.0100000000002183
2020-09-11,12691.75,12659.29,12675.95,12701.79,12642.53,-32.45999999999913,16.659999999999854,-15.799999999999272,-0.014670839459626328,2020,15.799999999999272
2020-09-14,12675.95,12733.08,12787.82,12741.89,12675.95,57.1299999999992,54.73999999999978,111.86999999999898,-0.0006595627239474045,2020,111.86999999999898
2020-09-15,12787.82,12827.24,12845.65,12827.62,12773.23,39.42000000000007,18.409999999999854,57.82999999999993,0.021241638854692768,2020,-18.409999999999854
2020-09-16,12845.65,12997.68,12976.76,13021.68,12845.65,152.03000000000065,-20.920000000000073,131.11000000000058,0.017160536266758397,2020,131.11000000000058
2020-09-17,12976.76,12914.68,12872.74,12976.76,12908.34,-62.07999999999993,-41.94000000000051,-104.02000000000044,-0.01065704153317204,2020,104.02000000000044
2020-09-18,12872.74,12894.12,12875.62,12897.73,12841.09,21.38000000000102,-18.5,2.8800000000010186,-0.0006331016515298549,2020,2.8800000000010186
2020-09-21,12875.62,12893.04,12795.12,12952.31,12860.02,17.420000000000073,-97.92000000000007,-80.5,-0.015122029031743645,2020,80.5
2020-09-22,12795.12,12718.46,12645.51,12795.12,12632.74,-76.66000000000167,-72.94999999999891,-149.61000000000058,-0.0030958319643491494,2020,-149.61000000000058
2020-09-23,12645.51,12615.92,12583.88,12700.89,12583.51,-29.590000000000146,-32.04000000000087,-61.63000000000102,0.012059713686243256,2020,-61.63000000000102
2020-09-24,12583.88,12362.58,12264.38,12583.88,12353.94,-221.29999999999927,-98.20000000000073,-319.5,-0.02457046407309227,2020,-221.29999999999927
2020-09-28,12232.91,12404.78,12462.76,12404.36,12232.91,171.8700000000008,57.97999999999956,229.85000000000036,0.014165836212757688,2020,229.85000000000036
2020-09-29,12462.76,12497.01,12467.73,12571.34,12462.76,34.25,-29.280000000000655,4.969999999999345,0.027458399147779256,2020,29.280000000000655
2020-10-05,12515.61,12568.11,12548.28,12637.62,12515.61,52.5,-19.829999999999927,32.67000000000007,-0.030827700860033946,2020,52.5
2020-10-06,12548.28,12696.02,12704.23,12706.39,12548.28,147.73999999999978,8.209999999999127,155.9499999999989,0.03351462325313359,2020,-8.209999999999127
2020-10-07,12704.23,12684.01,12746.37,12704.23,12619.81,-20.219999999999345,62.36000000000058,42.14000000000124,-0.006303472790952891,2020,42.14000000000124
2020-10-08,12746.37,12844.93,12887.19,12863.88,12746.37,98.55999999999949,42.26000000000022,140.8199999999997,0.020932975025097722,2020,-42.26000000000022
2020-10-12,12887.19,12986.39,12955.91,12997.79,12887.19,99.19999999999891,-30.479999999999563,68.71999999999935,0.017774684231970816,2020,68.71999999999935
2020-10-13,12955.91,12904.04,12947.13,12994.66,12857.1,-51.86999999999898,43.08999999999833,-8.780000000000655,0.014778735967706957,2020,-8.780000000000655
2020-10-14,12947.13,12918.81,12919.31,12960.0,12909.44,-28.31999999999971,0.5,-27.81999999999971,-0.0013766293538470808,2020,-27.81999999999971
2020-10-15,12919.31,12860.11,12827.82,12919.31,12849.42,-59.19999999999891,-32.29000000000087,-91.48999999999978,-0.00532070300765819,2020,-91.48999999999978
2020-10-16,12827.82,12828.99,12750.37,12861.73,12792.97,1.1700000000000728,-78.61999999999898,-77.44999999999891,-0.00251116994870082,2020,-77.44999999999891
2020-10-19,12750.37,12881.81,12908.34,12894.79,12750.37,131.4399999999987,26.530000000000655,157.96999999999935,-0.004715631260031605,2020,157.96999999999935
2020-10-20,12908.34,12866.94,12862.37,12917.75,12864.88,-41.399999999999636,-4.569999999999709,-45.969999999999345,-0.00579641297463096,2020,-45.969999999999345
2020-10-21,12862.37,12933.14,12877.25,12942.12,12862.37,70.76999999999862,-55.88999999999942,14.8799999999992,-1.2574135004217446e-05,2020,14.8799999999992
2020-10-22,12877.25,12871.6,12917.03,12889.77,12842.09,-5.649999999999636,45.43000000000029,39.780000000000655,-0.0077792960072428086,2020,39.780000000000655
2020-10-26,12898.82,12917.15,12909.03,12971.58,12894.18,18.329999999999927,-8.119999999998981,10.210000000000946,-0.004311417663312778,2020,10.210000000000946
2020-10-27,12909.03,12865.05,12875.01,12909.03,12821.07,-43.98000000000138,9.960000000000946,-34.02000000000044,-0.021938539888061825,2020,-43.98000000000138
2020-10-28,12875.01,12845.98,12793.75,12879.98,12844.7,-29.030000000000655,-52.22999999999956,-81.26000000000022,-0.0032662609110009067,2020,-81.26000000000022
2020-10-29,12793.75,12680.41,12662.91,12793.75,12583.37,-113.34000000000015,-17.5,-130.84000000000015,-0.03386920826977147,2020,-113.34000000000015
2020-10-30,12662.91,12624.35,12546.34,12662.91,12557.0,-38.55999999999949,-78.01000000000022,-116.56999999999971,0.027292193362063566,2020,78.01000000000022
2020-11-02,12546.34,12521.9,12591.31,12594.34,12497.6,-24.44000000000051,69.40999999999985,44.969999999999345,-0.01642108028813527,2020,-44.969999999999345
2020-11-04,12736.01,12795.18,12867.9,12800.52,12736.01,59.17000000000007,72.71999999999935,131.88999999999942,0.018875521554642116,2020,131.88999999999942
2020-11-05,12867.9,12905.46,12918.8,12918.05,12850.05,37.55999999999949,13.340000000000146,50.899999999999636,0.035388430254523984,2020,-13.340000000000146
2020-11-06,12918.8,12988.87,12973.53,12991.95,12918.8,70.07000000000153,-15.340000000000146,54.73000000000138,0.04401439464478951,2020,15.340000000000146
2020-11-09,12973.53,13106.24,13127.47,13149.9,12973.53,132.70999999999913,21.229999999999563,153.9399999999987,0.016113869739189157,2020,153.9399999999987
2020-11-10,13127.47,13122.91,13081.72,13142.22,13080.25,-4.559999999999491,-41.19000000000051,-45.75,-0.012525353165142472,2020,45.75
2020-11-11,13081.72,13153.5,13262.19,13153.2,13067.04,71.78000000000065,108.69000000000051,180.47000000000116,-0.030133048258521256,2020,71.78000000000065
2020-11-12,13262.19,13257.0,13221.78,13324.86,13238.08,-5.190000000000509,-35.219999999999345,-40.409999999999854,0.036704330128429996,2020,35.219999999999345
2020-11-13,13221.78,13183.25,13273.33,13231.57,13172.84,-38.530000000000655,90.07999999999993,51.54999999999927,-0.013065258597346308,2020,-51.54999999999927
2020-11-16,13273.33,13448.11,13551.83,13459.16,13273.33,174.78000000000065,103.71999999999935,278.5,0.01226179476523459,2020,278.5
2020-11-17,13551.83,13626.26,13593.01,13780.12,13551.83,74.43000000000029,-33.25,41.18000000000029,0.024776588196841587,2020,33.25
2020-11-18,13593.01,13669.39,13773.29,13686.5,13593.01,76.3799999999992,103.90000000000146,180.28000000000065,-0.008564827419894394,2020,180.28000000000065
2020-11-19,13773.29,13754.89,13722.43,13785.92,13707.93,-18.400000000001455,-32.45999999999913,-50.86000000000058,-0.0072068608373611065,2020,-50.86000000000058
2020-11-20,13722.43,13706.74,13716.44,13722.43,13666.07,-15.69000000000051,9.700000000000728,-5.989999999999782,0.01566037959527211,2020,-5.989999999999782
2020-11-23,13716.44,13866.32,13878.01,13921.16,13716.44,149.8799999999992,11.69000000000051,161.5699999999997,-0.005727136198457661,2020,161.5699999999997
2020-11-24,13878.01,13852.85,13807.13,13951.17,13825.65,-25.159999999999854,-45.720000000001164,-70.88000000000102,0.015554685971434168,2020,-70.88000000000102
2020-11-26,13738.83,13825.59,13845.66,13827.01,13738.83,86.76000000000022,20.06999999999971,106.82999999999993,-0.0033614282812256535,2020,106.82999999999993
2020-11-27,13845.66,13838.01,13867.09,13857.05,13817.6,-7.649999999999636,29.079999999999927,21.43000000000029,-0.0033614282812256535,2020,21.43000000000029
2020-11-30,13867.09,13907.48,13722.89,13969.39,13867.09,40.38999999999942,-184.59000000000015,-144.20000000000073,0.012045041996123551,2020,-144.20000000000073
2020-12-01,13722.89,13788.23,13885.67,13859.82,13722.89,65.34000000000015,97.44000000000051,162.78000000000065,0.012133487361108974,2020,162.78000000000065
2020-12-02,13885.67,13907.59,13989.14,13980.49,13885.67,21.920000000000073,81.54999999999927,103.46999999999935,0.017360680911135518,2020,103.46999999999935
2020-12-04,13977.09,14069.79,14132.44,14081.56,13977.09,92.70000000000073,62.649999999999636,155.35000000000036,-7.362821433165578e-05,2020,155.35000000000036
2020-12-07,14132.44,14165.48,14256.6,14306.87,14132.44,33.039999999999054,91.1200000000008,124.15999999999985,0.028304769618761938,2020,-91.1200000000008
2020-12-10,14390.14,14300.55,14249.49,14390.14,14239.6,-89.59000000000015,-51.05999999999949,-140.64999999999964,-0.028938986673862965,2020,-89.59000000000015
2020-12-11,14249.49,14259.55,14261.69,14353.17,14249.49,10.05999999999949,2.140000000001237,12.200000000000728,-0.00040222760963437576,2020,12.200000000000728
2020-12-14,14261.69,14242.74,14211.05,14268.82,14182.25,-18.950000000000728,-31.69000000000051,-50.64000000000124,-0.010824276522038212,2020,50.64000000000124
2020-12-15,14211.05,14136.94,14068.52,14256.55,14134.21,-74.10999999999876,-68.42000000000007,-142.52999999999884,0.011896837371675462,2020,-142.52999999999884
2020-12-16,14068.52,14272.95,14304.46,14282.74,14068.52,204.4300000000003,31.5099999999984,235.9399999999987,0.014084970306075917,2020,235.9399999999987
2020-12-17,14304.46,14273.37,14258.93,14338.4,14255.59,-31.089999999998327,-14.44000000000051,-45.529999999998836,-0.0004937310571250242,2020,-45.529999999998836
2020-12-21,14249.96,14217.68,14384.96,14300.92,14166.89,-32.279999999998836,167.27999999999884,135.0,-0.004823371032417367,2020,135.0
2020-12-22,14384.96,14366.41,14177.46,14391.85,14302.87,-18.549999999999272,-188.95000000000073,-207.5,-0.006311624239530578,2020,-207.5
2020-12-23,14177.46,14214.04,14223.09,14227.37,14134.87,36.580000000001746,9.049999999999272,45.63000000000102,-0.001208463613233457,2020,45.63000000000102
2020-12-24,14223.09,14286.91,14280.28,14309.11,14223.09,63.81999999999971,-6.6299999999992,57.19000000000051,-0.007449061032008264,2020,57.19000000000051
2020-12-29,14483.07,14471.61,14472.05,14547.07,14467.6,-11.459999999999127,0.4399999999986903,-11.020000000000437,-0.0021598115073592217,2020,-11.020000000000437
2020-12-30,14472.05,14549.67,14687.7,14555.49,14472.05,77.6200000000008,138.03000000000065,215.65000000000146,-0.0022774478008964483,2020,215.65000000000146
2020-12-31,14687.7,14718.97,14732.53,14760.06,14659.76,31.269999999998618,13.56000000000131,44.82999999999993,0.0166980150106828,2020,44.82999999999993
2021-01-05,14902.03,14918.32,15000.03,14974.04,14861.99,16.289999999999054,81.71000000000095,98.0,-0.004396351278840971,2021,98.0
2021-01-06,15000.03,15096.51,14983.13,15197.68,15000.03,96.47999999999956,-113.38000000000102,-16.900000000001455,0.019387685442348923,2021,-16.900000000001455
2021-01-07,14983.13,15103.66,15214.0,15143.19,14983.13,120.53000000000065,110.34000000000015,230.8700000000008,-0.0032461925087322596,2021,230.8700000000008
2021-01-08,15214.0,15309.28,15463.95,15400.77,15214.0,95.28000000000065,154.67000000000007,249.95000000000073,0.038557829672272614,2021,-154.67000000000007
2021-01-11,15463.95,15453.98,15557.3,15518.77,15417.52,-9.970000000001164,103.31999999999971,93.34999999999854,-0.0001804562478719962,2021,93.34999999999854
2021-01-12,15557.3,15543.37,15500.7,15642.03,15466.95,-13.929999999998472,-42.67000000000007,-56.599999999998545,0.011391228243435192,2021,-56.599999999998545
2021-01-15,15707.19,15791.22,15616.39,16041.59,15707.19,84.02999999999884,-174.82999999999993,-90.80000000000109,0.02128712043984704,2021,174.82999999999993
2021-01-18,15616.39,15538.46,15612.0,15676.45,15320.97,-77.93000000000029,73.54000000000087,-4.389999999999418,-0.02057506774358231,2021,-77.93000000000029
2021-01-19,15612.0,15793.78,15877.37,15805.74,15612.0,181.78000000000065,83.59000000000015,265.3700000000008,-0.02057506774358231,2021,181.78000000000065
2021-01-20,15877.37,15904.15,15806.18,16004.32,15825.55,26.779999999998836,-97.96999999999935,-71.19000000000051,0.03359763697176876,2021,97.96999999999935
2021-01-21,15806.18,16025.79,16153.77,16058.21,15775.73,219.61000000000058,127.97999999999956,347.59000000000015,-0.002676735675584907,2021,347.59000000000015
2021-01-22,16153.77,16102.67,16019.03,16153.77,15984.89,-51.100000000000364,-83.63999999999942,-134.73999999999978,0.015276949407463158,2021,-134.73999999999978
2021-01-25,16019.03,15803.77,15946.54,16019.03,15772.63,-215.26000000000022,142.77000000000044,-72.48999999999978,-0.018444081898492115,2021,72.48999999999978
2021-01-27,15658.85,15789.34,15701.45,15837.47,15658.85,130.48999999999978,-87.88999999999942,42.600000000000364,-0.015406549082394583,2021,-42.600000000000364
2021-01-28,15701.45,15493.13,15415.88,15701.45,15377.42,-208.32000000000153,-77.25,-285.5700000000015,-0.05166618839819637,2021,-208.32000000000153
2021-01-29,15415.88,15489.56,15138.31,15603.41,15415.88,73.68000000000029,-351.25,-277.5699999999997,0.020865143489163795,2021,351.25
2021-02-01,15138.31,15194.82,15410.09,15250.98,15089.96,56.51000000000022,215.27000000000044,271.78000000000065,-0.0163673035514732,2021,-271.78000000000065
2021-02-02,15410.09,15761.1,15760.05,15782.42,15410.09,351.0100000000002,-1.0500000000010914,349.9599999999991,0.03910871884395295,2021,1.0500000000010914
2021-02-03,15760.05,15817.3,15771.32,15896.4,15760.05,57.25,-45.97999999999956,11.270000000000437,0.015780052600175454,2021,11.270000000000437
2021-02-04,15771.32,15767.27,15706.22,15771.32,15606.74,-4.049999999999272,-61.05000000000109,-65.10000000000036,-0.02115294372450638,2021,-4.049999999999272
2021-02-18,16362.29,16389.42,16424.51,16429.73,16323.22,27.12999999999738,35.090000000000146,62.219999999997526,-0.018734639941709097,2021,-62.219999999997526
2021-02-19,16424.51,16317.63,16341.38,16424.51,16279.49,-106.8799999999992,23.75,-83.1299999999992,-0.009895413813934661,2021,-83.1299999999992
2021-02-22,16341.38,16468.18,16410.16,16579.17,16341.38,126.80000000000109,-58.02000000000044,68.78000000000065,0.024364511136745648,2021,58.02000000000044
2021-02-23,16410.16,16372.68,16443.4,16410.16,16211.75,-37.47999999999956,70.72000000000116,33.2400000000016,-0.03767690618155639,2021,-37.47999999999956
2021-02-24,16443.4,16430.02,16212.53,16456.94,16329.54,-13.380000000001019,-217.48999999999978,-230.8700000000008,-0.005844597535146656,2021,-230.8700000000008
2021-02-25,16212.53,16352.18,16452.18,16474.05,16212.53,139.64999999999964,100.0,239.64999999999964,0.03238128591255163,2021,-100.0
2021-02-26,16452.18,16057.7,15953.8,16452.18,15974.2,-394.47999999999956,-103.90000000000146,-498.380000000001,-0.05797583973565679,2021,-394.47999999999956
2021-03-02,15953.8,16183.21,15946.88,16262.91,15953.8,229.40999999999985,-236.32999999999993,-6.920000000000073,0.033084280321552306,2021,236.32999999999993
2021-03-03,15946.88,15991.45,16211.73,16039.16,15884.55,44.57000000000153,220.27999999999884,264.85000000000036,-0.030977151313775764,2021,44.57000000000153
2021-03-04,16211.73,16012.23,15906.41,16211.73,15980.75,-199.5,-105.81999999999971,-305.3199999999997,-0.03105238135554589,2021,-199.5
2021-03-05,15906.41,15806.53,15855.23,15906.41,15636.43,-99.8799999999992,48.69999999999891,-51.18000000000029,-0.04837712311549336,2021,-99.8799999999992
2021-03-08,15855.23,16008.05,15820.11,16052.25,15855.23,152.8199999999997,-187.9399999999987,-35.11999999999898,0.03147303849726124,2021,187.9399999999987
2021-03-09,15820.11,15669.81,15853.09,15864.26,15657.92,-150.3000000000011,183.28000000000065,32.97999999999956,-0.054095694598989996,2021,-150.3000000000011
2021-03-10,15853.09,15922.62,15911.67,15986.07,15853.09,69.53000000000065,-10.950000000000728,58.57999999999993,0.06133743552619664,2021,10.950000000000728
2021-03-11,15911.67,16166.46,16179.56,16169.75,15911.67,254.78999999999905,13.100000000000364,267.8899999999994,-0.01803758939502964,2021,-267.8899999999994
2021-03-12,16179.56,16214.63,16255.18,16298.03,16179.56,35.06999999999971,40.55000000000109,75.6200000000008,0.04091591070113765,2021,-40.55000000000109
2021-03-15,16255.18,16239.84,16249.33,16281.91,16194.91,-15.340000000000146,9.489999999999782,-5.850000000000364,-0.0106902269838145,2021,5.850000000000364
2021-03-16,16249.33,16274.57,16313.16,16309.77,16249.33,25.23999999999978,38.590000000000146,63.82999999999993,0.022582788380791197,2021,-38.590000000000146
2021-03-17,16313.16,16321.04,16215.82,16334.02,16264.92,7.880000000001019,-105.22000000000116,-97.34000000000015,0.012621823518741415,2021,-97.34000000000015
2021-03-18,16215.82,16393.83,16287.84,16410.02,16215.82,178.01000000000204,-105.9900000000016,72.02000000000044,0.012246280517991481,2021,72.02000000000044
2021-03-19,16287.84,16115.88,16070.24,16287.84,16061.13,-171.96000000000095,-45.63999999999942,-217.60000000000036,-0.04237560812376129,2021,-171.96000000000095
2021-03-22,16070.24,16134.42,16189.22,16178.73,15983.77,64.18000000000029,54.79999999999927,118.97999999999956,0.011810282841994146,2021,118.97999999999956
2021-03-23,16189.22,16282.52,16177.59,16351.38,16189.22,93.30000000000109,-104.93000000000029,-11.6299999999992,0.02197670827563547,2021,104.93000000000029
2021-03-24,16177.59,16075.68,16032.12,16177.59,15967.95,-101.90999999999985,-43.55999999999949,-145.46999999999935,-0.027079982453575124,2021,-101.90999999999985
2021-03-25,16032.12,16004.58,16060.14,16055.58,15944.96,-27.540000000000873,55.55999999999949,28.019999999998618,-0.01343927112660781,2021,-28.019999999998618
2021-03-29,16305.88,16465.31,16475.97,16481.34,16305.88,159.4300000000021,10.659999999999854,170.09000000000196,0.04946146465397239,2021,-10.659999999999854
2021-03-30,16475.97,16488.41,16554.9,16538.9,16438.4,12.43999999999869,66.4900000000016,78.93000000000029,-0.016627606011048623,2021,-78.93000000000029
2021-03-31,16554.9,16526.93,16431.13,16554.9,16497.77,-27.970000000001164,-95.79999999999927,-123.77000000000044,-0.003299908663242368,2021,-123.77000000000044
2021-04-01,16431.13,16532.97,16571.28,16602.47,16431.13,101.84000000000015,38.30999999999767,140.14999999999782,0.02640455896602112,2021,-38.30999999999767
2021-04-06,16571.28,16759.52,16739.87,16804.45,16571.28,188.2400000000016,-19.650000000001455,168.59000000000015,0.020140918532052243,2021,19.650000000001455
2021-04-07,16739.87,16743.15,16815.36,16816.34,16723.69,3.280000000002474,72.20999999999913,75.4900000000016,-0.01189860320744951,2021,-75.4900000000016
2021-04-09,16926.44,16825.45,16854.1,17016.13,16817.78,-100.98999999999796,28.649999999997817,-72.34000000000015,0.010653735236310968,2021,-72.34000000000015
2021-04-12,16854.1,16924.71,16859.7,16979.35,16854.1,70.61000000000058,-65.0099999999984,5.600000000002183,-0.0020386155589078303,2021,5.600000000002183
2021-04-13,16859.7,16970.41,16824.91,17004.33,16859.7,110.70999999999913,-145.5,-34.79000000000087,-0.010987910263376088,2021,34.79000000000087
2021-04-14,16824.91,16844.57,16865.97,16935.39,16766.63,19.659999999999854,21.400000000001455,41.06000000000131,-0.0017278790055028637,2021,41.06000000000131
2021-04-15,16865.97,16912.82,17076.73,16966.93,16851.06,46.849999999998545,163.90999999999985,210.7599999999984,-0.011934700402742249,2021,-210.7599999999984
2021-04-16,17076.73,17056.74,17158.81,17092.17,16998.91,-19.989999999997963,102.06999999999971,82.08000000000175,0.017875589629979816,2021,82.08000000000175
2021-04-19,17158.81,17210.59,17263.28,17241.03,17135.52,51.779999999998836,52.68999999999869,104.46999999999753,-0.005578770714052106,2021,104.46999999999753
2021-04-20,17263.28,17278.26,17323.87,17286.24,17175.02,14.979999999999563,45.61000000000058,60.590000000000146,-0.025231472942565225,2021,14.979999999999563
2021-04-21,17323.87,17181.12,17202.11,17323.87,17180.15,-142.75,20.9900000000016,-121.7599999999984,-0.015632292652160262,2021,121.7599999999984
2021-04-22,17202.11,17301.0,17096.97,17428.15,17202.11,98.88999999999942,-204.02999999999884,-105.13999999999942,0.027493808927318675,2021,204.02999999999884
2021-04-23,17096.97,17150.83,17300.27,17186.97,17055.48,53.86000000000058,149.4399999999987,203.29999999999927,-0.023097669342895033,2021,53.86000000000058
2021-04-26,17300.27,17453.38,17572.29,17493.67,17300.27,153.11000000000058,118.90999999999985,272.02000000000044,0.02036595524660334,2021,-118.90999999999985
2021-04-27,17572.29,17607.88,17595.9,17630.19,17530.05,35.590000000000146,-11.979999999999563,23.610000000000582,0.016665728281065384,2021,23.610000000000582
2021-04-28,17595.9,17591.72,17567.53,17628.81,17571.47,-4.180000000000291,-24.19000000000233,-28.37000000000262,-0.0075840086639222815,2021,-28.37000000000262
2021-04-29,17567.53,17678.93,17566.66,17709.23,17567.53,111.40000000000146,-112.27000000000044,-0.8699999999989814,-0.014608089632658694,2021,0.8699999999989814
2021-05-03,17566.66,17370.66,17222.35,17566.66,17324.0,-196.0,-148.3100000000013,-344.3100000000013,-0.029199063231850175,2021,-196.0
2021-05-04,17222.35,16996.66,16933.78,17328.55,16995.18,-225.6899999999987,-62.88000000000102,-288.5699999999997,-0.011453880520683413,2021,288.5699999999997
2021-05-05,16933.78,17030.49,16843.44,17047.55,16858.6,96.71000000000276,-187.0500000000029,-90.34000000000015,-0.01596613500445765,2021,90.34000000000015
2021-05-10,17285.0,17271.11,17235.61,17304.47,17188.15,-13.889999999999418,-35.5,-49.38999999999942,0.014940219553717826,2021,-49.38999999999942
2021-05-11,17235.61,16820.4,16583.13,17235.61,16775.57,-415.2099999999991,-237.27000000000044,-652.4799999999996,-0.04656767447614585,2021,-415.2099999999991
2021-05-13,15902.37,15731.22,15670.1,15949.23,15368.54,-171.15000000000146,-61.11999999999898,-232.27000000000044,-0.04195550418177363,2021,-171.15000000000146
2021-05-14,15670.1,15937.73,15827.09,16075.48,15670.1,267.6299999999992,-110.63999999999942,156.98999999999978,0.015007979236448366,2021,156.98999999999978
2021-05-17,15827.09,15630.33,15353.89,15827.09,15262.47,-196.76000000000022,-276.4400000000005,-473.2000000000007,0.030228684768861758,2021,276.4400000000005
2021-05-18,15353.89,15905.4,16145.98,15964.44,15353.89,551.5100000000002,240.57999999999993,792.0900000000001,-0.008985651132681682,2021,792.0900000000001
2021-05-19,16145.98,16069.56,16132.66,16273.98,16009.76,-76.42000000000007,63.100000000000364,-13.319999999999709,-0.008623753227984587,2021,-13.319999999999709
2021-05-20,16132.66,16110.84,16042.36,16154.08,16022.55,-21.81999999999971,-68.47999999999956,-90.29999999999927,0.01984534762644463,2021,-90.29999999999927
2021-05-21,16042.36,16195.3,16302.06,16431.14,16042.36,152.9399999999987,106.76000000000022,259.6999999999989,0.026388554136204112,2021,-106.76000000000022
2021-05-24,16302.06,16317.31,16338.29,16317.47,16136.97,15.25,20.980000000001382,36.23000000000138,-0.004569307689548108,2021,36.23000000000138
2021-05-25,16338.29,16570.45,16595.67,16613.16,16338.29,232.15999999999985,25.219999999997526,257.3799999999974,0.023223354411716635,2021,-25.219999999997526
2021-06-02,17162.38,17214.52,17165.04,17274.66,17162.03,52.13999999999942,-49.47999999999956,2.6599999999998545,-0.0038411327575818,2021,2.6599999999998545
2021-06-04,17246.16,17131.66,17147.41,17246.16,17100.23,-114.5,15.75,-98.75,-0.018076434635186933,2021,98.75
2021-06-07,17147.41,16868.0,17083.91,17189.23,16775.85,-279.40999999999985,215.90999999999985,-63.5,0.0238755857402706,2021,-215.90999999999985
2021-06-08,17083.91,17103.64,17076.21,17181.52,17083.91,19.729999999999563,-27.43000000000029,-7.700000000000728,-0.006994094843410736,2021,-7.700000000000728
2021-06-09,17076.21,17039.52,16966.22,17082.52,16978.28,-36.68999999999869,-73.29999999999927,-109.98999999999796,-0.006404190922592035,2021,-109.98999999999796
2021-06-10,16966.22,17112.48,17159.22,17135.78,16966.22,146.2599999999984,46.7400000000016,193.0,-0.004017381323276115,2021,193.0
2021-06-11,17159.22,17268.91,17213.52,17278.55,17159.22,109.68999999999869,-55.38999999999942,54.29999999999927,0.011945619411869002,2021,54.29999999999927
2021-06-15,17213.52,17318.51,17371.29,17362.22,17213.52,104.98999999999796,52.780000000002474,157.77000000000044,0.014105655346006163,2021,157.77000000000044
2021-06-16,17371.29,17384.12,17307.86,17398.22,17330.61,12.829999999998108,-76.2599999999984,-63.43000000000029,-0.009019027198387874,2021,-63.43000000000029
2021-06-17,17307.86,17230.89,17390.61,17307.86,17150.52,-76.97000000000116,159.72000000000116,82.75,-0.0077402835727437,2021,82.75
2021-06-21,17318.54,17057.45,17062.98,17318.54,17058.68,-261.09000000000015,5.529999999998836,-255.5600000000013,-0.02441431935414995,2021,-261.09000000000015
2021-06-25,17407.96,17585.34,17502.99,17596.15,17407.96,177.38000000000102,-82.34999999999854,95.03000000000247,0.01769662394204974,2021,95.03000000000247
2021-06-28,17502.99,17503.32,17590.97,17573.96,17481.23,0.32999999999810825,87.65000000000146,87.97999999999956,-0.0037863421230561745,2021,87.97999999999956
2021-06-29,17590.97,17596.72,17598.19,17713.24,17541.14,5.75,1.4699999999975262,7.219999999997526,0.02519219615731072,2021,-1.4699999999975262
2021-07-01,17755.46,17778.05,17713.94,17841.41,17755.46,22.590000000000146,-64.11000000000058,-41.52000000000044,-0.0010630451465718505,2021,-41.52000000000044
2021-07-02,17713.94,17722.27,17710.15,17795.88,17701.51,8.330000000001746,-12.119999999998981,-3.789999999997235,-0.015021029441217748,2021,3.789999999997235
2021-07-07,17913.07,17918.15,17850.69,17933.62,17873.92,5.080000000001746,-67.46000000000276,-62.38000000000102,-0.002385526399121707,2021,-62.38000000000102
2021-07-08,17850.69,17765.13,17866.09,17935.11,17766.78,-85.55999999999767,100.95999999999913,15.400000000001455,-0.013963457399211565,2021,-15.400000000001455
2021-07-09,17866.09,17648.91,17661.48,17866.09,17638.52,-217.1800000000003,12.569999999999709,-204.61000000000058,-0.011932318125657315,2021,204.61000000000058
2021-07-12,17661.48,17882.6,17814.33,17947.9,17661.48,221.11999999999898,-68.2699999999968,152.85000000000218,0.017245819641865223,2021,152.85000000000218
2021-07-13,17814.33,17984.93,17847.52,17999.32,17814.33,170.59999999999854,-137.40999999999985,33.18999999999869,0.012387177852543507,2021,33.18999999999869
2021-07-14,17847.52,17776.1,17845.75,17940.86,17777.56,-71.42000000000189,69.65000000000146,-1.7700000000004366,-0.005480566435673406,2021,-1.7700000000004366
2021-07-15,17845.75,17940.34,18034.19,17953.35,17845.75,94.59000000000015,93.84999999999854,188.4399999999987,-0.0035233775951963864,2021,188.4399999999987
2021-07-16,18034.19,17865.19,17895.25,18034.19,17779.61,-169.0,30.06000000000131,-138.9399999999987,-0.021719699134738812,2021,-169.0
2021-07-19,17895.25,17750.61,17789.25,17895.25,17728.54,-144.63999999999942,38.63999999999942,-106.0,-0.022466078676337986,2021,-144.63999999999942
2021-07-21,17528.74,17544.17,17458.79,17707.56,17519.6,15.429999999996653,-85.37999999999738,-69.95000000000073,0.01380138585739199,2021,-69.95000000000073
2021-07-22,17458.79,17645.78,17572.33,17667.38,17458.79,186.98999999999796,-73.44999999999709,113.54000000000087,0.030649179711371266,2021,73.44999999999709
2021-07-23,17572.33,17616.6,17572.92,17672.6,17572.33,44.2699999999968,-43.68000000000029,0.5899999999965075,-0.00891828202204481,2021,0.5899999999965075
2021-07-27,17403.56,17430.06,17269.87,17459.35,17354.9,26.5,-160.19000000000233,-133.69000000000233,-0.0009572995615932944,2021,-133.69000000000233
2021-07-28,17269.87,16952.59,17135.22,17269.87,16893.7,-317.27999999999884,182.63000000000102,-134.64999999999782,-0.018599782722800717,2021,134.64999999999782
2021-07-29,17135.22,17190.48,17402.81,17292.54,17135.22,55.2599999999984,212.33000000000175,267.59000000000015,0.01756235288264496,2021,267.59000000000015
2021-07-30,17402.81,17392.92,17247.41,17429.01,17355.03,-9.890000000003056,-145.5099999999984,-155.40000000000146,0.01857629604730393,2021,-155.40000000000146
2021-08-05,17623.89,17596.89,17603.12,17643.97,17566.72,-27.0,6.229999999999563,-20.770000000000437,0.011846931986127629,2021,-20.770000000000437
2021-08-06,17603.12,17541.68,17526.28,17603.12,17469.68,-61.43999999999869,-15.400000000001455,-76.84000000000015,-0.0036195408653146854,2021,-76.84000000000015
2021-08-09,17526.28,17451.15,17485.15,17526.28,17350.15,-75.12999999999738,34.0,-41.12999999999738,-0.0036239290282262804,2021,-41.12999999999738
2021-08-10,17485.15,17364.5,17323.64,17524.91,17351.68,-120.65000000000146,-40.86000000000058,-161.51000000000204,-0.0036019401825881925,2021,-161.51000000000204
2021-08-11,17323.64,17278.85,17227.18,17323.64,17199.43,-44.79000000000087,-51.669999999998254,-96.45999999999913,-0.012027319575499518,2021,96.45999999999913
2021-08-12,17227.18,17180.45,17219.94,17233.11,17156.55,-46.72999999999956,39.48999999999796,-7.240000000001601,-0.0023638902368952053,2021,-7.240000000001601
2021-08-13,17219.94,17046.97,16982.11,17219.94,17031.4,-172.96999999999753,-64.86000000000058,-237.8299999999981,-0.011331182686597385,2021,237.8299999999981
2021-08-17,16858.77,16811.06,16661.36,16870.55,16796.72,-47.70999999999913,-149.70000000000073,-197.40999999999985,-0.0037180963346766793,2021,-197.40999999999985
2021-08-18,16661.36,16472.85,16826.27,16661.36,16418.54,-188.51000000000204,353.4200000000019,164.90999999999985,-0.01980954903329879,2021,-164.90999999999985
2021-08-19,16826.27,16617.6,16375.4,16826.27,16600.71,-208.6700000000019,-242.1999999999989,-450.8700000000008,-0.014735232527434805,2021,450.8700000000008
2021-08-24,16741.84,16829.96,16818.73,16904.3,16741.84,88.11999999999898,-11.229999999999563,76.88999999999942,0.026258252725318565,2021,11.229999999999563
2021-08-27,17066.96,17124.74,17209.93,17151.75,17000.26,57.780000000002474,85.18999999999869,142.97000000000116,-0.0006404649300975063,2021,142.97000000000116
2021-08-30,17209.93,17274.69,17396.52,17334.28,17209.93,64.7599999999984,121.83000000000175,186.59000000000015,0.019600105625758424,2021,186.59000000000015
2021-09-01,17490.29,17446.26,17473.99,17498.63,17415.52,-44.030000000002474,27.7300000000032,-16.299999999999272,-0.008333236615174044,2021,-16.299999999999272
2021-09-02,17473.99,17476.47,17319.76,17523.16,17448.58,2.4799999999995634,-156.71000000000276,-154.2300000000032,-0.00519937268120263,2021,-154.2300000000032
2021-09-08,17428.87,17387.38,17270.49,17447.58,17333.79,-41.48999999999796,-116.88999999999942,-158.37999999999738,-0.0032528002938012612,2021,-158.37999999999738
2021-09-09,17270.49,17216.7,17304.33,17270.49,17122.95,-53.79000000000087,87.63000000000102,33.840000000000146,-0.012296292397353081,2021,-33.840000000000146
2021-09-15,17434.9,17354.29,17354.0,17439.75,17320.45,-80.61000000000058,-0.2900000000008731,-80.90000000000146,-8.406576841912816e-05,2021,-80.90000000000146
2021-09-23,16925.82,17105.56,17078.22,17145.25,16925.82,179.7400000000016,-27.340000000000146,152.40000000000146,0.020026726217702073,2021,27.340000000000146
2021-09-24,17078.22,17231.05,17260.19,17270.71,17078.22,152.8299999999981,29.139999999999418,181.96999999999753,0.013314693348807971,2021,181.96999999999753
2021-09-27,17260.19,17315.7,17313.77,17335.99,17240.16,55.51000000000204,-1.930000000000291,53.580000000001746,-0.001020983672938125,2021,53.580000000001746
2021-09-28,17313.77,17198.81,17181.44,17313.77,17113.47,-114.95999999999913,-17.37000000000262,-132.33000000000175,-0.0024551813591513483,2021,-132.33000000000175
2021-09-29,17181.44,16897.81,16855.46,17181.44,16871.42,-283.6299999999974,-42.35000000000218,-325.97999999999956,-0.03803578062598689,2021,-283.6299999999974
2021-09-30,16855.46,16832.66,16934.77,16924.35,16767.2,-22.799999999999272,102.11000000000058,79.31000000000131,-0.015251675270562481,2021,-79.31000000000131
2021-10-01,16934.77,16690.31,16570.89,16934.77,16659.78,-244.45999999999913,-119.42000000000189,-363.880000000001,-0.0017617285161036778,2021,-363.880000000001
2021-10-05,16408.35,16286.69,16460.75,16408.35,16162.17,-121.65999999999804,174.0599999999995,52.400000000001455,-0.024874431954077902,2021,-121.65999999999804
2021-10-06,16460.75,16409.9,16393.16,16568.21,16367.23,-50.849999999998545,-16.7400000000016,-67.59000000000015,0.01483934265391218,2021,-67.59000000000015
2021-10-08,16713.86,16723.42,16640.43,16771.71,16675.13,9.559999999997672,-82.98999999999796,-73.43000000000029,0.011019547423574805,2021,-73.43000000000029
2021-10-12,16640.43,16410.37,16462.84,16640.43,16349.49,-230.0600000000013,52.470000000001164,-177.59000000000015,-0.007713468072587881,2021,-177.59000000000015
2021-10-13,16462.84,16427.34,16347.99,16543.33,16426.39,-35.5,-79.35000000000036,-114.85000000000036,-0.013373773372283182,2021,114.85000000000036
2021-10-15,16387.28,16691.45,16781.19,16699.54,16387.28,304.1700000000019,89.73999999999796,393.90999999999985,0.030848015034061538,2021,-89.73999999999796
2021-10-20,16900.67,16913.32,16887.82,16973.86,16900.67,12.650000000001455,-25.5,-12.849999999998545,0.012780117288350823,2021,-12.849999999998545
2021-10-21,16887.82,17002.52,16889.51,17009.34,16887.82,114.70000000000073,-113.01000000000204,1.6899999999986903,-0.00213813600674273,2021,1.6899999999986903
2021-10-22,16889.51,16844.87,16888.74,16932.89,16831.27,-44.63999999999942,43.87000000000262,-0.7699999999967986,0.011211479986485973,2021,-0.7699999999967986
2021-10-25,16888.74,16790.96,16894.24,16888.74,16784.11,-97.78000000000247,103.28000000000247,5.5,-0.012241907357746773,2021,-5.5
2021-10-28,17074.55,17080.33,17041.63,17104.86,17043.44,5.780000000002474,-38.70000000000073,-32.919999999998254,-0.00962876072809582,2021,-32.919999999998254
2021-10-29,17041.63,16969.72,16987.41,17073.97,16920.68,-71.90999999999985,17.68999999999869,-54.220000000001164,0.023372982688994126,2021,-17.68999999999869
2021-11-02,17068.24,17180.14,17065.97,17237.09,17068.24,111.89999999999782,-114.16999999999825,-2.2700000000004366,0.015939060114102954,2021,-2.2700000000004366
2021-11-03,17065.97,17136.92,17122.16,17153.76,17065.97,70.94999999999709,-14.7599999999984,56.18999999999869,0.012143924615261703,2021,56.18999999999869
2021-11-04,17122.16,17177.72,17078.86,17219.65,17122.16,55.56000000000131,-98.86000000000058,-43.29999999999927,0.011640357748685437,2021,-43.29999999999927
2021-11-05,17078.86,17156.65,17296.9,17202.66,17078.86,77.79000000000087,140.25,218.04000000000087,0.034981630396332175,2021,-140.25
2021-11-08,17296.9,17347.98,17415.3,17352.97,17279.46,51.07999999999811,67.31999999999971,118.39999999999782,0.010977565827717584,2021,118.39999999999782
2021-11-09,17415.3,17543.93,17541.36,17581.52,17415.3,128.63000000000102,-2.569999999999709,126.06000000000131,0.012452915574130419,2021,126.06000000000131
2021-11-10,17541.36,17546.12,17559.65,17572.72,17523.61,4.759999999998399,13.530000000002474,18.290000000000873,-0.0007256798647500284,2021,18.290000000000873
2021-11-11,17559.65,17452.88,17452.52,17559.65,17403.48,-106.77000000000044,-0.3600000000005821,-107.13000000000102,-0.028298386820924226,2021,-106.77000000000044
2021-11-12,17452.52,17577.02,17518.13,17595.96,17452.52,124.5,-58.88999999999942,65.61000000000058,0.019352724870160376,2021,65.61000000000058
2021-11-16,17634.47,17689.49,17693.13,17708.1,17634.47,55.02000000000044,3.639999999999418,58.659999999999854,-0.0001976544999341412,2021,58.659999999999854
2021-11-17,17693.13,17714.01,17764.04,17762.77,17693.13,20.87999999999738,50.030000000002474,70.90999999999985,0.01730477759472815,2021,70.90999999999985
2021-11-18,17764.04,17796.08,17841.37,17830.37,17764.04,32.04000000000087,45.289999999997235,77.32999999999811,-0.00724464942737213,2021,77.32999999999811
2021-11-19,17841.37,17872.29,17818.31,17986.18,17841.37,30.92000000000189,-53.97999999999956,-23.05999999999767,0.017883615559685095,2021,-23.05999999999767
2021-11-23,17803.54,17733.08,17666.12,17803.54,17692.13,-70.45999999999913,-66.96000000000276,-137.4200000000019,-0.016589894734689525,2021,137.4200000000019
2021-11-24,17666.12,17686.27,17642.52,17722.89,17660.87,20.150000000001455,-43.75,-23.599999999998545,-0.0032985713988645804,2021,-23.599999999998545
2021-11-29,17369.39,17359.44,17328.09,17370.53,17167.24,-9.950000000000728,-31.349999999998545,-41.29999999999927,-0.029167883287123275,2021,-9.950000000000728
2021-11-30,17328.09,17488.38,17427.76,17535.23,17328.09,160.29000000000087,-60.62000000000262,99.66999999999825,0.040831698663607474,2021,60.62000000000262
2021-12-01,17427.76,17446.78,17585.99,17465.11,17374.59,19.020000000000437,139.21000000000276,158.2300000000032,-0.019772205373171037,2021,-158.2300000000032
2021-12-02,17585.99,17735.87,17724.88,17739.85,17559.44,149.87999999999738,-10.989999999997963,138.88999999999942,-0.005861912439150352,2021,138.88999999999942
2021-12-06,17697.14,17665.3,17688.21,17697.14,17585.95,-31.840000000000146,22.909999999999854,-8.930000000000291,-0.001647939288657141,2021,-8.930000000000291
2021-12-07,17688.21,17689.51,17796.92,17751.19,17642.32,1.2999999999992724,107.40999999999985,108.70999999999913,-0.0011749120787269973,2021,108.70999999999913
2021-12-08,17796.92,17911.13,17832.42,17988.88,17796.92,114.21000000000276,-78.71000000000276,35.5,0.04965171694205628,2021,78.71000000000276
2021-12-09,17832.42,17857.33,17914.12,17925.12,17832.42,24.910000000003492,56.789999999997235,81.70000000000073,-0.006094641178314042,2021,81.70000000000073
2021-12-10,17914.12,17827.17,17826.26,17914.12,17767.8,-86.95000000000073,-0.9099999999998545,-87.86000000000058,-0.021420427601376302,2021,-86.95000000000073
2021-12-14,17767.6,17676.87,17599.37,17767.6,17623.31,-90.72999999999956,-77.5,-168.22999999999956,-0.025606245226289848,2021,-90.72999999999956
2021-12-15,17599.37,17640.0,17660.1,17652.23,17556.87,40.63000000000102,20.099999999998545,60.72999999999956,-0.0052484906001682985,2021,60.72999999999956
2021-12-16,17660.1,17740.74,17785.74,17814.32,17660.1,80.64000000000306,45.0,125.64000000000306,0.03690955906188309,2021,-45.0
2021-12-17,17785.74,17794.56,17812.59,17806.3,17718.27,8.819999999999709,18.029999999998836,26.849999999998545,-0.04273521652272483,2021,8.819999999999709
2021-12-20,17812.59,17751.32,17669.11,17812.81,17743.08,-61.27000000000044,-82.20999999999913,-143.47999999999956,-0.0014018989358313139,2021,-143.47999999999956
2021-12-21,17669.11,17741.79,17789.27,17743.98,17652.32,72.68000000000029,47.47999999999956,120.15999999999985,-0.007617573862548688,2021,120.15999999999985
2021-12-22,17789.27,17846.53,17826.83,17870.16,17789.27,57.2599999999984,-19.69999999999709,37.56000000000131,0.03346649197966989,2021,19.69999999999709
2021-12-24,17946.66,18007.16,17961.64,18039.85,17946.66,60.5,-45.52000000000044,14.979999999999563,0.010398466566630349,2021,14.979999999999563
2021-12-27,17961.64,18078.59,18048.94,18080.75,17961.64,116.95000000000073,-29.650000000001455,87.29999999999927,0.010398466566630349,2021,87.29999999999927
2021-12-28,18048.94,18153.64,18196.81,18184.44,18048.94,104.70000000000073,43.17000000000189,147.87000000000262,0.027240431391596598,2021,-43.17000000000189
2021-12-29,18196.81,18206.61,18248.28,18267.97,18196.81,9.799999999999272,41.669999999998254,51.469999999997526,-0.011714292079979982,2021,-51.469999999997526
2022-01-03,18218.84,18272.67,18270.51,18379.69,18218.84,53.82999999999811,-2.1599999999998545,51.669999999998254,-0.0014853088531492364,2022,51.669999999998254
2022-01-04,18270.51,18448.75,18526.35,18504.55,18270.51,178.2400000000016,77.59999999999854,255.84000000000015,0.020538902277398075,2022,-77.59999999999854
2022-01-05,18526.35,18526.02,18499.96,18619.61,18489.5,-0.32999999999810825,-26.06000000000131,-26.389999999999418,-0.004524212732356259,2022,-26.389999999999418
2022-01-06,18499.96,18371.03,18367.92,18499.96,18312.6,-128.9300000000003,-3.110000000000582,-132.04000000000087,-0.032210027438263955,2022,-128.9300000000003
2022-01-10,18169.76,18212.15,18239.38,18229.83,18043.97,42.390000000003056,27.229999999999563,69.62000000000262,-0.02883572437222437,2022,42.390000000003056
2022-01-12,18288.21,18300.77,18375.4,18394.7,18272.84,12.56000000000131,74.63000000000102,87.19000000000233,0.01840810008960969,2022,87.19000000000233
2022-01-14,18436.93,18228.23,18403.33,18509.0,18213.44,-208.70000000000073,175.10000000000218,-33.599999999998545,-0.02290827717554289,2022,-208.70000000000073
2022-01-17,18403.33,18516.38,18525.44,18535.42,18403.33,113.04999999999927,9.059999999997672,122.10999999999694,0.023287965916722664,2022,-9.059999999997672
2022-01-18,18525.44,18558.5,18378.64,18575.41,18479.88,33.06000000000131,-179.86000000000058,-146.79999999999927,0.023287965916722664,2022,179.86000000000058
2022-01-19,18378.64,18309.77,18227.46,18378.64,18209.62,-68.86999999999898,-82.31000000000131,-151.1800000000003,-0.04444689420372716,2022,-68.86999999999898
2022-01-20,18227.46,18194.05,18218.28,18242.03,18125.2,-33.409999999999854,24.229999999999563,-9.180000000000291,-0.030867344201070956,2022,-33.409999999999854
2022-01-21,18218.28,18005.24,17899.3,18218.28,17957.5,-213.03999999999724,-105.94000000000233,-318.97999999999956,-0.032512132529019855,2022,-213.03999999999724
2022-01-24,17899.3,17837.24,17989.04,17899.3,17682.33,-62.05999999999767,151.79999999999927,89.7400000000016,-0.017157164317905482,2022,-89.7400000000016
2022-01-25,17989.04,17752.83,17701.12,17989.04,17704.93,-236.20999999999913,-51.710000000002765,-287.9200000000019,0.013147819808488892,2022,-287.9200000000019
2022-01-26,17701.12,17722.12,17674.4,17739.0,17633.03,21.0,-47.719999999997526,-26.719999999997526,-0.03709823417003111,2022,21.0
2022-02-08,17900.3,18026.95,17966.56,18031.75,17900.3,126.65000000000146,-60.38999999999942,66.26000000000204,-0.00021430205585182271,2022,66.26000000000204
2022-02-09,17966.56,18069.8,18151.76,18111.2,17966.56,103.23999999999796,81.95999999999913,185.1999999999971,0.023983802243702224,2022,-81.95999999999913
2022-02-10,18151.76,18178.3,18338.05,18237.99,18151.76,26.540000000000873,159.75,186.29000000000087,0.033546149646547674,2022,-159.75
2022-02-11,18338.05,18262.49,18310.94,18338.05,18191.75,-75.55999999999767,48.44999999999709,-27.110000000000582,-0.032191848308025794,2022,-75.55999999999767
2022-02-14,18310.94,17987.48,17997.67,18310.94,17972.54,-323.4599999999991,10.18999999999869,-313.27000000000044,-0.04831594129125305,2022,-323.4599999999991
2022-02-16,17951.81,18164.96,18231.47,18217.54,17951.81,213.14999999999782,66.51000000000204,279.65999999999985,0.05467034597353271,2022,-66.51000000000204
2022-02-18,18268.57,18209.78,18232.35,18268.57,18098.52,-58.79000000000087,22.56999999999971,-36.220000000001164,-0.0374301471725601,2022,-58.79000000000087
2022-02-21,18232.35,18214.76,18221.49,18232.35,18129.65,-17.590000000000146,6.730000000003201,-10.859999999996944,-0.011190323146146097,2022,10.859999999996944
2022-02-22,18221.49,17977.73,17969.29,18221.49,17963.23,-243.76000000000204,-8.43999999999869,-252.20000000000073,-0.011190323146146097,2022,252.20000000000073
2022-02-23,17969.29,18017.83,18055.73,18052.02,17954.75,48.54000000000087,37.89999999999782,86.43999999999869,-0.00834145909050621,2022,86.43999999999869
2022-02-24,18055.73,17891.91,17594.55,18055.73,17793.06,-163.8199999999997,-297.3600000000006,-461.1800000000003,-0.023321921175660787,2022,-163.8199999999997
2022-02-25,17594.55,17601.27,17652.18,17737.32,17554.97,6.720000000001164,50.909999999999854,57.63000000000102,0.03702483372994081,2022,-50.909999999999854
2022-03-01,17652.18,17879.55,17898.25,17904.48,17652.18,227.36999999999898,18.700000000000728,246.0699999999997,-0.006702059565495633,2022,246.0699999999997
2022-03-02,17898.25,17853.68,17867.6,17898.25,17784.64,-44.56999999999971,13.919999999998254,-30.650000000001455,-0.036354835793826035,2022,-44.56999999999971
2022-03-03,17867.6,17924.41,17934.4,18026.03,17867.6,56.81000000000131,9.9900000000016,66.80000000000291,0.03368080245699501,2022,-9.9900000000016
2022-03-04,17934.4,17817.86,17736.52,17934.4,17710.54,-116.54000000000087,-81.34000000000015,-197.88000000000102,-0.022364292070628955,2022,-116.54000000000087
2022-03-07,17736.52,17206.03,17178.69,17736.52,17201.7,-530.4900000000016,-27.340000000000146,-557.8300000000017,-0.02420533211967335,2022,-530.4900000000016
2022-03-08,17178.69,17063.0,16825.25,17178.69,16923.83,-115.68999999999869,-237.75,-353.4399999999987,-0.04909295103899458,2022,-115.68999999999869
2022-03-09,16825.25,17038.77,17015.36,17066.39,16825.25,213.52000000000044,-23.409999999999854,190.11000000000058,0.018696775983968683,2022,190.11000000000058
2022-03-10,17015.36,17438.58,17433.2,17449.97,17015.36,423.22000000000116,-5.380000000001019,417.84000000000015,0.03969438082657817,2022,5.380000000001019
2022-03-11,17433.2,17305.26,17264.74,17433.2,17292.53,-127.94000000000233,-40.5199999999968,-168.45999999999913,-0.021665478432017604,2022,-127.94000000000233
2022-03-14,17264.74,17280.11,17263.04,17363.04,17244.52,15.369999999998981,-17.06999999999971,-1.7000000000007276,-0.02084040522318109,2022,15.369999999998981
2022-03-15,17263.04,16959.11,16926.06,17263.04,16936.99,-303.9300000000003,-33.04999999999927,-336.97999999999956,-0.03073962756229831,2022,-303.9300000000003
2022-03-16,16926.06,16964.98,16940.83,17085.77,16903.35,38.919999999998254,-24.149999999997817,14.770000000000437,0.043557013945857204,2022,24.149999999997817
2022-03-17,16940.83,17332.11,17448.22,17401.85,16940.83,391.27999999999884,116.11000000000058,507.3899999999994,0.05025721329207866,2022,-116.11000000000058
2022-03-21,17456.52,17567.9,17560.36,17592.06,17456.52,111.38000000000102,-7.540000000000873,103.84000000000015,0.020136422404184895,2022,7.540000000000873
2022-03-22,17560.36,17529.94,17559.71,17573.29,17468.55,-30.42000000000189,29.770000000000437,-0.6500000000014552,-0.002639629403024313,2022,-0.6500000000014552
2022-03-24,17731.37,17671.04,17699.06,17731.37,17603.22,-60.32999999999811,28.020000000000437,-32.30999999999767,-0.024821161687246907,2022,-60.32999999999811
2022-03-25,17699.06,17710.21,17676.95,17747.13,17633.86,11.149999999997817,-33.2599999999984,-22.110000000000582,0.05130463765355664,2022,33.2599999999984
2022-03-28,17676.95,17411.31,17520.01,17676.95,17368.66,-265.6399999999994,108.69999999999709,-156.94000000000233,-0.0020890418714191172,2022,-156.94000000000233
2022-03-30,17548.66,17718.99,17740.56,17741.54,17548.66,170.33000000000175,21.56999999999971,191.90000000000146,0.02210494563271559,2022,-21.56999999999971
2022-03-31,17740.56,17722.03,17693.47,17767.81,17683.06,-18.530000000002474,-28.55999999999767,-47.090000000000146,-0.03225966603964059,2022,-18.530000000002474
2022-04-01,17693.47,17562.89,17625.59,17693.47,17465.61,-130.58000000000175,62.70000000000073,-67.88000000000102,-0.022692682593156266,2022,-130.58000000000175
2022-04-06,17625.59,17442.15,17522.5,17625.59,17381.07,-183.4399999999987,80.34999999999854,-103.09000000000015,-0.04529409188455291,2022,-183.4399999999987
2022-04-07,17522.5,17418.71,17178.63,17522.5,17358.19,-103.79000000000087,-240.0799999999981,-343.869999999999,-0.02320005382559287,2022,-103.79000000000087
2022-04-11,17284.54,17161.43,17048.37,17316.35,17149.3,-123.11000000000058,-113.06000000000131,-236.1700000000019,-0.024169335468374742,2022,-123.11000000000058
2022-04-12,17048.37,17036.95,16990.91,17100.85,16905.13,-11.419999999998254,-46.04000000000087,-57.45999999999913,-0.020854699758986572,2022,-11.419999999998254
2022-04-13,16990.91,17195.93,17301.65,17206.9,16990.91,205.02000000000044,105.72000000000116,310.7400000000016,-0.0024941982069268676,2022,310.7400000000016
2022-04-14,17301.65,17293.48,17245.65,17374.14,17268.18,-8.170000000001892,-47.82999999999811,-56.0,0.02357693430944363,2022,47.82999999999811
2022-04-15,17245.65,17082.67,17004.18,17245.65,17044.69,-162.9800000000032,-78.48999999999796,-241.47000000000116,-0.029205083159150158,2022,-162.9800000000032
2022-04-18,17004.18,16947.94,16898.87,17004.18,16868.37,-56.2400000000016,-49.06999999999971,-105.31000000000131,-0.029205083159150158,2022,-56.2400000000016
2022-04-19,16898.87,17069.0,16993.4,17106.26,16898.87,170.13000000000102,-75.59999999999854,94.53000000000247,0.01881303207825069,2022,94.53000000000247
2022-04-20,16993.4,17024.13,17148.88,17117.41,16993.4,30.729999999999563,124.75,155.47999999999956,0.022053747094992415,2022,-124.75
2022-04-21,17148.88,17193.61,17127.95,17213.66,17148.88,44.72999999999956,-65.65999999999985,-20.93000000000029,-0.0034980004630174033,2022,-20.93000000000029
2022-04-22,17127.95,16993.8,17025.09,17127.95,16923.87,-134.15000000000146,31.290000000000873,-102.86000000000058,-0.026561008210807757,2022,-134.15000000000146
2022-04-25,17025.09,16600.58,16620.9,17025.09,16579.89,-424.5099999999984,20.31999999999971,-404.1899999999987,-0.022528884442613584,2022,-424.5099999999984
2022-04-26,16620.9,16615.6,16644.79,16729.47,16614.74,-5.30000000000291,29.19000000000233,23.889999999999418,0.017579594826461653,2022,23.889999999999418
2022-04-27,16644.79,16308.86,16303.35,16644.79,16237.72,-335.9300000000003,-5.510000000000218,-341.4400000000005,-0.04380437747954735,2022,-335.9300000000003
2022-04-28,16303.35,16369.17,16419.38,16400.15,16256.88,65.81999999999971,50.210000000000946,116.03000000000065,-0.004884638653613438,2022,116.03000000000065
2022-04-29,16419.38,16624.17,16592.18,16663.66,16419.38,204.78999999999724,-31.989999999997963,172.79999999999927,0.05577030028567398,2022,31.989999999997963
2022-05-03,16592.18,16524.5,16498.9,16604.87,16505.31,-67.68000000000029,-25.599999999998545,-93.27999999999884,0.03510586559077189,2022,25.599999999998545
2022-05-05,16565.83,16727.6,16696.12,16783.78,16565.83,161.7699999999968,-31.479999999999563,130.28999999999724,0.039049029685801484,2022,31.479999999999563
2022-05-06,16696.12,16336.68,16408.2,16696.12,16312.17,-359.4399999999987,71.52000000000044,-287.91999999999825,-0.05002228340060488,2022,-359.4399999999987
2022-05-09,16408.2,16151.67,16048.92,16408.2,16130.53,-256.53000000000065,-102.75,-359.28000000000065,-0.007808938856042058,2022,-359.28000000000065
2022-05-10,16048.92,15934.98,16061.7,16048.92,15734.44,-113.94000000000051,126.72000000000116,12.780000000000655,-0.051293401205877776,2022,-113.94000000000051
2022-05-11,16061.7,15970.12,16006.25,16075.1,15953.27,-91.57999999999993,36.1299999999992,-55.45000000000073,0.025106924463610403,2022,-36.1299999999992
2022-05-12,16006.25,15901.74,15616.68,16006.25,15841.67,-104.51000000000022,-285.0599999999995,-389.5699999999997,-0.030408981666339097,2022,-104.51000000000022
2022-05-16,15832.54,15963.77,15901.04,16032.85,15832.54,131.22999999999956,-62.72999999999956,68.5,0.050636493221232204,2022,62.72999999999956
2022-05-17,15901.04,16050.9,16056.09,16064.19,15901.04,149.85999999999876,5.190000000000509,155.04999999999927,-0.01693728390739202,2022,-155.04999999999927
2022-05-18,16056.09,16197.87,16296.86,16242.59,16056.09,141.78000000000065,98.98999999999978,240.77000000000044,0.05014965445915487,2022,-98.98999999999978
2022-05-19,16296.86,15950.49,16020.32,16296.86,15904.35,-346.3700000000008,69.82999999999993,-276.5400000000009,-0.051700635904125214,2022,-346.3700000000008
2022-05-20,16020.32,16150.24,16144.85,16158.44,16020.32,129.92000000000007,-5.389999999999418,124.53000000000065,-0.006062669362714823,2022,124.53000000000065
2022-05-23,16144.85,16174.59,16156.41,16249.45,16144.85,29.73999999999978,-18.18000000000029,11.55999999999949,-0.002657136036369523,2022,11.55999999999949
2022-05-25,15963.63,16028.18,16104.03,16044.75,15963.63,64.55000000000109,75.85000000000036,140.40000000000146,-0.02462712571978609,2022,64.55000000000109
2022-05-26,16104.03,16070.3,15968.83,16179.01,16065.98,-33.73000000000138,-101.46999999999935,-135.20000000000073,0.019766187368458255,2022,-135.20000000000073
2022-05-27,15968.83,16216.2,16266.22,16236.23,15968.83,247.3700000000008,50.01999999999862,297.3899999999994,0.038738366869816465,2022,-50.01999999999862
2022-05-30,16266.22,16489.89,16610.62,16495.15,16266.22,223.67000000000007,120.72999999999956,344.39999999999964,0.040319106661635296,2022,-120.72999999999956
2022-05-31,16610.62,16532.04,16807.77,16610.62,16493.07,-78.57999999999811,275.72999999999956,197.15000000000146,0.040319106661635296,2022,-275.72999999999956
2022-06-01,16807.77,16772.17,16675.09,16807.77,16649.91,-35.60000000000218,-97.07999999999811,-132.6800000000003,-0.005347713740029181,2022,-132.6800000000003
2022-06-02,16675.09,16562.17,16552.57,16675.09,16540.55,-112.92000000000189,-9.599999999998545,-122.52000000000044,-0.01602612716986851,2022,122.52000000000044
2022-06-06,16552.57,16529.8,16605.96,16621.8,16509.01,-22.770000000000437,76.15999999999985,53.38999999999942,-0.03020601777085352,2022,-22.770000000000437
2022-06-09,16670.51,16600.28,16621.34,16670.51,16557.54,-70.22999999999956,21.06000000000131,-49.169999999998254,-0.02388319317678478,2022,-70.22999999999956
2022-06-10,16621.34,16465.65,16460.12,16621.34,16403.33,-155.6899999999987,-5.530000000002474,-161.22000000000116,-0.02693186711271567,2022,-155.6899999999987
2022-06-13,16460.12,16081.67,16070.98,16460.12,16066.32,-378.4499999999989,-10.69000000000051,-389.1399999999994,-0.036016869823915276,2022,-378.4499999999989
2022-06-14,16070.98,15877.23,16047.37,16070.98,15869.06,-193.75,170.14000000000124,-23.609999999998763,-0.05613740210029727,2022,-193.75
2022-06-16,15999.25,16115.62,15838.61,16209.25,15999.25,116.3700000000008,-277.0100000000002,-160.63999999999942,0.017718196654881835,2022,-160.63999999999942
2022-06-17,15838.61,15699.92,15641.26,15838.61,15614.53,-138.6900000000005,-58.659999999999854,-197.35000000000036,-0.06235137257766987,2022,-138.6900000000005
2022-06-22,15728.64,15558.78,15347.75,15728.64,15519.06,-169.85999999999876,-211.03000000000065,-380.8899999999994,0.027469032863558507,2022,211.03000000000065
2022-06-23,15347.75,15223.31,15176.44,15380.28,15223.91,-124.44000000000051,-46.86999999999898,-171.3099999999995,-0.011195114310194487,2022,171.3099999999995
2022-06-24,15176.44,15373.36,15303.32,15412.91,15176.44,196.92000000000007,-70.04000000000087,126.8799999999992,-0.006477816246836632,2022,126.8799999999992
2022-06-27,15303.32,15599.57,15548.01,15608.16,15303.32,296.25,-51.55999999999949,244.6900000000005,0.044464679530033635,2022,51.55999999999949
2022-06-28,15548.01,15411.64,15439.92,15548.01,15410.98,-136.3700000000008,28.280000000000655,-108.09000000000015,-0.0018355913436601812,2022,-108.09000000000015
2022-06-29,15439.92,15312.8,15240.13,15439.92,15238.67,-127.1200000000008,-72.67000000000007,-199.79000000000087,-0.02631675929065258,2022,-127.1200000000008
2022-06-30,15240.13,14912.61,14825.73,15240.13,14912.64,-327.5199999999986,-86.88000000000102,-414.39999999999964,-0.02198654842604475,2022,-327.5199999999986
2022-07-01,14825.73,14671.31,14343.08,14825.73,14668.14,-154.42000000000007,-328.22999999999956,-482.64999999999964,-0.010731507209808089,2022,482.64999999999964
2022-07-04,14343.08,14357.94,14217.06,14412.47,14226.62,14.860000000000582,-140.88000000000102,-126.02000000000044,-0.038255256723716324,2022,14.860000000000582
2022-07-05,14217.06,14346.93,14349.2,14488.8,14217.06,129.8700000000008,2.2700000000004366,132.14000000000124,-0.038255256723716324,2022,129.8700000000008
2022-07-08,14336.27,14537.19,14464.53,14547.85,14336.27,200.92000000000007,-72.65999999999985,128.26000000000022,0.04481759024261156,2022,72.65999999999985
2022-07-12,14340.53,14029.67,13950.62,14340.53,14020.2,-310.8600000000006,-79.04999999999927,-389.90999999999985,-0.024572004797518754,2022,-310.8600000000006
2022-07-15,14438.52,14449.62,14550.62,14483.96,14378.33,11.100000000000364,101.0,112.10000000000036,0.019228978489617354,2022,112.10000000000036
2022-07-18,14550.62,14662.27,14719.64,14685.03,14550.62,111.64999999999964,57.36999999999898,169.01999999999862,0.025448053233444456,2022,-57.36999999999898
2022-07-19,14719.64,14665.8,14694.08,14720.13,14598.99,-53.840000000000146,28.280000000000655,-25.55999999999949,-0.005271422578765006,2022,-25.55999999999949
2022-07-20,14694.08,14873.39,14733.22,14906.95,14694.08,179.3099999999995,-140.17000000000007,39.13999999999942,0.046115608101299665,2022,140.17000000000007
2022-07-21,14733.22,14758.29,14937.7,14797.82,14716.02,25.070000000001528,179.40999999999985,204.48000000000138,0.024907781987342892,2022,-179.40999999999985
2022-07-22,14937.7,14932.67,14949.36,14996.24,14902.64,-5.030000000000655,16.69000000000051,11.659999999999854,0.015263004009801628,2022,11.659999999999854
2022-07-25,14949.36,14909.81,14936.33,14949.36,14851.37,-39.55000000000109,26.520000000000437,-13.030000000000655,-0.02550731792609051,2022,-39.55000000000109
2022-07-26,14936.33,14794.72,14806.78,14936.33,14792.62,-141.61000000000058,12.06000000000131,-129.54999999999927,-0.006114529571736527,2022,-129.54999999999927
2022-07-27,14806.78,14759.89,14921.59,14834.57,14729.58,-46.89000000000124,161.70000000000073,114.80999999999949,-0.016307791421684037,2022,-114.80999999999949
2022-07-28,14921.59,14921.68,14891.9,15031.99,14904.21,0.09000000000014552,-29.780000000000655,-29.69000000000051,0.04751417796585766,2022,29.780000000000655
2022-07-29,14891.9,15015.11,15000.07,15035.27,14891.9,123.21000000000095,-15.040000000000873,108.17000000000007,0.011508072827207227,2022,108.17000000000007
2022-08-03,14747.23,14729.68,14777.02,14772.92,14673.35,-17.549999999999272,47.340000000000146,29.790000000000873,-0.001198662333127487,2022,29.790000000000873
2022-08-04,14777.02,14702.78,14702.2,14777.02,14672.4,-74.23999999999978,-0.5799999999999272,-74.81999999999971,0.026459366333305256,2022,0.5799999999999272
2022-08-08,15036.04,15011.77,15020.41,15036.04,14908.17,-24.270000000000437,8.639999999999418,-15.630000000001019,-0.009093239783086293,2022,-15.630000000001019
2022-08-09,15020.41,14924.76,15050.28,15020.41,14905.23,-95.64999999999964,125.52000000000044,29.8700000000008,-0.016064112347259796,2022,-29.8700000000008
2022-08-10,15050.28,14963.01,14939.02,15050.28,14890.55,-87.27000000000044,-23.98999999999978,-111.26000000000022,-0.045747152452784934,2022,-87.27000000000044
2022-08-11,14939.02,15144.71,15197.85,15188.6,14939.02,205.6899999999987,53.14000000000124,258.8299999999999,0.04248840210680527,2022,-53.14000000000124
2022-08-12,15197.85,15235.13,15288.97,15249.61,15197.85,37.279999999998836,53.840000000000146,91.11999999999898,-0.0033492710902028877,2022,91.11999999999898
2022-08-15,15288.97,15396.88,15417.35,15400.34,15288.97,107.90999999999985,20.470000000001164,128.38000000000102,0.02992580655990884,2022,-20.470000000001164
2022-08-17,15420.57,15459.96,15465.45,15475.89,15405.21,39.38999999999942,5.490000000001601,44.88000000000102,-0.010297888104298214,2022,-44.88000000000102
2022-08-18,15465.45,15323.01,15396.76,15465.45,15311.22,-142.4400000000005,73.75,-68.69000000000051,-0.024796101968715956,2022,-142.4400000000005
2022-08-19,15396.76,15383.85,15408.78,15405.97,15346.26,-12.909999999999854,24.93000000000029,12.020000000000437,0.02280042557203088,2022,-24.93000000000029
2022-08-22,15408.78,15283.38,15245.14,15408.78,15231.03,-125.40000000000146,-38.23999999999978,-163.64000000000124,-0.027815816501198243,2022,-125.40000000000146
2022-08-23,15245.14,15087.68,15095.89,15245.14,15087.89,-157.45999999999913,8.209999999999127,-149.25,-0.03723580759411382,2022,-157.45999999999913
2022-08-26,15200.04,15309.27,15278.44,15332.13,15200.04,109.22999999999956,-30.829999999999927,78.39999999999964,0.036595747650182586,2022,30.829999999999927
2022-08-29,15278.44,14916.26,14926.19,15278.44,14843.72,-362.1800000000003,9.930000000000291,-352.25,-0.05810364616114738,2022,-362.1800000000003
2022-08-30,14926.19,14922.95,14953.63,14968.72,14911.97,-3.2399999999997817,30.679999999998472,27.43999999999869,-0.019275024656594364,2022,-27.43999999999869
2022-08-31,14953.63,14945.57,15095.44,14976.78,14874.33,-8.05999999999949,149.8700000000008,141.8100000000013,-0.013069775915467208,2022,-141.8100000000013
2022-09-01,15095.44,14838.56,14801.86,15095.44,14793.86,-256.880000000001,-36.69999999999891,-293.5799999999999,-0.011533505868280391,2022,293.5799999999999
2022-09-02,14801.86,14775.24,14673.04,14817.4,14753.9,-26.6200000000008,-102.19999999999891,-128.8199999999997,-0.019212740766193948,2022,128.8199999999997
2022-09-05,14673.04,14660.54,14661.1,14753.03,14636.1,-12.5,0.5599999999994907,-11.94000000000051,-0.010163940669090987,2022,11.94000000000051
2022-09-06,14661.1,14711.01,14677.2,14789.31,14661.1,49.909999999999854,-33.80999999999949,16.100000000000364,-0.010163940669090987,2022,-16.100000000000364
2022-09-07,14677.2,14458.28,14410.05,14677.2,14410.83,-218.92000000000007,-48.23000000000138,-267.15000000000146,-0.010691504505128568,2022,267.15000000000146
2022-09-08,14410.05,14492.45,14583.42,14503.71,14410.05,82.40000000000146,90.96999999999935,173.3700000000008,0.01556697142101604,2022,173.3700000000008
2022-09-12,14583.42,14844.11,14807.43,14846.4,14583.42,260.6900000000005,-36.68000000000029,224.01000000000022,0.02392238298384619,2022,36.68000000000029
2022-09-14,14894.41,14669.54,14658.31,14894.41,14522.7,-224.86999999999898,-11.230000000001382,-236.10000000000036,-0.061814147464931635,2022,-224.86999999999898
2022-09-15,14658.31,14713.37,14670.04,14712.79,14624.55,55.06000000000131,-43.32999999999993,11.730000000001382,0.011411755982000393,2022,11.730000000001382
2022-09-16,14670.04,14538.56,14561.76,14670.04,14530.05,-131.48000000000138,23.200000000000728,-108.28000000000065,-0.016195191220562677,2022,108.28000000000065
2022-09-21,14549.3,14476.44,14424.52,14549.3,14461.68,-72.85999999999876,-51.92000000000007,-124.77999999999884,-0.014911130592643707,2022,124.77999999999884
2022-09-22,14424.52,14201.78,14284.63,14424.52,14151.8,-222.73999999999978,82.84999999999854,-139.89000000000124,-0.009663319551092675,2022,-139.89000000000124
2022-09-23,14284.63,14232.8,14118.38,14284.63,14219.45,-51.82999999999993,-114.42000000000007,-166.25,-0.028115755320164193,2022,-51.82999999999993
2022-09-26,14118.38,13830.95,13778.19,14118.38,13804.58,-287.4299999999985,-52.76000000000022,-340.1899999999987,-0.014462514063618648,2022,340.1899999999987
2022-09-27,13778.19,13769.34,13826.59,13862.84,13748.82,-8.850000000000364,57.25,48.399999999999636,-0.014707957989123832,2022,-48.399999999999636
2022-09-28,13826.59,13636.09,13466.07,13854.09,13596.57,-190.5,-170.02000000000044,-360.52000000000044,0.010351931981444906,2022,-360.52000000000044
2022-09-29,13466.07,13582.36,13534.26,13651.29,13466.07,116.29000000000087,-48.100000000000364,68.19000000000051,0.012184951043352266,2022,68.19000000000051
2022-09-30,13534.26,13390.06,13424.58,13534.26,13274.72,-144.20000000000073,34.52000000000044,-109.68000000000029,-0.03291777559882336,2022,-144.20000000000073
2022-10-03,13424.58,13353.34,13300.48,13424.58,13273.48,-71.23999999999978,-52.86000000000058,-124.10000000000036,-0.017321586803898947,2022,124.10000000000036
2022-10-04,13300.48,13527.04,13576.52,13581.55,13300.48,226.5600000000013,49.47999999999956,276.0400000000009,0.037551480469935505,2022,-49.47999999999956
2022-10-05,13576.52,13867.96,13801.43,13890.52,13576.52,291.4399999999987,-66.52999999999884,224.90999999999985,0.044620025738304925,2022,66.52999999999884
2022-10-07,13892.05,13763.37,13702.28,13892.05,13751.89,-128.67999999999847,-61.090000000000146,-189.76999999999862,-0.005852726847650813,2022,-189.76999999999862
2022-10-11,13702.28,13211.25,13106.03,13702.28,13181.72,-491.03000000000065,-105.21999999999935,-596.25,-0.034543332979738994,2022,-491.03000000000065
2022-10-12,13106.03,13044.51,13081.24,13106.03,12991.59,-61.52000000000044,36.72999999999956,-24.790000000000873,-0.02498527692564645,2022,-61.52000000000044
2022-10-13,13081.24,13035.27,12810.73,13111.39,13034.16,-45.969999999999345,-224.54000000000087,-270.5100000000002,-0.008965557654080025,2022,-270.5100000000002
2022-10-14,12810.73,13157.75,13128.12,13167.77,12810.73,347.02000000000044,-29.6299999999992,317.39000000000124,0.02940052760847811,2022,29.6299999999992
2022-10-17,13128.12,12834.2,12966.05,13128.12,12833.02,-293.9200000000001,131.84999999999854,-162.07000000000153,-0.0445909404216962,2022,-293.9200000000001
2022-10-18,12966.05,13032.34,13124.68,13143.15,12966.05,66.29000000000087,92.34000000000015,158.63000000000102,0.022818084279847328,2022,-92.34000000000015
2022-10-24,12819.2,12961.66,12856.98,13027.84,12819.2,142.45999999999913,-104.68000000000029,37.779999999998836,0.037044762606403436,2022,104.68000000000029
2022-10-26,12666.12,12657.88,12729.05,12718.07,12635.52,-8.2400000000016,71.17000000000007,62.92999999999847,0.022597860985307472,2022,-71.17000000000007
2022-10-27,12729.05,12949.12,12926.37,12954.32,12729.05,220.07000000000153,-22.75,197.32000000000153,-0.011793619967646607,2022,-197.32000000000153
2022-10-28,12926.37,12881.18,12788.42,12926.37,12827.74,-45.19000000000051,-92.76000000000022,-137.95000000000073,-0.015035790483645006,2022,137.95000000000073
2022-10-31,12788.42,12928.06,12949.75,12932.17,12788.42,139.63999999999942,21.69000000000051,161.32999999999993,0.03975903614457832,2022,-21.69000000000051
2022-11-01,12949.75,13013.25,13037.21,13026.26,12907.61,63.5,23.959999999999127,87.45999999999913,-0.020220573128538977,2022,63.5
2022-11-03,13100.17,12944.35,12986.6,13100.17,12905.35,-155.8199999999997,42.25,-113.56999999999971,-0.03091457704713363,2022,-155.8199999999997
2022-11-04,12986.6,12940.32,13026.71,12986.6,12868.25,-46.280000000000655,86.38999999999942,40.10999999999876,-0.015297598852465288,2022,-40.10999999999876
2022-11-07,13026.71,13178.38,13223.73,13183.07,13026.71,151.67000000000007,45.350000000000364,197.02000000000044,0.045964629173299576,2022,-45.350000000000364
2022-11-08,13223.73,13360.39,13347.76,13373.81,13223.73,136.65999999999985,-12.6299999999992,124.03000000000065,0.021841016745613562,2022,12.6299999999992
2022-11-09,13347.76,13525.99,13638.81,13534.92,13347.76,178.22999999999956,112.81999999999971,291.0499999999993,0.02153332626029325,2022,-112.81999999999971
2022-11-10,13638.81,13521.49,13503.76,13638.81,13496.54,-117.31999999999971,-17.729999999999563,-135.04999999999927,-0.031385441341540754,2022,-117.31999999999971
2022-11-11,13503.76,13929.63,14007.56,14045.51,13503.76,425.869999999999,77.93000000000029,503.7999999999993,0.10214366427198707,2022,-77.93000000000029
2022-11-14,14007.56,14091.64,14174.9,14144.43,14007.56,84.07999999999993,83.26000000000022,167.34000000000015,0.030832553788587402,2022,-83.26000000000022
2022-11-15,14174.9,14397.07,14546.31,14409.23,14174.9,222.17000000000007,149.23999999999978,371.40999999999985,-0.00974627028204289,2022,371.40999999999985
2022-11-16,14546.31,14576.49,14537.35,14657.66,14481.84,30.18000000000029,-39.13999999999942,-8.959999999999127,0.030263374938142684,2022,39.13999999999942
2022-11-17,14537.35,14432.06,14535.23,14537.35,14423.61,-105.29000000000087,103.17000000000007,-2.1200000000008004,-0.04262064107079955,2022,-105.29000000000087
2022-11-18,14535.23,14554.16,14504.99,14669.98,14535.23,18.93000000000029,-49.17000000000007,-30.23999999999978,0.010509807419299522,2022,-30.23999999999978
2022-11-22,14449.39,14433.77,14542.2,14477.97,14371.09,-15.619999999998981,108.43000000000029,92.81000000000131,-0.017694371941571974,2022,-92.81000000000131
2022-11-23,14542.2,14610.57,14608.54,14647.98,14542.2,68.36999999999898,-2.029999999998836,66.34000000000015,0.030267244182179187,2022,2.029999999998836
2022-11-24,14608.54,14693.16,14784.0,14716.49,14608.54,84.61999999999898,90.84000000000015,175.45999999999913,0.010737008582352159,2022,175.45999999999913
2022-11-25,14784.0,14819.55,14778.51,14826.92,14759.94,35.54999999999927,-41.039999999999054,-5.489999999999782,0.010737008582352159,2022,-5.489999999999782
2022-11-28,14778.51,14563.94,14556.87,14778.51,14545.12,-214.5699999999997,-7.069999999999709,-221.63999999999942,-0.012614752980527055,2022,221.63999999999942
2022-11-29,14556.87,14598.93,14709.64,14600.82,14449.05,42.05999999999949,110.70999999999913,152.76999999999862,-0.026347832092088352,2022,42.05999999999949
2022-11-30,14709.64,14758.84,14879.55,14779.24,14678.23,49.20000000000073,120.70999999999913,169.90999999999985,-0.003034963677495006,2022,169.90999999999985
2022-12-01,14879.55,15052.25,15012.8,15152.38,14879.55,172.70000000000073,-39.45000000000073,133.25,0.0584876340965681,2022,39.45000000000073
2022-12-02,15012.8,14985.61,14970.68,15012.8,14921.06,-27.18999999999869,-14.930000000000291,-42.11999999999898,-0.00783557670198276,2022,-42.11999999999898
2022-12-05,14970.68,15052.27,14980.74,15084.14,14969.97,81.59000000000015,-71.53000000000065,10.05999999999949,-0.01192997468534962,2022,-10.05999999999949
2022-12-06,14980.74,14862.12,14728.88,14980.74,14846.04,-118.61999999999898,-133.2400000000016,-251.86000000000058,-0.01197658809774671,2022,251.86000000000058
2022-12-07,14728.88,14811.56,14630.01,14823.15,14657.49,82.68000000000029,-181.54999999999927,-98.86999999999898,-0.02356421540877629,2022,82.68000000000029
2022-12-08,14630.01,14488.11,14553.04,14634.16,14468.6,-141.89999999999964,64.93000000000029,-76.96999999999935,-0.00010473045000436443,2022,-76.96999999999935
2022-12-09,14553.04,14665.5,14705.43,14691.29,14553.04,112.45999999999913,39.93000000000029,152.38999999999942,0.026738988123071072,2022,-39.93000000000029
2022-12-12,14705.43,14569.99,14612.59,14705.43,14538.66,-135.4400000000005,42.600000000000364,-92.84000000000015,-0.00863837244464849,2022,-92.84000000000015
2022-12-13,14612.59,14624.6,14522.96,14658.7,14600.26,12.010000000000218,-101.64000000000124,-89.63000000000102,0.02138536284187542,2022,101.64000000000124
2022-12-14,14522.96,14694.34,14739.36,14718.86,14522.96,171.38000000000102,45.02000000000044,216.40000000000146,0.015227348778969585,2022,216.40000000000146
2022-12-15,14739.36,14665.65,14734.13,14739.36,14649.54,-73.71000000000095,68.47999999999956,-5.230000000001382,-0.015686524686960746,2022,5.230000000001382
2022-12-16,14734.13,14456.99,14528.55,14734.13,14447.77,-277.1399999999994,71.55999999999949,-205.57999999999993,-0.04171722590889615,2022,-277.1399999999994
2022-12-19,14528.55,14442.59,14433.32,14528.55,14411.81,-85.95999999999913,-9.270000000000437,-95.22999999999956,-0.009509996580759794,2022,-95.22999999999956
2022-12-20,14433.32,14408.75,14170.03,14451.91,14375.86,-24.56999999999971,-238.71999999999935,-263.28999999999905,-0.013747581654717123,2022,263.28999999999905
2022-12-21,14170.03,14260.86,14234.4,14287.56,14170.03,90.82999999999993,-26.460000000000946,64.36999999999898,-0.006238797473710256,2022,64.36999999999898
2022-12-22,14234.4,14404.73,14442.94,14414.32,14234.4,170.32999999999993,38.210000000000946,208.54000000000087,0.023555913362542924,2022,-38.210000000000946
2022-12-23,14442.94,14263.58,14271.63,14442.94,14192.98,-179.36000000000058,8.049999999999272,-171.3100000000013,-0.042038192474948,2022,-179.36000000000058
2022-12-28,14328.43,14203.02,14173.1,14328.43,14174.83,-125.40999999999985,-29.920000000000073,-155.32999999999993,-0.017874257046961217,2022,155.32999999999993
2022-12-29,14173.1,14032.77,14085.02,14173.1,13981.63,-140.32999999999993,52.25,-88.07999999999993,-0.014729918037724499,2022,88.07999999999993
2022-12-30,14085.02,14207.19,14137.69,14248.9,14085.02,122.17000000000007,-69.5,52.67000000000007,0.033201684131584086,2022,69.5
