date,yr,pct,pnl,how
2023-08-15,2023,0.0,103.0,close
2023-08-15,2023,0.003,47.587,target
2023-08-15,2023,0.005,80.645,target
2023-08-15,2023,0.0075,103.0,close
2023-08-15,2023,0.01,103.0,close
2023-08-15,2023,0.015,103.0,close
2023-08-16,2023,0.0,-68.0,close
2023-08-16,2023,0.003,-68.0,close
2023-08-16,2023,0.005,-68.0,close
2023-08-16,2023,0.0075,-68.0,close
2023-08-16,2023,0.01,-68.0,close
2023-08-16,2023,0.015,-68.0,close
2023-08-21,2023,0.0,-72.0,close
2023-08-21,2023,0.003,47.26,target
2023-08-21,2023,0.005,-72.0,close
2023-08-21,2023,0.0075,-72.0,close
2023-08-21,2023,0.01,-72.0,close
2023-08-21,2023,0.015,-72.0,close
2023-08-22,2023,0.0,19.0,close
2023-08-22,2023,0.003,19.0,close
2023-08-22,2023,0.005,19.0,close
2023-08-22,2023,0.0075,19.0,close
2023-08-22,2023,0.01,19.0,close
2023-08-22,2023,0.015,19.0,close
2023-08-24,2023,0.0,-5.0,close
2023-08-24,2023,0.003,48.271,target
2023-08-24,2023,0.005,81.785,target
2023-08-24,2023,0.0075,-5.0,close
2023-08-24,2023,0.01,-5.0,close
2023-08-24,2023,0.015,-5.0,close
2023-08-28,2023,0.0,22.0,close
2023-08-28,2023,0.003,47.404,target
2023-08-28,2023,0.005,22.0,close
2023-08-28,2023,0.0075,22.0,close
2023-08-28,2023,0.01,22.0,close
2023-08-28,2023,0.015,22.0,close
2023-08-29,2023,0.0,55.0,close
2023-08-29,2023,0.003,47.713,target
2023-08-29,2023,0.005,55.0,close
2023-08-29,2023,0.0075,55.0,close
2023-08-29,2023,0.01,55.0,close
2023-08-29,2023,0.015,55.0,close
2023-08-30,2023,0.0,39.0,close
2023-08-30,2023,0.003,48.295,target
2023-08-30,2023,0.005,39.0,close
2023-08-30,2023,0.0075,39.0,close
2023-08-30,2023,0.01,39.0,close
2023-08-30,2023,0.015,39.0,close
2023-08-31,2023,0.0,-106.0,close
2023-08-31,2023,0.003,-106.0,close
2023-08-31,2023,0.005,-106.0,close
2023-08-31,2023,0.0075,-106.0,close
2023-08-31,2023,0.01,-106.0,close
2023-08-31,2023,0.015,-106.0,close
2023-09-01,2023,0.0,53.0,close
2023-09-01,2023,0.003,47.785000000000004,target
2023-09-01,2023,0.005,80.97500000000001,target
2023-09-01,2023,0.0075,122.46249999999999,target
2023-09-01,2023,0.01,53.0,close
2023-09-01,2023,0.015,53.0,close
2023-09-04,2023,0.0,129.0,close
2023-09-04,2023,0.003,47.944,target
2023-09-04,2023,0.005,81.24,target
2023-09-04,2023,0.0075,122.86,target
2023-09-04,2023,0.01,129.0,close
2023-09-04,2023,0.015,129.0,close
2023-09-05,2023,0.0,13.0,close
2023-09-05,2023,0.003,13.0,close
2023-09-05,2023,0.005,13.0,close
2023-09-05,2023,0.0075,13.0,close
2023-09-05,2023,0.01,13.0,close
2023-09-05,2023,0.015,13.0,close
2023-09-06,2023,0.0,-51.0,close
2023-09-06,2023,0.003,-51.0,close
2023-09-06,2023,0.005,-51.0,close
2023-09-06,2023,0.0075,-51.0,close
2023-09-06,2023,0.01,-51.0,close
2023-09-06,2023,0.015,-51.0,close
2023-09-08,2023,0.0,-76.0,close
2023-09-08,2023,0.003,-76.0,close
2023-09-08,2023,0.005,-76.0,close
2023-09-08,2023,0.0075,-76.0,close
2023-09-08,2023,0.01,-76.0,close
2023-09-08,2023,0.015,-76.0,close
2023-09-12,2023,0.0,102.0,close
2023-09-12,2023,0.003,47.395,target
2023-09-12,2023,0.005,80.325,target
2023-09-12,2023,0.0075,121.4875,target
2023-09-12,2023,0.01,102.0,close
2023-09-12,2023,0.015,102.0,close
2023-09-14,2023,0.0,163.0,close
2023-09-14,2023,0.003,48.025,target
2023-09-14,2023,0.005,81.375,target
2023-09-14,2023,0.0075,123.0625,target
2023-09-14,2023,0.01,164.75,target
2023-09-14,2023,0.015,163.0,close
2023-09-15,2023,0.0,58.0,close
2023-09-15,2023,0.003,48.538000000000004,target
2023-09-15,2023,0.005,58.0,close
2023-09-15,2023,0.0075,58.0,close
2023-09-15,2023,0.01,58.0,close
2023-09-15,2023,0.015,58.0,close
2023-09-19,2023,0.0,-84.0,close
2023-09-19,2023,0.003,48.067,target
2023-09-19,2023,0.005,-84.0,close
2023-09-19,2023,0.0075,-84.0,close
2023-09-19,2023,0.01,-84.0,close
2023-09-19,2023,0.015,-84.0,close
2023-09-21,2023,0.0,174.0,close
2023-09-21,2023,0.003,47.452,target
2023-09-21,2023,0.005,80.42,target
2023-09-21,2023,0.0075,121.63,target
2023-09-21,2023,0.01,162.84,target
2023-09-21,2023,0.015,174.0,close
2023-09-22,2023,0.0,-146.0,close
2023-09-22,2023,0.003,-146.0,close
2023-09-22,2023,0.005,-146.0,close
2023-09-22,2023,0.0075,-146.0,close
2023-09-22,2023,0.01,-146.0,close
2023-09-22,2023,0.015,-146.0,close
2023-09-25,2023,0.0,100.0,close
2023-09-25,2023,0.003,47.08,target
2023-09-25,2023,0.005,79.8,target
2023-09-25,2023,0.0075,120.69999999999999,target
2023-09-25,2023,0.01,100.0,close
2023-09-25,2023,0.015,100.0,close
2023-09-26,2023,0.0,-102.0,close
2023-09-26,2023,0.003,-102.0,close
2023-09-26,2023,0.005,-102.0,close
2023-09-26,2023,0.0075,-102.0,close
2023-09-26,2023,0.01,-102.0,close
2023-09-26,2023,0.015,-102.0,close
2023-09-27,2023,0.0,-71.0,close
2023-09-27,2023,0.003,-71.0,close
2023-09-27,2023,0.005,-71.0,close
2023-09-27,2023,0.0075,-71.0,close
2023-09-27,2023,0.01,-71.0,close
2023-09-27,2023,0.015,-71.0,close
2023-09-28,2023,0.0,23.0,close
2023-09-28,2023,0.003,47.035000000000004,target
2023-09-28,2023,0.005,79.72500000000001,target
2023-09-28,2023,0.0075,23.0,close
2023-09-28,2023,0.01,23.0,close
2023-09-28,2023,0.015,23.0,close
2023-10-02,2023,0.0,35.0,close
2023-10-02,2023,0.003,47.563,target
2023-10-02,2023,0.005,80.605,target
2023-10-02,2023,0.0075,35.0,close
2023-10-02,2023,0.01,35.0,close
2023-10-02,2023,0.015,35.0,close
2023-10-03,2023,0.0,-86.0,close
2023-10-03,2023,0.003,47.485,target
2023-10-03,2023,0.005,-86.0,close
2023-10-03,2023,0.0075,-86.0,close
2023-10-03,2023,0.01,-86.0,close
2023-10-03,2023,0.015,-86.0,close
2023-10-05,2023,0.0,156.0,close
2023-10-05,2023,0.003,46.9,target
2023-10-05,2023,0.005,79.5,target
2023-10-05,2023,0.0075,120.25,target
2023-10-05,2023,0.01,161.0,target
2023-10-05,2023,0.015,156.0,close
2023-10-11,2023,0.0,-87.0,close
2023-10-11,2023,0.003,-87.0,close
2023-10-11,2023,0.005,-87.0,close
2023-10-11,2023,0.0075,-87.0,close
2023-10-11,2023,0.01,-87.0,close
2023-10-11,2023,0.015,-87.0,close
2023-10-12,2023,0.0,75.0,close
2023-10-12,2023,0.003,48.319,target
2023-10-12,2023,0.005,75.0,close
2023-10-12,2023,0.0075,75.0,close
2023-10-12,2023,0.01,75.0,close
2023-10-12,2023,0.015,75.0,close
2023-10-13,2023,0.0,19.0,close
2023-10-13,2023,0.003,48.247,target
2023-10-13,2023,0.005,19.0,close
2023-10-13,2023,0.0075,19.0,close
2023-10-13,2023,0.01,19.0,close
2023-10-13,2023,0.015,19.0,close
2023-10-17,2023,0.0,-105.0,close
2023-10-17,2023,0.003,-105.0,close
2023-10-17,2023,0.005,-105.0,close
2023-10-17,2023,0.0075,-105.0,close
2023-10-17,2023,0.01,-105.0,close
2023-10-17,2023,0.015,-105.0,close
2023-10-19,2023,0.0,-111.0,close
2023-10-19,2023,0.003,-111.0,close
2023-10-19,2023,0.005,-111.0,close
2023-10-19,2023,0.0075,-111.0,close
2023-10-19,2023,0.01,-111.0,close
2023-10-19,2023,0.015,-111.0,close
2023-10-20,2023,0.0,40.0,close
2023-10-20,2023,0.003,47.371,target
2023-10-20,2023,0.005,80.285,target
2023-10-20,2023,0.0075,121.4275,target
2023-10-20,2023,0.01,162.57,target
2023-10-20,2023,0.015,40.0,close
2023-10-23,2023,0.0,90.0,close
2023-10-23,2023,0.003,47.050000000000004,target
2023-10-23,2023,0.005,79.75,target
2023-10-23,2023,0.0075,90.0,close
2023-10-23,2023,0.01,90.0,close
2023-10-23,2023,0.015,90.0,close
2023-10-25,2023,0.0,-11.0,close
2023-10-25,2023,0.003,47.098,target
2023-10-25,2023,0.005,79.83,target
2023-10-25,2023,0.0075,-11.0,close
2023-10-25,2023,0.01,-11.0,close
2023-10-25,2023,0.015,-11.0,close
2023-10-30,2023,0.0,44.0,close
2023-10-30,2023,0.003,46.345,target
2023-10-30,2023,0.005,78.575,target
2023-10-30,2023,0.0075,118.8625,target
2023-10-30,2023,0.01,44.0,close
2023-10-30,2023,0.015,44.0,close
2023-10-31,2023,0.0,189.0,close
2023-10-31,2023,0.003,46.561,target
2023-10-31,2023,0.005,78.935,target
2023-10-31,2023,0.0075,119.40249999999999,target
2023-10-31,2023,0.01,159.87,target
2023-10-31,2023,0.015,189.0,close
2023-11-01,2023,0.0,-47.0,close
2023-11-01,2023,0.003,-47.0,close
2023-11-01,2023,0.005,-47.0,close
2023-11-01,2023,0.0075,-47.0,close
2023-11-01,2023,0.01,-47.0,close
2023-11-01,2023,0.015,-47.0,close
2023-11-02,2023,0.0,-46.0,close
2023-11-02,2023,0.003,-46.0,close
2023-11-02,2023,0.005,-46.0,close
2023-11-02,2023,0.0075,-46.0,close
2023-11-02,2023,0.01,-46.0,close
2023-11-02,2023,0.015,-46.0,close
2023-11-03,2023,0.0,-14.0,close
2023-11-03,2023,0.003,-14.0,close
2023-11-03,2023,0.005,-14.0,close
2023-11-03,2023,0.0075,-14.0,close
2023-11-03,2023,0.01,-14.0,close
2023-11-03,2023,0.015,-14.0,close
2023-11-06,2023,0.0,18.0,close
2023-11-06,2023,0.003,18.0,close
2023-11-06,2023,0.005,18.0,close
2023-11-06,2023,0.0075,18.0,close
2023-11-06,2023,0.01,18.0,close
2023-11-06,2023,0.015,18.0,close
2023-11-08,2023,0.0,18.0,close
2023-11-08,2023,0.003,48.19,target
2023-11-08,2023,0.005,18.0,close
2023-11-08,2023,0.0075,18.0,close
2023-11-08,2023,0.01,18.0,close
2023-11-08,2023,0.015,18.0,close
2023-11-09,2023,0.0,53.0,close
2023-11-09,2023,0.003,48.13,target
2023-11-09,2023,0.005,53.0,close
2023-11-09,2023,0.0075,53.0,close
2023-11-09,2023,0.01,53.0,close
2023-11-09,2023,0.015,53.0,close
2023-11-13,2023,0.0,20.0,close
2023-11-13,2023,0.003,48.688,target
2023-11-13,2023,0.005,20.0,close
2023-11-13,2023,0.0075,20.0,close
2023-11-13,2023,0.01,20.0,close
2023-11-13,2023,0.015,20.0,close
2023-11-15,2023,0.0,-12.0,close
2023-11-15,2023,0.003,49.465,target
2023-11-15,2023,0.005,-12.0,close
2023-11-15,2023,0.0075,-12.0,close
2023-11-15,2023,0.01,-12.0,close
2023-11-15,2023,0.015,-12.0,close
2023-11-16,2023,0.0,-15.0,close
2023-11-16,2023,0.003,-15.0,close
2023-11-16,2023,0.005,-15.0,close
2023-11-16,2023,0.0075,-15.0,close
2023-11-16,2023,0.01,-15.0,close
2023-11-16,2023,0.015,-15.0,close
2023-11-17,2023,0.0,64.0,close
2023-11-17,2023,0.003,49.462,target
2023-11-17,2023,0.005,83.77,target
2023-11-17,2023,0.0075,64.0,close
2023-11-17,2023,0.01,64.0,close
2023-11-17,2023,0.015,64.0,close
2023-11-20,2023,0.0,-26.0,close
2023-11-20,2023,0.003,49.666000000000004,target
2023-11-20,2023,0.005,-26.0,close
2023-11-20,2023,0.0075,-26.0,close
2023-11-20,2023,0.01,-26.0,close
2023-11-20,2023,0.015,-26.0,close
2023-11-21,2023,0.0,125.0,close
2023-11-21,2023,0.003,49.855000000000004,target
2023-11-21,2023,0.005,84.425,target
2023-11-21,2023,0.0075,127.63749999999999,target
2023-11-21,2023,0.01,125.0,close
2023-11-21,2023,0.015,125.0,close
2023-11-22,2023,0.0,14.0,close
2023-11-22,2023,0.003,14.0,close
2023-11-22,2023,0.005,14.0,close
2023-11-22,2023,0.0075,14.0,close
2023-11-22,2023,0.01,14.0,close
2023-11-22,2023,0.015,14.0,close
2023-11-23,2023,0.0,36.0,close
2023-11-23,2023,0.003,49.801,target
2023-11-23,2023,0.005,36.0,close
2023-11-23,2023,0.0075,36.0,close
2023-11-23,2023,0.01,36.0,close
2023-11-23,2023,0.015,36.0,close
2023-11-24,2023,0.0,-47.0,close
2023-11-24,2023,0.003,-47.0,close
2023-11-24,2023,0.005,-47.0,close
2023-11-24,2023,0.0075,-47.0,close
2023-11-24,2023,0.01,-47.0,close
2023-11-24,2023,0.015,-47.0,close
2023-11-27,2023,0.0,-90.0,close
2023-11-27,2023,0.003,49.78,target
2023-11-27,2023,0.005,84.3,target
2023-11-27,2023,0.0075,-90.0,close
2023-11-27,2023,0.01,-90.0,close
2023-11-27,2023,0.015,-90.0,close
2023-11-30,2023,0.0,-8.0,close
2023-11-30,2023,0.003,-8.0,close
2023-11-30,2023,0.005,-8.0,close
2023-11-30,2023,0.0075,-8.0,close
2023-11-30,2023,0.01,-8.0,close
2023-11-30,2023,0.015,-8.0,close
2023-12-04,2023,0.0,-50.0,close
2023-12-04,2023,0.003,-50.0,close
2023-12-04,2023,0.005,-50.0,close
2023-12-04,2023,0.0075,-50.0,close
2023-12-04,2023,0.01,-50.0,close
2023-12-04,2023,0.015,-50.0,close
2023-12-05,2023,0.0,-31.0,close
2023-12-05,2023,0.003,-31.0,close
2023-12-05,2023,0.005,-31.0,close
2023-12-05,2023,0.0075,-31.0,close
2023-12-05,2023,0.01,-31.0,close
2023-12-05,2023,0.015,-31.0,close
2023-12-08,2023,0.0,16.0,close
2023-12-08,2023,0.003,16.0,close
2023-12-08,2023,0.005,16.0,close
2023-12-08,2023,0.0075,16.0,close
2023-12-08,2023,0.01,16.0,close
2023-12-08,2023,0.015,16.0,close
2023-12-11,2023,0.0,-18.0,close
2023-12-11,2023,0.003,-18.0,close
2023-12-11,2023,0.005,-18.0,close
2023-12-11,2023,0.0075,-18.0,close
2023-12-11,2023,0.01,-18.0,close
2023-12-11,2023,0.015,-18.0,close
2023-12-12,2023,0.0,21.0,close
2023-12-12,2023,0.003,50.461,target
2023-12-12,2023,0.005,21.0,close
2023-12-12,2023,0.0075,21.0,close
2023-12-12,2023,0.01,21.0,close
2023-12-12,2023,0.015,21.0,close
2023-12-13,2023,0.0,-44.0,close
2023-12-13,2023,0.003,-44.0,close
2023-12-13,2023,0.005,-44.0,close
2023-12-13,2023,0.0075,-44.0,close
2023-12-13,2023,0.01,-44.0,close
2023-12-13,2023,0.015,-44.0,close
2023-12-14,2023,0.0,59.0,close
2023-12-14,2023,0.003,50.800000000000004,target
2023-12-14,2023,0.005,86.0,target
2023-12-14,2023,0.0075,59.0,close
2023-12-14,2023,0.01,59.0,close
2023-12-14,2023,0.015,59.0,close
2023-12-15,2023,0.0,66.0,close
2023-12-15,2023,0.003,51.223,target
2023-12-15,2023,0.005,66.0,close
2023-12-15,2023,0.0075,66.0,close
2023-12-15,2023,0.01,66.0,close
2023-12-15,2023,0.015,66.0,close
2023-12-18,2023,0.0,-13.0,close
2023-12-18,2023,0.003,-13.0,close
2023-12-18,2023,0.005,-13.0,close
2023-12-18,2023,0.0075,-13.0,close
2023-12-18,2023,0.01,-13.0,close
2023-12-18,2023,0.015,-13.0,close
2023-12-20,2023,0.0,66.0,close
2023-12-20,2023,0.003,50.773,target
2023-12-20,2023,0.005,66.0,close
2023-12-20,2023,0.0075,66.0,close
2023-12-20,2023,0.01,66.0,close
2023-12-20,2023,0.015,66.0,close
2023-12-22,2023,0.0,7.0,close
2023-12-22,2023,0.003,7.0,close
2023-12-22,2023,0.005,7.0,close
2023-12-22,2023,0.0075,7.0,close
2023-12-22,2023,0.01,7.0,close
2023-12-22,2023,0.015,7.0,close
2023-12-25,2023,0.0,-14.0,close
2023-12-25,2023,0.003,-14.0,close
2023-12-25,2023,0.005,-14.0,close
2023-12-25,2023,0.0075,-14.0,close
2023-12-25,2023,0.01,-14.0,close
2023-12-25,2023,0.015,-14.0,close
2023-12-26,2023,0.0,83.0,close
2023-12-26,2023,0.003,50.947,target
2023-12-26,2023,0.005,86.245,target
2023-12-26,2023,0.0075,83.0,close
2023-12-26,2023,0.01,83.0,close
2023-12-26,2023,0.015,83.0,close
2023-12-27,2023,0.0,97.0,close
2023-12-27,2023,0.003,51.274,target
2023-12-27,2023,0.005,86.79,target
2023-12-27,2023,0.0075,97.0,close
2023-12-27,2023,0.01,97.0,close
2023-12-27,2023,0.015,97.0,close
2023-12-28,2023,0.0,11.0,close
2023-12-28,2023,0.003,11.0,close
2023-12-28,2023,0.005,11.0,close
2023-12-28,2023,0.0075,11.0,close
2023-12-28,2023,0.01,11.0,close
2023-12-28,2023,0.015,11.0,close
2024-01-08,2024,0.0,25.0,close
2024-01-08,2024,0.003,50.71,target
2024-01-08,2024,0.005,85.85000000000001,target
2024-01-08,2024,0.0075,129.775,target
2024-01-08,2024,0.01,25.0,close
2024-01-08,2024,0.015,25.0,close
2024-01-09,2024,0.0,69.0,close
2024-01-09,2024,0.003,50.845,target
2024-01-09,2024,0.005,86.075,target
2024-01-09,2024,0.0075,69.0,close
2024-01-09,2024,0.01,69.0,close
2024-01-09,2024,0.015,69.0,close
2024-01-10,2024,0.0,-54.0,close
2024-01-10,2024,0.003,-54.0,close
2024-01-10,2024,0.005,-54.0,close
2024-01-10,2024,0.0075,-54.0,close
2024-01-10,2024,0.01,-54.0,close
2024-01-10,2024,0.015,-54.0,close
2024-01-12,2024,0.0,14.0,close
2024-01-12,2024,0.003,50.410000000000004,target
2024-01-12,2024,0.005,85.35000000000001,target
2024-01-12,2024,0.0075,14.0,close
2024-01-12,2024,0.01,14.0,close
2024-01-12,2024,0.015,14.0,close
2024-01-17,2024,0.0,-108.0,close
2024-01-17,2024,0.003,-108.0,close
2024-01-17,2024,0.005,-108.0,close
2024-01-17,2024,0.0075,-108.0,close
2024-01-17,2024,0.01,-108.0,close
2024-01-17,2024,0.015,-108.0,close
2024-01-19,2024,0.0,-99.0,close
2024-01-19,2024,0.003,-99.0,close
2024-01-19,2024,0.005,-99.0,close
2024-01-19,2024,0.0075,-99.0,close
2024-01-19,2024,0.01,-99.0,close
2024-01-19,2024,0.015,-99.0,close
2024-01-22,2024,0.0,-2.0,close
2024-01-22,2024,0.003,51.451,target
2024-01-22,2024,0.005,-2.0,close
2024-01-22,2024,0.0075,-2.0,close
2024-01-22,2024,0.01,-2.0,close
2024-01-22,2024,0.015,-2.0,close
2024-01-23,2024,0.0,70.0,close
2024-01-23,2024,0.003,51.391,target
2024-01-23,2024,0.005,70.0,close
2024-01-23,2024,0.0075,70.0,close
2024-01-23,2024,0.01,70.0,close
2024-01-23,2024,0.015,70.0,close
2024-01-24,2024,0.0,-8.0,close
2024-01-24,2024,0.003,-8.0,close
2024-01-24,2024,0.005,-8.0,close
2024-01-24,2024,0.0075,-8.0,close
2024-01-24,2024,0.01,-8.0,close
2024-01-24,2024,0.015,-8.0,close
2024-01-25,2024,0.0,-29.0,close
2024-01-25,2024,0.003,-29.0,close
2024-01-25,2024,0.005,-29.0,close
2024-01-25,2024,0.0075,-29.0,close
2024-01-25,2024,0.01,-29.0,close
2024-01-25,2024,0.015,-29.0,close
2024-01-30,2024,0.0,-53.0,close
2024-01-30,2024,0.003,-53.0,close
2024-01-30,2024,0.005,-53.0,close
2024-01-30,2024,0.0075,-53.0,close
2024-01-30,2024,0.01,-53.0,close
2024-01-30,2024,0.015,-53.0,close
2024-01-31,2024,0.0,62.0,close
2024-01-31,2024,0.003,51.949,target
2024-01-31,2024,0.005,62.0,close
2024-01-31,2024,0.0075,62.0,close
2024-01-31,2024,0.01,62.0,close
2024-01-31,2024,0.015,62.0,close
2024-02-01,2024,0.0,-12.0,close
2024-02-01,2024,0.003,51.934000000000005,target
2024-02-01,2024,0.005,87.89,target
2024-02-01,2024,0.0075,-12.0,close
2024-02-01,2024,0.01,-12.0,close
2024-02-01,2024,0.015,-12.0,close
2024-02-02,2024,0.0,-17.0,close
2024-02-02,2024,0.003,-17.0,close
2024-02-02,2024,0.005,-17.0,close
2024-02-02,2024,0.0075,-17.0,close
2024-02-02,2024,0.01,-17.0,close
2024-02-02,2024,0.015,-17.0,close
2024-02-05,2024,0.0,70.0,close
2024-02-05,2024,0.003,52.042,target
2024-02-05,2024,0.005,70.0,close
2024-02-05,2024,0.0075,70.0,close
2024-02-05,2024,0.01,70.0,close
2024-02-05,2024,0.015,70.0,close
2024-02-15,2024,0.0,-95.0,close
2024-02-15,2024,0.003,-95.0,close
2024-02-15,2024,0.005,-95.0,close
2024-02-15,2024,0.0075,-95.0,close
2024-02-15,2024,0.01,-95.0,close
2024-02-15,2024,0.015,-95.0,close
2024-02-21,2024,0.0,59.0,close
2024-02-21,2024,0.003,54.253,target
2024-02-21,2024,0.005,59.0,close
2024-02-21,2024,0.0075,59.0,close
2024-02-21,2024,0.01,59.0,close
2024-02-21,2024,0.015,59.0,close
2024-02-23,2024,0.0,39.0,close
2024-02-23,2024,0.003,39.0,close
2024-02-23,2024,0.005,39.0,close
2024-02-23,2024,0.0075,39.0,close
2024-02-23,2024,0.01,39.0,close
2024-02-23,2024,0.015,39.0,close
2024-02-26,2024,0.0,-51.0,close
2024-02-26,2024,0.003,54.745000000000005,target
2024-02-26,2024,0.005,-51.0,close
2024-02-26,2024,0.0075,-51.0,close
2024-02-26,2024,0.01,-51.0,close
2024-02-26,2024,0.015,-51.0,close
2024-02-27,2024,0.0,-90.0,close
2024-02-27,2024,0.003,54.865,target
2024-02-27,2024,0.005,-90.0,close
2024-02-27,2024,0.0075,-90.0,close
2024-02-27,2024,0.01,-90.0,close
2024-02-27,2024,0.015,-90.0,close
2024-02-29,2024,0.0,-157.0,close
2024-02-29,2024,0.003,-157.0,close
2024-02-29,2024,0.005,-157.0,close
2024-02-29,2024,0.0075,-157.0,close
2024-02-29,2024,0.01,-157.0,close
2024-02-29,2024,0.015,-157.0,close
2024-03-01,2024,0.0,11.0,close
2024-03-01,2024,0.003,11.0,close
2024-03-01,2024,0.005,11.0,close
2024-03-01,2024,0.0075,11.0,close
2024-03-01,2024,0.01,11.0,close
2024-03-01,2024,0.015,11.0,close
2024-03-04,2024,0.0,-28.0,close
2024-03-04,2024,0.003,-28.0,close
2024-03-04,2024,0.005,-28.0,close
2024-03-04,2024,0.0075,-28.0,close
2024-03-04,2024,0.01,-28.0,close
2024-03-04,2024,0.015,-28.0,close
2024-03-05,2024,0.0,18.0,close
2024-03-05,2024,0.003,56.116,target
2024-03-05,2024,0.005,18.0,close
2024-03-05,2024,0.0075,18.0,close
2024-03-05,2024,0.01,18.0,close
2024-03-05,2024,0.015,18.0,close
2024-03-07,2024,0.0,-42.0,close
2024-03-07,2024,0.003,56.998000000000005,target
2024-03-07,2024,0.005,-42.0,close
2024-03-07,2024,0.0075,-42.0,close
2024-03-07,2024,0.01,-42.0,close
2024-03-07,2024,0.015,-42.0,close
2024-03-08,2024,0.0,163.0,close
2024-03-08,2024,0.003,57.877,target
2024-03-08,2024,0.005,97.795,target
2024-03-08,2024,0.0075,147.6925,target
2024-03-08,2024,0.01,197.59,target
2024-03-08,2024,0.015,297.385,target
2024-03-12,2024,0.0,-246.0,close
2024-03-12,2024,0.003,-246.0,close
2024-03-12,2024,0.005,-246.0,close
2024-03-12,2024,0.0075,-246.0,close
2024-03-12,2024,0.01,-246.0,close
2024-03-12,2024,0.015,-246.0,close
2024-03-13,2024,0.0,25.0,close
2024-03-13,2024,0.003,57.865,target
2024-03-13,2024,0.005,25.0,close
2024-03-13,2024,0.0075,25.0,close
2024-03-13,2024,0.01,25.0,close
2024-03-13,2024,0.015,25.0,close
2024-03-15,2024,0.0,99.0,close
2024-03-15,2024,0.003,57.481,target
2024-03-15,2024,0.005,97.135,target
2024-03-15,2024,0.0075,99.0,close
2024-03-15,2024,0.01,99.0,close
2024-03-15,2024,0.015,99.0,close
2024-03-21,2024,0.0,220.0,close
2024-03-21,2024,0.003,58.129,target
2024-03-21,2024,0.005,98.215,target
2024-03-21,2024,0.0075,148.3225,target
2024-03-21,2024,0.01,198.43,target
2024-03-21,2024,0.015,220.0,close
2024-03-22,2024,0.0,-74.0,close
2024-03-22,2024,0.003,-74.0,close
2024-03-22,2024,0.005,-74.0,close
2024-03-22,2024,0.0075,-74.0,close
2024-03-22,2024,0.01,-74.0,close
2024-03-22,2024,0.015,-74.0,close
2024-03-25,2024,0.0,-26.0,close
2024-03-25,2024,0.003,-26.0,close
2024-03-25,2024,0.005,-26.0,close
2024-03-25,2024,0.0075,-26.0,close
2024-03-25,2024,0.01,-26.0,close
2024-03-25,2024,0.015,-26.0,close
2024-03-28,2024,0.0,-38.0,close
2024-03-28,2024,0.003,-38.0,close
2024-03-28,2024,0.005,-38.0,close
2024-03-28,2024,0.0075,-38.0,close
2024-03-28,2024,0.01,-38.0,close
2024-03-28,2024,0.015,-38.0,close
2024-03-29,2024,0.0,57.0,close
2024-03-29,2024,0.003,58.660000000000004,target
2024-03-29,2024,0.005,57.0,close
2024-03-29,2024,0.0075,57.0,close
2024-03-29,2024,0.01,57.0,close
2024-03-29,2024,0.015,57.0,close
2024-04-01,2024,0.0,-107.0,close
2024-04-01,2024,0.003,-107.0,close
2024-04-01,2024,0.005,-107.0,close
2024-04-01,2024,0.0075,-107.0,close
2024-04-01,2024,0.01,-107.0,close
2024-04-01,2024,0.015,-107.0,close
2024-04-02,2024,0.0,165.0,close
2024-04-02,2024,0.003,59.065,target
2024-04-02,2024,0.005,99.775,target
2024-04-02,2024,0.0075,150.6625,target
2024-04-02,2024,0.01,165.0,close
2024-04-02,2024,0.015,165.0,close
2024-04-03,2024,0.0,22.0,close
2024-04-03,2024,0.003,59.125,target
2024-04-03,2024,0.005,22.0,close
2024-04-03,2024,0.0075,22.0,close
2024-04-03,2024,0.01,22.0,close
2024-04-03,2024,0.015,22.0,close
2024-04-08,2024,0.0,44.0,close
2024-04-08,2024,0.003,59.215,target
2024-04-08,2024,0.005,100.025,target
2024-04-08,2024,0.0075,44.0,close
2024-04-08,2024,0.01,44.0,close
2024-04-08,2024,0.015,44.0,close
2024-04-09,2024,0.0,331.0,close
2024-04-09,2024,0.003,59.617000000000004,target
2024-04-09,2024,0.005,100.69500000000001,target
2024-04-09,2024,0.0075,152.0425,target
2024-04-09,2024,0.01,203.39000000000001,target
2024-04-09,2024,0.015,306.085,target
2024-04-10,2024,0.0,27.0,close
2024-04-10,2024,0.003,60.463,target
2024-04-10,2024,0.005,27.0,close
2024-04-10,2024,0.0075,27.0,close
2024-04-10,2024,0.01,27.0,close
2024-04-10,2024,0.015,27.0,close
2024-04-11,2024,0.0,-49.0,close
2024-04-11,2024,0.003,-49.0,close
2024-04-11,2024,0.005,-49.0,close
2024-04-11,2024,0.0075,-49.0,close
2024-04-11,2024,0.01,-49.0,close
2024-04-11,2024,0.015,-49.0,close
2024-04-12,2024,0.0,-17.0,close
2024-04-12,2024,0.003,-17.0,close
2024-04-12,2024,0.005,-17.0,close
2024-04-12,2024,0.0075,-17.0,close
2024-04-12,2024,0.01,-17.0,close
2024-04-12,2024,0.015,-17.0,close
2024-04-16,2024,0.0,337.0,close
2024-04-16,2024,0.003,58.846000000000004,target
2024-04-16,2024,0.005,99.41,target
2024-04-16,2024,0.0075,150.11499999999998,target
2024-04-16,2024,0.01,200.82,target
2024-04-16,2024,0.015,302.22999999999996,target
2024-04-17,2024,0.0,213.0,close
2024-04-17,2024,0.003,57.907000000000004,target
2024-04-17,2024,0.005,97.845,target
2024-04-17,2024,0.0075,147.76749999999998,target
2024-04-17,2024,0.01,197.69,target
2024-04-17,2024,0.015,213.0,close
2024-04-19,2024,0.0,312.0,close
2024-04-19,2024,0.003,57.58,target
2024-04-19,2024,0.005,97.3,target
2024-04-19,2024,0.0075,146.95,target
2024-04-19,2024,0.01,196.6,target
2024-04-19,2024,0.015,295.9,target
2024-04-23,2024,0.0,30.0,close
2024-04-23,2024,0.003,56.944,target
2024-04-23,2024,0.005,30.0,close
2024-04-23,2024,0.0075,30.0,close
2024-04-23,2024,0.01,30.0,close
2024-04-23,2024,0.015,30.0,close
2024-04-24,2024,0.0,-51.0,close
2024-04-24,2024,0.003,-51.0,close
2024-04-24,2024,0.005,-51.0,close
2024-04-24,2024,0.0075,-51.0,close
2024-04-24,2024,0.01,-51.0,close
2024-04-24,2024,0.015,-51.0,close
2024-04-25,2024,0.0,-64.0,close
2024-04-25,2024,0.003,-64.0,close
2024-04-25,2024,0.005,-64.0,close
2024-04-25,2024,0.0075,-64.0,close
2024-04-25,2024,0.01,-64.0,close
2024-04-25,2024,0.015,-64.0,close
2024-04-26,2024,0.0,49.0,close
2024-04-26,2024,0.003,58.378,target
2024-04-26,2024,0.005,98.63,target
2024-04-26,2024,0.0075,49.0,close
2024-04-26,2024,0.01,49.0,close
2024-04-26,2024,0.015,49.0,close
2024-04-29,2024,0.0,-1.0,close
2024-04-29,2024,0.003,59.659,target
2024-04-29,2024,0.005,-1.0,close
2024-04-29,2024,0.0075,-1.0,close
2024-04-29,2024,0.01,-1.0,close
2024-04-29,2024,0.015,-1.0,close
2024-04-30,2024,0.0,-90.0,close
2024-04-30,2024,0.003,59.509,target
2024-04-30,2024,0.005,-90.0,close
2024-04-30,2024,0.0075,-90.0,close
2024-04-30,2024,0.01,-90.0,close
2024-04-30,2024,0.015,-90.0,close
2024-05-03,2024,0.0,81.0,close
2024-05-03,2024,0.003,59.392,target
2024-05-03,2024,0.005,100.32000000000001,target
2024-05-03,2024,0.0075,151.48,target
2024-05-03,2024,0.01,81.0,close
2024-05-03,2024,0.015,81.0,close
2024-05-06,2024,0.0,81.0,close
2024-05-06,2024,0.003,60.052,target
2024-05-06,2024,0.005,81.0,close
2024-05-06,2024,0.0075,81.0,close
2024-05-06,2024,0.01,81.0,close
2024-05-06,2024,0.015,81.0,close
2024-05-07,2024,0.0,-17.0,close
2024-05-07,2024,0.003,59.89,target
2024-05-07,2024,0.005,-17.0,close
2024-05-07,2024,0.0075,-17.0,close
2024-05-07,2024,0.01,-17.0,close
2024-05-07,2024,0.015,-17.0,close
2024-05-09,2024,0.0,-111.0,close
2024-05-09,2024,0.003,-111.0,close
2024-05-09,2024,0.005,-111.0,close
2024-05-09,2024,0.0075,-111.0,close
2024-05-09,2024,0.01,-111.0,close
2024-05-09,2024,0.015,-111.0,close
2024-05-13,2024,0.0,-58.0,close
2024-05-13,2024,0.003,-58.0,close
2024-05-13,2024,0.005,-58.0,close
2024-05-13,2024,0.0075,-58.0,close
2024-05-13,2024,0.01,-58.0,close
2024-05-13,2024,0.015,-58.0,close
2024-05-14,2024,0.0,127.0,close
2024-05-14,2024,0.003,60.646,target
2024-05-14,2024,0.005,102.41,target
2024-05-14,2024,0.0075,127.0,close
2024-05-14,2024,0.01,127.0,close
2024-05-14,2024,0.015,127.0,close
2024-05-15,2024,0.0,54.0,close
2024-05-15,2024,0.003,61.576,target
2024-05-15,2024,0.005,103.96000000000001,target
2024-05-15,2024,0.0075,156.94,target
2024-05-15,2024,0.01,54.0,close
2024-05-15,2024,0.015,54.0,close
2024-05-16,2024,0.0,104.0,close
2024-05-16,2024,0.003,62.434,target
2024-05-16,2024,0.005,105.39,target
2024-05-16,2024,0.0075,104.0,close
2024-05-16,2024,0.01,104.0,close
2024-05-16,2024,0.015,104.0,close
2024-05-21,2024,0.0,-78.0,close
2024-05-21,2024,0.003,-78.0,close
2024-05-21,2024,0.005,-78.0,close
2024-05-21,2024,0.0075,-78.0,close
2024-05-21,2024,0.01,-78.0,close
2024-05-21,2024,0.015,-78.0,close
2024-05-23,2024,0.0,-16.0,close
2024-05-23,2024,0.003,-16.0,close
2024-05-23,2024,0.005,-16.0,close
2024-05-23,2024,0.0075,-16.0,close
2024-05-23,2024,0.01,-16.0,close
2024-05-23,2024,0.015,-16.0,close
2024-05-27,2024,0.0,197.0,close
2024-05-27,2024,0.003,63.019000000000005,target
2024-05-27,2024,0.005,106.36500000000001,target
2024-05-27,2024,0.0075,160.54749999999999,target
2024-05-27,2024,0.01,214.73000000000002,target
2024-05-27,2024,0.015,197.0,close
2024-05-28,2024,0.0,63.0,close
2024-05-28,2024,0.003,63.652,target
2024-05-28,2024,0.005,107.42,target
2024-05-28,2024,0.0075,63.0,close
2024-05-28,2024,0.01,63.0,close
2024-05-28,2024,0.015,63.0,close
2024-05-29,2024,0.0,-144.0,close
2024-05-29,2024,0.003,-144.0,close
2024-05-29,2024,0.005,-144.0,close
2024-05-29,2024,0.0075,-144.0,close
2024-05-29,2024,0.01,-144.0,close
2024-05-29,2024,0.015,-144.0,close
2024-05-30,2024,0.0,113.0,close
2024-05-30,2024,0.003,62.524,target
2024-05-30,2024,0.005,105.54,target
2024-05-30,2024,0.0075,113.0,close
2024-05-30,2024,0.01,113.0,close
2024-05-30,2024,0.015,113.0,close
2024-06-04,2024,0.0,-248.0,close
2024-06-04,2024,0.003,-248.0,close
2024-06-04,2024,0.005,-248.0,close
2024-06-04,2024,0.0075,-248.0,close
2024-06-04,2024,0.01,-248.0,close
2024-06-04,2024,0.015,-248.0,close
2024-06-06,2024,0.0,-5.0,close
2024-06-06,2024,0.003,-5.0,close
2024-06-06,2024,0.005,-5.0,close
2024-06-06,2024,0.0075,-5.0,close
2024-06-06,2024,0.01,-5.0,close
2024-06-06,2024,0.015,-5.0,close
2024-06-11,2024,0.0,-123.0,close
2024-06-11,2024,0.003,-123.0,close
2024-06-11,2024,0.005,-123.0,close
2024-06-11,2024,0.0075,-123.0,close
2024-06-11,2024,0.01,-123.0,close
2024-06-11,2024,0.015,-123.0,close
2024-06-12,2024,0.0,216.0,close
2024-06-12,2024,0.003,63.489999999999995,target
2024-06-12,2024,0.005,107.15,target
2024-06-12,2024,0.0075,161.725,target
2024-06-12,2024,0.01,216.3,target
2024-06-12,2024,0.015,216.0,close
2024-06-13,2024,0.0,87.0,close
2024-06-13,2024,0.003,65.233,target
2024-06-13,2024,0.005,110.055,target
2024-06-13,2024,0.0075,166.08249999999998,target
2024-06-13,2024,0.01,87.0,close
2024-06-13,2024,0.015,87.0,close
2024-06-14,2024,0.0,240.0,close
2024-06-14,2024,0.003,64.804,target
2024-06-14,2024,0.005,109.34,target
2024-06-14,2024,0.0075,165.01,target
2024-06-14,2024,0.01,220.68,target
2024-06-14,2024,0.015,240.0,close
2024-06-18,2024,0.0,57.0,close
2024-06-18,2024,0.003,66.175,target
2024-06-18,2024,0.005,57.0,close
2024-06-18,2024,0.0075,57.0,close
2024-06-18,2024,0.01,57.0,close
2024-06-18,2024,0.015,57.0,close
2024-06-19,2024,0.0,258.0,close
2024-06-19,2024,0.003,66.622,target
2024-06-19,2024,0.005,112.37,target
2024-06-19,2024,0.0075,169.555,target
2024-06-19,2024,0.01,226.74,target
2024-06-19,2024,0.015,258.0,close
2024-06-20,2024,0.0,234.0,close
2024-06-20,2024,0.003,67.429,target
2024-06-20,2024,0.005,113.715,target
2024-06-20,2024,0.0075,171.5725,target
2024-06-20,2024,0.01,229.43,target
2024-06-20,2024,0.015,234.0,close
2024-06-24,2024,0.0,299.0,close
2024-06-24,2024,0.003,67.15,target
2024-06-24,2024,0.005,113.25,target
2024-06-24,2024,0.0075,170.875,target
2024-06-24,2024,0.01,228.5,target
2024-06-24,2024,0.015,299.0,close
2024-06-26,2024,0.0,62.0,close
2024-06-26,2024,0.003,66.421,target
2024-06-26,2024,0.005,112.035,target
2024-06-26,2024,0.0075,169.05249999999998,target
2024-06-26,2024,0.01,62.0,close
2024-06-26,2024,0.015,62.0,close
2024-07-01,2024,0.0,26.0,close
2024-07-01,2024,0.003,66.886,target
2024-07-01,2024,0.005,112.81,target
2024-07-01,2024,0.0075,170.215,target
2024-07-01,2024,0.01,26.0,close
2024-07-01,2024,0.015,26.0,close
2024-07-02,2024,0.0,-28.0,close
2024-07-02,2024,0.003,66.577,target
2024-07-02,2024,0.005,112.295,target
2024-07-02,2024,0.0075,-28.0,close
2024-07-02,2024,0.01,-28.0,close
2024-07-02,2024,0.015,-28.0,close
2024-07-03,2024,0.0,109.0,close
2024-07-03,2024,0.003,67.22500000000001,target
2024-07-03,2024,0.005,109.0,close
2024-07-03,2024,0.0075,109.0,close
2024-07-03,2024,0.01,109.0,close
2024-07-03,2024,0.015,109.0,close
2024-07-04,2024,0.0,134.0,close
2024-07-04,2024,0.003,68.455,target
2024-07-04,2024,0.005,115.425,target
2024-07-04,2024,0.0075,134.0,close
2024-07-04,2024,0.01,134.0,close
2024-07-04,2024,0.015,134.0,close
2024-07-05,2024,0.0,-77.0,close
2024-07-05,2024,0.003,-77.0,close
2024-07-05,2024,0.005,-77.0,close
2024-07-05,2024,0.0075,-77.0,close
2024-07-05,2024,0.01,-77.0,close
2024-07-05,2024,0.015,-77.0,close
2024-07-08,2024,0.0,365.0,close
2024-07-08,2024,0.003,68.635,target
2024-07-08,2024,0.005,115.72500000000001,target
2024-07-08,2024,0.0075,174.5875,target
2024-07-08,2024,0.01,233.45000000000002,target
2024-07-08,2024,0.015,351.175,target
2024-07-09,2024,0.0,-60.0,close
2024-07-09,2024,0.003,69.81400000000001,target
2024-07-09,2024,0.005,117.69,target
2024-07-09,2024,0.0075,-60.0,close
2024-07-09,2024,0.01,-60.0,close
2024-07-09,2024,0.015,-60.0,close
2024-07-11,2024,0.0,-71.0,close
2024-07-11,2024,0.003,-71.0,close
2024-07-11,2024,0.005,-71.0,close
2024-07-11,2024,0.0075,-71.0,close
2024-07-11,2024,0.01,-71.0,close
2024-07-11,2024,0.015,-71.0,close
2024-07-15,2024,0.0,-232.0,close
2024-07-15,2024,0.003,-232.0,close
2024-07-15,2024,0.005,-232.0,close
2024-07-15,2024,0.0075,-232.0,close
2024-07-15,2024,0.01,-232.0,close
2024-07-15,2024,0.015,-232.0,close
2024-07-16,2024,0.0,169.0,close
2024-07-16,2024,0.003,69.478,target
2024-07-16,2024,0.005,117.13,target
2024-07-16,2024,0.0075,176.695,target
2024-07-16,2024,0.01,236.26,target
2024-07-16,2024,0.015,169.0,close
2024-07-17,2024,0.0,-256.0,close
2024-07-17,2024,0.003,-256.0,close
2024-07-17,2024,0.005,-256.0,close
2024-07-17,2024,0.0075,-256.0,close
2024-07-17,2024,0.01,-256.0,close
2024-07-17,2024,0.015,-256.0,close
2024-07-19,2024,0.0,-239.0,close
2024-07-19,2024,0.003,-239.0,close
2024-07-19,2024,0.005,-239.0,close
2024-07-19,2024,0.0075,-239.0,close
2024-07-19,2024,0.01,-239.0,close
2024-07-19,2024,0.015,-239.0,close
2024-07-23,2024,0.0,-68.0,close
2024-07-23,2024,0.003,-68.0,close
2024-07-23,2024,0.005,-68.0,close
2024-07-23,2024,0.0075,-68.0,close
2024-07-23,2024,0.01,-68.0,close
2024-07-23,2024,0.015,-68.0,close
2024-07-26,2024,0.0,-41.0,close
2024-07-26,2024,0.003,64.15,target
2024-07-26,2024,0.005,108.25,target
2024-07-26,2024,0.0075,-41.0,close
2024-07-26,2024,0.01,-41.0,close
2024-07-26,2024,0.015,-41.0,close
2024-07-29,2024,0.0,-164.0,close
2024-07-29,2024,0.003,65.26,target
2024-07-29,2024,0.005,-164.0,close
2024-07-29,2024,0.0075,-164.0,close
2024-07-29,2024,0.01,-164.0,close
2024-07-29,2024,0.015,-164.0,close
2024-08-01,2024,0.0,-101.0,close
2024-08-01,2024,0.003,65.659,target
2024-08-01,2024,0.005,-101.0,close
2024-08-01,2024,0.0075,-101.0,close
2024-08-01,2024,0.01,-101.0,close
2024-08-01,2024,0.015,-101.0,close
2024-08-06,2024,0.0,-30.0,close
2024-08-06,2024,0.003,59.203,target
2024-08-06,2024,0.005,100.005,target
2024-08-06,2024,0.0075,151.0075,target
2024-08-06,2024,0.01,202.01,target
2024-08-06,2024,0.015,304.015,target
2024-08-07,2024,0.0,639.0,close
2024-08-07,2024,0.003,59.467,target
2024-08-07,2024,0.005,100.44500000000001,target
2024-08-07,2024,0.0075,151.6675,target
2024-08-07,2024,0.01,202.89000000000001,target
2024-08-07,2024,0.015,305.335,target
2024-08-09,2024,0.0,-21.0,close
2024-08-09,2024,0.003,62.376999999999995,target
2024-08-09,2024,0.005,105.295,target
2024-08-09,2024,0.0075,158.9425,target
2024-08-09,2024,0.01,212.59,target
2024-08-09,2024,0.015,-21.0,close
2024-08-13,2024,0.0,-82.0,close
2024-08-13,2024,0.003,-82.0,close
2024-08-13,2024,0.005,-82.0,close
2024-08-13,2024,0.0075,-82.0,close
2024-08-13,2024,0.01,-82.0,close
2024-08-13,2024,0.015,-82.0,close
2024-08-14,2024,0.0,95.0,close
2024-08-14,2024,0.003,64.231,target
2024-08-14,2024,0.005,108.385,target
2024-08-14,2024,0.0075,163.5775,target
2024-08-14,2024,0.01,95.0,close
2024-08-14,2024,0.015,95.0,close
2024-08-16,2024,0.0,-59.0,close
2024-08-16,2024,0.003,-59.0,close
2024-08-16,2024,0.005,-59.0,close
2024-08-16,2024,0.0075,-59.0,close
2024-08-16,2024,0.01,-59.0,close
2024-08-16,2024,0.015,-59.0,close
2024-08-20,2024,0.0,-119.0,close
2024-08-20,2024,0.003,-119.0,close
2024-08-20,2024,0.005,-119.0,close
2024-08-20,2024,0.0075,-119.0,close
2024-08-20,2024,0.01,-119.0,close
2024-08-20,2024,0.015,-119.0,close
2024-08-21,2024,0.0,83.0,close
2024-08-21,2024,0.003,64.87,target
2024-08-21,2024,0.005,109.45,target
2024-08-21,2024,0.0075,83.0,close
2024-08-21,2024,0.01,83.0,close
2024-08-21,2024,0.015,83.0,close
2024-08-22,2024,0.0,-144.0,close
2024-08-22,2024,0.003,-144.0,close
2024-08-22,2024,0.005,-144.0,close
2024-08-22,2024,0.0075,-144.0,close
2024-08-22,2024,0.01,-144.0,close
2024-08-22,2024,0.015,-144.0,close
2024-08-26,2024,0.0,198.0,close
2024-08-26,2024,0.003,65.221,target
2024-08-26,2024,0.005,110.035,target
2024-08-26,2024,0.0075,166.05249999999998,target
2024-08-26,2024,0.01,222.07,target
2024-08-26,2024,0.015,198.0,close
2024-08-28,2024,0.0,215.0,close
2024-08-28,2024,0.003,64.549,target
2024-08-28,2024,0.005,108.915,target
2024-08-28,2024,0.0075,164.3725,target
2024-08-28,2024,0.01,219.83,target
2024-08-28,2024,0.015,215.0,close
2024-08-29,2024,0.0,-218.0,close
2024-08-29,2024,0.003,63.876999999999995,target
2024-08-29,2024,0.005,-218.0,close
2024-08-29,2024,0.0075,-218.0,close
2024-08-29,2024,0.01,-218.0,close
2024-08-29,2024,0.015,-218.0,close
2024-09-02,2024,0.0,87.0,close
2024-09-02,2024,0.003,64.906,target
2024-09-02,2024,0.005,109.51,target
2024-09-02,2024,0.0075,87.0,close
2024-09-02,2024,0.01,87.0,close
2024-09-02,2024,0.015,87.0,close
2024-09-03,2024,0.0,239.0,close
2024-09-03,2024,0.003,64.897,target
2024-09-03,2024,0.005,109.495,target
2024-09-03,2024,0.0075,165.2425,target
2024-09-03,2024,0.01,220.99,target
2024-09-03,2024,0.015,239.0,close
2024-09-05,2024,0.0,-118.0,close
2024-09-05,2024,0.003,61.9,target
2024-09-05,2024,0.005,104.5,target
2024-09-05,2024,0.0075,-118.0,close
2024-09-05,2024,0.01,-118.0,close
2024-09-05,2024,0.015,-118.0,close
2024-09-10,2024,0.0,125.0,close
2024-09-10,2024,0.003,61.375,target
2024-09-10,2024,0.005,103.625,target
2024-09-10,2024,0.0075,156.4375,target
2024-09-10,2024,0.01,209.25,target
2024-09-10,2024,0.015,125.0,close
2024-09-11,2024,0.0,-103.0,close
2024-09-11,2024,0.003,-103.0,close
2024-09-11,2024,0.005,-103.0,close
2024-09-11,2024,0.0075,-103.0,close
2024-09-11,2024,0.01,-103.0,close
2024-09-11,2024,0.015,-103.0,close
2024-09-12,2024,0.0,-34.0,close
2024-09-12,2024,0.003,-34.0,close
2024-09-12,2024,0.005,-34.0,close
2024-09-12,2024,0.0075,-34.0,close
2024-09-12,2024,0.01,-34.0,close
2024-09-12,2024,0.015,-34.0,close
2024-09-16,2024,0.0,-10.0,close
2024-09-16,2024,0.003,-10.0,close
2024-09-16,2024,0.005,-10.0,close
2024-09-16,2024,0.0075,-10.0,close
2024-09-16,2024,0.01,-10.0,close
2024-09-16,2024,0.015,-10.0,close
2024-09-18,2024,0.0,-69.0,close
2024-09-18,2024,0.003,63.286,target
2024-09-18,2024,0.005,106.81,target
2024-09-18,2024,0.0075,-69.0,close
2024-09-18,2024,0.01,-69.0,close
2024-09-18,2024,0.015,-69.0,close
2024-09-19,2024,0.0,-303.0,close
2024-09-19,2024,0.003,63.31,target
2024-09-19,2024,0.005,106.85000000000001,target
2024-09-19,2024,0.0075,-303.0,close
2024-09-19,2024,0.01,-303.0,close
2024-09-19,2024,0.015,-303.0,close
2024-09-20,2024,0.0,101.0,close
2024-09-20,2024,0.003,64.95700000000001,target
2024-09-20,2024,0.005,109.595,target
2024-09-20,2024,0.0075,101.0,close
2024-09-20,2024,0.01,101.0,close
2024-09-20,2024,0.015,101.0,close
2024-09-23,2024,0.0,-40.0,close
2024-09-23,2024,0.003,-40.0,close
2024-09-23,2024,0.005,-40.0,close
2024-09-23,2024,0.0075,-40.0,close
2024-09-23,2024,0.01,-40.0,close
2024-09-23,2024,0.015,-40.0,close
2024-09-24,2024,0.0,187.0,close
2024-09-24,2024,0.003,64.909,target
2024-09-24,2024,0.005,109.515,target
2024-09-24,2024,0.0075,165.2725,target
2024-09-24,2024,0.01,187.0,close
2024-09-24,2024,0.015,187.0,close
2024-09-25,2024,0.0,-46.0,close
2024-09-25,2024,0.003,-46.0,close
2024-09-25,2024,0.005,-46.0,close
2024-09-25,2024,0.0075,-46.0,close
2024-09-25,2024,0.01,-46.0,close
2024-09-25,2024,0.015,-46.0,close
2024-09-26,2024,0.0,-69.0,close
2024-09-26,2024,0.003,-69.0,close
2024-09-26,2024,0.005,-69.0,close
2024-09-26,2024,0.0075,-69.0,close
2024-09-26,2024,0.01,-69.0,close
2024-09-26,2024,0.015,-69.0,close
2024-09-27,2024,0.0,191.0,close
2024-09-27,2024,0.003,67.234,target
2024-09-27,2024,0.005,113.39,target
2024-09-27,2024,0.0075,171.08499999999998,target
2024-09-27,2024,0.01,191.0,close
2024-09-27,2024,0.015,191.0,close
2024-09-30,2024,0.0,348.0,close
2024-09-30,2024,0.003,66.031,target
2024-09-30,2024,0.005,111.385,target
2024-09-30,2024,0.0075,168.0775,target
2024-09-30,2024,0.01,224.77,target
2024-09-30,2024,0.015,338.155,target
2024-10-04,2024,0.0,-45.0,close
2024-10-04,2024,0.003,64.975,target
2024-10-04,2024,0.005,109.625,target
2024-10-04,2024,0.0075,165.4375,target
2024-10-04,2024,0.01,-45.0,close
2024-10-04,2024,0.015,-45.0,close
2024-10-07,2024,0.0,209.0,close
2024-10-07,2024,0.003,65.686,target
2024-10-07,2024,0.005,110.81,target
2024-10-07,2024,0.0075,167.215,target
2024-10-07,2024,0.01,223.62,target
2024-10-07,2024,0.015,209.0,close
2024-10-09,2024,0.0,-72.0,close
2024-10-09,2024,0.003,66.304,target
2024-10-09,2024,0.005,111.84,target
2024-10-09,2024,0.0075,-72.0,close
2024-10-09,2024,0.01,-72.0,close
2024-10-09,2024,0.015,-72.0,close
2024-10-14,2024,0.0,5.0,close
2024-10-14,2024,0.003,5.0,close
2024-10-14,2024,0.005,5.0,close
2024-10-14,2024,0.0075,5.0,close
2024-10-14,2024,0.01,5.0,close
2024-10-14,2024,0.015,5.0,close
2024-10-15,2024,0.0,63.0,close
2024-10-15,2024,0.003,67.489,target
2024-10-15,2024,0.005,113.815,target
2024-10-15,2024,0.0075,171.7225,target
2024-10-15,2024,0.01,63.0,close
2024-10-15,2024,0.015,63.0,close
2024-10-17,2024,0.0,123.0,close
2024-10-17,2024,0.003,67.405,target
2024-10-17,2024,0.005,113.675,target
2024-10-17,2024,0.0075,123.0,close
2024-10-17,2024,0.01,123.0,close
2024-10-17,2024,0.015,123.0,close
2024-10-18,2024,0.0,-174.0,close
2024-10-18,2024,0.003,-174.0,close
2024-10-18,2024,0.005,-174.0,close
2024-10-18,2024,0.0075,-174.0,close
2024-10-18,2024,0.01,-174.0,close
2024-10-18,2024,0.015,-174.0,close
2024-10-21,2024,0.0,-241.0,close
2024-10-21,2024,0.003,-241.0,close
2024-10-21,2024,0.005,-241.0,close
2024-10-21,2024,0.0075,-241.0,close
2024-10-21,2024,0.01,-241.0,close
2024-10-21,2024,0.015,-241.0,close
2024-10-22,2024,0.0,57.0,close
2024-10-22,2024,0.003,57.0,close
2024-10-22,2024,0.005,57.0,close
2024-10-22,2024,0.0075,57.0,close
2024-10-22,2024,0.01,57.0,close
2024-10-22,2024,0.015,57.0,close
2024-10-24,2024,0.0,73.0,close
2024-10-24,2024,0.003,68.128,target
2024-10-24,2024,0.005,114.88,target
2024-10-24,2024,0.0075,73.0,close
2024-10-24,2024,0.01,73.0,close
2024-10-24,2024,0.015,73.0,close
2024-10-25,2024,0.0,203.0,close
2024-10-25,2024,0.003,67.816,target
2024-10-25,2024,0.005,114.36,target
2024-10-25,2024,0.0075,172.54,target
2024-10-25,2024,0.01,203.0,close
2024-10-25,2024,0.015,203.0,close
2024-10-28,2024,0.0,-326.0,close
2024-10-28,2024,0.003,-326.0,close
2024-10-28,2024,0.005,-326.0,close
2024-10-28,2024,0.0075,-326.0,close
2024-10-28,2024,0.01,-326.0,close
2024-10-28,2024,0.015,-326.0,close
2024-10-30,2024,0.0,222.0,close
2024-10-30,2024,0.003,67.375,target
2024-10-30,2024,0.005,113.625,target
2024-10-30,2024,0.0075,171.4375,target
2024-10-30,2024,0.01,229.25,target
2024-10-30,2024,0.015,222.0,close
2024-11-04,2024,0.0,243.0,close
2024-11-04,2024,0.003,66.37,target
2024-11-04,2024,0.005,111.95,target
2024-11-04,2024,0.0075,168.92499999999998,target
2024-11-04,2024,0.01,225.9,target
2024-11-04,2024,0.015,243.0,close
2024-11-06,2024,0.0,60.0,close
2024-11-06,2024,0.003,67.777,target
2024-11-06,2024,0.005,114.295,target
2024-11-06,2024,0.0075,172.4425,target
2024-11-06,2024,0.01,60.0,close
2024-11-06,2024,0.015,60.0,close
2024-11-07,2024,0.0,-112.0,close
2024-11-07,2024,0.003,68.269,target
2024-11-07,2024,0.005,-112.0,close
2024-11-07,2024,0.0075,-112.0,close
2024-11-07,2024,0.01,-112.0,close
2024-11-07,2024,0.015,-112.0,close
2024-11-08,2024,0.0,-41.0,close
2024-11-08,2024,0.003,69.214,target
2024-11-08,2024,0.005,116.69,target
2024-11-08,2024,0.0075,176.035,target
2024-11-08,2024,0.01,-41.0,close
2024-11-08,2024,0.015,-41.0,close
2024-11-19,2024,0.0,221.0,close
2024-11-19,2024,0.003,65.89,target
2024-11-19,2024,0.005,111.15,target
2024-11-19,2024,0.0075,167.725,target
2024-11-19,2024,0.01,224.3,target
2024-11-19,2024,0.015,337.45,target
2024-11-20,2024,0.0,-175.0,close
2024-11-20,2024,0.003,-175.0,close
2024-11-20,2024,0.005,-175.0,close
2024-11-20,2024,0.0075,-175.0,close
2024-11-20,2024,0.01,-175.0,close
2024-11-20,2024,0.015,-175.0,close
2024-11-22,2024,0.0,226.0,close
2024-11-22,2024,0.003,66.415,target
2024-11-22,2024,0.005,112.025,target
2024-11-22,2024,0.0075,169.0375,target
2024-11-22,2024,0.01,226.05,target
2024-11-22,2024,0.015,226.0,close
2024-11-26,2024,0.0,-97.0,close
2024-11-26,2024,0.003,66.199,target
2024-11-26,2024,0.005,-97.0,close
2024-11-26,2024,0.0075,-97.0,close
2024-11-26,2024,0.01,-97.0,close
2024-11-26,2024,0.015,-97.0,close
2024-11-27,2024,0.0,266.0,close
2024-11-27,2024,0.003,65.833,target
2024-11-27,2024,0.005,111.055,target
2024-11-27,2024,0.0075,167.58249999999998,target
2024-11-27,2024,0.01,224.11,target
2024-11-27,2024,0.015,266.0,close
2024-11-28,2024,0.0,-25.0,close
2024-11-28,2024,0.003,64.93900000000001,target
2024-11-28,2024,0.005,109.565,target
2024-11-28,2024,0.0075,165.3475,target
2024-11-28,2024,0.01,-25.0,close
2024-11-28,2024,0.015,-25.0,close
2024-11-29,2024,0.0,-87.0,close
2024-11-29,2024,0.003,64.663,target
2024-11-29,2024,0.005,109.105,target
2024-11-29,2024,0.0075,164.6575,target
2024-11-29,2024,0.01,-87.0,close
2024-11-29,2024,0.015,-87.0,close
2024-12-02,2024,0.0,292.0,close
2024-12-02,2024,0.003,65.593,target
2024-12-02,2024,0.005,110.655,target
2024-12-02,2024,0.0075,166.9825,target
2024-12-02,2024,0.01,223.31,target
2024-12-02,2024,0.015,292.0,close
2024-12-03,2024,0.0,-71.0,close
2024-12-03,2024,0.003,-71.0,close
2024-12-03,2024,0.005,-71.0,close
2024-12-03,2024,0.0075,-71.0,close
2024-12-03,2024,0.01,-71.0,close
2024-12-03,2024,0.015,-71.0,close
2024-12-05,2024,0.0,-14.0,close
2024-12-05,2024,0.003,-14.0,close
2024-12-05,2024,0.005,-14.0,close
2024-12-05,2024,0.0075,-14.0,close
2024-12-05,2024,0.01,-14.0,close
2024-12-05,2024,0.015,-14.0,close
2024-12-06,2024,0.0,154.0,close
2024-12-06,2024,0.003,67.99,target
2024-12-06,2024,0.005,114.65,target
2024-12-06,2024,0.0075,172.975,target
2024-12-06,2024,0.01,154.0,close
2024-12-06,2024,0.015,154.0,close
2024-12-09,2024,0.0,46.0,close
2024-12-09,2024,0.003,67.609,target
2024-12-09,2024,0.005,46.0,close
2024-12-09,2024,0.0075,46.0,close
2024-12-09,2024,0.01,46.0,close
2024-12-09,2024,0.015,46.0,close
2024-12-12,2024,0.0,-2.0,close
2024-12-12,2024,0.003,-2.0,close
2024-12-12,2024,0.005,-2.0,close
2024-12-12,2024,0.0075,-2.0,close
2024-12-12,2024,0.01,-2.0,close
2024-12-12,2024,0.015,-2.0,close
2024-12-16,2024,0.0,273.0,close
2024-12-16,2024,0.003,67.705,target
2024-12-16,2024,0.005,114.175,target
2024-12-16,2024,0.0075,172.2625,target
2024-12-16,2024,0.01,230.35,target
2024-12-16,2024,0.015,273.0,close
2024-12-17,2024,0.0,141.0,close
2024-12-17,2024,0.003,67.534,target
2024-12-17,2024,0.005,113.89,target
2024-12-17,2024,0.0075,141.0,close
2024-12-17,2024,0.01,141.0,close
2024-12-17,2024,0.015,141.0,close
2024-12-18,2024,0.0,-181.0,close
2024-12-18,2024,0.003,-181.0,close
2024-12-18,2024,0.005,-181.0,close
2024-12-18,2024,0.0075,-181.0,close
2024-12-18,2024,0.01,-181.0,close
2024-12-18,2024,0.015,-181.0,close
2024-12-20,2024,0.0,140.0,close
2024-12-20,2024,0.003,66.325,target
2024-12-20,2024,0.005,111.875,target
2024-12-20,2024,0.0075,168.8125,target
2024-12-20,2024,0.01,140.0,close
2024-12-20,2024,0.015,140.0,close
2024-12-23,2024,0.0,339.0,close
2024-12-23,2024,0.003,66.694,target
2024-12-23,2024,0.005,112.49000000000001,target
2024-12-23,2024,0.0075,169.73499999999999,target
2024-12-23,2024,0.01,226.98000000000002,target
2024-12-23,2024,0.015,341.46999999999997,target
2024-12-24,2024,0.0,112.0,close
2024-12-24,2024,0.003,67.987,target
2024-12-24,2024,0.005,114.645,target
2024-12-24,2024,0.0075,112.0,close
2024-12-24,2024,0.01,112.0,close
2024-12-24,2024,0.015,112.0,close
2024-12-25,2024,0.0,-8.0,close
2024-12-25,2024,0.003,-8.0,close
2024-12-25,2024,0.005,-8.0,close
2024-12-25,2024,0.0075,-8.0,close
2024-12-25,2024,0.01,-8.0,close
2024-12-25,2024,0.015,-8.0,close
2024-12-26,2024,0.0,-38.0,close
2024-12-26,2024,0.003,-38.0,close
2024-12-26,2024,0.005,-38.0,close
2024-12-26,2024,0.0075,-38.0,close
2024-12-26,2024,0.01,-38.0,close
2024-12-26,2024,0.015,-38.0,close
2024-12-27,2024,0.0,172.0,close
2024-12-27,2024,0.003,67.603,target
2024-12-27,2024,0.005,114.005,target
2024-12-27,2024,0.0075,172.0075,target
2024-12-27,2024,0.01,172.0,close
2024-12-27,2024,0.015,172.0,close
2024-12-30,2024,0.0,37.0,close
2024-12-30,2024,0.003,37.0,close
2024-12-30,2024,0.005,37.0,close
2024-12-30,2024,0.0075,37.0,close
2024-12-30,2024,0.01,37.0,close
2024-12-30,2024,0.015,37.0,close
2024-12-31,2024,0.0,-42.0,close
2024-12-31,2024,0.003,-42.0,close
2024-12-31,2024,0.005,-42.0,close
2024-12-31,2024,0.0075,-42.0,close
2024-12-31,2024,0.01,-42.0,close
2024-12-31,2024,0.015,-42.0,close
2025-01-03,2025,0.0,58.0,close
2025-01-03,2025,0.003,66.757,target
2025-01-03,2025,0.005,112.595,target
2025-01-03,2025,0.0075,169.89249999999998,target
2025-01-03,2025,0.01,58.0,close
2025-01-03,2025,0.015,58.0,close
2025-01-06,2025,0.0,-187.0,close
2025-01-06,2025,0.003,-187.0,close
2025-01-06,2025,0.005,-187.0,close
2025-01-06,2025,0.0075,-187.0,close
2025-01-06,2025,0.01,-187.0,close
2025-01-06,2025,0.015,-187.0,close
2025-01-07,2025,0.0,173.0,close
2025-01-07,2025,0.003,69.787,target
2025-01-07,2025,0.005,117.645,target
2025-01-07,2025,0.0075,177.4675,target
2025-01-07,2025,0.01,173.0,close
2025-01-07,2025,0.015,173.0,close
2025-01-08,2025,0.0,97.0,close
2025-01-08,2025,0.003,68.65,target
2025-01-08,2025,0.005,97.0,close
2025-01-08,2025,0.0075,97.0,close
2025-01-08,2025,0.01,97.0,close
2025-01-08,2025,0.015,97.0,close
2025-01-15,2025,0.0,-270.0,close
2025-01-15,2025,0.003,-270.0,close
2025-01-15,2025,0.005,-270.0,close
2025-01-15,2025,0.0075,-270.0,close
2025-01-15,2025,0.01,-270.0,close
2025-01-15,2025,0.015,-270.0,close
2025-01-16,2025,0.0,-9.0,close
2025-01-16,2025,0.003,-9.0,close
2025-01-16,2025,0.005,-9.0,close
2025-01-16,2025,0.0075,-9.0,close
2025-01-16,2025,0.01,-9.0,close
2025-01-16,2025,0.015,-9.0,close
2025-01-17,2025,0.0,-85.0,close
2025-01-17,2025,0.003,-85.0,close
2025-01-17,2025,0.005,-85.0,close
2025-01-17,2025,0.0075,-85.0,close
2025-01-17,2025,0.01,-85.0,close
2025-01-17,2025,0.015,-85.0,close
2025-01-20,2025,0.0,-12.0,close
2025-01-20,2025,0.003,-12.0,close
2025-01-20,2025,0.005,-12.0,close
2025-01-20,2025,0.0075,-12.0,close
2025-01-20,2025,0.01,-12.0,close
2025-01-20,2025,0.015,-12.0,close
2025-01-21,2025,0.0,-70.0,close
2025-01-21,2025,0.003,-70.0,close
2025-01-21,2025,0.005,-70.0,close
2025-01-21,2025,0.0075,-70.0,close
2025-01-21,2025,0.01,-70.0,close
2025-01-21,2025,0.015,-70.0,close
2025-01-22,2025,0.0,103.0,close
2025-01-22,2025,0.003,68.785,target
2025-01-22,2025,0.005,115.97500000000001,target
2025-01-22,2025,0.0075,103.0,close
2025-01-22,2025,0.01,103.0,close
2025-01-22,2025,0.015,103.0,close
2025-02-04,2025,0.0,92.0,close
2025-02-04,2025,0.003,66.751,target
2025-02-04,2025,0.005,112.58500000000001,target
2025-02-04,2025,0.0075,169.8775,target
2025-02-04,2025,0.01,92.0,close
2025-02-04,2025,0.015,92.0,close
2025-02-05,2025,0.0,66.0,close
2025-02-05,2025,0.003,67.20100000000001,target
2025-02-05,2025,0.005,113.33500000000001,target
2025-02-05,2025,0.0075,171.0025,target
2025-02-05,2025,0.01,66.0,close
2025-02-05,2025,0.015,66.0,close
2025-02-06,2025,0.0,25.0,close
2025-02-06,2025,0.003,67.96000000000001,target
2025-02-06,2025,0.005,25.0,close
2025-02-06,2025,0.0075,25.0,close
2025-02-06,2025,0.01,25.0,close
2025-02-06,2025,0.015,25.0,close
2025-02-07,2025,0.0,137.0,close
2025-02-07,2025,0.003,67.87,target
2025-02-07,2025,0.005,114.45,target
2025-02-07,2025,0.0075,172.67499999999998,target
2025-02-07,2025,0.01,137.0,close
2025-02-07,2025,0.015,137.0,close
2025-02-10,2025,0.0,74.0,close
2025-02-10,2025,0.003,67.95700000000001,target
2025-02-10,2025,0.005,114.595,target
2025-02-10,2025,0.0075,74.0,close
2025-02-10,2025,0.01,74.0,close
2025-02-10,2025,0.015,74.0,close
2025-02-11,2025,0.0,-45.0,close
2025-02-11,2025,0.003,68.149,target
2025-02-11,2025,0.005,114.915,target
2025-02-11,2025,0.0075,-45.0,close
2025-02-11,2025,0.01,-45.0,close
2025-02-11,2025,0.015,-45.0,close
2025-02-13,2025,0.0,-34.0,close
2025-02-13,2025,0.003,-34.0,close
2025-02-13,2025,0.005,-34.0,close
2025-02-13,2025,0.0075,-34.0,close
2025-02-13,2025,0.01,-34.0,close
2025-02-13,2025,0.015,-34.0,close
2025-02-14,2025,0.0,-159.0,close
2025-02-14,2025,0.003,-159.0,close
2025-02-14,2025,0.005,-159.0,close
2025-02-14,2025,0.0075,-159.0,close
2025-02-14,2025,0.01,-159.0,close
2025-02-14,2025,0.015,-159.0,close
2025-02-17,2025,0.0,207.0,close
2025-02-17,2025,0.003,67.879,target
2025-02-17,2025,0.005,114.465,target
2025-02-17,2025,0.0075,172.6975,target
2025-02-17,2025,0.01,230.93,target
2025-02-17,2025,0.015,207.0,close
2025-02-18,2025,0.0,93.0,close
2025-02-18,2025,0.003,68.665,target
2025-02-18,2025,0.005,93.0,close
2025-02-18,2025,0.0075,93.0,close
2025-02-18,2025,0.01,93.0,close
2025-02-18,2025,0.015,93.0,close
2025-02-19,2025,0.0,39.0,close
2025-02-19,2025,0.003,68.71000000000001,target
2025-02-19,2025,0.005,115.85000000000001,target
2025-02-19,2025,0.0075,39.0,close
2025-02-19,2025,0.01,39.0,close
2025-02-19,2025,0.015,39.0,close
2025-02-20,2025,0.0,17.0,close
2025-02-20,2025,0.003,17.0,close
2025-02-20,2025,0.005,17.0,close
2025-02-20,2025,0.0075,17.0,close
2025-02-20,2025,0.01,17.0,close
2025-02-20,2025,0.015,17.0,close
2025-02-21,2025,0.0,216.0,close
2025-02-21,2025,0.003,68.59,target
2025-02-21,2025,0.005,115.65,target
2025-02-21,2025,0.0075,174.475,target
2025-02-21,2025,0.01,216.0,close
2025-02-21,2025,0.015,216.0,close
2025-02-27,2025,0.0,137.0,close
2025-02-27,2025,0.003,67.999,target
2025-02-27,2025,0.005,114.665,target
2025-02-27,2025,0.0075,172.9975,target
2025-02-27,2025,0.01,137.0,close
2025-02-27,2025,0.015,137.0,close
2025-03-03,2025,0.0,72.0,close
2025-03-03,2025,0.003,65.947,target
2025-03-03,2025,0.005,111.245,target
2025-03-03,2025,0.0075,72.0,close
2025-03-03,2025,0.01,72.0,close
2025-03-03,2025,0.015,72.0,close
2025-03-05,2025,0.0,250.0,close
2025-03-05,2025,0.003,65.926,target
2025-03-05,2025,0.005,111.21000000000001,target
2025-03-05,2025,0.0075,167.815,target
2025-03-05,2025,0.01,224.42000000000002,target
2025-03-05,2025,0.015,250.0,close
2025-03-06,2025,0.0,64.0,close
2025-03-06,2025,0.003,66.49,target
2025-03-06,2025,0.005,112.15,target
2025-03-06,2025,0.0075,64.0,close
2025-03-06,2025,0.01,64.0,close
2025-03-06,2025,0.015,64.0,close
2025-03-10,2025,0.0,-12.0,close
2025-03-10,2025,0.003,-12.0,close
2025-03-10,2025,0.005,-12.0,close
2025-03-10,2025,0.0075,-12.0,close
2025-03-10,2025,0.01,-12.0,close
2025-03-10,2025,0.015,-12.0,close
2025-03-13,2025,0.0,451.0,close
2025-03-13,2025,0.003,65.128,target
2025-03-13,2025,0.005,109.88,target
2025-03-13,2025,0.0075,165.82,target
2025-03-13,2025,0.01,221.76,target
2025-03-13,2025,0.015,333.64,target
2025-03-17,2025,0.0,117.0,close
2025-03-17,2025,0.003,64.825,target
2025-03-17,2025,0.005,109.375,target
2025-03-17,2025,0.0075,117.0,close
2025-03-17,2025,0.01,117.0,close
2025-03-17,2025,0.015,117.0,close
2025-03-18,2025,0.0,-144.0,close
2025-03-18,2025,0.003,-144.0,close
2025-03-18,2025,0.005,-144.0,close
2025-03-18,2025,0.0075,-144.0,close
2025-03-18,2025,0.01,-144.0,close
2025-03-18,2025,0.015,-144.0,close
2025-03-19,2025,0.0,201.0,close
2025-03-19,2025,0.003,64.705,target
2025-03-19,2025,0.005,109.175,target
2025-03-19,2025,0.0075,164.7625,target
2025-03-19,2025,0.01,220.35,target
2025-03-19,2025,0.015,201.0,close
2025-03-20,2025,0.0,126.0,close
2025-03-20,2025,0.003,64.714,target
2025-03-20,2025,0.005,109.19,target
2025-03-20,2025,0.0075,164.785,target
2025-03-20,2025,0.01,126.0,close
2025-03-20,2025,0.015,126.0,close
2025-03-25,2025,0.0,12.0,close
2025-03-25,2025,0.003,64.95100000000001,target
2025-03-25,2025,0.005,109.58500000000001,target
2025-03-25,2025,0.0075,12.0,close
2025-03-25,2025,0.01,12.0,close
2025-03-25,2025,0.015,12.0,close
2025-04-02,2025,0.0,39.0,close
2025-04-02,2025,0.003,61.783,target
2025-04-02,2025,0.005,39.0,close
2025-04-02,2025,0.0075,39.0,close
2025-04-02,2025,0.01,39.0,close
2025-04-02,2025,0.015,39.0,close
2025-04-08,2025,0.0,233.0,close
2025-04-08,2025,0.003,53.284,target
2025-04-08,2025,0.005,90.14,target
2025-04-08,2025,0.0075,136.21,target
2025-04-08,2025,0.01,182.28,target
2025-04-08,2025,0.015,274.42,target
2025-04-14,2025,0.0,153.0,close
2025-04-14,2025,0.003,56.95,target
2025-04-14,2025,0.005,96.25,target
2025-04-14,2025,0.0075,145.375,target
2025-04-14,2025,0.01,194.5,target
2025-04-14,2025,0.015,153.0,close
2025-04-15,2025,0.0,207.0,close
2025-04-15,2025,0.003,56.764,target
2025-04-15,2025,0.005,95.94,target
2025-04-15,2025,0.0075,144.91,target
2025-04-15,2025,0.01,193.88,target
2025-04-15,2025,0.015,207.0,close
2025-04-16,2025,0.0,-259.0,close
2025-04-16,2025,0.003,-259.0,close
2025-04-16,2025,0.005,-259.0,close
2025-04-16,2025,0.0075,-259.0,close
2025-04-16,2025,0.01,-259.0,close
2025-04-16,2025,0.015,-259.0,close
2025-04-23,2025,0.0,-184.0,close
2025-04-23,2025,0.003,-184.0,close
2025-04-23,2025,0.005,-184.0,close
2025-04-23,2025,0.0075,-184.0,close
2025-04-23,2025,0.01,-184.0,close
2025-04-23,2025,0.015,-184.0,close
2025-04-24,2025,0.0,70.0,close
2025-04-24,2025,0.003,56.596000000000004,target
2025-04-24,2025,0.005,95.66,target
2025-04-24,2025,0.0075,70.0,close
2025-04-24,2025,0.01,70.0,close
2025-04-24,2025,0.015,70.0,close
2025-04-25,2025,0.0,51.0,close
2025-04-25,2025,0.003,57.784,target
2025-04-25,2025,0.005,51.0,close
2025-04-25,2025,0.0075,51.0,close
2025-04-25,2025,0.01,51.0,close
2025-04-25,2025,0.015,51.0,close
2025-04-28,2025,0.0,-12.0,close
2025-04-28,2025,0.003,57.916000000000004,target
2025-04-28,2025,0.005,-12.0,close
2025-04-28,2025,0.0075,-12.0,close
2025-04-28,2025,0.01,-12.0,close
2025-04-28,2025,0.015,-12.0,close
2025-05-02,2025,0.0,205.0,close
2025-05-02,2025,0.003,59.407000000000004,target
2025-05-02,2025,0.005,100.345,target
2025-05-02,2025,0.0075,151.51749999999998,target
2025-05-02,2025,0.01,202.69,target
2025-05-02,2025,0.015,205.0,close
2025-05-05,2025,0.0,-48.0,close
2025-05-05,2025,0.003,59.092,target
2025-05-05,2025,0.005,99.82000000000001,target
2025-05-05,2025,0.0075,150.73,target
2025-05-05,2025,0.01,-48.0,close
2025-05-05,2025,0.015,-48.0,close
2025-05-07,2025,0.0,56.0,close
2025-05-07,2025,0.003,59.302,target
2025-05-07,2025,0.005,100.17,target
2025-05-07,2025,0.0075,151.255,target
2025-05-07,2025,0.01,56.0,close
2025-05-07,2025,0.015,56.0,close
2025-05-08,2025,0.0,102.0,close
2025-05-08,2025,0.003,59.425000000000004,target
2025-05-08,2025,0.005,100.375,target
2025-05-08,2025,0.0075,151.5625,target
2025-05-08,2025,0.01,202.75,target
2025-05-08,2025,0.015,102.0,close
2025-05-09,2025,0.0,193.0,close
2025-05-09,2025,0.003,59.959,target
2025-05-09,2025,0.005,101.265,target
2025-05-09,2025,0.0075,152.8975,target
2025-05-09,2025,0.01,204.53,target
2025-05-09,2025,0.015,193.0,close
2025-05-12,2025,0.0,58.0,close
2025-05-12,2025,0.003,61.018,target
2025-05-12,2025,0.005,103.03,target
2025-05-12,2025,0.0075,58.0,close
2025-05-12,2025,0.01,58.0,close
2025-05-12,2025,0.015,58.0,close
2025-05-13,2025,0.0,92.0,close
2025-05-13,2025,0.003,62.352999999999994,target
2025-05-13,2025,0.005,105.255,target
2025-05-13,2025,0.0075,158.8825,target
2025-05-13,2025,0.01,92.0,close
2025-05-13,2025,0.015,92.0,close
2025-05-14,2025,0.0,-98.0,close
2025-05-14,2025,0.003,63.022000000000006,target
2025-05-14,2025,0.005,-98.0,close
2025-05-14,2025,0.0075,-98.0,close
2025-05-14,2025,0.01,-98.0,close
2025-05-14,2025,0.015,-98.0,close
2025-05-15,2025,0.0,-88.0,close
2025-05-15,2025,0.003,-88.0,close
2025-05-15,2025,0.005,-88.0,close
2025-05-15,2025,0.0075,-88.0,close
2025-05-15,2025,0.01,-88.0,close
2025-05-15,2025,0.015,-88.0,close
2025-05-22,2025,0.0,-52.0,close
2025-05-22,2025,0.003,-52.0,close
2025-05-22,2025,0.005,-52.0,close
2025-05-22,2025,0.0075,-52.0,close
2025-05-22,2025,0.01,-52.0,close
2025-05-22,2025,0.015,-52.0,close
2025-05-26,2025,0.0,62.0,close
2025-05-26,2025,0.003,62.349999999999994,target
2025-05-26,2025,0.005,62.0,close
2025-05-26,2025,0.0075,62.0,close
2025-05-26,2025,0.01,62.0,close
2025-05-26,2025,0.015,62.0,close
2025-05-27,2025,0.0,164.0,close
2025-05-27,2025,0.003,62.185,target
2025-05-27,2025,0.005,104.97500000000001,target
2025-05-27,2025,0.0075,158.4625,target
2025-05-27,2025,0.01,211.95000000000002,target
2025-05-27,2025,0.015,164.0,close
2025-05-28,2025,0.0,63.0,close
2025-05-28,2025,0.003,61.942,target
2025-05-28,2025,0.005,104.57000000000001,target
2025-05-28,2025,0.0075,157.855,target
2025-05-28,2025,0.01,63.0,close
2025-05-28,2025,0.015,63.0,close
2025-06-03,2025,0.0,-54.0,close
2025-06-03,2025,0.003,61.084,target
2025-06-03,2025,0.005,103.14,target
2025-06-03,2025,0.0075,155.71,target
2025-06-03,2025,0.01,-54.0,close
2025-06-03,2025,0.015,-54.0,close
2025-06-04,2025,0.0,-38.0,close
2025-06-04,2025,0.003,-38.0,close
2025-06-04,2025,0.005,-38.0,close
2025-06-04,2025,0.0075,-38.0,close
2025-06-04,2025,0.01,-38.0,close
2025-06-04,2025,0.015,-38.0,close
2025-06-05,2025,0.0,-38.0,close
2025-06-05,2025,0.003,62.778999999999996,target
2025-06-05,2025,0.005,-38.0,close
2025-06-05,2025,0.0075,-38.0,close
2025-06-05,2025,0.01,-38.0,close
2025-06-05,2025,0.015,-38.0,close
2025-06-09,2025,0.0,57.0,close
2025-06-09,2025,0.003,62.998000000000005,target
2025-06-09,2025,0.005,106.33,target
2025-06-09,2025,0.0075,57.0,close
2025-06-09,2025,0.01,57.0,close
2025-06-09,2025,0.015,57.0,close
2025-06-10,2025,0.0,244.0,close
2025-06-10,2025,0.003,63.601,target
2025-06-10,2025,0.005,107.33500000000001,target
2025-06-10,2025,0.0075,162.0025,target
2025-06-10,2025,0.01,216.67000000000002,target
2025-06-10,2025,0.015,326.005,target
2025-06-11,2025,0.0,-91.0,close
2025-06-11,2025,0.003,64.78,target
2025-06-11,2025,0.005,-91.0,close
2025-06-11,2025,0.0075,-91.0,close
2025-06-11,2025,0.01,-91.0,close
2025-06-11,2025,0.015,-91.0,close
2025-06-13,2025,0.0,-39.0,close
2025-06-13,2025,0.003,63.913,target
2025-06-13,2025,0.005,107.855,target
2025-06-13,2025,0.0075,162.7825,target
2025-06-13,2025,0.01,-39.0,close
2025-06-13,2025,0.015,-39.0,close
2025-06-17,2025,0.0,64.0,close
2025-06-17,2025,0.003,64.687,target
2025-06-17,2025,0.005,109.145,target
2025-06-17,2025,0.0075,164.7175,target
2025-06-17,2025,0.01,64.0,close
2025-06-17,2025,0.015,64.0,close
2025-06-19,2025,0.0,-118.0,close
2025-06-19,2025,0.003,-118.0,close
2025-06-19,2025,0.005,-118.0,close
2025-06-19,2025,0.0075,-118.0,close
2025-06-19,2025,0.01,-118.0,close
2025-06-19,2025,0.015,-118.0,close
2025-06-20,2025,0.0,17.0,close
2025-06-20,2025,0.003,62.89,target
2025-06-20,2025,0.005,106.15,target
2025-06-20,2025,0.0075,17.0,close
2025-06-20,2025,0.01,17.0,close
2025-06-20,2025,0.015,17.0,close
2025-06-24,2025,0.0,200.0,close
2025-06-24,2025,0.003,63.28,target
2025-06-24,2025,0.005,106.8,target
2025-06-24,2025,0.0075,161.2,target
2025-06-24,2025,0.01,200.0,close
2025-06-24,2025,0.015,200.0,close
2025-06-25,2025,0.0,-102.0,close
2025-06-25,2025,0.003,-102.0,close
2025-06-25,2025,0.005,-102.0,close
2025-06-25,2025,0.0075,-102.0,close
2025-06-25,2025,0.01,-102.0,close
2025-06-25,2025,0.015,-102.0,close
2025-06-26,2025,0.0,-55.0,close
2025-06-26,2025,0.003,64.489,target
2025-06-26,2025,0.005,-55.0,close
2025-06-26,2025,0.0075,-55.0,close
2025-06-26,2025,0.01,-55.0,close
2025-06-26,2025,0.015,-55.0,close
2025-06-27,2025,0.0,-81.0,close
2025-06-27,2025,0.003,-81.0,close
2025-06-27,2025,0.005,-81.0,close
2025-06-27,2025,0.0075,-81.0,close
2025-06-27,2025,0.01,-81.0,close
2025-06-27,2025,0.015,-81.0,close
2025-06-30,2025,0.0,-96.0,close
2025-06-30,2025,0.003,-96.0,close
2025-06-30,2025,0.005,-96.0,close
2025-06-30,2025,0.0075,-96.0,close
2025-06-30,2025,0.01,-96.0,close
2025-06-30,2025,0.015,-96.0,close
2025-07-01,2025,0.0,156.0,close
2025-07-01,2025,0.003,64.57900000000001,target
2025-07-01,2025,0.005,108.965,target
2025-07-01,2025,0.0075,164.4475,target
2025-07-01,2025,0.01,219.93,target
2025-07-01,2025,0.015,330.895,target
2025-07-03,2025,0.0,107.0,close
2025-07-03,2025,0.003,65.71000000000001,target
2025-07-03,2025,0.005,110.85000000000001,target
2025-07-03,2025,0.0075,107.0,close
2025-07-03,2025,0.01,107.0,close
2025-07-03,2025,0.015,107.0,close
2025-07-04,2025,0.0,-315.0,close
2025-07-04,2025,0.003,-315.0,close
2025-07-04,2025,0.005,-315.0,close
2025-07-04,2025,0.0075,-315.0,close
2025-07-04,2025,0.01,-315.0,close
2025-07-04,2025,0.015,-315.0,close
2025-07-07,2025,0.0,-11.0,close
2025-07-07,2025,0.003,65.035,target
2025-07-07,2025,0.005,109.72500000000001,target
2025-07-07,2025,0.0075,-11.0,close
2025-07-07,2025,0.01,-11.0,close
2025-07-07,2025,0.015,-11.0,close
2025-07-08,2025,0.0,83.0,close
2025-07-08,2025,0.003,65.017,target
2025-07-08,2025,0.005,109.69500000000001,target
2025-07-08,2025,0.0075,165.5425,target
2025-07-08,2025,0.01,83.0,close
2025-07-08,2025,0.015,83.0,close
2025-07-09,2025,0.0,178.0,close
2025-07-09,2025,0.003,64.75,target
2025-07-09,2025,0.005,109.25,target
2025-07-09,2025,0.0075,164.875,target
2025-07-09,2025,0.01,178.0,close
2025-07-09,2025,0.015,178.0,close
2025-07-10,2025,0.0,143.0,close
2025-07-10,2025,0.003,65.389,target
2025-07-10,2025,0.005,110.315,target
2025-07-10,2025,0.0075,166.4725,target
2025-07-10,2025,0.01,143.0,close
2025-07-10,2025,0.015,143.0,close
2025-07-11,2025,0.0,250.0,close
2025-07-11,2025,0.003,65.536,target
2025-07-11,2025,0.005,110.56,target
2025-07-11,2025,0.0075,166.84,target
2025-07-11,2025,0.01,223.12,target
2025-07-11,2025,0.015,250.0,close
2025-07-16,2025,0.0,211.0,close
2025-07-16,2025,0.003,66.118,target
2025-07-16,2025,0.005,111.53,target
2025-07-16,2025,0.0075,168.295,target
2025-07-16,2025,0.01,225.06,target
2025-07-16,2025,0.015,211.0,close
2025-07-18,2025,0.0,-94.0,close
2025-07-18,2025,0.003,-94.0,close
2025-07-18,2025,0.005,-94.0,close
2025-07-18,2025,0.0075,-94.0,close
2025-07-18,2025,0.01,-94.0,close
2025-07-18,2025,0.015,-94.0,close
2025-07-22,2025,0.0,-261.0,close
2025-07-22,2025,0.003,67.753,target
2025-07-22,2025,0.005,114.255,target
2025-07-22,2025,0.0075,-261.0,close
2025-07-22,2025,0.01,-261.0,close
2025-07-22,2025,0.015,-261.0,close
2025-07-23,2025,0.0,-199.0,close
2025-07-23,2025,0.003,-199.0,close
2025-07-23,2025,0.005,-199.0,close
2025-07-23,2025,0.0075,-199.0,close
2025-07-23,2025,0.01,-199.0,close
2025-07-23,2025,0.015,-199.0,close
2025-07-25,2025,0.0,-21.0,close
2025-07-25,2025,0.003,-21.0,close
2025-07-25,2025,0.005,-21.0,close
2025-07-25,2025,0.0075,-21.0,close
2025-07-25,2025,0.01,-21.0,close
2025-07-25,2025,0.015,-21.0,close
2025-07-28,2025,0.0,24.0,close
2025-07-28,2025,0.003,68.116,target
2025-07-28,2025,0.005,24.0,close
2025-07-28,2025,0.0075,24.0,close
2025-07-28,2025,0.01,24.0,close
2025-07-28,2025,0.015,24.0,close
2025-07-29,2025,0.0,-173.0,close
2025-07-29,2025,0.003,-173.0,close
2025-07-29,2025,0.005,-173.0,close
2025-07-29,2025,0.0075,-173.0,close
2025-07-29,2025,0.01,-173.0,close
2025-07-29,2025,0.015,-173.0,close
2025-07-30,2025,0.0,147.0,close
2025-07-30,2025,0.003,67.642,target
2025-07-30,2025,0.005,114.07000000000001,target
2025-07-30,2025,0.0075,172.105,target
2025-07-30,2025,0.01,147.0,close
2025-07-30,2025,0.015,147.0,close
2025-07-31,2025,0.0,110.0,close
2025-07-31,2025,0.003,68.47,target
2025-07-31,2025,0.005,115.45,target
2025-07-31,2025,0.0075,110.0,close
2025-07-31,2025,0.01,110.0,close
2025-07-31,2025,0.015,110.0,close
2025-08-04,2025,0.0,-154.0,close
2025-08-04,2025,0.003,67.342,target
2025-08-04,2025,0.005,-154.0,close
2025-08-04,2025,0.0075,-154.0,close
2025-08-04,2025,0.01,-154.0,close
2025-08-04,2025,0.015,-154.0,close
2025-08-05,2025,0.0,139.0,close
2025-08-05,2025,0.003,68.308,target
2025-08-05,2025,0.005,115.18,target
2025-08-05,2025,0.0075,139.0,close
2025-08-05,2025,0.01,139.0,close
2025-08-05,2025,0.015,139.0,close
2025-08-06,2025,0.0,-13.0,close
2025-08-06,2025,0.003,-13.0,close
2025-08-06,2025,0.005,-13.0,close
2025-08-06,2025,0.0075,-13.0,close
2025-08-06,2025,0.01,-13.0,close
2025-08-06,2025,0.015,-13.0,close
2025-08-08,2025,0.0,-132.0,close
2025-08-08,2025,0.003,-132.0,close
2025-08-08,2025,0.005,-132.0,close
2025-08-08,2025,0.0075,-132.0,close
2025-08-08,2025,0.01,-132.0,close
2025-08-08,2025,0.015,-132.0,close
2025-08-11,2025,0.0,192.0,close
2025-08-11,2025,0.003,69.901,target
2025-08-11,2025,0.005,117.83500000000001,target
2025-08-11,2025,0.0075,177.7525,target
2025-08-11,2025,0.01,237.67000000000002,target
2025-08-11,2025,0.015,192.0,close
2025-08-13,2025,0.0,-13.0,close
2025-08-13,2025,0.003,70.996,target
2025-08-13,2025,0.005,119.66,target
2025-08-13,2025,0.0075,-13.0,close
2025-08-13,2025,0.01,-13.0,close
2025-08-13,2025,0.015,-13.0,close
2025-08-14,2025,0.0,-80.0,close
2025-08-14,2025,0.003,-80.0,close
2025-08-14,2025,0.005,-80.0,close
2025-08-14,2025,0.0075,-80.0,close
2025-08-14,2025,0.01,-80.0,close
2025-08-14,2025,0.015,-80.0,close
2025-08-19,2025,0.0,-40.0,close
2025-08-19,2025,0.003,-40.0,close
2025-08-19,2025,0.005,-40.0,close
2025-08-19,2025,0.0075,-40.0,close
2025-08-19,2025,0.01,-40.0,close
2025-08-19,2025,0.015,-40.0,close
2025-08-20,2025,0.0,431.0,close
2025-08-20,2025,0.003,70.294,target
2025-08-20,2025,0.005,118.49000000000001,target
2025-08-20,2025,0.0075,178.73499999999999,target
2025-08-20,2025,0.01,238.98000000000002,target
2025-08-20,2025,0.015,359.46999999999997,target
2025-08-25,2025,0.0,-137.0,close
2025-08-25,2025,0.003,-137.0,close
2025-08-25,2025,0.005,-137.0,close
2025-08-25,2025,0.0075,-137.0,close
2025-08-25,2025,0.01,-137.0,close
2025-08-25,2025,0.015,-137.0,close
2025-08-26,2025,0.0,108.0,close
2025-08-26,2025,0.003,70.432,target
2025-08-26,2025,0.005,118.72,target
2025-08-26,2025,0.0075,108.0,close
2025-08-26,2025,0.01,108.0,close
2025-08-26,2025,0.015,108.0,close
2025-08-27,2025,0.0,103.0,close
2025-08-27,2025,0.003,71.071,target
2025-08-27,2025,0.005,119.785,target
2025-08-27,2025,0.0075,103.0,close
2025-08-27,2025,0.01,103.0,close
2025-08-27,2025,0.015,103.0,close
2025-08-28,2025,0.0,-132.0,close
2025-08-28,2025,0.003,-132.0,close
2025-08-28,2025,0.005,-132.0,close
2025-08-28,2025,0.0075,-132.0,close
2025-08-28,2025,0.01,-132.0,close
2025-08-28,2025,0.015,-132.0,close
2025-08-29,2025,0.0,-136.0,close
2025-08-29,2025,0.003,-136.0,close
2025-08-29,2025,0.005,-136.0,close
2025-08-29,2025,0.0075,-136.0,close
2025-08-29,2025,0.01,-136.0,close
2025-08-29,2025,0.015,-136.0,close
2025-09-03,2025,0.0,-39.0,close
2025-09-03,2025,0.003,69.886,target
2025-09-03,2025,0.005,-39.0,close
2025-09-03,2025,0.0075,-39.0,close
2025-09-03,2025,0.01,-39.0,close
2025-09-03,2025,0.015,-39.0,close
2025-09-05,2025,0.0,49.0,close
2025-09-05,2025,0.003,49.0,close
2025-09-05,2025,0.005,49.0,close
2025-09-05,2025,0.0075,49.0,close
2025-09-05,2025,0.01,49.0,close
2025-09-05,2025,0.015,49.0,close
2025-09-08,2025,0.0,-31.0,close
2025-09-08,2025,0.003,71.737,target
2025-09-08,2025,0.005,-31.0,close
2025-09-08,2025,0.0075,-31.0,close
2025-09-08,2025,0.01,-31.0,close
2025-09-08,2025,0.015,-31.0,close
2025-09-09,2025,0.0,83.0,close
2025-09-09,2025,0.003,72.157,target
2025-09-09,2025,0.005,83.0,close
2025-09-09,2025,0.0075,83.0,close
2025-09-09,2025,0.01,83.0,close
2025-09-09,2025,0.015,83.0,close
2025-09-10,2025,0.0,184.0,close
2025-09-10,2025,0.003,72.955,target
2025-09-10,2025,0.005,122.925,target
2025-09-10,2025,0.0075,185.3875,target
2025-09-10,2025,0.01,247.85,target
2025-09-10,2025,0.015,184.0,close
2025-09-11,2025,0.0,144.0,close
2025-09-11,2025,0.003,74.14,target
2025-09-11,2025,0.005,124.9,target
2025-09-11,2025,0.0075,188.35,target
2025-09-11,2025,0.01,144.0,close
2025-09-11,2025,0.015,144.0,close
2025-09-12,2025,0.0,46.0,close
2025-09-12,2025,0.003,46.0,close
2025-09-12,2025,0.005,46.0,close
2025-09-12,2025,0.0075,46.0,close
2025-09-12,2025,0.01,46.0,close
2025-09-12,2025,0.015,46.0,close
2025-09-15,2025,0.0,-59.0,close
2025-09-15,2025,0.003,-59.0,close
2025-09-15,2025,0.005,-59.0,close
2025-09-15,2025,0.0075,-59.0,close
2025-09-15,2025,0.01,-59.0,close
2025-09-15,2025,0.015,-59.0,close
2025-09-16,2025,0.0,205.0,close
2025-09-16,2025,0.003,74.263,target
2025-09-16,2025,0.005,125.105,target
2025-09-16,2025,0.0075,188.6575,target
2025-09-16,2025,0.01,205.0,close
2025-09-16,2025,0.015,205.0,close
2025-09-17,2025,0.0,-103.0,close
2025-09-17,2025,0.003,-103.0,close
2025-09-17,2025,0.005,-103.0,close
2025-09-17,2025,0.0075,-103.0,close
2025-09-17,2025,0.01,-103.0,close
2025-09-17,2025,0.015,-103.0,close
2025-09-19,2025,0.0,21.0,close
2025-09-19,2025,0.003,21.0,close
2025-09-19,2025,0.005,21.0,close
2025-09-19,2025,0.0075,21.0,close
2025-09-19,2025,0.01,21.0,close
2025-09-19,2025,0.015,21.0,close
2025-09-23,2025,0.0,210.0,close
2025-09-23,2025,0.003,76.174,target
2025-09-23,2025,0.005,128.29,target
2025-09-23,2025,0.0075,193.435,target
2025-09-23,2025,0.01,258.58,target
2025-09-23,2025,0.015,210.0,close
2025-09-30,2025,0.0,159.0,close
2025-09-30,2025,0.003,75.376,target
2025-09-30,2025,0.005,126.96000000000001,target
2025-09-30,2025,0.0075,191.44,target
2025-09-30,2025,0.01,159.0,close
2025-09-30,2025,0.015,159.0,close
2025-10-01,2025,0.0,-54.0,close
2025-10-01,2025,0.003,76.294,target
2025-10-01,2025,0.005,128.49,target
2025-10-01,2025,0.0075,193.73499999999999,target
2025-10-01,2025,0.01,258.98,target
2025-10-01,2025,0.015,-54.0,close
2025-10-02,2025,0.0,56.0,close
2025-10-02,2025,0.003,56.0,close
2025-10-02,2025,0.005,56.0,close
2025-10-02,2025,0.0075,56.0,close
2025-10-02,2025,0.01,56.0,close
2025-10-02,2025,0.015,56.0,close
2025-10-03,2025,0.0,247.0,close
2025-10-03,2025,0.003,77.47,target
2025-10-03,2025,0.005,130.45,target
2025-10-03,2025,0.0075,196.67499999999998,target
2025-10-03,2025,0.01,262.9,target
2025-10-03,2025,0.015,247.0,close
2025-10-07,2025,0.0,-47.0,close
2025-10-07,2025,0.003,79.822,target
2025-10-07,2025,0.005,-47.0,close
2025-10-07,2025,0.0075,-47.0,close
2025-10-07,2025,0.01,-47.0,close
2025-10-07,2025,0.015,-47.0,close
2025-10-09,2025,0.0,67.0,close
2025-10-09,2025,0.003,80.206,target
2025-10-09,2025,0.005,67.0,close
2025-10-09,2025,0.0075,67.0,close
2025-10-09,2025,0.01,67.0,close
2025-10-09,2025,0.015,67.0,close
2025-10-14,2025,0.0,656.0,close
2025-10-14,2025,0.003,80.125,target
2025-10-14,2025,0.005,134.875,target
2025-10-14,2025,0.0075,203.3125,target
2025-10-14,2025,0.01,271.75,target
2025-10-14,2025,0.015,408.625,target
2025-10-16,2025,0.0,-120.0,close
2025-10-16,2025,0.003,81.118,target
2025-10-16,2025,0.005,136.53,target
2025-10-16,2025,0.0075,205.795,target
2025-10-16,2025,0.01,-120.0,close
2025-10-16,2025,0.015,-120.0,close
2025-10-17,2025,0.0,-1.0,close
2025-10-17,2025,0.003,79.97200000000001,target
2025-10-17,2025,0.005,134.62,target
2025-10-17,2025,0.0075,202.92999999999998,target
2025-10-17,2025,0.01,-1.0,close
2025-10-17,2025,0.015,-1.0,close
2025-10-21,2025,0.0,-72.0,close
2025-10-21,2025,0.003,81.7,target
2025-10-21,2025,0.005,-72.0,close
2025-10-21,2025,0.0075,-72.0,close
2025-10-21,2025,0.01,-72.0,close
2025-10-21,2025,0.015,-72.0,close
2025-10-27,2025,0.0,-15.0,close
2025-10-27,2025,0.003,-15.0,close
2025-10-27,2025,0.005,-15.0,close
2025-10-27,2025,0.0075,-15.0,close
2025-10-27,2025,0.01,-15.0,close
2025-10-27,2025,0.015,-15.0,close
2025-10-28,2025,0.0,121.0,close
2025-10-28,2025,0.003,82.372,target
2025-10-28,2025,0.005,121.0,close
2025-10-28,2025,0.0075,121.0,close
2025-10-28,2025,0.01,121.0,close
2025-10-28,2025,0.015,121.0,close
2025-10-29,2025,0.0,199.0,close
2025-10-29,2025,0.003,82.645,target
2025-10-29,2025,0.005,139.07500000000002,target
2025-10-29,2025,0.0075,209.61249999999998,target
2025-10-29,2025,0.01,199.0,close
2025-10-29,2025,0.015,199.0,close
2025-10-30,2025,0.0,-28.0,close
2025-10-30,2025,0.003,83.275,target
2025-10-30,2025,0.005,-28.0,close
2025-10-30,2025,0.0075,-28.0,close
2025-10-30,2025,0.01,-28.0,close
2025-10-30,2025,0.015,-28.0,close
2025-10-31,2025,0.0,9.0,close
2025-10-31,2025,0.003,9.0,close
2025-10-31,2025,0.005,9.0,close
2025-10-31,2025,0.0075,9.0,close
2025-10-31,2025,0.01,9.0,close
2025-10-31,2025,0.015,9.0,close
2025-11-03,2025,0.0,-43.0,close
2025-11-03,2025,0.003,83.14,target
2025-11-03,2025,0.005,139.9,target
2025-11-03,2025,0.0075,-43.0,close
2025-11-03,2025,0.01,-43.0,close
2025-11-03,2025,0.015,-43.0,close
2025-11-04,2025,0.0,-289.0,close
2025-11-04,2025,0.003,83.2,target
2025-11-04,2025,0.005,140.0,target
2025-11-04,2025,0.0075,-289.0,close
2025-11-04,2025,0.01,-289.0,close
2025-11-04,2025,0.015,-289.0,close
2025-11-06,2025,0.0,-14.0,close
2025-11-06,2025,0.003,-14.0,close
2025-11-06,2025,0.005,-14.0,close
2025-11-06,2025,0.0075,-14.0,close
2025-11-06,2025,0.01,-14.0,close
2025-11-06,2025,0.015,-14.0,close
2025-11-10,2025,0.0,-252.0,close
2025-11-10,2025,0.003,-252.0,close
2025-11-10,2025,0.005,-252.0,close
2025-11-10,2025,0.0075,-252.0,close
2025-11-10,2025,0.01,-252.0,close
2025-11-10,2025,0.015,-252.0,close
2025-11-11,2025,0.0,259.0,close
2025-11-11,2025,0.003,82.099,target
2025-11-11,2025,0.005,138.165,target
2025-11-11,2025,0.0075,208.2475,target
2025-11-11,2025,0.01,259.0,close
2025-11-11,2025,0.015,259.0,close
2025-11-13,2025,0.0,-67.0,close
2025-11-13,2025,0.003,-67.0,close
2025-11-13,2025,0.005,-67.0,close
2025-11-13,2025,0.0075,-67.0,close
2025-11-13,2025,0.01,-67.0,close
2025-11-13,2025,0.015,-67.0,close
2025-11-18,2025,0.0,350.0,close
2025-11-18,2025,0.003,79.474,target
2025-11-18,2025,0.005,133.79,target
2025-11-18,2025,0.0075,201.685,target
2025-11-18,2025,0.01,269.58,target
2025-11-18,2025,0.015,350.0,close
2025-11-20,2025,0.0,184.0,close
2025-11-20,2025,0.003,79.9,target
2025-11-20,2025,0.005,134.5,target
2025-11-20,2025,0.0075,184.0,close
2025-11-20,2025,0.01,184.0,close
2025-11-20,2025,0.015,184.0,close
2025-11-24,2025,0.0,-98.0,close
2025-11-24,2025,0.003,-98.0,close
2025-11-24,2025,0.005,-98.0,close
2025-11-24,2025,0.0075,-98.0,close
2025-11-24,2025,0.01,-98.0,close
2025-11-24,2025,0.015,-98.0,close
2025-11-25,2025,0.0,-46.0,close
2025-11-25,2025,0.003,78.688,target
2025-11-25,2025,0.005,-46.0,close
2025-11-25,2025,0.0075,-46.0,close
2025-11-25,2025,0.01,-46.0,close
2025-11-25,2025,0.015,-46.0,close
2025-11-26,2025,0.0,150.0,close
2025-11-26,2025,0.003,79.54,target
2025-11-26,2025,0.005,133.9,target
2025-11-26,2025,0.0075,150.0,close
2025-11-26,2025,0.01,150.0,close
2025-11-26,2025,0.015,150.0,close
2025-11-27,2025,0.0,28.0,close
2025-11-27,2025,0.003,80.836,target
2025-11-27,2025,0.005,136.06,target
2025-11-27,2025,0.0075,28.0,close
2025-11-27,2025,0.01,28.0,close
2025-11-27,2025,0.015,28.0,close
2025-11-28,2025,0.0,-68.0,close
2025-11-28,2025,0.003,-68.0,close
2025-11-28,2025,0.005,-68.0,close
2025-11-28,2025,0.0075,-68.0,close
2025-11-28,2025,0.01,-68.0,close
2025-11-28,2025,0.015,-68.0,close
2025-12-01,2025,0.0,-255.0,close
2025-12-01,2025,0.003,-255.0,close
2025-12-01,2025,0.005,-255.0,close
2025-12-01,2025,0.0075,-255.0,close
2025-12-01,2025,0.01,-255.0,close
2025-12-01,2025,0.015,-255.0,close
2025-12-03,2025,0.0,-44.0,close
2025-12-03,2025,0.003,81.403,target
2025-12-03,2025,0.005,-44.0,close
2025-12-03,2025,0.0075,-44.0,close
2025-12-03,2025,0.01,-44.0,close
2025-12-03,2025,0.015,-44.0,close
2025-12-04,2025,0.0,-41.0,close
2025-12-04,2025,0.003,-41.0,close
2025-12-04,2025,0.005,-41.0,close
2025-12-04,2025,0.0075,-41.0,close
2025-12-04,2025,0.01,-41.0,close
2025-12-04,2025,0.015,-41.0,close
2025-12-08,2025,0.0,237.0,close
2025-12-08,2025,0.003,82.144,target
2025-12-08,2025,0.005,138.24,target
2025-12-08,2025,0.0075,208.35999999999999,target
2025-12-08,2025,0.01,237.0,close
2025-12-08,2025,0.015,237.0,close
2025-12-09,2025,0.0,-129.0,close
2025-12-09,2025,0.003,-129.0,close
2025-12-09,2025,0.005,-129.0,close
2025-12-09,2025,0.0075,-129.0,close
2025-12-09,2025,0.01,-129.0,close
2025-12-09,2025,0.015,-129.0,close
2025-12-11,2025,0.0,-508.0,close
2025-12-11,2025,0.003,-508.0,close
2025-12-11,2025,0.005,-508.0,close
2025-12-11,2025,0.0075,-508.0,close
2025-12-11,2025,0.01,-508.0,close
2025-12-11,2025,0.015,-508.0,close
2025-12-19,2025,0.0,-6.0,close
2025-12-19,2025,0.003,-6.0,close
2025-12-19,2025,0.005,-6.0,close
2025-12-19,2025,0.0075,-6.0,close
2025-12-19,2025,0.01,-6.0,close
2025-12-19,2025,0.015,-6.0,close
2025-12-22,2025,0.0,-144.0,close
2025-12-22,2025,0.003,-144.0,close
2025-12-22,2025,0.005,-144.0,close
2025-12-22,2025,0.0075,-144.0,close
2025-12-22,2025,0.01,-144.0,close
2025-12-22,2025,0.015,-144.0,close
2025-12-23,2025,0.0,28.0,close
2025-12-23,2025,0.003,28.0,close
2025-12-23,2025,0.005,28.0,close
2025-12-23,2025,0.0075,28.0,close
2025-12-23,2025,0.01,28.0,close
2025-12-23,2025,0.015,28.0,close
2025-12-24,2025,0.0,-106.0,close
2025-12-24,2025,0.003,-106.0,close
2025-12-24,2025,0.005,-106.0,close
2025-12-24,2025,0.0075,-106.0,close
2025-12-24,2025,0.01,-106.0,close
2025-12-24,2025,0.015,-106.0,close
2025-12-26,2025,0.0,88.0,close
2025-12-26,2025,0.003,83.749,target
2025-12-26,2025,0.005,88.0,close
2025-12-26,2025,0.0075,88.0,close
2025-12-26,2025,0.01,88.0,close
2025-12-26,2025,0.015,88.0,close
2025-12-29,2025,0.0,203.0,close
2025-12-29,2025,0.003,84.229,target
2025-12-29,2025,0.005,141.715,target
2025-12-29,2025,0.0075,213.5725,target
2025-12-29,2025,0.01,203.0,close
2025-12-29,2025,0.015,203.0,close
2026-01-02,2026,0.0,-427.0,close
2026-01-02,2026,0.003,-427.0,close
2026-01-02,2026,0.005,-427.0,close
2026-01-02,2026,0.0075,-427.0,close
2026-01-02,2026,0.01,-427.0,close
2026-01-02,2026,0.015,-427.0,close
2026-01-05,2026,0.0,-132.0,close
2026-01-05,2026,0.003,-132.0,close
2026-01-05,2026,0.005,-132.0,close
2026-01-05,2026,0.0075,-132.0,close
2026-01-05,2026,0.01,-132.0,close
2026-01-05,2026,0.015,-132.0,close
2026-01-06,2026,0.0,327.0,close
2026-01-06,2026,0.003,88.855,target
2026-01-06,2026,0.005,149.425,target
2026-01-06,2026,0.0075,225.1375,target
2026-01-06,2026,0.01,300.85,target
2026-01-06,2026,0.015,327.0,close
2026-01-07,2026,0.0,-27.0,close
2026-01-07,2026,0.003,-27.0,close
2026-01-07,2026,0.005,-27.0,close
2026-01-07,2026,0.0075,-27.0,close
2026-01-07,2026,0.01,-27.0,close
2026-01-07,2026,0.015,-27.0,close
2026-01-09,2026,0.0,-12.0,close
2026-01-09,2026,0.003,89.33800000000001,target
2026-01-09,2026,0.005,150.23,target
2026-01-09,2026,0.0075,226.345,target
2026-01-09,2026,0.01,302.46,target
2026-01-09,2026,0.015,-12.0,close
2026-01-12,2026,0.0,-79.0,close
2026-01-12,2026,0.003,-79.0,close
2026-01-12,2026,0.005,-79.0,close
2026-01-12,2026,0.0075,-79.0,close
2026-01-12,2026,0.01,-79.0,close
2026-01-12,2026,0.015,-79.0,close
2026-01-13,2026,0.0,-206.0,close
2026-01-13,2026,0.003,91.23100000000001,target
2026-01-13,2026,0.005,153.385,target
2026-01-13,2026,0.0075,-206.0,close
2026-01-13,2026,0.01,-206.0,close
2026-01-13,2026,0.015,-206.0,close
2026-01-14,2026,0.0,-16.0,close
2026-01-14,2026,0.003,90.991,target
2026-01-14,2026,0.005,152.985,target
2026-01-14,2026,0.0075,-16.0,close
2026-01-14,2026,0.01,-16.0,close
2026-01-14,2026,0.015,-16.0,close
2026-01-16,2026,0.0,93.0,close
2026-01-16,2026,0.003,92.149,target
2026-01-16,2026,0.005,93.0,close
2026-01-16,2026,0.0075,93.0,close
2026-01-16,2026,0.01,93.0,close
2026-01-16,2026,0.015,93.0,close
2026-01-19,2026,0.0,406.0,close
2026-01-19,2026,0.003,91.786,target
2026-01-19,2026,0.005,154.31,target
2026-01-19,2026,0.0075,232.465,target
2026-01-19,2026,0.01,310.62,target
2026-01-19,2026,0.015,466.93,target
2026-01-20,2026,0.0,175.0,close
2026-01-20,2026,0.003,92.476,target
2026-01-20,2026,0.005,155.46,target
2026-01-20,2026,0.0075,234.19,target
2026-01-20,2026,0.01,175.0,close
2026-01-20,2026,0.015,175.0,close
2026-01-21,2026,0.0,-46.0,close
2026-01-21,2026,0.003,-46.0,close
2026-01-21,2026,0.005,-46.0,close
2026-01-21,2026,0.0075,-46.0,close
2026-01-21,2026,0.01,-46.0,close
2026-01-21,2026,0.015,-46.0,close
2026-01-22,2026,0.0,53.0,close
2026-01-22,2026,0.003,93.751,target
2026-01-22,2026,0.005,53.0,close
2026-01-22,2026,0.0075,53.0,close
2026-01-22,2026,0.01,53.0,close
2026-01-22,2026,0.015,53.0,close
2026-01-23,2026,0.0,151.0,close
2026-01-23,2026,0.003,93.991,target
2026-01-23,2026,0.005,157.985,target
2026-01-23,2026,0.0075,151.0,close
2026-01-23,2026,0.01,151.0,close
2026-01-23,2026,0.015,151.0,close
2026-01-26,2026,0.0,-8.0,close
2026-01-26,2026,0.003,-8.0,close
2026-01-26,2026,0.005,-8.0,close
2026-01-26,2026,0.0075,-8.0,close
2026-01-26,2026,0.01,-8.0,close
2026-01-26,2026,0.015,-8.0,close
2026-01-28,2026,0.0,-198.0,close
2026-01-28,2026,0.003,-198.0,close
2026-01-28,2026,0.005,-198.0,close
2026-01-28,2026,0.0075,-198.0,close
2026-01-28,2026,0.01,-198.0,close
2026-01-28,2026,0.015,-198.0,close
2026-01-29,2026,0.0,2.0,close
2026-01-29,2026,0.003,96.349,target
2026-01-29,2026,0.005,161.915,target
2026-01-29,2026,0.0075,2.0,close
2026-01-29,2026,0.01,2.0,close
2026-01-29,2026,0.015,2.0,close
2026-01-30,2026,0.0,-201.0,close
2026-01-30,2026,0.003,-201.0,close
2026-01-30,2026,0.005,-201.0,close
2026-01-30,2026,0.0075,-201.0,close
2026-01-30,2026,0.01,-201.0,close
2026-01-30,2026,0.015,-201.0,close
2026-02-03,2026,0.0,-93.0,close
2026-02-03,2026,0.003,-93.0,close
2026-02-03,2026,0.005,-93.0,close
2026-02-03,2026,0.0075,-93.0,close
2026-02-03,2026,0.01,-93.0,close
2026-02-03,2026,0.015,-93.0,close
2026-02-09,2026,0.0,-30.0,close
2026-02-09,2026,0.003,-30.0,close
2026-02-09,2026,0.005,-30.0,close
2026-02-09,2026,0.0075,-30.0,close
2026-02-09,2026,0.01,-30.0,close
2026-02-09,2026,0.015,-30.0,close
2026-02-10,2026,0.0,403.0,close
2026-02-10,2026,0.003,96.715,target
2026-02-10,2026,0.005,162.525,target
2026-02-10,2026,0.0075,244.7875,target
2026-02-10,2026,0.01,327.05,target
2026-02-10,2026,0.015,403.0,close
2026-02-23,2026,0.0,-213.0,close
2026-02-23,2026,0.003,100.525,target
2026-02-23,2026,0.005,168.875,target
2026-02-23,2026,0.0075,254.3125,target
2026-02-23,2026,0.01,-213.0,close
2026-02-23,2026,0.015,-213.0,close
2026-02-25,2026,0.0,238.0,close
2026-02-25,2026,0.003,103.75,target
2026-02-25,2026,0.005,174.25,target
2026-02-25,2026,0.0075,262.375,target
2026-02-25,2026,0.01,350.5,target
2026-02-25,2026,0.015,238.0,close
2026-02-26,2026,0.0,70.0,close
2026-02-26,2026,0.003,104.596,target
2026-02-26,2026,0.005,175.66,target
2026-02-26,2026,0.0075,70.0,close
2026-02-26,2026,0.01,70.0,close
2026-02-26,2026,0.015,70.0,close
2026-03-02,2026,0.0,-506.0,close
2026-03-02,2026,0.003,-506.0,close
2026-03-02,2026,0.005,-506.0,close
2026-03-02,2026,0.0075,-506.0,close
2026-03-02,2026,0.01,-506.0,close
2026-03-02,2026,0.015,-506.0,close
2026-03-03,2026,0.0,-676.0,close
2026-03-03,2026,0.003,103.015,target
2026-03-03,2026,0.005,173.025,target
2026-03-03,2026,0.0075,260.53749999999997,target
2026-03-03,2026,0.01,-676.0,close
2026-03-03,2026,0.015,-676.0,close
2026-03-05,2026,0.0,-261.0,close
2026-03-05,2026,0.003,99.7,target
2026-03-05,2026,0.005,167.5,target
2026-03-05,2026,0.0075,252.25,target
2026-03-05,2026,0.01,337.0,target
2026-03-05,2026,0.015,-261.0,close
2026-03-06,2026,0.0,-343.0,close
2026-03-06,2026,0.003,-343.0,close
2026-03-06,2026,0.005,-343.0,close
2026-03-06,2026,0.0075,-343.0,close
2026-03-06,2026,0.01,-343.0,close
2026-03-06,2026,0.015,-343.0,close
2026-03-10,2026,0.0,514.0,close
2026-03-10,2026,0.003,97.657,target
2026-03-10,2026,0.005,164.095,target
2026-03-10,2026,0.0075,247.14249999999998,target
2026-03-10,2026,0.01,330.19,target
2026-03-10,2026,0.015,496.28499999999997,target
2026-03-11,2026,0.0,656.0,close
2026-03-11,2026,0.003,97.98700000000001,target
2026-03-11,2026,0.005,164.645,target
2026-03-11,2026,0.0075,247.9675,target
2026-03-11,2026,0.01,331.29,target
2026-03-11,2026,0.015,497.935,target
2026-03-12,2026,0.0,-146.0,close
2026-03-12,2026,0.003,99.004,target
2026-03-12,2026,0.005,166.34,target
2026-03-12,2026,0.0075,250.51,target
2026-03-12,2026,0.01,-146.0,close
2026-03-12,2026,0.015,-146.0,close
2026-03-16,2026,0.0,-162.0,close
2026-03-16,2026,0.003,98.239,target
2026-03-16,2026,0.005,165.065,target
2026-03-16,2026,0.0075,248.5975,target
2026-03-16,2026,0.01,-162.0,close
2026-03-16,2026,0.015,-162.0,close
2026-03-17,2026,0.0,175.0,close
2026-03-17,2026,0.003,98.878,target
2026-03-17,2026,0.005,166.13,target
2026-03-17,2026,0.0075,250.195,target
2026-03-17,2026,0.01,334.26,target
2026-03-17,2026,0.015,175.0,close
2026-03-18,2026,0.0,209.0,close
2026-03-18,2026,0.003,101.032,target
2026-03-18,2026,0.005,169.72,target
2026-03-18,2026,0.0075,209.0,close
2026-03-18,2026,0.01,209.0,close
2026-03-18,2026,0.015,209.0,close
2026-03-20,2026,0.0,-225.0,close
2026-03-20,2026,0.003,-225.0,close
2026-03-20,2026,0.005,-225.0,close
2026-03-20,2026,0.0075,-225.0,close
2026-03-20,2026,0.01,-225.0,close
2026-03-20,2026,0.015,-225.0,close
2026-03-24,2026,0.0,-520.0,close
2026-03-24,2026,0.003,-520.0,close
2026-03-24,2026,0.005,-520.0,close
2026-03-24,2026,0.0075,-520.0,close
2026-03-24,2026,0.01,-520.0,close
2026-03-24,2026,0.015,-520.0,close
2026-03-25,2026,0.0,-163.0,close
2026-03-25,2026,0.003,-163.0,close
2026-03-25,2026,0.005,-163.0,close
2026-03-25,2026,0.0075,-163.0,close
2026-03-25,2026,0.01,-163.0,close
2026-03-25,2026,0.015,-163.0,close
2026-03-26,2026,0.0,-407.0,close
2026-03-26,2026,0.003,99.535,target
2026-03-26,2026,0.005,167.225,target
2026-03-26,2026,0.0075,-407.0,close
2026-03-26,2026,0.01,-407.0,close
2026-03-26,2026,0.015,-407.0,close
2026-03-30,2026,0.0,-451.0,close
2026-03-30,2026,0.003,-451.0,close
2026-03-30,2026,0.005,-451.0,close
2026-03-30,2026,0.0075,-451.0,close
2026-03-30,2026,0.01,-451.0,close
2026-03-30,2026,0.015,-451.0,close
2026-04-01,2026,0.0,-191.0,close
2026-04-01,2026,0.003,-191.0,close
2026-04-01,2026,0.005,-191.0,close
2026-04-01,2026,0.0075,-191.0,close
2026-04-01,2026,0.01,-191.0,close
2026-04-01,2026,0.015,-191.0,close
2026-04-02,2026,0.0,430.0,close
2026-04-02,2026,0.003,96.787,target
2026-04-02,2026,0.005,162.645,target
2026-04-02,2026,0.0075,244.9675,target
2026-04-02,2026,0.01,327.29,target
2026-04-02,2026,0.015,430.0,close
2026-04-07,2026,0.0,6.0,close
2026-04-07,2026,0.003,97.522,target
2026-04-07,2026,0.005,163.87,target
2026-04-07,2026,0.0075,6.0,close
2026-04-07,2026,0.01,6.0,close
2026-04-07,2026,0.015,6.0,close
2026-04-08,2026,0.0,330.0,close
2026-04-08,2026,0.003,101.992,target
2026-04-08,2026,0.005,171.32,target
2026-04-08,2026,0.0075,257.98,target
2026-04-08,2026,0.01,344.64,target
2026-04-08,2026,0.015,330.0,close
2026-04-09,2026,0.0,1.0,close
2026-04-09,2026,0.003,102.799,target
2026-04-09,2026,0.005,172.665,target
2026-04-09,2026,0.0075,1.0,close
2026-04-09,2026,0.01,1.0,close
2026-04-09,2026,0.015,1.0,close
2026-04-10,2026,0.0,-111.0,close
2026-04-10,2026,0.003,104.392,target
2026-04-10,2026,0.005,175.32,target
2026-04-10,2026,0.0075,-111.0,close
2026-04-10,2026,0.01,-111.0,close
2026-04-10,2026,0.015,-111.0,close
2026-04-13,2026,0.0,138.0,close
2026-04-13,2026,0.003,104.77,target
2026-04-13,2026,0.005,175.95000000000002,target
2026-04-13,2026,0.0075,138.0,close
2026-04-13,2026,0.01,138.0,close
2026-04-13,2026,0.015,138.0,close
2026-04-14,2026,0.0,292.0,close
2026-04-14,2026,0.003,106.20400000000001,target
2026-04-14,2026,0.005,178.34,target
2026-04-14,2026,0.0075,268.51,target
2026-04-14,2026,0.01,358.68,target
2026-04-14,2026,0.015,292.0,close
2026-04-15,2026,0.0,364.0,close
2026-04-15,2026,0.003,110.002,target
2026-04-15,2026,0.005,184.67000000000002,target
2026-04-15,2026,0.0075,278.005,target
2026-04-15,2026,0.01,371.34000000000003,target
2026-04-15,2026,0.015,364.0,close
2026-04-16,2026,0.0,335.0,close
2026-04-16,2026,0.003,109.918,target
2026-04-16,2026,0.005,184.53,target
2026-04-16,2026,0.0075,277.795,target
2026-04-16,2026,0.01,335.0,close
2026-04-16,2026,0.015,335.0,close
2026-04-17,2026,0.0,-69.0,close
2026-04-17,2026,0.003,109.45,target
2026-04-17,2026,0.005,183.75,target
2026-04-17,2026,0.0075,-69.0,close
2026-04-17,2026,0.01,-69.0,close
2026-04-17,2026,0.015,-69.0,close
2026-04-20,2026,0.0,381.0,close
2026-04-20,2026,0.003,110.902,target
2026-04-20,2026,0.005,186.17000000000002,target
2026-04-20,2026,0.0075,280.255,target
2026-04-20,2026,0.01,374.34000000000003,target
2026-04-20,2026,0.015,381.0,close
2026-04-21,2026,0.0,335.0,close
2026-04-21,2026,0.003,111.13,target
2026-04-21,2026,0.005,186.55,target
2026-04-21,2026,0.0075,280.825,target
2026-04-21,2026,0.01,375.1,target
2026-04-21,2026,0.015,335.0,close
2026-04-22,2026,0.0,81.0,close
2026-04-22,2026,0.003,112.39,target
2026-04-22,2026,0.005,188.65,target
2026-04-22,2026,0.0075,81.0,close
2026-04-22,2026,0.01,81.0,close
2026-04-22,2026,0.015,81.0,close
2026-04-23,2026,0.0,636.0,close
2026-04-23,2026,0.003,113.572,target
2026-04-23,2026,0.005,190.62,target
2026-04-23,2026,0.0075,286.93,target
2026-04-23,2026,0.01,383.24,target
2026-04-23,2026,0.015,575.86,target
2026-04-24,2026,0.0,928.0,close
2026-04-24,2026,0.003,112.864,target
2026-04-24,2026,0.005,189.44,target
2026-04-24,2026,0.0075,285.15999999999997,target
2026-04-24,2026,0.01,380.88,target
2026-04-24,2026,0.015,572.3199999999999,target
2026-04-27,2026,0.0,270.0,close
2026-04-27,2026,0.003,118.471,target
2026-04-27,2026,0.005,198.785,target
2026-04-27,2026,0.0075,299.1775,target
2026-04-27,2026,0.01,270.0,close
2026-04-27,2026,0.015,270.0,close
2026-04-28,2026,0.0,50.0,close
2026-04-28,2026,0.003,117.373,target
2026-04-28,2026,0.005,50.0,close
2026-04-28,2026,0.0075,50.0,close
2026-04-28,2026,0.01,50.0,close
2026-04-28,2026,0.015,50.0,close
2026-04-30,2026,0.0,454.0,close
2026-04-30,2026,0.003,117.44800000000001,target
2026-04-30,2026,0.005,197.08,target
2026-04-30,2026,0.0075,296.62,target
2026-04-30,2026,0.01,396.16,target
2026-04-30,2026,0.015,454.0,close
2026-05-04,2026,0.0,616.0,close
2026-05-04,2026,0.003,119.269,target
2026-05-04,2026,0.005,200.115,target
2026-05-04,2026,0.0075,301.1725,target
2026-05-04,2026,0.01,402.23,target
2026-05-04,2026,0.015,604.345,target
2026-05-06,2026,0.0,-123.0,close
2026-05-06,2026,0.003,122.17,target
2026-05-06,2026,0.005,204.95000000000002,target
2026-05-06,2026,0.0075,308.425,target
2026-05-06,2026,0.01,-123.0,close
2026-05-06,2026,0.015,-123.0,close
2026-05-07,2026,0.0,-14.0,close
2026-05-07,2026,0.003,-14.0,close
2026-05-07,2026,0.005,-14.0,close
2026-05-07,2026,0.0075,-14.0,close
2026-05-07,2026,0.01,-14.0,close
2026-05-07,2026,0.015,-14.0,close
2026-05-11,2026,0.0,150.0,close
2026-05-11,2026,0.003,124.315,target
2026-05-11,2026,0.005,150.0,close
2026-05-11,2026,0.0075,150.0,close
2026-05-11,2026,0.01,150.0,close
2026-05-11,2026,0.015,150.0,close
2026-05-12,2026,0.0,118.0,close
2026-05-12,2026,0.003,123.436,target
2026-05-12,2026,0.005,118.0,close
2026-05-12,2026,0.0075,118.0,close
2026-05-12,2026,0.01,118.0,close
2026-05-12,2026,0.015,118.0,close
2026-05-14,2026,0.0,60.0,close
2026-05-14,2026,0.003,123.06700000000001,target
2026-05-14,2026,0.005,60.0,close
2026-05-14,2026,0.0075,60.0,close
2026-05-14,2026,0.01,60.0,close
2026-05-14,2026,0.015,60.0,close
2026-05-15,2026,0.0,-1290.0,close
2026-05-15,2026,0.003,124.873,target
2026-05-15,2026,0.005,-1290.0,close
2026-05-15,2026,0.0075,-1290.0,close
2026-05-15,2026,0.01,-1290.0,close
2026-05-15,2026,0.015,-1290.0,close
2026-05-20,2026,0.0,-119.0,close
2026-05-20,2026,0.003,118.714,target
2026-05-20,2026,0.005,199.19,target
2026-05-20,2026,0.0075,299.78499999999997,target
2026-05-20,2026,0.01,-119.0,close
2026-05-20,2026,0.015,-119.0,close
2026-05-21,2026,0.0,23.0,close
2026-05-21,2026,0.003,23.0,close
2026-05-21,2026,0.005,23.0,close
2026-05-21,2026,0.0075,23.0,close
2026-05-21,2026,0.01,23.0,close
2026-05-21,2026,0.015,23.0,close
2026-05-22,2026,0.0,246.0,close
2026-05-22,2026,0.003,124.57600000000001,target
2026-05-22,2026,0.005,208.96,target
2026-05-22,2026,0.0075,246.0,close
2026-05-22,2026,0.01,246.0,close
2026-05-22,2026,0.015,246.0,close
2026-05-25,2026,0.0,695.0,close
2026-05-25,2026,0.003,127.549,target
2026-05-25,2026,0.005,213.915,target
2026-05-25,2026,0.0075,321.8725,target
2026-05-25,2026,0.01,429.83,target
2026-05-25,2026,0.015,645.745,target
2026-05-26,2026,0.0,-363.0,close
2026-05-26,2026,0.003,-363.0,close
2026-05-26,2026,0.005,-363.0,close
2026-05-26,2026,0.0075,-363.0,close
2026-05-26,2026,0.01,-363.0,close
2026-05-26,2026,0.015,-363.0,close
2026-05-27,2026,0.0,-118.0,close
2026-05-27,2026,0.003,132.034,target
2026-05-27,2026,0.005,221.39000000000001,target
2026-05-27,2026,0.0075,333.085,target
2026-05-27,2026,0.01,-118.0,close
2026-05-27,2026,0.015,-118.0,close
2026-05-28,2026,0.0,1348.0,close
2026-05-28,2026,0.003,133.564,target
2026-05-28,2026,0.005,223.94,target
2026-05-28,2026,0.0075,336.90999999999997,target
2026-05-28,2026,0.01,449.88,target
2026-05-28,2026,0.015,675.8199999999999,target
2026-05-29,2026,0.0,630.0,close
2026-05-29,2026,0.003,131.98,target
2026-05-29,2026,0.005,221.3,target
2026-05-29,2026,0.0075,332.95,target
2026-05-29,2026,0.01,444.6,target
2026-05-29,2026,0.015,667.9,target
2026-06-01,2026,0.0,592.0,close
2026-06-01,2026,0.003,134.371,target
2026-06-01,2026,0.005,225.285,target
2026-06-01,2026,0.0075,338.9275,target
2026-06-01,2026,0.01,452.57,target
2026-06-01,2026,0.015,679.855,target
2026-06-02,2026,0.0,-29.0,close
2026-06-02,2026,0.003,-29.0,close
2026-06-02,2026,0.005,-29.0,close
2026-06-02,2026,0.0075,-29.0,close
2026-06-02,2026,0.01,-29.0,close
2026-06-02,2026,0.015,-29.0,close
2026-06-03,2026,0.0,17.0,close
2026-06-03,2026,0.003,138.64000000000001,target
2026-06-03,2026,0.005,232.4,target
2026-06-03,2026,0.0075,17.0,close
2026-06-03,2026,0.01,17.0,close
2026-06-03,2026,0.015,17.0,close
2026-06-04,2026,0.0,-174.0,close
2026-06-04,2026,0.003,-174.0,close
2026-06-04,2026,0.005,-174.0,close
2026-06-04,2026,0.0075,-174.0,close
2026-06-04,2026,0.01,-174.0,close
2026-06-04,2026,0.015,-174.0,close
2026-06-09,2026,0.0,-460.0,close
2026-06-09,2026,0.003,-460.0,close
2026-06-09,2026,0.005,-460.0,close
2026-06-09,2026,0.0075,-460.0,close
2026-06-09,2026,0.01,-460.0,close
2026-06-09,2026,0.015,-460.0,close
2026-06-10,2026,0.0,417.0,close
2026-06-10,2026,0.003,129.514,target
2026-06-10,2026,0.005,217.19,target
2026-06-10,2026,0.0075,326.78499999999997,target
2026-06-10,2026,0.01,436.38,target
2026-06-10,2026,0.015,655.5699999999999,target
2026-06-12,2026,0.0,143.0,close
2026-06-12,2026,0.003,131.035,target
2026-06-12,2026,0.005,219.725,target
2026-06-12,2026,0.0075,143.0,close
2026-06-12,2026,0.01,143.0,close
2026-06-12,2026,0.015,143.0,close
2026-06-15,2026,0.0,-117.0,close
2026-06-15,2026,0.003,135.127,target
2026-06-15,2026,0.005,-117.0,close
2026-06-15,2026,0.0075,-117.0,close
2026-06-15,2026,0.01,-117.0,close
2026-06-15,2026,0.015,-117.0,close
2026-06-16,2026,0.0,-39.0,close
2026-06-16,2026,0.003,135.175,target
2026-06-16,2026,0.005,-39.0,close
2026-06-16,2026,0.0075,-39.0,close
2026-06-16,2026,0.01,-39.0,close
2026-06-16,2026,0.015,-39.0,close
2026-06-18,2026,0.0,286.0,close
2026-06-18,2026,0.003,137.44,target
2026-06-18,2026,0.005,230.4,target
2026-06-18,2026,0.0075,286.0,close
2026-06-18,2026,0.01,286.0,close
2026-06-18,2026,0.015,286.0,close
2026-06-22,2026,0.0,-363.0,close
2026-06-22,2026,0.003,-363.0,close
2026-06-22,2026,0.005,-363.0,close
2026-06-22,2026,0.0075,-363.0,close
2026-06-22,2026,0.01,-363.0,close
2026-06-22,2026,0.015,-363.0,close
2026-06-23,2026,0.0,735.0,close
2026-06-23,2026,0.003,142.531,target
2026-06-23,2026,0.005,238.885,target
2026-06-23,2026,0.0075,359.3275,target
2026-06-23,2026,0.01,479.77,target
2026-06-23,2026,0.015,720.655,target
2026-06-26,2026,0.0,995.0,close
2026-06-26,2026,0.003,134.191,target
2026-06-26,2026,0.005,224.985,target
2026-06-26,2026,0.0075,338.47749999999996,target
2026-06-26,2026,0.01,451.97,target
2026-06-26,2026,0.015,678.9549999999999,target
2026-06-30,2026,0.0,-201.0,close
2026-06-30,2026,0.003,137.713,target
2026-06-30,2026,0.005,230.85500000000002,target
2026-06-30,2026,0.0075,347.28249999999997,target
2026-06-30,2026,0.01,-201.0,close
2026-06-30,2026,0.015,-201.0,close
2026-07-01,2026,0.0,-153.0,close
2026-07-01,2026,0.003,139.237,target
2026-07-01,2026,0.005,-153.0,close
2026-07-01,2026,0.0075,-153.0,close
2026-07-01,2026,0.01,-153.0,close
2026-07-01,2026,0.015,-153.0,close
2026-07-07,2026,0.0,1196.0,close
2026-07-07,2026,0.003,138.871,target
2026-07-07,2026,0.005,232.785,target
2026-07-07,2026,0.0075,350.1775,target
2026-07-07,2026,0.01,467.57,target
2026-07-07,2026,0.015,702.355,target
2026-07-09,2026,0.0,-9.0,close
2026-07-09,2026,0.003,135.022,target
2026-07-09,2026,0.005,226.37,target
2026-07-09,2026,0.0075,340.555,target
2026-07-09,2026,0.01,-9.0,close
2026-07-09,2026,0.015,-9.0,close
2026-07-13,2026,0.0,-704.0,close
2026-07-13,2026,0.003,-704.0,close
2026-07-13,2026,0.005,-704.0,close
2026-07-13,2026,0.0075,-704.0,close
2026-07-13,2026,0.01,-704.0,close
2026-07-13,2026,0.015,-704.0,close
2026-07-15,2026,0.0,-180.0,close
2026-07-15,2026,0.003,-180.0,close
2026-07-15,2026,0.005,-180.0,close
2026-07-15,2026,0.0075,-180.0,close
2026-07-15,2026,0.01,-180.0,close
2026-07-15,2026,0.015,-180.0,close
2026-07-20,2026,0.0,800.0,close
2026-07-20,2026,0.003,128.35,target
2026-07-20,2026,0.005,215.25,target
2026-07-20,2026,0.0075,323.875,target
2026-07-20,2026,0.01,432.5,target
2026-07-20,2026,0.015,649.75,target
2026-07-21,2026,0.0,1124.0,close
2026-07-21,2026,0.003,127.78900000000002,target
2026-07-21,2026,0.005,214.315,target
2026-07-21,2026,0.0075,322.47249999999997,target
2026-07-21,2026,0.01,430.63,target
2026-07-21,2026,0.015,646.9449999999999,target
2026-07-22,2026,0.0,308.0,close
2026-07-22,2026,0.003,132.811,target
2026-07-22,2026,0.005,222.685,target
2026-07-22,2026,0.0075,308.0,close
2026-07-22,2026,0.01,308.0,close
2026-07-22,2026,0.015,308.0,close
2026-07-23,2026,0.0,-417.0,close
2026-07-23,2026,0.003,-417.0,close
2026-07-23,2026,0.005,-417.0,close
2026-07-23,2026,0.0075,-417.0,close
2026-07-23,2026,0.01,-417.0,close
2026-07-23,2026,0.015,-417.0,close
2026-07-31,2026,0.0,-278.0,close
2026-07-31,2026,0.003,-278.0,close
2026-07-31,2026,0.005,-278.0,close
2026-07-31,2026,0.0075,-278.0,close
2026-07-31,2026,0.01,-278.0,close
2026-07-31,2026,0.015,-278.0,close
2026-08-03,2026,0.0,44.0,close
2026-08-03,2026,0.003,127.555,target
2026-08-03,2026,0.005,213.925,target
2026-08-03,2026,0.0075,321.8875,target
2026-08-03,2026,0.01,429.85,target
2026-08-03,2026,0.015,645.775,target
2026-08-04,2026,0.0,659.0,close
2026-08-04,2026,0.003,126.1,target
2026-08-04,2026,0.005,211.5,target
2026-08-04,2026,0.0075,318.25,target
2026-08-04,2026,0.01,425.0,target
2026-08-04,2026,0.015,638.5,target
2026-08-05,2026,0.0,256.0,close
2026-08-05,2026,0.003,132.352,target
2026-08-05,2026,0.005,221.92000000000002,target
2026-08-05,2026,0.0075,333.88,target
2026-08-05,2026,0.01,256.0,close
2026-08-05,2026,0.015,256.0,close
2026-08-06,2026,0.0,-134.0,close
2026-08-06,2026,0.003,130.42600000000002,target
2026-08-06,2026,0.005,218.71,target
2026-08-06,2026,0.0075,-134.0,close
2026-08-06,2026,0.01,-134.0,close
2026-08-06,2026,0.015,-134.0,close
2026-08-07,2026,0.0,-254.0,close
2026-08-07,2026,0.003,131.8,target
2026-08-07,2026,0.005,-254.0,close
2026-08-07,2026,0.0075,-254.0,close
2026-08-07,2026,0.01,-254.0,close
2026-08-07,2026,0.015,-254.0,close
2026-08-10,2026,0.0,169.0,close
2026-08-10,2026,0.003,133.513,target
2026-08-10,2026,0.005,223.85500000000002,target
2026-08-10,2026,0.0075,336.78249999999997,target
2026-08-10,2026,0.01,169.0,close
2026-08-10,2026,0.015,169.0,close
2026-08-12,2026,0.0,142.0,close
2026-08-12,2026,0.003,134.14000000000001,target
2026-08-12,2026,0.005,142.0,close
2026-08-12,2026,0.0075,142.0,close
2026-08-12,2026,0.01,142.0,close
2026-08-12,2026,0.015,142.0,close
2026-08-13,2026,0.0,141.0,close
2026-08-13,2026,0.003,136.44400000000002,target
2026-08-13,2026,0.005,228.74,target
2026-08-13,2026,0.0075,141.0,close
2026-08-13,2026,0.01,141.0,close
2026-08-13,2026,0.015,141.0,close
2026-08-14,2026,0.0,-671.0,close
2026-08-14,2026,0.003,-671.0,close
2026-08-14,2026,0.005,-671.0,close
2026-08-14,2026,0.0075,-671.0,close
2026-08-14,2026,0.01,-671.0,close
2026-08-14,2026,0.015,-671.0,close
2026-08-18,2026,0.0,-894.0,close
2026-08-18,2026,0.003,-894.0,close
2026-08-18,2026,0.005,-894.0,close
2026-08-18,2026,0.0075,-894.0,close
2026-08-18,2026,0.01,-894.0,close
2026-08-18,2026,0.015,-894.0,close
