date,yr,pct,pnl
2005-01-03,2005,0.0,3.430000000000291
2005-01-03,2005,0.005,30.698449999999998
2005-01-03,2005,0.0075,3.430000000000291
2005-01-03,2005,0.01,3.430000000000291
2005-01-03,2005,0.015,3.430000000000291
2005-01-06,2005,0.0,6.25
2005-01-06,2005,0.005,6.25
2005-01-06,2005,0.0075,6.25
2005-01-06,2005,0.01,6.25
2005-01-06,2005,0.015,6.25
2005-01-10,2005,0.0,6.860000000000582
2005-01-10,2005,0.005,6.860000000000582
2005-01-10,2005,0.0075,6.860000000000582
2005-01-10,2005,0.01,6.860000000000582
2005-01-10,2005,0.015,6.860000000000582
2005-01-13,2005,0.0,-25.140000000000327
2005-01-13,2005,0.005,29.3954
2005-01-13,2005,0.0075,-25.140000000000327
2005-01-13,2005,0.01,-25.140000000000327
2005-01-13,2005,0.015,-25.140000000000327
2005-01-14,2005,0.0,-35.58000000000084
2005-01-14,2005,0.005,29.2697
2005-01-14,2005,0.0075,-35.58000000000084
2005-01-14,2005,0.01,-35.58000000000084
2005-01-14,2005,0.015,-35.58000000000084
2005-01-17,2005,0.0,55.75
2005-01-17,2005,0.005,29.4476
2005-01-17,2005,0.0075,44.1714
2005-01-17,2005,0.01,58.8952
2005-01-17,2005,0.015,55.75
2005-01-18,2005,0.0,-11.700000000000728
2005-01-18,2005,0.005,-11.700000000000728
2005-01-18,2005,0.0075,-11.700000000000728
2005-01-18,2005,0.01,-11.700000000000728
2005-01-18,2005,0.015,-11.700000000000728
2005-01-19,2005,0.0,-38.219999999999345
2005-01-19,2005,0.005,-38.219999999999345
2005-01-19,2005,0.0075,-38.219999999999345
2005-01-19,2005,0.01,-38.219999999999345
2005-01-19,2005,0.015,-38.219999999999345
2005-01-24,2005,0.0,77.43000000000029
2005-01-24,2005,0.005,29.24455
2005-01-24,2005,0.0075,43.866825
2005-01-24,2005,0.01,58.4891
2005-01-24,2005,0.015,77.43000000000029
2005-01-25,2005,0.0,-11.270000000000437
2005-01-25,2005,0.005,28.8574
2005-01-25,2005,0.0075,-11.270000000000437
2005-01-25,2005,0.01,-11.270000000000437
2005-01-25,2005,0.015,-11.270000000000437
2005-01-26,2005,0.0,52.61999999999989
2005-01-26,2005,0.005,28.91375
2005-01-26,2005,0.0075,43.370625
2005-01-26,2005,0.01,57.8275
2005-01-26,2005,0.015,52.61999999999989
2005-01-27,2005,0.0,-21.18000000000029
2005-01-27,2005,0.005,-21.18000000000029
2005-01-27,2005,0.0075,-21.18000000000029
2005-01-27,2005,0.01,-21.18000000000029
2005-01-27,2005,0.015,-21.18000000000029
2005-01-28,2005,0.0,37.17000000000007
2005-01-28,2005,0.005,29.213800000000003
2005-01-28,2005,0.0075,43.8207
2005-01-28,2005,0.01,58.427600000000005
2005-01-28,2005,0.015,37.17000000000007
2005-01-31,2005,0.0,-114.29999999999927
2005-01-31,2005,0.005,-114.29999999999927
2005-01-31,2005,0.0075,-114.29999999999927
2005-01-31,2005,0.01,-114.29999999999927
2005-01-31,2005,0.015,-114.29999999999927
2005-02-01,2005,0.0,-12.6899999999996
2005-02-01,2005,0.005,-12.6899999999996
2005-02-01,2005,0.0075,-12.6899999999996
2005-02-01,2005,0.01,-12.6899999999996
2005-02-01,2005,0.015,-12.6899999999996
2005-02-02,2005,0.0,37.149999999999636
2005-02-02,2005,0.005,29.907700000000002
2005-02-02,2005,0.0075,44.86155
2005-02-02,2005,0.01,59.815400000000004
2005-02-02,2005,0.015,37.149999999999636
2005-02-14,2005,0.0,4.260000000000218
2005-02-14,2005,0.005,4.260000000000218
2005-02-14,2005,0.0075,4.260000000000218
2005-02-14,2005,0.01,4.260000000000218
2005-02-14,2005,0.015,4.260000000000218
2005-02-15,2005,0.0,9.990000000000691
2005-02-15,2005,0.005,9.990000000000691
2005-02-15,2005,0.0075,9.990000000000691
2005-02-15,2005,0.01,9.990000000000691
2005-02-15,2005,0.015,9.990000000000691
2005-02-16,2005,0.0,21.099999999999454
2005-02-16,2005,0.005,30.611950000000004
2005-02-16,2005,0.0075,21.099999999999454
2005-02-16,2005,0.01,21.099999999999454
2005-02-16,2005,0.015,21.099999999999454
2005-02-18,2005,0.0,-43.27000000000044
2005-02-18,2005,0.005,-43.27000000000044
2005-02-18,2005,0.0075,-43.27000000000044
2005-02-18,2005,0.01,-43.27000000000044
2005-02-18,2005,0.015,-43.27000000000044
2005-02-25,2005,0.0,-11.640000000000327
2005-02-25,2005,0.005,-11.640000000000327
2005-02-25,2005,0.0075,-11.640000000000327
2005-02-25,2005,0.01,-11.640000000000327
2005-02-25,2005,0.015,-11.640000000000327
2005-03-01,2005,0.0,-51.85999999999967
2005-03-01,2005,0.005,-51.85999999999967
2005-03-01,2005,0.0075,-51.85999999999967
2005-03-01,2005,0.01,-51.85999999999967
2005-03-01,2005,0.015,-51.85999999999967
2005-03-02,2005,0.0,40.470000000000255
2005-03-02,2005,0.005,31.3286
2005-03-02,2005,0.0075,40.470000000000255
2005-03-02,2005,0.01,40.470000000000255
2005-03-02,2005,0.015,40.470000000000255
2005-03-03,2005,0.0,22.86999999999989
2005-03-03,2005,0.005,31.126250000000002
2005-03-03,2005,0.0075,46.689375
2005-03-03,2005,0.01,22.86999999999989
2005-03-03,2005,0.015,22.86999999999989
2005-03-04,2005,0.0,8.760000000000218
2005-03-04,2005,0.005,8.760000000000218
2005-03-04,2005,0.0075,8.760000000000218
2005-03-04,2005,0.01,8.760000000000218
2005-03-04,2005,0.015,8.760000000000218
2005-03-08,2005,0.0,-47.18000000000029
2005-03-08,2005,0.005,31.102600000000002
2005-03-08,2005,0.0075,-47.18000000000029
2005-03-08,2005,0.01,-47.18000000000029
2005-03-08,2005,0.015,-47.18000000000029
2005-03-09,2005,0.0,-39.9399999999996
2005-03-09,2005,0.005,-39.9399999999996
2005-03-09,2005,0.0075,-39.9399999999996
2005-03-09,2005,0.01,-39.9399999999996
2005-03-09,2005,0.015,-39.9399999999996
2005-03-11,2005,0.0,11.699999999999818
2005-03-11,2005,0.005,30.96265
2005-03-11,2005,0.0075,11.699999999999818
2005-03-11,2005,0.01,11.699999999999818
2005-03-11,2005,0.015,11.699999999999818
2005-03-15,2005,0.0,-92.03000000000065
2005-03-15,2005,0.005,-92.03000000000065
2005-03-15,2005,0.0075,-92.03000000000065
2005-03-15,2005,0.01,-92.03000000000065
2005-03-15,2005,0.015,-92.03000000000065
2005-03-18,2005,0.0,11.479999999999563
2005-03-18,2005,0.005,11.479999999999563
2005-03-18,2005,0.0075,11.479999999999563
2005-03-18,2005,0.01,11.479999999999563
2005-03-18,2005,0.015,11.479999999999563
2005-03-24,2005,0.0,-18.48999999999978
2005-03-24,2005,0.005,30.09745
2005-03-24,2005,0.0075,-18.48999999999978
2005-03-24,2005,0.01,-18.48999999999978
2005-03-24,2005,0.015,-18.48999999999978
2005-03-25,2005,0.0,64.90999999999985
2005-03-25,2005,0.005,30.005
2005-03-25,2005,0.0075,45.0075
2005-03-25,2005,0.01,60.01
2005-03-25,2005,0.015,64.90999999999985
2005-03-28,2005,0.0,-17.170000000000073
2005-03-28,2005,0.005,-17.170000000000073
2005-03-28,2005,0.0075,-17.170000000000073
2005-03-28,2005,0.01,-17.170000000000073
2005-03-28,2005,0.015,-17.170000000000073
2005-03-30,2005,0.0,3.2600000000002183
2005-03-30,2005,0.005,3.2600000000002183
2005-03-30,2005,0.0075,3.2600000000002183
2005-03-30,2005,0.01,3.2600000000002183
2005-03-30,2005,0.015,3.2600000000002183
2005-03-31,2005,0.0,-3.5299999999997453
2005-03-31,2005,0.005,-3.5299999999997453
2005-03-31,2005,0.0075,-3.5299999999997453
2005-03-31,2005,0.01,-3.5299999999997453
2005-03-31,2005,0.015,-3.5299999999997453
2005-04-04,2005,0.0,8.819999999999709
2005-04-04,2005,0.005,8.819999999999709
2005-04-04,2005,0.0075,8.819999999999709
2005-04-04,2005,0.01,8.819999999999709
2005-04-04,2005,0.015,8.819999999999709
2005-04-06,2005,0.0,-6.440000000000509
2005-04-06,2005,0.005,-6.440000000000509
2005-04-06,2005,0.0075,-6.440000000000509
2005-04-06,2005,0.01,-6.440000000000509
2005-04-06,2005,0.015,-6.440000000000509
2005-04-07,2005,0.0,-41.72999999999956
2005-04-07,2005,0.005,-41.72999999999956
2005-04-07,2005,0.0075,-41.72999999999956
2005-04-07,2005,0.01,-41.72999999999956
2005-04-07,2005,0.015,-41.72999999999956
2005-04-08,2005,0.0,52.30999999999949
2005-04-08,2005,0.005,29.858800000000002
2005-04-08,2005,0.0075,44.7882
2005-04-08,2005,0.01,52.30999999999949
2005-04-08,2005,0.015,52.30999999999949
2005-04-15,2005,0.0,88.3100000000004
2005-04-15,2005,0.005,29.8834
2005-04-15,2005,0.0075,44.8251
2005-04-15,2005,0.01,59.7668
2005-04-15,2005,0.015,89.6502
2005-04-19,2005,0.0,33.19000000000051
2005-04-19,2005,0.005,28.5758
2005-04-19,2005,0.0075,42.863699999999994
2005-04-19,2005,0.01,57.1516
2005-04-19,2005,0.015,33.19000000000051
2005-04-20,2005,0.0,-55.340000000000146
2005-04-20,2005,0.005,28.741750000000003
2005-04-20,2005,0.0075,43.112625
2005-04-20,2005,0.01,-55.340000000000146
2005-04-20,2005,0.015,-55.340000000000146
2005-04-22,2005,0.0,46.789999999999964
2005-04-22,2005,0.005,28.9694
2005-04-22,2005,0.0075,43.4541
2005-04-22,2005,0.01,46.789999999999964
2005-04-22,2005,0.015,46.789999999999964
2005-04-25,2005,0.0,-11.220000000000255
2005-04-25,2005,0.005,-11.220000000000255
2005-04-25,2005,0.0075,-11.220000000000255
2005-04-25,2005,0.01,-11.220000000000255
2005-04-25,2005,0.015,-11.220000000000255
2005-04-26,2005,0.0,46.9399999999996
2005-04-26,2005,0.005,28.79155
2005-04-26,2005,0.0075,43.187325
2005-04-26,2005,0.01,46.9399999999996
2005-04-26,2005,0.015,46.9399999999996
2005-05-05,2005,0.0,-39.67000000000007
2005-05-05,2005,0.005,-39.67000000000007
2005-05-05,2005,0.0075,-39.67000000000007
2005-05-05,2005,0.01,-39.67000000000007
2005-05-05,2005,0.015,-39.67000000000007
2005-05-09,2005,0.0,-1.1099999999996726
2005-05-09,2005,0.005,-1.1099999999996726
2005-05-09,2005,0.0075,-1.1099999999996726
2005-05-09,2005,0.01,-1.1099999999996726
2005-05-09,2005,0.015,-1.1099999999996726
2005-05-10,2005,0.0,-17.050000000000182
2005-05-10,2005,0.005,-17.050000000000182
2005-05-10,2005,0.0075,-17.050000000000182
2005-05-10,2005,0.01,-17.050000000000182
2005-05-10,2005,0.015,-17.050000000000182
2005-05-11,2005,0.0,32.67000000000007
2005-05-11,2005,0.005,29.749000000000002
2005-05-11,2005,0.0075,44.6235
2005-05-11,2005,0.01,32.67000000000007
2005-05-11,2005,0.015,32.67000000000007
2005-05-12,2005,0.0,17.470000000000255
2005-05-12,2005,0.005,17.470000000000255
2005-05-12,2005,0.0075,17.470000000000255
2005-05-12,2005,0.01,17.470000000000255
2005-05-12,2005,0.015,17.470000000000255
2005-05-13,2005,0.0,46.8799999999992
2005-05-13,2005,0.005,29.673000000000002
2005-05-13,2005,0.0075,44.5095
2005-05-13,2005,0.01,59.346000000000004
2005-05-13,2005,0.015,46.8799999999992
2005-05-16,2005,0.0,33.590000000000146
2005-05-16,2005,0.005,29.79735
2005-05-16,2005,0.0075,33.590000000000146
2005-05-16,2005,0.01,33.590000000000146
2005-05-16,2005,0.015,33.590000000000146
2005-05-17,2005,0.0,-31.86999999999989
2005-05-17,2005,0.005,-31.86999999999989
2005-05-17,2005,0.0075,-31.86999999999989
2005-05-17,2005,0.01,-31.86999999999989
2005-05-17,2005,0.015,-31.86999999999989
2005-05-18,2005,0.0,-3.180000000000291
2005-05-18,2005,0.005,-3.180000000000291
2005-05-18,2005,0.0075,-3.180000000000291
2005-05-18,2005,0.01,-3.180000000000291
2005-05-18,2005,0.015,-3.180000000000291
2005-05-19,2005,0.0,79.88000000000011
2005-05-19,2005,0.005,29.45415
2005-05-19,2005,0.0075,44.181225
2005-05-19,2005,0.01,58.9083
2005-05-19,2005,0.015,88.36245
2005-05-20,2005,0.0,-16.020000000000437
2005-05-20,2005,0.005,-16.020000000000437
2005-05-20,2005,0.0075,-16.020000000000437
2005-05-20,2005,0.01,-16.020000000000437
2005-05-20,2005,0.015,-16.020000000000437
2005-05-23,2005,0.0,-69.23999999999978
2005-05-23,2005,0.005,-69.23999999999978
2005-05-23,2005,0.0075,-69.23999999999978
2005-05-23,2005,0.01,-69.23999999999978
2005-05-23,2005,0.015,-69.23999999999978
2005-05-25,2005,0.0,-20.57000000000062
2005-05-25,2005,0.005,29.545500000000004
2005-05-25,2005,0.0075,44.31825
2005-05-25,2005,0.01,-20.57000000000062
2005-05-25,2005,0.015,-20.57000000000062
2005-05-26,2005,0.0,-50.89000000000033
2005-05-26,2005,0.005,-50.89000000000033
2005-05-26,2005,0.0075,-50.89000000000033
2005-05-26,2005,0.01,-50.89000000000033
2005-05-26,2005,0.015,-50.89000000000033
2005-05-27,2005,0.0,52.13000000000011
2005-05-27,2005,0.005,29.697100000000002
2005-05-27,2005,0.0075,44.54565
2005-05-27,2005,0.01,52.13000000000011
2005-05-27,2005,0.015,52.13000000000011
2005-06-02,2005,0.0,67.85999999999967
2005-06-02,2005,0.005,29.8581
2005-06-02,2005,0.0075,44.78715
2005-06-02,2005,0.01,59.7162
2005-06-02,2005,0.015,89.5743
2005-06-03,2005,0.0,68.47000000000025
2005-06-03,2005,0.005,30.1974
2005-06-03,2005,0.0075,45.296099999999996
2005-06-03,2005,0.01,60.3948
2005-06-03,2005,0.015,68.47000000000025
2005-06-06,2005,0.0,-29.61999999999989
2005-06-06,2005,0.005,-29.61999999999989
2005-06-06,2005,0.0075,-29.61999999999989
2005-06-06,2005,0.01,-29.61999999999989
2005-06-06,2005,0.015,-29.61999999999989
2005-06-08,2005,0.0,-55.86999999999989
2005-06-08,2005,0.005,-55.86999999999989
2005-06-08,2005,0.0075,-55.86999999999989
2005-06-08,2005,0.01,-55.86999999999989
2005-06-08,2005,0.015,-55.86999999999989
2005-06-09,2005,0.0,-15.739999999999782
2005-06-09,2005,0.005,-15.739999999999782
2005-06-09,2005,0.0075,-15.739999999999782
2005-06-09,2005,0.01,-15.739999999999782
2005-06-09,2005,0.015,-15.739999999999782
2005-06-10,2005,0.0,46.43000000000029
2005-06-10,2005,0.005,30.7296
2005-06-10,2005,0.0075,46.0944
2005-06-10,2005,0.01,46.43000000000029
2005-06-10,2005,0.015,46.43000000000029
2005-06-13,2005,0.0,-38.69999999999982
2005-06-13,2005,0.005,-38.69999999999982
2005-06-13,2005,0.0075,-38.69999999999982
2005-06-13,2005,0.01,-38.69999999999982
2005-06-13,2005,0.015,-38.69999999999982
2005-06-15,2005,0.0,-46.340000000000146
2005-06-15,2005,0.005,-46.340000000000146
2005-06-15,2005,0.0075,-46.340000000000146
2005-06-15,2005,0.01,-46.340000000000146
2005-06-15,2005,0.015,-46.340000000000146
2005-06-16,2005,0.0,30.30999999999949
2005-06-16,2005,0.005,31.260500000000004
2005-06-16,2005,0.0075,30.30999999999949
2005-06-16,2005,0.01,30.30999999999949
2005-06-16,2005,0.015,30.30999999999949
2005-06-17,2005,0.0,11.150000000000546
2005-06-17,2005,0.005,31.41205
2005-06-17,2005,0.0075,47.118075
2005-06-17,2005,0.01,62.8241
2005-06-17,2005,0.015,11.150000000000546
2005-06-20,2005,0.0,3.3299999999999272
2005-06-20,2005,0.005,3.3299999999999272
2005-06-20,2005,0.0075,3.3299999999999272
2005-06-20,2005,0.01,3.3299999999999272
2005-06-20,2005,0.015,3.3299999999999272
2005-06-22,2005,0.0,79.36999999999989
2005-06-22,2005,0.005,31.392300000000002
2005-06-22,2005,0.0075,47.08845
2005-06-22,2005,0.01,62.784600000000005
2005-06-22,2005,0.015,94.1769
2005-06-23,2005,0.0,16.029999999999745
2005-06-23,2005,0.005,31.78915
2005-06-23,2005,0.0075,16.029999999999745
2005-06-23,2005,0.01,16.029999999999745
2005-06-23,2005,0.015,16.029999999999745
2005-06-24,2005,0.0,-33.17000000000007
2005-06-24,2005,0.005,-33.17000000000007
2005-06-24,2005,0.0075,-33.17000000000007
2005-06-24,2005,0.01,-33.17000000000007
2005-06-24,2005,0.015,-33.17000000000007
2005-06-27,2005,0.0,37.69999999999982
2005-06-27,2005,0.005,31.70345
2005-06-27,2005,0.0075,47.555175
2005-06-27,2005,0.01,37.69999999999982
2005-06-27,2005,0.015,37.69999999999982
2005-06-28,2005,0.0,-13.850000000000364
2005-06-28,2005,0.005,-13.850000000000364
2005-06-28,2005,0.0075,-13.850000000000364
2005-06-28,2005,0.01,-13.850000000000364
2005-06-28,2005,0.015,-13.850000000000364
2005-06-29,2005,0.0,-85.19000000000051
2005-06-29,2005,0.005,31.584200000000003
2005-06-29,2005,0.0075,47.3763
2005-06-29,2005,0.01,-85.19000000000051
2005-06-29,2005,0.015,-85.19000000000051
2005-07-04,2005,0.0,-0.9400000000005093
2005-07-04,2005,0.005,-0.9400000000005093
2005-07-04,2005,0.0075,-0.9400000000005093
2005-07-04,2005,0.01,-0.9400000000005093
2005-07-04,2005,0.015,-0.9400000000005093
2005-07-05,2005,0.0,-39.159999999999854
2005-07-05,2005,0.005,-39.159999999999854
2005-07-05,2005,0.0075,-39.159999999999854
2005-07-05,2005,0.01,-39.159999999999854
2005-07-05,2005,0.015,-39.159999999999854
2005-07-06,2005,0.0,-9.989999999999782
2005-07-06,2005,0.005,-9.989999999999782
2005-07-06,2005,0.0075,-9.989999999999782
2005-07-06,2005,0.01,-9.989999999999782
2005-07-06,2005,0.015,-9.989999999999782
2005-07-07,2005,0.0,-9.449999999999818
2005-07-07,2005,0.005,-9.449999999999818
2005-07-07,2005,0.0075,-9.449999999999818
2005-07-07,2005,0.01,-9.449999999999818
2005-07-07,2005,0.015,-9.449999999999818
2005-07-08,2005,0.0,-11.200000000000728
2005-07-08,2005,0.005,-11.200000000000728
2005-07-08,2005,0.0075,-11.200000000000728
2005-07-08,2005,0.01,-11.200000000000728
2005-07-08,2005,0.015,-11.200000000000728
2005-07-11,2005,0.0,-33.089999999999236
2005-07-11,2005,0.005,-33.089999999999236
2005-07-11,2005,0.0075,-33.089999999999236
2005-07-11,2005,0.01,-33.089999999999236
2005-07-11,2005,0.015,-33.089999999999236
2005-07-12,2005,0.0,59.95000000000073
2005-07-12,2005,0.005,31.4943
2005-07-12,2005,0.0075,47.24144999999999
2005-07-12,2005,0.01,62.9886
2005-07-12,2005,0.015,59.95000000000073
2005-07-13,2005,0.0,18.279999999999745
2005-07-13,2005,0.005,31.794050000000002
2005-07-13,2005,0.0075,47.691075
2005-07-13,2005,0.01,18.279999999999745
2005-07-13,2005,0.015,18.279999999999745
2005-07-14,2005,0.0,41.26000000000022
2005-07-14,2005,0.005,31.885450000000002
2005-07-14,2005,0.0075,47.828175
2005-07-14,2005,0.01,41.26000000000022
2005-07-14,2005,0.015,41.26000000000022
2005-07-15,2005,0.0,-7.760000000000218
2005-07-15,2005,0.005,32.091750000000005
2005-07-15,2005,0.0075,-7.760000000000218
2005-07-15,2005,0.01,-7.760000000000218
2005-07-15,2005,0.015,-7.760000000000218
2005-07-20,2005,0.0,7.470000000000255
2005-07-20,2005,0.005,32.0817
2005-07-20,2005,0.0075,48.12255
2005-07-20,2005,0.01,64.1634
2005-07-20,2005,0.015,7.470000000000255
2005-07-21,2005,0.0,-29.780000000000655
2005-07-21,2005,0.005,32.11905
2005-07-21,2005,0.0075,48.178575
2005-07-21,2005,0.01,-29.780000000000655
2005-07-21,2005,0.015,-29.780000000000655
2005-07-22,2005,0.0,13.300000000000182
2005-07-22,2005,0.005,13.300000000000182
2005-07-22,2005,0.0075,13.300000000000182
2005-07-22,2005,0.01,13.300000000000182
2005-07-22,2005,0.015,13.300000000000182
2005-07-25,2005,0.0,39.720000000000255
2005-07-25,2005,0.005,31.90365
2005-07-25,2005,0.0075,47.855475
2005-07-25,2005,0.01,39.720000000000255
2005-07-25,2005,0.015,39.720000000000255
2005-07-27,2005,0.0,-38.909999999999854
2005-07-27,2005,0.005,-38.909999999999854
2005-07-27,2005,0.0075,-38.909999999999854
2005-07-27,2005,0.01,-38.909999999999854
2005-07-27,2005,0.015,-38.909999999999854
2005-07-29,2005,0.0,-63.660000000000764
2005-07-29,2005,0.005,31.878200000000003
2005-07-29,2005,0.0075,-63.660000000000764
2005-07-29,2005,0.01,-63.660000000000764
2005-07-29,2005,0.015,-63.660000000000764
2005-08-01,2005,0.0,-4.049999999999272
2005-08-01,2005,0.005,-4.049999999999272
2005-08-01,2005,0.0075,-4.049999999999272
2005-08-01,2005,0.01,-4.049999999999272
2005-08-01,2005,0.015,-4.049999999999272
2005-08-03,2005,0.0,-44.590000000000146
2005-08-03,2005,0.005,-44.590000000000146
2005-08-03,2005,0.0075,-44.590000000000146
2005-08-03,2005,0.01,-44.590000000000146
2005-08-03,2005,0.015,-44.590000000000146
2005-08-09,2005,0.0,0.02999999999974534
2005-08-09,2005,0.005,0.02999999999974534
2005-08-09,2005,0.0075,0.02999999999974534
2005-08-09,2005,0.01,0.02999999999974534
2005-08-09,2005,0.015,0.02999999999974534
2005-08-10,2005,0.0,-23.159999999999854
2005-08-10,2005,0.005,31.900000000000002
2005-08-10,2005,0.0075,47.85
2005-08-10,2005,0.01,-23.159999999999854
2005-08-10,2005,0.015,-23.159999999999854
2005-08-11,2005,0.0,3.130000000000109
2005-08-11,2005,0.005,3.130000000000109
2005-08-11,2005,0.0075,3.130000000000109
2005-08-11,2005,0.01,3.130000000000109
2005-08-11,2005,0.015,3.130000000000109
2005-08-12,2005,0.0,-2.8100000000004
2005-08-12,2005,0.005,31.76855
2005-08-12,2005,0.0075,-2.8100000000004
2005-08-12,2005,0.01,-2.8100000000004
2005-08-12,2005,0.015,-2.8100000000004
2005-08-15,2005,0.0,105.76999999999953
2005-08-15,2005,0.005,31.7545
2005-08-15,2005,0.0075,47.63175
2005-08-15,2005,0.01,63.509
2005-08-15,2005,0.015,95.2635
2005-08-16,2005,0.0,-2.730000000000473
2005-08-16,2005,0.005,-2.730000000000473
2005-08-16,2005,0.0075,-2.730000000000473
2005-08-16,2005,0.01,-2.730000000000473
2005-08-16,2005,0.015,-2.730000000000473
2005-08-18,2005,0.0,-36.82999999999993
2005-08-18,2005,0.005,-36.82999999999993
2005-08-18,2005,0.0075,-36.82999999999993
2005-08-18,2005,0.01,-36.82999999999993
2005-08-18,2005,0.015,-36.82999999999993
2005-08-22,2005,0.0,47.710000000000036
2005-08-22,2005,0.005,30.7947
2005-08-22,2005,0.0075,46.192049999999995
2005-08-22,2005,0.01,47.710000000000036
2005-08-22,2005,0.015,47.710000000000036
2005-08-23,2005,0.0,-11.469999999999345
2005-08-23,2005,0.005,-11.469999999999345
2005-08-23,2005,0.0075,-11.469999999999345
2005-08-23,2005,0.01,-11.469999999999345
2005-08-23,2005,0.015,-11.469999999999345
2005-08-26,2005,0.0,26.890000000000327
2005-08-26,2005,0.005,30.5483
2005-08-26,2005,0.0075,26.890000000000327
2005-08-26,2005,0.01,26.890000000000327
2005-08-26,2005,0.015,26.890000000000327
2005-08-30,2005,0.0,-17.31999999999971
2005-08-30,2005,0.005,30.2472
2005-08-30,2005,0.0075,-17.31999999999971
2005-08-30,2005,0.01,-17.31999999999971
2005-08-30,2005,0.015,-17.31999999999971
2005-09-02,2005,0.0,-82.57999999999993
2005-09-02,2005,0.005,-82.57999999999993
2005-09-02,2005,0.0075,-82.57999999999993
2005-09-02,2005,0.01,-82.57999999999993
2005-09-02,2005,0.015,-82.57999999999993
2005-09-07,2005,0.0,1.0
2005-09-07,2005,0.005,1.0
2005-09-07,2005,0.0075,1.0
2005-09-07,2005,0.01,1.0
2005-09-07,2005,0.015,1.0
2005-09-09,2005,0.0,-30.81999999999971
2005-09-09,2005,0.005,-30.81999999999971
2005-09-09,2005,0.0075,-30.81999999999971
2005-09-09,2005,0.01,-30.81999999999971
2005-09-09,2005,0.015,-30.81999999999971
2005-09-12,2005,0.0,45.91999999999916
2005-09-12,2005,0.005,30.5953
2005-09-12,2005,0.0075,45.89295
2005-09-12,2005,0.01,45.91999999999916
2005-09-12,2005,0.015,45.91999999999916
2005-09-14,2005,0.0,-20.38000000000011
2005-09-14,2005,0.005,-20.38000000000011
2005-09-14,2005,0.0075,-20.38000000000011
2005-09-14,2005,0.01,-20.38000000000011
2005-09-14,2005,0.015,-20.38000000000011
2005-09-19,2005,0.0,4.350000000000364
2005-09-19,2005,0.005,4.350000000000364
2005-09-19,2005,0.0075,4.350000000000364
2005-09-19,2005,0.01,4.350000000000364
2005-09-19,2005,0.015,4.350000000000364
2005-09-20,2005,0.0,-69.76000000000022
2005-09-20,2005,0.005,30.177950000000003
2005-09-20,2005,0.0075,-69.76000000000022
2005-09-20,2005,0.01,-69.76000000000022
2005-09-20,2005,0.015,-69.76000000000022
2005-09-22,2005,0.0,95.27999999999975
2005-09-22,2005,0.005,30.3367
2005-09-22,2005,0.0075,45.50505
2005-09-22,2005,0.01,60.6734
2005-09-22,2005,0.015,91.0101
2005-09-26,2005,0.0,4.6599999999998545
2005-09-26,2005,0.005,29.6277
2005-09-26,2005,0.0075,44.44155
2005-09-26,2005,0.01,4.6599999999998545
2005-09-26,2005,0.015,4.6599999999998545
2005-09-27,2005,0.0,14.850000000000364
2005-09-27,2005,0.005,29.651
2005-09-27,2005,0.0075,14.850000000000364
2005-09-27,2005,0.01,14.850000000000364
2005-09-27,2005,0.015,14.850000000000364
2005-09-28,2005,0.0,13.670000000000073
2005-09-28,2005,0.005,29.725250000000003
2005-09-28,2005,0.0075,13.670000000000073
2005-09-28,2005,0.01,13.670000000000073
2005-09-28,2005,0.015,13.670000000000073
2005-09-29,2005,0.0,78.60999999999967
2005-09-29,2005,0.005,29.6569
2005-09-29,2005,0.0075,44.48535
2005-09-29,2005,0.01,59.3138
2005-09-29,2005,0.015,78.60999999999967
2005-09-30,2005,0.0,108.61999999999989
2005-09-30,2005,0.005,30.04995
2005-09-30,2005,0.0075,45.07492499999999
2005-09-30,2005,0.01,60.0999
2005-09-30,2005,0.015,90.14984999999999
2005-10-03,2005,0.0,5.3100000000004
2005-10-03,2005,0.005,5.3100000000004
2005-10-03,2005,0.0075,5.3100000000004
2005-10-03,2005,0.01,5.3100000000004
2005-10-03,2005,0.015,5.3100000000004
2005-10-04,2005,0.0,18.199999999999818
2005-10-04,2005,0.005,30.619600000000002
2005-10-04,2005,0.0075,18.199999999999818
2005-10-04,2005,0.01,18.199999999999818
2005-10-04,2005,0.015,18.199999999999818
2005-10-05,2005,0.0,7.109999999999673
2005-10-05,2005,0.005,7.109999999999673
2005-10-05,2005,0.0075,7.109999999999673
2005-10-05,2005,0.01,7.109999999999673
2005-10-05,2005,0.015,7.109999999999673
2005-10-06,2005,0.0,39.19999999999982
2005-10-06,2005,0.005,30.675050000000002
2005-10-06,2005,0.0075,46.012575
2005-10-06,2005,0.01,39.19999999999982
2005-10-06,2005,0.015,39.19999999999982
2005-10-07,2005,0.0,13.970000000000255
2005-10-07,2005,0.005,13.970000000000255
2005-10-07,2005,0.0075,13.970000000000255
2005-10-07,2005,0.01,13.970000000000255
2005-10-07,2005,0.015,13.970000000000255
2005-10-12,2005,0.0,79.19000000000051
2005-10-12,2005,0.005,30.33295
2005-10-12,2005,0.0075,45.499425
2005-10-12,2005,0.01,60.6659
2005-10-12,2005,0.015,79.19000000000051
2005-10-14,2005,0.0,35.99000000000069
2005-10-14,2005,0.005,30.0253
2005-10-14,2005,0.0075,35.99000000000069
2005-10-14,2005,0.01,35.99000000000069
2005-10-14,2005,0.015,35.99000000000069
2005-10-18,2005,0.0,4.519999999999527
2005-10-18,2005,0.005,29.13135
2005-10-18,2005,0.0075,4.519999999999527
2005-10-18,2005,0.01,4.519999999999527
2005-10-18,2005,0.015,4.519999999999527
2005-10-19,2005,0.0,136.6300000000001
2005-10-19,2005,0.005,29.153950000000002
2005-10-19,2005,0.0075,43.730925
2005-10-19,2005,0.01,58.307900000000004
2005-10-19,2005,0.015,87.46185
2005-10-20,2005,0.0,53.840000000000146
2005-10-20,2005,0.005,28.4708
2005-10-20,2005,0.0075,42.706199999999995
2005-10-20,2005,0.01,56.9416
2005-10-20,2005,0.015,53.840000000000146
2005-10-21,2005,0.0,-9.239999999999782
2005-10-21,2005,0.005,-9.239999999999782
2005-10-21,2005,0.0075,-9.239999999999782
2005-10-21,2005,0.01,-9.239999999999782
2005-10-21,2005,0.015,-9.239999999999782
2005-10-24,2005,0.0,-21.480000000000473
2005-10-24,2005,0.005,-21.480000000000473
2005-10-24,2005,0.0075,-21.480000000000473
2005-10-24,2005,0.01,-21.480000000000473
2005-10-24,2005,0.015,-21.480000000000473
2005-10-25,2005,0.0,4.030000000000655
2005-10-25,2005,0.005,28.586399999999998
2005-10-25,2005,0.0075,42.879599999999996
2005-10-25,2005,0.01,57.172799999999995
2005-10-25,2005,0.015,85.75919999999999
2005-10-26,2005,0.0,20.590000000000146
2005-10-26,2005,0.005,28.606550000000002
2005-10-26,2005,0.0075,42.909825
2005-10-26,2005,0.01,20.590000000000146
2005-10-26,2005,0.015,20.590000000000146
2005-11-01,2005,0.0,34.10999999999967
2005-11-01,2005,0.005,28.8215
2005-11-01,2005,0.0075,43.23225
2005-11-01,2005,0.01,57.643
2005-11-01,2005,0.015,34.10999999999967
2005-11-03,2005,0.0,27.88000000000011
2005-11-03,2005,0.005,29.429450000000003
2005-11-03,2005,0.0075,27.88000000000011
2005-11-03,2005,0.01,27.88000000000011
2005-11-03,2005,0.015,27.88000000000011
2005-11-04,2005,0.0,53.72999999999956
2005-11-04,2005,0.005,29.29005
2005-11-04,2005,0.0075,43.935075
2005-11-04,2005,0.01,58.5801
2005-11-04,2005,0.015,53.72999999999956
2005-11-07,2005,0.0,-51.349999999999454
2005-11-07,2005,0.005,-51.349999999999454
2005-11-07,2005,0.0075,-51.349999999999454
2005-11-07,2005,0.01,-51.349999999999454
2005-11-07,2005,0.015,-51.349999999999454
2005-11-08,2005,0.0,-10.760000000000218
2005-11-08,2005,0.005,-10.760000000000218
2005-11-08,2005,0.0075,-10.760000000000218
2005-11-08,2005,0.01,-10.760000000000218
2005-11-08,2005,0.015,-10.760000000000218
2005-11-10,2005,0.0,17.30999999999949
2005-11-10,2005,0.005,29.855300000000003
2005-11-10,2005,0.0075,44.78295
2005-11-10,2005,0.01,17.30999999999949
2005-11-10,2005,0.015,17.30999999999949
2005-11-11,2005,0.0,86.89000000000033
2005-11-11,2005,0.005,29.94185
2005-11-11,2005,0.0075,44.912774999999996
2005-11-11,2005,0.01,59.8837
2005-11-11,2005,0.015,86.89000000000033
2005-11-15,2005,0.0,-52.88000000000011
2005-11-15,2005,0.005,-52.88000000000011
2005-11-15,2005,0.0075,-52.88000000000011
2005-11-15,2005,0.01,-52.88000000000011
2005-11-15,2005,0.015,-52.88000000000011
2005-11-18,2005,0.0,85.80000000000018
2005-11-18,2005,0.005,30.104699999999998
2005-11-18,2005,0.0075,45.15705
2005-11-18,2005,0.01,60.209399999999995
2005-11-18,2005,0.015,90.3141
2005-11-21,2005,0.0,31.550000000000182
2005-11-21,2005,0.005,30.674850000000003
2005-11-21,2005,0.0075,31.550000000000182
2005-11-21,2005,0.01,31.550000000000182
2005-11-21,2005,0.015,31.550000000000182
2005-11-22,2005,0.0,-44.23000000000047
2005-11-22,2005,0.005,-44.23000000000047
2005-11-22,2005,0.0075,-44.23000000000047
2005-11-22,2005,0.01,-44.23000000000047
2005-11-22,2005,0.015,-44.23000000000047
2005-11-23,2005,0.0,64.33000000000084
2005-11-23,2005,0.005,30.295949999999998
2005-11-23,2005,0.0075,45.44392499999999
2005-11-23,2005,0.01,60.591899999999995
2005-11-23,2005,0.015,64.33000000000084
2005-11-28,2005,0.0,75.64000000000033
2005-11-28,2005,0.005,30.641
2005-11-28,2005,0.0075,45.961499999999994
2005-11-28,2005,0.01,61.282
2005-11-28,2005,0.015,75.64000000000033
2005-11-29,2005,0.0,64.32999999999993
2005-11-29,2005,0.005,31.0192
2005-11-29,2005,0.0075,46.5288
2005-11-29,2005,0.01,62.0384
2005-11-29,2005,0.015,64.32999999999993
2005-12-01,2005,0.0,-23.650000000000546
2005-12-01,2005,0.005,-23.650000000000546
2005-12-01,2005,0.0075,-23.650000000000546
2005-12-01,2005,0.01,-23.650000000000546
2005-12-01,2005,0.015,-23.650000000000546
2005-12-02,2005,0.0,-6.260000000000218
2005-12-02,2005,0.005,-6.260000000000218
2005-12-02,2005,0.0075,-6.260000000000218
2005-12-02,2005,0.01,-6.260000000000218
2005-12-02,2005,0.015,-6.260000000000218
2005-12-05,2005,0.0,119.36000000000058
2005-12-05,2005,0.005,31.14475
2005-12-05,2005,0.0075,46.717124999999996
2005-12-05,2005,0.01,62.2895
2005-12-05,2005,0.015,93.43424999999999
2005-12-06,2005,0.0,-2.2100000000000364
2005-12-06,2005,0.005,-2.2100000000000364
2005-12-06,2005,0.0075,-2.2100000000000364
2005-12-06,2005,0.01,-2.2100000000000364
2005-12-06,2005,0.015,-2.2100000000000364
2005-12-07,2005,0.0,-21.0
2005-12-07,2005,0.005,-21.0
2005-12-07,2005,0.0075,-21.0
2005-12-07,2005,0.01,-21.0
2005-12-07,2005,0.015,-21.0
2005-12-08,2005,0.0,80.33000000000084
2005-12-08,2005,0.005,31.647600000000004
2005-12-08,2005,0.0075,47.4714
2005-12-08,2005,0.01,63.29520000000001
2005-12-08,2005,0.015,94.9428
2005-12-09,2005,0.0,-15.170000000000073
2005-12-09,2005,0.005,-15.170000000000073
2005-12-09,2005,0.0075,-15.170000000000073
2005-12-09,2005,0.01,-15.170000000000073
2005-12-09,2005,0.015,-15.170000000000073
2005-12-12,2005,0.0,1.930000000000291
2005-12-12,2005,0.005,1.930000000000291
2005-12-12,2005,0.0075,1.930000000000291
2005-12-12,2005,0.01,1.930000000000291
2005-12-12,2005,0.015,1.930000000000291
2005-12-13,2005,0.0,-5.109999999999673
2005-12-13,2005,0.005,-5.109999999999673
2005-12-13,2005,0.0075,-5.109999999999673
2005-12-13,2005,0.01,-5.109999999999673
2005-12-13,2005,0.015,-5.109999999999673
2005-12-14,2005,0.0,-25.829999999999927
2005-12-14,2005,0.005,-25.829999999999927
2005-12-14,2005,0.0075,-25.829999999999927
2005-12-14,2005,0.01,-25.829999999999927
2005-12-14,2005,0.015,-25.829999999999927
2005-12-21,2005,0.0,44.05000000000018
2005-12-21,2005,0.005,32.1392
2005-12-21,2005,0.0075,48.2088
2005-12-21,2005,0.01,44.05000000000018
2005-12-21,2005,0.015,44.05000000000018
2005-12-23,2005,0.0,95.43000000000029
2005-12-23,2005,0.005,32.086
2005-12-23,2005,0.0075,48.129
2005-12-23,2005,0.01,64.172
2005-12-23,2005,0.015,96.258
2005-12-26,2005,0.0,22.140000000000327
2005-12-26,2005,0.005,32.56315
2005-12-26,2005,0.0075,48.844725
2005-12-26,2005,0.01,22.140000000000327
2005-12-26,2005,0.015,22.140000000000327
2005-12-27,2005,0.0,-3.180000000000291
2005-12-27,2005,0.005,32.67385
2005-12-27,2005,0.0075,-3.180000000000291
2005-12-27,2005,0.01,-3.180000000000291
2005-12-27,2005,0.015,-3.180000000000291
2005-12-28,2005,0.0,7.190000000000509
2005-12-28,2005,0.005,32.65795
2005-12-28,2005,0.0075,48.986925
2005-12-28,2005,0.01,7.190000000000509
2005-12-28,2005,0.015,7.190000000000509
2005-12-29,2005,0.0,51.13000000000011
2005-12-29,2005,0.005,32.622
2005-12-29,2005,0.0075,48.93299999999999
2005-12-29,2005,0.01,65.244
2005-12-29,2005,0.015,51.13000000000011
2006-01-04,2006,0.0,-7.369999999999891
2006-01-04,2006,0.005,-7.369999999999891
2006-01-04,2006,0.0075,-7.369999999999891
2006-01-04,2006,0.01,-7.369999999999891
2006-01-04,2006,0.015,-7.369999999999891
2006-01-05,2006,0.0,93.43000000000029
2006-01-05,2006,0.005,33.0822
2006-01-05,2006,0.0075,49.62329999999999
2006-01-05,2006,0.01,66.1644
2006-01-05,2006,0.015,99.24659999999999
2006-01-06,2006,0.0,29.74000000000069
2006-01-06,2006,0.005,33.622800000000005
2006-01-06,2006,0.0075,29.74000000000069
2006-01-06,2006,0.01,29.74000000000069
2006-01-06,2006,0.015,29.74000000000069
2006-01-09,2006,0.0,-21.710000000000036
2006-01-09,2006,0.005,-21.710000000000036
2006-01-09,2006,0.0075,-21.710000000000036
2006-01-09,2006,0.01,-21.710000000000036
2006-01-09,2006,0.015,-21.710000000000036
2006-01-10,2006,0.0,-34.99000000000069
2006-01-10,2006,0.005,-34.99000000000069
2006-01-10,2006,0.0075,-34.99000000000069
2006-01-10,2006,0.01,-34.99000000000069
2006-01-10,2006,0.015,-34.99000000000069
2006-01-11,2006,0.0,28.49000000000069
2006-01-11,2006,0.005,33.537
2006-01-11,2006,0.0075,28.49000000000069
2006-01-11,2006,0.01,28.49000000000069
2006-01-11,2006,0.015,28.49000000000069
2006-01-12,2006,0.0,-10.280000000000655
2006-01-12,2006,0.005,33.67945
2006-01-12,2006,0.0075,50.519175
2006-01-12,2006,0.01,-10.280000000000655
2006-01-12,2006,0.015,-10.280000000000655
2006-01-13,2006,0.0,43.25999999999931
2006-01-13,2006,0.005,33.62805
2006-01-13,2006,0.0075,50.442074999999996
2006-01-13,2006,0.01,43.25999999999931
2006-01-13,2006,0.015,43.25999999999931
2006-01-18,2006,0.0,212.1199999999999
2006-01-18,2006,0.005,33.5552
2006-01-18,2006,0.0075,50.3328
2006-01-18,2006,0.01,67.1104
2006-01-18,2006,0.015,100.6656
2006-01-19,2006,0.0,13.36999999999989
2006-01-19,2006,0.005,32.4946
2006-01-19,2006,0.0075,13.36999999999989
2006-01-19,2006,0.01,13.36999999999989
2006-01-19,2006,0.015,13.36999999999989
2006-01-20,2006,0.0,47.60999999999967
2006-01-20,2006,0.005,32.6712
2006-01-20,2006,0.0075,49.0068
2006-01-20,2006,0.01,47.60999999999967
2006-01-20,2006,0.015,47.60999999999967
2006-01-24,2006,0.0,69.96999999999935
2006-01-24,2006,0.005,31.909850000000002
2006-01-24,2006,0.0075,47.864775
2006-01-24,2006,0.01,63.819700000000005
2006-01-24,2006,0.015,95.72955
2006-01-25,2006,0.0,80.24000000000069
2006-01-25,2006,0.005,32.259699999999995
2006-01-25,2006,0.0075,48.38954999999999
2006-01-25,2006,0.01,64.51939999999999
2006-01-25,2006,0.015,80.24000000000069
2006-02-03,2006,0.0,-62.42000000000007
2006-02-03,2006,0.005,-62.42000000000007
2006-02-03,2006,0.0075,-62.42000000000007
2006-02-03,2006,0.01,-62.42000000000007
2006-02-03,2006,0.015,-62.42000000000007
2006-02-06,2006,0.0,-125.35999999999967
2006-02-06,2006,0.005,32.973
2006-02-06,2006,0.0075,49.4595
2006-02-06,2006,0.01,-125.35999999999967
2006-02-06,2006,0.015,-125.35999999999967
2006-02-07,2006,0.0,11.199999999999818
2006-02-07,2006,0.005,11.199999999999818
2006-02-07,2006,0.0075,11.199999999999818
2006-02-07,2006,0.01,11.199999999999818
2006-02-07,2006,0.015,11.199999999999818
2006-02-08,2006,0.0,-95.97000000000025
2006-02-08,2006,0.005,-95.97000000000025
2006-02-08,2006,0.0075,-95.97000000000025
2006-02-08,2006,0.01,-95.97000000000025
2006-02-08,2006,0.015,-95.97000000000025
2006-02-09,2006,0.0,6.020000000000437
2006-02-09,2006,0.005,33.12055
2006-02-09,2006,0.0075,49.680825
2006-02-09,2006,0.01,66.2411
2006-02-09,2006,0.015,6.020000000000437
2006-02-13,2006,0.0,32.63000000000011
2006-02-13,2006,0.005,32.9746
2006-02-13,2006,0.0075,32.63000000000011
2006-02-13,2006,0.01,32.63000000000011
2006-02-13,2006,0.015,32.63000000000011
2006-02-14,2006,0.0,-50.68000000000029
2006-02-14,2006,0.005,-50.68000000000029
2006-02-14,2006,0.0075,-50.68000000000029
2006-02-14,2006,0.01,-50.68000000000029
2006-02-14,2006,0.015,-50.68000000000029
2006-02-15,2006,0.0,-14.480000000000473
2006-02-15,2006,0.005,33.06485
2006-02-15,2006,0.0075,-14.480000000000473
2006-02-15,2006,0.01,-14.480000000000473
2006-02-15,2006,0.015,-14.480000000000473
2006-02-16,2006,0.0,85.44000000000051
2006-02-16,2006,0.005,32.99245
2006-02-16,2006,0.0075,49.48867499999999
2006-02-16,2006,0.01,65.9849
2006-02-16,2006,0.015,98.97734999999999
2006-02-17,2006,0.0,-10.180000000000291
2006-02-17,2006,0.005,33.419650000000004
2006-02-17,2006,0.0075,-10.180000000000291
2006-02-17,2006,0.01,-10.180000000000291
2006-02-17,2006,0.015,-10.180000000000291
2006-02-20,2006,0.0,-12.800000000000182
2006-02-20,2006,0.005,33.36875
2006-02-20,2006,0.0075,-12.800000000000182
2006-02-20,2006,0.01,-12.800000000000182
2006-02-20,2006,0.015,-12.800000000000182
2006-02-21,2006,0.0,55.039999999999964
2006-02-21,2006,0.005,33.43275
2006-02-21,2006,0.0075,50.149125
2006-02-21,2006,0.01,55.039999999999964
2006-02-21,2006,0.015,55.039999999999964
2006-02-23,2006,0.0,-56.01000000000022
2006-02-23,2006,0.005,-56.01000000000022
2006-02-23,2006,0.0075,-56.01000000000022
2006-02-23,2006,0.01,-56.01000000000022
2006-02-23,2006,0.015,-56.01000000000022
2006-02-24,2006,0.0,-63.530000000000655
2006-02-24,2006,0.005,-63.530000000000655
2006-02-24,2006,0.0075,-63.530000000000655
2006-02-24,2006,0.01,-63.530000000000655
2006-02-24,2006,0.015,-63.530000000000655
2006-02-27,2006,0.0,23.409999999999854
2006-02-27,2006,0.005,23.409999999999854
2006-02-27,2006,0.0075,23.409999999999854
2006-02-27,2006,0.01,23.409999999999854
2006-02-27,2006,0.015,23.409999999999854
2006-03-02,2006,0.0,25.25
2006-03-02,2006,0.005,25.25
2006-03-02,2006,0.0075,25.25
2006-03-02,2006,0.01,25.25
2006-03-02,2006,0.015,25.25
2006-03-03,2006,0.0,-89.30000000000018
2006-03-03,2006,0.005,-89.30000000000018
2006-03-03,2006,0.0075,-89.30000000000018
2006-03-03,2006,0.01,-89.30000000000018
2006-03-03,2006,0.015,-89.30000000000018
2006-03-06,2006,0.0,-22.11999999999989
2006-03-06,2006,0.005,-22.11999999999989
2006-03-06,2006,0.0075,-22.11999999999989
2006-03-06,2006,0.01,-22.11999999999989
2006-03-06,2006,0.015,-22.11999999999989
2006-03-07,2006,0.0,81.63000000000011
2006-03-07,2006,0.005,32.8789
2006-03-07,2006,0.0075,49.318349999999995
2006-03-07,2006,0.01,65.7578
2006-03-07,2006,0.015,81.63000000000011
2006-03-10,2006,0.0,-4.210000000000036
2006-03-10,2006,0.005,-4.210000000000036
2006-03-10,2006,0.0075,-4.210000000000036
2006-03-10,2006,0.01,-4.210000000000036
2006-03-10,2006,0.015,-4.210000000000036
2006-03-15,2006,0.0,-20.889999999999418
2006-03-15,2006,0.005,-20.889999999999418
2006-03-15,2006,0.0075,-20.889999999999418
2006-03-15,2006,0.01,-20.889999999999418
2006-03-15,2006,0.015,-20.889999999999418
2006-03-16,2006,0.0,-13.720000000000255
2006-03-16,2006,0.005,32.5935
2006-03-16,2006,0.0075,48.890249999999995
2006-03-16,2006,0.01,65.187
2006-03-16,2006,0.015,-13.720000000000255
2006-03-20,2006,0.0,-12.049999999999272
2006-03-20,2006,0.005,32.642849999999996
2006-03-20,2006,0.0075,-12.049999999999272
2006-03-20,2006,0.01,-12.049999999999272
2006-03-20,2006,0.015,-12.049999999999272
2006-03-21,2006,0.0,-58.49000000000069
2006-03-21,2006,0.005,-58.49000000000069
2006-03-21,2006,0.0075,-58.49000000000069
2006-03-21,2006,0.01,-58.49000000000069
2006-03-21,2006,0.015,-58.49000000000069
2006-03-23,2006,0.0,-26.659999999999854
2006-03-23,2006,0.005,-26.659999999999854
2006-03-23,2006,0.0075,-26.659999999999854
2006-03-23,2006,0.01,-26.659999999999854
2006-03-23,2006,0.015,-26.659999999999854
2006-03-24,2006,0.0,12.019999999999527
2006-03-24,2006,0.005,31.823000000000004
2006-03-24,2006,0.0075,12.019999999999527
2006-03-24,2006,0.01,12.019999999999527
2006-03-24,2006,0.015,12.019999999999527
2006-03-27,2006,0.0,45.23000000000047
2006-03-27,2006,0.005,31.8831
2006-03-27,2006,0.0075,47.82465
2006-03-27,2006,0.01,45.23000000000047
2006-03-27,2006,0.015,45.23000000000047
2006-03-30,2006,0.0,-7.25
2006-03-30,2006,0.005,32.694050000000004
2006-03-30,2006,0.0075,-7.25
2006-03-30,2006,0.01,-7.25
2006-03-30,2006,0.015,-7.25
2006-04-03,2006,0.0,-46.789999999999964
2006-04-03,2006,0.005,-46.789999999999964
2006-04-03,2006,0.0075,-46.789999999999964
2006-04-03,2006,0.01,-46.789999999999964
2006-04-03,2006,0.015,-46.789999999999964
2006-04-04,2006,0.0,4.8400000000001455
2006-04-04,2006,0.005,4.8400000000001455
2006-04-04,2006,0.0075,4.8400000000001455
2006-04-04,2006,0.01,4.8400000000001455
2006-04-04,2006,0.015,4.8400000000001455
2006-04-06,2006,0.0,-36.409999999999854
2006-04-06,2006,0.005,-36.409999999999854
2006-04-06,2006,0.0075,-36.409999999999854
2006-04-06,2006,0.01,-36.409999999999854
2006-04-06,2006,0.015,-36.409999999999854
2006-04-07,2006,0.0,21.11999999999989
2006-04-07,2006,0.005,33.8041
2006-04-07,2006,0.0075,21.11999999999989
2006-04-07,2006,0.01,21.11999999999989
2006-04-07,2006,0.015,21.11999999999989
2006-04-10,2006,0.0,1.2999999999992724
2006-04-10,2006,0.005,1.2999999999992724
2006-04-10,2006,0.0075,1.2999999999992724
2006-04-10,2006,0.01,1.2999999999992724
2006-04-10,2006,0.015,1.2999999999992724
2006-04-12,2006,0.0,-51.32999999999993
2006-04-12,2006,0.005,33.78585
2006-04-12,2006,0.0075,-51.32999999999993
2006-04-12,2006,0.01,-51.32999999999993
2006-04-12,2006,0.015,-51.32999999999993
2006-04-13,2006,0.0,47.23999999999978
2006-04-13,2006,0.005,34.042500000000004
2006-04-13,2006,0.0075,51.06375
2006-04-13,2006,0.01,47.23999999999978
2006-04-13,2006,0.015,47.23999999999978
2006-04-14,2006,0.0,96.80000000000018
2006-04-14,2006,0.005,34.2787
2006-04-14,2006,0.0075,51.418049999999994
2006-04-14,2006,0.01,68.5574
2006-04-14,2006,0.015,96.80000000000018
2006-04-17,2006,0.0,47.55000000000018
2006-04-17,2006,0.005,34.7627
2006-04-17,2006,0.0075,52.14405
2006-04-17,2006,0.01,47.55000000000018
2006-04-17,2006,0.015,47.55000000000018
2006-04-18,2006,0.0,10.63000000000011
2006-04-18,2006,0.005,35.00045
2006-04-18,2006,0.0075,52.500675
2006-04-18,2006,0.01,70.0009
2006-04-18,2006,0.015,10.63000000000011
2006-04-19,2006,0.0,33.36000000000058
2006-04-19,2006,0.005,33.36000000000058
2006-04-19,2006,0.0075,33.36000000000058
2006-04-19,2006,0.01,33.36000000000058
2006-04-19,2006,0.015,33.36000000000058
2006-04-20,2006,0.0,63.960000000000036
2006-04-20,2006,0.005,35.1939
2006-04-20,2006,0.0075,52.79085
2006-04-20,2006,0.01,63.960000000000036
2006-04-20,2006,0.015,63.960000000000036
2006-04-21,2006,0.0,-9.6899999999996
2006-04-21,2006,0.005,35.5137
2006-04-21,2006,0.0075,53.27054999999999
2006-04-21,2006,0.01,-9.6899999999996
2006-04-21,2006,0.015,-9.6899999999996
2006-04-26,2006,0.0,109.03999999999996
2006-04-26,2006,0.005,35.2997
2006-04-26,2006,0.0075,52.949549999999995
2006-04-26,2006,0.01,70.5994
2006-04-26,2006,0.015,105.89909999999999
2006-04-28,2006,0.0,35.5600000000004
2006-04-28,2006,0.005,35.68105
2006-04-28,2006,0.0075,35.5600000000004
2006-04-28,2006,0.01,35.5600000000004
2006-04-28,2006,0.015,35.5600000000004
2006-05-03,2006,0.0,42.76999999999953
2006-05-03,2006,0.005,35.998000000000005
2006-05-03,2006,0.0075,53.997
2006-05-03,2006,0.01,42.76999999999953
2006-05-03,2006,0.015,42.76999999999953
2006-05-04,2006,0.0,102.67000000000007
2006-05-04,2006,0.005,36.21185
2006-05-04,2006,0.0075,54.317775
2006-05-04,2006,0.01,72.4237
2006-05-04,2006,0.015,108.63555
2006-05-05,2006,0.0,25.399999999999636
2006-05-05,2006,0.005,36.7252
2006-05-05,2006,0.0075,55.087799999999994
2006-05-05,2006,0.01,73.4504
2006-05-05,2006,0.015,110.17559999999999
2006-05-08,2006,0.0,103.61000000000058
2006-05-08,2006,0.005,36.852199999999996
2006-05-08,2006,0.0075,55.278299999999994
2006-05-08,2006,0.01,73.70439999999999
2006-05-08,2006,0.015,103.61000000000058
2006-05-10,2006,0.0,64.22999999999956
2006-05-10,2006,0.005,36.9447
2006-05-10,2006,0.0075,55.417049999999996
2006-05-10,2006,0.01,73.8894
2006-05-10,2006,0.015,110.83409999999999
2006-05-18,2006,0.0,82.80000000000018
2006-05-18,2006,0.005,35.58415
2006-05-18,2006,0.0075,53.376225
2006-05-18,2006,0.01,71.1683
2006-05-18,2006,0.015,106.75245
2006-05-22,2006,0.0,142.17999999999938
2006-05-22,2006,0.005,35.4022
2006-05-22,2006,0.0075,53.1033
2006-05-22,2006,0.01,70.8044
2006-05-22,2006,0.015,106.2066
2006-05-24,2006,0.0,-33.030000000000655
2006-05-24,2006,0.005,34.219899999999996
2006-05-24,2006,0.0075,51.32984999999999
2006-05-24,2006,0.01,-33.030000000000655
2006-05-24,2006,0.015,-33.030000000000655
2006-05-25,2006,0.0,-15.360000000000582
2006-05-25,2006,0.005,34.38505
2006-05-25,2006,0.0075,-15.360000000000582
2006-05-25,2006,0.01,-15.360000000000582
2006-05-25,2006,0.015,-15.360000000000582
2006-05-29,2006,0.0,-0.6300000000001091
2006-05-29,2006,0.005,34.39755
2006-05-29,2006,0.0075,-0.6300000000001091
2006-05-29,2006,0.01,-0.6300000000001091
2006-05-29,2006,0.015,-0.6300000000001091
2006-05-30,2006,0.0,-31.93000000000029
2006-05-30,2006,0.005,-31.93000000000029
2006-05-30,2006,0.0075,-31.93000000000029
2006-05-30,2006,0.01,-31.93000000000029
2006-05-30,2006,0.015,-31.93000000000029
2006-06-01,2006,0.0,25.890000000000327
2006-06-01,2006,0.005,34.23475
2006-06-01,2006,0.0075,51.352124999999994
2006-06-01,2006,0.01,68.4695
2006-06-01,2006,0.015,25.890000000000327
2006-06-02,2006,0.0,-43.30000000000018
2006-06-02,2006,0.005,-43.30000000000018
2006-06-02,2006,0.0075,-43.30000000000018
2006-06-02,2006,0.01,-43.30000000000018
2006-06-02,2006,0.015,-43.30000000000018
2006-06-13,2006,0.0,105.6899999999996
2006-06-13,2006,0.005,32.2145
2006-06-13,2006,0.0075,48.321749999999994
2006-06-13,2006,0.01,64.429
2006-06-13,2006,0.015,96.64349999999999
2006-06-15,2006,0.0,-42.61999999999989
2006-06-15,2006,0.005,32.34505
2006-06-15,2006,0.0075,48.517575
2006-06-15,2006,0.01,64.6901
2006-06-15,2006,0.015,-42.61999999999989
2006-06-16,2006,0.0,35.649999999999636
2006-06-16,2006,0.005,33.0571
2006-06-16,2006,0.0075,49.58565
2006-06-16,2006,0.01,35.649999999999636
2006-06-16,2006,0.015,35.649999999999636
2006-06-22,2006,0.0,-1.9099999999998545
2006-06-22,2006,0.005,-1.9099999999998545
2006-06-22,2006,0.0075,-1.9099999999998545
2006-06-22,2006,0.01,-1.9099999999998545
2006-06-22,2006,0.015,-1.9099999999998545
2006-06-23,2006,0.0,32.839999999999236
2006-06-23,2006,0.005,32.42575
2006-06-23,2006,0.0075,48.638625
2006-06-23,2006,0.01,64.8515
2006-06-23,2006,0.015,97.27725
2006-06-27,2006,0.0,48.710000000000036
2006-06-27,2006,0.005,32.6184
2006-06-27,2006,0.0075,48.9276
2006-06-27,2006,0.01,65.2368
2006-06-27,2006,0.015,97.8552
2006-06-30,2006,0.0,-14.25
2006-06-30,2006,0.005,-14.25
2006-06-30,2006,0.0075,-14.25
2006-06-30,2006,0.01,-14.25
2006-06-30,2006,0.015,-14.25
2006-07-04,2006,0.0,16.01000000000022
2006-07-04,2006,0.005,33.5925
2006-07-04,2006,0.0075,50.388749999999995
2006-07-04,2006,0.01,67.185
2006-07-04,2006,0.015,16.01000000000022
2006-07-05,2006,0.0,-74.55000000000018
2006-07-05,2006,0.005,-74.55000000000018
2006-07-05,2006,0.0075,-74.55000000000018
2006-07-05,2006,0.01,-74.55000000000018
2006-07-05,2006,0.015,-74.55000000000018
2006-07-10,2006,0.0,-21.850000000000364
2006-07-10,2006,0.005,33.30305
2006-07-10,2006,0.0075,49.954575
2006-07-10,2006,0.01,66.6061
2006-07-10,2006,0.015,-21.850000000000364
2006-07-12,2006,0.0,77.01000000000022
2006-07-12,2006,0.005,33.5555
2006-07-12,2006,0.0075,50.33325
2006-07-12,2006,0.01,67.111
2006-07-12,2006,0.015,77.01000000000022
2006-07-14,2006,0.0,139.57000000000062
2006-07-14,2006,0.005,32.838
2006-07-14,2006,0.0075,49.257
2006-07-14,2006,0.01,65.676
2006-07-14,2006,0.015,98.514
2006-07-20,2006,0.0,-19.109999999999673
2006-07-20,2006,0.005,-19.109999999999673
2006-07-20,2006,0.0075,-19.109999999999673
2006-07-20,2006,0.01,-19.109999999999673
2006-07-20,2006,0.015,-19.109999999999673
2006-07-25,2006,0.0,31.359999999999673
2006-07-25,2006,0.005,31.79815
2006-07-25,2006,0.0075,47.697224999999996
2006-07-25,2006,0.01,63.5963
2006-07-25,2006,0.015,31.359999999999673
2006-07-26,2006,0.0,-14.599999999999454
2006-07-26,2006,0.005,-14.599999999999454
2006-07-26,2006,0.0075,-14.599999999999454
2006-07-26,2006,0.01,-14.599999999999454
2006-07-26,2006,0.015,-14.599999999999454
2006-07-28,2006,0.0,20.81999999999971
2006-07-28,2006,0.005,20.81999999999971
2006-07-28,2006,0.0075,20.81999999999971
2006-07-28,2006,0.01,20.81999999999971
2006-07-28,2006,0.015,20.81999999999971
2006-07-31,2006,0.0,59.39000000000033
2006-07-31,2006,0.005,32.56985
2006-07-31,2006,0.0075,48.854775000000004
2006-07-31,2006,0.01,65.1397
2006-07-31,2006,0.015,59.39000000000033
2006-08-01,2006,0.0,-13.11999999999989
2006-08-01,2006,0.005,-13.11999999999989
2006-08-01,2006,0.0075,-13.11999999999989
2006-08-01,2006,0.01,-13.11999999999989
2006-08-01,2006,0.015,-13.11999999999989
2006-08-02,2006,0.0,-29.960000000000036
2006-08-02,2006,0.005,-29.960000000000036
2006-08-02,2006,0.0075,-29.960000000000036
2006-08-02,2006,0.01,-29.960000000000036
2006-08-02,2006,0.015,-29.960000000000036
2006-08-03,2006,0.0,-9.100000000000364
2006-08-03,2006,0.005,32.3571
2006-08-03,2006,0.0075,-9.100000000000364
2006-08-03,2006,0.01,-9.100000000000364
2006-08-03,2006,0.015,-9.100000000000364
2006-08-04,2006,0.0,-19.710000000000036
2006-08-04,2006,0.005,-19.710000000000036
2006-08-04,2006,0.0075,-19.710000000000036
2006-08-04,2006,0.01,-19.710000000000036
2006-08-04,2006,0.015,-19.710000000000036
2006-08-10,2006,0.0,5.389999999999418
2006-08-10,2006,0.005,32.8661
2006-08-10,2006,0.0075,5.389999999999418
2006-08-10,2006,0.01,5.389999999999418
2006-08-10,2006,0.015,5.389999999999418
2006-08-11,2006,0.0,-7.509999999999309
2006-08-11,2006,0.005,32.89305
2006-08-11,2006,0.0075,-7.509999999999309
2006-08-11,2006,0.01,-7.509999999999309
2006-08-11,2006,0.015,-7.509999999999309
2006-08-15,2006,0.0,3.230000000000473
2006-08-15,2006,0.005,3.230000000000473
2006-08-15,2006,0.0075,3.230000000000473
2006-08-15,2006,0.01,3.230000000000473
2006-08-15,2006,0.015,3.230000000000473
2006-08-16,2006,0.0,-24.210000000000036
2006-08-16,2006,0.005,-24.210000000000036
2006-08-16,2006,0.0075,-24.210000000000036
2006-08-16,2006,0.01,-24.210000000000036
2006-08-16,2006,0.015,-24.210000000000036
2006-08-17,2006,0.0,-7.1899999999996
2006-08-17,2006,0.005,-7.1899999999996
2006-08-17,2006,0.0075,-7.1899999999996
2006-08-17,2006,0.01,-7.1899999999996
2006-08-17,2006,0.015,-7.1899999999996
2006-08-18,2006,0.0,-12.38000000000011
2006-08-18,2006,0.005,-12.38000000000011
2006-08-18,2006,0.0075,-12.38000000000011
2006-08-18,2006,0.01,-12.38000000000011
2006-08-18,2006,0.015,-12.38000000000011
2006-08-25,2006,0.0,-24.420000000000073
2006-08-25,2006,0.005,32.7532
2006-08-25,2006,0.0075,49.1298
2006-08-25,2006,0.01,-24.420000000000073
2006-08-25,2006,0.015,-24.420000000000073
2006-08-29,2006,0.0,35.149999999999636
2006-08-29,2006,0.005,32.223800000000004
2006-08-29,2006,0.0075,48.3357
2006-08-29,2006,0.01,35.149999999999636
2006-08-29,2006,0.015,35.149999999999636
2006-08-30,2006,0.0,107.21000000000004
2006-08-30,2006,0.005,32.39955
2006-08-30,2006,0.0075,48.599325
2006-08-30,2006,0.01,64.7991
2006-08-30,2006,0.015,97.19865
2006-08-31,2006,0.0,24.650000000000546
2006-08-31,2006,0.005,32.9356
2006-08-31,2006,0.0075,49.4034
2006-08-31,2006,0.01,65.8712
2006-08-31,2006,0.015,24.650000000000546
2006-09-04,2006,0.0,-99.31999999999971
2006-09-04,2006,0.005,-99.31999999999971
2006-09-04,2006,0.0075,-99.31999999999971
2006-09-04,2006,0.01,-99.31999999999971
2006-09-04,2006,0.015,-99.31999999999971
2006-09-05,2006,0.0,16.050000000000182
2006-09-05,2006,0.005,16.050000000000182
2006-09-05,2006,0.0075,16.050000000000182
2006-09-05,2006,0.01,16.050000000000182
2006-09-05,2006,0.015,16.050000000000182
2006-09-06,2006,0.0,-46.32999999999993
2006-09-06,2006,0.005,-46.32999999999993
2006-09-06,2006,0.0075,-46.32999999999993
2006-09-06,2006,0.01,-46.32999999999993
2006-09-06,2006,0.015,-46.32999999999993
2006-09-11,2006,0.0,0.7700000000004366
2006-09-11,2006,0.005,33.46555
2006-09-11,2006,0.0075,50.198325
2006-09-11,2006,0.01,66.9311
2006-09-11,2006,0.015,100.39665
2006-09-12,2006,0.0,30.400000000000546
2006-09-12,2006,0.005,33.28065
2006-09-12,2006,0.0075,30.400000000000546
2006-09-12,2006,0.01,30.400000000000546
2006-09-12,2006,0.015,30.400000000000546
2006-09-13,2006,0.0,3.7799999999997453
2006-09-13,2006,0.005,33.34325
2006-09-13,2006,0.0075,3.7799999999997453
2006-09-13,2006,0.01,3.7799999999997453
2006-09-13,2006,0.015,3.7799999999997453
2006-09-15,2006,0.0,82.22000000000025
2006-09-15,2006,0.005,32.99435
2006-09-15,2006,0.0075,49.491524999999996
2006-09-15,2006,0.01,65.9887
2006-09-15,2006,0.015,82.22000000000025
2006-09-18,2006,0.0,201.38999999999942
2006-09-18,2006,0.005,33.40545
2006-09-18,2006,0.0075,50.108174999999996
2006-09-18,2006,0.01,66.8109
2006-09-18,2006,0.015,100.21634999999999
2006-09-19,2006,0.0,-0.6099999999996726
2006-09-19,2006,0.005,-0.6099999999996726
2006-09-19,2006,0.0075,-0.6099999999996726
2006-09-19,2006,0.01,-0.6099999999996726
2006-09-19,2006,0.015,-0.6099999999996726
2006-09-21,2006,0.0,12.11999999999989
2006-09-21,2006,0.005,34.388850000000005
2006-09-21,2006,0.0075,51.583275
2006-09-21,2006,0.01,12.11999999999989
2006-09-21,2006,0.015,12.11999999999989
2006-09-22,2006,0.0,4.289999999999964
2006-09-22,2006,0.005,34.449450000000006
2006-09-22,2006,0.0075,4.289999999999964
2006-09-22,2006,0.01,4.289999999999964
2006-09-22,2006,0.015,4.289999999999964
2006-09-26,2006,0.0,26.88000000000011
2006-09-26,2006,0.005,26.88000000000011
2006-09-26,2006,0.0075,26.88000000000011
2006-09-26,2006,0.01,26.88000000000011
2006-09-26,2006,0.015,26.88000000000011
2006-09-29,2006,0.0,-2.069999999999709
2006-09-29,2006,0.005,-2.069999999999709
2006-09-29,2006,0.0075,-2.069999999999709
2006-09-29,2006,0.01,-2.069999999999709
2006-09-29,2006,0.015,-2.069999999999709
2006-10-02,2006,0.0,-77.89999999999964
2006-10-02,2006,0.005,-77.89999999999964
2006-10-02,2006,0.0075,-77.89999999999964
2006-10-02,2006,0.01,-77.89999999999964
2006-10-02,2006,0.015,-77.89999999999964
2006-10-04,2006,0.0,81.90000000000055
2006-10-04,2006,0.005,34.7844
2006-10-04,2006,0.0075,52.1766
2006-10-04,2006,0.01,69.5688
2006-10-04,2006,0.015,81.90000000000055
2006-10-05,2006,0.0,122.26000000000022
2006-10-05,2006,0.005,34.3749
2006-10-05,2006,0.0075,51.562349999999995
2006-10-05,2006,0.01,68.7498
2006-10-05,2006,0.015,103.12469999999999
2006-10-12,2006,0.0,-22.090000000000146
2006-10-12,2006,0.005,-22.090000000000146
2006-10-12,2006,0.0075,-22.090000000000146
2006-10-12,2006,0.01,-22.090000000000146
2006-10-12,2006,0.015,-22.090000000000146
2006-10-13,2006,0.0,84.22000000000025
2006-10-13,2006,0.005,34.9229
2006-10-13,2006,0.0075,52.38435
2006-10-13,2006,0.01,69.8458
2006-10-13,2006,0.015,104.7687
2006-10-14,2006,0.0,8.050000000000182
2006-10-14,2006,0.005,8.050000000000182
2006-10-14,2006,0.0075,8.050000000000182
2006-10-14,2006,0.01,8.050000000000182
2006-10-14,2006,0.015,8.050000000000182
2006-10-16,2006,0.0,74.56999999999971
2006-10-16,2006,0.005,35.38425
2006-10-16,2006,0.0075,53.076375
2006-10-16,2006,0.01,70.7685
2006-10-16,2006,0.015,74.56999999999971
2006-10-17,2006,0.0,-76.28999999999996
2006-10-17,2006,0.005,-76.28999999999996
2006-10-17,2006,0.0075,-76.28999999999996
2006-10-17,2006,0.01,-76.28999999999996
2006-10-17,2006,0.015,-76.28999999999996
2006-10-24,2006,0.0,57.159999999999854
2006-10-24,2006,0.005,35.2013
2006-10-24,2006,0.0075,52.80195
2006-10-24,2006,0.01,70.4026
2006-10-24,2006,0.015,57.159999999999854
2006-10-25,2006,0.0,37.529999999999745
2006-10-25,2006,0.005,35.4871
2006-10-25,2006,0.0075,37.529999999999745
2006-10-25,2006,0.01,37.529999999999745
2006-10-25,2006,0.015,37.529999999999745
2006-10-26,2006,0.0,22.579999999999927
2006-10-26,2006,0.005,22.579999999999927
2006-10-26,2006,0.0075,22.579999999999927
2006-10-26,2006,0.01,22.579999999999927
2006-10-26,2006,0.015,22.579999999999927
2006-10-27,2006,0.0,5.899999999999636
2006-10-27,2006,0.005,35.4042
2006-10-27,2006,0.0075,5.899999999999636
2006-10-27,2006,0.01,5.899999999999636
2006-10-27,2006,0.015,5.899999999999636
2006-10-30,2006,0.0,91.53999999999996
2006-10-30,2006,0.005,35.4337
2006-10-30,2006,0.0075,53.150549999999996
2006-10-30,2006,0.01,70.8674
2006-10-30,2006,0.015,91.53999999999996
2006-10-31,2006,0.0,26.11999999999989
2006-10-31,2006,0.005,26.11999999999989
2006-10-31,2006,0.0075,26.11999999999989
2006-10-31,2006,0.01,26.11999999999989
2006-10-31,2006,0.015,26.11999999999989
2006-11-01,2006,0.0,-7.329999999999927
2006-11-01,2006,0.005,35.1066
2006-11-01,2006,0.0075,-7.329999999999927
2006-11-01,2006,0.01,-7.329999999999927
2006-11-01,2006,0.015,-7.329999999999927
2006-11-02,2006,0.0,-64.11000000000058
2006-11-02,2006,0.005,-64.11000000000058
2006-11-02,2006,0.0075,-64.11000000000058
2006-11-02,2006,0.01,-64.11000000000058
2006-11-02,2006,0.015,-64.11000000000058
2006-11-06,2006,0.0,-41.17000000000007
2006-11-06,2006,0.005,-41.17000000000007
2006-11-06,2006,0.0075,-41.17000000000007
2006-11-06,2006,0.01,-41.17000000000007
2006-11-06,2006,0.015,-41.17000000000007
2006-11-07,2006,0.0,64.21000000000004
2006-11-07,2006,0.005,35.602199999999996
2006-11-07,2006,0.0075,53.403299999999994
2006-11-07,2006,0.01,71.20439999999999
2006-11-07,2006,0.015,64.21000000000004
2006-11-08,2006,0.0,-6.309999999999491
2006-11-08,2006,0.005,-6.309999999999491
2006-11-08,2006,0.0075,-6.309999999999491
2006-11-08,2006,0.01,-6.309999999999491
2006-11-08,2006,0.015,-6.309999999999491
2006-11-10,2006,0.0,-23.06999999999971
2006-11-10,2006,0.005,-23.06999999999971
2006-11-10,2006,0.0075,-23.06999999999971
2006-11-10,2006,0.01,-23.06999999999971
2006-11-10,2006,0.015,-23.06999999999971
2006-11-13,2006,0.0,-38.13999999999942
2006-11-13,2006,0.005,-38.13999999999942
2006-11-13,2006,0.0075,-38.13999999999942
2006-11-13,2006,0.01,-38.13999999999942
2006-11-13,2006,0.015,-38.13999999999942
2006-11-14,2006,0.0,67.97999999999956
2006-11-14,2006,0.005,35.6803
2006-11-14,2006,0.0075,53.520450000000004
2006-11-14,2006,0.01,71.3606
2006-11-14,2006,0.015,67.97999999999956
2006-11-15,2006,0.0,13.61999999999989
2006-11-15,2006,0.005,13.61999999999989
2006-11-15,2006,0.0075,13.61999999999989
2006-11-15,2006,0.01,13.61999999999989
2006-11-15,2006,0.015,13.61999999999989
2006-11-16,2006,0.0,20.6299999999992
2006-11-16,2006,0.005,36.184250000000006
2006-11-16,2006,0.0075,20.6299999999992
2006-11-16,2006,0.01,20.6299999999992
2006-11-16,2006,0.015,20.6299999999992
2006-11-17,2006,0.0,2.0600000000004
2006-11-17,2006,0.005,2.0600000000004
2006-11-17,2006,0.0075,2.0600000000004
2006-11-17,2006,0.01,2.0600000000004
2006-11-17,2006,0.015,2.0600000000004
2006-11-21,2006,0.0,48.210000000000036
2006-11-21,2006,0.005,36.3074
2006-11-21,2006,0.0075,54.461099999999995
2006-11-21,2006,0.01,48.210000000000036
2006-11-21,2006,0.015,48.210000000000036
2006-11-22,2006,0.0,-39.08000000000084
2006-11-22,2006,0.005,-39.08000000000084
2006-11-22,2006,0.0075,-39.08000000000084
2006-11-22,2006,0.01,-39.08000000000084
2006-11-22,2006,0.015,-39.08000000000084
2006-11-23,2006,0.0,35.91999999999916
2006-11-23,2006,0.005,36.74385
2006-11-23,2006,0.0075,55.115775
2006-11-23,2006,0.01,73.4877
2006-11-23,2006,0.015,35.91999999999916
2006-11-24,2006,0.0,42.67000000000007
2006-11-24,2006,0.005,36.923449999999995
2006-11-24,2006,0.0075,42.67000000000007
2006-11-24,2006,0.01,42.67000000000007
2006-11-24,2006,0.015,42.67000000000007
2006-11-29,2006,0.0,29.25
2006-11-29,2006,0.005,37.2247
2006-11-29,2006,0.0075,55.83705
2006-11-29,2006,0.01,29.25
2006-11-29,2006,0.015,29.25
2006-12-01,2006,0.0,45.849999999999454
2006-12-01,2006,0.005,37.8386
2006-12-01,2006,0.0075,45.849999999999454
2006-12-01,2006,0.01,45.849999999999454
2006-12-01,2006,0.015,45.849999999999454
2006-12-04,2006,0.0,-33.44000000000051
2006-12-04,2006,0.005,-33.44000000000051
2006-12-04,2006,0.0075,-33.44000000000051
2006-12-04,2006,0.01,-33.44000000000051
2006-12-04,2006,0.015,-33.44000000000051
2006-12-05,2006,0.0,-37.11000000000058
2006-12-05,2006,0.005,38.23505
2006-12-05,2006,0.0075,-37.11000000000058
2006-12-05,2006,0.01,-37.11000000000058
2006-12-05,2006,0.015,-37.11000000000058
2006-12-06,2006,0.0,83.43000000000029
2006-12-06,2006,0.005,38.0495
2006-12-06,2006,0.0075,57.07424999999999
2006-12-06,2006,0.01,76.099
2006-12-06,2006,0.015,83.43000000000029
2006-12-07,2006,0.0,-6.809999999999491
2006-12-07,2006,0.005,-6.809999999999491
2006-12-07,2006,0.0075,-6.809999999999491
2006-12-07,2006,0.01,-6.809999999999491
2006-12-07,2006,0.015,-6.809999999999491
2006-12-08,2006,0.0,50.220000000000255
2006-12-08,2006,0.005,38.4326
2006-12-08,2006,0.0075,57.6489
2006-12-08,2006,0.01,76.8652
2006-12-08,2006,0.015,50.220000000000255
2006-12-14,2006,0.0,-30.109999999999673
2006-12-14,2006,0.005,-30.109999999999673
2006-12-14,2006,0.0075,-30.109999999999673
2006-12-14,2006,0.01,-30.109999999999673
2006-12-14,2006,0.015,-30.109999999999673
2006-12-15,2006,0.0,58.409999999999854
2006-12-15,2006,0.005,37.40205
2006-12-15,2006,0.0075,56.103075
2006-12-15,2006,0.01,74.8041
2006-12-15,2006,0.015,58.409999999999854
2006-12-18,2006,0.0,85.80000000000018
2006-12-18,2006,0.005,37.6941
2006-12-18,2006,0.0075,56.541149999999995
2006-12-18,2006,0.01,75.3882
2006-12-18,2006,0.015,85.80000000000018
2006-12-19,2006,0.0,-25.73999999999978
2006-12-19,2006,0.005,-25.73999999999978
2006-12-19,2006,0.0075,-25.73999999999978
2006-12-19,2006,0.01,-25.73999999999978
2006-12-19,2006,0.015,-25.73999999999978
2006-12-20,2006,0.0,-49.470000000000255
2006-12-20,2006,0.005,-49.470000000000255
2006-12-20,2006,0.0075,-49.470000000000255
2006-12-20,2006,0.01,-49.470000000000255
2006-12-20,2006,0.015,-49.470000000000255
2006-12-21,2006,0.0,-27.410000000000764
2006-12-21,2006,0.005,-27.410000000000764
2006-12-21,2006,0.0075,-27.410000000000764
2006-12-21,2006,0.01,-27.410000000000764
2006-12-21,2006,0.015,-27.410000000000764
2006-12-22,2006,0.0,-31.530000000000655
2006-12-22,2006,0.005,-31.530000000000655
2006-12-22,2006,0.0075,-31.530000000000655
2006-12-22,2006,0.01,-31.530000000000655
2006-12-22,2006,0.015,-31.530000000000655
2006-12-27,2006,0.0,5.5900000000001455
2006-12-27,2006,0.005,38.637950000000004
2006-12-27,2006,0.0075,57.956925
2006-12-27,2006,0.01,5.5900000000001455
2006-12-27,2006,0.015,5.5900000000001455
2006-12-28,2006,0.0,-0.25
2006-12-28,2006,0.005,38.6659
2006-12-28,2006,0.0075,-0.25
2006-12-28,2006,0.01,-0.25
2006-12-28,2006,0.015,-0.25
2007-01-05,2007,0.0,19.0
2007-01-05,2007,0.005,19.0
2007-01-05,2007,0.0075,19.0
2007-01-05,2007,0.01,19.0
2007-01-05,2007,0.015,19.0
2007-01-08,2007,0.0,98.85999999999967
2007-01-08,2007,0.005,39.17785
2007-01-08,2007,0.0075,58.766774999999996
2007-01-08,2007,0.01,78.3557
2007-01-08,2007,0.015,98.85999999999967
2007-01-09,2007,0.0,53.30000000000018
2007-01-09,2007,0.005,38.683550000000004
2007-01-09,2007,0.0075,58.025324999999995
2007-01-09,2007,0.01,77.36710000000001
2007-01-09,2007,0.015,53.30000000000018
2007-01-10,2007,0.0,-91.48999999999978
2007-01-10,2007,0.005,-91.48999999999978
2007-01-10,2007,0.0075,-91.48999999999978
2007-01-10,2007,0.01,-91.48999999999978
2007-01-10,2007,0.015,-91.48999999999978
2007-01-11,2007,0.0,-79.97000000000025
2007-01-11,2007,0.005,38.4926
2007-01-11,2007,0.0075,-79.97000000000025
2007-01-11,2007,0.01,-79.97000000000025
2007-01-11,2007,0.015,-79.97000000000025
2007-01-15,2007,0.0,21.789999999999964
2007-01-15,2007,0.005,38.808550000000004
2007-01-15,2007,0.0075,21.789999999999964
2007-01-15,2007,0.01,21.789999999999964
2007-01-15,2007,0.015,21.789999999999964
2007-01-16,2007,0.0,8.579999999999927
2007-01-16,2007,0.005,38.917500000000004
2007-01-16,2007,0.0075,8.579999999999927
2007-01-16,2007,0.01,8.579999999999927
2007-01-16,2007,0.015,8.579999999999927
2007-01-17,2007,0.0,-41.899999999999636
2007-01-17,2007,0.005,38.9604
2007-01-17,2007,0.0075,-41.899999999999636
2007-01-17,2007,0.01,-41.899999999999636
2007-01-17,2007,0.015,-41.899999999999636
2007-01-22,2007,0.0,2.3900000000003274
2007-01-22,2007,0.005,2.3900000000003274
2007-01-22,2007,0.0075,2.3900000000003274
2007-01-22,2007,0.01,2.3900000000003274
2007-01-22,2007,0.015,2.3900000000003274
2007-01-23,2007,0.0,-9.889999999999418
2007-01-23,2007,0.005,-9.889999999999418
2007-01-23,2007,0.0075,-9.889999999999418
2007-01-23,2007,0.01,-9.889999999999418
2007-01-23,2007,0.015,-9.889999999999418
2007-01-24,2007,0.0,83.18000000000029
2007-01-24,2007,0.005,39.2618
2007-01-24,2007,0.0075,58.8927
2007-01-24,2007,0.01,78.5236
2007-01-24,2007,0.015,83.18000000000029
2007-01-25,2007,0.0,-11.769999999999527
2007-01-25,2007,0.005,39.6777
2007-01-25,2007,0.0075,-11.769999999999527
2007-01-25,2007,0.01,-11.769999999999527
2007-01-25,2007,0.015,-11.769999999999527
2007-01-29,2007,0.0,-69.52999999999975
2007-01-29,2007,0.005,-69.52999999999975
2007-01-29,2007,0.0075,-69.52999999999975
2007-01-29,2007,0.01,-69.52999999999975
2007-01-29,2007,0.015,-69.52999999999975
2007-01-31,2007,0.0,-40.26999999999953
2007-01-31,2007,0.005,38.69955
2007-01-31,2007,0.0075,-40.26999999999953
2007-01-31,2007,0.01,-40.26999999999953
2007-01-31,2007,0.015,-40.26999999999953
2007-02-02,2007,0.0,75.48999999999978
2007-02-02,2007,0.005,38.5077
2007-02-02,2007,0.0075,57.76155
2007-02-02,2007,0.01,77.0154
2007-02-02,2007,0.015,75.48999999999978
2007-02-05,2007,0.0,6.0900000000001455
2007-02-05,2007,0.005,38.88515
2007-02-05,2007,0.0075,6.0900000000001455
2007-02-05,2007,0.01,6.0900000000001455
2007-02-05,2007,0.015,6.0900000000001455
2007-02-06,2007,0.0,92.63000000000011
2007-02-06,2007,0.005,38.9156
2007-02-06,2007,0.0075,58.3734
2007-02-06,2007,0.01,77.8312
2007-02-06,2007,0.015,92.63000000000011
2007-02-08,2007,0.0,-7.8400000000001455
2007-02-08,2007,0.005,-7.8400000000001455
2007-02-08,2007,0.0075,-7.8400000000001455
2007-02-08,2007,0.01,-7.8400000000001455
2007-02-08,2007,0.015,-7.8400000000001455
2007-02-12,2007,0.0,83.17000000000007
2007-02-12,2007,0.005,39.29765
2007-02-12,2007,0.0075,58.94647499999999
2007-02-12,2007,0.01,78.5953
2007-02-12,2007,0.015,83.17000000000007
2007-02-14,2007,0.0,72.61999999999989
2007-02-14,2007,0.005,38.68415
2007-02-14,2007,0.0075,58.026225
2007-02-14,2007,0.01,72.61999999999989
2007-02-14,2007,0.015,72.61999999999989
2007-02-26,2007,0.0,90.75
2007-02-26,2007,0.005,39.04725
2007-02-26,2007,0.0075,58.570874999999994
2007-02-26,2007,0.01,78.0945
2007-02-26,2007,0.015,117.14174999999999
2007-03-01,2007,0.0,-223.28999999999996
2007-03-01,2007,0.005,-223.28999999999996
2007-03-01,2007,0.0075,-223.28999999999996
2007-03-01,2007,0.01,-223.28999999999996
2007-03-01,2007,0.015,-223.28999999999996
2007-03-03,2007,0.0,40.6200000000008
2007-03-03,2007,0.005,38.35385
2007-03-03,2007,0.0075,57.530775
2007-03-03,2007,0.01,76.7077
2007-03-03,2007,0.015,40.6200000000008
2007-03-05,2007,0.0,285.58999999999924
2007-03-05,2007,0.005,38.15075
2007-03-05,2007,0.0075,57.226124999999996
2007-03-05,2007,0.01,76.3015
2007-03-05,2007,0.015,114.45224999999999
2007-03-07,2007,0.0,29.829999999999927
2007-03-07,2007,0.005,37.255300000000005
2007-03-07,2007,0.0075,55.88295
2007-03-07,2007,0.01,29.829999999999927
2007-03-07,2007,0.015,29.829999999999927
2007-03-09,2007,0.0,-5.670000000000073
2007-03-09,2007,0.005,37.86935
2007-03-09,2007,0.0075,-5.670000000000073
2007-03-09,2007,0.01,-5.670000000000073
2007-03-09,2007,0.015,-5.670000000000073
2007-03-12,2007,0.0,60.94999999999982
2007-03-12,2007,0.005,37.841
2007-03-12,2007,0.0075,56.7615
2007-03-12,2007,0.01,60.94999999999982
2007-03-12,2007,0.015,60.94999999999982
2007-03-13,2007,0.0,54.850000000000364
2007-03-13,2007,0.005,38.14575
2007-03-13,2007,0.0075,57.218624999999996
2007-03-13,2007,0.01,54.850000000000364
2007-03-13,2007,0.015,54.850000000000364
2007-03-14,2007,0.0,113.72999999999956
2007-03-14,2007,0.005,38.42
2007-03-14,2007,0.0075,57.629999999999995
2007-03-14,2007,0.01,76.84
2007-03-14,2007,0.015,115.25999999999999
2007-03-15,2007,0.0,125.6899999999996
2007-03-15,2007,0.005,37.851350000000004
2007-03-15,2007,0.0075,56.777025
2007-03-15,2007,0.01,75.70270000000001
2007-03-15,2007,0.015,113.55405
2007-03-16,2007,0.0,23.840000000000146
2007-03-16,2007,0.005,38.479800000000004
2007-03-16,2007,0.0075,23.840000000000146
2007-03-16,2007,0.01,23.840000000000146
2007-03-16,2007,0.015,23.840000000000146
2007-03-21,2007,0.0,20.829999999999927
2007-03-21,2007,0.005,38.681
2007-03-21,2007,0.0075,20.829999999999927
2007-03-21,2007,0.01,20.829999999999927
2007-03-21,2007,0.015,20.829999999999927
2007-03-22,2007,0.0,66.64000000000033
2007-03-22,2007,0.005,38.78515
2007-03-22,2007,0.0075,58.177724999999995
2007-03-22,2007,0.01,77.5703
2007-03-22,2007,0.015,66.64000000000033
2007-03-23,2007,0.0,-35.649999999999636
2007-03-23,2007,0.005,-35.649999999999636
2007-03-23,2007,0.0075,-35.649999999999636
2007-03-23,2007,0.01,-35.649999999999636
2007-03-23,2007,0.015,-35.649999999999636
2007-03-26,2007,0.0,18.5
2007-03-26,2007,0.005,18.5
2007-03-26,2007,0.0075,18.5
2007-03-26,2007,0.01,18.5
2007-03-26,2007,0.015,18.5
2007-03-29,2007,0.0,-60.1899999999996
2007-03-29,2007,0.005,-60.1899999999996
2007-03-29,2007,0.0075,-60.1899999999996
2007-03-29,2007,0.01,-60.1899999999996
2007-03-29,2007,0.015,-60.1899999999996
2007-04-02,2007,0.0,0.5799999999999272
2007-04-02,2007,0.005,39.42205
2007-04-02,2007,0.0075,0.5799999999999272
2007-04-02,2007,0.01,0.5799999999999272
2007-04-02,2007,0.015,0.5799999999999272
2007-04-04,2007,0.0,71.69999999999982
2007-04-04,2007,0.005,39.66455
2007-04-04,2007,0.0075,59.496824999999994
2007-04-04,2007,0.01,79.3291
2007-04-04,2007,0.015,71.69999999999982
2007-04-09,2007,0.0,51.95000000000073
2007-04-09,2007,0.005,40.02305
2007-04-09,2007,0.0075,60.034575
2007-04-09,2007,0.01,51.95000000000073
2007-04-09,2007,0.015,51.95000000000073
2007-04-11,2007,0.0,36.05999999999949
2007-04-11,2007,0.005,40.24195
2007-04-11,2007,0.0075,36.05999999999949
2007-04-11,2007,0.01,36.05999999999949
2007-04-11,2007,0.015,36.05999999999949
2007-04-12,2007,0.0,9.25
2007-04-12,2007,0.005,40.42225
2007-04-12,2007,0.0075,9.25
2007-04-12,2007,0.01,9.25
2007-04-12,2007,0.015,9.25
2007-04-13,2007,0.0,-72.89999999999964
2007-04-13,2007,0.005,-72.89999999999964
2007-04-13,2007,0.0075,-72.89999999999964
2007-04-13,2007,0.01,-72.89999999999964
2007-04-13,2007,0.015,-72.89999999999964
2007-04-17,2007,0.0,-84.25
2007-04-17,2007,0.005,40.2177
2007-04-17,2007,0.0075,-84.25
2007-04-17,2007,0.01,-84.25
2007-04-17,2007,0.015,-84.25
2007-04-19,2007,0.0,50.57999999999993
2007-04-19,2007,0.005,39.69605
2007-04-19,2007,0.0075,50.57999999999993
2007-04-19,2007,0.01,50.57999999999993
2007-04-19,2007,0.015,50.57999999999993
2007-04-20,2007,0.0,54.039999999999964
2007-04-20,2007,0.005,39.44315
2007-04-20,2007,0.0075,54.039999999999964
2007-04-20,2007,0.01,54.039999999999964
2007-04-20,2007,0.015,54.039999999999964
2007-04-23,2007,0.0,67.78999999999996
2007-04-23,2007,0.005,39.71335
2007-04-23,2007,0.0075,59.570025
2007-04-23,2007,0.01,79.4267
2007-04-23,2007,0.015,119.14005
2007-04-25,2007,0.0,16.25
2007-04-25,2007,0.005,16.25
2007-04-25,2007,0.0075,16.25
2007-04-25,2007,0.01,16.25
2007-04-25,2007,0.015,16.25
2007-04-26,2007,0.0,15.390000000000327
2007-04-26,2007,0.005,39.923249999999996
2007-04-26,2007,0.0075,59.884874999999994
2007-04-26,2007,0.01,15.390000000000327
2007-04-26,2007,0.015,15.390000000000327
2007-04-27,2007,0.0,-50.61999999999989
2007-04-27,2007,0.005,-50.61999999999989
2007-04-27,2007,0.0075,-50.61999999999989
2007-04-27,2007,0.01,-50.61999999999989
2007-04-27,2007,0.015,-50.61999999999989
2007-04-30,2007,0.0,74.0
2007-04-30,2007,0.005,39.7471
2007-04-30,2007,0.0075,59.62065
2007-04-30,2007,0.01,79.4942
2007-04-30,2007,0.015,74.0
2007-05-02,2007,0.0,27.61999999999989
2007-05-02,2007,0.005,39.3771
2007-05-02,2007,0.0075,59.06565
2007-05-02,2007,0.01,27.61999999999989
2007-05-02,2007,0.015,27.61999999999989
2007-05-03,2007,0.0,23.61999999999989
2007-05-03,2007,0.005,39.5152
2007-05-03,2007,0.0075,59.2728
2007-05-03,2007,0.01,23.61999999999989
2007-05-03,2007,0.015,23.61999999999989
2007-05-04,2007,0.0,139.40000000000055
2007-05-04,2007,0.005,39.6333
2007-05-04,2007,0.0075,59.449949999999994
2007-05-04,2007,0.01,79.2666
2007-05-04,2007,0.015,118.89989999999999
2007-05-07,2007,0.0,49.210000000000036
2007-05-07,2007,0.005,40.3303
2007-05-07,2007,0.0075,60.49545
2007-05-07,2007,0.01,49.210000000000036
2007-05-07,2007,0.015,49.210000000000036
2007-05-10,2007,0.0,44.159999999999854
2007-05-10,2007,0.005,40.2635
2007-05-10,2007,0.0075,44.159999999999854
2007-05-10,2007,0.01,44.159999999999854
2007-05-10,2007,0.015,44.159999999999854
2007-05-14,2007,0.0,-0.9799999999995634
2007-05-14,2007,0.005,40.1577
2007-05-14,2007,0.0075,-0.9799999999995634
2007-05-14,2007,0.01,-0.9799999999995634
2007-05-14,2007,0.015,-0.9799999999995634
2007-05-16,2007,0.0,-13.539999999999964
2007-05-16,2007,0.005,-13.539999999999964
2007-05-16,2007,0.0075,-13.539999999999964
2007-05-16,2007,0.01,-13.539999999999964
2007-05-16,2007,0.015,-13.539999999999964
2007-05-18,2007,0.0,3.819999999999709
2007-05-18,2007,0.005,3.819999999999709
2007-05-18,2007,0.0075,3.819999999999709
2007-05-18,2007,0.01,3.819999999999709
2007-05-18,2007,0.015,3.819999999999709
2007-05-23,2007,0.0,33.160000000000764
2007-05-23,2007,0.005,40.94315
2007-05-23,2007,0.0075,61.414725
2007-05-23,2007,0.01,33.160000000000764
2007-05-23,2007,0.015,33.160000000000764
2007-05-24,2007,0.0,5.380000000001019
2007-05-24,2007,0.005,5.380000000001019
2007-05-24,2007,0.0075,5.380000000001019
2007-05-24,2007,0.01,5.380000000001019
2007-05-24,2007,0.015,5.380000000001019
2007-05-25,2007,0.0,56.4399999999996
2007-05-25,2007,0.005,41.08205
2007-05-25,2007,0.0075,61.623075
2007-05-25,2007,0.01,82.1641
2007-05-25,2007,0.015,56.4399999999996
2007-05-28,2007,0.0,-3.1500000000005457
2007-05-28,2007,0.005,40.79985
2007-05-28,2007,0.0075,-3.1500000000005457
2007-05-28,2007,0.01,-3.1500000000005457
2007-05-28,2007,0.015,-3.1500000000005457
2007-05-29,2007,0.0,24.670000000000073
2007-05-29,2007,0.005,40.7841
2007-05-29,2007,0.0075,61.17614999999999
2007-05-29,2007,0.01,24.670000000000073
2007-05-29,2007,0.015,24.670000000000073
2007-05-30,2007,0.0,-34.149999999999636
2007-05-30,2007,0.005,-34.149999999999636
2007-05-30,2007,0.0075,-34.149999999999636
2007-05-30,2007,0.01,-34.149999999999636
2007-05-30,2007,0.015,-34.149999999999636
2007-06-01,2007,0.0,104.94999999999982
2007-06-01,2007,0.005,40.72475
2007-06-01,2007,0.0075,61.08712499999999
2007-06-01,2007,0.01,81.4495
2007-06-01,2007,0.015,104.94999999999982
2007-06-04,2007,0.0,44.89000000000124
2007-06-04,2007,0.005,41.2495
2007-06-04,2007,0.0075,61.874249999999996
2007-06-04,2007,0.01,44.89000000000124
2007-06-04,2007,0.015,44.89000000000124
2007-06-05,2007,0.0,9.199999999998909
2007-06-05,2007,0.005,9.199999999998909
2007-06-05,2007,0.0075,9.199999999998909
2007-06-05,2007,0.01,9.199999999998909
2007-06-05,2007,0.015,9.199999999998909
2007-06-07,2007,0.0,-40.57999999999993
2007-06-07,2007,0.005,41.5734
2007-06-07,2007,0.0075,-40.57999999999993
2007-06-07,2007,0.01,-40.57999999999993
2007-06-07,2007,0.015,-40.57999999999993
2007-06-08,2007,0.0,54.55000000000109
2007-06-08,2007,0.005,41.7763
2007-06-08,2007,0.0075,62.66445
2007-06-08,2007,0.01,54.55000000000109
2007-06-08,2007,0.015,54.55000000000109
2007-06-11,2007,0.0,7.600000000000364
2007-06-11,2007,0.005,7.600000000000364
2007-06-11,2007,0.0075,7.600000000000364
2007-06-11,2007,0.01,7.600000000000364
2007-06-11,2007,0.015,7.600000000000364
2007-06-14,2007,0.0,104.32999999999993
2007-06-14,2007,0.005,41.73195
2007-06-14,2007,0.0075,62.597925
2007-06-14,2007,0.01,83.4639
2007-06-14,2007,0.015,125.19585
2007-06-15,2007,0.0,122.92000000000007
2007-06-15,2007,0.005,42.2536
2007-06-15,2007,0.0075,63.380399999999995
2007-06-15,2007,0.01,84.5072
2007-06-15,2007,0.015,126.76079999999999
2007-06-22,2007,0.0,14.790000000000873
2007-06-22,2007,0.005,44.3059
2007-06-22,2007,0.0075,14.790000000000873
2007-06-22,2007,0.01,14.790000000000873
2007-06-22,2007,0.015,14.790000000000873
2007-06-23,2007,0.0,33.47999999999956
2007-06-23,2007,0.005,44.23195
2007-06-23,2007,0.0075,33.47999999999956
2007-06-23,2007,0.01,33.47999999999956
2007-06-23,2007,0.015,33.47999999999956
2007-06-25,2007,0.0,-126.28000000000065
2007-06-25,2007,0.005,-126.28000000000065
2007-06-25,2007,0.0075,-126.28000000000065
2007-06-25,2007,0.01,-126.28000000000065
2007-06-25,2007,0.015,-126.28000000000065
2007-06-26,2007,0.0,73.44000000000051
2007-06-26,2007,0.005,44.69595
2007-06-26,2007,0.0075,67.043925
2007-06-26,2007,0.01,73.44000000000051
2007-06-26,2007,0.015,73.44000000000051
2007-06-28,2007,0.0,-12.25
2007-06-28,2007,0.005,-12.25
2007-06-28,2007,0.0075,-12.25
2007-06-28,2007,0.01,-12.25
2007-06-28,2007,0.015,-12.25
2007-07-03,2007,0.0,56.710000000000946
2007-07-03,2007,0.005,44.697449999999996
2007-07-03,2007,0.0075,67.04617499999999
2007-07-03,2007,0.01,56.710000000000946
2007-07-03,2007,0.015,56.710000000000946
2007-07-04,2007,0.0,72.77999999999884
2007-07-04,2007,0.005,44.981
2007-07-04,2007,0.0075,67.4715
2007-07-04,2007,0.01,89.962
2007-07-04,2007,0.015,72.77999999999884
2007-07-05,2007,0.0,79.80000000000109
2007-07-05,2007,0.005,45.344899999999996
2007-07-05,2007,0.0075,68.01735
2007-07-05,2007,0.01,79.80000000000109
2007-07-05,2007,0.015,79.80000000000109
2007-07-06,2007,0.0,39.529999999998836
2007-07-06,2007,0.005,45.743900000000004
2007-07-06,2007,0.0075,39.529999999998836
2007-07-06,2007,0.01,39.529999999998836
2007-07-06,2007,0.015,39.529999999998836
2007-07-09,2007,0.0,181.53000000000065
2007-07-09,2007,0.005,45.94155
2007-07-09,2007,0.0075,68.912325
2007-07-09,2007,0.01,91.8831
2007-07-09,2007,0.015,137.82465
2007-07-10,2007,0.0,14.889999999999418
2007-07-10,2007,0.005,14.889999999999418
2007-07-10,2007,0.0075,14.889999999999418
2007-07-10,2007,0.01,14.889999999999418
2007-07-10,2007,0.015,14.889999999999418
2007-07-13,2007,0.0,-15.019999999998618
2007-07-13,2007,0.005,-15.019999999998618
2007-07-13,2007,0.0075,-15.019999999998618
2007-07-13,2007,0.01,-15.019999999998618
2007-07-13,2007,0.015,-15.019999999998618
2007-07-17,2007,0.0,92.40999999999985
2007-07-17,2007,0.005,47.0866
2007-07-17,2007,0.0075,70.62989999999999
2007-07-17,2007,0.01,94.1732
2007-07-17,2007,0.015,92.40999999999985
2007-07-18,2007,0.0,49.69000000000051
2007-07-18,2007,0.005,47.675200000000004
2007-07-18,2007,0.0075,49.69000000000051
2007-07-18,2007,0.01,49.69000000000051
2007-07-18,2007,0.015,49.69000000000051
2007-07-19,2007,0.0,12.040000000000873
2007-07-19,2007,0.005,12.040000000000873
2007-07-19,2007,0.0075,12.040000000000873
2007-07-19,2007,0.01,12.040000000000873
2007-07-19,2007,0.015,12.040000000000873
2007-07-20,2007,0.0,112.59000000000015
2007-07-20,2007,0.005,47.36655
2007-07-20,2007,0.0075,71.049825
2007-07-20,2007,0.01,94.7331
2007-07-20,2007,0.015,112.59000000000015
2007-07-23,2007,0.0,-35.67000000000007
2007-07-23,2007,0.005,-35.67000000000007
2007-07-23,2007,0.0075,-35.67000000000007
2007-07-23,2007,0.01,-35.67000000000007
2007-07-23,2007,0.015,-35.67000000000007
2007-07-25,2007,0.0,3.930000000000291
2007-07-25,2007,0.005,48.7203
2007-07-25,2007,0.0075,73.08045
2007-07-25,2007,0.01,3.930000000000291
2007-07-25,2007,0.015,3.930000000000291
2007-07-26,2007,0.0,-173.70999999999913
2007-07-26,2007,0.005,48.700649999999996
2007-07-26,2007,0.0075,-173.70999999999913
2007-07-26,2007,0.01,-173.70999999999913
2007-07-26,2007,0.015,-173.70999999999913
2007-07-31,2007,0.0,214.6800000000003
2007-07-31,2007,0.005,45.36285
2007-07-31,2007,0.0075,68.044275
2007-07-31,2007,0.01,90.7257
2007-07-31,2007,0.015,136.08855
2007-08-02,2007,0.0,58.69000000000051
2007-08-02,2007,0.005,44.459399999999995
2007-08-02,2007,0.0075,66.6891
2007-08-02,2007,0.01,88.91879999999999
2007-08-02,2007,0.015,133.3782
2007-08-07,2007,0.0,-79.42000000000007
2007-08-07,2007,0.005,44.70865
2007-08-07,2007,0.0075,67.062975
2007-08-07,2007,0.01,89.4173
2007-08-07,2007,0.015,-79.42000000000007
2007-08-09,2007,0.0,-10.110000000000582
2007-08-09,2007,0.005,-10.110000000000582
2007-08-09,2007,0.0075,-10.110000000000582
2007-08-09,2007,0.01,-10.110000000000582
2007-08-09,2007,0.015,-10.110000000000582
2007-08-13,2007,0.0,7.649999999999636
2007-08-13,2007,0.005,44.656549999999996
2007-08-13,2007,0.0075,66.984825
2007-08-13,2007,0.01,89.31309999999999
2007-08-13,2007,0.015,7.649999999999636
2007-08-20,2007,0.0,-70.73999999999978
2007-08-20,2007,0.005,-70.73999999999978
2007-08-20,2007,0.0075,-70.73999999999978
2007-08-20,2007,0.01,-70.73999999999978
2007-08-20,2007,0.015,-70.73999999999978
2007-08-21,2007,0.0,-36.52000000000044
2007-08-21,2007,0.005,42.578
2007-08-21,2007,0.0075,63.867
2007-08-21,2007,0.01,-36.52000000000044
2007-08-21,2007,0.015,-36.52000000000044
2007-08-23,2007,0.0,239.38000000000102
2007-08-23,2007,0.005,42.467299999999994
2007-08-23,2007,0.0075,63.70094999999999
2007-08-23,2007,0.01,84.93459999999999
2007-08-23,2007,0.015,127.40189999999998
2007-08-27,2007,0.0,28.219999999999345
2007-08-27,2007,0.005,43.450450000000004
2007-08-27,2007,0.0075,65.175675
2007-08-27,2007,0.01,86.90090000000001
2007-08-27,2007,0.015,130.35135
2007-08-28,2007,0.0,-9.239999999999782
2007-08-28,2007,0.005,43.59155
2007-08-28,2007,0.0075,-9.239999999999782
2007-08-28,2007,0.01,-9.239999999999782
2007-08-28,2007,0.015,-9.239999999999782
2007-08-30,2007,0.0,-4.199999999998909
2007-08-30,2007,0.005,-4.199999999998909
2007-08-30,2007,0.0075,-4.199999999998909
2007-08-30,2007,0.01,-4.199999999998909
2007-08-30,2007,0.015,-4.199999999998909
2007-08-31,2007,0.0,210.95000000000073
2007-08-31,2007,0.005,43.856049999999996
2007-08-31,2007,0.0075,65.78407499999999
2007-08-31,2007,0.01,87.71209999999999
2007-08-31,2007,0.015,131.56814999999997
2007-09-03,2007,0.0,-2.2000000000007276
2007-09-03,2007,0.005,-2.2000000000007276
2007-09-03,2007,0.0075,-2.2000000000007276
2007-09-03,2007,0.01,-2.2000000000007276
2007-09-03,2007,0.015,-2.2000000000007276
2007-09-04,2007,0.0,-56.97999999999956
2007-09-04,2007,0.005,44.8998
2007-09-04,2007,0.0075,-56.97999999999956
2007-09-04,2007,0.01,-56.97999999999956
2007-09-04,2007,0.015,-56.97999999999956
2007-09-05,2007,0.0,81.05999999999949
2007-09-05,2007,0.005,44.97455
2007-09-05,2007,0.0075,67.46182499999999
2007-09-05,2007,0.01,89.9491
2007-09-05,2007,0.015,81.05999999999949
2007-09-06,2007,0.0,-103.22999999999956
2007-09-06,2007,0.005,44.569250000000004
2007-09-06,2007,0.0075,66.853875
2007-09-06,2007,0.01,-103.22999999999956
2007-09-06,2007,0.015,-103.22999999999956
2007-09-07,2007,0.0,1.0
2007-09-07,2007,0.005,45.0854
2007-09-07,2007,0.0075,1.0
2007-09-07,2007,0.01,1.0
2007-09-07,2007,0.015,1.0
2007-09-11,2007,0.0,65.54000000000087
2007-09-11,2007,0.005,44.6879
2007-09-11,2007,0.0075,67.03184999999999
2007-09-11,2007,0.01,65.54000000000087
2007-09-11,2007,0.015,65.54000000000087
2007-09-12,2007,0.0,15.0
2007-09-12,2007,0.005,45.015600000000006
2007-09-12,2007,0.0075,67.52340000000001
2007-09-12,2007,0.01,15.0
2007-09-12,2007,0.015,15.0
2007-09-13,2007,0.0,90.70000000000073
2007-09-13,2007,0.005,45.0906
2007-09-13,2007,0.0075,67.6359
2007-09-13,2007,0.01,90.1812
2007-09-13,2007,0.015,90.70000000000073
2007-09-19,2007,0.0,77.07000000000153
2007-09-19,2007,0.005,45.017250000000004
2007-09-19,2007,0.0075,67.525875
2007-09-19,2007,0.01,90.03450000000001
2007-09-19,2007,0.015,77.07000000000153
2007-09-20,2007,0.0,56.650000000001455
2007-09-20,2007,0.005,44.631899999999995
2007-09-20,2007,0.0075,66.94784999999999
2007-09-20,2007,0.01,89.26379999999999
2007-09-20,2007,0.015,133.89569999999998
2007-09-21,2007,0.0,122.25
2007-09-21,2007,0.005,44.915150000000004
2007-09-21,2007,0.0075,67.372725
2007-09-21,2007,0.01,89.83030000000001
2007-09-21,2007,0.015,122.25
2007-09-26,2007,0.0,152.1899999999987
2007-09-26,2007,0.005,45.5264
2007-09-26,2007,0.0075,68.28960000000001
2007-09-26,2007,0.01,91.0528
2007-09-26,2007,0.015,136.57920000000001
2007-09-28,2007,0.0,-1.6999999999989086
2007-09-28,2007,0.005,47.06825
2007-09-28,2007,0.0075,-1.6999999999989086
2007-09-28,2007,0.01,-1.6999999999989086
2007-09-28,2007,0.015,-1.6999999999989086
2007-09-29,2007,0.0,64.56999999999971
2007-09-29,2007,0.005,47.05975
2007-09-29,2007,0.0075,64.56999999999971
2007-09-29,2007,0.01,64.56999999999971
2007-09-29,2007,0.015,64.56999999999971
2007-10-01,2007,0.0,11.979999999999563
2007-10-01,2007,0.005,47.382600000000004
2007-10-01,2007,0.0075,71.0739
2007-10-01,2007,0.01,11.979999999999563
2007-10-01,2007,0.015,11.979999999999563
2007-10-02,2007,0.0,134.75
2007-10-02,2007,0.005,47.4425
2007-10-02,2007,0.0075,71.16375
2007-10-02,2007,0.01,94.885
2007-10-02,2007,0.015,142.3275
2007-10-08,2007,0.0,99.90999999999985
2007-10-08,2007,0.005,48.0863
2007-10-08,2007,0.0075,72.12945
2007-10-08,2007,0.01,96.1726
2007-10-08,2007,0.015,99.90999999999985
2007-10-09,2007,0.0,-77.34000000000015
2007-10-09,2007,0.005,-77.34000000000015
2007-10-09,2007,0.0075,-77.34000000000015
2007-10-09,2007,0.01,-77.34000000000015
2007-10-09,2007,0.015,-77.34000000000015
2007-10-15,2007,0.0,21.980000000001382
2007-10-15,2007,0.005,47.48235
2007-10-15,2007,0.0075,71.223525
2007-10-15,2007,0.01,21.980000000001382
2007-10-15,2007,0.015,21.980000000001382
2007-10-18,2007,0.0,74.90999999999985
2007-10-18,2007,0.005,47.8108
2007-10-18,2007,0.0075,71.7162
2007-10-18,2007,0.01,95.6216
2007-10-18,2007,0.015,74.90999999999985
2007-10-19,2007,0.0,-25.350000000000364
2007-10-19,2007,0.005,-25.350000000000364
2007-10-19,2007,0.0075,-25.350000000000364
2007-10-19,2007,0.01,-25.350000000000364
2007-10-19,2007,0.015,-25.350000000000364
2007-10-23,2007,0.0,141.76000000000022
2007-10-23,2007,0.005,46.803149999999995
2007-10-23,2007,0.0075,70.204725
2007-10-23,2007,0.01,93.60629999999999
2007-10-23,2007,0.015,140.40945
2007-10-30,2007,0.0,-51.94999999999891
2007-10-30,2007,0.005,49.0494
2007-10-30,2007,0.0075,-51.94999999999891
2007-10-30,2007,0.01,-51.94999999999891
2007-10-30,2007,0.015,-51.94999999999891
2007-10-31,2007,0.0,-46.55999999999949
2007-10-31,2007,0.005,-46.55999999999949
2007-10-31,2007,0.0075,-46.55999999999949
2007-10-31,2007,0.01,-46.55999999999949
2007-10-31,2007,0.015,-46.55999999999949
2007-11-01,2007,0.0,-113.14000000000124
2007-11-01,2007,0.005,48.556850000000004
2007-11-01,2007,0.0075,72.83527500000001
2007-11-01,2007,0.01,-113.14000000000124
2007-11-01,2007,0.015,-113.14000000000124
2007-11-02,2007,0.0,325.1399999999994
2007-11-02,2007,0.005,47.99115
2007-11-02,2007,0.0075,71.98672499999999
2007-11-02,2007,0.01,95.9823
2007-11-02,2007,0.015,143.97344999999999
2007-11-05,2007,0.0,35.51000000000022
2007-11-05,2007,0.005,35.51000000000022
2007-11-05,2007,0.0075,35.51000000000022
2007-11-05,2007,0.01,35.51000000000022
2007-11-05,2007,0.015,35.51000000000022
2007-11-06,2007,0.0,15.800000000001091
2007-11-06,2007,0.005,15.800000000001091
2007-11-06,2007,0.0075,15.800000000001091
2007-11-06,2007,0.01,15.800000000001091
2007-11-06,2007,0.015,15.800000000001091
2007-11-07,2007,0.0,7.420000000000073
2007-11-07,2007,0.005,46.464
2007-11-07,2007,0.0075,69.696
2007-11-07,2007,0.01,92.928
2007-11-07,2007,0.015,139.392
2007-11-09,2007,0.0,-33.340000000000146
2007-11-09,2007,0.005,44.6879
2007-11-09,2007,0.0075,67.03184999999999
2007-11-09,2007,0.01,-33.340000000000146
2007-11-09,2007,0.015,-33.340000000000146
2007-11-13,2007,0.0,-56.599999999998545
2007-11-13,2007,0.005,43.35305
2007-11-13,2007,0.0075,65.02957500000001
2007-11-13,2007,0.01,-56.599999999998545
2007-11-13,2007,0.015,-56.599999999998545
2007-11-14,2007,0.0,18.0
2007-11-14,2007,0.005,18.0
2007-11-14,2007,0.0075,18.0
2007-11-14,2007,0.01,18.0
2007-11-14,2007,0.015,18.0
2007-11-15,2007,0.0,37.52000000000044
2007-11-15,2007,0.005,44.71465
2007-11-15,2007,0.0075,37.52000000000044
2007-11-15,2007,0.01,37.52000000000044
2007-11-15,2007,0.015,37.52000000000044
2007-11-21,2007,0.0,196.75
2007-11-21,2007,0.005,43.404300000000006
2007-11-21,2007,0.0075,65.10645
2007-11-21,2007,0.01,86.80860000000001
2007-11-21,2007,0.015,130.2129
2007-11-22,2007,0.0,-15.260000000000218
2007-11-22,2007,0.005,42.420550000000006
2007-11-22,2007,0.0075,63.630825
2007-11-22,2007,0.01,84.84110000000001
2007-11-22,2007,0.015,-15.260000000000218
2007-11-23,2007,0.0,157.17000000000007
2007-11-23,2007,0.005,42.49685
2007-11-23,2007,0.0075,63.74527500000001
2007-11-23,2007,0.01,84.9937
2007-11-23,2007,0.015,127.49055000000001
2007-11-26,2007,0.0,186.1299999999992
2007-11-26,2007,0.005,41.711000000000006
2007-11-26,2007,0.0075,62.566500000000005
2007-11-26,2007,0.01,83.42200000000001
2007-11-26,2007,0.015,125.13300000000001
2007-11-28,2007,0.0,144.17000000000007
2007-11-28,2007,0.005,42.10215
2007-11-28,2007,0.0075,63.153225
2007-11-28,2007,0.01,84.2043
2007-11-28,2007,0.015,126.30645
2007-11-29,2007,0.0,-4.3700000000008
2007-11-29,2007,0.005,42.2133
2007-11-29,2007,0.0075,63.31995
2007-11-29,2007,0.01,-4.3700000000008
2007-11-29,2007,0.015,-4.3700000000008
2007-12-03,2007,0.0,2.5599999999994907
2007-12-03,2007,0.005,2.5599999999994907
2007-12-03,2007,0.0075,2.5599999999994907
2007-12-03,2007,0.01,2.5599999999994907
2007-12-03,2007,0.015,2.5599999999994907
2007-12-04,2007,0.0,67.44000000000051
2007-12-04,2007,0.005,42.919200000000004
2007-12-04,2007,0.0075,64.3788
2007-12-04,2007,0.01,67.44000000000051
2007-12-04,2007,0.015,67.44000000000051
2007-12-06,2007,0.0,82.22999999999956
2007-12-06,2007,0.005,43.883199999999995
2007-12-06,2007,0.0075,65.8248
2007-12-06,2007,0.01,87.76639999999999
2007-12-06,2007,0.015,82.22999999999956
2007-12-07,2007,0.0,27.969999999999345
2007-12-07,2007,0.005,43.47205
2007-12-07,2007,0.0075,65.208075
2007-12-07,2007,0.01,86.9441
2007-12-07,2007,0.015,27.969999999999345
2007-12-10,2007,0.0,-124.34999999999854
2007-12-10,2007,0.005,-124.34999999999854
2007-12-10,2007,0.0075,-124.34999999999854
2007-12-10,2007,0.01,-124.34999999999854
2007-12-10,2007,0.015,-124.34999999999854
2007-12-11,2007,0.0,40.29999999999927
2007-12-11,2007,0.005,42.99015000000001
2007-12-11,2007,0.0075,40.29999999999927
2007-12-11,2007,0.01,40.29999999999927
2007-12-11,2007,0.015,40.29999999999927
2007-12-13,2007,0.0,-302.8900000000003
2007-12-13,2007,0.005,-302.8900000000003
2007-12-13,2007,0.0075,-302.8900000000003
2007-12-13,2007,0.01,-302.8900000000003
2007-12-13,2007,0.015,-302.8900000000003
2007-12-14,2007,0.0,69.86999999999989
2007-12-14,2007,0.005,40.93975
2007-12-14,2007,0.0075,61.409625
2007-12-14,2007,0.01,81.8795
2007-12-14,2007,0.015,122.81925
2007-12-17,2007,0.0,287.22999999999956
2007-12-17,2007,0.005,40.5904
2007-12-17,2007,0.0075,60.8856
2007-12-17,2007,0.01,81.1808
2007-12-17,2007,0.015,121.7712
2007-12-18,2007,0.0,23.460000000000036
2007-12-18,2007,0.005,39.154250000000005
2007-12-18,2007,0.0075,58.731375
2007-12-18,2007,0.01,78.30850000000001
2007-12-18,2007,0.015,117.46275
2007-12-19,2007,0.0,206.92000000000007
2007-12-19,2007,0.005,39.036950000000004
2007-12-19,2007,0.0075,58.555425
2007-12-19,2007,0.01,78.07390000000001
2007-12-19,2007,0.015,117.11085
2007-12-20,2007,0.0,-157.23000000000047
2007-12-20,2007,0.005,-157.23000000000047
2007-12-20,2007,0.0075,-157.23000000000047
2007-12-20,2007,0.01,-157.23000000000047
2007-12-20,2007,0.015,-157.23000000000047
2007-12-21,2007,0.0,84.35999999999967
2007-12-21,2007,0.005,39.2854
2007-12-21,2007,0.0075,58.9281
2007-12-21,2007,0.01,78.5708
2007-12-21,2007,0.015,117.8562
2007-12-24,2007,0.0,194.03999999999996
2007-12-24,2007,0.005,39.7072
2007-12-24,2007,0.0075,59.56079999999999
2007-12-24,2007,0.01,79.4144
2007-12-24,2007,0.015,119.12159999999999
2007-12-25,2007,0.0,31.590000000000146
2007-12-25,2007,0.005,40.6774
2007-12-25,2007,0.0075,31.590000000000146
2007-12-25,2007,0.01,31.590000000000146
2007-12-25,2007,0.015,31.590000000000146
2007-12-26,2007,0.0,-10.679999999999382
2007-12-26,2007,0.005,-10.679999999999382
2007-12-26,2007,0.0075,-10.679999999999382
2007-12-26,2007,0.01,-10.679999999999382
2007-12-26,2007,0.015,-10.679999999999382
2007-12-27,2007,0.0,157.32999999999902
2007-12-27,2007,0.005,40.78195
2007-12-27,2007,0.0075,61.172925
2007-12-27,2007,0.01,81.5639
2007-12-27,2007,0.015,122.34585
2007-12-28,2007,0.0,-83.23000000000138
2007-12-28,2007,0.005,41.568599999999996
2007-12-28,2007,0.0075,-83.23000000000138
2007-12-28,2007,0.01,-83.23000000000138
2007-12-28,2007,0.015,-83.23000000000138
2008-01-04,2008,0.0,-36.900000000000546
2008-01-04,2008,0.005,40.921
2008-01-04,2008,0.0075,61.381499999999996
2008-01-04,2008,0.01,81.842
2008-01-04,2008,0.015,-36.900000000000546
2008-01-10,2008,0.0,-27.789999999999964
2008-01-10,2008,0.005,40.4253
2008-01-10,2008,0.0075,60.637950000000004
2008-01-10,2008,0.01,80.8506
2008-01-10,2008,0.015,-27.789999999999964
2008-01-15,2008,0.0,111.36000000000058
2008-01-15,2008,0.005,42.70100000000001
2008-01-15,2008,0.0075,64.0515
2008-01-15,2008,0.01,85.40200000000002
2008-01-15,2008,0.015,128.103
2008-01-17,2008,0.0,-77.90999999999985
2008-01-17,2008,0.005,40.8977
2008-01-17,2008,0.0075,61.34655
2008-01-17,2008,0.01,81.7954
2008-01-17,2008,0.015,-77.90999999999985
2008-01-18,2008,0.0,-83.01999999999953
2008-01-18,2008,0.005,40.50815
2008-01-18,2008,0.0075,60.762225
2008-01-18,2008,0.01,81.0163
2008-01-18,2008,0.015,121.52445
2008-01-21,2008,0.0,50.11000000000058
2008-01-21,2008,0.005,40.801550000000006
2008-01-21,2008,0.0075,50.11000000000058
2008-01-21,2008,0.01,50.11000000000058
2008-01-21,2008,0.015,50.11000000000058
2008-01-22,2008,0.0,112.44999999999982
2008-01-22,2008,0.005,38.47205
2008-01-22,2008,0.0075,57.708074999999994
2008-01-22,2008,0.01,76.9441
2008-01-22,2008,0.015,115.41614999999999
2008-01-24,2008,0.0,108.65000000000055
2008-01-24,2008,0.005,37.042
2008-01-24,2008,0.0075,55.562999999999995
2008-01-24,2008,0.01,74.084
2008-01-24,2008,0.015,111.12599999999999
2008-01-25,2008,0.0,-30.659999999999854
2008-01-25,2008,0.005,-30.659999999999854
2008-01-25,2008,0.0075,-30.659999999999854
2008-01-25,2008,0.01,-30.659999999999854
2008-01-25,2008,0.015,-30.659999999999854
2008-01-28,2008,0.0,253.80000000000018
2008-01-28,2008,0.005,38.69795
2008-01-28,2008,0.0075,58.046925
2008-01-28,2008,0.01,77.3959
2008-01-28,2008,0.015,116.09385
2008-01-29,2008,0.0,90.63000000000011
2008-01-29,2008,0.005,37.42895
2008-01-29,2008,0.0075,56.143425
2008-01-29,2008,0.01,74.8579
2008-01-29,2008,0.015,112.28685
2008-01-31,2008,0.0,-22.36999999999989
2008-01-31,2008,0.005,-22.36999999999989
2008-01-31,2008,0.0075,-22.36999999999989
2008-01-31,2008,0.01,-22.36999999999989
2008-01-31,2008,0.015,-22.36999999999989
2008-02-01,2008,0.0,152.85999999999967
2008-02-01,2008,0.005,37.605650000000004
2008-02-01,2008,0.0075,56.408474999999996
2008-02-01,2008,0.01,75.21130000000001
2008-02-01,2008,0.015,112.81694999999999
2008-02-12,2008,0.0,-120.6899999999996
2008-02-12,2008,0.005,-120.6899999999996
2008-02-12,2008,0.0075,-120.6899999999996
2008-02-12,2008,0.01,-120.6899999999996
2008-02-12,2008,0.015,-120.6899999999996
2008-02-14,2008,0.0,-100.21999999999935
2008-02-14,2008,0.005,-100.21999999999935
2008-02-14,2008,0.0075,-100.21999999999935
2008-02-14,2008,0.01,-100.21999999999935
2008-02-14,2008,0.015,-100.21999999999935
2008-02-18,2008,0.0,-14.529999999999745
2008-02-18,2008,0.005,-14.529999999999745
2008-02-18,2008,0.0075,-14.529999999999745
2008-02-18,2008,0.01,-14.529999999999745
2008-02-18,2008,0.015,-14.529999999999745
2008-02-19,2008,0.0,-133.51000000000022
2008-02-19,2008,0.005,-133.51000000000022
2008-02-19,2008,0.0075,-133.51000000000022
2008-02-19,2008,0.01,-133.51000000000022
2008-02-19,2008,0.015,-133.51000000000022
2008-02-20,2008,0.0,129.9399999999996
2008-02-20,2008,0.005,40.12205
2008-02-20,2008,0.0075,60.183074999999995
2008-02-20,2008,0.01,80.2441
2008-02-20,2008,0.015,120.36614999999999
2008-02-21,2008,0.0,-74.21000000000004
2008-02-21,2008,0.005,-74.21000000000004
2008-02-21,2008,0.0075,-74.21000000000004
2008-02-21,2008,0.01,-74.21000000000004
2008-02-21,2008,0.015,-74.21000000000004
2008-02-25,2008,0.0,177.59999999999945
2008-02-25,2008,0.005,40.54355
2008-02-25,2008,0.0075,60.815325
2008-02-25,2008,0.01,81.0871
2008-02-25,2008,0.015,121.63065
2008-02-26,2008,0.0,21.360000000000582
2008-02-26,2008,0.005,41.43155
2008-02-26,2008,0.0075,62.147324999999995
2008-02-26,2008,0.01,82.8631
2008-02-26,2008,0.015,21.360000000000582
2008-02-27,2008,0.0,154.40999999999985
2008-02-27,2008,0.005,41.53835
2008-02-27,2008,0.0075,62.307525
2008-02-27,2008,0.01,83.0767
2008-02-27,2008,0.015,124.61505
2008-03-05,2008,0.0,13.840000000000146
2008-03-05,2008,0.005,42.350550000000005
2008-03-05,2008,0.0075,63.525825000000005
2008-03-05,2008,0.01,84.70110000000001
2008-03-05,2008,0.015,13.840000000000146
2008-03-06,2008,0.0,174.6899999999987
2008-03-06,2008,0.005,42.41975000000001
2008-03-06,2008,0.0075,63.629625000000004
2008-03-06,2008,0.01,84.83950000000002
2008-03-06,2008,0.015,127.25925000000001
2008-03-10,2008,0.0,-232.0099999999984
2008-03-10,2008,0.005,-232.0099999999984
2008-03-10,2008,0.0075,-232.0099999999984
2008-03-10,2008,0.01,-232.0099999999984
2008-03-10,2008,0.015,-232.0099999999984
2008-03-11,2008,0.0,-82.22999999999956
2008-03-11,2008,0.005,41.49685
2008-03-11,2008,0.0075,62.24527500000001
2008-03-11,2008,0.01,82.9937
2008-03-11,2008,0.015,-82.22999999999956
2008-03-12,2008,0.0,106.69000000000051
2008-03-12,2008,0.005,42.70995
2008-03-12,2008,0.0075,64.064925
2008-03-12,2008,0.01,85.4199
2008-03-12,2008,0.015,106.69000000000051
2008-03-13,2008,0.0,224.3099999999995
2008-03-13,2008,0.005,42.1765
2008-03-13,2008,0.0075,63.26474999999999
2008-03-13,2008,0.01,84.353
2008-03-13,2008,0.015,126.52949999999998
2008-03-14,2008,0.0,-49.599999999999454
2008-03-14,2008,0.005,41.05495
2008-03-14,2008,0.0075,61.58242499999999
2008-03-14,2008,0.01,82.1099
2008-03-14,2008,0.015,-49.599999999999454
2008-03-19,2008,0.0,17.600000000000364
2008-03-19,2008,0.005,40.984750000000005
2008-03-19,2008,0.0075,17.600000000000364
2008-03-19,2008,0.01,17.600000000000364
2008-03-19,2008,0.015,17.600000000000364
2008-03-21,2008,0.0,187.36999999999898
2008-03-21,2008,0.005,41.688100000000006
2008-03-21,2008,0.0075,62.53215
2008-03-21,2008,0.01,83.37620000000001
2008-03-21,2008,0.015,125.0643
2008-03-24,2008,0.0,340.3600000000006
2008-03-24,2008,0.005,42.62495
2008-03-24,2008,0.0075,63.937425
2008-03-24,2008,0.01,85.2499
2008-03-24,2008,0.015,127.87485
2008-03-25,2008,0.0,76.77000000000044
2008-03-25,2008,0.005,44.359300000000005
2008-03-25,2008,0.0075,66.53895
2008-03-25,2008,0.01,88.71860000000001
2008-03-25,2008,0.015,76.77000000000044
2008-03-26,2008,0.0,-27.06999999999971
2008-03-26,2008,0.005,43.97545
2008-03-26,2008,0.0075,-27.06999999999971
2008-03-26,2008,0.01,-27.06999999999971
2008-03-26,2008,0.015,-27.06999999999971
2008-03-27,2008,0.0,162.0699999999997
2008-03-27,2008,0.005,43.8401
2008-03-27,2008,0.0075,65.76015
2008-03-27,2008,0.01,87.6802
2008-03-27,2008,0.015,131.5203
2008-03-28,2008,0.0,-17.529999999998836
2008-03-28,2008,0.005,-17.529999999998836
2008-03-28,2008,0.0075,-17.529999999998836
2008-03-28,2008,0.01,-17.529999999998836
2008-03-28,2008,0.015,-17.529999999998836
2008-03-31,2008,0.0,50.88999999999942
2008-03-31,2008,0.005,43.117399999999996
2008-03-31,2008,0.0075,64.67609999999999
2008-03-31,2008,0.01,86.23479999999999
2008-03-31,2008,0.015,50.88999999999942
2008-04-01,2008,0.0,-152.8700000000008
2008-04-01,2008,0.005,-152.8700000000008
2008-04-01,2008,0.0075,-152.8700000000008
2008-04-01,2008,0.01,-152.8700000000008
2008-04-01,2008,0.015,-152.8700000000008
2008-04-02,2008,0.0,-61.68000000000029
2008-04-02,2008,0.005,-61.68000000000029
2008-04-02,2008,0.0075,-61.68000000000029
2008-04-02,2008,0.01,-61.68000000000029
2008-04-02,2008,0.015,-61.68000000000029
2008-04-03,2008,0.0,-8.979999999999563
2008-04-03,2008,0.005,-8.979999999999563
2008-04-03,2008,0.0075,-8.979999999999563
2008-04-03,2008,0.01,-8.979999999999563
2008-04-03,2008,0.015,-8.979999999999563
2008-04-08,2008,0.0,-56.94000000000051
2008-04-08,2008,0.005,-56.94000000000051
2008-04-08,2008,0.0075,-56.94000000000051
2008-04-08,2008,0.01,-56.94000000000051
2008-04-08,2008,0.015,-56.94000000000051
2008-04-10,2008,0.0,161.46999999999935
2008-04-10,2008,0.005,43.33965
2008-04-10,2008,0.0075,65.009475
2008-04-10,2008,0.01,86.6793
2008-04-10,2008,0.015,130.01895
2008-04-11,2008,0.0,80.18000000000029
2008-04-11,2008,0.005,44.147
2008-04-11,2008,0.0075,66.2205
2008-04-11,2008,0.01,88.294
2008-04-11,2008,0.015,80.18000000000029
2008-04-15,2008,0.0,-32.100000000000364
2008-04-15,2008,0.005,-32.100000000000364
2008-04-15,2008,0.0075,-32.100000000000364
2008-04-15,2008,0.01,-32.100000000000364
2008-04-15,2008,0.015,-32.100000000000364
2008-04-17,2008,0.0,55.77000000000044
2008-04-17,2008,0.005,45.731
2008-04-17,2008,0.0075,68.5965
2008-04-17,2008,0.01,55.77000000000044
2008-04-17,2008,0.015,55.77000000000044
2008-04-21,2008,0.0,27.05000000000109
2008-04-21,2008,0.005,45.55185
2008-04-21,2008,0.0075,27.05000000000109
2008-04-21,2008,0.01,27.05000000000109
2008-04-21,2008,0.015,27.05000000000109
2008-04-22,2008,0.0,-46.06999999999971
2008-04-22,2008,0.005,-46.06999999999971
2008-04-22,2008,0.0075,-46.06999999999971
2008-04-22,2008,0.01,-46.06999999999971
2008-04-22,2008,0.015,-46.06999999999971
2008-04-24,2008,0.0,58.80999999999949
2008-04-24,2008,0.005,45.2457
2008-04-24,2008,0.0075,67.86855
2008-04-24,2008,0.01,58.80999999999949
2008-04-24,2008,0.015,58.80999999999949
2008-04-25,2008,0.0,-42.5
2008-04-25,2008,0.005,44.95165
2008-04-25,2008,0.0075,67.427475
2008-04-25,2008,0.01,-42.5
2008-04-25,2008,0.015,-42.5
2008-04-30,2008,0.0,28.18000000000029
2008-04-30,2008,0.005,44.4587
2008-04-30,2008,0.0075,66.68804999999999
2008-04-30,2008,0.01,28.18000000000029
2008-04-30,2008,0.015,28.18000000000029
2008-05-02,2008,0.0,27.210000000000946
2008-05-02,2008,0.005,27.210000000000946
2008-05-02,2008,0.0075,27.210000000000946
2008-05-02,2008,0.01,27.210000000000946
2008-05-02,2008,0.015,27.210000000000946
2008-05-07,2008,0.0,68.96999999999935
2008-05-07,2008,0.005,44.28685000000001
2008-05-07,2008,0.0075,66.43027500000001
2008-05-07,2008,0.01,88.57370000000002
2008-05-07,2008,0.015,68.96999999999935
2008-05-08,2008,0.0,59.719999999999345
2008-05-08,2008,0.005,44.6317
2008-05-08,2008,0.0075,66.94754999999999
2008-05-08,2008,0.01,89.2634
2008-05-08,2008,0.015,59.719999999999345
2008-05-09,2008,0.0,-74.23000000000138
2008-05-09,2008,0.005,-74.23000000000138
2008-05-09,2008,0.0075,-74.23000000000138
2008-05-09,2008,0.01,-74.23000000000138
2008-05-09,2008,0.015,-74.23000000000138
2008-05-13,2008,0.0,159.48000000000138
2008-05-13,2008,0.005,44.15025
2008-05-13,2008,0.0075,66.22537499999999
2008-05-13,2008,0.01,88.3005
2008-05-13,2008,0.015,132.45074999999997
2008-05-14,2008,0.0,28.889999999999418
2008-05-14,2008,0.005,44.94765
2008-05-14,2008,0.0075,28.889999999999418
2008-05-14,2008,0.01,28.889999999999418
2008-05-14,2008,0.015,28.889999999999418
2008-05-15,2008,0.0,138.76000000000022
2008-05-15,2008,0.005,45.0921
2008-05-15,2008,0.0075,67.63815
2008-05-15,2008,0.01,90.1842
2008-05-15,2008,0.015,135.2763
2008-05-16,2008,0.0,-6.039999999999054
2008-05-16,2008,0.005,-6.039999999999054
2008-05-16,2008,0.0075,-6.039999999999054
2008-05-16,2008,0.01,-6.039999999999054
2008-05-16,2008,0.015,-6.039999999999054
2008-05-19,2008,0.0,97.79000000000087
2008-05-19,2008,0.005,45.98705
2008-05-19,2008,0.0075,68.980575
2008-05-19,2008,0.01,91.9741
2008-05-19,2008,0.015,97.79000000000087
2008-05-23,2008,0.0,-173.3000000000011
2008-05-23,2008,0.005,-173.3000000000011
2008-05-23,2008,0.0075,-173.3000000000011
2008-05-23,2008,0.01,-173.3000000000011
2008-05-23,2008,0.015,-173.3000000000011
2008-05-26,2008,0.0,126.89999999999964
2008-05-26,2008,0.005,44.17365
2008-05-26,2008,0.0075,66.260475
2008-05-26,2008,0.01,88.3473
2008-05-26,2008,0.015,126.89999999999964
2008-05-27,2008,0.0,-70.55999999999949
2008-05-27,2008,0.005,-70.55999999999949
2008-05-27,2008,0.0075,-70.55999999999949
2008-05-27,2008,0.01,-70.55999999999949
2008-05-27,2008,0.015,-70.55999999999949
2008-05-28,2008,0.0,-112.65999999999985
2008-05-28,2008,0.005,43.89195
2008-05-28,2008,0.0075,-112.65999999999985
2008-05-28,2008,0.01,-112.65999999999985
2008-05-28,2008,0.015,-112.65999999999985
2008-05-29,2008,0.0,19.19000000000051
2008-05-29,2008,0.005,43.328649999999996
2008-05-29,2008,0.0075,64.992975
2008-05-29,2008,0.01,86.65729999999999
2008-05-29,2008,0.015,19.19000000000051
2008-06-02,2008,0.0,105.38999999999942
2008-06-02,2008,0.005,43.0954
2008-06-02,2008,0.0075,64.6431
2008-06-02,2008,0.01,86.1908
2008-06-02,2008,0.015,105.38999999999942
2008-06-03,2008,0.0,145.03999999999905
2008-06-03,2008,0.005,43.62235
2008-06-03,2008,0.0075,65.43352499999999
2008-06-03,2008,0.01,87.2447
2008-06-03,2008,0.015,130.86704999999998
2008-06-05,2008,0.0,110.65999999999985
2008-06-05,2008,0.005,43.138999999999996
2008-06-05,2008,0.0075,64.70849999999999
2008-06-05,2008,0.01,86.27799999999999
2008-06-05,2008,0.015,110.65999999999985
2008-06-06,2008,0.0,6.890000000001237
2008-06-06,2008,0.005,43.692299999999996
2008-06-06,2008,0.0075,65.53845
2008-06-06,2008,0.01,6.890000000001237
2008-06-06,2008,0.015,6.890000000001237
2008-06-11,2008,0.0,24.409999999999854
2008-06-11,2008,0.005,41.85
2008-06-11,2008,0.0075,62.775
2008-06-11,2008,0.01,24.409999999999854
2008-06-11,2008,0.015,24.409999999999854
2008-06-13,2008,0.0,43.279999999999745
2008-06-13,2008,0.005,40.311550000000004
2008-06-13,2008,0.0075,60.467325
2008-06-13,2008,0.01,80.62310000000001
2008-06-13,2008,0.015,43.279999999999745
2008-06-16,2008,0.0,17.699999999999818
2008-06-16,2008,0.005,40.93735
2008-06-16,2008,0.0075,17.699999999999818
2008-06-16,2008,0.01,17.699999999999818
2008-06-16,2008,0.015,17.699999999999818
2008-06-17,2008,0.0,32.02000000000044
2008-06-17,2008,0.005,32.02000000000044
2008-06-17,2008,0.0075,32.02000000000044
2008-06-17,2008,0.01,32.02000000000044
2008-06-17,2008,0.015,32.02000000000044
2008-06-18,2008,0.0,-15.789999999999054
2008-06-18,2008,0.005,41.008950000000006
2008-06-18,2008,0.0075,-15.789999999999054
2008-06-18,2008,0.01,-15.789999999999054
2008-06-18,2008,0.015,-15.789999999999054
2008-06-20,2008,0.0,104.83000000000084
2008-06-20,2008,0.005,40.036350000000006
2008-06-20,2008,0.0075,60.054525
2008-06-20,2008,0.01,80.07270000000001
2008-06-20,2008,0.015,104.83000000000084
2008-06-24,2008,0.0,138.3699999999999
2008-06-24,2008,0.005,39.38245
2008-06-24,2008,0.0075,59.073674999999994
2008-06-24,2008,0.01,78.7649
2008-06-24,2008,0.015,118.14734999999999
2008-06-25,2008,0.0,116.94000000000051
2008-06-25,2008,0.005,38.6906
2008-06-25,2008,0.0075,58.0359
2008-06-25,2008,0.01,77.3812
2008-06-25,2008,0.015,116.0718
2008-06-26,2008,0.0,-43.26000000000022
2008-06-26,2008,0.005,39.2753
2008-06-26,2008,0.0075,-43.26000000000022
2008-06-26,2008,0.01,-43.26000000000022
2008-06-26,2008,0.015,-43.26000000000022
2008-07-08,2008,0.0,-289.2599999999993
2008-07-08,2008,0.005,-289.2599999999993
2008-07-08,2008,0.0075,-289.2599999999993
2008-07-08,2008,0.01,-289.2599999999993
2008-07-08,2008,0.015,-289.2599999999993
2008-07-09,2008,0.0,-3.600000000000364
2008-07-09,2008,0.005,35.25925
2008-07-09,2008,0.0075,52.888875
2008-07-09,2008,0.01,70.5185
2008-07-09,2008,0.015,105.77775
2008-07-11,2008,0.0,169.11000000000058
2008-07-11,2008,0.005,35.37825
2008-07-11,2008,0.0075,53.067375
2008-07-11,2008,0.01,70.7565
2008-07-11,2008,0.015,106.13475
2008-07-15,2008,0.0,322.72000000000025
2008-07-15,2008,0.005,35.784800000000004
2008-07-15,2008,0.0075,53.6772
2008-07-15,2008,0.01,71.56960000000001
2008-07-15,2008,0.015,107.3544
2008-07-16,2008,0.0,-123.59999999999945
2008-07-16,2008,0.005,-123.59999999999945
2008-07-16,2008,0.0075,-123.59999999999945
2008-07-16,2008,0.01,-123.59999999999945
2008-07-16,2008,0.015,-123.59999999999945
2008-07-17,2008,0.0,-54.55000000000018
2008-07-17,2008,0.005,-54.55000000000018
2008-07-17,2008,0.0075,-54.55000000000018
2008-07-17,2008,0.01,-54.55000000000018
2008-07-17,2008,0.015,-54.55000000000018
2008-07-18,2008,0.0,218.40999999999985
2008-07-18,2008,0.005,35.16865
2008-07-18,2008,0.0075,52.75297499999999
2008-07-18,2008,0.01,70.3373
2008-07-18,2008,0.015,105.50594999999998
2008-07-22,2008,0.0,20.020000000000437
2008-07-22,2008,0.005,35.42835
2008-07-22,2008,0.0075,53.142525
2008-07-22,2008,0.01,70.8567
2008-07-22,2008,0.015,20.020000000000437
2008-07-24,2008,0.0,58.25
2008-07-24,2008,0.005,36.54915
2008-07-24,2008,0.0075,54.823724999999996
2008-07-24,2008,0.01,58.25
2008-07-24,2008,0.015,58.25
2008-07-29,2008,0.0,219.14999999999964
2008-07-29,2008,0.005,36.1681
2008-07-29,2008,0.0075,54.25215
2008-07-29,2008,0.01,72.3362
2008-07-29,2008,0.015,108.5043
2008-07-30,2008,0.0,26.75
2008-07-30,2008,0.005,35.4855
2008-07-30,2008,0.0075,26.75
2008-07-30,2008,0.01,26.75
2008-07-30,2008,0.015,26.75
2008-07-31,2008,0.0,-46.289999999999964
2008-07-31,2008,0.005,35.35175
2008-07-31,2008,0.0075,53.027625
2008-07-31,2008,0.01,70.7035
2008-07-31,2008,0.015,-46.289999999999964
2008-08-05,2008,0.0,-163.96000000000004
2008-08-05,2008,0.005,-163.96000000000004
2008-08-05,2008,0.0075,-163.96000000000004
2008-08-05,2008,0.01,-163.96000000000004
2008-08-05,2008,0.015,-163.96000000000004
2008-08-06,2008,0.0,-44.1899999999996
2008-08-06,2008,0.005,34.910250000000005
2008-08-06,2008,0.0075,52.365375
2008-08-06,2008,0.01,-44.1899999999996
2008-08-06,2008,0.015,-44.1899999999996
2008-08-07,2008,0.0,-1.6599999999998545
2008-08-07,2008,0.005,35.1312
2008-08-07,2008,0.0075,52.696799999999996
2008-08-07,2008,0.01,-1.6599999999998545
2008-08-07,2008,0.015,-1.6599999999998545
2008-08-08,2008,0.0,184.46000000000004
2008-08-08,2008,0.005,35.1229
2008-08-08,2008,0.0075,52.684349999999995
2008-08-08,2008,0.01,70.2458
2008-08-08,2008,0.015,105.36869999999999
2008-08-11,2008,0.0,-15.699999999999818
2008-08-11,2008,0.005,-15.699999999999818
2008-08-11,2008,0.0075,-15.699999999999818
2008-08-11,2008,0.01,-15.699999999999818
2008-08-11,2008,0.015,-15.699999999999818
2008-08-12,2008,0.0,-31.81999999999971
2008-08-12,2008,0.005,-31.81999999999971
2008-08-12,2008,0.0075,-31.81999999999971
2008-08-12,2008,0.01,-31.81999999999971
2008-08-12,2008,0.015,-31.81999999999971
2008-08-13,2008,0.0,-1.4600000000000364
2008-08-13,2008,0.005,-1.4600000000000364
2008-08-13,2008,0.0075,-1.4600000000000364
2008-08-13,2008,0.01,-1.4600000000000364
2008-08-13,2008,0.015,-1.4600000000000364
2008-08-15,2008,0.0,-129.5699999999997
2008-08-15,2008,0.005,36.63035
2008-08-15,2008,0.0075,-129.5699999999997
2008-08-15,2008,0.01,-129.5699999999997
2008-08-15,2008,0.015,-129.5699999999997
2008-08-19,2008,0.0,22.139999999999418
2008-08-19,2008,0.005,35.0037
2008-08-19,2008,0.0075,52.50555
2008-08-19,2008,0.01,70.0074
2008-08-19,2008,0.015,105.0111
2008-08-21,2008,0.0,-122.42000000000007
2008-08-21,2008,0.005,-122.42000000000007
2008-08-21,2008,0.0075,-122.42000000000007
2008-08-21,2008,0.01,-122.42000000000007
2008-08-21,2008,0.015,-122.42000000000007
2008-08-25,2008,0.0,119.07999999999993
2008-08-25,2008,0.005,34.5582
2008-08-25,2008,0.0075,51.8373
2008-08-25,2008,0.01,69.1164
2008-08-25,2008,0.015,103.6746
2008-08-26,2008,0.0,66.11999999999989
2008-08-26,2008,0.005,35.153600000000004
2008-08-26,2008,0.0075,52.7304
2008-08-26,2008,0.01,70.30720000000001
2008-08-26,2008,0.015,105.4608
2008-08-28,2008,0.0,-47.600000000000364
2008-08-28,2008,0.005,35.40485
2008-08-28,2008,0.0075,-47.600000000000364
2008-08-28,2008,0.01,-47.600000000000364
2008-08-28,2008,0.015,-47.600000000000364
2008-08-29,2008,0.0,12.739999999999782
2008-08-29,2008,0.005,35.166850000000004
2008-08-29,2008,0.0075,52.750274999999995
2008-08-29,2008,0.01,70.33370000000001
2008-08-29,2008,0.015,12.739999999999782
2008-09-08,2008,0.0,-0.4099999999998545
2008-09-08,2008,0.005,-0.4099999999998545
2008-09-08,2008,0.0075,-0.4099999999998545
2008-09-08,2008,0.01,-0.4099999999998545
2008-09-08,2008,0.015,-0.4099999999998545
2008-09-11,2008,0.0,-206.0600000000004
2008-09-11,2008,0.005,-206.0600000000004
2008-09-11,2008,0.0075,-206.0600000000004
2008-09-11,2008,0.01,-206.0600000000004
2008-09-11,2008,0.015,-206.0600000000004
2008-09-12,2008,0.0,58.73000000000047
2008-09-12,2008,0.005,31.25975
2008-09-12,2008,0.0075,46.889624999999995
2008-09-12,2008,0.01,62.5195
2008-09-12,2008,0.015,93.77924999999999
2008-09-17,2008,0.0,44.279999999999745
2008-09-17,2008,0.005,28.78295
2008-09-17,2008,0.0075,43.174425
2008-09-17,2008,0.01,57.5659
2008-09-17,2008,0.015,86.34885
2008-09-18,2008,0.0,158.92000000000007
2008-09-18,2008,0.005,29.00435
2008-09-18,2008,0.0075,43.506524999999996
2008-09-18,2008,0.01,58.0087
2008-09-18,2008,0.015,87.01304999999999
2008-09-19,2008,0.0,6.699999999999818
2008-09-19,2008,0.005,29.8854
2008-09-19,2008,0.0075,44.8281
2008-09-19,2008,0.01,6.699999999999818
2008-09-19,2008,0.015,6.699999999999818
2008-09-22,2008,0.0,140.22000000000025
2008-09-22,2008,0.005,29.8519
2008-09-22,2008,0.0075,44.77785
2008-09-22,2008,0.01,59.7038
2008-09-22,2008,0.015,89.5557
2008-09-24,2008,0.0,49.60999999999967
2008-09-24,2008,0.005,30.91105
2008-09-24,2008,0.0075,46.366575
2008-09-24,2008,0.01,61.8221
2008-09-24,2008,0.015,49.60999999999967
2008-09-25,2008,0.0,-71.77000000000044
2008-09-25,2008,0.005,30.663000000000004
2008-09-25,2008,0.0075,-71.77000000000044
2008-09-25,2008,0.01,-71.77000000000044
2008-09-25,2008,0.015,-71.77000000000044
2008-09-26,2008,0.0,-131.19999999999982
2008-09-26,2008,0.005,30.30415
2008-09-26,2008,0.0075,-131.19999999999982
2008-09-26,2008,0.01,-131.19999999999982
2008-09-26,2008,0.015,-131.19999999999982
2008-10-01,2008,0.0,11.909999999999854
2008-10-01,2008,0.005,28.8796
2008-10-01,2008,0.0075,43.3194
2008-10-01,2008,0.01,11.909999999999854
2008-10-01,2008,0.015,11.909999999999854
2008-10-02,2008,0.0,60.289999999999964
2008-10-02,2008,0.005,28.820050000000002
2008-10-02,2008,0.0075,43.230075
2008-10-02,2008,0.01,57.640100000000004
2008-10-02,2008,0.015,86.46015
2008-10-06,2008,0.0,236.52999999999975
2008-10-06,2008,0.005,28.71115
2008-10-06,2008,0.0075,43.066725
2008-10-06,2008,0.01,57.4223
2008-10-06,2008,0.015,86.13345
2008-10-14,2008,0.0,3.8299999999999272
2008-10-14,2008,0.005,3.8299999999999272
2008-10-14,2008,0.0075,3.8299999999999272
2008-10-14,2008,0.01,3.8299999999999272
2008-10-14,2008,0.015,3.8299999999999272
2008-10-17,2008,0.0,-25.170000000000073
2008-10-17,2008,0.005,-25.170000000000073
2008-10-17,2008,0.0075,-25.170000000000073
2008-10-17,2008,0.01,-25.170000000000073
2008-10-17,2008,0.015,-25.170000000000073
2008-10-20,2008,0.0,28.55999999999949
2008-10-20,2008,0.005,24.802
2008-10-20,2008,0.0075,37.202999999999996
2008-10-20,2008,0.01,49.604
2008-10-20,2008,0.015,74.40599999999999
2008-10-21,2008,0.0,76.92000000000007
2008-10-21,2008,0.005,25.098200000000002
2008-10-21,2008,0.0075,37.6473
2008-10-21,2008,0.01,50.196400000000004
2008-10-21,2008,0.015,75.2946
2008-10-24,2008,0.0,150.89000000000033
2008-10-24,2008,0.005,23.65255
2008-10-24,2008,0.0075,35.478825
2008-10-24,2008,0.01,47.3051
2008-10-24,2008,0.015,70.95765
2008-10-28,2008,0.0,33.100000000000364
2008-10-28,2008,0.005,21.83435
2008-10-28,2008,0.0075,32.751525
2008-10-28,2008,0.01,43.6687
2008-10-28,2008,0.015,33.100000000000364
2008-10-29,2008,0.0,104.33999999999924
2008-10-29,2008,0.005,22.554299999999998
2008-10-29,2008,0.0075,33.83145
2008-10-29,2008,0.01,45.108599999999996
2008-10-29,2008,0.015,67.6629
2008-10-31,2008,0.0,-154.89999999999964
2008-10-31,2008,0.005,23.5788
2008-10-31,2008,0.0075,-154.89999999999964
2008-10-31,2008,0.01,-154.89999999999964
2008-10-31,2008,0.015,-154.89999999999964
2008-11-03,2008,0.0,124.40000000000055
2008-11-03,2008,0.005,24.3533
2008-11-03,2008,0.0075,36.52995
2008-11-03,2008,0.01,48.7066
2008-11-03,2008,0.015,73.0599
2008-11-05,2008,0.0,49.32999999999993
2008-11-05,2008,0.005,25.13795
2008-11-05,2008,0.0075,37.706925
2008-11-05,2008,0.01,50.2759
2008-11-05,2008,0.015,49.32999999999993
2008-11-10,2008,0.0,-2.0599999999994907
2008-11-10,2008,0.005,23.71165
2008-11-10,2008,0.0075,-2.0599999999994907
2008-11-10,2008,0.01,-2.0599999999994907
2008-11-10,2008,0.015,-2.0599999999994907
2008-11-12,2008,0.0,23.0
2008-11-12,2008,0.005,23.19285
2008-11-12,2008,0.0075,34.789274999999996
2008-11-12,2008,0.01,46.3857
2008-11-12,2008,0.015,69.57854999999999
2008-11-14,2008,0.0,59.039999999999964
2008-11-14,2008,0.005,22.558699999999998
2008-11-14,2008,0.0075,33.838049999999996
2008-11-14,2008,0.01,45.117399999999996
2008-11-14,2008,0.015,67.67609999999999
2008-11-19,2008,0.0,21.090000000000146
2008-11-19,2008,0.005,21.525900000000004
2008-11-19,2008,0.0075,32.288850000000004
2008-11-19,2008,0.01,43.05180000000001
2008-11-19,2008,0.015,64.57770000000001
2008-11-24,2008,0.0,-65.17999999999984
2008-11-24,2008,0.005,-65.17999999999984
2008-11-24,2008,0.0075,-65.17999999999984
2008-11-24,2008,0.01,-65.17999999999984
2008-11-24,2008,0.015,-65.17999999999984
2008-11-25,2008,0.0,11.090000000000146
2008-11-25,2008,0.005,21.3879
2008-11-25,2008,0.0075,32.081849999999996
2008-11-25,2008,0.01,42.7758
2008-11-25,2008,0.015,11.090000000000146
2008-11-27,2008,0.0,-46.31999999999971
2008-11-27,2008,0.005,-46.31999999999971
2008-11-27,2008,0.0075,-46.31999999999971
2008-11-27,2008,0.01,-46.31999999999971
2008-11-27,2008,0.015,-46.31999999999971
2008-11-28,2008,0.0,-11.449999999999818
2008-11-28,2008,0.005,-11.449999999999818
2008-11-28,2008,0.0075,-11.449999999999818
2008-11-28,2008,0.01,-11.449999999999818
2008-11-28,2008,0.015,-11.449999999999818
2008-12-01,2008,0.0,-57.94000000000051
2008-12-01,2008,0.005,22.30245
2008-12-01,2008,0.0075,33.453675
2008-12-01,2008,0.01,-57.94000000000051
2008-12-01,2008,0.015,-57.94000000000051
2008-12-03,2008,0.0,-49.719999999999345
2008-12-03,2008,0.005,21.784899999999997
2008-12-03,2008,0.0075,-49.719999999999345
2008-12-03,2008,0.01,-49.719999999999345
2008-12-03,2008,0.015,-49.719999999999345
2008-12-04,2008,0.0,76.65999999999985
2008-12-04,2008,0.005,21.6581
2008-12-04,2008,0.0075,32.48715
2008-12-04,2008,0.01,43.3162
2008-12-04,2008,0.015,64.9743
2008-12-08,2008,0.0,-32.399999999999636
2008-12-08,2008,0.005,-32.399999999999636
2008-12-08,2008,0.0075,-32.399999999999636
2008-12-08,2008,0.01,-32.399999999999636
2008-12-08,2008,0.015,-32.399999999999636
2008-12-09,2008,0.0,54.32999999999993
2008-12-09,2008,0.005,22.09165
2008-12-09,2008,0.0075,33.137474999999995
2008-12-09,2008,0.01,44.1833
2008-12-09,2008,0.015,66.27494999999999
2008-12-10,2008,0.0,-94.14000000000033
2008-12-10,2008,0.005,-94.14000000000033
2008-12-10,2008,0.0075,-94.14000000000033
2008-12-10,2008,0.01,-94.14000000000033
2008-12-10,2008,0.015,-94.14000000000033
2008-12-11,2008,0.0,-3.300000000000182
2008-12-11,2008,0.005,23.29435
2008-12-11,2008,0.0075,34.941525
2008-12-11,2008,0.01,-3.300000000000182
2008-12-11,2008,0.015,-3.300000000000182
2008-12-15,2008,0.0,34.55000000000018
2008-12-15,2008,0.005,23.241350000000004
2008-12-15,2008,0.0075,34.862025
2008-12-15,2008,0.01,46.48270000000001
2008-12-15,2008,0.015,34.55000000000018
2008-12-16,2008,0.0,-3.1700000000000728
2008-12-16,2008,0.005,23.0686
2008-12-16,2008,0.0075,34.6029
2008-12-16,2008,0.01,46.1372
2008-12-16,2008,0.015,69.2058
2008-12-17,2008,0.0,43.85999999999967
2008-12-17,2008,0.005,23.459400000000002
2008-12-17,2008,0.0075,35.189099999999996
2008-12-17,2008,0.01,46.918800000000005
2008-12-17,2008,0.015,43.85999999999967
2008-12-22,2008,0.0,-158.98000000000047
2008-12-22,2008,0.005,23.472600000000003
2008-12-22,2008,0.0075,35.2089
2008-12-22,2008,0.01,46.94520000000001
2008-12-22,2008,0.015,-158.98000000000047
2008-12-25,2008,0.0,-9.640000000000327
2008-12-25,2008,0.005,-9.640000000000327
2008-12-25,2008,0.0075,-9.640000000000327
2008-12-25,2008,0.01,-9.640000000000327
2008-12-25,2008,0.015,-9.640000000000327
2008-12-26,2008,0.0,11.63000000000011
2008-12-26,2008,0.005,22.067249999999998
2008-12-26,2008,0.0075,33.100874999999995
2008-12-26,2008,0.01,44.134499999999996
2008-12-26,2008,0.015,11.63000000000011
2008-12-31,2008,0.0,13.069999999999709
2008-12-31,2008,0.005,23.02145
2008-12-31,2008,0.0075,34.532174999999995
2008-12-31,2008,0.01,46.0429
2008-12-31,2008,0.015,13.069999999999709
2009-01-05,2009,0.0,51.409999999999854
2009-01-05,2009,0.005,23.748600000000003
2009-01-05,2009,0.0075,35.6229
2009-01-05,2009,0.01,47.49720000000001
2009-01-05,2009,0.015,51.409999999999854
2009-01-06,2009,0.0,28.949999999999818
2009-01-06,2009,0.005,23.491550000000004
2009-01-06,2009,0.0075,35.237325
2009-01-06,2009,0.01,46.98310000000001
2009-01-06,2009,0.015,28.949999999999818
2009-01-07,2009,0.0,-26.539999999999964
2009-01-07,2009,0.005,-26.539999999999964
2009-01-07,2009,0.0075,-26.539999999999964
2009-01-07,2009,0.01,-26.539999999999964
2009-01-07,2009,0.015,-26.539999999999964
2009-01-14,2009,0.0,-10.889999999999418
2009-01-14,2009,0.005,22.6618
2009-01-14,2009,0.0075,33.9927
2009-01-14,2009,0.01,45.3236
2009-01-14,2009,0.015,-10.889999999999418
2009-01-16,2009,0.0,11.199999999999818
2009-01-16,2009,0.005,21.824499999999997
2009-01-16,2009,0.0075,32.736749999999994
2009-01-16,2009,0.01,43.648999999999994
2009-01-16,2009,0.015,11.199999999999818
2009-01-17,2009,0.0,-2.990000000000691
2009-01-17,2009,0.005,-2.990000000000691
2009-01-17,2009,0.0075,-2.990000000000691
2009-01-17,2009,0.01,-2.990000000000691
2009-01-17,2009,0.015,-2.990000000000691
2009-01-19,2009,0.0,21.36999999999989
2009-01-19,2009,0.005,21.36999999999989
2009-01-19,2009,0.0075,21.36999999999989
2009-01-19,2009,0.01,21.36999999999989
2009-01-19,2009,0.015,21.36999999999989
2009-01-20,2009,0.0,26.38000000000011
2009-01-20,2009,0.005,21.34495
2009-01-20,2009,0.0075,26.38000000000011
2009-01-20,2009,0.01,26.38000000000011
2009-01-20,2009,0.015,26.38000000000011
2009-02-02,2009,0.0,-12.009999999999309
2009-02-02,2009,0.005,-12.009999999999309
2009-02-02,2009,0.0075,-12.009999999999309
2009-02-02,2009,0.01,-12.009999999999309
2009-02-02,2009,0.015,-12.009999999999309
2009-02-03,2009,0.0,112.83000000000084
2009-02-03,2009,0.005,21.299899999999997
2009-02-03,2009,0.0075,31.949849999999994
2009-02-03,2009,0.01,42.599799999999995
2009-02-03,2009,0.015,63.89969999999999
2009-02-04,2009,0.0,17.159999999999854
2009-02-04,2009,0.005,21.864050000000002
2009-02-04,2009,0.0075,32.796075
2009-02-04,2009,0.01,43.728100000000005
2009-02-04,2009,0.015,17.159999999999854
2009-02-05,2009,0.0,-26.720000000000255
2009-02-05,2009,0.005,21.94985
2009-02-05,2009,0.0075,-26.720000000000255
2009-02-05,2009,0.01,-26.720000000000255
2009-02-05,2009,0.015,-26.720000000000255
2009-02-06,2009,0.0,14.199999999999818
2009-02-06,2009,0.005,22.42725
2009-02-06,2009,0.0075,14.199999999999818
2009-02-06,2009,0.01,14.199999999999818
2009-02-06,2009,0.015,14.199999999999818
2009-02-09,2009,0.0,48.849999999999454
2009-02-09,2009,0.005,22.7172
2009-02-09,2009,0.0075,34.075799999999994
2009-02-09,2009,0.01,45.4344
2009-02-09,2009,0.015,48.849999999999454
2009-02-12,2009,0.0,109.52999999999975
2009-02-12,2009,0.005,22.879749999999998
2009-02-12,2009,0.0075,34.319624999999995
2009-02-12,2009,0.01,45.759499999999996
2009-02-12,2009,0.015,68.63924999999999
2009-02-13,2009,0.0,126.07999999999993
2009-02-13,2009,0.005,22.3321
2009-02-13,2009,0.0075,33.49815
2009-02-13,2009,0.01,44.6642
2009-02-13,2009,0.015,66.9963
2009-02-16,2009,0.0,-1.2399999999997817
2009-02-16,2009,0.005,-1.2399999999997817
2009-02-16,2009,0.0075,-1.2399999999997817
2009-02-16,2009,0.01,-1.2399999999997817
2009-02-16,2009,0.015,-1.2399999999997817
2009-02-17,2009,0.0,-99.48000000000047
2009-02-17,2009,0.005,-99.48000000000047
2009-02-17,2009,0.0075,-99.48000000000047
2009-02-17,2009,0.01,-99.48000000000047
2009-02-17,2009,0.015,-99.48000000000047
2009-02-19,2009,0.0,30.5
2009-02-19,2009,0.005,22.49185
2009-02-19,2009,0.0075,33.737775
2009-02-19,2009,0.01,44.9837
2009-02-19,2009,0.015,67.47555
2009-02-23,2009,0.0,40.840000000000146
2009-02-23,2009,0.005,22.1847
2009-02-23,2009,0.0075,33.277049999999996
2009-02-23,2009,0.01,44.3694
2009-02-23,2009,0.015,40.840000000000146
2009-02-25,2009,0.0,27.210000000000036
2009-02-25,2009,0.005,22.60475
2009-02-25,2009,0.0075,27.210000000000036
2009-02-25,2009,0.01,27.210000000000036
2009-02-25,2009,0.015,27.210000000000036
2009-02-26,2009,0.0,19.579999999999927
2009-02-26,2009,0.005,22.690700000000003
2009-02-26,2009,0.0075,34.03605
2009-02-26,2009,0.01,45.381400000000006
2009-02-26,2009,0.015,19.579999999999927
2009-02-27,2009,0.0,-38.589999999999236
2009-02-27,2009,0.005,-38.589999999999236
2009-02-27,2009,0.0075,-38.589999999999236
2009-02-27,2009,0.01,-38.589999999999236
2009-02-27,2009,0.015,-38.589999999999236
2009-03-02,2009,0.0,131.3199999999997
2009-03-02,2009,0.005,22.78575
2009-03-02,2009,0.0075,34.178625
2009-03-02,2009,0.01,45.5715
2009-03-02,2009,0.015,68.35725
2009-03-04,2009,0.0,106.07999999999993
2009-03-04,2009,0.005,22.1767
2009-03-04,2009,0.0075,33.26505
2009-03-04,2009,0.01,44.3534
2009-03-04,2009,0.015,66.5301
2009-03-05,2009,0.0,-11.149999999999636
2009-03-05,2009,0.005,23.13025
2009-03-05,2009,0.0075,-11.149999999999636
2009-03-05,2009,0.01,-11.149999999999636
2009-03-05,2009,0.015,-11.149999999999636
2009-03-06,2009,0.0,-16.43000000000029
2009-03-06,2009,0.005,23.186
2009-03-06,2009,0.0075,34.778999999999996
2009-03-06,2009,0.01,-16.43000000000029
2009-03-06,2009,0.015,-16.43000000000029
2009-03-09,2009,0.0,25.390000000000327
2009-03-09,2009,0.005,23.268150000000002
2009-03-09,2009,0.0075,34.902225
2009-03-09,2009,0.01,46.536300000000004
2009-03-09,2009,0.015,69.80445
2009-03-11,2009,0.0,6.269999999999527
2009-03-11,2009,0.005,6.269999999999527
2009-03-11,2009,0.0075,6.269999999999527
2009-03-11,2009,0.01,6.269999999999527
2009-03-11,2009,0.015,6.269999999999527
2009-03-12,2009,0.0,11.590000000000146
2009-03-12,2009,0.005,11.590000000000146
2009-03-12,2009,0.0075,11.590000000000146
2009-03-12,2009,0.01,11.590000000000146
2009-03-12,2009,0.015,11.590000000000146
2009-03-13,2009,0.0,-50.07999999999993
2009-03-13,2009,0.005,-50.07999999999993
2009-03-13,2009,0.0075,-50.07999999999993
2009-03-13,2009,0.01,-50.07999999999993
2009-03-13,2009,0.015,-50.07999999999993
2009-03-16,2009,0.0,73.92999999999938
2009-03-16,2009,0.005,24.486950000000004
2009-03-16,2009,0.0075,36.730425000000004
2009-03-16,2009,0.01,48.97390000000001
2009-03-16,2009,0.015,73.46085000000001
2009-03-18,2009,0.0,7.199999999999818
2009-03-18,2009,0.005,25.273699999999998
2009-03-18,2009,0.0075,7.199999999999818
2009-03-18,2009,0.01,7.199999999999818
2009-03-18,2009,0.015,7.199999999999818
2009-03-19,2009,0.0,63.0
2009-03-19,2009,0.005,25.494650000000004
2009-03-19,2009,0.0075,38.241975000000004
2009-03-19,2009,0.01,50.98930000000001
2009-03-19,2009,0.015,63.0
2009-03-24,2009,0.0,-11.350000000000364
2009-03-24,2009,0.005,-11.350000000000364
2009-03-24,2009,0.0075,-11.350000000000364
2009-03-24,2009,0.01,-11.350000000000364
2009-03-24,2009,0.015,-11.350000000000364
2009-03-25,2009,0.0,-104.19999999999982
2009-03-25,2009,0.005,-104.19999999999982
2009-03-25,2009,0.0075,-104.19999999999982
2009-03-25,2009,0.01,-104.19999999999982
2009-03-25,2009,0.015,-104.19999999999982
2009-03-26,2009,0.0,40.18000000000029
2009-03-26,2009,0.005,26.7319
2009-03-26,2009,0.0075,40.09785
2009-03-26,2009,0.01,53.4638
2009-03-26,2009,0.015,40.18000000000029
2009-03-27,2009,0.0,35.0600000000004
2009-03-27,2009,0.005,27.128800000000002
2009-03-27,2009,0.0075,40.6932
2009-03-27,2009,0.01,54.257600000000004
2009-03-27,2009,0.015,35.0600000000004
2009-03-30,2009,0.0,184.64999999999964
2009-03-30,2009,0.005,26.9535
2009-03-30,2009,0.0075,40.430249999999994
2009-03-30,2009,0.01,53.907
2009-03-30,2009,0.015,80.86049999999999
2009-04-01,2009,0.0,103.60999999999967
2009-04-01,2009,0.005,26.0542
2009-04-01,2009,0.0075,39.0813
2009-04-01,2009,0.01,52.1084
2009-04-01,2009,0.015,78.1626
2009-04-02,2009,0.0,159.32999999999993
2009-04-02,2009,0.005,26.57225
2009-04-02,2009,0.0075,39.858374999999995
2009-04-02,2009,0.01,53.1445
2009-04-02,2009,0.015,79.71674999999999
2009-04-03,2009,0.0,-5.270000000000437
2009-04-03,2009,0.005,-5.270000000000437
2009-04-03,2009,0.0075,-5.270000000000437
2009-04-03,2009,0.01,-5.270000000000437
2009-04-03,2009,0.015,-5.270000000000437
2009-04-06,2009,0.0,17.889999999999418
2009-04-06,2009,0.005,27.870549999999998
2009-04-06,2009,0.0075,41.805825
2009-04-06,2009,0.01,17.889999999999418
2009-04-06,2009,0.015,17.889999999999418
2009-04-09,2009,0.0,-108.27999999999975
2009-04-09,2009,0.005,-108.27999999999975
2009-04-09,2009,0.0075,-108.27999999999975
2009-04-09,2009,0.01,-108.27999999999975
2009-04-09,2009,0.015,-108.27999999999975
2009-04-10,2009,0.0,-59.57999999999993
2009-04-10,2009,0.005,-59.57999999999993
2009-04-10,2009,0.0075,-59.57999999999993
2009-04-10,2009,0.01,-59.57999999999993
2009-04-10,2009,0.015,-59.57999999999993
2009-04-13,2009,0.0,-26.650000000000546
2009-04-13,2009,0.005,29.15495
2009-04-13,2009,0.0075,43.732425
2009-04-13,2009,0.01,-26.650000000000546
2009-04-13,2009,0.015,-26.650000000000546
2009-04-14,2009,0.0,-35.039999999999964
2009-04-14,2009,0.005,29.288200000000003
2009-04-14,2009,0.0075,43.9323
2009-04-14,2009,0.01,58.57640000000001
2009-04-14,2009,0.015,87.8646
2009-04-16,2009,0.0,-121.98000000000047
2009-04-16,2009,0.005,-121.98000000000047
2009-04-16,2009,0.0075,-121.98000000000047
2009-04-16,2009,0.01,-121.98000000000047
2009-04-16,2009,0.015,-121.98000000000047
2009-04-17,2009,0.0,301.3299999999999
2009-04-17,2009,0.005,30.28355
2009-04-17,2009,0.0075,45.425325
2009-04-17,2009,0.01,60.5671
2009-04-17,2009,0.015,90.85065
2009-04-20,2009,0.0,26.279999999999745
2009-04-20,2009,0.005,28.7769
2009-04-20,2009,0.0075,26.279999999999745
2009-04-20,2009,0.01,26.279999999999745
2009-04-20,2009,0.015,26.279999999999745
2009-04-22,2009,0.0,4.699999999999818
2009-04-22,2009,0.005,29.407049999999998
2009-04-22,2009,0.0075,44.110575
2009-04-22,2009,0.01,4.699999999999818
2009-04-22,2009,0.015,4.699999999999818
2009-04-23,2009,0.0,-21.599999999999454
2009-04-23,2009,0.005,-21.599999999999454
2009-04-23,2009,0.0075,-21.599999999999454
2009-04-23,2009,0.01,-21.599999999999454
2009-04-23,2009,0.015,-21.599999999999454
2009-04-27,2009,0.0,-175.72000000000025
2009-04-27,2009,0.005,29.403850000000002
2009-04-27,2009,0.0075,44.105775
2009-04-27,2009,0.01,58.807700000000004
2009-04-27,2009,0.015,-175.72000000000025
2009-04-28,2009,0.0,108.32000000000062
2009-04-28,2009,0.005,28.52525
2009-04-28,2009,0.0075,42.787875
2009-04-28,2009,0.01,57.0505
2009-04-28,2009,0.015,85.57575
2009-04-29,2009,0.0,-17.330000000000837
2009-04-29,2009,0.005,-17.330000000000837
2009-04-29,2009,0.0075,-17.330000000000837
2009-04-29,2009,0.01,-17.330000000000837
2009-04-29,2009,0.015,-17.330000000000837
2009-04-30,2009,0.0,-12.159999999999854
2009-04-30,2009,0.005,-12.159999999999854
2009-04-30,2009,0.0075,-12.159999999999854
2009-04-30,2009,0.01,-12.159999999999854
2009-04-30,2009,0.015,-12.159999999999854
2009-05-05,2009,0.0,-8.969999999999345
2009-05-05,2009,0.005,31.854850000000003
2009-05-05,2009,0.0075,-8.969999999999345
2009-05-05,2009,0.01,-8.969999999999345
2009-05-05,2009,0.015,-8.969999999999345
2009-05-06,2009,0.0,-186.76000000000022
2009-05-06,2009,0.005,-186.76000000000022
2009-05-06,2009,0.0075,-186.76000000000022
2009-05-06,2009,0.01,-186.76000000000022
2009-05-06,2009,0.015,-186.76000000000022
2009-05-07,2009,0.0,6.170000000000073
2009-05-07,2009,0.005,32.8335
2009-05-07,2009,0.0075,49.250249999999994
2009-05-07,2009,0.01,6.170000000000073
2009-05-07,2009,0.015,6.170000000000073
2009-05-11,2009,0.0,-63.63000000000011
2009-05-11,2009,0.005,-63.63000000000011
2009-05-11,2009,0.0075,-63.63000000000011
2009-05-11,2009,0.01,-63.63000000000011
2009-05-11,2009,0.015,-63.63000000000011
2009-05-15,2009,0.0,-14.400000000000546
2009-05-15,2009,0.005,-14.400000000000546
2009-05-15,2009,0.0075,-14.400000000000546
2009-05-15,2009,0.01,-14.400000000000546
2009-05-15,2009,0.015,-14.400000000000546
2009-05-19,2009,0.0,67.88000000000011
2009-05-19,2009,0.005,33.61735
2009-05-19,2009,0.0075,50.426025
2009-05-19,2009,0.01,67.2347
2009-05-19,2009,0.015,100.85205
2009-05-20,2009,0.0,-81.76999999999953
2009-05-20,2009,0.005,-81.76999999999953
2009-05-20,2009,0.0075,-81.76999999999953
2009-05-20,2009,0.01,-81.76999999999953
2009-05-20,2009,0.015,-81.76999999999953
2009-05-21,2009,0.0,15.19000000000051
2009-05-21,2009,0.005,33.5181
2009-05-21,2009,0.0075,15.19000000000051
2009-05-21,2009,0.01,15.19000000000051
2009-05-21,2009,0.015,15.19000000000051
2009-05-25,2009,0.0,-2.8299999999999272
2009-05-25,2009,0.005,33.68645
2009-05-25,2009,0.0075,50.529675
2009-05-25,2009,0.01,67.3729
2009-05-25,2009,0.015,101.05935
2009-05-26,2009,0.0,-51.350000000000364
2009-05-26,2009,0.005,33.6723
2009-05-26,2009,0.0075,50.508449999999996
2009-05-26,2009,0.01,67.3446
2009-05-26,2009,0.015,-51.350000000000364
2009-05-27,2009,0.0,-82.66999999999916
2009-05-27,2009,0.005,-82.66999999999916
2009-05-27,2009,0.0075,-82.66999999999916
2009-05-27,2009,0.01,-82.66999999999916
2009-05-27,2009,0.015,-82.66999999999916
2009-06-01,2009,0.0,63.660000000000764
2009-06-01,2009,0.005,34.4522
2009-06-01,2009,0.0075,51.67829999999999
2009-06-01,2009,0.01,68.9044
2009-06-01,2009,0.015,103.35659999999999
2009-06-02,2009,0.0,88.19999999999982
2009-06-02,2009,0.005,35.1864
2009-06-02,2009,0.0075,52.779599999999995
2009-06-02,2009,0.01,70.3728
2009-06-02,2009,0.015,105.55919999999999
2009-06-05,2009,0.0,28.219999999999345
2009-06-05,2009,0.005,33.9766
2009-06-05,2009,0.0075,50.96489999999999
2009-06-05,2009,0.01,28.219999999999345
2009-06-05,2009,0.015,28.219999999999345
2009-06-06,2009,0.0,-89.63999999999942
2009-06-06,2009,0.005,-89.63999999999942
2009-06-06,2009,0.0075,-89.63999999999942
2009-06-06,2009,0.01,-89.63999999999942
2009-06-06,2009,0.015,-89.63999999999942
2009-06-08,2009,0.0,228.71999999999935
2009-06-08,2009,0.005,34.2837
2009-06-08,2009,0.0075,51.425549999999994
2009-06-08,2009,0.01,68.5674
2009-06-08,2009,0.015,102.85109999999999
2009-06-10,2009,0.0,-2.0900000000001455
2009-06-10,2009,0.005,-2.0900000000001455
2009-06-10,2009,0.0075,-2.0900000000001455
2009-06-10,2009,0.01,-2.0900000000001455
2009-06-10,2009,0.015,-2.0900000000001455
2009-06-11,2009,0.0,105.09999999999945
2009-06-11,2009,0.005,32.311350000000004
2009-06-11,2009,0.0075,48.467025
2009-06-11,2009,0.01,64.62270000000001
2009-06-11,2009,0.015,96.93405
2009-06-12,2009,0.0,119.14000000000033
2009-06-12,2009,0.005,32.83685
2009-06-12,2009,0.0075,49.255275
2009-06-12,2009,0.01,65.6737
2009-06-12,2009,0.015,98.51055
2009-06-15,2009,0.0,222.66999999999916
2009-06-15,2009,0.005,32.24115
2009-06-15,2009,0.0075,48.36172499999999
2009-06-15,2009,0.01,64.4823
2009-06-15,2009,0.015,96.72344999999999
2009-06-16,2009,0.0,4.75
2009-06-16,2009,0.005,31.127800000000004
2009-06-16,2009,0.0075,46.691700000000004
2009-06-16,2009,0.01,62.25560000000001
2009-06-16,2009,0.015,4.75
2009-06-18,2009,0.0,-51.38000000000011
2009-06-18,2009,0.005,30.97955
2009-06-18,2009,0.0075,46.469325
2009-06-18,2009,0.01,61.9591
2009-06-18,2009,0.015,-51.38000000000011
2009-06-19,2009,0.0,-86.61999999999989
2009-06-19,2009,0.005,-86.61999999999989
2009-06-19,2009,0.0075,-86.61999999999989
2009-06-19,2009,0.01,-86.61999999999989
2009-06-19,2009,0.015,-86.61999999999989
2009-06-22,2009,0.0,110.0600000000004
2009-06-22,2009,0.005,31.155749999999998
2009-06-22,2009,0.0075,46.733624999999996
2009-06-22,2009,0.01,62.311499999999995
2009-06-22,2009,0.015,93.46724999999999
2009-06-25,2009,0.0,77.52999999999975
2009-06-25,2009,0.005,31.9004
2009-06-25,2009,0.0075,47.8506
2009-06-25,2009,0.01,63.8008
2009-06-25,2009,0.015,95.7012
2009-06-26,2009,0.0,24.889999999999418
2009-06-26,2009,0.005,24.889999999999418
2009-06-26,2009,0.0075,24.889999999999418
2009-06-26,2009,0.01,24.889999999999418
2009-06-26,2009,0.015,24.889999999999418
2009-07-01,2009,0.0,146.8100000000004
2009-07-01,2009,0.005,32.1608
2009-07-01,2009,0.0075,48.2412
2009-07-01,2009,0.01,64.3216
2009-07-01,2009,0.015,96.4824
2009-07-02,2009,0.0,88.55999999999949
2009-07-02,2009,0.005,32.894850000000005
2009-07-02,2009,0.0075,49.342275
2009-07-02,2009,0.01,65.78970000000001
2009-07-02,2009,0.015,98.68455
2009-07-03,2009,0.0,2.130000000000109
2009-07-03,2009,0.005,33.33765
2009-07-03,2009,0.0075,50.006474999999995
2009-07-03,2009,0.01,2.130000000000109
2009-07-03,2009,0.015,2.130000000000109
2009-07-06,2009,0.0,15.489999999999782
2009-07-06,2009,0.005,33.327
2009-07-06,2009,0.0075,15.489999999999782
2009-07-06,2009,0.01,15.489999999999782
2009-07-06,2009,0.015,15.489999999999782
2009-07-07,2009,0.0,-65.3100000000004
2009-07-07,2009,0.005,-65.3100000000004
2009-07-07,2009,0.0075,-65.3100000000004
2009-07-07,2009,0.01,-65.3100000000004
2009-07-07,2009,0.015,-65.3100000000004
2009-07-10,2009,0.0,12.200000000000728
2009-07-10,2009,0.005,33.9103
2009-07-10,2009,0.0075,12.200000000000728
2009-07-10,2009,0.01,12.200000000000728
2009-07-10,2009,0.015,12.200000000000728
2009-07-13,2009,0.0,-239.03999999999996
2009-07-13,2009,0.005,-239.03999999999996
2009-07-13,2009,0.0075,-239.03999999999996
2009-07-13,2009,0.01,-239.03999999999996
2009-07-13,2009,0.015,-239.03999999999996
2009-07-14,2009,0.0,-31.4399999999996
2009-07-14,2009,0.005,33.03985
2009-07-14,2009,0.0075,-31.4399999999996
2009-07-14,2009,0.01,-31.4399999999996
2009-07-14,2009,0.015,-31.4399999999996
2009-07-15,2009,0.0,99.19000000000051
2009-07-15,2009,0.005,33.19705
2009-07-15,2009,0.0075,49.795575
2009-07-15,2009,0.01,66.3941
2009-07-15,2009,0.015,99.59115
2009-07-16,2009,0.0,81.19999999999982
2009-07-16,2009,0.005,34.3075
2009-07-16,2009,0.0075,51.46125
2009-07-16,2009,0.01,68.615
2009-07-16,2009,0.015,81.19999999999982
2009-07-17,2009,0.0,70.6899999999996
2009-07-17,2009,0.005,33.9015
2009-07-17,2009,0.0075,50.85225
2009-07-17,2009,0.01,67.803
2009-07-17,2009,0.015,70.6899999999996
2009-07-20,2009,0.0,87.86999999999989
2009-07-20,2009,0.005,34.25495
2009-07-20,2009,0.0075,51.382425
2009-07-20,2009,0.01,68.5099
2009-07-20,2009,0.015,102.76485
2009-07-21,2009,0.0,14.480000000000473
2009-07-21,2009,0.005,34.6943
2009-07-21,2009,0.0075,52.04145
2009-07-21,2009,0.01,14.480000000000473
2009-07-21,2009,0.015,14.480000000000473
2009-07-23,2009,0.0,16.4399999999996
2009-07-23,2009,0.005,34.9866
2009-07-23,2009,0.0075,16.4399999999996
2009-07-23,2009,0.01,16.4399999999996
2009-07-23,2009,0.015,16.4399999999996
2009-07-24,2009,0.0,-7.600000000000364
2009-07-24,2009,0.005,34.9044
2009-07-24,2009,0.0075,52.3566
2009-07-24,2009,0.01,-7.600000000000364
2009-07-24,2009,0.015,-7.600000000000364
2009-07-27,2009,0.0,-55.150000000000546
2009-07-27,2009,0.005,-55.150000000000546
2009-07-27,2009,0.0075,-55.150000000000546
2009-07-27,2009,0.01,-55.150000000000546
2009-07-27,2009,0.015,-55.150000000000546
2009-07-28,2009,0.0,114.19999999999982
2009-07-28,2009,0.005,35.14215
2009-07-28,2009,0.0075,52.713225
2009-07-28,2009,0.01,70.2843
2009-07-28,2009,0.015,105.42645
2009-07-29,2009,0.0,-59.0
2009-07-29,2009,0.005,35.71315
2009-07-29,2009,0.0075,-59.0
2009-07-29,2009,0.01,-59.0
2009-07-29,2009,0.015,-59.0
2009-07-31,2009,0.0,50.600000000000364
2009-07-31,2009,0.005,35.13555
2009-07-31,2009,0.0075,52.70332499999999
2009-07-31,2009,0.01,70.2711
2009-07-31,2009,0.015,50.600000000000364
2009-08-03,2009,0.0,-21.0
2009-08-03,2009,0.005,-21.0
2009-08-03,2009,0.0075,-21.0
2009-08-03,2009,0.01,-21.0
2009-08-03,2009,0.015,-21.0
2009-08-04,2009,0.0,-100.84000000000015
2009-08-04,2009,0.005,35.28355
2009-08-04,2009,0.0075,52.925325
2009-08-04,2009,0.01,70.5671
2009-08-04,2009,0.015,-100.84000000000015
2009-08-05,2009,0.0,-107.63000000000011
2009-08-05,2009,0.005,34.77935
2009-08-05,2009,0.0075,52.169025
2009-08-05,2009,0.01,-107.63000000000011
2009-08-05,2009,0.015,-107.63000000000011
2009-08-06,2009,0.0,-20.409999999999854
2009-08-06,2009,0.005,34.2412
2009-08-06,2009,0.0075,51.361799999999995
2009-08-06,2009,0.01,68.4824
2009-08-06,2009,0.015,-20.409999999999854
2009-08-11,2009,0.0,-26.150000000000546
2009-08-11,2009,0.005,34.41435
2009-08-11,2009,0.0075,51.621525
2009-08-11,2009,0.01,68.8287
2009-08-11,2009,0.015,-26.150000000000546
2009-08-12,2009,0.0,10.1200000000008
2009-08-12,2009,0.005,34.545100000000005
2009-08-12,2009,0.0075,10.1200000000008
2009-08-12,2009,0.01,10.1200000000008
2009-08-12,2009,0.015,10.1200000000008
2009-08-13,2009,0.0,136.0600000000004
2009-08-13,2009,0.005,34.4945
2009-08-13,2009,0.0075,51.741749999999996
2009-08-13,2009,0.01,68.989
2009-08-13,2009,0.015,103.48349999999999
2009-08-14,2009,0.0,35.98999999999978
2009-08-14,2009,0.005,35.5275
2009-08-14,2009,0.0075,35.98999999999978
2009-08-14,2009,0.01,35.98999999999978
2009-08-14,2009,0.015,35.98999999999978
2009-08-19,2009,0.0,14.949999999999818
2009-08-19,2009,0.005,14.949999999999818
2009-08-19,2009,0.0075,14.949999999999818
2009-08-19,2009,0.01,14.949999999999818
2009-08-19,2009,0.015,14.949999999999818
2009-08-20,2009,0.0,-55.350000000000364
2009-08-20,2009,0.005,-55.350000000000364
2009-08-20,2009,0.0075,-55.350000000000364
2009-08-20,2009,0.01,-55.350000000000364
2009-08-20,2009,0.015,-55.350000000000364
2009-08-21,2009,0.0,-78.42999999999938
2009-08-21,2009,0.005,33.66615
2009-08-21,2009,0.0075,50.499224999999996
2009-08-21,2009,0.01,67.3323
2009-08-21,2009,0.015,-78.42999999999938
2009-08-24,2009,0.0,183.44999999999982
2009-08-24,2009,0.005,33.274
2009-08-24,2009,0.0075,49.911
2009-08-24,2009,0.01,66.548
2009-08-24,2009,0.015,99.822
2009-08-26,2009,0.0,-90.19999999999982
2009-08-26,2009,0.005,-90.19999999999982
2009-08-26,2009,0.0075,-90.19999999999982
2009-08-26,2009,0.01,-90.19999999999982
2009-08-26,2009,0.015,-90.19999999999982
2009-08-27,2009,0.0,-28.460000000000036
2009-08-27,2009,0.005,33.59605
2009-08-27,2009,0.0075,-28.460000000000036
2009-08-27,2009,0.01,-28.460000000000036
2009-08-27,2009,0.015,-28.460000000000036
2009-08-28,2009,0.0,119.10999999999967
2009-08-28,2009,0.005,33.45375
2009-08-28,2009,0.0075,50.180625
2009-08-28,2009,0.01,66.9075
2009-08-28,2009,0.015,100.36125
2009-08-31,2009,0.0,-23.729999999999563
2009-08-31,2009,0.005,34.0111
2009-08-31,2009,0.0075,-23.729999999999563
2009-08-31,2009,0.01,-23.729999999999563
2009-08-31,2009,0.015,-23.729999999999563
2009-09-01,2009,0.0,-193.80000000000018
2009-09-01,2009,0.005,-193.80000000000018
2009-09-01,2009,0.0075,-193.80000000000018
2009-09-01,2009,0.01,-193.80000000000018
2009-09-01,2009,0.015,-193.80000000000018
2009-09-04,2009,0.0,48.48000000000047
2009-09-04,2009,0.005,35.52325
2009-09-04,2009,0.0075,53.28487499999999
2009-09-04,2009,0.01,71.0465
2009-09-04,2009,0.015,48.48000000000047
2009-09-07,2009,0.0,4.300000000000182
2009-09-07,2009,0.005,36.14445
2009-09-07,2009,0.0075,4.300000000000182
2009-09-07,2009,0.01,4.300000000000182
2009-09-07,2009,0.015,4.300000000000182
2009-09-08,2009,0.0,-58.72999999999956
2009-09-08,2009,0.005,-58.72999999999956
2009-09-08,2009,0.0075,-58.72999999999956
2009-09-08,2009,0.01,-58.72999999999956
2009-09-08,2009,0.015,-58.72999999999956
2009-09-09,2009,0.0,47.710000000000036
2009-09-09,2009,0.005,36.49215
2009-09-09,2009,0.0075,47.710000000000036
2009-09-09,2009,0.01,47.710000000000036
2009-09-09,2009,0.015,47.710000000000036
2009-09-10,2009,0.0,81.35999999999967
2009-09-10,2009,0.005,36.2536
2009-09-10,2009,0.0075,54.3804
2009-09-10,2009,0.01,72.5072
2009-09-10,2009,0.015,108.7608
2009-09-11,2009,0.0,5.0600000000004
2009-09-11,2009,0.005,5.0600000000004
2009-09-11,2009,0.0075,5.0600000000004
2009-09-11,2009,0.01,5.0600000000004
2009-09-11,2009,0.015,5.0600000000004
2009-09-14,2009,0.0,80.19000000000051
2009-09-14,2009,0.005,36.685700000000004
2009-09-14,2009,0.0075,55.02855
2009-09-14,2009,0.01,73.37140000000001
2009-09-14,2009,0.015,110.0571
2009-09-15,2009,0.0,89.3100000000004
2009-09-15,2009,0.005,36.28475
2009-09-15,2009,0.0075,54.427125
2009-09-15,2009,0.01,72.5695
2009-09-15,2009,0.015,89.3100000000004
2009-09-16,2009,0.0,93.97999999999956
2009-09-16,2009,0.005,36.731300000000005
2009-09-16,2009,0.0075,55.09695
2009-09-16,2009,0.01,73.46260000000001
2009-09-16,2009,0.015,110.1939
2009-09-17,2009,0.0,37.0600000000004
2009-09-17,2009,0.005,37.2012
2009-09-17,2009,0.0075,55.80179999999999
2009-09-17,2009,0.01,37.0600000000004
2009-09-17,2009,0.015,37.0600000000004
2009-09-18,2009,0.0,-49.25
2009-09-18,2009,0.005,37.386500000000005
2009-09-18,2009,0.0075,-49.25
2009-09-18,2009,0.01,-49.25
2009-09-18,2009,0.015,-49.25
2009-09-21,2009,0.0,-24.090000000000146
2009-09-21,2009,0.005,-24.090000000000146
2009-09-21,2009,0.0075,-24.090000000000146
2009-09-21,2009,0.01,-24.090000000000146
2009-09-21,2009,0.015,-24.090000000000146
2009-09-23,2009,0.0,-92.26999999999953
2009-09-23,2009,0.005,37.34515
2009-09-23,2009,0.0075,56.017725
2009-09-23,2009,0.01,-92.26999999999953
2009-09-23,2009,0.015,-92.26999999999953
2009-09-24,2009,0.0,-52.539999999999964
2009-09-24,2009,0.005,-52.539999999999964
2009-09-24,2009,0.0075,-52.539999999999964
2009-09-24,2009,0.01,-52.539999999999964
2009-09-24,2009,0.015,-52.539999999999964
2009-09-29,2009,0.0,-39.05999999999949
2009-09-29,2009,0.005,-39.05999999999949
2009-09-29,2009,0.0075,-39.05999999999949
2009-09-29,2009,0.01,-39.05999999999949
2009-09-29,2009,0.015,-39.05999999999949
2009-09-30,2009,0.0,-79.19000000000051
2009-09-30,2009,0.005,-79.19000000000051
2009-09-30,2009,0.0075,-79.19000000000051
2009-09-30,2009,0.01,-79.19000000000051
2009-09-30,2009,0.015,-79.19000000000051
2009-10-01,2009,0.0,36.11999999999989
2009-10-01,2009,0.005,37.54585
2009-10-01,2009,0.0075,56.318774999999995
2009-10-01,2009,0.01,75.0917
2009-10-01,2009,0.015,36.11999999999989
2009-10-05,2009,0.0,-26.099999999999454
2009-10-05,2009,0.005,-26.099999999999454
2009-10-05,2009,0.0075,-26.099999999999454
2009-10-05,2009,0.01,-26.099999999999454
2009-10-05,2009,0.015,-26.099999999999454
2009-10-06,2009,0.0,-23.07000000000062
2009-10-06,2009,0.005,-23.07000000000062
2009-10-06,2009,0.0075,-23.07000000000062
2009-10-06,2009,0.01,-23.07000000000062
2009-10-06,2009,0.015,-23.07000000000062
2009-10-07,2009,0.0,-21.579999999999927
2009-10-07,2009,0.005,-21.579999999999927
2009-10-07,2009,0.0075,-21.579999999999927
2009-10-07,2009,0.01,-21.579999999999927
2009-10-07,2009,0.015,-21.579999999999927
2009-10-12,2009,0.0,-17.600000000000364
2009-10-12,2009,0.005,37.9114
2009-10-12,2009,0.0075,-17.600000000000364
2009-10-12,2009,0.01,-17.600000000000364
2009-10-12,2009,0.015,-17.600000000000364
2009-10-13,2009,0.0,-3.2799999999997453
2009-10-13,2009,0.005,-3.2799999999997453
2009-10-13,2009,0.0075,-3.2799999999997453
2009-10-13,2009,0.01,-3.2799999999997453
2009-10-13,2009,0.015,-3.2799999999997453
2009-10-15,2009,0.0,14.649999999999636
2009-10-15,2009,0.005,38.47875
2009-10-15,2009,0.0075,57.718125
2009-10-15,2009,0.01,76.9575
2009-10-15,2009,0.015,14.649999999999636
2009-10-16,2009,0.0,-4.700000000000728
2009-10-16,2009,0.005,-4.700000000000728
2009-10-16,2009,0.0075,-4.700000000000728
2009-10-16,2009,0.01,-4.700000000000728
2009-10-16,2009,0.015,-4.700000000000728
2009-10-20,2009,0.0,2.2000000000007276
2009-10-20,2009,0.005,38.7566
2009-10-20,2009,0.0075,58.134899999999995
2009-10-20,2009,0.01,2.2000000000007276
2009-10-20,2009,0.015,2.2000000000007276
2009-10-22,2009,0.0,93.56999999999971
2009-10-22,2009,0.005,38.5075
2009-10-22,2009,0.0075,57.76125
2009-10-22,2009,0.01,77.015
2009-10-22,2009,0.015,115.5225
2009-10-23,2009,0.0,41.349999999999454
2009-10-23,2009,0.005,38.03965
2009-10-23,2009,0.0075,57.059475
2009-10-23,2009,0.01,41.349999999999454
2009-10-23,2009,0.015,41.349999999999454
2009-10-27,2009,0.0,-11.05999999999949
2009-10-27,2009,0.005,-11.05999999999949
2009-10-27,2009,0.0075,-11.05999999999949
2009-10-27,2009,0.01,-11.05999999999949
2009-10-27,2009,0.015,-11.05999999999949
2009-10-30,2009,0.0,50.14000000000033
2009-10-30,2009,0.005,36.951100000000004
2009-10-30,2009,0.0075,50.14000000000033
2009-10-30,2009,0.01,50.14000000000033
2009-10-30,2009,0.015,50.14000000000033
2009-11-03,2009,0.0,-12.25
2009-11-03,2009,0.005,-12.25
2009-11-03,2009,0.0075,-12.25
2009-11-03,2009,0.01,-12.25
2009-11-03,2009,0.015,-12.25
2009-11-04,2009,0.0,-144.10999999999967
2009-11-04,2009,0.005,-144.10999999999967
2009-11-04,2009,0.0075,-144.10999999999967
2009-11-04,2009,0.01,-144.10999999999967
2009-11-04,2009,0.015,-144.10999999999967
2009-11-05,2009,0.0,-49.57999999999993
2009-11-05,2009,0.005,-49.57999999999993
2009-11-05,2009,0.0075,-49.57999999999993
2009-11-05,2009,0.01,-49.57999999999993
2009-11-05,2009,0.015,-49.57999999999993
2009-11-06,2009,0.0,34.649999999999636
2009-11-06,2009,0.005,37.4885
2009-11-06,2009,0.0075,34.649999999999636
2009-11-06,2009,0.01,34.649999999999636
2009-11-06,2009,0.015,34.649999999999636
2009-11-10,2009,0.0,-1.1799999999993815
2009-11-10,2009,0.005,-1.1799999999993815
2009-11-10,2009,0.0075,-1.1799999999993815
2009-11-10,2009,0.01,-1.1799999999993815
2009-11-10,2009,0.015,-1.1799999999993815
2009-11-11,2009,0.0,74.57000000000062
2009-11-11,2009,0.005,37.96745
2009-11-11,2009,0.0075,56.951175
2009-11-11,2009,0.01,75.9349
2009-11-11,2009,0.015,74.57000000000062
2009-11-12,2009,0.0,2.869999999999891
2009-11-12,2009,0.005,38.340300000000006
2009-11-12,2009,0.0075,2.869999999999891
2009-11-12,2009,0.01,2.869999999999891
2009-11-12,2009,0.015,2.869999999999891
2009-11-16,2009,0.0,127.05000000000018
2009-11-16,2009,0.005,38.32815
2009-11-16,2009,0.0075,57.492225
2009-11-16,2009,0.01,76.6563
2009-11-16,2009,0.015,114.98445
2009-11-17,2009,0.0,-59.470000000000255
2009-11-17,2009,0.005,38.9634
2009-11-17,2009,0.0075,58.4451
2009-11-17,2009,0.01,77.9268
2009-11-17,2009,0.015,-59.470000000000255
2009-11-18,2009,0.0,33.47999999999956
2009-11-18,2009,0.005,38.66605
2009-11-18,2009,0.0075,57.999075
2009-11-18,2009,0.01,33.47999999999956
2009-11-18,2009,0.015,33.47999999999956
2009-11-24,2009,0.0,27.410000000000764
2009-11-24,2009,0.005,38.43575
2009-11-24,2009,0.0075,27.410000000000764
2009-11-24,2009,0.01,27.410000000000764
2009-11-24,2009,0.015,27.410000000000764
2009-11-25,2009,0.0,41.75
2009-11-25,2009,0.005,38.5728
2009-11-25,2009,0.0075,57.8592
2009-11-25,2009,0.01,41.75
2009-11-25,2009,0.015,41.75
2009-11-26,2009,0.0,-17.150000000000546
2009-11-26,2009,0.005,38.78155
2009-11-26,2009,0.0075,58.172325
2009-11-26,2009,0.01,-17.150000000000546
2009-11-26,2009,0.015,-17.150000000000546
2009-11-27,2009,0.0,-248.25
2009-11-27,2009,0.005,-248.25
2009-11-27,2009,0.0075,-248.25
2009-11-27,2009,0.01,-248.25
2009-11-27,2009,0.015,-248.25
2009-11-30,2009,0.0,-91.30000000000018
2009-11-30,2009,0.005,-91.30000000000018
2009-11-30,2009,0.0075,-91.30000000000018
2009-11-30,2009,0.01,-91.30000000000018
2009-11-30,2009,0.015,-91.30000000000018
2009-12-01,2009,0.0,67.01999999999953
2009-12-01,2009,0.005,37.91105
2009-12-01,2009,0.0075,56.866575
2009-12-01,2009,0.01,75.8221
2009-12-01,2009,0.015,67.01999999999953
2009-12-02,2009,0.0,28.350000000000364
2009-12-02,2009,0.005,28.350000000000364
2009-12-02,2009,0.0075,28.350000000000364
2009-12-02,2009,0.01,28.350000000000364
2009-12-02,2009,0.015,28.350000000000364
2009-12-03,2009,0.0,7.050000000000182
2009-12-03,2009,0.005,38.3881
2009-12-03,2009,0.0075,57.58215
2009-12-03,2009,0.01,7.050000000000182
2009-12-03,2009,0.015,7.050000000000182
2009-12-04,2009,0.0,-33.76000000000022
2009-12-04,2009,0.005,-33.76000000000022
2009-12-04,2009,0.0075,-33.76000000000022
2009-12-04,2009,0.01,-33.76000000000022
2009-12-04,2009,0.015,-33.76000000000022
2009-12-07,2009,0.0,-52.210000000000036
2009-12-07,2009,0.005,-52.210000000000036
2009-12-07,2009,0.0075,-52.210000000000036
2009-12-07,2009,0.01,-52.210000000000036
2009-12-07,2009,0.015,-52.210000000000036
2009-12-08,2009,0.0,-6.930000000000291
2009-12-08,2009,0.005,-6.930000000000291
2009-12-08,2009,0.0075,-6.930000000000291
2009-12-08,2009,0.01,-6.930000000000291
2009-12-08,2009,0.015,-6.930000000000291
2009-12-09,2009,0.0,28.710000000000036
2009-12-09,2009,0.005,28.710000000000036
2009-12-09,2009,0.0075,28.710000000000036
2009-12-09,2009,0.01,28.710000000000036
2009-12-09,2009,0.015,28.710000000000036
2009-12-10,2009,0.0,-119.51000000000022
2009-12-10,2009,0.005,-119.51000000000022
2009-12-10,2009,0.0075,-119.51000000000022
2009-12-10,2009,0.01,-119.51000000000022
2009-12-10,2009,0.015,-119.51000000000022
2009-12-15,2009,0.0,-11.510000000000218
2009-12-15,2009,0.005,-11.510000000000218
2009-12-15,2009,0.0075,-11.510000000000218
2009-12-15,2009,0.01,-11.510000000000218
2009-12-15,2009,0.015,-11.510000000000218
2009-12-17,2009,0.0,-9.430000000000291
2009-12-17,2009,0.005,38.758
2009-12-17,2009,0.0075,58.137
2009-12-17,2009,0.01,77.516
2009-12-17,2009,0.015,-9.430000000000291
2009-12-18,2009,0.0,-11.460000000000036
2009-12-18,2009,0.005,38.71085
2009-12-18,2009,0.0075,-11.460000000000036
2009-12-18,2009,0.01,-11.460000000000036
2009-12-18,2009,0.015,-11.460000000000036
2009-12-21,2009,0.0,33.64000000000033
2009-12-21,2009,0.005,38.76815
2009-12-21,2009,0.0075,58.152225
2009-12-21,2009,0.01,33.64000000000033
2009-12-21,2009,0.015,33.64000000000033
2009-12-22,2009,0.0,-25.4399999999996
2009-12-22,2009,0.005,-25.4399999999996
2009-12-22,2009,0.0075,-25.4399999999996
2009-12-22,2009,0.01,-25.4399999999996
2009-12-22,2009,0.015,-25.4399999999996
2009-12-23,2009,0.0,45.5
2009-12-23,2009,0.005,39.28
2009-12-23,2009,0.0075,45.5
2009-12-23,2009,0.01,45.5
2009-12-23,2009,0.015,45.5
2009-12-24,2009,0.0,62.039999999999964
2009-12-24,2009,0.005,39.5075
2009-12-24,2009,0.0075,59.26125
2009-12-24,2009,0.01,79.015
2009-12-24,2009,0.015,62.039999999999964
2009-12-25,2009,0.0,9.050000000000182
2009-12-25,2009,0.005,39.8177
2009-12-25,2009,0.0075,9.050000000000182
2009-12-25,2009,0.01,9.050000000000182
2009-12-25,2009,0.015,9.050000000000182
2009-12-28,2009,0.0,84.89999999999964
2009-12-28,2009,0.005,39.862950000000005
2009-12-28,2009,0.0075,59.794425
2009-12-28,2009,0.01,79.72590000000001
2009-12-28,2009,0.015,84.89999999999964
2009-12-31,2009,0.0,75.82999999999993
2009-12-31,2009,0.005,40.5614
2009-12-31,2009,0.0075,60.842099999999995
2009-12-31,2009,0.01,75.82999999999993
2009-12-31,2009,0.015,75.82999999999993
2010-01-05,2010,0.0,3.5499999999992724
2010-01-05,2010,0.005,41.03925
2010-01-05,2010,0.0075,61.558875
2010-01-05,2010,0.01,3.5499999999992724
2010-01-05,2010,0.015,3.5499999999992724
2010-01-06,2010,0.0,116.22000000000116
2010-01-06,2010,0.005,41.057
2010-01-06,2010,0.0075,61.585499999999996
2010-01-06,2010,0.01,82.114
2010-01-06,2010,0.015,116.22000000000116
2010-01-08,2010,0.0,-43.47999999999956
2010-01-08,2010,0.005,41.1871
2010-01-08,2010,0.0075,-43.47999999999956
2010-01-08,2010,0.01,-43.47999999999956
2010-01-08,2010,0.015,-43.47999999999956
2010-01-11,2010,0.0,42.92000000000007
2010-01-11,2010,0.005,41.4045
2010-01-11,2010,0.0075,62.10675
2010-01-11,2010,0.01,42.92000000000007
2010-01-11,2010,0.015,42.92000000000007
2010-01-14,2010,0.0,93.42000000000007
2010-01-14,2010,0.005,40.9828
2010-01-14,2010,0.0075,61.474199999999996
2010-01-14,2010,0.01,81.9656
2010-01-14,2010,0.015,93.42000000000007
2010-01-20,2010,0.0,-28.06999999999971
2010-01-20,2010,0.005,41.245
2010-01-20,2010,0.0075,-28.06999999999971
2010-01-20,2010,0.01,-28.06999999999971
2010-01-20,2010,0.015,-28.06999999999971
2010-01-26,2010,0.0,-274.1799999999994
2010-01-26,2010,0.005,39.36495
2010-01-26,2010,0.0075,-274.1799999999994
2010-01-26,2010,0.01,-274.1799999999994
2010-01-26,2010,0.015,-274.1799999999994
2010-01-28,2010,0.0,134.55000000000018
2010-01-28,2010,0.005,37.80015
2010-01-28,2010,0.0075,56.700224999999996
2010-01-28,2010,0.01,75.6003
2010-01-28,2010,0.015,113.40044999999999
2010-02-02,2010,0.0,169.76000000000022
2010-02-02,2010,0.005,37.99685
2010-02-02,2010,0.0075,56.995275
2010-02-02,2010,0.01,75.9937
2010-02-02,2010,0.015,113.99055
2010-02-03,2010,0.0,118.36999999999989
2010-02-03,2010,0.005,37.14805
2010-02-03,2010,0.0075,55.722075
2010-02-03,2010,0.01,74.2961
2010-02-03,2010,0.015,111.44415
2010-02-06,2010,0.0,-9.479999999999563
2010-02-06,2010,0.005,36.01695
2010-02-06,2010,0.0075,54.025425
2010-02-06,2010,0.01,72.0339
2010-02-06,2010,0.015,108.05085
2010-02-08,2010,0.0,-6.569999999999709
2010-02-08,2010,0.005,-6.569999999999709
2010-02-08,2010,0.0075,-6.569999999999709
2010-02-08,2010,0.01,-6.569999999999709
2010-02-08,2010,0.015,-6.569999999999709
2010-02-10,2010,0.0,80.80000000000018
2010-02-10,2010,0.005,36.8052
2010-02-10,2010,0.0075,55.2078
2010-02-10,2010,0.01,73.6104
2010-02-10,2010,0.015,110.4156
2010-02-22,2010,0.0,118.19999999999982
2010-02-22,2010,0.005,37.2092
2010-02-22,2010,0.0075,55.8138
2010-02-22,2010,0.01,74.4184
2010-02-22,2010,0.015,111.6276
2010-02-25,2010,0.0,-102.71000000000004
2010-02-25,2010,0.005,37.64835
2010-02-25,2010,0.0075,-102.71000000000004
2010-02-25,2010,0.01,-102.71000000000004
2010-02-25,2010,0.015,-102.71000000000004
2010-03-01,2010,0.0,141.64999999999964
2010-03-01,2010,0.005,37.1805
2010-03-01,2010,0.0075,55.77075
2010-03-01,2010,0.01,74.361
2010-03-01,2010,0.015,111.5415
2010-03-02,2010,0.0,43.039999999999964
2010-03-02,2010,0.005,38.2033
2010-03-02,2010,0.0075,43.039999999999964
2010-03-02,2010,0.01,43.039999999999964
2010-03-02,2010,0.015,43.039999999999964
2010-03-05,2010,0.0,96.46000000000004
2010-03-05,2010,0.005,37.849000000000004
2010-03-05,2010,0.0075,56.7735
2010-03-05,2010,0.01,75.69800000000001
2010-03-05,2010,0.015,113.547
2010-03-08,2010,0.0,96.01000000000022
2010-03-08,2010,0.005,38.3313
2010-03-08,2010,0.0075,57.49695
2010-03-08,2010,0.01,76.6626
2010-03-08,2010,0.015,96.01000000000022
2010-03-11,2010,0.0,53.850000000000364
2010-03-11,2010,0.005,39.01755
2010-03-11,2010,0.0075,53.850000000000364
2010-03-11,2010,0.01,53.850000000000364
2010-03-11,2010,0.015,53.850000000000364
2010-03-16,2010,0.0,-60.710000000000036
2010-03-16,2010,0.005,-60.710000000000036
2010-03-16,2010,0.0075,-60.710000000000036
2010-03-16,2010,0.01,-60.710000000000036
2010-03-16,2010,0.015,-60.710000000000036
2010-03-17,2010,0.0,-52.409999999999854
2010-03-17,2010,0.005,-52.409999999999854
2010-03-17,2010,0.0075,-52.409999999999854
2010-03-17,2010,0.01,-52.409999999999854
2010-03-17,2010,0.015,-52.409999999999854
2010-03-18,2010,0.0,38.5
2010-03-18,2010,0.005,39.239200000000004
2010-03-18,2010,0.0075,58.8588
2010-03-18,2010,0.01,38.5
2010-03-18,2010,0.015,38.5
2010-03-22,2010,0.0,61.93000000000029
2010-03-22,2010,0.005,39.48955
2010-03-22,2010,0.0075,59.234325
2010-03-22,2010,0.01,78.9791
2010-03-22,2010,0.015,61.93000000000029
2010-03-23,2010,0.0,44.61999999999989
2010-03-23,2010,0.005,39.28245
2010-03-23,2010,0.0075,44.61999999999989
2010-03-23,2010,0.01,44.61999999999989
2010-03-23,2010,0.015,44.61999999999989
2010-03-24,2010,0.0,30.38000000000011
2010-03-24,2010,0.005,30.38000000000011
2010-03-24,2010,0.0075,30.38000000000011
2010-03-24,2010,0.01,30.38000000000011
2010-03-24,2010,0.015,30.38000000000011
2010-03-25,2010,0.0,-15.390000000000327
2010-03-25,2010,0.005,39.113550000000004
2010-03-25,2010,0.0075,58.670325
2010-03-25,2010,0.01,-15.390000000000327
2010-03-25,2010,0.015,-15.390000000000327
2010-03-30,2010,0.0,14.770000000000437
2010-03-30,2010,0.005,39.73725
2010-03-30,2010,0.0075,14.770000000000437
2010-03-30,2010,0.01,14.770000000000437
2010-03-30,2010,0.015,14.770000000000437
2010-03-31,2010,0.0,-42.159999999999854
2010-03-31,2010,0.005,-42.159999999999854
2010-03-31,2010,0.0075,-42.159999999999854
2010-03-31,2010,0.01,-42.159999999999854
2010-03-31,2010,0.015,-42.159999999999854
2010-04-02,2010,0.0,12.840000000000146
2010-04-02,2010,0.005,12.840000000000146
2010-04-02,2010,0.0075,12.840000000000146
2010-04-02,2010,0.01,12.840000000000146
2010-04-02,2010,0.015,12.840000000000146
2010-04-06,2010,0.0,22.670000000000073
2010-04-06,2010,0.005,22.670000000000073
2010-04-06,2010,0.0075,22.670000000000073
2010-04-06,2010,0.01,22.670000000000073
2010-04-06,2010,0.015,22.670000000000073
2010-04-08,2010,0.0,-64.17999999999938
2010-04-08,2010,0.005,-64.17999999999938
2010-04-08,2010,0.0075,-64.17999999999938
2010-04-08,2010,0.01,-64.17999999999938
2010-04-08,2010,0.015,-64.17999999999938
2010-04-09,2010,0.0,-34.42999999999938
2010-04-09,2010,0.005,-34.42999999999938
2010-04-09,2010,0.0075,-34.42999999999938
2010-04-09,2010,0.01,-34.42999999999938
2010-04-09,2010,0.015,-34.42999999999938
2010-04-12,2010,0.0,25.720000000000255
2010-04-12,2010,0.005,40.46015
2010-04-12,2010,0.0075,25.720000000000255
2010-04-12,2010,0.01,25.720000000000255
2010-04-12,2010,0.015,25.720000000000255
2010-04-13,2010,0.0,-88.02000000000044
2010-04-13,2010,0.005,-88.02000000000044
2010-04-13,2010,0.0075,-88.02000000000044
2010-04-13,2010,0.01,-88.02000000000044
2010-04-13,2010,0.015,-88.02000000000044
2010-04-14,2010,0.0,67.40000000000055
2010-04-14,2010,0.005,40.148649999999996
2010-04-14,2010,0.0075,60.22297499999999
2010-04-14,2010,0.01,67.40000000000055
2010-04-14,2010,0.015,67.40000000000055
2010-04-15,2010,0.0,-27.149999999999636
2010-04-15,2010,0.005,-27.149999999999636
2010-04-15,2010,0.0075,-27.149999999999636
2010-04-15,2010,0.01,-27.149999999999636
2010-04-15,2010,0.015,-27.149999999999636
2010-04-16,2010,0.0,-60.36999999999989
2010-04-16,2010,0.005,-60.36999999999989
2010-04-16,2010,0.0075,-60.36999999999989
2010-04-16,2010,0.01,-60.36999999999989
2010-04-16,2010,0.015,-60.36999999999989
2010-04-19,2010,0.0,257.34999999999945
2010-04-19,2010,0.005,40.55785
2010-04-19,2010,0.0075,60.836774999999996
2010-04-19,2010,0.01,81.1157
2010-04-19,2010,0.015,121.67354999999999
2010-04-20,2010,0.0,-46.19999999999982
2010-04-20,2010,0.005,-46.19999999999982
2010-04-20,2010,0.0075,-46.19999999999982
2010-04-20,2010,0.01,-46.19999999999982
2010-04-20,2010,0.015,-46.19999999999982
2010-04-21,2010,0.0,90.10999999999967
2010-04-21,2010,0.005,39.5021
2010-04-21,2010,0.0075,59.25315
2010-04-21,2010,0.01,79.0042
2010-04-21,2010,0.015,90.10999999999967
2010-04-22,2010,0.0,11.840000000000146
2010-04-22,2010,0.005,39.95265
2010-04-22,2010,0.0075,59.928974999999994
2010-04-22,2010,0.01,79.9053
2010-04-22,2010,0.015,11.840000000000146
2010-04-23,2010,0.0,26.200000000000728
2010-04-23,2010,0.005,39.89345
2010-04-23,2010,0.0075,26.200000000000728
2010-04-23,2010,0.01,26.200000000000728
2010-04-23,2010,0.015,26.200000000000728
2010-04-26,2010,0.0,153.25
2010-04-26,2010,0.005,40.02445
2010-04-26,2010,0.0075,60.036675
2010-04-26,2010,0.01,80.0489
2010-04-26,2010,0.015,120.07335
2010-04-27,2010,0.0,-11.700000000000728
2010-04-27,2010,0.005,-11.700000000000728
2010-04-27,2010,0.0075,-11.700000000000728
2010-04-27,2010,0.01,-11.700000000000728
2010-04-27,2010,0.015,-11.700000000000728
2010-04-29,2010,0.0,-27.5
2010-04-29,2010,0.005,-27.5
2010-04-29,2010,0.0075,-27.5
2010-04-29,2010,0.01,-27.5
2010-04-29,2010,0.015,-27.5
2010-04-30,2010,0.0,-49.80000000000018
2010-04-30,2010,0.005,40.270250000000004
2010-04-30,2010,0.0075,60.405375
2010-04-30,2010,0.01,80.54050000000001
2010-04-30,2010,0.015,-49.80000000000018
2010-05-04,2010,0.0,43.399999999999636
2010-05-04,2010,0.005,39.870850000000004
2010-05-04,2010,0.0075,59.806275
2010-05-04,2010,0.01,79.74170000000001
2010-05-04,2010,0.015,43.399999999999636
2010-05-06,2010,0.0,117.42000000000007
2010-05-06,2010,0.005,38.4845
2010-05-06,2010,0.0075,57.726749999999996
2010-05-06,2010,0.01,76.969
2010-05-06,2010,0.015,115.45349999999999
2010-05-10,2010,0.0,-97.6299999999992
2010-05-10,2010,0.005,-97.6299999999992
2010-05-10,2010,0.0075,-97.6299999999992
2010-05-10,2010,0.01,-97.6299999999992
2010-05-10,2010,0.015,-97.6299999999992
2010-05-11,2010,0.0,89.40000000000055
2010-05-11,2010,0.005,38.489200000000004
2010-05-11,2010,0.0075,57.7338
2010-05-11,2010,0.01,76.97840000000001
2010-05-11,2010,0.015,89.40000000000055
2010-05-13,2010,0.0,-67.25999999999931
2010-05-13,2010,0.005,-67.25999999999931
2010-05-13,2010,0.0075,-67.25999999999931
2010-05-13,2010,0.01,-67.25999999999931
2010-05-13,2010,0.015,-67.25999999999931
2010-05-18,2010,0.0,-13.420000000000073
2010-05-18,2010,0.005,37.9936
2010-05-18,2010,0.0075,-13.420000000000073
2010-05-18,2010,0.01,-13.420000000000073
2010-05-18,2010,0.015,-13.420000000000073
2010-05-20,2010,0.0,-134.72999999999956
2010-05-20,2010,0.005,-134.72999999999956
2010-05-20,2010,0.0075,-134.72999999999956
2010-05-20,2010,0.01,-134.72999999999956
2010-05-20,2010,0.015,-134.72999999999956
2010-05-24,2010,0.0,-42.909999999999854
2010-05-24,2010,0.005,-42.909999999999854
2010-05-24,2010,0.0075,-42.909999999999854
2010-05-24,2010,0.01,-42.909999999999854
2010-05-24,2010,0.015,-42.909999999999854
2010-05-25,2010,0.0,236.35999999999967
2010-05-25,2010,0.005,36.61365
2010-05-25,2010,0.0075,54.920474999999996
2010-05-25,2010,0.01,73.2273
2010-05-25,2010,0.015,109.84094999999999
2010-05-26,2010,0.0,80.98000000000047
2010-05-26,2010,0.005,35.43185
2010-05-26,2010,0.0075,53.147774999999996
2010-05-26,2010,0.01,70.8637
2010-05-26,2010,0.015,80.98000000000047
2010-05-28,2010,0.0,53.280000000000655
2010-05-28,2010,0.005,36.743
2010-05-28,2010,0.0075,55.1145
2010-05-28,2010,0.01,73.486
2010-05-28,2010,0.015,53.280000000000655
2010-05-31,2010,0.0,-78.65999999999985
2010-05-31,2010,0.005,-78.65999999999985
2010-05-31,2010,0.0075,-78.65999999999985
2010-05-31,2010,0.01,-78.65999999999985
2010-05-31,2010,0.015,-78.65999999999985
2010-06-01,2010,0.0,84.64999999999964
2010-06-01,2010,0.005,36.8699
2010-06-01,2010,0.0075,55.304849999999995
2010-06-01,2010,0.01,73.7398
2010-06-01,2010,0.015,84.64999999999964
2010-06-03,2010,0.0,-32.909999999999854
2010-06-03,2010,0.005,-32.909999999999854
2010-06-03,2010,0.0075,-32.909999999999854
2010-06-03,2010,0.01,-32.909999999999854
2010-06-03,2010,0.015,-32.909999999999854
2010-06-04,2010,0.0,-15.6899999999996
2010-06-04,2010,0.005,-15.6899999999996
2010-06-04,2010,0.0075,-15.6899999999996
2010-06-04,2010,0.01,-15.6899999999996
2010-06-04,2010,0.015,-15.6899999999996
2010-06-11,2010,0.0,7.380000000000109
2010-06-11,2010,0.005,7.380000000000109
2010-06-11,2010,0.0075,7.380000000000109
2010-06-11,2010,0.01,7.380000000000109
2010-06-11,2010,0.015,7.380000000000109
2010-06-14,2010,0.0,87.90999999999985
2010-06-14,2010,0.005,36.49745
2010-06-14,2010,0.0075,54.746174999999994
2010-06-14,2010,0.01,72.9949
2010-06-14,2010,0.015,87.90999999999985
2010-06-15,2010,0.0,66.66000000000076
2010-06-15,2010,0.005,36.937
2010-06-15,2010,0.0075,55.405499999999996
2010-06-15,2010,0.01,73.874
2010-06-15,2010,0.015,66.66000000000076
2010-06-17,2010,0.0,61.719999999999345
2010-06-17,2010,0.005,37.270300000000006
2010-06-17,2010,0.0075,55.90545
2010-06-17,2010,0.01,74.54060000000001
2010-06-17,2010,0.015,61.719999999999345
2010-06-23,2010,0.0,30.530000000000655
2010-06-23,2010,0.005,38.0634
2010-06-23,2010,0.0075,57.0951
2010-06-23,2010,0.01,30.530000000000655
2010-06-23,2010,0.015,30.530000000000655
2010-06-24,2010,0.0,7.740000000000691
2010-06-24,2010,0.005,7.740000000000691
2010-06-24,2010,0.0075,7.740000000000691
2010-06-24,2010,0.01,7.740000000000691
2010-06-24,2010,0.015,7.740000000000691
2010-06-29,2010,0.0,-77.22000000000025
2010-06-29,2010,0.005,37.50395
2010-06-29,2010,0.0075,56.255925
2010-06-29,2010,0.01,75.0079
2010-06-29,2010,0.015,-77.22000000000025
2010-07-01,2010,0.0,75.30999999999949
2010-07-01,2010,0.005,36.64685
2010-07-01,2010,0.0075,54.970274999999994
2010-07-01,2010,0.01,73.2937
2010-07-01,2010,0.015,75.30999999999949
2010-07-02,2010,0.0,76.67999999999938
2010-07-02,2010,0.005,36.270300000000006
2010-07-02,2010,0.0075,54.40545
2010-07-02,2010,0.01,72.54060000000001
2010-07-02,2010,0.015,108.8109
2010-07-08,2010,0.0,1.1199999999998909
2010-07-08,2010,0.005,1.1199999999998909
2010-07-08,2010,0.0075,1.1199999999998909
2010-07-08,2010,0.01,1.1199999999998909
2010-07-08,2010,0.015,1.1199999999998909
2010-07-12,2010,0.0,-7.699999999999818
2010-07-12,2010,0.005,38.23625
2010-07-12,2010,0.0075,57.354375
2010-07-12,2010,0.01,-7.699999999999818
2010-07-12,2010,0.015,-7.699999999999818
2010-07-13,2010,0.0,-42.13000000000011
2010-07-13,2010,0.005,-42.13000000000011
2010-07-13,2010,0.0075,-42.13000000000011
2010-07-13,2010,0.01,-42.13000000000011
2010-07-13,2010,0.015,-42.13000000000011
2010-07-14,2010,0.0,-6.210000000000036
2010-07-14,2010,0.005,-6.210000000000036
2010-07-14,2010,0.0075,-6.210000000000036
2010-07-14,2010,0.01,-6.210000000000036
2010-07-14,2010,0.015,-6.210000000000036
2010-07-20,2010,0.0,-67.46000000000004
2010-07-20,2010,0.005,-67.46000000000004
2010-07-20,2010,0.0075,-67.46000000000004
2010-07-20,2010,0.01,-67.46000000000004
2010-07-20,2010,0.015,-67.46000000000004
2010-07-21,2010,0.0,-10.739999999999782
2010-07-21,2010,0.005,38.56015
2010-07-21,2010,0.0075,-10.739999999999782
2010-07-21,2010,0.01,-10.739999999999782
2010-07-21,2010,0.015,-10.739999999999782
2010-07-22,2010,0.0,34.94999999999982
2010-07-22,2010,0.005,34.94999999999982
2010-07-22,2010,0.0075,34.94999999999982
2010-07-22,2010,0.01,34.94999999999982
2010-07-22,2010,0.015,34.94999999999982
2010-07-23,2010,0.0,-1.360000000000582
2010-07-23,2010,0.005,-1.360000000000582
2010-07-23,2010,0.0075,-1.360000000000582
2010-07-23,2010,0.01,-1.360000000000582
2010-07-23,2010,0.015,-1.360000000000582
2010-07-26,2010,0.0,26.229999999999563
2010-07-26,2010,0.005,38.8061
2010-07-26,2010,0.0075,26.229999999999563
2010-07-26,2010,0.01,26.229999999999563
2010-07-26,2010,0.015,26.229999999999563
2010-07-27,2010,0.0,-39.4399999999996
2010-07-27,2010,0.005,-39.4399999999996
2010-07-27,2010,0.0075,-39.4399999999996
2010-07-27,2010,0.01,-39.4399999999996
2010-07-27,2010,0.015,-39.4399999999996
2010-07-29,2010,0.0,-14.179999999999382
2010-07-29,2010,0.005,38.92405
2010-07-29,2010,0.0075,-14.179999999999382
2010-07-29,2010,0.01,-14.179999999999382
2010-07-29,2010,0.015,-14.179999999999382
2010-07-30,2010,0.0,38.35999999999967
2010-07-30,2010,0.005,38.99495
2010-07-30,2010,0.0075,58.492425
2010-07-30,2010,0.01,38.35999999999967
2010-07-30,2010,0.015,38.35999999999967
2010-08-02,2010,0.0,-151.05000000000018
2010-08-02,2010,0.005,-151.05000000000018
2010-08-02,2010,0.0075,-151.05000000000018
2010-08-02,2010,0.01,-151.05000000000018
2010-08-02,2010,0.015,-151.05000000000018
2010-08-03,2010,0.0,45.849999999999454
2010-08-03,2010,0.005,39.5584
2010-08-03,2010,0.0075,45.849999999999454
2010-08-03,2010,0.01,45.849999999999454
2010-08-03,2010,0.015,45.849999999999454
2010-08-04,2010,0.0,-15.13000000000011
2010-08-04,2010,0.005,-15.13000000000011
2010-08-04,2010,0.0075,-15.13000000000011
2010-08-04,2010,0.01,-15.13000000000011
2010-08-04,2010,0.015,-15.13000000000011
2010-08-05,2010,0.0,-35.80999999999949
2010-08-05,2010,0.005,39.8633
2010-08-05,2010,0.0075,-35.80999999999949
2010-08-05,2010,0.01,-35.80999999999949
2010-08-05,2010,0.015,-35.80999999999949
2010-08-10,2010,0.0,-57.75
2010-08-10,2010,0.005,-57.75
2010-08-10,2010,0.0075,-57.75
2010-08-10,2010,0.01,-57.75
2010-08-10,2010,0.015,-57.75
2010-08-13,2010,0.0,-61.789999999999964
2010-08-13,2010,0.005,-61.789999999999964
2010-08-13,2010,0.0075,-61.789999999999964
2010-08-13,2010,0.01,-61.789999999999964
2010-08-13,2010,0.015,-61.789999999999964
2010-08-17,2010,0.0,-10.13000000000011
2010-08-17,2010,0.005,-10.13000000000011
2010-08-17,2010,0.0075,-10.13000000000011
2010-08-17,2010,0.01,-10.13000000000011
2010-08-17,2010,0.015,-10.13000000000011
2010-08-18,2010,0.0,-6.989999999999782
2010-08-18,2010,0.005,39.65545
2010-08-18,2010,0.0075,-6.989999999999782
2010-08-18,2010,0.01,-6.989999999999782
2010-08-18,2010,0.015,-6.989999999999782
2010-08-19,2010,0.0,4.839999999999236
2010-08-19,2010,0.005,4.839999999999236
2010-08-19,2010,0.0075,4.839999999999236
2010-08-19,2010,0.01,4.839999999999236
2010-08-19,2010,0.015,4.839999999999236
2010-08-20,2010,0.0,1.6299999999991996
2010-08-20,2010,0.005,1.6299999999991996
2010-08-20,2010,0.0075,1.6299999999991996
2010-08-20,2010,0.01,1.6299999999991996
2010-08-20,2010,0.015,1.6299999999991996
2010-08-23,2010,0.0,48.61999999999989
2010-08-23,2010,0.005,39.63655
2010-08-23,2010,0.0075,59.454825
2010-08-23,2010,0.01,79.2731
2010-08-23,2010,0.015,48.61999999999989
2010-08-24,2010,0.0,35.289999999999964
2010-08-24,2010,0.005,35.289999999999964
2010-08-24,2010,0.0075,35.289999999999964
2010-08-24,2010,0.01,35.289999999999964
2010-08-24,2010,0.015,35.289999999999964
2010-08-25,2010,0.0,203.66000000000076
2010-08-25,2010,0.005,39.7032
2010-08-25,2010,0.0075,59.5548
2010-08-25,2010,0.01,79.4064
2010-08-25,2010,0.015,119.1096
2010-08-26,2010,0.0,-47.23999999999978
2010-08-26,2010,0.005,-47.23999999999978
2010-08-26,2010,0.0075,-47.23999999999978
2010-08-26,2010,0.01,-47.23999999999978
2010-08-26,2010,0.015,-47.23999999999978
2010-08-27,2010,0.0,-33.17000000000007
2010-08-27,2010,0.005,-33.17000000000007
2010-08-27,2010,0.0075,-33.17000000000007
2010-08-27,2010,0.01,-33.17000000000007
2010-08-27,2010,0.015,-33.17000000000007
2010-08-30,2010,0.0,30.659999999999854
2010-08-30,2010,0.005,30.659999999999854
2010-08-30,2010,0.0075,30.659999999999854
2010-08-30,2010,0.01,30.659999999999854
2010-08-30,2010,0.015,30.659999999999854
2010-09-01,2010,0.0,-51.970000000000255
2010-09-01,2010,0.005,-51.970000000000255
2010-09-01,2010,0.0075,-51.970000000000255
2010-09-01,2010,0.01,-51.970000000000255
2010-09-01,2010,0.015,-51.970000000000255
2010-09-02,2010,0.0,20.76000000000022
2010-09-02,2010,0.005,20.76000000000022
2010-09-02,2010,0.0075,20.76000000000022
2010-09-02,2010,0.01,20.76000000000022
2010-09-02,2010,0.015,20.76000000000022
2010-09-03,2010,0.0,-31.75
2010-09-03,2010,0.005,-31.75
2010-09-03,2010,0.0075,-31.75
2010-09-03,2010,0.01,-31.75
2010-09-03,2010,0.015,-31.75
2010-09-06,2010,0.0,60.73999999999978
2010-09-06,2010,0.005,39.15105
2010-09-06,2010,0.0075,58.726575
2010-09-06,2010,0.01,60.73999999999978
2010-09-06,2010,0.015,60.73999999999978
2010-09-07,2010,0.0,-6.550000000000182
2010-09-07,2010,0.005,-6.550000000000182
2010-09-07,2010,0.0075,-6.550000000000182
2010-09-07,2010,0.01,-6.550000000000182
2010-09-07,2010,0.015,-6.550000000000182
2010-09-08,2010,0.0,33.089999999999236
2010-09-08,2010,0.005,39.422
2010-09-08,2010,0.0075,59.132999999999996
2010-09-08,2010,0.01,33.089999999999236
2010-09-08,2010,0.015,33.089999999999236
2010-09-10,2010,0.0,54.56999999999971
2010-09-10,2010,0.005,39.1777
2010-09-10,2010,0.0075,58.766549999999995
2010-09-10,2010,0.01,54.56999999999971
2010-09-10,2010,0.015,54.56999999999971
2010-09-13,2010,0.0,-201.1900000000005
2010-09-13,2010,0.005,-201.1900000000005
2010-09-13,2010,0.0075,-201.1900000000005
2010-09-13,2010,0.01,-201.1900000000005
2010-09-13,2010,0.015,-201.1900000000005
2010-09-14,2010,0.0,-21.410000000000764
2010-09-14,2010,0.005,-21.410000000000764
2010-09-14,2010,0.0075,-21.410000000000764
2010-09-14,2010,0.01,-21.410000000000764
2010-09-14,2010,0.015,-21.410000000000764
2010-09-15,2010,0.0,31.219999999999345
2010-09-15,2010,0.005,31.219999999999345
2010-09-15,2010,0.0075,31.219999999999345
2010-09-15,2010,0.01,31.219999999999345
2010-09-15,2010,0.015,31.219999999999345
2010-09-17,2010,0.0,58.57999999999993
2010-09-17,2010,0.005,40.49875
2010-09-17,2010,0.0075,60.748124999999995
2010-09-17,2010,0.01,80.9975
2010-09-17,2010,0.015,58.57999999999993
2010-09-20,2010,0.0,28.63000000000011
2010-09-20,2010,0.005,28.63000000000011
2010-09-20,2010,0.0075,28.63000000000011
2010-09-20,2010,0.01,28.63000000000011
2010-09-20,2010,0.015,28.63000000000011
2010-09-21,2010,0.0,9.4399999999996
2010-09-21,2010,0.005,40.9348
2010-09-21,2010,0.0075,61.4022
2010-09-21,2010,0.01,9.4399999999996
2010-09-21,2010,0.015,9.4399999999996
2010-09-23,2010,0.0,-6.140000000001237
2010-09-23,2010,0.005,40.982
2010-09-23,2010,0.0075,-6.140000000001237
2010-09-23,2010,0.01,-6.140000000001237
2010-09-23,2010,0.015,-6.140000000001237
2010-09-24,2010,0.0,-35.92000000000098
2010-09-24,2010,0.005,-35.92000000000098
2010-09-24,2010,0.0075,-35.92000000000098
2010-09-24,2010,0.01,-35.92000000000098
2010-09-24,2010,0.015,-35.92000000000098
2010-09-27,2010,0.0,34.039999999999964
2010-09-27,2010,0.005,34.039999999999964
2010-09-27,2010,0.0075,34.039999999999964
2010-09-27,2010,0.01,34.039999999999964
2010-09-27,2010,0.015,34.039999999999964
2010-09-29,2010,0.0,51.44999999999982
2010-09-29,2010,0.005,40.9472
2010-09-29,2010,0.0075,61.42079999999999
2010-09-29,2010,0.01,81.8944
2010-09-29,2010,0.015,51.44999999999982
2010-09-30,2010,0.0,-3.109999999998763
2010-09-30,2010,0.005,-3.109999999998763
2010-09-30,2010,0.0075,-3.109999999998763
2010-09-30,2010,0.01,-3.109999999998763
2010-09-30,2010,0.015,-3.109999999998763
2010-10-05,2010,0.0,45.67000000000007
2010-10-05,2010,0.005,41.2305
2010-10-05,2010,0.0075,61.84575
2010-10-05,2010,0.01,82.461
2010-10-05,2010,0.015,45.67000000000007
2010-10-06,2010,0.0,-4.31000000000131
2010-10-06,2010,0.005,-4.31000000000131
2010-10-06,2010,0.0075,-4.31000000000131
2010-10-06,2010,0.01,-4.31000000000131
2010-10-06,2010,0.015,-4.31000000000131
2010-10-07,2010,0.0,0.11000000000058208
2010-10-07,2010,0.005,0.11000000000058208
2010-10-07,2010,0.0075,0.11000000000058208
2010-10-07,2010,0.01,0.11000000000058208
2010-10-07,2010,0.015,0.11000000000058208
2010-10-08,2010,0.0,-39.72999999999956
2010-10-08,2010,0.005,-39.72999999999956
2010-10-08,2010,0.0075,-39.72999999999956
2010-10-08,2010,0.01,-39.72999999999956
2010-10-08,2010,0.015,-39.72999999999956
2010-10-11,2010,0.0,-67.43000000000029
2010-10-11,2010,0.005,-67.43000000000029
2010-10-11,2010,0.0075,-67.43000000000029
2010-10-11,2010,0.01,-67.43000000000029
2010-10-11,2010,0.015,-67.43000000000029
2010-10-12,2010,0.0,-86.53999999999996
2010-10-12,2010,0.005,-86.53999999999996
2010-10-12,2010,0.0075,-86.53999999999996
2010-10-12,2010,0.01,-86.53999999999996
2010-10-12,2010,0.015,-86.53999999999996
2010-10-13,2010,0.0,16.4399999999996
2010-10-13,2010,0.005,40.451100000000004
2010-10-13,2010,0.0075,16.4399999999996
2010-10-13,2010,0.01,16.4399999999996
2010-10-13,2010,0.015,16.4399999999996
2010-10-14,2010,0.0,108.79000000000087
2010-10-14,2010,0.005,40.5333
2010-10-14,2010,0.0075,60.799949999999995
2010-10-14,2010,0.01,81.0666
2010-10-14,2010,0.015,121.59989999999999
2010-10-18,2010,0.0,-144.7599999999993
2010-10-18,2010,0.005,-144.7599999999993
2010-10-18,2010,0.0075,-144.7599999999993
2010-10-18,2010,0.01,-144.7599999999993
2010-10-18,2010,0.015,-144.7599999999993
2010-10-20,2010,0.0,-78.39000000000033
2010-10-20,2010,0.005,40.23115
2010-10-20,2010,0.0075,-78.39000000000033
2010-10-20,2010,0.01,-78.39000000000033
2010-10-20,2010,0.015,-78.39000000000033
2010-10-21,2010,0.0,6.609999999999673
2010-10-21,2010,0.005,40.6231
2010-10-21,2010,0.0075,6.609999999999673
2010-10-21,2010,0.01,6.609999999999673
2010-10-21,2010,0.015,6.609999999999673
2010-10-25,2010,0.0,-65.39999999999964
2010-10-25,2010,0.005,-65.39999999999964
2010-10-25,2010,0.0075,-65.39999999999964
2010-10-25,2010,0.01,-65.39999999999964
2010-10-25,2010,0.015,-65.39999999999964
2010-10-26,2010,0.0,36.25
2010-10-26,2010,0.005,41.5349
2010-10-26,2010,0.0075,36.25
2010-10-26,2010,0.01,36.25
2010-10-26,2010,0.015,36.25
2010-10-28,2010,0.0,-72.52999999999884
2010-10-28,2010,0.005,-72.52999999999884
2010-10-28,2010,0.0075,-72.52999999999884
2010-10-28,2010,0.01,-72.52999999999884
2010-10-28,2010,0.015,-72.52999999999884
2010-11-01,2010,0.0,92.65999999999985
2010-11-01,2010,0.005,41.43545
2010-11-01,2010,0.0075,62.153175
2010-11-01,2010,0.01,82.8709
2010-11-01,2010,0.015,92.65999999999985
2010-11-03,2010,0.0,-50.86000000000058
2010-11-03,2010,0.005,41.723800000000004
2010-11-03,2010,0.0075,-50.86000000000058
2010-11-03,2010,0.01,-50.86000000000058
2010-11-03,2010,0.015,-50.86000000000058
2010-11-04,2010,0.0,63.95000000000073
2010-11-04,2010,0.005,41.4695
2010-11-04,2010,0.0075,62.204249999999995
2010-11-04,2010,0.01,63.95000000000073
2010-11-04,2010,0.015,63.95000000000073
2010-11-05,2010,0.0,-19.040000000000873
2010-11-05,2010,0.005,-19.040000000000873
2010-11-05,2010,0.0075,-19.040000000000873
2010-11-05,2010,0.01,-19.040000000000873
2010-11-05,2010,0.015,-19.040000000000873
2010-11-08,2010,0.0,-18.76000000000022
2010-11-08,2010,0.005,-18.76000000000022
2010-11-08,2010,0.0075,-18.76000000000022
2010-11-08,2010,0.01,-18.76000000000022
2010-11-08,2010,0.015,-18.76000000000022
2010-11-10,2010,0.0,-5.0
2010-11-10,2010,0.005,-5.0
2010-11-10,2010,0.0075,-5.0
2010-11-10,2010,0.01,-5.0
2010-11-10,2010,0.015,-5.0
2010-11-11,2010,0.0,-13.679999999998472
2010-11-11,2010,0.005,-13.679999999998472
2010-11-11,2010,0.0075,-13.679999999998472
2010-11-11,2010,0.01,-13.679999999998472
2010-11-11,2010,0.015,-13.679999999998472
2010-11-12,2010,0.0,120.90000000000146
2010-11-12,2010,0.005,42.18475
2010-11-12,2010,0.0075,63.277125000000005
2010-11-12,2010,0.01,84.3695
2010-11-12,2010,0.015,126.55425000000001
2010-11-15,2010,0.0,-75.39999999999964
2010-11-15,2010,0.005,-75.39999999999964
2010-11-15,2010,0.0075,-75.39999999999964
2010-11-15,2010,0.01,-75.39999999999964
2010-11-15,2010,0.015,-75.39999999999964
2010-11-17,2010,0.0,56.669999999998254
2010-11-17,2010,0.005,41.561049999999994
2010-11-17,2010,0.0075,62.34157499999999
2010-11-17,2010,0.01,83.12209999999999
2010-11-17,2010,0.015,56.669999999998254
2010-11-19,2010,0.0,22.670000000000073
2010-11-19,2010,0.005,41.41725
2010-11-19,2010,0.0075,62.125875
2010-11-19,2010,0.01,82.8345
2010-11-19,2010,0.015,22.670000000000073
2010-11-22,2010,0.0,68.78999999999905
2010-11-22,2010,0.005,41.53060000000001
2010-11-22,2010,0.0075,62.2959
2010-11-22,2010,0.01,83.06120000000001
2010-11-22,2010,0.015,68.78999999999905
2010-11-23,2010,0.0,-46.280000000000655
2010-11-23,2010,0.005,-46.280000000000655
2010-11-23,2010,0.0075,-46.280000000000655
2010-11-23,2010,0.01,-46.280000000000655
2010-11-23,2010,0.015,-46.280000000000655
2010-11-25,2010,0.0,-13.739999999999782
2010-11-25,2010,0.005,-13.739999999999782
2010-11-25,2010,0.0075,-13.739999999999782
2010-11-25,2010,0.01,-13.739999999999782
2010-11-25,2010,0.015,-13.739999999999782
2010-11-26,2010,0.0,21.399999999999636
2010-11-26,2010,0.005,21.399999999999636
2010-11-26,2010,0.0075,21.399999999999636
2010-11-26,2010,0.01,21.399999999999636
2010-11-26,2010,0.015,21.399999999999636
2010-12-01,2010,0.0,-147.63000000000102
2010-12-01,2010,0.005,-147.63000000000102
2010-12-01,2010,0.0075,-147.63000000000102
2010-12-01,2010,0.01,-147.63000000000102
2010-12-01,2010,0.015,-147.63000000000102
2010-12-02,2010,0.0,36.55999999999949
2010-12-02,2010,0.005,43.11165
2010-12-02,2010,0.0075,36.55999999999949
2010-12-02,2010,0.01,36.55999999999949
2010-12-02,2010,0.015,36.55999999999949
2010-12-03,2010,0.0,38.23999999999978
2010-12-03,2010,0.005,42.928850000000004
2010-12-03,2010,0.0075,64.393275
2010-12-03,2010,0.01,38.23999999999978
2010-12-03,2010,0.015,38.23999999999978
2010-12-06,2010,0.0,78.21999999999935
2010-12-06,2010,0.005,43.12005
2010-12-06,2010,0.0075,64.680075
2010-12-06,2010,0.01,86.2401
2010-12-06,2010,0.015,78.21999999999935
2010-12-09,2010,0.0,50.04999999999927
2010-12-09,2010,0.005,43.518950000000004
2010-12-09,2010,0.0075,65.278425
2010-12-09,2010,0.01,50.04999999999927
2010-12-09,2010,0.015,50.04999999999927
2010-12-10,2010,0.0,-35.01000000000022
2010-12-10,2010,0.005,-35.01000000000022
2010-12-10,2010,0.0075,-35.01000000000022
2010-12-10,2010,0.01,-35.01000000000022
2010-12-10,2010,0.015,-35.01000000000022
2010-12-13,2010,0.0,17.76000000000022
2010-12-13,2010,0.005,43.59415
2010-12-13,2010,0.0075,17.76000000000022
2010-12-13,2010,0.01,17.76000000000022
2010-12-13,2010,0.015,17.76000000000022
2010-12-16,2010,0.0,-25.4900000000016
2010-12-16,2010,0.005,-25.4900000000016
2010-12-16,2010,0.0075,-25.4900000000016
2010-12-16,2010,0.01,-25.4900000000016
2010-12-16,2010,0.015,-25.4900000000016
2010-12-17,2010,0.0,35.69999999999891
2010-12-17,2010,0.005,43.911
2010-12-17,2010,0.0075,65.8665
2010-12-17,2010,0.01,35.69999999999891
2010-12-17,2010,0.015,35.69999999999891
2010-12-20,2010,0.0,-49.18000000000029
2010-12-20,2010,0.005,-49.18000000000029
2010-12-20,2010,0.0075,-49.18000000000029
2010-12-20,2010,0.01,-49.18000000000029
2010-12-20,2010,0.015,-49.18000000000029
2010-12-22,2010,0.0,32.69999999999891
2010-12-22,2010,0.005,32.69999999999891
2010-12-22,2010,0.0075,32.69999999999891
2010-12-22,2010,0.01,32.69999999999891
2010-12-22,2010,0.015,32.69999999999891
2010-12-23,2010,0.0,38.38000000000102
2010-12-23,2010,0.005,44.30245
2010-12-23,2010,0.0075,38.38000000000102
2010-12-23,2010,0.01,38.38000000000102
2010-12-23,2010,0.015,38.38000000000102
2010-12-28,2010,0.0,-21.549999999999272
2010-12-28,2010,0.005,-21.549999999999272
2010-12-28,2010,0.0075,-21.549999999999272
2010-12-28,2010,0.01,-21.549999999999272
2010-12-28,2010,0.015,-21.549999999999272
2010-12-30,2010,0.0,41.55999999999949
2010-12-30,2010,0.005,44.33175
2010-12-30,2010,0.0075,41.55999999999949
2010-12-30,2010,0.01,41.55999999999949
2010-12-30,2010,0.015,41.55999999999949
2010-12-31,2010,0.0,64.59000000000015
2010-12-31,2010,0.005,44.53955
2010-12-31,2010,0.0075,66.809325
2010-12-31,2010,0.01,64.59000000000015
2010-12-31,2010,0.015,64.59000000000015
2011-01-04,2011,0.0,-28.109999999998763
2011-01-04,2011,0.005,-28.109999999998763
2011-01-04,2011,0.0075,-28.109999999998763
2011-01-04,2011,0.01,-28.109999999998763
2011-01-04,2011,0.015,-28.109999999998763
2011-01-05,2011,0.0,-150.88000000000102
2011-01-05,2011,0.005,-150.88000000000102
2011-01-05,2011,0.0075,-150.88000000000102
2011-01-05,2011,0.01,-150.88000000000102
2011-01-05,2011,0.015,-150.88000000000102
2011-01-06,2011,0.0,36.899999999999636
2011-01-06,2011,0.005,36.899999999999636
2011-01-06,2011,0.0075,36.899999999999636
2011-01-06,2011,0.01,36.899999999999636
2011-01-06,2011,0.015,36.899999999999636
2011-01-07,2011,0.0,-100.48999999999978
2011-01-07,2011,0.005,-100.48999999999978
2011-01-07,2011,0.0075,-100.48999999999978
2011-01-07,2011,0.01,-100.48999999999978
2011-01-07,2011,0.015,-100.48999999999978
2011-01-10,2011,0.0,35.159999999999854
2011-01-10,2011,0.005,35.159999999999854
2011-01-10,2011,0.0075,35.159999999999854
2011-01-10,2011,0.01,35.159999999999854
2011-01-10,2011,0.015,35.159999999999854
2011-01-11,2011,0.0,113.48000000000138
2011-01-11,2011,0.005,44.0894
2011-01-11,2011,0.0075,66.13409999999999
2011-01-11,2011,0.01,88.1788
2011-01-11,2011,0.015,113.48000000000138
2011-01-12,2011,0.0,33.63999999999942
2011-01-12,2011,0.005,44.656800000000004
2011-01-12,2011,0.0075,66.9852
2011-01-12,2011,0.01,33.63999999999942
2011-01-12,2011,0.015,33.63999999999942
2011-01-13,2011,0.0,10.579999999999927
2011-01-13,2011,0.005,44.825
2011-01-13,2011,0.0075,67.2375
2011-01-13,2011,0.01,10.579999999999927
2011-01-13,2011,0.015,10.579999999999927
2011-01-17,2011,0.0,53.36999999999898
2011-01-17,2011,0.005,44.8923
2011-01-17,2011,0.0075,53.36999999999898
2011-01-17,2011,0.01,53.36999999999898
2011-01-17,2011,0.015,53.36999999999898
2011-01-18,2011,0.0,-40.600000000000364
2011-01-18,2011,0.005,-40.600000000000364
2011-01-18,2011,0.0075,-40.600000000000364
2011-01-18,2011,0.01,-40.600000000000364
2011-01-18,2011,0.015,-40.600000000000364
2011-01-21,2011,0.0,67.79000000000087
2011-01-21,2011,0.005,45.11085
2011-01-21,2011,0.0075,67.666275
2011-01-21,2011,0.01,90.2217
2011-01-21,2011,0.015,67.79000000000087
2011-01-25,2011,0.0,22.76000000000022
2011-01-25,2011,0.005,22.76000000000022
2011-01-25,2011,0.0075,22.76000000000022
2011-01-25,2011,0.01,22.76000000000022
2011-01-25,2011,0.015,22.76000000000022
2011-01-27,2011,0.0,46.73999999999978
2011-01-27,2011,0.005,45.277950000000004
2011-01-27,2011,0.0075,67.91692499999999
2011-01-27,2011,0.01,46.73999999999978
2011-01-27,2011,0.015,46.73999999999978
2011-01-28,2011,0.0,43.02000000000044
2011-01-28,2011,0.005,45.51165
2011-01-28,2011,0.0075,43.02000000000044
2011-01-28,2011,0.01,43.02000000000044
2011-01-28,2011,0.015,43.02000000000044
2011-02-11,2011,0.0,-226.6999999999989
2011-02-11,2011,0.005,-226.6999999999989
2011-02-11,2011,0.0075,-226.6999999999989
2011-02-11,2011,0.01,-226.6999999999989
2011-02-11,2011,0.015,-226.6999999999989
2011-02-14,2011,0.0,75.60999999999876
2011-02-14,2011,0.005,43.0493
2011-02-14,2011,0.0075,64.57395
2011-02-14,2011,0.01,86.0986
2011-02-14,2011,0.015,75.60999999999876
2011-02-15,2011,0.0,36.460000000000946
2011-02-15,2011,0.005,43.42735
2011-02-15,2011,0.0075,65.141025
2011-02-15,2011,0.01,36.460000000000946
2011-02-15,2011,0.015,36.460000000000946
2011-02-16,2011,0.0,8.970000000001164
2011-02-16,2011,0.005,8.970000000001164
2011-02-16,2011,0.0075,8.970000000001164
2011-02-16,2011,0.01,8.970000000001164
2011-02-16,2011,0.015,8.970000000001164
2011-02-17,2011,0.0,-29.079999999999927
2011-02-17,2011,0.005,-29.079999999999927
2011-02-17,2011,0.0075,-29.079999999999927
2011-02-17,2011,0.01,-29.079999999999927
2011-02-17,2011,0.015,-29.079999999999927
2011-02-18,2011,0.0,159.96000000000095
2011-02-18,2011,0.005,43.419399999999996
2011-02-18,2011,0.0075,65.1291
2011-02-18,2011,0.01,86.83879999999999
2011-02-18,2011,0.015,130.2582
2011-02-24,2011,0.0,-12.699999999998909
2011-02-24,2011,0.005,-12.699999999998909
2011-02-24,2011,0.0075,-12.699999999998909
2011-02-24,2011,0.01,-12.699999999998909
2011-02-24,2011,0.015,-12.699999999998909
2011-02-25,2011,0.0,58.01000000000022
2011-02-25,2011,0.005,42.7082
2011-02-25,2011,0.0075,64.0623
2011-02-25,2011,0.01,85.4164
2011-02-25,2011,0.015,58.01000000000022
2011-03-01,2011,0.0,-127.90999999999985
2011-03-01,2011,0.005,-127.90999999999985
2011-03-01,2011,0.0075,-127.90999999999985
2011-03-01,2011,0.01,-127.90999999999985
2011-03-01,2011,0.015,-127.90999999999985
2011-03-02,2011,0.0,107.65999999999985
2011-03-02,2011,0.005,43.6378
2011-03-02,2011,0.0075,65.4567
2011-03-02,2011,0.01,87.2756
2011-03-02,2011,0.015,107.65999999999985
2011-03-03,2011,0.0,118.47000000000116
2011-03-03,2011,0.005,43.0995
2011-03-03,2011,0.0075,64.64925
2011-03-03,2011,0.01,86.199
2011-03-03,2011,0.015,129.2985
2011-03-04,2011,0.0,46.029999999998836
2011-03-04,2011,0.005,43.69185
2011-03-04,2011,0.0075,65.53777500000001
2011-03-04,2011,0.01,87.3837
2011-03-04,2011,0.015,46.029999999998836
2011-03-07,2011,0.0,70.60999999999876
2011-03-07,2011,0.005,43.922
2011-03-07,2011,0.0075,65.883
2011-03-07,2011,0.01,70.60999999999876
2011-03-07,2011,0.015,70.60999999999876
2011-03-09,2011,0.0,2.2700000000004366
2011-03-09,2011,0.005,43.73875
2011-03-09,2011,0.0075,65.608125
2011-03-09,2011,0.01,2.2700000000004366
2011-03-09,2011,0.015,2.2700000000004366
2011-03-14,2011,0.0,-47.79999999999927
2011-03-14,2011,0.005,42.8391
2011-03-14,2011,0.0075,-47.79999999999927
2011-03-14,2011,0.01,-47.79999999999927
2011-03-14,2011,0.015,-47.79999999999927
2011-03-16,2011,0.0,-89.79999999999927
2011-03-16,2011,0.005,-89.79999999999927
2011-03-16,2011,0.0075,-89.79999999999927
2011-03-16,2011,0.01,-89.79999999999927
2011-03-16,2011,0.015,-89.79999999999927
2011-03-18,2011,0.0,112.05999999999949
2011-03-18,2011,0.005,41.413450000000005
2011-03-18,2011,0.0075,62.120175
2011-03-18,2011,0.01,82.82690000000001
2011-03-18,2011,0.015,112.05999999999949
2011-03-21,2011,0.0,72.95999999999913
2011-03-21,2011,0.005,41.97375
2011-03-21,2011,0.0075,62.960625
2011-03-21,2011,0.01,83.9475
2011-03-21,2011,0.015,72.95999999999913
2011-03-22,2011,0.0,40.330000000001746
2011-03-22,2011,0.005,42.33855
2011-03-22,2011,0.0075,63.50782499999999
2011-03-22,2011,0.01,84.6771
2011-03-22,2011,0.015,40.330000000001746
2011-03-24,2011,0.0,31.31999999999971
2011-03-24,2011,0.005,42.7254
2011-03-24,2011,0.0075,31.31999999999971
2011-03-24,2011,0.01,31.31999999999971
2011-03-24,2011,0.015,31.31999999999971
2011-03-25,2011,0.0,-16.709999999999127
2011-03-25,2011,0.005,-16.709999999999127
2011-03-25,2011,0.0075,-16.709999999999127
2011-03-25,2011,0.01,-16.709999999999127
2011-03-25,2011,0.015,-16.709999999999127
2011-03-29,2011,0.0,43.51000000000022
2011-03-29,2011,0.005,42.765299999999996
2011-03-29,2011,0.0075,43.51000000000022
2011-03-29,2011,0.01,43.51000000000022
2011-03-29,2011,0.015,43.51000000000022
2011-03-30,2011,0.0,49.73999999999978
2011-03-30,2011,0.005,42.98285
2011-03-30,2011,0.0075,64.47427499999999
2011-03-30,2011,0.01,49.73999999999978
2011-03-30,2011,0.015,49.73999999999978
2011-03-31,2011,0.0,36.98999999999978
2011-03-31,2011,0.005,36.98999999999978
2011-03-31,2011,0.0075,36.98999999999978
2011-03-31,2011,0.01,36.98999999999978
2011-03-31,2011,0.015,36.98999999999978
2011-04-06,2011,0.0,-44.30999999999949
2011-04-06,2011,0.005,-44.30999999999949
2011-04-06,2011,0.0075,-44.30999999999949
2011-04-06,2011,0.01,-44.30999999999949
2011-04-06,2011,0.015,-44.30999999999949
2011-04-07,2011,0.0,49.73999999999978
2011-04-07,2011,0.005,44.2599
2011-04-07,2011,0.0075,49.73999999999978
2011-04-07,2011,0.01,49.73999999999978
2011-04-07,2011,0.015,49.73999999999978
2011-04-14,2011,0.0,22.529999999998836
2011-04-14,2011,0.005,43.901
2011-04-14,2011,0.0075,22.529999999998836
2011-04-14,2011,0.01,22.529999999998836
2011-04-14,2011,0.015,22.529999999998836
2011-04-15,2011,0.0,-84.60999999999876
2011-04-15,2011,0.005,-84.60999999999876
2011-04-15,2011,0.0075,-84.60999999999876
2011-04-15,2011,0.01,-84.60999999999876
2011-04-15,2011,0.015,-84.60999999999876
2011-04-18,2011,0.0,-3.640000000001237
2011-04-18,2011,0.005,43.5906
2011-04-18,2011,0.0075,-3.640000000001237
2011-04-18,2011,0.01,-3.640000000001237
2011-04-18,2011,0.015,-3.640000000001237
2011-04-19,2011,0.0,75.93000000000029
2011-04-19,2011,0.005,43.5724
2011-04-19,2011,0.0075,65.3586
2011-04-19,2011,0.01,87.1448
2011-04-19,2011,0.015,75.93000000000029
2011-04-20,2011,0.0,174.73000000000138
2011-04-20,2011,0.005,43.19275
2011-04-20,2011,0.0075,64.789125
2011-04-20,2011,0.01,86.3855
2011-04-20,2011,0.015,129.57825
2011-04-21,2011,0.0,-57.81999999999971
2011-04-21,2011,0.005,-57.81999999999971
2011-04-21,2011,0.0075,-57.81999999999971
2011-04-21,2011,0.01,-57.81999999999971
2011-04-21,2011,0.015,-57.81999999999971
2011-04-26,2011,0.0,-2.610000000000582
2011-04-26,2011,0.005,-2.610000000000582
2011-04-26,2011,0.0075,-2.610000000000582
2011-04-26,2011,0.01,-2.610000000000582
2011-04-26,2011,0.015,-2.610000000000582
2011-04-27,2011,0.0,101.11000000000058
2011-04-27,2011,0.005,44.7407
2011-04-27,2011,0.0075,67.11104999999999
2011-04-27,2011,0.01,89.4814
2011-04-27,2011,0.015,101.11000000000058
2011-04-28,2011,0.0,-8.479999999999563
2011-04-28,2011,0.005,45.24625
2011-04-28,2011,0.0075,-8.479999999999563
2011-04-28,2011,0.01,-8.479999999999563
2011-04-28,2011,0.015,-8.479999999999563
2011-05-03,2011,0.0,61.79000000000087
2011-05-03,2011,0.005,45.039350000000006
2011-05-03,2011,0.0075,67.559025
2011-05-03,2011,0.01,90.07870000000001
2011-05-03,2011,0.015,61.79000000000087
2011-05-04,2011,0.0,-1.2700000000004366
2011-05-04,2011,0.005,44.7304
2011-05-04,2011,0.0075,67.09559999999999
2011-05-04,2011,0.01,-1.2700000000004366
2011-05-04,2011,0.015,-1.2700000000004366
2011-05-05,2011,0.0,71.26000000000022
2011-05-05,2011,0.005,44.73675
2011-05-05,2011,0.0075,67.105125
2011-05-05,2011,0.01,71.26000000000022
2011-05-05,2011,0.015,71.26000000000022
2011-05-06,2011,0.0,-41.38000000000102
2011-05-06,2011,0.005,-41.38000000000102
2011-05-06,2011,0.0075,-41.38000000000102
2011-05-06,2011,0.01,-41.38000000000102
2011-05-06,2011,0.015,-41.38000000000102
2011-05-09,2011,0.0,58.25
2011-05-09,2011,0.005,44.88615
2011-05-09,2011,0.0075,67.329225
2011-05-09,2011,0.01,89.7723
2011-05-09,2011,0.015,58.25
2011-05-11,2011,0.0,-2.8800000000010186
2011-05-11,2011,0.005,45.116400000000006
2011-05-11,2011,0.0075,-2.8800000000010186
2011-05-11,2011,0.01,-2.8800000000010186
2011-05-11,2011,0.015,-2.8800000000010186
2011-05-13,2011,0.0,-27.06999999999971
2011-05-13,2011,0.005,-27.06999999999971
2011-05-13,2011,0.0075,-27.06999999999971
2011-05-13,2011,0.01,-27.06999999999971
2011-05-13,2011,0.015,-27.06999999999971
2011-05-16,2011,0.0,94.90000000000146
2011-05-16,2011,0.005,45.03305
2011-05-16,2011,0.0075,67.549575
2011-05-16,2011,0.01,90.0661
2011-05-16,2011,0.015,94.90000000000146
2011-05-17,2011,0.0,27.61999999999898
2011-05-17,2011,0.005,44.55855
2011-05-17,2011,0.0075,27.61999999999898
2011-05-17,2011,0.01,27.61999999999898
2011-05-17,2011,0.015,27.61999999999898
2011-05-18,2011,0.0,-60.75
2011-05-18,2011,0.005,-60.75
2011-05-18,2011,0.0075,-60.75
2011-05-18,2011,0.01,-60.75
2011-05-18,2011,0.015,-60.75
2011-05-19,2011,0.0,-51.960000000000946
2011-05-19,2011,0.005,44.7242
2011-05-19,2011,0.0075,67.0863
2011-05-19,2011,0.01,-51.960000000000946
2011-05-19,2011,0.015,-51.960000000000946
2011-05-26,2011,0.0,61.30999999999949
2011-05-26,2011,0.005,43.63545
2011-05-26,2011,0.0075,65.453175
2011-05-26,2011,0.01,61.30999999999949
2011-05-26,2011,0.015,61.30999999999949
2011-05-27,2011,0.0,21.600000000000364
2011-05-27,2011,0.005,43.942
2011-05-27,2011,0.0075,65.913
2011-05-27,2011,0.01,21.600000000000364
2011-05-27,2011,0.015,21.600000000000364
2011-05-30,2011,0.0,13.680000000000291
2011-05-30,2011,0.005,13.680000000000291
2011-05-30,2011,0.0075,13.680000000000291
2011-05-30,2011,0.01,13.680000000000291
2011-05-30,2011,0.015,13.680000000000291
2011-05-31,2011,0.0,165.15999999999985
2011-05-31,2011,0.005,44.1184
2011-05-31,2011,0.0075,66.1776
2011-05-31,2011,0.01,88.2368
2011-05-31,2011,0.015,132.3552
2011-06-01,2011,0.0,73.51000000000022
2011-06-01,2011,0.005,44.9442
2011-06-01,2011,0.0075,67.41629999999999
2011-06-01,2011,0.01,89.8884
2011-06-01,2011,0.015,73.51000000000022
2011-06-03,2011,0.0,54.92000000000007
2011-06-03,2011,0.005,44.9568
2011-06-03,2011,0.0075,54.92000000000007
2011-06-03,2011,0.01,54.92000000000007
2011-06-03,2011,0.015,54.92000000000007
2011-06-08,2011,0.0,-49.56999999999971
2011-06-08,2011,0.005,-49.56999999999971
2011-06-08,2011,0.0075,-49.56999999999971
2011-06-08,2011,0.01,-49.56999999999971
2011-06-08,2011,0.015,-49.56999999999971
2011-06-10,2011,0.0,-163.1200000000008
2011-06-10,2011,0.005,45.00470000000001
2011-06-10,2011,0.0075,-163.1200000000008
2011-06-10,2011,0.01,-163.1200000000008
2011-06-10,2011,0.015,-163.1200000000008
2011-06-13,2011,0.0,124.86999999999898
2011-06-13,2011,0.005,44.189099999999996
2011-06-13,2011,0.0075,66.28365
2011-06-13,2011,0.01,88.37819999999999
2011-06-13,2011,0.015,132.5673
2011-06-15,2011,0.0,2.2400000000016007
2011-06-15,2011,0.005,44.146049999999995
2011-06-15,2011,0.0075,2.2400000000016007
2011-06-15,2011,0.01,2.2400000000016007
2011-06-15,2011,0.015,2.2400000000016007
2011-06-17,2011,0.0,18.329999999999927
2011-06-17,2011,0.005,18.329999999999927
2011-06-17,2011,0.0075,18.329999999999927
2011-06-17,2011,0.01,18.329999999999927
2011-06-17,2011,0.015,18.329999999999927
2011-06-20,2011,0.0,105.42000000000007
2011-06-20,2011,0.005,43.1805
2011-06-20,2011,0.0075,64.77075
2011-06-20,2011,0.01,86.361
2011-06-20,2011,0.015,105.42000000000007
2011-06-21,2011,0.0,66.94000000000051
2011-06-21,2011,0.005,42.653400000000005
2011-06-21,2011,0.0075,63.9801
2011-06-21,2011,0.01,85.30680000000001
2011-06-21,2011,0.015,66.94000000000051
2011-06-22,2011,0.0,28.269999999998618
2011-06-22,2011,0.005,43.24655
2011-06-22,2011,0.0075,28.269999999998618
2011-06-22,2011,0.01,28.269999999998618
2011-06-22,2011,0.015,28.269999999998618
2011-06-24,2011,0.0,-34.45000000000073
2011-06-24,2011,0.005,-34.45000000000073
2011-06-24,2011,0.0075,-34.45000000000073
2011-06-24,2011,0.01,-34.45000000000073
2011-06-24,2011,0.015,-34.45000000000073
2011-06-28,2011,0.0,-21.299999999999272
2011-06-28,2011,0.005,42.5008
2011-06-28,2011,0.0075,63.7512
2011-06-28,2011,0.01,-21.299999999999272
2011-06-28,2011,0.015,-21.299999999999272
2011-06-29,2011,0.0,94.51999999999862
2011-06-29,2011,0.005,42.3943
2011-06-29,2011,0.0075,63.59145
2011-06-29,2011,0.01,84.7886
2011-06-29,2011,0.015,94.51999999999862
2011-07-01,2011,0.0,-22.0
2011-07-01,2011,0.005,-22.0
2011-07-01,2011,0.0075,-22.0
2011-07-01,2011,0.01,-22.0
2011-07-01,2011,0.015,-22.0
2011-07-04,2011,0.0,20.600000000000364
2011-07-04,2011,0.005,20.600000000000364
2011-07-04,2011,0.0075,20.600000000000364
2011-07-04,2011,0.01,20.600000000000364
2011-07-04,2011,0.015,20.600000000000364
2011-07-05,2011,0.0,-18.8700000000008
2011-07-05,2011,0.005,-18.8700000000008
2011-07-05,2011,0.0075,-18.8700000000008
2011-07-05,2011,0.01,-18.8700000000008
2011-07-05,2011,0.015,-18.8700000000008
2011-07-08,2011,0.0,66.92000000000007
2011-07-08,2011,0.005,44.08235
2011-07-08,2011,0.0075,66.12352499999999
2011-07-08,2011,0.01,66.92000000000007
2011-07-08,2011,0.015,66.92000000000007
2011-07-11,2011,0.0,83.69999999999891
2011-07-11,2011,0.005,43.747749999999996
2011-07-11,2011,0.0075,65.621625
2011-07-11,2011,0.01,87.49549999999999
2011-07-11,2011,0.015,83.69999999999891
2011-07-12,2011,0.0,174.84000000000015
2011-07-12,2011,0.005,43.32925
2011-07-12,2011,0.0075,64.993875
2011-07-12,2011,0.01,86.6585
2011-07-12,2011,0.015,129.98775
2011-07-15,2011,0.0,-93.55999999999949
2011-07-15,2011,0.005,-93.55999999999949
2011-07-15,2011,0.0075,-93.55999999999949
2011-07-15,2011,0.01,-93.55999999999949
2011-07-15,2011,0.015,-93.55999999999949
2011-07-18,2011,0.0,-36.340000000000146
2011-07-18,2011,0.005,-36.340000000000146
2011-07-18,2011,0.0075,-36.340000000000146
2011-07-18,2011,0.01,-36.340000000000146
2011-07-18,2011,0.015,-36.340000000000146
2011-07-19,2011,0.0,14.0
2011-07-19,2011,0.005,42.69285
2011-07-19,2011,0.0075,14.0
2011-07-19,2011,0.01,14.0
2011-07-19,2011,0.015,14.0
2011-07-20,2011,0.0,-62.72999999999956
2011-07-20,2011,0.005,-62.72999999999956
2011-07-20,2011,0.0075,-62.72999999999956
2011-07-20,2011,0.01,-62.72999999999956
2011-07-20,2011,0.015,-62.72999999999956
2011-07-22,2011,0.0,48.18000000000029
2011-07-22,2011,0.005,43.585699999999996
2011-07-22,2011,0.0075,65.37854999999999
2011-07-22,2011,0.01,48.18000000000029
2011-07-22,2011,0.015,48.18000000000029
2011-07-25,2011,0.0,44.719999999999345
2011-07-25,2011,0.005,43.641149999999996
2011-07-25,2011,0.0075,65.461725
2011-07-25,2011,0.01,44.719999999999345
2011-07-25,2011,0.015,44.719999999999345
2011-07-26,2011,0.0,-110.72999999999956
2011-07-26,2011,0.005,-110.72999999999956
2011-07-26,2011,0.0075,-110.72999999999956
2011-07-26,2011,0.01,-110.72999999999956
2011-07-26,2011,0.015,-110.72999999999956
2011-07-27,2011,0.0,23.25
2011-07-27,2011,0.005,23.25
2011-07-27,2011,0.0075,23.25
2011-07-27,2011,0.01,23.25
2011-07-27,2011,0.015,23.25
2011-08-04,2011,0.0,-139.59000000000015
2011-08-04,2011,0.005,-139.59000000000015
2011-08-04,2011,0.0075,-139.59000000000015
2011-08-04,2011,0.01,-139.59000000000015
2011-08-04,2011,0.015,-139.59000000000015
2011-08-08,2011,0.0,300.3299999999999
2011-08-08,2011,0.005,39.26565
2011-08-08,2011,0.0075,58.898475
2011-08-08,2011,0.01,78.5313
2011-08-08,2011,0.015,117.79695
2011-08-10,2011,0.0,-90.84999999999945
2011-08-10,2011,0.005,-90.84999999999945
2011-08-10,2011,0.0075,-90.84999999999945
2011-08-10,2011,0.01,-90.84999999999945
2011-08-10,2011,0.015,-90.84999999999945
2011-08-12,2011,0.0,161.25
2011-08-12,2011,0.005,38.991350000000004
2011-08-12,2011,0.0075,58.487025
2011-08-12,2011,0.01,77.98270000000001
2011-08-12,2011,0.015,116.97405
2011-08-16,2011,0.0,-20.800000000000182
2011-08-16,2011,0.005,39.09695
2011-08-16,2011,0.0075,58.645425
2011-08-16,2011,0.01,-20.800000000000182
2011-08-16,2011,0.015,-20.800000000000182
2011-08-17,2011,0.0,56.82999999999993
2011-08-17,2011,0.005,38.99295
2011-08-17,2011,0.0075,58.489425
2011-08-17,2011,0.01,56.82999999999993
2011-08-17,2011,0.015,56.82999999999993
2011-08-22,2011,0.0,30.36999999999989
2011-08-22,2011,0.005,36.714800000000004
2011-08-22,2011,0.0075,55.072199999999995
2011-08-22,2011,0.01,73.42960000000001
2011-08-22,2011,0.015,30.36999999999989
2011-08-23,2011,0.0,237.63999999999942
2011-08-23,2011,0.005,36.56295
2011-08-23,2011,0.0075,54.844425
2011-08-23,2011,0.01,73.1259
2011-08-23,2011,0.015,109.68885
2011-08-24,2011,0.0,17.519999999999527
2011-08-24,2011,0.005,37.60225
2011-08-24,2011,0.0075,56.403375
2011-08-24,2011,0.01,75.2045
2011-08-24,2011,0.015,17.519999999999527
2011-08-29,2011,0.0,-6.8200000000006185
2011-08-29,2011,0.005,-6.8200000000006185
2011-08-29,2011,0.0075,-6.8200000000006185
2011-08-29,2011,0.01,-6.8200000000006185
2011-08-29,2011,0.015,-6.8200000000006185
2011-08-30,2011,0.0,-5.75
2011-08-30,2011,0.005,-5.75
2011-08-30,2011,0.0075,-5.75
2011-08-30,2011,0.01,-5.75
2011-08-30,2011,0.015,-5.75
2011-09-02,2011,0.0,0.6999999999998181
2011-09-02,2011,0.005,38.7888
2011-09-02,2011,0.0075,0.6999999999998181
2011-09-02,2011,0.01,0.6999999999998181
2011-09-02,2011,0.015,0.6999999999998181
2011-09-08,2011,0.0,36.19999999999982
2011-09-08,2011,0.005,37.92285
2011-09-08,2011,0.0075,56.884274999999995
2011-09-08,2011,0.01,36.19999999999982
2011-09-08,2011,0.015,36.19999999999982
2011-09-13,2011,0.0,62.88000000000011
2011-09-13,2011,0.005,37.27125
2011-09-13,2011,0.0075,55.906875
2011-09-13,2011,0.01,62.88000000000011
2011-09-13,2011,0.015,62.88000000000011
2011-09-14,2011,0.0,181.15999999999985
2011-09-14,2011,0.005,37.04815
2011-09-14,2011,0.0075,55.572224999999996
2011-09-14,2011,0.01,74.0963
2011-09-14,2011,0.015,111.14444999999999
2011-09-15,2011,0.0,-12.300000000000182
2011-09-15,2011,0.005,-12.300000000000182
2011-09-15,2011,0.0075,-12.300000000000182
2011-09-15,2011,0.01,-12.300000000000182
2011-09-15,2011,0.015,-12.300000000000182
2011-09-16,2011,0.0,191.71999999999935
2011-09-16,2011,0.005,36.9284
2011-09-16,2011,0.0075,55.3926
2011-09-16,2011,0.01,73.8568
2011-09-16,2011,0.015,110.7852
2011-09-19,2011,0.0,-96.51999999999953
2011-09-19,2011,0.005,-96.51999999999953
2011-09-19,2011,0.0075,-96.51999999999953
2011-09-19,2011,0.01,-96.51999999999953
2011-09-19,2011,0.015,-96.51999999999953
2011-09-20,2011,0.0,-11.970000000000255
2011-09-20,2011,0.005,37.4044
2011-09-20,2011,0.0075,56.1066
2011-09-20,2011,0.01,74.8088
2011-09-20,2011,0.015,-11.970000000000255
2011-09-21,2011,0.0,-43.029999999999745
2011-09-21,2011,0.005,-43.029999999999745
2011-09-21,2011,0.0075,-43.029999999999745
2011-09-21,2011,0.01,-43.029999999999745
2011-09-21,2011,0.015,-43.029999999999745
2011-09-22,2011,0.0,230.3800000000001
2011-09-22,2011,0.005,37.6794
2011-09-22,2011,0.0075,56.5191
2011-09-22,2011,0.01,75.3588
2011-09-22,2011,0.015,113.0382
2011-09-26,2011,0.0,124.40000000000055
2011-09-26,2011,0.005,35.007600000000004
2011-09-26,2011,0.0075,52.5114
2011-09-26,2011,0.01,70.01520000000001
2011-09-26,2011,0.015,105.0228
2011-09-28,2011,0.0,57.029999999999745
2011-09-28,2011,0.005,35.44975
2011-09-28,2011,0.0075,53.174625
2011-09-28,2011,0.01,57.029999999999745
2011-09-28,2011,0.015,57.029999999999745
2011-09-30,2011,0.0,-42.77000000000044
2011-09-30,2011,0.005,-42.77000000000044
2011-09-30,2011,0.0075,-42.77000000000044
2011-09-30,2011,0.01,-42.77000000000044
2011-09-30,2011,0.015,-42.77000000000044
2011-10-05,2011,0.0,36.030000000000655
2011-10-05,2011,0.005,35.1259
2011-10-05,2011,0.0075,36.030000000000655
2011-10-05,2011,0.01,36.030000000000655
2011-10-05,2011,0.015,36.030000000000655
2011-10-06,2011,0.0,30.5
2011-10-06,2011,0.005,35.8125
2011-10-06,2011,0.0075,30.5
2011-10-06,2011,0.01,30.5
2011-10-06,2011,0.015,30.5
2011-10-07,2011,0.0,79.96000000000004
2011-10-07,2011,0.005,35.660000000000004
2011-10-07,2011,0.0075,53.489999999999995
2011-10-07,2011,0.01,71.32000000000001
2011-10-07,2011,0.015,106.97999999999999
2011-10-11,2011,0.0,-17.920000000000073
2011-10-11,2011,0.005,-17.920000000000073
2011-10-11,2011,0.0075,-17.920000000000073
2011-10-11,2011,0.01,-17.920000000000073
2011-10-11,2011,0.015,-17.920000000000073
2011-10-13,2011,0.0,45.97999999999956
2011-10-13,2011,0.005,36.911750000000005
2011-10-13,2011,0.0075,55.367625000000004
2011-10-13,2011,0.01,45.97999999999956
2011-10-13,2011,0.015,45.97999999999956
2011-10-14,2011,0.0,33.61999999999989
2011-10-14,2011,0.005,36.9585
2011-10-14,2011,0.0075,33.61999999999989
2011-10-14,2011,0.01,33.61999999999989
2011-10-14,2011,0.015,33.61999999999989
2011-10-17,2011,0.0,103.03999999999996
2011-10-17,2011,0.005,36.7904
2011-10-17,2011,0.0075,55.1856
2011-10-17,2011,0.01,73.5808
2011-10-17,2011,0.015,110.3712
2011-10-19,2011,0.0,5.880000000000109
2011-10-19,2011,0.005,36.79625
2011-10-19,2011,0.0075,5.880000000000109
2011-10-19,2011,0.01,5.880000000000109
2011-10-19,2011,0.015,5.880000000000109
2011-10-21,2011,0.0,-10.19000000000051
2011-10-21,2011,0.005,36.2216
2011-10-21,2011,0.0075,-10.19000000000051
2011-10-21,2011,0.01,-10.19000000000051
2011-10-21,2011,0.015,-10.19000000000051
2011-10-24,2011,0.0,-31.19000000000051
2011-10-24,2011,0.005,-31.19000000000051
2011-10-24,2011,0.0075,-31.19000000000051
2011-10-24,2011,0.01,-31.19000000000051
2011-10-24,2011,0.015,-31.19000000000051
2011-10-25,2011,0.0,11.579999999999927
2011-10-25,2011,0.005,11.579999999999927
2011-10-25,2011,0.0075,11.579999999999927
2011-10-25,2011,0.01,11.579999999999927
2011-10-25,2011,0.015,11.579999999999927
2011-10-26,2011,0.0,-44.60999999999967
2011-10-26,2011,0.005,37.45605
2011-10-26,2011,0.0075,56.184075
2011-10-26,2011,0.01,-44.60999999999967
2011-10-26,2011,0.015,-44.60999999999967
2011-10-27,2011,0.0,29.390000000000327
2011-10-27,2011,0.005,37.6791
2011-10-27,2011,0.0075,29.390000000000327
2011-10-27,2011,0.01,29.390000000000327
2011-10-27,2011,0.015,29.390000000000327
2011-10-28,2011,0.0,79.36999999999989
2011-10-28,2011,0.005,38.47715
2011-10-28,2011,0.0075,57.715725
2011-10-28,2011,0.01,76.9543
2011-10-28,2011,0.015,79.36999999999989
2011-10-31,2011,0.0,-28.3700000000008
2011-10-31,2011,0.005,38.0803
2011-10-31,2011,0.0075,-28.3700000000008
2011-10-31,2011,0.01,-28.3700000000008
2011-10-31,2011,0.015,-28.3700000000008
2011-11-03,2011,0.0,-138.13999999999942
2011-11-03,2011,0.005,-138.13999999999942
2011-11-03,2011,0.0075,-138.13999999999942
2011-11-03,2011,0.01,-138.13999999999942
2011-11-03,2011,0.015,-138.13999999999942
2011-11-04,2011,0.0,13.780000000000655
2011-11-04,2011,0.005,13.780000000000655
2011-11-04,2011,0.0075,13.780000000000655
2011-11-04,2011,0.01,13.780000000000655
2011-11-04,2011,0.015,13.780000000000655
2011-11-07,2011,0.0,18.49000000000069
2011-11-07,2011,0.005,18.49000000000069
2011-11-07,2011,0.0075,18.49000000000069
2011-11-07,2011,0.01,18.49000000000069
2011-11-07,2011,0.015,18.49000000000069
2011-11-09,2011,0.0,-38.93000000000029
2011-11-09,2011,0.005,38.00395
2011-11-09,2011,0.0075,-38.93000000000029
2011-11-09,2011,0.01,-38.93000000000029
2011-11-09,2011,0.015,-38.93000000000029
2011-11-11,2011,0.0,58.60999999999967
2011-11-11,2011,0.005,36.543400000000005
2011-11-11,2011,0.0075,54.8151
2011-11-11,2011,0.01,73.08680000000001
2011-11-11,2011,0.015,58.60999999999967
2011-11-14,2011,0.0,-1.769999999999527
2011-11-14,2011,0.005,-1.769999999999527
2011-11-14,2011,0.0075,-1.769999999999527
2011-11-14,2011,0.01,-1.769999999999527
2011-11-14,2011,0.015,-1.769999999999527
2011-11-15,2011,0.0,34.589999999999236
2011-11-15,2011,0.005,37.62825
2011-11-15,2011,0.0075,34.589999999999236
2011-11-15,2011,0.01,34.589999999999236
2011-11-15,2011,0.015,34.589999999999236
2011-11-16,2011,0.0,-103.53999999999996
2011-11-16,2011,0.005,37.4553
2011-11-16,2011,0.0075,-103.53999999999996
2011-11-16,2011,0.01,-103.53999999999996
2011-11-16,2011,0.015,-103.53999999999996
2011-11-22,2011,0.0,42.61000000000058
2011-11-22,2011,0.005,35.2132
2011-11-22,2011,0.0075,52.8198
2011-11-22,2011,0.01,70.4264
2011-11-22,2011,0.015,42.61000000000058
2011-11-23,2011,0.0,193.59999999999945
2011-11-23,2011,0.005,35.00015
2011-11-23,2011,0.0075,52.50022499999999
2011-11-23,2011,0.01,70.0003
2011-11-23,2011,0.015,105.00044999999999
2011-11-28,2011,0.0,-114.25999999999931
2011-11-28,2011,0.005,-114.25999999999931
2011-11-28,2011,0.0075,-114.25999999999931
2011-11-28,2011,0.01,-114.25999999999931
2011-11-28,2011,0.015,-114.25999999999931
2011-11-29,2011,0.0,-33.4399999999996
2011-11-29,2011,0.005,-33.4399999999996
2011-11-29,2011,0.0075,-33.4399999999996
2011-11-29,2011,0.01,-33.4399999999996
2011-11-29,2011,0.015,-33.4399999999996
2011-12-01,2011,0.0,-46.85999999999967
2011-12-01,2011,0.005,-46.85999999999967
2011-12-01,2011,0.0075,-46.85999999999967
2011-12-01,2011,0.01,-46.85999999999967
2011-12-01,2011,0.015,-46.85999999999967
2011-12-02,2011,0.0,-38.00999999999931
2011-12-02,2011,0.005,-38.00999999999931
2011-12-02,2011,0.0075,-38.00999999999931
2011-12-02,2011,0.01,-38.00999999999931
2011-12-02,2011,0.015,-38.00999999999931
2011-12-06,2011,0.0,-141.80000000000018
2011-12-06,2011,0.005,-141.80000000000018
2011-12-06,2011,0.0075,-141.80000000000018
2011-12-06,2011,0.01,-141.80000000000018
2011-12-06,2011,0.015,-141.80000000000018
2011-12-08,2011,0.0,-50.100000000000364
2011-12-08,2011,0.005,-50.100000000000364
2011-12-08,2011,0.0075,-50.100000000000364
2011-12-08,2011,0.01,-50.100000000000364
2011-12-08,2011,0.015,-50.100000000000364
2011-12-12,2011,0.0,55.73999999999978
2011-12-12,2011,0.005,34.4665
2011-12-12,2011,0.0075,51.69975
2011-12-12,2011,0.01,68.933
2011-12-12,2011,0.015,103.3995
2011-12-15,2011,0.0,157.97999999999956
2011-12-15,2011,0.005,34.61285
2011-12-15,2011,0.0075,51.919275
2011-12-15,2011,0.01,69.2257
2011-12-15,2011,0.015,103.83855
2011-12-19,2011,0.0,-151.76000000000022
2011-12-19,2011,0.005,-151.76000000000022
2011-12-19,2011,0.0075,-151.76000000000022
2011-12-19,2011,0.01,-151.76000000000022
2011-12-19,2011,0.015,-151.76000000000022
2011-12-21,2011,0.0,-43.76999999999953
2011-12-21,2011,0.005,-43.76999999999953
2011-12-21,2011,0.0075,-43.76999999999953
2011-12-21,2011,0.01,-43.76999999999953
2011-12-21,2011,0.015,-43.76999999999953
2011-12-22,2011,0.0,0.12999999999919964
2011-12-22,2011,0.005,0.12999999999919964
2011-12-22,2011,0.0075,0.12999999999919964
2011-12-22,2011,0.01,0.12999999999919964
2011-12-22,2011,0.015,0.12999999999919964
2011-12-23,2011,0.0,-30.269999999999527
2011-12-23,2011,0.005,-30.269999999999527
2011-12-23,2011,0.0075,-30.269999999999527
2011-12-23,2011,0.01,-30.269999999999527
2011-12-23,2011,0.015,-30.269999999999527
2011-12-26,2011,0.0,-18.149999999999636
2011-12-26,2011,0.005,-18.149999999999636
2011-12-26,2011,0.0075,-18.149999999999636
2011-12-26,2011,0.01,-18.149999999999636
2011-12-26,2011,0.015,-18.149999999999636
2011-12-27,2011,0.0,-7.550000000000182
2011-12-27,2011,0.005,-7.550000000000182
2011-12-27,2011,0.0075,-7.550000000000182
2011-12-27,2011,0.01,-7.550000000000182
2011-12-27,2011,0.015,-7.550000000000182
2011-12-29,2011,0.0,-18.149999999999636
2011-12-29,2011,0.005,35.28335
2011-12-29,2011,0.0075,52.925025
2011-12-29,2011,0.01,-18.149999999999636
2011-12-29,2011,0.015,-18.149999999999636
2011-12-30,2011,0.0,-2.7399999999997817
2011-12-30,2011,0.005,35.3741
2011-12-30,2011,0.0075,53.06115
2011-12-30,2011,0.01,-2.7399999999997817
2011-12-30,2011,0.015,-2.7399999999997817
2012-01-04,2012,0.0,29.590000000000146
2012-01-04,2012,0.005,35.2669
2012-01-04,2012,0.0075,52.900349999999996
2012-01-04,2012,0.01,29.590000000000146
2012-01-04,2012,0.015,29.590000000000146
2012-01-05,2012,0.0,47.88999999999942
2012-01-05,2012,0.005,35.41485
2012-01-05,2012,0.0075,47.88999999999942
2012-01-05,2012,0.01,47.88999999999942
2012-01-05,2012,0.015,47.88999999999942
2012-01-06,2012,0.0,-10.349999999999454
2012-01-06,2012,0.005,-10.349999999999454
2012-01-06,2012,0.0075,-10.349999999999454
2012-01-06,2012,0.01,-10.349999999999454
2012-01-06,2012,0.015,-10.349999999999454
2012-01-09,2012,0.0,-27.470000000000255
2012-01-09,2012,0.005,-27.470000000000255
2012-01-09,2012,0.0075,-27.470000000000255
2012-01-09,2012,0.01,-27.470000000000255
2012-01-09,2012,0.015,-27.470000000000255
2012-01-10,2012,0.0,85.82999999999993
2012-01-10,2012,0.005,35.4652
2012-01-10,2012,0.0075,53.1978
2012-01-10,2012,0.01,70.9304
2012-01-10,2012,0.015,85.82999999999993
2012-01-11,2012,0.0,9.340000000000146
2012-01-11,2012,0.005,9.340000000000146
2012-01-11,2012,0.0075,9.340000000000146
2012-01-11,2012,0.01,9.340000000000146
2012-01-11,2012,0.015,9.340000000000146
2012-01-12,2012,0.0,-1.6300000000001091
2012-01-12,2012,0.005,-1.6300000000001091
2012-01-12,2012,0.0075,-1.6300000000001091
2012-01-12,2012,0.01,-1.6300000000001091
2012-01-12,2012,0.015,-1.6300000000001091
2012-01-13,2012,0.0,-5.039999999999964
2012-01-13,2012,0.005,35.932900000000004
2012-01-13,2012,0.0075,53.89935
2012-01-13,2012,0.01,-5.039999999999964
2012-01-13,2012,0.015,-5.039999999999964
2012-01-18,2012,0.0,12.609999999999673
2012-01-18,2012,0.005,12.609999999999673
2012-01-18,2012,0.0075,12.609999999999673
2012-01-18,2012,0.01,12.609999999999673
2012-01-18,2012,0.015,12.609999999999673
2012-01-30,2012,0.0,173.72000000000025
2012-01-30,2012,0.005,36.16845
2012-01-30,2012,0.0075,54.252674999999996
2012-01-30,2012,0.01,72.3369
2012-01-30,2012,0.015,108.50534999999999
2012-01-31,2012,0.0,-109.67000000000007
2012-01-31,2012,0.005,-109.67000000000007
2012-01-31,2012,0.0075,-109.67000000000007
2012-01-31,2012,0.01,-109.67000000000007
2012-01-31,2012,0.015,-109.67000000000007
2012-02-01,2012,0.0,32.13000000000011
2012-02-01,2012,0.005,37.5854
2012-02-01,2012,0.0075,32.13000000000011
2012-02-01,2012,0.01,32.13000000000011
2012-02-01,2012,0.015,32.13000000000011
2012-02-02,2012,0.0,-17.88000000000011
2012-02-02,2012,0.005,38.1729
2012-02-02,2012,0.0075,-17.88000000000011
2012-02-02,2012,0.01,-17.88000000000011
2012-02-02,2012,0.015,-17.88000000000011
2012-02-03,2012,0.0,22.529999999999745
2012-02-03,2012,0.005,22.529999999999745
2012-02-03,2012,0.0075,22.529999999999745
2012-02-03,2012,0.01,22.529999999999745
2012-02-03,2012,0.015,22.529999999999745
2012-02-04,2012,0.0,66.25
2012-02-04,2012,0.005,38.37495
2012-02-04,2012,0.0075,57.562425
2012-02-04,2012,0.01,76.7499
2012-02-04,2012,0.015,66.25
2012-02-06,2012,0.0,-53.26000000000022
2012-02-06,2012,0.005,-53.26000000000022
2012-02-06,2012,0.0075,-53.26000000000022
2012-02-06,2012,0.01,-53.26000000000022
2012-02-06,2012,0.015,-53.26000000000022
2012-02-07,2012,0.0,-19.460000000000036
2012-02-07,2012,0.005,-19.460000000000036
2012-02-07,2012,0.0075,-19.460000000000036
2012-02-07,2012,0.01,-19.460000000000036
2012-02-07,2012,0.015,-19.460000000000036
2012-02-08,2012,0.0,162.47000000000025
2012-02-08,2012,0.005,38.5372
2012-02-08,2012,0.0075,57.8058
2012-02-08,2012,0.01,77.0744
2012-02-08,2012,0.015,115.6116
2012-02-09,2012,0.0,40.86999999999989
2012-02-09,2012,0.005,39.34955
2012-02-09,2012,0.0075,40.86999999999989
2012-02-09,2012,0.01,40.86999999999989
2012-02-09,2012,0.015,40.86999999999989
2012-02-10,2012,0.0,-48.50999999999931
2012-02-10,2012,0.005,-48.50999999999931
2012-02-10,2012,0.0075,-48.50999999999931
2012-02-10,2012,0.01,-48.50999999999931
2012-02-10,2012,0.015,-48.50999999999931
2012-02-14,2012,0.0,-28.829999999999927
2012-02-14,2012,0.005,-28.829999999999927
2012-02-14,2012,0.0075,-28.829999999999927
2012-02-14,2012,0.01,-28.829999999999927
2012-02-14,2012,0.015,-28.829999999999927
2012-02-15,2012,0.0,121.15999999999985
2012-02-15,2012,0.005,39.4204
2012-02-15,2012,0.0075,59.130599999999994
2012-02-15,2012,0.01,78.8408
2012-02-15,2012,0.015,118.26119999999999
2012-02-16,2012,0.0,-135.53999999999996
2012-02-16,2012,0.005,-135.53999999999996
2012-02-16,2012,0.0075,-135.53999999999996
2012-02-16,2012,0.01,-135.53999999999996
2012-02-16,2012,0.015,-135.53999999999996
2012-02-17,2012,0.0,50.43000000000029
2012-02-17,2012,0.005,39.72395
2012-02-17,2012,0.0075,59.585924999999996
2012-02-17,2012,0.01,79.4479
2012-02-17,2012,0.015,50.43000000000029
2012-02-22,2012,0.0,-80.18000000000029
2012-02-22,2012,0.005,-80.18000000000029
2012-02-22,2012,0.0075,-80.18000000000029
2012-02-22,2012,0.01,-80.18000000000029
2012-02-22,2012,0.015,-80.18000000000029
2012-02-24,2012,0.0,22.039999999999964
2012-02-24,2012,0.005,22.039999999999964
2012-02-24,2012,0.0075,22.039999999999964
2012-02-24,2012,0.01,22.039999999999964
2012-02-24,2012,0.015,22.039999999999964
2012-02-29,2012,0.0,162.09999999999945
2012-02-29,2012,0.005,39.7967
2012-02-29,2012,0.0075,59.69505
2012-02-29,2012,0.01,79.5934
2012-02-29,2012,0.015,119.3901
2012-03-01,2012,0.0,3.0999999999994543
2012-03-01,2012,0.005,3.0999999999994543
2012-03-01,2012,0.0075,3.0999999999994543
2012-03-01,2012,0.01,3.0999999999994543
2012-03-01,2012,0.015,3.0999999999994543
2012-03-02,2012,0.0,25.699999999999818
2012-03-02,2012,0.005,40.5917
2012-03-02,2012,0.0075,25.699999999999818
2012-03-02,2012,0.01,25.699999999999818
2012-03-02,2012,0.015,25.699999999999818
2012-03-03,2012,0.0,29.600000000000364
2012-03-03,2012,0.005,40.7202
2012-03-03,2012,0.0075,29.600000000000364
2012-03-03,2012,0.01,29.600000000000364
2012-03-03,2012,0.015,29.600000000000364
2012-03-05,2012,0.0,109.69999999999982
2012-03-05,2012,0.005,40.5722
2012-03-05,2012,0.0075,60.85829999999999
2012-03-05,2012,0.01,81.1444
2012-03-05,2012,0.015,109.69999999999982
2012-03-08,2012,0.0,81.48000000000047
2012-03-08,2012,0.005,39.5154
2012-03-08,2012,0.0075,59.2731
2012-03-08,2012,0.01,79.0308
2012-03-08,2012,0.015,81.48000000000047
2012-03-09,2012,0.0,31.449999999999818
2012-03-09,2012,0.005,39.9228
2012-03-09,2012,0.0075,31.449999999999818
2012-03-09,2012,0.01,31.449999999999818
2012-03-09,2012,0.015,31.449999999999818
2012-03-12,2012,0.0,-88.46000000000004
2012-03-12,2012,0.005,-88.46000000000004
2012-03-12,2012,0.0075,-88.46000000000004
2012-03-12,2012,0.01,-88.46000000000004
2012-03-12,2012,0.015,-88.46000000000004
2012-03-13,2012,0.0,-103.96000000000004
2012-03-13,2012,0.005,-103.96000000000004
2012-03-13,2012,0.0075,-103.96000000000004
2012-03-13,2012,0.01,-103.96000000000004
2012-03-13,2012,0.015,-103.96000000000004
2012-03-14,2012,0.0,21.86999999999989
2012-03-14,2012,0.005,21.86999999999989
2012-03-14,2012,0.0075,21.86999999999989
2012-03-14,2012,0.01,21.86999999999989
2012-03-14,2012,0.015,21.86999999999989
2012-03-16,2012,0.0,-66.68000000000029
2012-03-16,2012,0.005,-66.68000000000029
2012-03-16,2012,0.0075,-66.68000000000029
2012-03-16,2012,0.01,-66.68000000000029
2012-03-16,2012,0.015,-66.68000000000029
2012-03-19,2012,0.0,-11.019999999999527
2012-03-19,2012,0.005,40.274699999999996
2012-03-19,2012,0.0075,60.412049999999994
2012-03-19,2012,0.01,-11.019999999999527
2012-03-19,2012,0.015,-11.019999999999527
2012-03-20,2012,0.0,-71.22000000000025
2012-03-20,2012,0.005,-71.22000000000025
2012-03-20,2012,0.0075,-71.22000000000025
2012-03-20,2012,0.01,-71.22000000000025
2012-03-20,2012,0.015,-71.22000000000025
2012-03-22,2012,0.0,78.0
2012-03-22,2012,0.005,39.9097
2012-03-22,2012,0.0075,59.864549999999994
2012-03-22,2012,0.01,79.8194
2012-03-22,2012,0.015,78.0
2012-03-26,2012,0.0,-108.98999999999978
2012-03-26,2012,0.005,-108.98999999999978
2012-03-26,2012,0.0075,-108.98999999999978
2012-03-26,2012,0.01,-108.98999999999978
2012-03-26,2012,0.015,-108.98999999999978
2012-03-27,2012,0.0,61.840000000000146
2012-03-27,2012,0.005,39.8381
2012-03-27,2012,0.0075,59.757149999999996
2012-03-27,2012,0.01,61.840000000000146
2012-03-27,2012,0.015,61.840000000000146
2012-03-29,2012,0.0,165.40999999999985
2012-03-29,2012,0.005,40.19035
2012-03-29,2012,0.0075,60.28552499999999
2012-03-29,2012,0.01,80.3807
2012-03-29,2012,0.015,120.57104999999999
2012-03-30,2012,0.0,60.340000000000146
2012-03-30,2012,0.005,39.3633
2012-03-30,2012,0.0075,59.04495
2012-03-30,2012,0.01,60.340000000000146
2012-03-30,2012,0.015,60.340000000000146
2012-04-02,2012,0.0,-70.10000000000036
2012-04-02,2012,0.005,-70.10000000000036
2012-04-02,2012,0.0075,-70.10000000000036
2012-04-02,2012,0.01,-70.10000000000036
2012-04-02,2012,0.015,-70.10000000000036
2012-04-06,2012,0.0,66.44000000000051
2012-04-06,2012,0.005,38.1991
2012-04-06,2012,0.0075,57.298649999999995
2012-04-06,2012,0.01,66.44000000000051
2012-04-06,2012,0.015,66.44000000000051
2012-04-09,2012,0.0,-105.39000000000033
2012-04-09,2012,0.005,-105.39000000000033
2012-04-09,2012,0.0075,-105.39000000000033
2012-04-09,2012,0.01,-105.39000000000033
2012-04-09,2012,0.015,-105.39000000000033
2012-04-10,2012,0.0,-39.8100000000004
2012-04-10,2012,0.005,-39.8100000000004
2012-04-10,2012,0.0075,-39.8100000000004
2012-04-10,2012,0.01,-39.8100000000004
2012-04-10,2012,0.015,-39.8100000000004
2012-04-11,2012,0.0,-15.989999999999782
2012-04-11,2012,0.005,38.2034
2012-04-11,2012,0.0075,57.3051
2012-04-11,2012,0.01,-15.989999999999782
2012-04-11,2012,0.015,-15.989999999999782
2012-04-12,2012,0.0,6.25
2012-04-12,2012,0.005,6.25
2012-04-12,2012,0.0075,6.25
2012-04-12,2012,0.01,6.25
2012-04-12,2012,0.015,6.25
2012-04-13,2012,0.0,125.35000000000036
2012-04-13,2012,0.005,38.3146
2012-04-13,2012,0.0075,57.4719
2012-04-13,2012,0.01,76.6292
2012-04-13,2012,0.015,114.9438
2012-04-16,2012,0.0,58.410000000000764
2012-04-16,2012,0.005,38.94135
2012-04-16,2012,0.0075,58.412025
2012-04-16,2012,0.01,58.410000000000764
2012-04-16,2012,0.015,58.410000000000764
2012-04-17,2012,0.0,-143.98999999999978
2012-04-17,2012,0.005,-143.98999999999978
2012-04-17,2012,0.0075,-143.98999999999978
2012-04-17,2012,0.01,-143.98999999999978
2012-04-17,2012,0.015,-143.98999999999978
2012-04-18,2012,0.0,19.13000000000011
2012-04-18,2012,0.005,37.92935
2012-04-18,2012,0.0075,56.894025
2012-04-18,2012,0.01,75.8587
2012-04-18,2012,0.015,19.13000000000011
2012-04-20,2012,0.0,115.53999999999996
2012-04-20,2012,0.005,38.11345
2012-04-20,2012,0.0075,57.17017499999999
2012-04-20,2012,0.01,76.2269
2012-04-20,2012,0.015,114.34034999999999
2012-04-24,2012,0.0,-17.75
2012-04-24,2012,0.005,-17.75
2012-04-24,2012,0.0075,-17.75
2012-04-24,2012,0.01,-17.75
2012-04-24,2012,0.015,-17.75
2012-04-26,2012,0.0,18.5
2012-04-26,2012,0.005,18.5
2012-04-26,2012,0.0075,18.5
2012-04-26,2012,0.01,18.5
2012-04-26,2012,0.015,18.5
2012-04-27,2012,0.0,47.529999999999745
2012-04-27,2012,0.005,37.64015
2012-04-27,2012,0.0075,56.460224999999994
2012-04-27,2012,0.01,47.529999999999745
2012-04-27,2012,0.015,47.529999999999745
2012-04-30,2012,0.0,21.220000000000255
2012-04-30,2012,0.005,21.220000000000255
2012-04-30,2012,0.0075,21.220000000000255
2012-04-30,2012,0.01,21.220000000000255
2012-04-30,2012,0.015,21.220000000000255
2012-05-02,2012,0.0,175.09000000000015
2012-05-02,2012,0.005,37.5086
2012-05-02,2012,0.0075,56.2629
2012-05-02,2012,0.01,75.0172
2012-05-02,2012,0.015,112.5258
2012-05-03,2012,0.0,-17.280000000000655
2012-05-03,2012,0.005,-17.280000000000655
2012-05-03,2012,0.0075,-17.280000000000655
2012-05-03,2012,0.01,-17.280000000000655
2012-05-03,2012,0.015,-17.280000000000655
2012-05-14,2012,0.0,-24.1899999999996
2012-05-14,2012,0.005,-24.1899999999996
2012-05-14,2012,0.0075,-24.1899999999996
2012-05-14,2012,0.01,-24.1899999999996
2012-05-14,2012,0.015,-24.1899999999996
2012-05-15,2012,0.0,-18.460000000000036
2012-05-15,2012,0.005,36.8859
2012-05-15,2012,0.0075,55.32885
2012-05-15,2012,0.01,73.7718
2012-05-15,2012,0.015,-18.460000000000036
2012-05-16,2012,0.0,161.07000000000062
2012-05-16,2012,0.005,36.9782
2012-05-16,2012,0.0075,55.4673
2012-05-16,2012,0.01,73.9564
2012-05-16,2012,0.015,110.9346
2012-05-17,2012,0.0,-122.20000000000073
2012-05-17,2012,0.005,-122.20000000000073
2012-05-17,2012,0.0075,-122.20000000000073
2012-05-17,2012,0.01,-122.20000000000073
2012-05-17,2012,0.015,-122.20000000000073
2012-05-21,2012,0.0,-41.039999999999964
2012-05-21,2012,0.005,-41.039999999999964
2012-05-21,2012,0.0075,-41.039999999999964
2012-05-21,2012,0.01,-41.039999999999964
2012-05-21,2012,0.015,-41.039999999999964
2012-05-22,2012,0.0,-32.210000000000036
2012-05-22,2012,0.005,-32.210000000000036
2012-05-22,2012,0.0075,-32.210000000000036
2012-05-22,2012,0.01,-32.210000000000036
2012-05-22,2012,0.015,-32.210000000000036
2012-05-24,2012,0.0,-22.859999999999673
2012-05-24,2012,0.005,35.73875
2012-05-24,2012,0.0075,-22.859999999999673
2012-05-24,2012,0.01,-22.859999999999673
2012-05-24,2012,0.015,-22.859999999999673
2012-05-25,2012,0.0,53.26000000000022
2012-05-25,2012,0.005,35.62445
2012-05-25,2012,0.0075,53.436675
2012-05-25,2012,0.01,53.26000000000022
2012-05-25,2012,0.015,53.26000000000022
2012-05-28,2012,0.0,64.36999999999989
2012-05-28,2012,0.005,35.35815
2012-05-28,2012,0.0075,53.037225
2012-05-28,2012,0.01,64.36999999999989
2012-05-28,2012,0.015,64.36999999999989
2012-05-29,2012,0.0,206.28999999999996
2012-05-29,2012,0.005,35.68
2012-05-29,2012,0.0075,53.519999999999996
2012-05-29,2012,0.01,71.36
2012-05-29,2012,0.015,107.03999999999999
2012-05-30,2012,0.0,-7.710000000000036
2012-05-30,2012,0.005,-7.710000000000036
2012-05-30,2012,0.0075,-7.710000000000036
2012-05-30,2012,0.01,-7.710000000000036
2012-05-30,2012,0.015,-7.710000000000036
2012-05-31,2012,0.0,-39.69999999999982
2012-05-31,2012,0.005,36.309000000000005
2012-05-31,2012,0.0075,54.463499999999996
2012-05-31,2012,0.01,72.61800000000001
2012-05-31,2012,0.015,108.92699999999999
2012-06-01,2012,0.0,195.40999999999985
2012-06-01,2012,0.005,36.5075
2012-06-01,2012,0.0075,54.76125
2012-06-01,2012,0.01,73.015
2012-06-01,2012,0.015,109.5225
2012-06-06,2012,0.0,7.75
2012-06-06,2012,0.005,7.75
2012-06-06,2012,0.0075,7.75
2012-06-06,2012,0.01,7.75
2012-06-06,2012,0.015,7.75
2012-06-07,2012,0.0,36.789999999999964
2012-06-07,2012,0.005,35.5855
2012-06-07,2012,0.0075,53.37825
2012-06-07,2012,0.01,36.789999999999964
2012-06-07,2012,0.015,36.789999999999964
2012-06-08,2012,0.0,80.66000000000076
2012-06-08,2012,0.005,35.40155
2012-06-08,2012,0.0075,53.102325
2012-06-08,2012,0.01,70.8031
2012-06-08,2012,0.015,80.66000000000076
2012-06-11,2012,0.0,120.57999999999993
2012-06-11,2012,0.005,34.99825
2012-06-11,2012,0.0075,52.497375
2012-06-11,2012,0.01,69.9965
2012-06-11,2012,0.015,104.99475
2012-06-12,2012,0.0,48.149999999999636
2012-06-12,2012,0.005,35.60115
2012-06-12,2012,0.0075,53.40172499999999
2012-06-12,2012,0.01,71.2023
2012-06-12,2012,0.015,48.149999999999636
2012-06-13,2012,0.0,-14.25
2012-06-13,2012,0.005,-14.25
2012-06-13,2012,0.0075,-14.25
2012-06-13,2012,0.01,-14.25
2012-06-13,2012,0.015,-14.25
2012-06-14,2012,0.0,13.729999999999563
2012-06-14,2012,0.005,13.729999999999563
2012-06-14,2012,0.0075,13.729999999999563
2012-06-14,2012,0.01,13.729999999999563
2012-06-14,2012,0.015,13.729999999999563
2012-06-18,2012,0.0,125.67000000000007
2012-06-18,2012,0.005,35.77915
2012-06-18,2012,0.0075,53.668724999999995
2012-06-18,2012,0.01,71.5583
2012-06-18,2012,0.015,107.33744999999999
2012-06-19,2012,0.0,-8.36999999999989
2012-06-19,2012,0.005,-8.36999999999989
2012-06-19,2012,0.0075,-8.36999999999989
2012-06-19,2012,0.01,-8.36999999999989
2012-06-19,2012,0.015,-8.36999999999989
2012-06-20,2012,0.0,61.5
2012-06-20,2012,0.005,36.36565
2012-06-20,2012,0.0075,54.548474999999996
2012-06-20,2012,0.01,61.5
2012-06-20,2012,0.015,61.5
2012-06-21,2012,0.0,-55.57999999999993
2012-06-21,2012,0.005,-55.57999999999993
2012-06-21,2012,0.0075,-55.57999999999993
2012-06-21,2012,0.01,-55.57999999999993
2012-06-21,2012,0.015,-55.57999999999993
2012-06-25,2012,0.0,-55.67000000000007
2012-06-25,2012,0.005,-55.67000000000007
2012-06-25,2012,0.0075,-55.67000000000007
2012-06-25,2012,0.01,-55.67000000000007
2012-06-25,2012,0.015,-55.67000000000007
2012-06-27,2012,0.0,45.07999999999993
2012-06-27,2012,0.005,35.68965
2012-06-27,2012,0.0075,53.534475
2012-06-27,2012,0.01,45.07999999999993
2012-06-27,2012,0.015,45.07999999999993
2012-06-28,2012,0.0,-13.400000000000546
2012-06-28,2012,0.005,35.91505
2012-06-28,2012,0.0075,-13.400000000000546
2012-06-28,2012,0.01,-13.400000000000546
2012-06-28,2012,0.015,-13.400000000000546
2012-07-02,2012,0.0,-10.090000000000146
2012-07-02,2012,0.005,-10.090000000000146
2012-07-02,2012,0.0075,-10.090000000000146
2012-07-02,2012,0.01,-10.090000000000146
2012-07-02,2012,0.015,-10.090000000000146
2012-07-04,2012,0.0,4.230000000000473
2012-07-04,2012,0.005,4.230000000000473
2012-07-04,2012,0.0075,4.230000000000473
2012-07-04,2012,0.01,4.230000000000473
2012-07-04,2012,0.015,4.230000000000473
2012-07-05,2012,0.0,-34.8100000000004
2012-07-05,2012,0.005,-34.8100000000004
2012-07-05,2012,0.0075,-34.8100000000004
2012-07-05,2012,0.01,-34.8100000000004
2012-07-05,2012,0.015,-34.8100000000004
2012-07-06,2012,0.0,19.1899999999996
2012-07-06,2012,0.005,36.9389
2012-07-06,2012,0.0075,55.40835
2012-07-06,2012,0.01,19.1899999999996
2012-07-06,2012,0.015,19.1899999999996
2012-07-10,2012,0.0,58.60999999999967
2012-07-10,2012,0.005,36.5498
2012-07-10,2012,0.0075,54.8247
2012-07-10,2012,0.01,73.0996
2012-07-10,2012,0.015,58.60999999999967
2012-07-13,2012,0.0,26.659999999999854
2012-07-13,2012,0.005,26.659999999999854
2012-07-13,2012,0.0075,26.659999999999854
2012-07-13,2012,0.01,26.659999999999854
2012-07-13,2012,0.015,26.659999999999854
2012-07-16,2012,0.0,-14.230000000000473
2012-07-16,2012,0.005,35.521350000000005
2012-07-16,2012,0.0075,-14.230000000000473
2012-07-16,2012,0.01,-14.230000000000473
2012-07-16,2012,0.015,-14.230000000000473
2012-07-17,2012,0.0,-36.960000000000036
2012-07-17,2012,0.005,35.4502
2012-07-17,2012,0.0075,-36.960000000000036
2012-07-17,2012,0.01,-36.960000000000036
2012-07-17,2012,0.015,-36.960000000000036
2012-07-19,2012,0.0,-27.210000000000036
2012-07-19,2012,0.005,-27.210000000000036
2012-07-19,2012,0.0075,-27.210000000000036
2012-07-19,2012,0.01,-27.210000000000036
2012-07-19,2012,0.015,-27.210000000000036
2012-07-20,2012,0.0,-6.170000000000073
2012-07-20,2012,0.005,-6.170000000000073
2012-07-20,2012,0.0075,-6.170000000000073
2012-07-20,2012,0.01,-6.170000000000073
2012-07-20,2012,0.015,-6.170000000000073
2012-07-23,2012,0.0,135.95000000000073
2012-07-23,2012,0.005,35.8234
2012-07-23,2012,0.0075,53.7351
2012-07-23,2012,0.01,71.6468
2012-07-23,2012,0.015,107.4702
2012-07-26,2012,0.0,-8.44000000000051
2012-07-26,2012,0.005,34.89565
2012-07-26,2012,0.0075,-8.44000000000051
2012-07-26,2012,0.01,-8.44000000000051
2012-07-26,2012,0.015,-8.44000000000051
2012-07-27,2012,0.0,-65.02999999999975
2012-07-27,2012,0.005,-65.02999999999975
2012-07-27,2012,0.0075,-65.02999999999975
2012-07-27,2012,0.01,-65.02999999999975
2012-07-27,2012,0.015,-65.02999999999975
2012-07-30,2012,0.0,9.590000000000146
2012-07-30,2012,0.005,9.590000000000146
2012-07-30,2012,0.0075,9.590000000000146
2012-07-30,2012,0.01,9.590000000000146
2012-07-30,2012,0.015,9.590000000000146
2012-08-01,2012,0.0,-2.5299999999997453
2012-08-01,2012,0.005,-2.5299999999997453
2012-08-01,2012,0.0075,-2.5299999999997453
2012-08-01,2012,0.01,-2.5299999999997453
2012-08-01,2012,0.015,-2.5299999999997453
2012-08-06,2012,0.0,22.8100000000004
2012-08-06,2012,0.005,22.8100000000004
2012-08-06,2012,0.0075,22.8100000000004
2012-08-06,2012,0.01,22.8100000000004
2012-08-06,2012,0.015,22.8100000000004
2012-08-07,2012,0.0,9.13000000000011
2012-08-07,2012,0.005,9.13000000000011
2012-08-07,2012,0.0075,9.13000000000011
2012-08-07,2012,0.01,9.13000000000011
2012-08-07,2012,0.015,9.13000000000011
2012-08-08,2012,0.0,10.220000000000255
2012-08-08,2012,0.005,10.220000000000255
2012-08-08,2012,0.0075,10.220000000000255
2012-08-08,2012,0.01,10.220000000000255
2012-08-08,2012,0.015,10.220000000000255
2012-08-09,2012,0.0,113.89999999999964
2012-08-09,2012,0.005,36.599000000000004
2012-08-09,2012,0.0075,54.8985
2012-08-09,2012,0.01,73.19800000000001
2012-08-09,2012,0.015,109.797
2012-08-10,2012,0.0,7.420000000000073
2012-08-10,2012,0.005,7.420000000000073
2012-08-10,2012,0.0075,7.420000000000073
2012-08-10,2012,0.01,7.420000000000073
2012-08-10,2012,0.015,7.420000000000073
2012-08-13,2012,0.0,-4.819999999999709
2012-08-13,2012,0.005,37.2056
2012-08-13,2012,0.0075,-4.819999999999709
2012-08-13,2012,0.01,-4.819999999999709
2012-08-13,2012,0.015,-4.819999999999709
2012-08-16,2012,0.0,22.470000000000255
2012-08-16,2012,0.005,37.3387
2012-08-16,2012,0.0075,22.470000000000255
2012-08-16,2012,0.01,22.470000000000255
2012-08-16,2012,0.015,22.470000000000255
2012-08-17,2012,0.0,-22.289999999999964
2012-08-17,2012,0.005,-22.289999999999964
2012-08-17,2012,0.0075,-22.289999999999964
2012-08-17,2012,0.01,-22.289999999999964
2012-08-17,2012,0.015,-22.289999999999964
2012-08-22,2012,0.0,-10.230000000000473
2012-08-22,2012,0.005,-10.230000000000473
2012-08-22,2012,0.0075,-10.230000000000473
2012-08-22,2012,0.01,-10.230000000000473
2012-08-22,2012,0.015,-10.230000000000473
2012-08-27,2012,0.0,-9.30999999999949
2012-08-27,2012,0.005,37.38765
2012-08-27,2012,0.0075,-9.30999999999949
2012-08-27,2012,0.01,-9.30999999999949
2012-08-27,2012,0.015,-9.30999999999949
2012-08-30,2012,0.0,-19.710000000000036
2012-08-30,2012,0.005,-19.710000000000036
2012-08-30,2012,0.0075,-19.710000000000036
2012-08-30,2012,0.01,-19.710000000000036
2012-08-30,2012,0.015,-19.710000000000036
2012-08-31,2012,0.0,-25.6200000000008
2012-08-31,2012,0.005,-25.6200000000008
2012-08-31,2012,0.0075,-25.6200000000008
2012-08-31,2012,0.01,-25.6200000000008
2012-08-31,2012,0.015,-25.6200000000008
2012-09-03,2012,0.0,53.469999999999345
2012-09-03,2012,0.005,36.9853
2012-09-03,2012,0.0075,55.47795
2012-09-03,2012,0.01,53.469999999999345
2012-09-03,2012,0.015,53.469999999999345
2012-09-04,2012,0.0,0.8200000000006185
2012-09-04,2012,0.005,0.8200000000006185
2012-09-04,2012,0.0075,0.8200000000006185
2012-09-04,2012,0.01,0.8200000000006185
2012-09-04,2012,0.015,0.8200000000006185
2012-09-07,2012,0.0,-2.430000000000291
2012-09-07,2012,0.005,-2.430000000000291
2012-09-07,2012,0.0075,-2.430000000000291
2012-09-07,2012,0.01,-2.430000000000291
2012-09-07,2012,0.015,-2.430000000000291
2012-09-11,2012,0.0,-2.3900000000003274
2012-09-11,2012,0.005,-2.3900000000003274
2012-09-11,2012,0.0075,-2.3900000000003274
2012-09-11,2012,0.01,-2.3900000000003274
2012-09-11,2012,0.015,-2.3900000000003274
2012-09-12,2012,0.0,85.31999999999971
2012-09-12,2012,0.005,37.425650000000005
2012-09-12,2012,0.0075,56.138475
2012-09-12,2012,0.01,74.85130000000001
2012-09-12,2012,0.015,85.31999999999971
2012-09-13,2012,0.0,8.350000000000364
2012-09-13,2012,0.005,8.350000000000364
2012-09-13,2012,0.0075,8.350000000000364
2012-09-13,2012,0.01,8.350000000000364
2012-09-13,2012,0.015,8.350000000000364
2012-09-14,2012,0.0,159.25
2012-09-14,2012,0.005,37.894
2012-09-14,2012,0.0075,56.841
2012-09-14,2012,0.01,75.788
2012-09-14,2012,0.015,113.682
2012-09-17,2012,0.0,24.170000000000073
2012-09-17,2012,0.005,38.69025
2012-09-17,2012,0.0075,24.170000000000073
2012-09-17,2012,0.01,24.170000000000073
2012-09-17,2012,0.015,24.170000000000073
2012-09-18,2012,0.0,27.960000000000036
2012-09-18,2012,0.005,38.8111
2012-09-18,2012,0.0075,27.960000000000036
2012-09-18,2012,0.01,27.960000000000036
2012-09-18,2012,0.015,27.960000000000036
2012-09-24,2012,0.0,13.710000000000036
2012-09-24,2012,0.005,13.710000000000036
2012-09-24,2012,0.0075,13.710000000000036
2012-09-24,2012,0.01,13.710000000000036
2012-09-24,2012,0.015,13.710000000000036
2012-09-25,2012,0.0,34.17000000000007
2012-09-25,2012,0.005,38.8415
2012-09-25,2012,0.0075,34.17000000000007
2012-09-25,2012,0.01,34.17000000000007
2012-09-25,2012,0.015,34.17000000000007
2012-09-28,2012,0.0,-40.82999999999993
2012-09-28,2012,0.005,-40.82999999999993
2012-09-28,2012,0.0075,-40.82999999999993
2012-09-28,2012,0.01,-40.82999999999993
2012-09-28,2012,0.015,-40.82999999999993
2012-10-03,2012,0.0,-34.05000000000018
2012-10-03,2012,0.005,-34.05000000000018
2012-10-03,2012,0.0075,-34.05000000000018
2012-10-03,2012,0.01,-34.05000000000018
2012-10-03,2012,0.015,-34.05000000000018
2012-10-05,2012,0.0,8.30999999999949
2012-10-05,2012,0.005,38.4117
2012-10-05,2012,0.0075,8.30999999999949
2012-10-05,2012,0.01,8.30999999999949
2012-10-05,2012,0.015,8.30999999999949
2012-10-09,2012,0.0,23.88000000000011
2012-10-09,2012,0.005,23.88000000000011
2012-10-09,2012,0.0075,23.88000000000011
2012-10-09,2012,0.01,23.88000000000011
2012-10-09,2012,0.015,23.88000000000011
2012-10-11,2012,0.0,140.28999999999996
2012-10-11,2012,0.005,37.96005
2012-10-11,2012,0.0075,56.940075
2012-10-11,2012,0.01,75.9201
2012-10-11,2012,0.015,113.88015
2012-10-12,2012,0.0,-14.680000000000291
2012-10-12,2012,0.005,-14.680000000000291
2012-10-12,2012,0.0075,-14.680000000000291
2012-10-12,2012,0.01,-14.680000000000291
2012-10-12,2012,0.015,-14.680000000000291
2012-10-16,2012,0.0,52.1200000000008
2012-10-16,2012,0.005,37.0945
2012-10-16,2012,0.0075,52.1200000000008
2012-10-16,2012,0.01,52.1200000000008
2012-10-16,2012,0.015,52.1200000000008
2012-10-17,2012,0.0,13.950000000000728
2012-10-17,2012,0.005,13.950000000000728
2012-10-17,2012,0.0075,13.950000000000728
2012-10-17,2012,0.01,13.950000000000728
2012-10-17,2012,0.015,13.950000000000728
2012-10-23,2012,0.0,-35.5600000000004
2012-10-23,2012,0.005,-35.5600000000004
2012-10-23,2012,0.0075,-35.5600000000004
2012-10-23,2012,0.01,-35.5600000000004
2012-10-23,2012,0.015,-35.5600000000004
2012-10-24,2012,0.0,-22.599999999999454
2012-10-24,2012,0.005,-22.599999999999454
2012-10-24,2012,0.0075,-22.599999999999454
2012-10-24,2012,0.01,-22.599999999999454
2012-10-24,2012,0.015,-22.599999999999454
2012-10-25,2012,0.0,52.80000000000018
2012-10-25,2012,0.005,36.574400000000004
2012-10-25,2012,0.0075,54.861599999999996
2012-10-25,2012,0.01,52.80000000000018
2012-10-25,2012,0.015,52.80000000000018
2012-10-26,2012,0.0,-128.01999999999953
2012-10-26,2012,0.005,36.3104
2012-10-26,2012,0.0075,-128.01999999999953
2012-10-26,2012,0.01,-128.01999999999953
2012-10-26,2012,0.015,-128.01999999999953
2012-10-29,2012,0.0,-42.39000000000033
2012-10-29,2012,0.005,-42.39000000000033
2012-10-29,2012,0.0075,-42.39000000000033
2012-10-29,2012,0.01,-42.39000000000033
2012-10-29,2012,0.015,-42.39000000000033
2012-10-30,2012,0.0,90.92000000000007
2012-10-30,2012,0.005,35.45835
2012-10-30,2012,0.0075,53.187525
2012-10-30,2012,0.01,70.9167
2012-10-30,2012,0.015,106.37505
2012-10-31,2012,0.0,-16.539999999999964
2012-10-31,2012,0.005,35.91295
2012-10-31,2012,0.0075,-16.539999999999964
2012-10-31,2012,0.01,-16.539999999999964
2012-10-31,2012,0.015,-16.539999999999964
2012-11-02,2012,0.0,11.159999999999854
2012-11-02,2012,0.005,11.159999999999854
2012-11-02,2012,0.0075,11.159999999999854
2012-11-02,2012,0.01,11.159999999999854
2012-11-02,2012,0.015,11.159999999999854
2012-11-05,2012,0.0,25.110000000000582
2012-11-05,2012,0.005,36.052350000000004
2012-11-05,2012,0.0075,25.110000000000582
2012-11-05,2012,0.01,25.110000000000582
2012-11-05,2012,0.015,25.110000000000582
2012-11-06,2012,0.0,51.32000000000062
2012-11-06,2012,0.005,35.9268
2012-11-06,2012,0.0075,51.32000000000062
2012-11-06,2012,0.01,51.32000000000062
2012-11-06,2012,0.015,51.32000000000062
2012-11-07,2012,0.0,50.5
2012-11-07,2012,0.005,36.1834
2012-11-07,2012,0.0075,50.5
2012-11-07,2012,0.01,50.5
2012-11-07,2012,0.015,50.5
2012-11-09,2012,0.0,-50.590000000000146
2012-11-09,2012,0.005,36.21315
2012-11-09,2012,0.0075,54.319725
2012-11-09,2012,0.01,-50.590000000000146
2012-11-09,2012,0.015,-50.590000000000146
2012-11-12,2012,0.0,-25.470000000000255
2012-11-12,2012,0.005,-25.470000000000255
2012-11-12,2012,0.0075,-25.470000000000255
2012-11-12,2012,0.01,-25.470000000000255
2012-11-12,2012,0.015,-25.470000000000255
2012-11-13,2012,0.0,-131.69999999999982
2012-11-13,2012,0.005,-131.69999999999982
2012-11-13,2012,0.0075,-131.69999999999982
2012-11-13,2012,0.01,-131.69999999999982
2012-11-13,2012,0.015,-131.69999999999982
2012-11-15,2012,0.0,15.909999999999854
2012-11-15,2012,0.005,35.79875
2012-11-15,2012,0.0075,53.698125
2012-11-15,2012,0.01,71.5975
2012-11-15,2012,0.015,15.909999999999854
2012-11-16,2012,0.0,13.770000000000437
2012-11-16,2012,0.005,13.770000000000437
2012-11-16,2012,0.0075,13.770000000000437
2012-11-16,2012,0.01,13.770000000000437
2012-11-16,2012,0.015,13.770000000000437
2012-11-20,2012,0.0,16.829999999999927
2012-11-20,2012,0.005,16.829999999999927
2012-11-20,2012,0.0075,16.829999999999927
2012-11-20,2012,0.01,16.829999999999927
2012-11-20,2012,0.015,16.829999999999927
2012-11-22,2012,0.0,17.270000000000437
2012-11-22,2012,0.005,35.44245
2012-11-22,2012,0.0075,17.270000000000437
2012-11-22,2012,0.01,17.270000000000437
2012-11-22,2012,0.015,17.270000000000437
2012-11-23,2012,0.0,220.25
2012-11-23,2012,0.005,35.528800000000004
2012-11-23,2012,0.0075,53.2932
2012-11-23,2012,0.01,71.05760000000001
2012-11-23,2012,0.015,106.5864
2012-11-26,2012,0.0,81.35999999999967
2012-11-26,2012,0.005,36.630050000000004
2012-11-26,2012,0.0075,54.945075
2012-11-26,2012,0.01,73.26010000000001
2012-11-26,2012,0.015,81.35999999999967
2012-11-27,2012,0.0,22.829999999999927
2012-11-27,2012,0.005,22.829999999999927
2012-11-27,2012,0.0075,22.829999999999927
2012-11-27,2012,0.01,22.829999999999927
2012-11-27,2012,0.015,22.829999999999927
2012-11-29,2012,0.0,68.61999999999989
2012-11-29,2012,0.005,37.17465
2012-11-29,2012,0.0075,55.761975
2012-11-29,2012,0.01,74.3493
2012-11-29,2012,0.015,68.61999999999989
2012-11-30,2012,0.0,76.61999999999989
2012-11-30,2012,0.005,37.51775
2012-11-30,2012,0.0075,56.276625
2012-11-30,2012,0.01,75.0355
2012-11-30,2012,0.015,76.61999999999989
2012-12-05,2012,0.0,48.07000000000062
2012-12-05,2012,0.005,38.0049
2012-12-05,2012,0.0075,48.07000000000062
2012-12-05,2012,0.01,48.07000000000062
2012-12-05,2012,0.015,48.07000000000062
2012-12-07,2012,0.0,19.0
2012-12-07,2012,0.005,38.1163
2012-12-07,2012,0.0075,19.0
2012-12-07,2012,0.01,19.0
2012-12-07,2012,0.015,19.0
2012-12-10,2012,0.0,-32.76000000000022
2012-12-10,2012,0.005,-32.76000000000022
2012-12-10,2012,0.0075,-32.76000000000022
2012-12-10,2012,0.01,-32.76000000000022
2012-12-10,2012,0.015,-32.76000000000022
2012-12-11,2012,0.0,4.1899999999996
2012-12-11,2012,0.005,4.1899999999996
2012-12-11,2012,0.0075,4.1899999999996
2012-12-11,2012,0.01,4.1899999999996
2012-12-11,2012,0.015,4.1899999999996
2012-12-12,2012,0.0,76.5
2012-12-12,2012,0.005,38.06845
2012-12-12,2012,0.0075,57.102675
2012-12-12,2012,0.01,76.1369
2012-12-12,2012,0.015,76.5
2012-12-14,2012,0.0,58.31999999999971
2012-12-14,2012,0.005,38.785450000000004
2012-12-14,2012,0.0075,58.178174999999996
2012-12-14,2012,0.01,58.31999999999971
2012-12-14,2012,0.015,58.31999999999971
2012-12-18,2012,0.0,12.460000000000036
2012-12-18,2012,0.005,12.460000000000036
2012-12-18,2012,0.0075,12.460000000000036
2012-12-18,2012,0.01,12.460000000000036
2012-12-18,2012,0.015,12.460000000000036
2012-12-19,2012,0.0,33.73000000000047
2012-12-19,2012,0.005,38.2187
2012-12-19,2012,0.0075,33.73000000000047
2012-12-19,2012,0.01,33.73000000000047
2012-12-19,2012,0.015,33.73000000000047
2012-12-20,2012,0.0,-82.01000000000022
2012-12-20,2012,0.005,-82.01000000000022
2012-12-20,2012,0.0075,-82.01000000000022
2012-12-20,2012,0.01,-82.01000000000022
2012-12-20,2012,0.015,-82.01000000000022
2012-12-21,2012,0.0,-75.52999999999975
2012-12-21,2012,0.005,-75.52999999999975
2012-12-21,2012,0.0075,-75.52999999999975
2012-12-21,2012,0.01,-75.52999999999975
2012-12-21,2012,0.015,-75.52999999999975
2012-12-22,2012,0.0,-20.210000000000036
2012-12-22,2012,0.005,-20.210000000000036
2012-12-22,2012,0.0075,-20.210000000000036
2012-12-22,2012,0.01,-20.210000000000036
2012-12-22,2012,0.015,-20.210000000000036
2012-12-24,2012,0.0,4.619999999999891
2012-12-24,2012,0.005,4.619999999999891
2012-12-24,2012,0.0075,4.619999999999891
2012-12-24,2012,0.01,4.619999999999891
2012-12-24,2012,0.015,4.619999999999891
2013-01-02,2013,0.0,79.72000000000025
2013-01-02,2013,0.005,38.4975
2013-01-02,2013,0.0075,57.746249999999996
2013-01-02,2013,0.01,76.995
2013-01-02,2013,0.015,79.72000000000025
2013-01-03,2013,0.0,-8.340000000000146
2013-01-03,2013,0.005,-8.340000000000146
2013-01-03,2013,0.0075,-8.340000000000146
2013-01-03,2013,0.01,-8.340000000000146
2013-01-03,2013,0.015,-8.340000000000146
2013-01-07,2013,0.0,-50.899999999999636
2013-01-07,2013,0.005,-50.899999999999636
2013-01-07,2013,0.0075,-50.899999999999636
2013-01-07,2013,0.01,-50.899999999999636
2013-01-07,2013,0.015,-50.899999999999636
2013-01-09,2013,0.0,-16.980000000000473
2013-01-09,2013,0.005,-16.980000000000473
2013-01-09,2013,0.0075,-16.980000000000473
2013-01-09,2013,0.01,-16.980000000000473
2013-01-09,2013,0.015,-16.980000000000473
2013-01-10,2013,0.0,73.0
2013-01-10,2013,0.005,38.693200000000004
2013-01-10,2013,0.0075,58.0398
2013-01-10,2013,0.01,77.38640000000001
2013-01-10,2013,0.015,73.0
2013-01-11,2013,0.0,7.509999999999309
2013-01-11,2013,0.005,7.509999999999309
2013-01-11,2013,0.0075,7.509999999999309
2013-01-11,2013,0.01,7.509999999999309
2013-01-11,2013,0.015,7.509999999999309
2013-01-14,2013,0.0,4.8200000000006185
2013-01-14,2013,0.005,4.8200000000006185
2013-01-14,2013,0.0075,4.8200000000006185
2013-01-14,2013,0.01,4.8200000000006185
2013-01-14,2013,0.015,4.8200000000006185
2013-01-17,2013,0.0,-83.78999999999996
2013-01-17,2013,0.005,38.50215
2013-01-17,2013,0.0075,57.753225
2013-01-17,2013,0.01,-83.78999999999996
2013-01-17,2013,0.015,-83.78999999999996
2013-01-18,2013,0.0,116.22999999999956
2013-01-18,2013,0.005,38.083200000000005
2013-01-18,2013,0.0075,57.1248
2013-01-18,2013,0.01,76.16640000000001
2013-01-18,2013,0.015,114.2496
2013-01-24,2013,0.0,-48.19000000000051
2013-01-24,2013,0.005,-48.19000000000051
2013-01-24,2013,0.0075,-48.19000000000051
2013-01-24,2013,0.01,-48.19000000000051
2013-01-24,2013,0.015,-48.19000000000051
2013-01-28,2013,0.0,42.090000000000146
2013-01-28,2013,0.005,38.3629
2013-01-28,2013,0.0075,42.090000000000146
2013-01-28,2013,0.01,42.090000000000146
2013-01-28,2013,0.015,42.090000000000146
2013-01-29,2013,0.0,87.32999999999993
2013-01-29,2013,0.005,38.57335
2013-01-29,2013,0.0075,57.860025
2013-01-29,2013,0.01,77.1467
2013-01-29,2013,0.015,87.32999999999993
2013-01-31,2013,0.0,17.040000000000873
2013-01-31,2013,0.005,17.040000000000873
2013-01-31,2013,0.0075,17.040000000000873
2013-01-31,2013,0.01,17.040000000000873
2013-01-31,2013,0.015,17.040000000000873
2013-02-04,2013,0.0,67.1899999999996
2013-02-04,2013,0.005,39.27985
2013-02-04,2013,0.0075,58.919775
2013-02-04,2013,0.01,67.1899999999996
2013-02-04,2013,0.015,67.1899999999996
2013-02-05,2013,0.0,36.220000000000255
2013-02-05,2013,0.005,39.6158
2013-02-05,2013,0.0075,36.220000000000255
2013-02-05,2013,0.01,36.220000000000255
2013-02-05,2013,0.015,36.220000000000255
2013-02-06,2013,0.0,19.710000000000036
2013-02-06,2013,0.005,39.4347
2013-02-06,2013,0.0075,19.710000000000036
2013-02-06,2013,0.01,19.710000000000036
2013-02-06,2013,0.015,19.710000000000036
2013-02-20,2013,0.0,68.22000000000025
2013-02-20,2013,0.005,39.8044
2013-02-20,2013,0.0075,59.7066
2013-02-20,2013,0.01,68.22000000000025
2013-02-20,2013,0.015,68.22000000000025
2013-02-22,2013,0.0,9.739999999999782
2013-02-22,2013,0.005,39.7873
2013-02-22,2013,0.0075,9.739999999999782
2013-02-22,2013,0.01,9.739999999999782
2013-02-22,2013,0.015,9.739999999999782
2013-02-23,2013,0.0,-11.270000000000437
2013-02-23,2013,0.005,-11.270000000000437
2013-02-23,2013,0.0075,-11.270000000000437
2013-02-23,2013,0.01,-11.270000000000437
2013-02-23,2013,0.015,-11.270000000000437
2013-02-25,2013,0.0,16.73999999999978
2013-02-25,2013,0.005,16.73999999999978
2013-02-25,2013,0.0075,16.73999999999978
2013-02-25,2013,0.01,16.73999999999978
2013-02-25,2013,0.015,16.73999999999978
2013-02-26,2013,0.0,66.78000000000065
2013-02-26,2013,0.005,39.738400000000006
2013-02-26,2013,0.0075,59.6076
2013-02-26,2013,0.01,66.78000000000065
2013-02-26,2013,0.015,66.78000000000065
2013-02-27,2013,0.0,17.079999999999927
2013-02-27,2013,0.005,17.079999999999927
2013-02-27,2013,0.0075,17.079999999999927
2013-02-27,2013,0.01,17.079999999999927
2013-02-27,2013,0.015,17.079999999999927
2013-03-01,2013,0.0,66.65000000000055
2013-03-01,2013,0.005,39.4899
2013-03-01,2013,0.0075,59.234849999999994
2013-03-01,2013,0.01,66.65000000000055
2013-03-01,2013,0.015,66.65000000000055
2013-03-06,2013,0.0,17.590000000000146
2013-03-06,2013,0.005,39.66355
2013-03-06,2013,0.0075,17.590000000000146
2013-03-06,2013,0.01,17.590000000000146
2013-03-06,2013,0.015,17.590000000000146
2013-03-07,2013,0.0,10.210000000000036
2013-03-07,2013,0.005,10.210000000000036
2013-03-07,2013,0.0075,10.210000000000036
2013-03-07,2013,0.01,10.210000000000036
2013-03-07,2013,0.015,10.210000000000036
2013-03-08,2013,0.0,54.63000000000011
2013-03-08,2013,0.005,39.802550000000004
2013-03-08,2013,0.0075,59.703825
2013-03-08,2013,0.01,54.63000000000011
2013-03-08,2013,0.015,54.63000000000011
2013-03-11,2013,0.0,23.579999999999927
2013-03-11,2013,0.005,40.075700000000005
2013-03-11,2013,0.0075,60.113550000000004
2013-03-11,2013,0.01,23.579999999999927
2013-03-11,2013,0.015,23.579999999999927
2013-03-12,2013,0.0,-44.01000000000022
2013-03-12,2013,0.005,-44.01000000000022
2013-03-12,2013,0.0075,-44.01000000000022
2013-03-12,2013,0.01,-44.01000000000022
2013-03-12,2013,0.015,-44.01000000000022
2013-03-13,2013,0.0,0.8000000000001819
2013-03-13,2013,0.005,39.97355
2013-03-13,2013,0.0075,0.8000000000001819
2013-03-13,2013,0.01,0.8000000000001819
2013-03-13,2013,0.015,0.8000000000001819
2013-03-14,2013,0.0,-43.75
2013-03-14,2013,0.005,-43.75
2013-03-14,2013,0.0075,-43.75
2013-03-14,2013,0.01,-43.75
2013-03-14,2013,0.015,-43.75
2013-03-15,2013,0.0,-24.270000000000437
2013-03-15,2013,0.005,39.7588
2013-03-15,2013,0.0075,-24.270000000000437
2013-03-15,2013,0.01,-24.270000000000437
2013-03-15,2013,0.015,-24.270000000000437
2013-03-18,2013,0.0,116.14999999999964
2013-03-18,2013,0.005,39.63745
2013-03-18,2013,0.0075,59.456174999999995
2013-03-18,2013,0.01,79.2749
2013-03-18,2013,0.015,118.91234999999999
2013-03-19,2013,0.0,-27.13000000000011
2013-03-19,2013,0.005,-27.13000000000011
2013-03-19,2013,0.0075,-27.13000000000011
2013-03-19,2013,0.01,-27.13000000000011
2013-03-19,2013,0.015,-27.13000000000011
2013-03-21,2013,0.0,13.8100000000004
2013-03-21,2013,0.005,38.99015
2013-03-21,2013,0.0075,13.8100000000004
2013-03-21,2013,0.01,13.8100000000004
2013-03-21,2013,0.015,13.8100000000004
2013-03-22,2013,0.0,15.61999999999989
2013-03-22,2013,0.005,15.61999999999989
2013-03-22,2013,0.0075,15.61999999999989
2013-03-22,2013,0.01,15.61999999999989
2013-03-22,2013,0.015,15.61999999999989
2013-03-25,2013,0.0,59.899999999999636
2013-03-25,2013,0.005,38.981100000000005
2013-03-25,2013,0.0075,58.47165
2013-03-25,2013,0.01,77.96220000000001
2013-03-25,2013,0.015,59.899999999999636
2013-03-27,2013,0.0,37.76000000000022
2013-03-27,2013,0.005,37.76000000000022
2013-03-27,2013,0.0075,37.76000000000022
2013-03-27,2013,0.01,37.76000000000022
2013-03-27,2013,0.015,37.76000000000022
2013-03-28,2013,0.0,-27.23999999999978
2013-03-28,2013,0.005,-27.23999999999978
2013-03-28,2013,0.0075,-27.23999999999978
2013-03-28,2013,0.01,-27.23999999999978
2013-03-28,2013,0.015,-27.23999999999978
2013-03-29,2013,0.0,51.72999999999956
2013-03-29,2013,0.005,39.3344
2013-03-29,2013,0.0075,59.001599999999996
2013-03-29,2013,0.01,51.72999999999956
2013-03-29,2013,0.015,51.72999999999956
2013-04-01,2013,0.0,-19.36999999999989
2013-04-01,2013,0.005,-19.36999999999989
2013-04-01,2013,0.0075,-19.36999999999989
2013-04-01,2013,0.01,-19.36999999999989
2013-04-01,2013,0.015,-19.36999999999989
2013-04-09,2013,0.0,-24.25
2013-04-09,2013,0.005,-24.25
2013-04-09,2013,0.0075,-24.25
2013-04-09,2013,0.01,-24.25
2013-04-09,2013,0.015,-24.25
2013-04-10,2013,0.0,24.26000000000022
2013-04-10,2013,0.005,38.6427
2013-04-10,2013,0.0075,24.26000000000022
2013-04-10,2013,0.01,24.26000000000022
2013-04-10,2013,0.015,24.26000000000022
2013-04-11,2013,0.0,-36.539999999999964
2013-04-11,2013,0.005,-36.539999999999964
2013-04-11,2013,0.0075,-36.539999999999964
2013-04-11,2013,0.01,-36.539999999999964
2013-04-11,2013,0.015,-36.539999999999964
2013-04-17,2013,0.0,-10.519999999999527
2013-04-17,2013,0.005,-10.519999999999527
2013-04-17,2013,0.0075,-10.519999999999527
2013-04-17,2013,0.01,-10.519999999999527
2013-04-17,2013,0.015,-10.519999999999527
2013-04-22,2013,0.0,39.57999999999993
2013-04-22,2013,0.005,39.654
2013-04-22,2013,0.0075,59.481
2013-04-22,2013,0.01,39.57999999999993
2013-04-22,2013,0.015,39.57999999999993
2013-04-23,2013,0.0,-27.609999999999673
2013-04-23,2013,0.005,-27.609999999999673
2013-04-23,2013,0.0075,-27.609999999999673
2013-04-23,2013,0.01,-27.609999999999673
2013-04-23,2013,0.015,-27.609999999999673
2013-04-24,2013,0.0,-41.029999999999745
2013-04-24,2013,0.005,-41.029999999999745
2013-04-24,2013,0.0075,-41.029999999999745
2013-04-24,2013,0.01,-41.029999999999745
2013-04-24,2013,0.015,-41.029999999999745
2013-04-25,2013,0.0,-1.9600000000000364
2013-04-25,2013,0.005,-1.9600000000000364
2013-04-25,2013,0.0075,-1.9600000000000364
2013-04-25,2013,0.01,-1.9600000000000364
2013-04-25,2013,0.015,-1.9600000000000364
2013-04-26,2013,0.0,0.3100000000004002
2013-04-26,2013,0.005,40.10875
2013-04-26,2013,0.0075,0.3100000000004002
2013-04-26,2013,0.01,0.3100000000004002
2013-04-26,2013,0.015,0.3100000000004002
2013-04-29,2013,0.0,-7.6799999999993815
2013-04-29,2013,0.005,-7.6799999999993815
2013-04-29,2013,0.0075,-7.6799999999993815
2013-04-29,2013,0.01,-7.6799999999993815
2013-04-29,2013,0.015,-7.6799999999993815
2013-04-30,2013,0.0,63.92000000000007
2013-04-30,2013,0.005,40.1487
2013-04-30,2013,0.0075,60.22304999999999
2013-04-30,2013,0.01,80.2974
2013-04-30,2013,0.015,63.92000000000007
2013-05-03,2013,0.0,6.519999999999527
2013-05-03,2013,0.005,40.64255
2013-05-03,2013,0.0075,6.519999999999527
2013-05-03,2013,0.01,6.519999999999527
2013-05-03,2013,0.015,6.519999999999527
2013-05-06,2013,0.0,34.02000000000044
2013-05-06,2013,0.005,40.67515
2013-05-06,2013,0.0075,61.012724999999996
2013-05-06,2013,0.01,34.02000000000044
2013-05-06,2013,0.015,34.02000000000044
2013-05-07,2013,0.0,-5.989999999999782
2013-05-07,2013,0.005,-5.989999999999782
2013-05-07,2013,0.0075,-5.989999999999782
2013-05-07,2013,0.01,-5.989999999999782
2013-05-07,2013,0.015,-5.989999999999782
2013-05-08,2013,0.0,104.02999999999975
2013-05-08,2013,0.005,40.8153
2013-05-08,2013,0.0075,61.22295
2013-05-08,2013,0.01,81.6306
2013-05-08,2013,0.015,104.02999999999975
2013-05-09,2013,0.0,18.799999999999272
2013-05-09,2013,0.005,41.33545
2013-05-09,2013,0.0075,18.799999999999272
2013-05-09,2013,0.01,18.799999999999272
2013-05-09,2013,0.015,18.799999999999272
2013-05-10,2013,0.0,-5.6299999999992
2013-05-10,2013,0.005,-5.6299999999992
2013-05-10,2013,0.0075,-5.6299999999992
2013-05-10,2013,0.01,-5.6299999999992
2013-05-10,2013,0.015,-5.6299999999992
2013-05-13,2013,0.0,-31.94000000000051
2013-05-13,2013,0.005,-31.94000000000051
2013-05-13,2013,0.0075,-31.94000000000051
2013-05-13,2013,0.01,-31.94000000000051
2013-05-13,2013,0.015,-31.94000000000051
2013-05-14,2013,0.0,-3.5
2013-05-14,2013,0.005,-3.5
2013-05-14,2013,0.0075,-3.5
2013-05-14,2013,0.01,-3.5
2013-05-14,2013,0.015,-3.5
2013-05-15,2013,0.0,66.77000000000044
2013-05-15,2013,0.005,41.2591
2013-05-15,2013,0.0075,61.88865
2013-05-15,2013,0.01,66.77000000000044
2013-05-15,2013,0.015,66.77000000000044
2013-05-16,2013,0.0,71.45999999999913
2013-05-16,2013,0.005,41.59295
2013-05-16,2013,0.0075,62.389424999999996
2013-05-16,2013,0.01,83.1859
2013-05-16,2013,0.015,71.45999999999913
2013-05-20,2013,0.0,8.859999999998763
2013-05-20,2013,0.005,8.859999999998763
2013-05-20,2013,0.0075,8.859999999998763
2013-05-20,2013,0.01,8.859999999998763
2013-05-20,2013,0.015,8.859999999998763
2013-05-23,2013,0.0,161.01000000000022
2013-05-23,2013,0.005,41.9942
2013-05-23,2013,0.0075,62.991299999999995
2013-05-23,2013,0.01,83.9884
2013-05-23,2013,0.015,125.98259999999999
2013-05-24,2013,0.0,-28.049999999999272
2013-05-24,2013,0.005,-28.049999999999272
2013-05-24,2013,0.0075,-28.049999999999272
2013-05-24,2013,0.01,-28.049999999999272
2013-05-24,2013,0.015,-28.049999999999272
2013-05-29,2013,0.0,74.85000000000036
2013-05-29,2013,0.005,41.31525
2013-05-29,2013,0.0075,61.972874999999995
2013-05-29,2013,0.01,74.85000000000036
2013-05-29,2013,0.015,74.85000000000036
2013-05-30,2013,0.0,-94.60999999999876
2013-05-30,2013,0.005,-94.60999999999876
2013-05-30,2013,0.0075,-94.60999999999876
2013-05-30,2013,0.01,-94.60999999999876
2013-05-30,2013,0.015,-94.60999999999876
2013-05-31,2013,0.0,11.5099999999984
2013-05-31,2013,0.005,41.21645
2013-05-31,2013,0.0075,61.824675000000006
2013-05-31,2013,0.01,82.4329
2013-05-31,2013,0.015,11.5099999999984
2013-06-03,2013,0.0,53.779999999998836
2013-06-03,2013,0.005,41.273999999999994
2013-06-03,2013,0.0075,61.910999999999994
2013-06-03,2013,0.01,82.54799999999999
2013-06-03,2013,0.015,53.779999999998836
2013-06-04,2013,0.0,-9.800000000000182
2013-06-04,2013,0.005,41.005100000000006
2013-06-04,2013,0.0075,-9.800000000000182
2013-06-04,2013,0.01,-9.800000000000182
2013-06-04,2013,0.015,-9.800000000000182
2013-06-05,2013,0.0,-9.3100000000004
2013-06-05,2013,0.005,-9.3100000000004
2013-06-05,2013,0.0075,-9.3100000000004
2013-06-05,2013,0.01,-9.3100000000004
2013-06-05,2013,0.015,-9.3100000000004
2013-06-06,2013,0.0,85.76999999999953
2013-06-06,2013,0.005,40.90955
2013-06-06,2013,0.0075,61.364324999999994
2013-06-06,2013,0.01,81.8191
2013-06-06,2013,0.015,85.76999999999953
2013-06-10,2013,0.0,65.35000000000036
2013-06-10,2013,0.005,40.476
2013-06-10,2013,0.0075,60.714
2013-06-10,2013,0.01,80.952
2013-06-10,2013,0.015,65.35000000000036
2013-06-11,2013,0.0,-44.400000000000546
2013-06-11,2013,0.005,-44.400000000000546
2013-06-11,2013,0.0075,-44.400000000000546
2013-06-11,2013,0.01,-44.400000000000546
2013-06-11,2013,0.015,-44.400000000000546
2013-06-13,2013,0.0,164.48999999999978
2013-06-13,2013,0.005,40.58075
2013-06-13,2013,0.0075,60.87112499999999
2013-06-13,2013,0.01,81.1615
2013-06-13,2013,0.015,121.74224999999998
2013-06-14,2013,0.0,-13.920000000000073
2013-06-14,2013,0.005,-13.920000000000073
2013-06-14,2013,0.0075,-13.920000000000073
2013-06-14,2013,0.01,-13.920000000000073
2013-06-14,2013,0.015,-13.920000000000073
2013-06-18,2013,0.0,18.13000000000011
2013-06-18,2013,0.005,18.13000000000011
2013-06-18,2013,0.0075,18.13000000000011
2013-06-18,2013,0.01,18.13000000000011
2013-06-18,2013,0.015,18.13000000000011
2013-06-19,2013,0.0,-3.630000000000109
2013-06-19,2013,0.005,40.0551
2013-06-19,2013,0.0075,-3.630000000000109
2013-06-19,2013,0.01,-3.630000000000109
2013-06-19,2013,0.015,-3.630000000000109
2013-06-20,2013,0.0,108.48000000000047
2013-06-20,2013,0.005,40.036950000000004
2013-06-20,2013,0.0075,60.055425
2013-06-20,2013,0.01,80.07390000000001
2013-06-20,2013,0.015,108.48000000000047
2013-06-24,2013,0.0,-35.280000000000655
2013-06-24,2013,0.005,-35.280000000000655
2013-06-24,2013,0.0075,-35.280000000000655
2013-06-24,2013,0.01,-35.280000000000655
2013-06-24,2013,0.015,-35.280000000000655
2013-06-26,2013,0.0,-4.3400000000001455
2013-06-26,2013,0.005,-4.3400000000001455
2013-06-26,2013,0.0075,-4.3400000000001455
2013-06-26,2013,0.01,-4.3400000000001455
2013-06-26,2013,0.015,-4.3400000000001455
2013-06-27,2013,0.0,99.09999999999945
2013-06-27,2013,0.005,38.924
2013-06-27,2013,0.0075,58.385999999999996
2013-06-27,2013,0.01,77.848
2013-06-27,2013,0.015,99.09999999999945
2013-06-28,2013,0.0,178.3100000000004
2013-06-28,2013,0.005,39.4195
2013-06-28,2013,0.0075,59.12924999999999
2013-06-28,2013,0.01,78.839
2013-06-28,2013,0.015,118.25849999999998
2013-07-01,2013,0.0,-26.210000000000036
2013-07-01,2013,0.005,-26.210000000000036
2013-07-01,2013,0.0075,-26.210000000000036
2013-07-01,2013,0.01,-26.210000000000036
2013-07-01,2013,0.015,-26.210000000000036
2013-07-03,2013,0.0,-104.4399999999996
2013-07-03,2013,0.005,-104.4399999999996
2013-07-03,2013,0.0075,-104.4399999999996
2013-07-03,2013,0.01,-104.4399999999996
2013-07-03,2013,0.015,-104.4399999999996
2013-07-04,2013,0.0,-17.699999999999818
2013-07-04,2013,0.005,-17.699999999999818
2013-07-04,2013,0.0075,-17.699999999999818
2013-07-04,2013,0.01,-17.699999999999818
2013-07-04,2013,0.015,-17.699999999999818
2013-07-05,2013,0.0,108.09999999999945
2013-07-05,2013,0.005,39.4686
2013-07-05,2013,0.0075,59.2029
2013-07-05,2013,0.01,78.9372
2013-07-05,2013,0.015,118.4058
2013-07-08,2013,0.0,-115.47999999999956
2013-07-08,2013,0.005,-115.47999999999956
2013-07-08,2013,0.0075,-115.47999999999956
2013-07-08,2013,0.01,-115.47999999999956
2013-07-08,2013,0.015,-115.47999999999956
2013-07-10,2013,0.0,40.50999999999931
2013-07-10,2013,0.005,39.855900000000005
2013-07-10,2013,0.0075,59.78385
2013-07-10,2013,0.01,79.71180000000001
2013-07-10,2013,0.015,40.50999999999931
2013-07-11,2013,0.0,167.85000000000036
2013-07-11,2013,0.005,40.05845
2013-07-11,2013,0.0075,60.087675
2013-07-11,2013,0.01,80.1169
2013-07-11,2013,0.015,120.17535
2013-07-12,2013,0.0,-24.68000000000029
2013-07-12,2013,0.005,-24.68000000000029
2013-07-12,2013,0.0075,-24.68000000000029
2013-07-12,2013,0.01,-24.68000000000029
2013-07-12,2013,0.015,-24.68000000000029
2013-07-15,2013,0.0,34.19000000000051
2013-07-15,2013,0.005,34.19000000000051
2013-07-15,2013,0.0075,34.19000000000051
2013-07-15,2013,0.01,34.19000000000051
2013-07-15,2013,0.015,34.19000000000051
2013-07-17,2013,0.0,-1.1599999999998545
2013-07-17,2013,0.005,-1.1599999999998545
2013-07-17,2013,0.0075,-1.1599999999998545
2013-07-17,2013,0.01,-1.1599999999998545
2013-07-17,2013,0.015,-1.1599999999998545
2013-07-18,2013,0.0,-64.07000000000153
2013-07-18,2013,0.005,-64.07000000000153
2013-07-18,2013,0.0075,-64.07000000000153
2013-07-18,2013,0.01,-64.07000000000153
2013-07-18,2013,0.015,-64.07000000000153
2013-07-25,2013,0.0,32.61000000000058
2013-07-25,2013,0.005,40.98095
2013-07-25,2013,0.0075,32.61000000000058
2013-07-25,2013,0.01,32.61000000000058
2013-07-25,2013,0.015,32.61000000000058
2013-07-26,2013,0.0,-14.180000000000291
2013-07-26,2013,0.005,40.8179
2013-07-26,2013,0.0075,-14.180000000000291
2013-07-26,2013,0.01,-14.180000000000291
2013-07-26,2013,0.015,-14.180000000000291
2013-07-31,2013,0.0,-55.61000000000058
2013-07-31,2013,0.005,-55.61000000000058
2013-07-31,2013,0.0075,-55.61000000000058
2013-07-31,2013,0.01,-55.61000000000058
2013-07-31,2013,0.015,-55.61000000000058
2013-08-01,2013,0.0,-51.719999999999345
2013-08-01,2013,0.005,-51.719999999999345
2013-08-01,2013,0.0075,-51.719999999999345
2013-08-01,2013,0.01,-51.719999999999345
2013-08-01,2013,0.015,-51.719999999999345
2013-08-02,2013,0.0,43.659999999999854
2013-08-02,2013,0.005,40.2811
2013-08-02,2013,0.0075,60.42165
2013-08-02,2013,0.01,80.5622
2013-08-02,2013,0.015,43.659999999999854
2013-08-09,2013,0.0,-51.529999999999745
2013-08-09,2013,0.005,39.53835
2013-08-09,2013,0.0075,-51.529999999999745
2013-08-09,2013,0.01,-51.529999999999745
2013-08-09,2013,0.015,-51.529999999999745
2013-08-13,2013,0.0,82.89000000000033
2013-08-13,2013,0.005,39.5169
2013-08-13,2013,0.0075,59.275349999999996
2013-08-13,2013,0.01,79.0338
2013-08-13,2013,0.015,82.89000000000033
2013-08-14,2013,0.0,-34.94000000000051
2013-08-14,2013,0.005,-34.94000000000051
2013-08-14,2013,0.0075,-34.94000000000051
2013-08-14,2013,0.01,-34.94000000000051
2013-08-14,2013,0.015,-34.94000000000051
2013-08-15,2013,0.0,64.06999999999971
2013-08-15,2013,0.005,39.75665
2013-08-15,2013,0.0075,59.634975
2013-08-15,2013,0.01,79.5133
2013-08-15,2013,0.015,64.06999999999971
2013-08-19,2013,0.0,-24.789999999999964
2013-08-19,2013,0.005,-24.789999999999964
2013-08-19,2013,0.0075,-24.789999999999964
2013-08-19,2013,0.01,-24.789999999999964
2013-08-19,2013,0.015,-24.789999999999964
2013-08-23,2013,0.0,58.93000000000029
2013-08-23,2013,0.005,39.0719
2013-08-23,2013,0.0075,58.60785
2013-08-23,2013,0.01,78.1438
2013-08-23,2013,0.015,58.93000000000029
2013-08-29,2013,0.0,93.11999999999989
2013-08-29,2013,0.005,39.1227
2013-08-29,2013,0.0075,58.68405
2013-08-29,2013,0.01,78.2454
2013-08-29,2013,0.015,93.11999999999989
2013-08-30,2013,0.0,104.23000000000047
2013-08-30,2013,0.005,39.5883
2013-08-30,2013,0.0075,59.38245
2013-08-30,2013,0.01,79.1766
2013-08-30,2013,0.015,104.23000000000047
2013-09-04,2013,0.0,-4.930000000000291
2013-09-04,2013,0.005,-4.930000000000291
2013-09-04,2013,0.0075,-4.930000000000291
2013-09-04,2013,0.01,-4.930000000000291
2013-09-04,2013,0.015,-4.930000000000291
2013-09-05,2013,0.0,-47.52000000000044
2013-09-05,2013,0.005,-47.52000000000044
2013-09-05,2013,0.0075,-47.52000000000044
2013-09-05,2013,0.01,-47.52000000000044
2013-09-05,2013,0.015,-47.52000000000044
2013-09-06,2013,0.0,-4.900000000000546
2013-09-06,2013,0.005,-4.900000000000546
2013-09-06,2013,0.0075,-4.900000000000546
2013-09-06,2013,0.01,-4.900000000000546
2013-09-06,2013,0.015,-4.900000000000546
2013-09-10,2013,0.0,16.659999999999854
2013-09-10,2013,0.005,40.960550000000005
2013-09-10,2013,0.0075,16.659999999999854
2013-09-10,2013,0.01,16.659999999999854
2013-09-10,2013,0.015,16.659999999999854
2013-09-11,2013,0.0,0.21999999999934516
2013-09-11,2013,0.005,0.21999999999934516
2013-09-11,2013,0.0075,0.21999999999934516
2013-09-11,2013,0.01,0.21999999999934516
2013-09-11,2013,0.015,0.21999999999934516
2013-09-14,2013,0.0,-25.720000000000255
2013-09-14,2013,0.005,-25.720000000000255
2013-09-14,2013,0.0075,-25.720000000000255
2013-09-14,2013,0.01,-25.720000000000255
2013-09-14,2013,0.015,-25.720000000000255
2013-09-16,2013,0.0,112.86000000000058
2013-09-16,2013,0.005,40.712399999999995
2013-09-16,2013,0.0075,61.068599999999996
2013-09-16,2013,0.01,81.42479999999999
2013-09-16,2013,0.015,112.86000000000058
2013-09-17,2013,0.0,-5.559999999999491
2013-09-17,2013,0.005,-5.559999999999491
2013-09-17,2013,0.0075,-5.559999999999491
2013-09-17,2013,0.01,-5.559999999999491
2013-09-17,2013,0.015,-5.559999999999491
2013-09-18,2013,0.0,-40.600000000000364
2013-09-18,2013,0.005,-40.600000000000364
2013-09-18,2013,0.0075,-40.600000000000364
2013-09-18,2013,0.01,-40.600000000000364
2013-09-18,2013,0.015,-40.600000000000364
2013-09-25,2013,0.0,-15.220000000001164
2013-09-25,2013,0.005,-15.220000000001164
2013-09-25,2013,0.0075,-15.220000000001164
2013-09-25,2013,0.01,-15.220000000001164
2013-09-25,2013,0.015,-15.220000000001164
2013-09-26,2013,0.0,-99.21999999999935
2013-09-26,2013,0.005,-99.21999999999935
2013-09-26,2013,0.0075,-99.21999999999935
2013-09-26,2013,0.01,-99.21999999999935
2013-09-26,2013,0.015,-99.21999999999935
2013-10-01,2013,0.0,13.150000000000546
2013-10-01,2013,0.005,40.86935
2013-10-01,2013,0.0075,13.150000000000546
2013-10-01,2013,0.01,13.150000000000546
2013-10-01,2013,0.015,13.150000000000546
2013-10-02,2013,0.0,29.5
2013-10-02,2013,0.005,40.935100000000006
2013-10-02,2013,0.0075,29.5
2013-10-02,2013,0.01,29.5
2013-10-02,2013,0.015,29.5
2013-10-07,2013,0.0,-30.889999999999418
2013-10-07,2013,0.005,-30.889999999999418
2013-10-07,2013,0.0075,-30.889999999999418
2013-10-07,2013,0.01,-30.889999999999418
2013-10-07,2013,0.015,-30.889999999999418
2013-10-09,2013,0.0,30.920000000000073
2013-10-09,2013,0.005,41.87825
2013-10-09,2013,0.0075,30.920000000000073
2013-10-09,2013,0.01,30.920000000000073
2013-10-09,2013,0.015,30.920000000000073
2013-10-11,2013,0.0,48.98999999999978
2013-10-11,2013,0.005,41.991800000000005
2013-10-11,2013,0.0075,48.98999999999978
2013-10-11,2013,0.01,48.98999999999978
2013-10-11,2013,0.015,48.98999999999978
2013-10-14,2013,0.0,-75.41000000000167
2013-10-14,2013,0.005,-75.41000000000167
2013-10-14,2013,0.0075,-75.41000000000167
2013-10-14,2013,0.01,-75.41000000000167
2013-10-14,2013,0.015,-75.41000000000167
2013-10-15,2013,0.0,93.92000000000007
2013-10-15,2013,0.005,41.3698
2013-10-15,2013,0.0075,62.05469999999999
2013-10-15,2013,0.01,82.7396
2013-10-15,2013,0.015,93.92000000000007
2013-10-17,2013,0.0,42.5
2013-10-17,2013,0.005,41.660900000000005
2013-10-17,2013,0.0075,62.49135
2013-10-17,2013,0.01,42.5
2013-10-17,2013,0.015,42.5
2013-10-18,2013,0.0,66.51000000000022
2013-10-18,2013,0.005,41.873400000000004
2013-10-18,2013,0.0075,62.8101
2013-10-18,2013,0.01,66.51000000000022
2013-10-18,2013,0.015,66.51000000000022
2013-10-21,2013,0.0,-21.8700000000008
2013-10-21,2013,0.005,-21.8700000000008
2013-10-21,2013,0.0075,-21.8700000000008
2013-10-21,2013,0.01,-21.8700000000008
2013-10-21,2013,0.015,-21.8700000000008
2013-10-22,2013,0.0,-1.0499999999992724
2013-10-22,2013,0.005,-1.0499999999992724
2013-10-22,2013,0.0075,-1.0499999999992724
2013-10-22,2013,0.01,-1.0499999999992724
2013-10-22,2013,0.015,-1.0499999999992724
2013-10-25,2013,0.0,-67.09999999999854
2013-10-25,2013,0.005,-67.09999999999854
2013-10-25,2013,0.0075,-67.09999999999854
2013-10-25,2013,0.01,-67.09999999999854
2013-10-25,2013,0.015,-67.09999999999854
2013-10-28,2013,0.0,61.20999999999913
2013-10-28,2013,0.005,41.73310000000001
2013-10-28,2013,0.0075,62.599650000000004
2013-10-28,2013,0.01,61.20999999999913
2013-10-28,2013,0.015,61.20999999999913
2013-10-29,2013,0.0,13.149999999999636
2013-10-29,2013,0.005,13.149999999999636
2013-10-29,2013,0.0075,13.149999999999636
2013-10-29,2013,0.01,13.149999999999636
2013-10-29,2013,0.015,13.149999999999636
2013-10-30,2013,0.0,44.07999999999993
2013-10-30,2013,0.005,42.1049
2013-10-30,2013,0.0075,44.07999999999993
2013-10-30,2013,0.01,44.07999999999993
2013-10-30,2013,0.015,44.07999999999993
2013-11-01,2013,0.0,-61.8799999999992
2013-11-01,2013,0.005,-61.8799999999992
2013-11-01,2013,0.0075,-61.8799999999992
2013-11-01,2013,0.01,-61.8799999999992
2013-11-01,2013,0.015,-61.8799999999992
2013-11-07,2013,0.0,1.7399999999997817
2013-11-07,2013,0.005,1.7399999999997817
2013-11-07,2013,0.0075,1.7399999999997817
2013-11-07,2013,0.01,1.7399999999997817
2013-11-07,2013,0.015,1.7399999999997817
2013-11-08,2013,0.0,54.11999999999898
2013-11-08,2013,0.005,41.418549999999996
2013-11-08,2013,0.0075,62.127824999999994
2013-11-08,2013,0.01,54.11999999999898
2013-11-08,2013,0.015,54.11999999999898
2013-11-11,2013,0.0,-47.029999999999745
2013-11-11,2013,0.005,-47.029999999999745
2013-11-11,2013,0.0075,-47.029999999999745
2013-11-11,2013,0.01,-47.029999999999745
2013-11-11,2013,0.015,-47.029999999999745
2013-11-13,2013,0.0,-91.0
2013-11-13,2013,0.005,-91.0
2013-11-13,2013,0.0075,-91.0
2013-11-13,2013,0.01,-91.0
2013-11-13,2013,0.015,-91.0
2013-11-14,2013,0.0,30.649999999999636
2013-11-14,2013,0.005,40.521300000000004
2013-11-14,2013,0.0075,30.649999999999636
2013-11-14,2013,0.01,30.649999999999636
2013-11-14,2013,0.015,30.649999999999636
2013-11-18,2013,0.0,14.340000000000146
2013-11-18,2013,0.005,40.885600000000004
2013-11-18,2013,0.0075,14.340000000000146
2013-11-18,2013,0.01,14.340000000000146
2013-11-18,2013,0.015,14.340000000000146
2013-11-20,2013,0.0,55.75
2013-11-20,2013,0.005,41.30105
2013-11-20,2013,0.0075,55.75
2013-11-20,2013,0.01,55.75
2013-11-20,2013,0.015,55.75
2013-11-22,2013,0.0,17.329999999999927
2013-11-22,2013,0.005,40.49725
2013-11-22,2013,0.0075,17.329999999999927
2013-11-22,2013,0.01,17.329999999999927
2013-11-22,2013,0.015,17.329999999999927
2013-11-25,2013,0.0,70.73000000000047
2013-11-25,2013,0.005,40.5839
2013-11-25,2013,0.0075,60.87584999999999
2013-11-25,2013,0.01,81.1678
2013-11-25,2013,0.015,70.73000000000047
2013-11-27,2013,0.0,47.85999999999876
2013-11-27,2013,0.005,41.240100000000005
2013-11-27,2013,0.0075,61.860150000000004
2013-11-27,2013,0.01,47.85999999999876
2013-11-27,2013,0.015,47.85999999999876
2013-11-28,2013,0.0,66.55000000000109
2013-11-28,2013,0.005,41.4794
2013-11-28,2013,0.0075,62.21909999999999
2013-11-28,2013,0.01,66.55000000000109
2013-11-28,2013,0.015,66.55000000000109
2013-11-29,2013,0.0,44.399999999999636
2013-11-29,2013,0.005,41.81215
2013-11-29,2013,0.0075,44.399999999999636
2013-11-29,2013,0.01,44.399999999999636
2013-11-29,2013,0.015,44.399999999999636
2013-12-02,2013,0.0,7.780000000000655
2013-12-02,2013,0.005,7.780000000000655
2013-12-02,2013,0.0075,7.780000000000655
2013-12-02,2013,0.01,7.780000000000655
2013-12-02,2013,0.015,7.780000000000655
2013-12-04,2013,0.0,25.450000000000728
2013-12-04,2013,0.005,41.96275
2013-12-04,2013,0.0075,25.450000000000728
2013-12-04,2013,0.01,25.450000000000728
2013-12-04,2013,0.015,25.450000000000728
2013-12-06,2013,0.0,-7.820000000001528
2013-12-06,2013,0.005,-7.820000000001528
2013-12-06,2013,0.0075,-7.820000000001528
2013-12-06,2013,0.01,-7.820000000001528
2013-12-06,2013,0.015,-7.820000000001528
2013-12-09,2013,0.0,76.90000000000146
2013-12-09,2013,0.005,41.8386
2013-12-09,2013,0.0075,62.75789999999999
2013-12-09,2013,0.01,83.6772
2013-12-09,2013,0.015,76.90000000000146
2013-12-10,2013,0.0,-1.2300000000013824
2013-12-10,2013,0.005,-1.2300000000013824
2013-12-10,2013,0.0075,-1.2300000000013824
2013-12-10,2013,0.01,-1.2300000000013824
2013-12-10,2013,0.015,-1.2300000000013824
2013-12-12,2013,0.0,72.44000000000051
2013-12-12,2013,0.005,42.168850000000006
2013-12-12,2013,0.0075,63.253275
2013-12-12,2013,0.01,72.44000000000051
2013-12-12,2013,0.015,72.44000000000051
2013-12-17,2013,0.0,39.05999999999949
2013-12-17,2013,0.005,41.56935000000001
2013-12-17,2013,0.0075,62.35402500000001
2013-12-17,2013,0.01,39.05999999999949
2013-12-17,2013,0.015,39.05999999999949
2013-12-18,2013,0.0,-3.889999999999418
2013-12-18,2013,0.005,-3.889999999999418
2013-12-18,2013,0.0075,-3.889999999999418
2013-12-18,2013,0.01,-3.889999999999418
2013-12-18,2013,0.015,-3.889999999999418
2013-12-19,2013,0.0,58.35999999999876
2013-12-19,2013,0.005,41.745200000000004
2013-12-19,2013,0.0075,62.6178
2013-12-19,2013,0.01,58.35999999999876
2013-12-19,2013,0.015,58.35999999999876
2013-12-23,2013,0.0,47.92999999999847
2013-12-23,2013,0.005,42.04265
2013-12-23,2013,0.0075,63.063975
2013-12-23,2013,0.01,47.92999999999847
2013-12-23,2013,0.015,47.92999999999847
2013-12-24,2013,0.0,-5.969999999999345
2013-12-24,2013,0.005,-5.969999999999345
2013-12-24,2013,0.0075,-5.969999999999345
2013-12-24,2013,0.01,-5.969999999999345
2013-12-24,2013,0.015,-5.969999999999345
2013-12-25,2013,0.0,17.270000000000437
2013-12-25,2013,0.005,17.270000000000437
2013-12-25,2013,0.0075,17.270000000000437
2013-12-25,2013,0.01,17.270000000000437
2013-12-25,2013,0.015,17.270000000000437
2013-12-26,2013,0.0,18.1299999999992
2013-12-26,2013,0.005,18.1299999999992
2013-12-26,2013,0.0075,18.1299999999992
2013-12-26,2013,0.01,18.1299999999992
2013-12-26,2013,0.015,18.1299999999992
2013-12-27,2013,0.0,49.150000000001455
2013-12-27,2013,0.005,42.429449999999996
2013-12-27,2013,0.0075,49.150000000001455
2013-12-27,2013,0.01,49.150000000001455
2013-12-27,2013,0.015,49.150000000001455
2013-12-30,2013,0.0,88.38999999999942
2013-12-30,2013,0.005,42.675200000000004
2013-12-30,2013,0.0075,64.0128
2013-12-30,2013,0.01,85.35040000000001
2013-12-30,2013,0.015,88.38999999999942
2013-12-31,2013,0.0,-11.920000000000073
2013-12-31,2013,0.005,-11.920000000000073
2013-12-31,2013,0.0075,-11.920000000000073
2013-12-31,2013,0.01,-11.920000000000073
2013-12-31,2013,0.015,-11.920000000000073
2014-01-02,2014,0.0,1.0300000000006548
2014-01-02,2014,0.005,1.0300000000006548
2014-01-02,2014,0.0075,1.0300000000006548
2014-01-02,2014,0.01,1.0300000000006548
2014-01-02,2014,0.015,1.0300000000006548
2014-01-03,2014,0.0,66.0
2014-01-03,2014,0.005,43.06270000000001
2014-01-03,2014,0.0075,64.59405000000001
2014-01-03,2014,0.01,66.0
2014-01-03,2014,0.015,66.0
2014-01-08,2014,0.0,43.710000000000946
2014-01-08,2014,0.005,42.561499999999995
2014-01-08,2014,0.0075,63.84224999999999
2014-01-08,2014,0.01,43.710000000000946
2014-01-08,2014,0.015,43.710000000000946
2014-01-09,2014,0.0,-41.32999999999993
2014-01-09,2014,0.005,-41.32999999999993
2014-01-09,2014,0.0075,-41.32999999999993
2014-01-09,2014,0.01,-41.32999999999993
2014-01-09,2014,0.015,-41.32999999999993
2014-01-13,2014,0.0,36.850000000000364
2014-01-13,2014,0.005,42.646750000000004
2014-01-13,2014,0.0075,63.970125
2014-01-13,2014,0.01,36.850000000000364
2014-01-13,2014,0.015,36.850000000000364
2014-01-14,2014,0.0,18.06000000000131
2014-01-14,2014,0.005,18.06000000000131
2014-01-14,2014,0.0075,18.06000000000131
2014-01-14,2014,0.01,18.06000000000131
2014-01-14,2014,0.015,18.06000000000131
2014-01-15,2014,0.0,4.210000000000946
2014-01-15,2014,0.005,4.210000000000946
2014-01-15,2014,0.0075,4.210000000000946
2014-01-15,2014,0.01,4.210000000000946
2014-01-15,2014,0.015,4.210000000000946
2014-01-16,2014,0.0,9.56000000000131
2014-01-16,2014,0.005,43.01275
2014-01-16,2014,0.0075,64.51912499999999
2014-01-16,2014,0.01,9.56000000000131
2014-01-16,2014,0.015,9.56000000000131
2014-01-22,2014,0.0,25.399999999999636
2014-01-22,2014,0.005,25.399999999999636
2014-01-22,2014,0.0075,25.399999999999636
2014-01-22,2014,0.01,25.399999999999636
2014-01-22,2014,0.015,25.399999999999636
2014-01-23,2014,0.0,-30.19999999999891
2014-01-23,2014,0.005,-30.19999999999891
2014-01-23,2014,0.0075,-30.19999999999891
2014-01-23,2014,0.01,-30.19999999999891
2014-01-23,2014,0.015,-30.19999999999891
2014-01-24,2014,0.0,-3.209999999999127
2014-01-24,2014,0.005,-3.209999999999127
2014-01-24,2014,0.0075,-3.209999999999127
2014-01-24,2014,0.01,-3.209999999999127
2014-01-24,2014,0.015,-3.209999999999127
2014-02-05,2014,0.0,-198.09000000000015
2014-02-05,2014,0.005,-198.09000000000015
2014-02-05,2014,0.0075,-198.09000000000015
2014-02-05,2014,0.01,-198.09000000000015
2014-02-05,2014,0.015,-198.09000000000015
2014-02-06,2014,0.0,46.530000000000655
2014-02-06,2014,0.005,41.3224
2014-02-06,2014,0.0075,61.983599999999996
2014-02-06,2014,0.01,46.530000000000655
2014-02-06,2014,0.015,46.530000000000655
2014-02-07,2014,0.0,76.34000000000015
2014-02-07,2014,0.005,41.55505
2014-02-07,2014,0.0075,62.332575
2014-02-07,2014,0.01,83.1101
2014-02-07,2014,0.015,76.34000000000015
2014-02-10,2014,0.0,4.600000000000364
2014-02-10,2014,0.005,41.93675
2014-02-10,2014,0.0075,4.600000000000364
2014-02-10,2014,0.01,4.600000000000364
2014-02-10,2014,0.015,4.600000000000364
2014-02-11,2014,0.0,38.60999999999876
2014-02-11,2014,0.005,41.95975000000001
2014-02-11,2014,0.0075,38.60999999999876
2014-02-11,2014,0.01,38.60999999999876
2014-02-11,2014,0.015,38.60999999999876
2014-02-12,2014,0.0,80.31000000000131
2014-02-12,2014,0.005,42.1528
2014-02-12,2014,0.0075,63.22919999999999
2014-02-12,2014,0.01,80.31000000000131
2014-02-12,2014,0.015,80.31000000000131
2014-02-13,2014,0.0,-43.17000000000007
2014-02-13,2014,0.005,-43.17000000000007
2014-02-13,2014,0.0075,-43.17000000000007
2014-02-13,2014,0.01,-43.17000000000007
2014-02-13,2014,0.015,-43.17000000000007
2014-02-14,2014,0.0,45.97999999999956
2014-02-14,2014,0.005,42.3385
2014-02-14,2014,0.0075,63.50775
2014-02-14,2014,0.01,84.677
2014-02-14,2014,0.015,45.97999999999956
2014-02-17,2014,0.0,5.869999999998981
2014-02-17,2014,0.005,42.568400000000004
2014-02-17,2014,0.0075,5.869999999998981
2014-02-17,2014,0.01,5.869999999998981
2014-02-17,2014,0.015,5.869999999998981
2014-02-18,2014,0.0,36.68000000000029
2014-02-18,2014,0.005,36.68000000000029
2014-02-18,2014,0.0075,36.68000000000029
2014-02-18,2014,0.01,36.68000000000029
2014-02-18,2014,0.015,36.68000000000029
2014-02-19,2014,0.0,20.780000000000655
2014-02-19,2014,0.005,20.780000000000655
2014-02-19,2014,0.0075,20.780000000000655
2014-02-19,2014,0.01,20.780000000000655
2014-02-19,2014,0.015,20.780000000000655
2014-02-21,2014,0.0,77.23999999999978
2014-02-21,2014,0.005,42.62310000000001
2014-02-21,2014,0.0075,63.934650000000005
2014-02-21,2014,0.01,85.24620000000002
2014-02-21,2014,0.015,77.23999999999978
2014-02-25,2014,0.0,15.010000000000218
2014-02-25,2014,0.005,15.010000000000218
2014-02-25,2014,0.0075,15.010000000000218
2014-02-25,2014,0.01,15.010000000000218
2014-02-25,2014,0.015,15.010000000000218
2014-02-27,2014,0.0,38.719999999999345
2014-02-27,2014,0.005,43.0043
2014-02-27,2014,0.0075,38.719999999999345
2014-02-27,2014,0.01,38.719999999999345
2014-02-27,2014,0.015,38.719999999999345
2014-03-05,2014,0.0,78.38999999999942
2014-03-05,2014,0.005,42.77270000000001
2014-03-05,2014,0.0075,64.15905000000001
2014-03-05,2014,0.01,85.54540000000001
2014-03-05,2014,0.015,78.38999999999942
2014-03-06,2014,0.0,80.86000000000058
2014-03-06,2014,0.005,43.16465
2014-03-06,2014,0.0075,64.746975
2014-03-06,2014,0.01,80.86000000000058
2014-03-06,2014,0.015,80.86000000000058
2014-03-07,2014,0.0,0.16999999999825377
2014-03-07,2014,0.005,43.56895000000001
2014-03-07,2014,0.0075,65.353425
2014-03-07,2014,0.01,0.16999999999825377
2014-03-07,2014,0.015,0.16999999999825377
2014-03-13,2014,0.0,63.06000000000131
2014-03-13,2014,0.005,43.42365
2014-03-13,2014,0.0075,65.135475
2014-03-13,2014,0.01,63.06000000000131
2014-03-13,2014,0.015,63.06000000000131
2014-03-14,2014,0.0,60.16000000000167
2014-03-14,2014,0.005,43.73895
2014-03-14,2014,0.0075,65.60842500000001
2014-03-14,2014,0.01,60.16000000000167
2014-03-14,2014,0.015,60.16000000000167
2014-03-18,2014,0.0,31.840000000000146
2014-03-18,2014,0.005,43.5005
2014-03-18,2014,0.0075,31.840000000000146
2014-03-18,2014,0.01,31.840000000000146
2014-03-18,2014,0.015,31.840000000000146
2014-03-19,2014,0.0,-42.48000000000138
2014-03-19,2014,0.005,-42.48000000000138
2014-03-19,2014,0.0075,-42.48000000000138
2014-03-19,2014,0.01,-42.48000000000138
2014-03-19,2014,0.015,-42.48000000000138
2014-03-21,2014,0.0,-20.159999999999854
2014-03-21,2014,0.005,42.98665
2014-03-21,2014,0.0075,-20.159999999999854
2014-03-21,2014,0.01,-20.159999999999854
2014-03-21,2014,0.015,-20.159999999999854
2014-03-26,2014,0.0,47.970000000001164
2014-03-26,2014,0.005,43.4465
2014-03-26,2014,0.0075,47.970000000001164
2014-03-26,2014,0.01,47.970000000001164
2014-03-26,2014,0.015,47.970000000001164
2014-03-27,2014,0.0,-42.29999999999927
2014-03-27,2014,0.005,-42.29999999999927
2014-03-27,2014,0.0075,-42.29999999999927
2014-03-27,2014,0.01,-42.29999999999927
2014-03-27,2014,0.015,-42.29999999999927
2014-03-31,2014,0.0,74.64000000000124
2014-03-31,2014,0.005,43.8732
2014-03-31,2014,0.0075,65.8098
2014-03-31,2014,0.01,74.64000000000124
2014-03-31,2014,0.015,74.64000000000124
2014-04-01,2014,0.0,23.86999999999898
2014-04-01,2014,0.005,23.86999999999898
2014-04-01,2014,0.0075,23.86999999999898
2014-04-01,2014,0.01,23.86999999999898
2014-04-01,2014,0.015,23.86999999999898
2014-04-02,2014,0.0,32.30000000000109
2014-04-02,2014,0.005,44.36575
2014-04-02,2014,0.0075,32.30000000000109
2014-04-02,2014,0.01,32.30000000000109
2014-04-02,2014,0.015,32.30000000000109
2014-04-09,2014,0.0,42.31999999999971
2014-04-09,2014,0.005,44.441250000000004
2014-04-09,2014,0.0075,42.31999999999971
2014-04-09,2014,0.01,42.31999999999971
2014-04-09,2014,0.015,42.31999999999971
2014-04-10,2014,0.0,17.530000000000655
2014-04-10,2014,0.005,44.65285
2014-04-10,2014,0.0075,17.530000000000655
2014-04-10,2014,0.01,17.530000000000655
2014-04-10,2014,0.015,17.530000000000655
2014-04-14,2014,0.0,50.6299999999992
2014-04-14,2014,0.005,44.54025
2014-04-14,2014,0.0075,50.6299999999992
2014-04-14,2014,0.01,50.6299999999992
2014-04-14,2014,0.015,50.6299999999992
2014-04-15,2014,0.0,59.289999999999054
2014-04-15,2014,0.005,44.2871
2014-04-15,2014,0.0075,59.289999999999054
2014-04-15,2014,0.01,59.289999999999054
2014-04-15,2014,0.015,59.289999999999054
2014-04-16,2014,0.0,7.110000000000582
2014-04-16,2014,0.005,44.583549999999995
2014-04-16,2014,0.0075,7.110000000000582
2014-04-16,2014,0.01,7.110000000000582
2014-04-16,2014,0.015,7.110000000000582
2014-04-18,2014,0.0,22.5
2014-04-18,2014,0.005,44.7208
2014-04-18,2014,0.0075,22.5
2014-04-18,2014,0.01,22.5
2014-04-18,2014,0.015,22.5
2014-04-21,2014,0.0,-15.469999999999345
2014-04-21,2014,0.005,-15.469999999999345
2014-04-21,2014,0.0075,-15.469999999999345
2014-04-21,2014,0.01,-15.469999999999345
2014-04-21,2014,0.015,-15.469999999999345
2014-04-22,2014,0.0,23.519999999998618
2014-04-22,2014,0.005,23.519999999998618
2014-04-22,2014,0.0075,23.519999999998618
2014-04-22,2014,0.01,23.519999999998618
2014-04-22,2014,0.015,23.519999999998618
2014-04-23,2014,0.0,-17.789999999999054
2014-04-23,2014,0.005,44.873549999999994
2014-04-23,2014,0.0075,-17.789999999999054
2014-04-23,2014,0.01,-17.789999999999054
2014-04-23,2014,0.015,-17.789999999999054
2014-04-25,2014,0.0,-171.32999999999993
2014-04-25,2014,0.005,-171.32999999999993
2014-04-25,2014,0.0075,-171.32999999999993
2014-04-25,2014,0.01,-171.32999999999993
2014-04-25,2014,0.015,-171.32999999999993
2014-04-30,2014,0.0,-80.67000000000007
2014-04-30,2014,0.005,-80.67000000000007
2014-04-30,2014,0.0075,-80.67000000000007
2014-04-30,2014,0.01,-80.67000000000007
2014-04-30,2014,0.015,-80.67000000000007
2014-05-05,2014,0.0,3.110000000000582
2014-05-05,2014,0.005,3.110000000000582
2014-05-05,2014,0.0075,3.110000000000582
2014-05-05,2014,0.01,3.110000000000582
2014-05-05,2014,0.015,3.110000000000582
2014-05-06,2014,0.0,41.95999999999913
2014-05-06,2014,0.005,44.35215
2014-05-06,2014,0.0075,41.95999999999913
2014-05-06,2014,0.01,41.95999999999913
2014-05-06,2014,0.015,41.95999999999913
2014-05-08,2014,0.0,37.68000000000029
2014-05-08,2014,0.005,44.4661
2014-05-08,2014,0.0075,37.68000000000029
2014-05-08,2014,0.01,37.68000000000029
2014-05-08,2014,0.015,37.68000000000029
2014-05-09,2014,0.0,-41.20999999999913
2014-05-09,2014,0.005,-41.20999999999913
2014-05-09,2014,0.0075,-41.20999999999913
2014-05-09,2014,0.01,-41.20999999999913
2014-05-09,2014,0.015,-41.20999999999913
2014-05-13,2014,0.0,9.329999999999927
2014-05-13,2014,0.005,44.04305
2014-05-13,2014,0.0075,66.064575
2014-05-13,2014,0.01,9.329999999999927
2014-05-13,2014,0.015,9.329999999999927
2014-05-16,2014,0.0,-7.800000000001091
2014-05-16,2014,0.005,44.40325
2014-05-16,2014,0.0075,-7.800000000001091
2014-05-16,2014,0.01,-7.800000000001091
2014-05-16,2014,0.015,-7.800000000001091
2014-05-19,2014,0.0,11.449999999998909
2014-05-19,2014,0.005,11.449999999998909
2014-05-19,2014,0.0075,11.449999999998909
2014-05-19,2014,0.01,11.449999999998909
2014-05-19,2014,0.015,11.449999999998909
2014-05-20,2014,0.0,-12.109999999998763
2014-05-20,2014,0.005,-12.109999999998763
2014-05-20,2014,0.0075,-12.109999999998763
2014-05-20,2014,0.01,-12.109999999998763
2014-05-20,2014,0.015,-12.109999999998763
2014-05-22,2014,0.0,107.20999999999913
2014-05-22,2014,0.005,44.3121
2014-05-22,2014,0.0075,66.46815
2014-05-22,2014,0.01,88.6242
2014-05-22,2014,0.015,107.20999999999913
2014-05-23,2014,0.0,38.590000000000146
2014-05-23,2014,0.005,38.590000000000146
2014-05-23,2014,0.0075,38.590000000000146
2014-05-23,2014,0.01,38.590000000000146
2014-05-23,2014,0.015,38.590000000000146
2014-05-26,2014,0.0,27.900000000001455
2014-05-26,2014,0.005,45.0411
2014-05-26,2014,0.0075,27.900000000001455
2014-05-26,2014,0.01,27.900000000001455
2014-05-26,2014,0.015,27.900000000001455
2014-05-27,2014,0.0,19.170000000000073
2014-05-27,2014,0.005,19.170000000000073
2014-05-27,2014,0.0075,19.170000000000073
2014-05-27,2014,0.01,19.170000000000073
2014-05-27,2014,0.015,19.170000000000073
2014-05-28,2014,0.0,66.41999999999825
2014-05-28,2014,0.005,45.276450000000004
2014-05-28,2014,0.0075,67.914675
2014-05-28,2014,0.01,66.41999999999825
2014-05-28,2014,0.015,66.41999999999825
2014-05-29,2014,0.0,-12.709999999999127
2014-05-29,2014,0.005,-12.709999999999127
2014-05-29,2014,0.0075,-12.709999999999127
2014-05-29,2014,0.01,-12.709999999999127
2014-05-29,2014,0.015,-12.709999999999127
2014-05-30,2014,0.0,-33.090000000000146
2014-05-30,2014,0.005,-33.090000000000146
2014-05-30,2014,0.0075,-33.090000000000146
2014-05-30,2014,0.01,-33.090000000000146
2014-05-30,2014,0.015,-33.090000000000146
2014-06-03,2014,0.0,47.54999999999927
2014-06-03,2014,0.005,45.37955
2014-06-03,2014,0.0075,47.54999999999927
2014-06-03,2014,0.01,47.54999999999927
2014-06-03,2014,0.015,47.54999999999927
2014-06-04,2014,0.0,-3.5
2014-06-04,2014,0.005,-3.5
2014-06-04,2014,0.0075,-3.5
2014-06-04,2014,0.01,-3.5
2014-06-04,2014,0.015,-3.5
2014-06-05,2014,0.0,20.76000000000022
2014-06-05,2014,0.005,20.76000000000022
2014-06-05,2014,0.0075,20.76000000000022
2014-06-05,2014,0.01,20.76000000000022
2014-06-05,2014,0.015,20.76000000000022
2014-06-06,2014,0.0,-6.260000000000218
2014-06-06,2014,0.005,-6.260000000000218
2014-06-06,2014,0.0075,-6.260000000000218
2014-06-06,2014,0.01,-6.260000000000218
2014-06-06,2014,0.015,-6.260000000000218
2014-06-09,2014,0.0,28.280000000000655
2014-06-09,2014,0.005,28.280000000000655
2014-06-09,2014,0.0075,28.280000000000655
2014-06-09,2014,0.01,28.280000000000655
2014-06-09,2014,0.015,28.280000000000655
2014-06-10,2014,0.0,59.63000000000102
2014-06-10,2014,0.005,45.8137
2014-06-10,2014,0.0075,59.63000000000102
2014-06-10,2014,0.01,59.63000000000102
2014-06-10,2014,0.015,59.63000000000102
2014-06-11,2014,0.0,7.429999999998472
2014-06-11,2014,0.005,7.429999999998472
2014-06-11,2014,0.0075,7.429999999998472
2014-06-11,2014,0.01,7.429999999998472
2014-06-11,2014,0.015,7.429999999998472
2014-06-12,2014,0.0,-25.149999999999636
2014-06-12,2014,0.005,-25.149999999999636
2014-06-12,2014,0.0075,-25.149999999999636
2014-06-12,2014,0.01,-25.149999999999636
2014-06-12,2014,0.015,-25.149999999999636
2014-06-16,2014,0.0,6.540000000000873
2014-06-16,2014,0.005,6.540000000000873
2014-06-16,2014,0.0075,6.540000000000873
2014-06-16,2014,0.01,6.540000000000873
2014-06-16,2014,0.015,6.540000000000873
2014-06-17,2014,0.0,37.67000000000007
2014-06-17,2014,0.005,46.01465
2014-06-17,2014,0.0075,37.67000000000007
2014-06-17,2014,0.01,37.67000000000007
2014-06-17,2014,0.015,37.67000000000007
2014-06-18,2014,0.0,39.32999999999993
2014-06-18,2014,0.005,46.203
2014-06-18,2014,0.0075,69.3045
2014-06-18,2014,0.01,39.32999999999993
2014-06-18,2014,0.015,39.32999999999993
2014-06-20,2014,0.0,-43.01999999999862
2014-06-20,2014,0.005,-43.01999999999862
2014-06-20,2014,0.0075,-43.01999999999862
2014-06-20,2014,0.01,-43.01999999999862
2014-06-20,2014,0.015,-43.01999999999862
2014-06-23,2014,0.0,-45.44000000000051
2014-06-23,2014,0.005,-45.44000000000051
2014-06-23,2014,0.0075,-45.44000000000051
2014-06-23,2014,0.01,-45.44000000000051
2014-06-23,2014,0.015,-45.44000000000051
2014-06-26,2014,0.0,78.78000000000065
2014-06-26,2014,0.005,46.2108
2014-06-26,2014,0.0075,69.3162
2014-06-26,2014,0.01,78.78000000000065
2014-06-26,2014,0.015,78.78000000000065
2014-06-30,2014,0.0,86.23999999999978
2014-06-30,2014,0.005,46.534150000000004
2014-06-30,2014,0.0075,69.801225
2014-06-30,2014,0.01,86.23999999999978
2014-06-30,2014,0.015,86.23999999999978
2014-07-01,2014,0.0,48.850000000000364
2014-07-01,2014,0.005,46.96535
2014-07-01,2014,0.0075,48.850000000000364
2014-07-01,2014,0.01,48.850000000000364
2014-07-01,2014,0.015,48.850000000000364
2014-07-02,2014,0.0,43.039999999999054
2014-07-02,2014,0.005,47.2096
2014-07-02,2014,0.0075,70.81439999999999
2014-07-02,2014,0.01,94.4192
2014-07-02,2014,0.015,43.039999999999054
2014-07-03,2014,0.0,41.27000000000044
2014-07-03,2014,0.005,47.4248
2014-07-03,2014,0.0075,41.27000000000044
2014-07-03,2014,0.01,41.27000000000044
2014-07-03,2014,0.015,41.27000000000044
2014-07-04,2014,0.0,-16.18000000000029
2014-07-04,2014,0.005,-16.18000000000029
2014-07-04,2014,0.0075,-16.18000000000029
2014-07-04,2014,0.01,-16.18000000000029
2014-07-04,2014,0.015,-16.18000000000029
2014-07-07,2014,0.0,10.150000000001455
2014-07-07,2014,0.005,10.150000000001455
2014-07-07,2014,0.0075,10.150000000001455
2014-07-07,2014,0.01,10.150000000001455
2014-07-07,2014,0.015,10.150000000001455
2014-07-10,2014,0.0,75.14000000000124
2014-07-10,2014,0.005,47.4499
2014-07-10,2014,0.0075,71.17484999999999
2014-07-10,2014,0.01,75.14000000000124
2014-07-10,2014,0.015,75.14000000000124
2014-07-14,2014,0.0,24.459999999999127
2014-07-14,2014,0.005,47.4792
2014-07-14,2014,0.0075,24.459999999999127
2014-07-14,2014,0.01,24.459999999999127
2014-07-14,2014,0.015,24.459999999999127
2014-07-15,2014,0.0,48.8700000000008
2014-07-15,2014,0.005,47.601499999999994
2014-07-15,2014,0.0075,71.40225
2014-07-15,2014,0.01,48.8700000000008
2014-07-15,2014,0.015,48.8700000000008
2014-07-17,2014,0.0,-76.48999999999978
2014-07-17,2014,0.005,-76.48999999999978
2014-07-17,2014,0.0075,-76.48999999999978
2014-07-17,2014,0.01,-76.48999999999978
2014-07-17,2014,0.015,-76.48999999999978
2014-07-21,2014,0.0,40.0
2014-07-21,2014,0.005,47.00485
2014-07-21,2014,0.0075,70.50727499999999
2014-07-21,2014,0.01,40.0
2014-07-21,2014,0.015,40.0
2014-07-22,2014,0.0,58.39000000000124
2014-07-22,2014,0.005,47.20485
2014-07-22,2014,0.0075,58.39000000000124
2014-07-22,2014,0.01,58.39000000000124
2014-07-22,2014,0.015,58.39000000000124
2014-07-28,2014,0.0,19.110000000000582
2014-07-28,2014,0.005,47.196450000000006
2014-07-28,2014,0.0075,19.110000000000582
2014-07-28,2014,0.01,19.110000000000582
2014-07-28,2014,0.015,19.110000000000582
2014-07-31,2014,0.0,-131.17000000000007
2014-07-31,2014,0.005,-131.17000000000007
2014-07-31,2014,0.0075,-131.17000000000007
2014-07-31,2014,0.01,-131.17000000000007
2014-07-31,2014,0.015,-131.17000000000007
2014-08-04,2014,0.0,63.68000000000029
2014-08-04,2014,0.005,46.332550000000005
2014-08-04,2014,0.0075,63.68000000000029
2014-08-04,2014,0.01,63.68000000000029
2014-08-04,2014,0.015,63.68000000000029
2014-08-05,2014,0.0,-188.75
2014-08-05,2014,0.005,-188.75
2014-08-05,2014,0.0075,-188.75
2014-08-05,2014,0.01,-188.75
2014-08-05,2014,0.015,-188.75
2014-08-06,2014,0.0,-2.529999999998836
2014-08-06,2014,0.005,45.7072
2014-08-06,2014,0.0075,68.5608
2014-08-06,2014,0.01,-2.529999999998836
2014-08-06,2014,0.015,-2.529999999998836
2014-08-07,2014,0.0,-12.529999999998836
2014-08-07,2014,0.005,-12.529999999998836
2014-08-07,2014,0.0075,-12.529999999998836
2014-08-07,2014,0.01,-12.529999999998836
2014-08-07,2014,0.015,-12.529999999998836
2014-08-08,2014,0.0,45.48000000000138
2014-08-08,2014,0.005,45.6572
2014-08-08,2014,0.0075,68.4858
2014-08-08,2014,0.01,91.3144
2014-08-08,2014,0.015,45.48000000000138
2014-08-11,2014,0.0,86.95000000000073
2014-08-11,2014,0.005,45.42979999999999
2014-08-11,2014,0.0075,68.14469999999999
2014-08-11,2014,0.01,90.85959999999999
2014-08-11,2014,0.015,86.95000000000073
2014-08-12,2014,0.0,-9.789999999999054
2014-08-12,2014,0.005,-9.789999999999054
2014-08-12,2014,0.0075,-9.789999999999054
2014-08-12,2014,0.01,-9.789999999999054
2014-08-12,2014,0.015,-9.789999999999054
2014-08-14,2014,0.0,-0.6999999999989086
2014-08-14,2014,0.005,46.156549999999996
2014-08-14,2014,0.0075,-0.6999999999989086
2014-08-14,2014,0.01,-0.6999999999989086
2014-08-14,2014,0.015,-0.6999999999989086
2014-08-15,2014,0.0,-23.80000000000109
2014-08-15,2014,0.005,-23.80000000000109
2014-08-15,2014,0.0075,-23.80000000000109
2014-08-15,2014,0.01,-23.80000000000109
2014-08-15,2014,0.015,-23.80000000000109
2014-08-18,2014,0.0,-65.5
2014-08-18,2014,0.005,-65.5
2014-08-18,2014,0.0075,-65.5
2014-08-18,2014,0.01,-65.5
2014-08-18,2014,0.015,-65.5
2014-08-19,2014,0.0,102.47000000000116
2014-08-19,2014,0.005,45.70655
2014-08-19,2014,0.0075,68.55982499999999
2014-08-19,2014,0.01,91.4131
2014-08-19,2014,0.015,102.47000000000116
2014-08-20,2014,0.0,44.26999999999862
2014-08-20,2014,0.005,46.218900000000005
2014-08-20,2014,0.0075,44.26999999999862
2014-08-20,2014,0.01,44.26999999999862
2014-08-20,2014,0.015,44.26999999999862
2014-08-21,2014,0.0,-34.67000000000007
2014-08-21,2014,0.005,-34.67000000000007
2014-08-21,2014,0.0075,-34.67000000000007
2014-08-21,2014,0.01,-34.67000000000007
2014-08-21,2014,0.015,-34.67000000000007
2014-08-22,2014,0.0,126.72000000000116
2014-08-22,2014,0.005,46.2669
2014-08-22,2014,0.0075,69.40034999999999
2014-08-22,2014,0.01,92.5338
2014-08-22,2014,0.015,126.72000000000116
2014-08-25,2014,0.0,10.520000000000437
2014-08-25,2014,0.005,10.520000000000437
2014-08-25,2014,0.0075,10.520000000000437
2014-08-25,2014,0.01,10.520000000000437
2014-08-25,2014,0.015,10.520000000000437
2014-08-27,2014,0.0,91.63000000000102
2014-08-27,2014,0.005,46.9698
2014-08-27,2014,0.0075,70.45469999999999
2014-08-27,2014,0.01,93.9396
2014-08-27,2014,0.015,91.63000000000102
2014-08-28,2014,0.0,-7.219999999999345
2014-08-28,2014,0.005,-7.219999999999345
2014-08-28,2014,0.0075,-7.219999999999345
2014-08-28,2014,0.01,-7.219999999999345
2014-08-28,2014,0.015,-7.219999999999345
2014-08-29,2014,0.0,-42.100000000000364
2014-08-29,2014,0.005,-42.100000000000364
2014-08-29,2014,0.0075,-42.100000000000364
2014-08-29,2014,0.01,-42.100000000000364
2014-08-29,2014,0.015,-42.100000000000364
2014-09-01,2014,0.0,76.78999999999905
2014-09-01,2014,0.005,47.18135
2014-09-01,2014,0.0075,70.772025
2014-09-01,2014,0.01,94.3627
2014-09-01,2014,0.015,76.78999999999905
2014-09-02,2014,0.0,-113.34000000000015
2014-09-02,2014,0.005,-113.34000000000015
2014-09-02,2014,0.0075,-113.34000000000015
2014-09-02,2014,0.01,-113.34000000000015
2014-09-02,2014,0.015,-113.34000000000015
2014-09-04,2014,0.0,-21.460000000000946
2014-09-04,2014,0.005,-21.460000000000946
2014-09-04,2014,0.0075,-21.460000000000946
2014-09-04,2014,0.01,-21.460000000000946
2014-09-04,2014,0.015,-21.460000000000946
2014-09-05,2014,0.0,-20.94999999999891
2014-09-05,2014,0.005,-20.94999999999891
2014-09-05,2014,0.0075,-20.94999999999891
2014-09-05,2014,0.01,-20.94999999999891
2014-09-05,2014,0.015,-20.94999999999891
2014-09-09,2014,0.0,26.829999999999927
2014-09-09,2014,0.005,47.0397
2014-09-09,2014,0.0075,26.829999999999927
2014-09-09,2014,0.01,26.829999999999927
2014-09-09,2014,0.015,26.829999999999927
2014-09-11,2014,0.0,-34.659999999999854
2014-09-11,2014,0.005,-34.659999999999854
2014-09-11,2014,0.0075,-34.659999999999854
2014-09-11,2014,0.01,-34.659999999999854
2014-09-11,2014,0.015,-34.659999999999854
2014-09-12,2014,0.0,-99.77000000000044
2014-09-12,2014,0.005,-99.77000000000044
2014-09-12,2014,0.0075,-99.77000000000044
2014-09-12,2014,0.01,-99.77000000000044
2014-09-12,2014,0.015,-99.77000000000044
2014-09-15,2014,0.0,5.720000000001164
2014-09-15,2014,0.005,46.1159
2014-09-15,2014,0.0075,5.720000000001164
2014-09-15,2014,0.01,5.720000000001164
2014-09-15,2014,0.015,5.720000000001164
2014-09-16,2014,0.0,84.05999999999949
2014-09-16,2014,0.005,46.0873
2014-09-16,2014,0.0075,69.13094999999998
2014-09-16,2014,0.01,84.05999999999949
2014-09-16,2014,0.015,84.05999999999949
2014-09-17,2014,0.0,61.77000000000044
2014-09-17,2014,0.005,45.667
2014-09-17,2014,0.0075,68.50049999999999
2014-09-17,2014,0.01,91.334
2014-09-17,2014,0.015,61.77000000000044
2014-09-18,2014,0.0,41.86000000000058
2014-09-18,2014,0.005,41.86000000000058
2014-09-18,2014,0.0075,41.86000000000058
2014-09-18,2014,0.01,41.86000000000058
2014-09-18,2014,0.015,41.86000000000058
2014-09-19,2014,0.0,3.4200000000000728
2014-09-19,2014,0.005,46.18515000000001
2014-09-19,2014,0.0075,3.4200000000000728
2014-09-19,2014,0.01,3.4200000000000728
2014-09-19,2014,0.015,3.4200000000000728
2014-09-22,2014,0.0,105.80000000000109
2014-09-22,2014,0.005,46.20225000000001
2014-09-22,2014,0.0075,69.303375
2014-09-22,2014,0.01,92.40450000000001
2014-09-22,2014,0.015,105.80000000000109
2014-09-23,2014,0.0,49.75
2014-09-23,2014,0.005,45.673249999999996
2014-09-23,2014,0.0075,49.75
2014-09-23,2014,0.01,49.75
2014-09-23,2014,0.015,49.75
2014-09-25,2014,0.0,-86.89999999999964
2014-09-25,2014,0.005,45.49245
2014-09-25,2014,0.0075,-86.89999999999964
2014-09-25,2014,0.01,-86.89999999999964
2014-09-25,2014,0.015,-86.89999999999964
2014-09-26,2014,0.0,21.770000000000437
2014-09-26,2014,0.005,45.05795
2014-09-26,2014,0.0075,67.586925
2014-09-26,2014,0.01,90.1159
2014-09-26,2014,0.015,21.770000000000437
2014-09-29,2014,0.0,-29.05999999999949
2014-09-29,2014,0.005,-29.05999999999949
2014-09-29,2014,0.0075,-29.05999999999949
2014-09-29,2014,0.01,-29.05999999999949
2014-09-29,2014,0.015,-29.05999999999949
2014-09-30,2014,0.0,6.1599999999998545
2014-09-30,2014,0.005,6.1599999999998545
2014-09-30,2014,0.0075,6.1599999999998545
2014-09-30,2014,0.01,6.1599999999998545
2014-09-30,2014,0.015,6.1599999999998545
2014-10-06,2014,0.0,-11.140000000001237
2014-10-06,2014,0.005,-11.140000000001237
2014-10-06,2014,0.0075,-11.140000000001237
2014-10-06,2014,0.01,-11.140000000001237
2014-10-06,2014,0.015,-11.140000000001237
2014-10-08,2014,0.0,85.6299999999992
2014-10-08,2014,0.005,45.204049999999995
2014-10-08,2014,0.0075,67.80607499999999
2014-10-08,2014,0.01,85.6299999999992
2014-10-08,2014,0.015,85.6299999999992
2014-10-09,2014,0.0,19.859999999998763
2014-10-09,2014,0.005,19.859999999998763
2014-10-09,2014,0.0075,19.859999999998763
2014-10-09,2014,0.01,19.859999999998763
2014-10-09,2014,0.015,19.859999999998763
2014-10-15,2014,0.0,-112.8799999999992
2014-10-15,2014,0.005,-112.8799999999992
2014-10-15,2014,0.0075,-112.8799999999992
2014-10-15,2014,0.01,-112.8799999999992
2014-10-15,2014,0.015,-112.8799999999992
2014-10-16,2014,0.0,-21.81999999999971
2014-10-16,2014,0.005,-21.81999999999971
2014-10-16,2014,0.0075,-21.81999999999971
2014-10-16,2014,0.01,-21.81999999999971
2014-10-16,2014,0.015,-21.81999999999971
2014-10-17,2014,0.0,-120.81000000000131
2014-10-17,2014,0.005,43.16845
2014-10-17,2014,0.0075,64.752675
2014-10-17,2014,0.01,-120.81000000000131
2014-10-17,2014,0.015,-120.81000000000131
2014-10-20,2014,0.0,150.26000000000022
2014-10-20,2014,0.005,42.5644
2014-10-20,2014,0.0075,63.846599999999995
2014-10-20,2014,0.01,85.1288
2014-10-20,2014,0.015,127.69319999999999
2014-10-21,2014,0.0,-8.5
2014-10-21,2014,0.005,-8.5
2014-10-21,2014,0.0075,-8.5
2014-10-21,2014,0.01,-8.5
2014-10-21,2014,0.015,-8.5
2014-10-22,2014,0.0,21.540000000000873
2014-10-22,2014,0.005,21.540000000000873
2014-10-22,2014,0.0075,21.540000000000873
2014-10-22,2014,0.01,21.540000000000873
2014-10-22,2014,0.015,21.540000000000873
2014-10-23,2014,0.0,17.76000000000022
2014-10-23,2014,0.005,17.76000000000022
2014-10-23,2014,0.0075,17.76000000000022
2014-10-23,2014,0.01,17.76000000000022
2014-10-23,2014,0.015,17.76000000000022
2014-10-24,2014,0.0,-85.05999999999949
2014-10-24,2014,0.005,-85.05999999999949
2014-10-24,2014,0.0075,-85.05999999999949
2014-10-24,2014,0.01,-85.05999999999949
2014-10-24,2014,0.015,-85.05999999999949
2014-10-27,2014,0.0,-18.229999999999563
2014-10-27,2014,0.005,43.23005
2014-10-27,2014,0.0075,-18.229999999999563
2014-10-27,2014,0.01,-18.229999999999563
2014-10-27,2014,0.015,-18.229999999999563
2014-10-28,2014,0.0,145.76999999999862
2014-10-28,2014,0.005,43.13890000000001
2014-10-28,2014,0.0075,64.70835
2014-10-28,2014,0.01,86.27780000000001
2014-10-28,2014,0.015,129.4167
2014-10-29,2014,0.0,130.13000000000102
2014-10-29,2014,0.005,43.867749999999994
2014-10-29,2014,0.0075,65.80162499999999
2014-10-29,2014,0.01,87.73549999999999
2014-10-29,2014,0.015,130.13000000000102
2014-10-30,2014,0.0,-15.610000000000582
2014-10-30,2014,0.005,-15.610000000000582
2014-10-30,2014,0.0075,-15.610000000000582
2014-10-30,2014,0.01,-15.610000000000582
2014-10-30,2014,0.015,-15.610000000000582
2014-10-31,2014,0.0,-86.69000000000051
2014-10-31,2014,0.005,-86.69000000000051
2014-10-31,2014,0.0075,-86.69000000000051
2014-10-31,2014,0.01,-86.69000000000051
2014-10-31,2014,0.015,-86.69000000000051
2014-11-03,2014,0.0,-19.980000000001382
2014-11-03,2014,0.005,-19.980000000001382
2014-11-03,2014,0.0075,-19.980000000001382
2014-11-03,2014,0.01,-19.980000000001382
2014-11-03,2014,0.015,-19.980000000001382
2014-11-04,2014,0.0,-15.680000000000291
2014-11-04,2014,0.005,-15.680000000000291
2014-11-04,2014,0.0075,-15.680000000000291
2014-11-04,2014,0.01,-15.680000000000291
2014-11-04,2014,0.015,-15.680000000000291
2014-11-06,2014,0.0,-71.57999999999993
2014-11-06,2014,0.005,-71.57999999999993
2014-11-06,2014,0.0075,-71.57999999999993
2014-11-06,2014,0.01,-71.57999999999993
2014-11-06,2014,0.015,-71.57999999999993
2014-11-11,2014,0.0,-15.840000000000146
2014-11-11,2014,0.005,-15.840000000000146
2014-11-11,2014,0.0075,-15.840000000000146
2014-11-11,2014,0.01,-15.840000000000146
2014-11-11,2014,0.015,-15.840000000000146
2014-11-14,2014,0.0,2.209999999999127
2014-11-14,2014,0.005,2.209999999999127
2014-11-14,2014,0.0075,2.209999999999127
2014-11-14,2014,0.01,2.209999999999127
2014-11-14,2014,0.015,2.209999999999127
2014-11-17,2014,0.0,-98.48999999999978
2014-11-17,2014,0.005,-98.48999999999978
2014-11-17,2014,0.0075,-98.48999999999978
2014-11-17,2014,0.01,-98.48999999999978
2014-11-17,2014,0.015,-98.48999999999978
2014-11-19,2014,0.0,104.17000000000007
2014-11-19,2014,0.005,44.29535
2014-11-19,2014,0.0075,66.44302499999999
2014-11-19,2014,0.01,88.5907
2014-11-19,2014,0.015,104.17000000000007
2014-11-21,2014,0.0,12.659999999999854
2014-11-21,2014,0.005,12.659999999999854
2014-11-21,2014,0.0075,12.659999999999854
2014-11-21,2014,0.01,12.659999999999854
2014-11-21,2014,0.015,12.659999999999854
2014-11-24,2014,0.0,30.799999999999272
2014-11-24,2014,0.005,45.45765
2014-11-24,2014,0.0075,68.186475
2014-11-24,2014,0.01,30.799999999999272
2014-11-24,2014,0.015,30.799999999999272
2014-11-25,2014,0.0,-6.0900000000001455
2014-11-25,2014,0.005,-6.0900000000001455
2014-11-25,2014,0.0075,-6.0900000000001455
2014-11-25,2014,0.01,-6.0900000000001455
2014-11-25,2014,0.015,-6.0900000000001455
2014-11-27,2014,0.0,22.8700000000008
2014-11-27,2014,0.005,22.8700000000008
2014-11-27,2014,0.0075,22.8700000000008
2014-11-27,2014,0.01,22.8700000000008
2014-11-27,2014,0.015,22.8700000000008
2014-11-28,2014,0.0,2.8700000000008004
2014-11-28,2014,0.005,2.8700000000008004
2014-11-28,2014,0.0075,2.8700000000008004
2014-11-28,2014,0.01,2.8700000000008004
2014-11-28,2014,0.015,2.8700000000008004
2014-12-01,2014,0.0,-69.44000000000051
2014-12-01,2014,0.005,-69.44000000000051
2014-12-01,2014,0.0075,-69.44000000000051
2014-12-01,2014,0.01,-69.44000000000051
2014-12-01,2014,0.015,-69.44000000000051
2014-12-02,2014,0.0,82.91999999999825
2014-12-02,2014,0.005,45.58855
2014-12-02,2014,0.0075,68.382825
2014-12-02,2014,0.01,91.1771
2014-12-02,2014,0.015,82.91999999999825
2014-12-03,2014,0.0,140.46999999999935
2014-12-03,2014,0.005,45.173950000000005
2014-12-03,2014,0.0075,67.760925
2014-12-03,2014,0.01,90.34790000000001
2014-12-03,2014,0.015,135.52185
2014-12-04,2014,0.0,5.889999999999418
2014-12-04,2014,0.005,5.889999999999418
2014-12-04,2014,0.0075,5.889999999999418
2014-12-04,2014,0.01,5.889999999999418
2014-12-04,2014,0.015,5.889999999999418
2014-12-05,2014,0.0,-18.540000000000873
2014-12-05,2014,0.005,-18.540000000000873
2014-12-05,2014,0.0075,-18.540000000000873
2014-12-05,2014,0.01,-18.540000000000873
2014-12-05,2014,0.015,-18.540000000000873
2014-12-08,2014,0.0,-19.279999999998836
2014-12-08,2014,0.005,-19.279999999998836
2014-12-08,2014,0.0075,-19.279999999998836
2014-12-08,2014,0.01,-19.279999999998836
2014-12-08,2014,0.015,-19.279999999998836
2014-12-09,2014,0.0,58.39000000000124
2014-12-09,2014,0.005,45.93645000000001
2014-12-09,2014,0.0075,58.39000000000124
2014-12-09,2014,0.01,58.39000000000124
2014-12-09,2014,0.015,58.39000000000124
2014-12-11,2014,0.0,19.090000000000146
2014-12-11,2014,0.005,45.1608
2014-12-11,2014,0.0075,19.090000000000146
2014-12-11,2014,0.01,19.090000000000146
2014-12-11,2014,0.015,19.090000000000146
2014-12-12,2014,0.0,14.260000000000218
2014-12-12,2014,0.005,45.06535
2014-12-12,2014,0.0075,67.59802499999999
2014-12-12,2014,0.01,14.260000000000218
2014-12-12,2014,0.015,14.260000000000218
2014-12-15,2014,0.0,41.70000000000073
2014-12-15,2014,0.005,45.13665
2014-12-15,2014,0.0075,67.70497499999999
2014-12-15,2014,0.01,41.70000000000073
2014-12-15,2014,0.015,41.70000000000073
2014-12-18,2014,0.0,23.030000000000655
2014-12-18,2014,0.005,23.030000000000655
2014-12-18,2014,0.0075,23.030000000000655
2014-12-18,2014,0.01,23.030000000000655
2014-12-18,2014,0.015,23.030000000000655
2014-12-19,2014,0.0,120.89000000000124
2014-12-19,2014,0.005,44.39315
2014-12-19,2014,0.0075,66.58972499999999
2014-12-19,2014,0.01,88.7863
2014-12-19,2014,0.015,133.17944999999997
2014-12-23,2014,0.0,2.709999999999127
2014-12-23,2014,0.005,2.709999999999127
2014-12-23,2014,0.0075,2.709999999999127
2014-12-23,2014,0.01,2.709999999999127
2014-12-23,2014,0.015,2.709999999999127
2014-12-25,2014,0.0,-27.479999999999563
2014-12-25,2014,0.005,-27.479999999999563
2014-12-25,2014,0.0075,-27.479999999999563
2014-12-25,2014,0.01,-27.479999999999563
2014-12-25,2014,0.015,-27.479999999999563
2014-12-26,2014,0.0,55.36999999999898
2014-12-26,2014,0.005,45.7935
2014-12-26,2014,0.0075,55.36999999999898
2014-12-26,2014,0.01,55.36999999999898
2014-12-26,2014,0.015,55.36999999999898
2014-12-27,2014,0.0,4.430000000000291
2014-12-27,2014,0.005,4.430000000000291
2014-12-27,2014,0.0075,4.430000000000291
2014-12-27,2014,0.01,4.430000000000291
2014-12-27,2014,0.015,4.430000000000291
2014-12-29,2014,0.0,67.78000000000065
2014-12-29,2014,0.005,46.0925
2014-12-29,2014,0.0075,69.13875
2014-12-29,2014,0.01,92.185
2014-12-29,2014,0.015,67.78000000000065
2015-01-06,2015,0.0,225.77000000000044
2015-01-06,2015,0.005,46.37055
2015-01-06,2015,0.0075,69.555825
2015-01-06,2015,0.01,92.7411
2015-01-06,2015,0.015,139.11165
2015-01-08,2015,0.0,157.9400000000005
2015-01-08,2015,0.005,45.40045
2015-01-08,2015,0.0075,68.100675
2015-01-08,2015,0.01,90.8009
2015-01-08,2015,0.015,136.20135
2015-01-09,2015,0.0,23.829999999999927
2015-01-09,2015,0.005,23.829999999999927
2015-01-09,2015,0.0075,23.829999999999927
2015-01-09,2015,0.01,23.829999999999927
2015-01-09,2015,0.015,23.829999999999927
2015-01-12,2015,0.0,-37.280000000000655
2015-01-12,2015,0.005,-37.280000000000655
2015-01-12,2015,0.0075,-37.280000000000655
2015-01-12,2015,0.01,-37.280000000000655
2015-01-12,2015,0.015,-37.280000000000655
2015-01-13,2015,0.0,-53.5
2015-01-13,2015,0.005,-53.5
2015-01-13,2015,0.0075,-53.5
2015-01-13,2015,0.01,-53.5
2015-01-13,2015,0.015,-53.5
2015-01-19,2015,0.0,35.76999999999862
2015-01-19,2015,0.005,45.69145
2015-01-19,2015,0.0075,68.537175
2015-01-19,2015,0.01,91.3829
2015-01-19,2015,0.015,35.76999999999862
2015-01-20,2015,0.0,77.63000000000102
2015-01-20,2015,0.005,45.8703
2015-01-20,2015,0.0075,68.80545
2015-01-20,2015,0.01,77.63000000000102
2015-01-20,2015,0.015,77.63000000000102
2015-01-21,2015,0.0,68.01999999999862
2015-01-21,2015,0.005,46.25845
2015-01-21,2015,0.0075,68.01999999999862
2015-01-21,2015,0.01,68.01999999999862
2015-01-21,2015,0.015,68.01999999999862
2015-01-22,2015,0.0,49.80000000000109
2015-01-22,2015,0.005,46.598549999999996
2015-01-22,2015,0.0075,49.80000000000109
2015-01-22,2015,0.01,49.80000000000109
2015-01-22,2015,0.015,49.80000000000109
2015-01-23,2015,0.0,101.43000000000029
2015-01-23,2015,0.005,46.847550000000005
2015-01-23,2015,0.0075,70.271325
2015-01-23,2015,0.01,93.69510000000001
2015-01-23,2015,0.015,101.43000000000029
2015-01-27,2015,0.0,43.92000000000007
2015-01-27,2015,0.005,43.92000000000007
2015-01-27,2015,0.0075,43.92000000000007
2015-01-27,2015,0.01,43.92000000000007
2015-01-27,2015,0.015,43.92000000000007
2015-01-28,2015,0.0,10.670000000000073
2015-01-28,2015,0.005,47.60795
2015-01-28,2015,0.0075,10.670000000000073
2015-01-28,2015,0.01,10.670000000000073
2015-01-28,2015,0.015,10.670000000000073
2015-01-30,2015,0.0,-64.98999999999978
2015-01-30,2015,0.005,-64.98999999999978
2015-01-30,2015,0.0075,-64.98999999999978
2015-01-30,2015,0.01,-64.98999999999978
2015-01-30,2015,0.015,-64.98999999999978
2015-02-03,2015,0.0,61.73999999999978
2015-02-03,2015,0.005,46.93495
2015-02-03,2015,0.0075,70.402425
2015-02-03,2015,0.01,61.73999999999978
2015-02-03,2015,0.015,61.73999999999978
2015-02-04,2015,0.0,-2.8400000000001455
2015-02-04,2015,0.005,-2.8400000000001455
2015-02-04,2015,0.0075,-2.8400000000001455
2015-02-04,2015,0.01,-2.8400000000001455
2015-02-04,2015,0.015,-2.8400000000001455
2015-02-05,2015,0.0,-1.8700000000008004
2015-02-05,2015,0.005,-1.8700000000008004
2015-02-05,2015,0.0075,-1.8700000000008004
2015-02-05,2015,0.01,-1.8700000000008004
2015-02-05,2015,0.015,-1.8700000000008004
2015-02-06,2015,0.0,-55.86999999999898
2015-02-06,2015,0.005,-55.86999999999898
2015-02-06,2015,0.0075,-55.86999999999898
2015-02-06,2015,0.01,-55.86999999999898
2015-02-06,2015,0.015,-55.86999999999898
2015-02-10,2015,0.0,27.799999999999272
2015-02-10,2015,0.005,27.799999999999272
2015-02-10,2015,0.0075,27.799999999999272
2015-02-10,2015,0.01,27.799999999999272
2015-02-10,2015,0.015,27.799999999999272
2015-02-11,2015,0.0,12.890000000001237
2015-02-11,2015,0.005,12.890000000001237
2015-02-11,2015,0.0075,12.890000000001237
2015-02-11,2015,0.01,12.890000000001237
2015-02-11,2015,0.015,12.890000000001237
2015-02-12,2015,0.0,34.090000000000146
2015-02-12,2015,0.005,34.090000000000146
2015-02-12,2015,0.0075,34.090000000000146
2015-02-12,2015,0.01,34.090000000000146
2015-02-12,2015,0.015,34.090000000000146
2015-02-13,2015,0.0,33.20000000000073
2015-02-13,2015,0.005,33.20000000000073
2015-02-13,2015,0.0075,33.20000000000073
2015-02-13,2015,0.01,33.20000000000073
2015-02-13,2015,0.015,33.20000000000073
2015-02-25,2015,0.0,70.17000000000007
2015-02-25,2015,0.005,48.14685000000001
2015-02-25,2015,0.0075,70.17000000000007
2015-02-25,2015,0.01,70.17000000000007
2015-02-25,2015,0.015,70.17000000000007
2015-03-03,2015,0.0,-25.94000000000051
2015-03-03,2015,0.005,-25.94000000000051
2015-03-03,2015,0.0075,-25.94000000000051
2015-03-03,2015,0.01,-25.94000000000051
2015-03-03,2015,0.015,-25.94000000000051
2015-03-04,2015,0.0,-15.959999999999127
2015-03-04,2015,0.005,-15.959999999999127
2015-03-04,2015,0.0075,-15.959999999999127
2015-03-04,2015,0.01,-15.959999999999127
2015-03-04,2015,0.015,-15.959999999999127
2015-03-06,2015,0.0,50.68000000000029
2015-03-06,2015,0.005,47.97545
2015-03-06,2015,0.0075,50.68000000000029
2015-03-06,2015,0.01,50.68000000000029
2015-03-06,2015,0.015,50.68000000000029
2015-03-09,2015,0.0,82.79000000000087
2015-03-09,2015,0.005,48.22885
2015-03-09,2015,0.0075,72.343275
2015-03-09,2015,0.01,82.79000000000087
2015-03-09,2015,0.015,82.79000000000087
2015-03-10,2015,0.0,-26.44999999999891
2015-03-10,2015,0.005,-26.44999999999891
2015-03-10,2015,0.0075,-26.44999999999891
2015-03-10,2015,0.01,-26.44999999999891
2015-03-10,2015,0.015,-26.44999999999891
2015-03-11,2015,0.0,13.350000000000364
2015-03-11,2015,0.005,47.68265
2015-03-11,2015,0.0075,13.350000000000364
2015-03-11,2015,0.01,13.350000000000364
2015-03-11,2015,0.015,13.350000000000364
2015-03-12,2015,0.0,72.81999999999971
2015-03-12,2015,0.005,47.6159
2015-03-12,2015,0.0075,71.42385
2015-03-12,2015,0.01,72.81999999999971
2015-03-12,2015,0.015,72.81999999999971
2015-03-16,2015,0.0,-66.44000000000051
2015-03-16,2015,0.005,-66.44000000000051
2015-03-16,2015,0.0075,-66.44000000000051
2015-03-16,2015,0.01,-66.44000000000051
2015-03-16,2015,0.015,-66.44000000000051
2015-03-17,2015,0.0,26.530000000000655
2015-03-17,2015,0.005,47.56455
2015-03-17,2015,0.0075,71.346825
2015-03-17,2015,0.01,95.1291
2015-03-17,2015,0.015,26.530000000000655
2015-03-19,2015,0.0,83.29999999999927
2015-03-19,2015,0.005,48.26715
2015-03-19,2015,0.0075,72.400725
2015-03-19,2015,0.01,83.29999999999927
2015-03-19,2015,0.015,83.29999999999927
2015-03-20,2015,0.0,12.960000000000946
2015-03-20,2015,0.005,12.960000000000946
2015-03-20,2015,0.0075,12.960000000000946
2015-03-20,2015,0.01,12.960000000000946
2015-03-20,2015,0.015,12.960000000000946
2015-03-23,2015,0.0,8.399999999999636
2015-03-23,2015,0.005,8.399999999999636
2015-03-23,2015,0.0075,8.399999999999636
2015-03-23,2015,0.01,8.399999999999636
2015-03-23,2015,0.015,8.399999999999636
2015-03-27,2015,0.0,115.40000000000146
2015-03-27,2015,0.005,48.095600000000005
2015-03-27,2015,0.0075,72.1434
2015-03-27,2015,0.01,96.19120000000001
2015-03-27,2015,0.015,115.40000000000146
2015-03-30,2015,0.0,3.6999999999989086
2015-03-30,2015,0.005,3.6999999999989086
2015-03-30,2015,0.0075,3.6999999999989086
2015-03-30,2015,0.01,3.6999999999989086
2015-03-30,2015,0.015,3.6999999999989086
2015-03-31,2015,0.0,64.56999999999971
2015-03-31,2015,0.005,47.609350000000006
2015-03-31,2015,0.0075,71.41402500000001
2015-03-31,2015,0.01,64.56999999999971
2015-03-31,2015,0.015,64.56999999999971
2015-04-01,2015,0.0,78.78000000000065
2015-04-01,2015,0.005,47.9322
2015-04-01,2015,0.0075,71.8983
2015-04-01,2015,0.01,78.78000000000065
2015-04-01,2015,0.015,78.78000000000065
2015-04-07,2015,0.0,41.57999999999993
2015-04-07,2015,0.005,48.001599999999996
2015-04-07,2015,0.0075,41.57999999999993
2015-04-07,2015,0.01,41.57999999999993
2015-04-07,2015,0.015,41.57999999999993
2015-04-08,2015,0.0,-69.93000000000029
2015-04-08,2015,0.005,-69.93000000000029
2015-04-08,2015,0.0075,-69.93000000000029
2015-04-08,2015,0.01,-69.93000000000029
2015-04-08,2015,0.015,-69.93000000000029
2015-04-09,2015,0.0,-3.929999999998472
2015-04-09,2015,0.005,47.859849999999994
2015-04-09,2015,0.0075,71.78977499999999
2015-04-09,2015,0.01,-3.929999999998472
2015-04-09,2015,0.015,-3.929999999998472
2015-04-10,2015,0.0,49.659999999999854
2015-04-10,2015,0.005,47.8402
2015-04-10,2015,0.0075,71.7603
2015-04-10,2015,0.01,49.659999999999854
2015-04-10,2015,0.015,49.659999999999854
2015-04-13,2015,0.0,48.81999999999971
2015-04-13,2015,0.005,48.0885
2015-04-13,2015,0.0075,48.81999999999971
2015-04-13,2015,0.01,48.81999999999971
2015-04-13,2015,0.015,48.81999999999971
2015-04-16,2015,0.0,116.81000000000131
2015-04-16,2015,0.005,47.7003
2015-04-16,2015,0.0075,71.55045
2015-04-16,2015,0.01,95.4006
2015-04-16,2015,0.015,116.81000000000131
2015-04-20,2015,0.0,18.079999999999927
2015-04-20,2015,0.005,47.85465
2015-04-20,2015,0.0075,18.079999999999927
2015-04-20,2015,0.01,18.079999999999927
2015-04-20,2015,0.015,18.079999999999927
2015-04-21,2015,0.0,-18.8700000000008
2015-04-21,2015,0.005,-18.8700000000008
2015-04-21,2015,0.0075,-18.8700000000008
2015-04-21,2015,0.01,-18.8700000000008
2015-04-21,2015,0.015,-18.8700000000008
2015-04-22,2015,0.0,79.02000000000044
2015-04-22,2015,0.005,47.6699
2015-04-22,2015,0.0075,71.50484999999999
2015-04-22,2015,0.01,95.3398
2015-04-22,2015,0.015,79.02000000000044
2015-04-23,2015,0.0,184.48999999999978
2015-04-23,2015,0.005,48.065
2015-04-23,2015,0.0075,72.0975
2015-04-23,2015,0.01,96.13
2015-04-23,2015,0.015,144.195
2015-04-24,2015,0.0,-115.79000000000087
2015-04-24,2015,0.005,-115.79000000000087
2015-04-24,2015,0.0075,-115.79000000000087
2015-04-24,2015,0.01,-115.79000000000087
2015-04-24,2015,0.015,-115.79000000000087
2015-04-27,2015,0.0,-59.840000000000146
2015-04-27,2015,0.005,-59.840000000000146
2015-04-27,2015,0.0075,-59.840000000000146
2015-04-27,2015,0.01,-59.840000000000146
2015-04-27,2015,0.015,-59.840000000000146
2015-04-28,2015,0.0,-16.290000000000873
2015-04-28,2015,0.005,-16.290000000000873
2015-04-28,2015,0.0075,-16.290000000000873
2015-04-28,2015,0.01,-16.290000000000873
2015-04-28,2015,0.015,-16.290000000000873
2015-04-29,2015,0.0,-103.0
2015-04-29,2015,0.005,-103.0
2015-04-29,2015,0.0075,-103.0
2015-04-29,2015,0.01,-103.0
2015-04-29,2015,0.015,-103.0
2015-05-04,2015,0.0,-25.80000000000109
2015-05-04,2015,0.005,-25.80000000000109
2015-05-04,2015,0.0075,-25.80000000000109
2015-05-04,2015,0.01,-25.80000000000109
2015-05-04,2015,0.015,-25.80000000000109
2015-05-08,2015,0.0,-12.110000000000582
2015-05-08,2015,0.005,48.52055000000001
2015-05-08,2015,0.0075,-12.110000000000582
2015-05-08,2015,0.01,-12.110000000000582
2015-05-08,2015,0.015,-12.110000000000582
2015-05-11,2015,0.0,-28.280000000000655
2015-05-11,2015,0.005,48.46
2015-05-11,2015,0.0075,72.69
2015-05-11,2015,0.01,96.92
2015-05-11,2015,0.015,-28.280000000000655
2015-05-12,2015,0.0,17.01000000000022
2015-05-12,2015,0.005,17.01000000000022
2015-05-12,2015,0.0075,17.01000000000022
2015-05-12,2015,0.01,17.01000000000022
2015-05-12,2015,0.015,17.01000000000022
2015-05-14,2015,0.0,-113.28000000000065
2015-05-14,2015,0.005,-113.28000000000065
2015-05-14,2015,0.0075,-113.28000000000065
2015-05-14,2015,0.01,-113.28000000000065
2015-05-14,2015,0.015,-113.28000000000065
2015-05-15,2015,0.0,-31.350000000000364
2015-05-15,2015,0.005,-31.350000000000364
2015-05-15,2015,0.0075,-31.350000000000364
2015-05-15,2015,0.01,-31.350000000000364
2015-05-15,2015,0.015,-31.350000000000364
2015-05-18,2015,0.0,26.6200000000008
2015-05-18,2015,0.005,26.6200000000008
2015-05-18,2015,0.0075,26.6200000000008
2015-05-18,2015,0.01,26.6200000000008
2015-05-18,2015,0.015,26.6200000000008
2015-05-19,2015,0.0,110.67000000000007
2015-05-19,2015,0.005,48.0305
2015-05-19,2015,0.0075,72.04575
2015-05-19,2015,0.01,96.061
2015-05-19,2015,0.015,110.67000000000007
2015-05-21,2015,0.0,-106.75
2015-05-21,2015,0.005,-106.75
2015-05-21,2015,0.0075,-106.75
2015-05-21,2015,0.01,-106.75
2015-05-21,2015,0.015,-106.75
2015-05-22,2015,0.0,60.23999999999978
2015-05-22,2015,0.005,47.8928
2015-05-22,2015,0.0075,71.83919999999999
2015-05-22,2015,0.01,95.7856
2015-05-22,2015,0.015,60.23999999999978
2015-05-25,2015,0.0,6.3700000000008
2015-05-25,2015,0.005,6.3700000000008
2015-05-25,2015,0.0075,6.3700000000008
2015-05-25,2015,0.01,6.3700000000008
2015-05-25,2015,0.015,6.3700000000008
2015-05-26,2015,0.0,24.23999999999978
2015-05-26,2015,0.005,48.22585
2015-05-26,2015,0.0075,72.338775
2015-05-26,2015,0.01,24.23999999999978
2015-05-26,2015,0.015,24.23999999999978
2015-05-28,2015,0.0,4.170000000000073
2015-05-28,2015,0.005,4.170000000000073
2015-05-28,2015,0.0075,4.170000000000073
2015-05-28,2015,0.01,4.170000000000073
2015-05-28,2015,0.015,4.170000000000073
2015-05-29,2015,0.0,-11.770000000000437
2015-05-29,2015,0.005,-11.770000000000437
2015-05-29,2015,0.0075,-11.770000000000437
2015-05-29,2015,0.01,-11.770000000000437
2015-05-29,2015,0.015,-11.770000000000437
2015-06-01,2015,0.0,-75.3799999999992
2015-06-01,2015,0.005,-75.3799999999992
2015-06-01,2015,0.0075,-75.3799999999992
2015-06-01,2015,0.01,-75.3799999999992
2015-06-01,2015,0.015,-75.3799999999992
2015-06-02,2015,0.0,-11.430000000000291
2015-06-02,2015,0.005,-11.430000000000291
2015-06-02,2015,0.0075,-11.430000000000291
2015-06-02,2015,0.01,-11.430000000000291
2015-06-02,2015,0.015,-11.430000000000291
2015-06-03,2015,0.0,57.73999999999978
2015-06-03,2015,0.005,48.0713
2015-06-03,2015,0.0075,57.73999999999978
2015-06-03,2015,0.01,57.73999999999978
2015-06-03,2015,0.015,57.73999999999978
2015-06-08,2015,0.0,28.30000000000109
2015-06-08,2015,0.005,46.700649999999996
2015-06-08,2015,0.0075,70.050975
2015-06-08,2015,0.01,28.30000000000109
2015-06-08,2015,0.015,28.30000000000109
2015-06-09,2015,0.0,176.5599999999995
2015-06-09,2015,0.005,46.842150000000004
2015-06-09,2015,0.0075,70.263225
2015-06-09,2015,0.01,93.68430000000001
2015-06-09,2015,0.015,140.52645
2015-06-11,2015,0.0,3.9899999999997817
2015-06-11,2015,0.005,46.4925
2015-06-11,2015,0.0075,3.9899999999997817
2015-06-11,2015,0.01,3.9899999999997817
2015-06-11,2015,0.015,3.9899999999997817
2015-06-17,2015,0.0,-22.950000000000728
2015-06-17,2015,0.005,-22.950000000000728
2015-06-17,2015,0.0075,-22.950000000000728
2015-06-17,2015,0.01,-22.950000000000728
2015-06-17,2015,0.015,-22.950000000000728
2015-06-18,2015,0.0,28.540000000000873
2015-06-18,2015,0.005,45.94915
2015-06-18,2015,0.0075,28.540000000000873
2015-06-18,2015,0.01,28.540000000000873
2015-06-18,2015,0.015,28.540000000000873
2015-06-23,2015,0.0,49.36999999999898
2015-06-23,2015,0.005,46.708850000000005
2015-06-23,2015,0.0075,70.063275
2015-06-23,2015,0.01,93.41770000000001
2015-06-23,2015,0.015,49.36999999999898
2015-06-25,2015,0.0,-79.03000000000065
2015-06-25,2015,0.005,-79.03000000000065
2015-06-25,2015,0.0075,-79.03000000000065
2015-06-25,2015,0.01,-79.03000000000065
2015-06-25,2015,0.015,-79.03000000000065
2015-07-01,2015,0.0,52.20999999999913
2015-07-01,2015,0.005,46.615100000000005
2015-07-01,2015,0.0075,69.92265
2015-07-01,2015,0.01,52.20999999999913
2015-07-01,2015,0.015,52.20999999999913
2015-07-02,2015,0.0,4.010000000000218
2015-07-02,2015,0.005,4.010000000000218
2015-07-02,2015,0.0075,4.010000000000218
2015-07-02,2015,0.01,4.010000000000218
2015-07-02,2015,0.015,4.010000000000218
2015-07-03,2015,0.0,-21.01000000000022
2015-07-03,2015,0.005,-21.01000000000022
2015-07-03,2015,0.0075,-21.01000000000022
2015-07-03,2015,0.01,-21.01000000000022
2015-07-03,2015,0.015,-21.01000000000022
2015-07-06,2015,0.0,-102.27000000000044
2015-07-06,2015,0.005,-102.27000000000044
2015-07-06,2015,0.0075,-102.27000000000044
2015-07-06,2015,0.01,-102.27000000000044
2015-07-06,2015,0.015,-102.27000000000044
2015-07-07,2015,0.0,5.799999999999272
2015-07-07,2015,0.005,5.799999999999272
2015-07-07,2015,0.0075,5.799999999999272
2015-07-07,2015,0.01,5.799999999999272
2015-07-07,2015,0.015,5.799999999999272
2015-07-13,2015,0.0,119.79000000000087
2015-07-13,2015,0.005,44.57064999999999
2015-07-13,2015,0.0075,66.85597499999999
2015-07-13,2015,0.01,89.14129999999999
2015-07-13,2015,0.015,119.79000000000087
2015-07-14,2015,0.0,7.8400000000001455
2015-07-14,2015,0.005,45.1696
2015-07-14,2015,0.0075,67.7544
2015-07-14,2015,0.01,90.3392
2015-07-14,2015,0.015,7.8400000000001455
2015-07-15,2015,0.0,12.44000000000051
2015-07-15,2015,0.005,45.208800000000004
2015-07-15,2015,0.0075,12.44000000000051
2015-07-15,2015,0.01,12.44000000000051
2015-07-15,2015,0.015,12.44000000000051
2015-07-17,2015,0.0,3.7700000000004366
2015-07-17,2015,0.005,3.7700000000004366
2015-07-17,2015,0.0075,3.7700000000004366
2015-07-17,2015,0.01,3.7700000000004366
2015-07-17,2015,0.015,3.7700000000004366
2015-07-22,2015,0.0,-87.2599999999984
2015-07-22,2015,0.005,-87.2599999999984
2015-07-22,2015,0.0075,-87.2599999999984
2015-07-22,2015,0.01,-87.2599999999984
2015-07-22,2015,0.015,-87.2599999999984
2015-07-24,2015,0.0,-23.26000000000022
2015-07-24,2015,0.005,-23.26000000000022
2015-07-24,2015,0.0075,-23.26000000000022
2015-07-24,2015,0.01,-23.26000000000022
2015-07-24,2015,0.015,-23.26000000000022
2015-07-27,2015,0.0,211.1800000000003
2015-07-27,2015,0.005,43.8393
2015-07-27,2015,0.0075,65.75895
2015-07-27,2015,0.01,87.6786
2015-07-27,2015,0.015,131.5179
2015-07-29,2015,0.0,-38.92000000000007
2015-07-29,2015,0.005,-38.92000000000007
2015-07-29,2015,0.0075,-38.92000000000007
2015-07-29,2015,0.01,-38.92000000000007
2015-07-29,2015,0.015,-38.92000000000007
2015-07-30,2015,0.0,88.01000000000022
2015-07-30,2015,0.005,42.8174
2015-07-30,2015,0.0075,64.22609999999999
2015-07-30,2015,0.01,85.6348
2015-07-30,2015,0.015,128.45219999999998
2015-07-31,2015,0.0,13.850000000000364
2015-07-31,2015,0.005,13.850000000000364
2015-07-31,2015,0.0075,13.850000000000364
2015-07-31,2015,0.01,13.850000000000364
2015-07-31,2015,0.015,13.850000000000364
2015-08-03,2015,0.0,140.9300000000003
2015-08-03,2015,0.005,43.3267
2015-08-03,2015,0.0075,64.99005
2015-08-03,2015,0.01,86.6534
2015-08-03,2015,0.015,129.9801
2015-08-05,2015,0.0,-31.409999999999854
2015-08-05,2015,0.005,-31.409999999999854
2015-08-05,2015,0.0075,-31.409999999999854
2015-08-05,2015,0.01,-31.409999999999854
2015-08-05,2015,0.015,-31.409999999999854
2015-08-06,2015,0.0,-92.71000000000095
2015-08-06,2015,0.005,42.71135
2015-08-06,2015,0.0075,-92.71000000000095
2015-08-06,2015,0.01,-92.71000000000095
2015-08-06,2015,0.015,-92.71000000000095
2015-08-07,2015,0.0,7.269999999998618
2015-08-07,2015,0.005,42.2478
2015-08-07,2015,0.0075,63.3717
2015-08-07,2015,0.01,7.269999999998618
2015-08-07,2015,0.015,7.269999999998618
2015-08-10,2015,0.0,24.549999999999272
2015-08-10,2015,0.005,24.549999999999272
2015-08-10,2015,0.0075,24.549999999999272
2015-08-10,2015,0.01,24.549999999999272
2015-08-10,2015,0.015,24.549999999999272
2015-08-11,2015,0.0,161.6800000000003
2015-08-11,2015,0.005,42.7791
2015-08-11,2015,0.0075,64.16865
2015-08-11,2015,0.01,85.5582
2015-08-11,2015,0.015,128.3373
2015-08-13,2015,0.0,28.360000000000582
2015-08-13,2015,0.005,41.4169
2015-08-13,2015,0.0075,62.12534999999999
2015-08-13,2015,0.01,28.360000000000582
2015-08-13,2015,0.015,28.360000000000582
2015-08-14,2015,0.0,6.100000000000364
2015-08-14,2015,0.005,6.100000000000364
2015-08-14,2015,0.0075,6.100000000000364
2015-08-14,2015,0.01,6.100000000000364
2015-08-14,2015,0.015,6.100000000000364
2015-08-18,2015,0.0,-36.19999999999982
2015-08-18,2015,0.005,41.0671
2015-08-18,2015,0.0075,61.60065
2015-08-18,2015,0.01,-36.19999999999982
2015-08-18,2015,0.015,-36.19999999999982
2015-08-26,2015,0.0,-39.94999999999982
2015-08-26,2015,0.005,38.3782
2015-08-26,2015,0.0075,57.5673
2015-08-26,2015,0.01,76.7564
2015-08-26,2015,0.015,115.1346
2015-08-27,2015,0.0,-17.210000000000036
2015-08-27,2015,0.005,-17.210000000000036
2015-08-27,2015,0.0075,-17.210000000000036
2015-08-27,2015,0.01,-17.210000000000036
2015-08-27,2015,0.015,-17.210000000000036
2015-08-28,2015,0.0,-46.26000000000022
2015-08-28,2015,0.005,-46.26000000000022
2015-08-28,2015,0.0075,-46.26000000000022
2015-08-28,2015,0.01,-46.26000000000022
2015-08-28,2015,0.015,-46.26000000000022
2015-08-31,2015,0.0,155.73999999999978
2015-08-31,2015,0.005,40.0959
2015-08-31,2015,0.0075,60.14385
2015-08-31,2015,0.01,80.1918
2015-08-31,2015,0.015,120.2877
2015-09-03,2015,0.0,-28.960000000000036
2015-09-03,2015,0.005,-28.960000000000036
2015-09-03,2015,0.0075,-28.960000000000036
2015-09-03,2015,0.01,-28.960000000000036
2015-09-03,2015,0.015,-28.960000000000036
2015-09-04,2015,0.0,-95.34999999999945
2015-09-04,2015,0.005,-95.34999999999945
2015-09-04,2015,0.0075,-95.34999999999945
2015-09-04,2015,0.01,-95.34999999999945
2015-09-04,2015,0.015,-95.34999999999945
2015-09-07,2015,0.0,14.039999999999964
2015-09-07,2015,0.005,40.003
2015-09-07,2015,0.0075,14.039999999999964
2015-09-07,2015,0.01,14.039999999999964
2015-09-07,2015,0.015,14.039999999999964
2015-09-08,2015,0.0,-14.9399999999996
2015-09-08,2015,0.005,-14.9399999999996
2015-09-08,2015,0.0075,-14.9399999999996
2015-09-08,2015,0.01,-14.9399999999996
2015-09-08,2015,0.015,-14.9399999999996
2015-09-09,2015,0.0,-69.65999999999985
2015-09-09,2015,0.005,-69.65999999999985
2015-09-09,2015,0.0075,-69.65999999999985
2015-09-09,2015,0.01,-69.65999999999985
2015-09-09,2015,0.015,-69.65999999999985
2015-09-10,2015,0.0,18.23999999999978
2015-09-10,2015,0.005,41.4346
2015-09-10,2015,0.0075,62.1519
2015-09-10,2015,0.01,18.23999999999978
2015-09-10,2015,0.015,18.23999999999978
2015-09-11,2015,0.0,37.13999999999942
2015-09-11,2015,0.005,41.3434
2015-09-11,2015,0.0075,37.13999999999942
2015-09-11,2015,0.01,37.13999999999942
2015-09-11,2015,0.015,37.13999999999942
2015-09-14,2015,0.0,1.4700000000011642
2015-09-14,2015,0.005,41.5291
2015-09-14,2015,0.0075,1.4700000000011642
2015-09-14,2015,0.01,1.4700000000011642
2015-09-14,2015,0.015,1.4700000000011642
2015-09-15,2015,0.0,-47.30000000000109
2015-09-15,2015,0.005,-47.30000000000109
2015-09-15,2015,0.0075,-47.30000000000109
2015-09-15,2015,0.01,-47.30000000000109
2015-09-15,2015,0.015,-47.30000000000109
2015-09-16,2015,0.0,73.30000000000109
2015-09-16,2015,0.005,41.29995
2015-09-16,2015,0.0075,61.94992499999999
2015-09-16,2015,0.01,73.30000000000109
2015-09-16,2015,0.015,73.30000000000109
2015-09-17,2015,0.0,112.20999999999913
2015-09-17,2015,0.005,41.666450000000005
2015-09-17,2015,0.0075,62.499675
2015-09-17,2015,0.01,83.33290000000001
2015-09-17,2015,0.015,124.99935
2015-09-21,2015,0.0,155.09999999999854
2015-09-21,2015,0.005,42.3107
2015-09-21,2015,0.0075,63.466049999999996
2015-09-21,2015,0.01,84.6214
2015-09-21,2015,0.015,126.93209999999999
2015-09-30,2015,0.0,48.88999999999942
2015-09-30,2015,0.005,40.661750000000005
2015-09-30,2015,0.0075,48.88999999999942
2015-09-30,2015,0.01,48.88999999999942
2015-09-30,2015,0.015,48.88999999999942
2015-10-01,2015,0.0,-89.07999999999993
2015-10-01,2015,0.005,-89.07999999999993
2015-10-01,2015,0.0075,-89.07999999999993
2015-10-01,2015,0.01,-89.07999999999993
2015-10-01,2015,0.015,-89.07999999999993
2015-10-02,2015,0.0,-9.090000000000146
2015-10-02,2015,0.005,41.4797
2015-10-02,2015,0.0075,-9.090000000000146
2015-10-02,2015,0.01,-9.090000000000146
2015-10-02,2015,0.015,-9.090000000000146
2015-10-05,2015,0.0,-27.23999999999978
2015-10-05,2015,0.005,-27.23999999999978
2015-10-05,2015,0.0075,-27.23999999999978
2015-10-05,2015,0.01,-27.23999999999978
2015-10-05,2015,0.015,-27.23999999999978
2015-10-06,2015,0.0,41.73999999999978
2015-10-06,2015,0.005,41.7618
2015-10-06,2015,0.0075,62.642700000000005
2015-10-06,2015,0.01,83.5236
2015-10-06,2015,0.015,125.28540000000001
2015-10-07,2015,0.0,101.1299999999992
2015-10-07,2015,0.005,41.9705
2015-10-07,2015,0.0075,62.95575
2015-10-07,2015,0.01,83.941
2015-10-07,2015,0.015,101.1299999999992
2015-10-08,2015,0.0,-49.27000000000044
2015-10-08,2015,0.005,42.47615
2015-10-08,2015,0.0075,-49.27000000000044
2015-10-08,2015,0.01,-49.27000000000044
2015-10-08,2015,0.015,-49.27000000000044
2015-10-13,2015,0.0,-5.799999999999272
2015-10-13,2015,0.005,-5.799999999999272
2015-10-13,2015,0.0075,-5.799999999999272
2015-10-13,2015,0.01,-5.799999999999272
2015-10-13,2015,0.015,-5.799999999999272
2015-10-14,2015,0.0,45.409999999999854
2015-10-14,2015,0.005,42.839600000000004
2015-10-14,2015,0.0075,45.409999999999854
2015-10-14,2015,0.01,45.409999999999854
2015-10-14,2015,0.015,45.409999999999854
2015-10-15,2015,0.0,37.04999999999927
2015-10-15,2015,0.005,37.04999999999927
2015-10-15,2015,0.0075,37.04999999999927
2015-10-15,2015,0.01,37.04999999999927
2015-10-15,2015,0.015,37.04999999999927
2015-10-16,2015,0.0,3.430000000000291
2015-10-16,2015,0.005,3.430000000000291
2015-10-16,2015,0.0075,3.430000000000291
2015-10-16,2015,0.01,3.430000000000291
2015-10-16,2015,0.015,3.430000000000291
2015-10-19,2015,0.0,26.549999999999272
2015-10-19,2015,0.005,43.024750000000004
2015-10-19,2015,0.0075,64.537125
2015-10-19,2015,0.01,26.549999999999272
2015-10-19,2015,0.015,26.549999999999272
2015-10-20,2015,0.0,22.100000000000364
2015-10-20,2015,0.005,22.100000000000364
2015-10-20,2015,0.0075,22.100000000000364
2015-10-20,2015,0.01,22.100000000000364
2015-10-20,2015,0.015,22.100000000000364
2015-10-22,2015,0.0,-0.7700000000004366
2015-10-22,2015,0.005,-0.7700000000004366
2015-10-22,2015,0.0075,-0.7700000000004366
2015-10-22,2015,0.01,-0.7700000000004366
2015-10-22,2015,0.015,-0.7700000000004366
2015-10-23,2015,0.0,12.3700000000008
2015-10-23,2015,0.005,12.3700000000008
2015-10-23,2015,0.0075,12.3700000000008
2015-10-23,2015,0.01,12.3700000000008
2015-10-23,2015,0.015,12.3700000000008
2015-10-26,2015,0.0,71.55000000000109
2015-10-26,2015,0.005,43.36905
2015-10-26,2015,0.0075,65.053575
2015-10-26,2015,0.01,71.55000000000109
2015-10-26,2015,0.015,71.55000000000109
2015-10-27,2015,0.0,44.04000000000087
2015-10-27,2015,0.005,43.726800000000004
2015-10-27,2015,0.0075,65.5902
2015-10-27,2015,0.01,44.04000000000087
2015-10-27,2015,0.015,44.04000000000087
2015-10-29,2015,0.0,-94.90999999999985
2015-10-29,2015,0.005,-94.90999999999985
2015-10-29,2015,0.0075,-94.90999999999985
2015-10-29,2015,0.01,-94.90999999999985
2015-10-29,2015,0.015,-94.90999999999985
2015-11-02,2015,0.0,60.460000000000946
2015-11-02,2015,0.005,42.77155
2015-11-02,2015,0.0075,60.460000000000946
2015-11-02,2015,0.01,60.460000000000946
2015-11-02,2015,0.015,60.460000000000946
2015-11-03,2015,0.0,98.42000000000007
2015-11-03,2015,0.005,43.07385
2015-11-03,2015,0.0075,64.610775
2015-11-03,2015,0.01,86.1477
2015-11-03,2015,0.015,98.42000000000007
2015-11-04,2015,0.0,143.82999999999993
2015-11-04,2015,0.005,43.56595
2015-11-04,2015,0.0075,65.34892500000001
2015-11-04,2015,0.01,87.1319
2015-11-04,2015,0.015,130.69785000000002
2015-11-05,2015,0.0,-6.8400000000001455
2015-11-05,2015,0.005,-6.8400000000001455
2015-11-05,2015,0.0075,-6.8400000000001455
2015-11-05,2015,0.01,-6.8400000000001455
2015-11-05,2015,0.015,-6.8400000000001455
2015-11-09,2015,0.0,35.280000000000655
2015-11-09,2015,0.005,43.3888
2015-11-09,2015,0.0075,35.280000000000655
2015-11-09,2015,0.01,35.280000000000655
2015-11-09,2015,0.015,35.280000000000655
2015-11-11,2015,0.0,121.88999999999942
2015-11-11,2015,0.005,42.6845
2015-11-11,2015,0.0075,64.02674999999999
2015-11-11,2015,0.01,85.369
2015-11-11,2015,0.015,121.88999999999942
2015-11-12,2015,0.0,13.079999999999927
2015-11-12,2015,0.005,42.075050000000005
2015-11-12,2015,0.0075,13.079999999999927
2015-11-12,2015,0.01,13.079999999999927
2015-11-12,2015,0.015,13.079999999999927
2015-11-13,2015,0.0,98.59000000000015
2015-11-13,2015,0.005,42.14045
2015-11-13,2015,0.0075,63.210675
2015-11-13,2015,0.01,84.2809
2015-11-13,2015,0.015,98.59000000000015
2015-11-17,2015,0.0,124.02000000000044
2015-11-17,2015,0.005,41.477
2015-11-17,2015,0.0075,62.21549999999999
2015-11-17,2015,0.01,82.954
2015-11-17,2015,0.015,124.43099999999998
2015-11-18,2015,0.0,-78.95000000000073
2015-11-18,2015,0.005,-78.95000000000073
2015-11-18,2015,0.0075,-78.95000000000073
2015-11-18,2015,0.01,-78.95000000000073
2015-11-18,2015,0.015,-78.95000000000073
2015-11-19,2015,0.0,136.73000000000138
2015-11-19,2015,0.005,41.702349999999996
2015-11-19,2015,0.0075,62.55352499999999
2015-11-19,2015,0.01,83.40469999999999
2015-11-19,2015,0.015,125.10704999999999
2015-11-20,2015,0.0,-11.75
2015-11-20,2015,0.005,-11.75
2015-11-20,2015,0.0075,-11.75
2015-11-20,2015,0.01,-11.75
2015-11-20,2015,0.015,-11.75
2015-11-23,2015,0.0,20.279999999998836
2015-11-23,2015,0.005,20.279999999998836
2015-11-23,2015,0.0075,20.279999999998836
2015-11-23,2015,0.01,20.279999999998836
2015-11-23,2015,0.015,20.279999999998836
2015-11-24,2015,0.0,85.59000000000015
2015-11-24,2015,0.005,42.42865
2015-11-24,2015,0.0075,63.64297499999999
2015-11-24,2015,0.01,84.8573
2015-11-24,2015,0.015,85.59000000000015
2015-11-25,2015,0.0,-14.010000000000218
2015-11-25,2015,0.005,-14.010000000000218
2015-11-25,2015,0.0075,-14.010000000000218
2015-11-25,2015,0.01,-14.010000000000218
2015-11-25,2015,0.015,-14.010000000000218
2015-11-26,2015,0.0,98.77000000000044
2015-11-26,2015,0.005,41.93065
2015-11-26,2015,0.0075,62.89597499999999
2015-11-26,2015,0.01,83.8613
2015-11-26,2015,0.015,98.77000000000044
2015-11-27,2015,0.0,-86.5
2015-11-27,2015,0.005,-86.5
2015-11-27,2015,0.0075,-86.5
2015-11-27,2015,0.01,-86.5
2015-11-27,2015,0.015,-86.5
2015-11-30,2015,0.0,-77.78999999999905
2015-11-30,2015,0.005,-77.78999999999905
2015-11-30,2015,0.0075,-77.78999999999905
2015-11-30,2015,0.01,-77.78999999999905
2015-11-30,2015,0.015,-77.78999999999905
2015-12-01,2015,0.0,142.6899999999987
2015-12-01,2015,0.005,41.60305
2015-12-01,2015,0.0075,62.404575
2015-12-01,2015,0.01,83.2061
2015-12-01,2015,0.015,124.80915
2015-12-02,2015,0.0,-5.899999999999636
2015-12-02,2015,0.005,-5.899999999999636
2015-12-02,2015,0.0075,-5.899999999999636
2015-12-02,2015,0.01,-5.899999999999636
2015-12-02,2015,0.015,-5.899999999999636
2015-12-07,2015,0.0,55.67000000000007
2015-12-07,2015,0.005,41.993
2015-12-07,2015,0.0075,62.9895
2015-12-07,2015,0.01,83.986
2015-12-07,2015,0.015,125.979
2015-12-10,2015,0.0,13.450000000000728
2015-12-10,2015,0.005,41.14810000000001
2015-12-10,2015,0.0075,61.722150000000006
2015-12-10,2015,0.01,82.29620000000001
2015-12-10,2015,0.015,13.450000000000728
2015-12-11,2015,0.0,-100.27999999999975
2015-12-11,2015,0.005,-100.27999999999975
2015-12-11,2015,0.0075,-100.27999999999975
2015-12-11,2015,0.01,-100.27999999999975
2015-12-11,2015,0.015,-100.27999999999975
2015-12-14,2015,0.0,75.73000000000047
2015-12-14,2015,0.005,40.57945
2015-12-14,2015,0.0075,60.869175
2015-12-14,2015,0.01,81.1589
2015-12-14,2015,0.015,121.73835
2015-12-16,2015,0.0,111.30999999999949
2015-12-16,2015,0.005,40.36675
2015-12-16,2015,0.0075,60.550125
2015-12-16,2015,0.01,80.7335
2015-12-16,2015,0.015,121.10025
2015-12-17,2015,0.0,135.01000000000022
2015-12-17,2015,0.005,40.9233
2015-12-17,2015,0.0075,61.384949999999996
2015-12-17,2015,0.01,81.8466
2015-12-17,2015,0.015,122.76989999999999
2015-12-18,2015,0.0,62.350000000000364
2015-12-18,2015,0.005,41.59835
2015-12-18,2015,0.0075,62.397525
2015-12-18,2015,0.01,62.350000000000364
2015-12-18,2015,0.015,62.350000000000364
2015-12-21,2015,0.0,-24.850000000000364
2015-12-21,2015,0.005,41.2866
2015-12-21,2015,0.0075,61.929899999999996
2015-12-21,2015,0.01,-24.850000000000364
2015-12-21,2015,0.015,-24.850000000000364
2015-12-22,2015,0.0,10.569999999999709
2015-12-22,2015,0.005,10.569999999999709
2015-12-22,2015,0.0075,10.569999999999709
2015-12-22,2015,0.01,10.569999999999709
2015-12-22,2015,0.015,10.569999999999709
2015-12-23,2015,0.0,22.960000000000946
2015-12-23,2015,0.005,41.4637
2015-12-23,2015,0.0075,62.19555
2015-12-23,2015,0.01,22.960000000000946
2015-12-23,2015,0.015,22.960000000000946
2015-12-24,2015,0.0,8.659999999999854
2015-12-24,2015,0.005,41.578500000000005
2015-12-24,2015,0.0075,62.36775
2015-12-24,2015,0.01,8.659999999999854
2015-12-24,2015,0.015,8.659999999999854
2015-12-25,2015,0.0,38.92000000000007
2015-12-25,2015,0.005,38.92000000000007
2015-12-25,2015,0.0075,38.92000000000007
2015-12-25,2015,0.01,38.92000000000007
2015-12-25,2015,0.015,38.92000000000007
2015-12-28,2015,0.0,-4.790000000000873
2015-12-28,2015,0.005,-4.790000000000873
2015-12-28,2015,0.0075,-4.790000000000873
2015-12-28,2015,0.01,-4.790000000000873
2015-12-28,2015,0.015,-4.790000000000873
2015-12-30,2015,0.0,-13.920000000000073
2015-12-30,2015,0.005,41.46955
2015-12-30,2015,0.0075,-13.920000000000073
2015-12-30,2015,0.01,-13.920000000000073
2015-12-30,2015,0.015,-13.920000000000073
2016-01-04,2016,0.0,223.79999999999927
2016-01-04,2016,0.005,41.6903
2016-01-04,2016,0.0075,62.53545
2016-01-04,2016,0.01,83.3806
2016-01-04,2016,0.015,125.0709
2016-01-05,2016,0.0,39.150000000000546
2016-01-05,2016,0.005,40.5713
2016-01-05,2016,0.0075,39.150000000000546
2016-01-05,2016,0.01,39.150000000000546
2016-01-05,2016,0.015,39.150000000000546
2016-01-06,2016,0.0,84.71999999999935
2016-01-06,2016,0.005,40.37555
2016-01-06,2016,0.0075,60.56332499999999
2016-01-06,2016,0.01,80.7511
2016-01-06,2016,0.015,121.12664999999998
2016-01-11,2016,0.0,105.55000000000018
2016-01-11,2016,0.005,39.46985
2016-01-11,2016,0.0075,59.204775
2016-01-11,2016,0.01,78.9397
2016-01-11,2016,0.015,118.40955
2016-01-12,2016,0.0,-19.970000000000255
2016-01-12,2016,0.005,38.9421
2016-01-12,2016,0.0075,58.41315
2016-01-12,2016,0.01,-19.970000000000255
2016-01-12,2016,0.015,-19.970000000000255
2016-01-13,2016,0.0,56.159999999999854
2016-01-13,2016,0.005,38.84225
2016-01-13,2016,0.0075,58.263374999999996
2016-01-13,2016,0.01,77.6845
2016-01-13,2016,0.015,56.159999999999854
2016-01-15,2016,0.0,31.039999999999964
2016-01-15,2016,0.005,38.965250000000005
2016-01-15,2016,0.0075,58.447874999999996
2016-01-15,2016,0.01,77.93050000000001
2016-01-15,2016,0.015,31.039999999999964
2016-01-20,2016,0.0,-155.76000000000022
2016-01-20,2016,0.005,-155.76000000000022
2016-01-20,2016,0.0075,-155.76000000000022
2016-01-20,2016,0.01,-155.76000000000022
2016-01-20,2016,0.015,-155.76000000000022
2016-01-21,2016,0.0,-35.10999999999967
2016-01-21,2016,0.005,38.4956
2016-01-21,2016,0.0075,-35.10999999999967
2016-01-21,2016,0.01,-35.10999999999967
2016-01-21,2016,0.015,-35.10999999999967
2016-01-22,2016,0.0,92.17000000000007
2016-01-22,2016,0.005,38.32005
2016-01-22,2016,0.0075,57.480075
2016-01-22,2016,0.01,76.6401
2016-01-22,2016,0.015,92.17000000000007
2016-01-25,2016,0.0,137.96999999999935
2016-01-25,2016,0.005,38.7809
2016-01-25,2016,0.0075,58.17135
2016-01-25,2016,0.01,77.5618
2016-01-25,2016,0.015,116.3427
2016-01-26,2016,0.0,65.47999999999956
2016-01-26,2016,0.005,39.47075
2016-01-26,2016,0.0075,59.20612499999999
2016-01-26,2016,0.01,78.9415
2016-01-26,2016,0.015,65.47999999999956
2016-01-27,2016,0.0,21.159999999999854
2016-01-27,2016,0.005,39.14335
2016-01-27,2016,0.0075,58.715025
2016-01-27,2016,0.01,21.159999999999854
2016-01-27,2016,0.015,21.159999999999854
2016-01-28,2016,0.0,-55.27000000000044
2016-01-28,2016,0.005,-55.27000000000044
2016-01-28,2016,0.0075,-55.27000000000044
2016-01-28,2016,0.01,-55.27000000000044
2016-01-28,2016,0.015,-55.27000000000044
2016-01-30,2016,0.0,-23.98999999999978
2016-01-30,2016,0.005,-23.98999999999978
2016-01-30,2016,0.0075,-23.98999999999978
2016-01-30,2016,0.01,-23.98999999999978
2016-01-30,2016,0.015,-23.98999999999978
2016-02-01,2016,0.0,-11.470000000000255
2016-02-01,2016,0.005,-11.470000000000255
2016-02-01,2016,0.0075,-11.470000000000255
2016-02-01,2016,0.01,-11.470000000000255
2016-02-01,2016,0.015,-11.470000000000255
2016-02-02,2016,0.0,-25.720000000000255
2016-02-02,2016,0.005,-25.720000000000255
2016-02-02,2016,0.0075,-25.720000000000255
2016-02-02,2016,0.01,-25.720000000000255
2016-02-02,2016,0.015,-25.720000000000255
2016-02-15,2016,0.0,6.649999999999636
2016-02-15,2016,0.005,6.649999999999636
2016-02-15,2016,0.0075,6.649999999999636
2016-02-15,2016,0.01,6.649999999999636
2016-02-15,2016,0.015,6.649999999999636
2016-02-16,2016,0.0,-59.210000000000036
2016-02-16,2016,0.005,-59.210000000000036
2016-02-16,2016,0.0075,-59.210000000000036
2016-02-16,2016,0.01,-59.210000000000036
2016-02-16,2016,0.015,-59.210000000000036
2016-02-17,2016,0.0,6.649999999999636
2016-02-17,2016,0.005,6.649999999999636
2016-02-17,2016,0.0075,6.649999999999636
2016-02-17,2016,0.01,6.649999999999636
2016-02-17,2016,0.015,6.649999999999636
2016-02-18,2016,0.0,-1.5799999999999272
2016-02-18,2016,0.005,-1.5799999999999272
2016-02-18,2016,0.0075,-1.5799999999999272
2016-02-18,2016,0.01,-1.5799999999999272
2016-02-18,2016,0.015,-1.5799999999999272
2016-02-22,2016,0.0,1.639999999999418
2016-02-22,2016,0.005,41.62520000000001
2016-02-22,2016,0.0075,62.4378
2016-02-22,2016,0.01,1.639999999999418
2016-02-22,2016,0.015,1.639999999999418
2016-02-23,2016,0.0,7.959999999999127
2016-02-23,2016,0.005,7.959999999999127
2016-02-23,2016,0.0075,7.959999999999127
2016-02-23,2016,0.01,7.959999999999127
2016-02-23,2016,0.015,7.959999999999127
2016-02-24,2016,0.0,51.779999999998836
2016-02-24,2016,0.005,41.6732
2016-02-24,2016,0.0075,62.50979999999999
2016-02-24,2016,0.01,51.779999999998836
2016-02-24,2016,0.015,51.779999999998836
2016-02-25,2016,0.0,83.0
2016-02-25,2016,0.005,41.414300000000004
2016-02-25,2016,0.0075,62.12145
2016-02-25,2016,0.01,82.82860000000001
2016-02-25,2016,0.015,83.0
2016-02-26,2016,0.0,45.29999999999927
2016-02-26,2016,0.005,41.8293
2016-02-26,2016,0.0075,62.743950000000005
2016-02-26,2016,0.01,45.29999999999927
2016-02-26,2016,0.015,45.29999999999927
2016-03-02,2016,0.0,8.390000000001237
2016-03-02,2016,0.005,8.390000000001237
2016-03-02,2016,0.0075,8.390000000001237
2016-03-02,2016,0.01,8.390000000001237
2016-03-02,2016,0.015,8.390000000001237
2016-03-03,2016,0.0,67.7400000000016
2016-03-03,2016,0.005,42.72025
2016-03-03,2016,0.0075,64.08037499999999
2016-03-03,2016,0.01,85.4405
2016-03-03,2016,0.015,67.7400000000016
2016-03-04,2016,0.0,31.7599999999984
2016-03-04,2016,0.005,31.7599999999984
2016-03-04,2016,0.0075,31.7599999999984
2016-03-04,2016,0.01,31.7599999999984
2016-03-04,2016,0.015,31.7599999999984
2016-03-07,2016,0.0,16.0
2016-03-07,2016,0.005,43.217749999999995
2016-03-07,2016,0.0075,64.82662499999999
2016-03-07,2016,0.01,16.0
2016-03-07,2016,0.015,16.0
2016-03-08,2016,0.0,4.760000000000218
2016-03-08,2016,0.005,4.760000000000218
2016-03-08,2016,0.0075,4.760000000000218
2016-03-08,2016,0.01,4.760000000000218
2016-03-08,2016,0.015,4.760000000000218
2016-03-10,2016,0.0,26.590000000000146
2016-03-10,2016,0.005,43.170550000000006
2016-03-10,2016,0.0075,26.590000000000146
2016-03-10,2016,0.01,26.590000000000146
2016-03-10,2016,0.015,26.590000000000146
2016-03-11,2016,0.0,45.43999999999869
2016-03-11,2016,0.005,43.30350000000001
2016-03-11,2016,0.0075,45.43999999999869
2016-03-11,2016,0.01,45.43999999999869
2016-03-11,2016,0.015,45.43999999999869
2016-03-14,2016,0.0,41.76000000000022
2016-03-14,2016,0.005,43.530699999999996
2016-03-14,2016,0.0075,65.29605
2016-03-14,2016,0.01,41.76000000000022
2016-03-14,2016,0.015,41.76000000000022
2016-03-17,2016,0.0,35.400000000001455
2016-03-17,2016,0.005,43.4957
2016-03-17,2016,0.0075,65.24355
2016-03-17,2016,0.01,86.9914
2016-03-17,2016,0.015,35.400000000001455
2016-03-18,2016,0.0,76.16999999999825
2016-03-18,2016,0.005,43.672700000000006
2016-03-18,2016,0.0075,65.50905
2016-03-18,2016,0.01,76.16999999999825
2016-03-18,2016,0.015,76.16999999999825
2016-03-21,2016,0.0,1.9900000000016007
2016-03-21,2016,0.005,1.9900000000016007
2016-03-21,2016,0.0075,1.9900000000016007
2016-03-21,2016,0.01,1.9900000000016007
2016-03-21,2016,0.015,1.9900000000016007
2016-03-22,2016,0.0,-27.020000000000437
2016-03-22,2016,0.005,-27.020000000000437
2016-03-22,2016,0.0075,-27.020000000000437
2016-03-22,2016,0.01,-27.020000000000437
2016-03-22,2016,0.015,-27.020000000000437
2016-03-24,2016,0.0,22.710000000000946
2016-03-24,2016,0.005,43.83045
2016-03-24,2016,0.0075,65.745675
2016-03-24,2016,0.01,87.6609
2016-03-24,2016,0.015,22.710000000000946
2016-03-30,2016,0.0,119.69000000000051
2016-03-30,2016,0.005,43.08675
2016-03-30,2016,0.0075,64.630125
2016-03-30,2016,0.01,86.1735
2016-03-30,2016,0.015,119.69000000000051
2016-03-31,2016,0.0,7.789999999999054
2016-03-31,2016,0.005,43.6852
2016-03-31,2016,0.0075,65.5278
2016-03-31,2016,0.01,7.789999999999054
2016-03-31,2016,0.015,7.789999999999054
2016-04-07,2016,0.0,-23.049999999999272
2016-04-07,2016,0.005,-23.049999999999272
2016-04-07,2016,0.0075,-23.049999999999272
2016-04-07,2016,0.01,-23.049999999999272
2016-04-07,2016,0.015,-23.049999999999272
2016-04-08,2016,0.0,-51.25
2016-04-08,2016,0.005,-51.25
2016-04-08,2016,0.0075,-51.25
2016-04-08,2016,0.01,-51.25
2016-04-08,2016,0.015,-51.25
2016-04-11,2016,0.0,21.090000000000146
2016-04-11,2016,0.005,21.090000000000146
2016-04-11,2016,0.0075,21.090000000000146
2016-04-11,2016,0.01,21.090000000000146
2016-04-11,2016,0.015,21.090000000000146
2016-04-14,2016,0.0,8.430000000000291
2016-04-14,2016,0.005,8.430000000000291
2016-04-14,2016,0.0075,8.430000000000291
2016-04-14,2016,0.01,8.430000000000291
2016-04-14,2016,0.015,8.430000000000291
2016-04-19,2016,0.0,-32.29000000000087
2016-04-19,2016,0.005,43.33005
2016-04-19,2016,0.0075,64.995075
2016-04-19,2016,0.01,-32.29000000000087
2016-04-19,2016,0.015,-32.29000000000087
2016-04-20,2016,0.0,119.23999999999978
2016-04-20,2016,0.005,43.1686
2016-04-20,2016,0.0075,64.7529
2016-04-20,2016,0.01,86.3372
2016-04-20,2016,0.015,129.5058
2016-04-21,2016,0.0,54.17000000000007
2016-04-21,2016,0.005,42.5724
2016-04-21,2016,0.0075,54.17000000000007
2016-04-21,2016,0.01,54.17000000000007
2016-04-21,2016,0.015,54.17000000000007
2016-04-25,2016,0.0,24.530000000000655
2016-04-25,2016,0.005,24.530000000000655
2016-04-25,2016,0.0075,24.530000000000655
2016-04-25,2016,0.01,24.530000000000655
2016-04-25,2016,0.015,24.530000000000655
2016-04-27,2016,0.0,-18.520000000000437
2016-04-27,2016,0.005,-18.520000000000437
2016-04-27,2016,0.0075,-18.520000000000437
2016-04-27,2016,0.01,-18.520000000000437
2016-04-27,2016,0.015,-18.520000000000437
2016-04-28,2016,0.0,-89.17999999999847
2016-04-28,2016,0.005,-89.17999999999847
2016-04-28,2016,0.0075,-89.17999999999847
2016-04-28,2016,0.01,-89.17999999999847
2016-04-28,2016,0.015,-89.17999999999847
2016-05-03,2016,0.0,-83.77999999999884
2016-05-03,2016,0.005,-83.77999999999884
2016-05-03,2016,0.0075,-83.77999999999884
2016-05-03,2016,0.01,-83.77999999999884
2016-05-03,2016,0.015,-83.77999999999884
2016-05-04,2016,0.0,108.65000000000055
2016-05-04,2016,0.005,41.470600000000005
2016-05-04,2016,0.0075,62.20590000000001
2016-05-04,2016,0.01,82.94120000000001
2016-05-04,2016,0.015,124.41180000000001
2016-05-05,2016,0.0,17.51000000000022
2016-05-05,2016,0.005,40.927350000000004
2016-05-05,2016,0.0075,61.391025
2016-05-05,2016,0.01,17.51000000000022
2016-05-05,2016,0.015,17.51000000000022
2016-05-06,2016,0.0,-21.529999999999745
2016-05-06,2016,0.005,-21.529999999999745
2016-05-06,2016,0.0075,-21.529999999999745
2016-05-06,2016,0.01,-21.529999999999745
2016-05-06,2016,0.015,-21.529999999999745
2016-05-09,2016,0.0,-14.600000000000364
2016-05-09,2016,0.005,-14.600000000000364
2016-05-09,2016,0.0075,-14.600000000000364
2016-05-09,2016,0.01,-14.600000000000364
2016-05-09,2016,0.015,-14.600000000000364
2016-05-11,2016,0.0,-20.729999999999563
2016-05-11,2016,0.005,40.78145
2016-05-11,2016,0.0075,-20.729999999999563
2016-05-11,2016,0.01,-20.729999999999563
2016-05-11,2016,0.015,-20.729999999999563
2016-05-13,2016,0.0,54.36000000000058
2016-05-13,2016,0.005,40.54025
2016-05-13,2016,0.0075,60.810375
2016-05-13,2016,0.01,81.0805
2016-05-13,2016,0.015,54.36000000000058
2016-05-16,2016,0.0,13.910000000000764
2016-05-16,2016,0.005,13.910000000000764
2016-05-16,2016,0.0075,13.910000000000764
2016-05-16,2016,0.01,13.910000000000764
2016-05-16,2016,0.015,13.910000000000764
2016-05-17,2016,0.0,72.8799999999992
2016-05-17,2016,0.005,40.338
2016-05-17,2016,0.0075,60.507
2016-05-17,2016,0.01,80.676
2016-05-17,2016,0.015,72.8799999999992
2016-05-19,2016,0.0,-63.70000000000073
2016-05-19,2016,0.005,-63.70000000000073
2016-05-19,2016,0.0075,-63.70000000000073
2016-05-19,2016,0.01,-63.70000000000073
2016-05-19,2016,0.015,-63.70000000000073
2016-05-23,2016,0.0,-84.27000000000044
2016-05-23,2016,0.005,-84.27000000000044
2016-05-23,2016,0.0075,-84.27000000000044
2016-05-23,2016,0.01,-84.27000000000044
2016-05-23,2016,0.015,-84.27000000000044
2016-05-24,2016,0.0,-43.780000000000655
2016-05-24,2016,0.005,-43.780000000000655
2016-05-24,2016,0.0075,-43.780000000000655
2016-05-24,2016,0.01,-43.780000000000655
2016-05-24,2016,0.015,-43.780000000000655
2016-05-25,2016,0.0,-14.909999999999854
2016-05-25,2016,0.005,-14.909999999999854
2016-05-25,2016,0.0075,-14.909999999999854
2016-05-25,2016,0.01,-14.909999999999854
2016-05-25,2016,0.015,-14.909999999999854
2016-05-26,2016,0.0,-2.0799999999999272
2016-05-26,2016,0.005,-2.0799999999999272
2016-05-26,2016,0.0075,-2.0799999999999272
2016-05-26,2016,0.01,-2.0799999999999272
2016-05-26,2016,0.015,-2.0799999999999272
2016-05-27,2016,0.0,69.48999999999978
2016-05-27,2016,0.005,41.970600000000005
2016-05-27,2016,0.0075,62.95590000000001
2016-05-27,2016,0.01,69.48999999999978
2016-05-27,2016,0.015,69.48999999999978
2016-05-30,2016,0.0,72.26000000000022
2016-05-30,2016,0.005,42.31805000000001
2016-05-30,2016,0.0075,63.477075
2016-05-30,2016,0.01,84.63610000000001
2016-05-30,2016,0.015,72.26000000000022
2016-05-31,2016,0.0,-0.28000000000065484
2016-05-31,2016,0.005,-0.28000000000065484
2016-05-31,2016,0.0075,-0.28000000000065484
2016-05-31,2016,0.01,-0.28000000000065484
2016-05-31,2016,0.015,-0.28000000000065484
2016-06-01,2016,0.0,61.56999999999971
2016-06-01,2016,0.005,42.67795
2016-06-01,2016,0.0075,64.016925
2016-06-01,2016,0.01,61.56999999999971
2016-06-01,2016,0.015,61.56999999999971
2016-06-02,2016,0.0,-41.13999999999942
2016-06-02,2016,0.005,-41.13999999999942
2016-06-02,2016,0.0075,-41.13999999999942
2016-06-02,2016,0.01,-41.13999999999942
2016-06-02,2016,0.015,-41.13999999999942
2016-06-03,2016,0.0,31.340000000000146
2016-06-03,2016,0.005,42.780100000000004
2016-06-03,2016,0.0075,31.340000000000146
2016-06-03,2016,0.01,31.340000000000146
2016-06-03,2016,0.015,31.340000000000146
2016-06-04,2016,0.0,4.209999999999127
2016-06-04,2016,0.005,4.209999999999127
2016-06-04,2016,0.0075,4.209999999999127
2016-06-04,2016,0.01,4.209999999999127
2016-06-04,2016,0.015,4.209999999999127
2016-06-06,2016,0.0,5.540000000000873
2016-06-06,2016,0.005,42.95785
2016-06-06,2016,0.0075,64.436775
2016-06-06,2016,0.01,5.540000000000873
2016-06-06,2016,0.015,5.540000000000873
2016-06-08,2016,0.0,35.57999999999993
2016-06-08,2016,0.005,43.399499999999996
2016-06-08,2016,0.0075,65.09925
2016-06-08,2016,0.01,35.57999999999993
2016-06-08,2016,0.015,35.57999999999993
2016-06-13,2016,0.0,179.26000000000022
2016-06-13,2016,0.005,43.5774
2016-06-13,2016,0.0075,65.36609999999999
2016-06-13,2016,0.01,87.1548
2016-06-13,2016,0.015,130.73219999999998
2016-06-15,2016,0.0,30.25
2016-06-15,2016,0.005,30.25
2016-06-15,2016,0.0075,30.25
2016-06-15,2016,0.01,30.25
2016-06-15,2016,0.015,30.25
2016-06-21,2016,0.0,58.93000000000029
2016-06-21,2016,0.005,43.1296
2016-06-21,2016,0.0075,58.93000000000029
2016-06-21,2016,0.01,58.93000000000029
2016-06-21,2016,0.015,58.93000000000029
2016-06-22,2016,0.0,31.399999999999636
2016-06-22,2016,0.005,31.399999999999636
2016-06-22,2016,0.0075,31.399999999999636
2016-06-22,2016,0.01,31.399999999999636
2016-06-22,2016,0.015,31.399999999999636
2016-06-24,2016,0.0,177.84000000000015
2016-06-24,2016,0.005,43.27415
2016-06-24,2016,0.0075,64.911225
2016-06-24,2016,0.01,86.5483
2016-06-24,2016,0.015,129.82245
2016-06-29,2016,0.0,-0.6399999999994179
2016-06-29,2016,0.005,-0.6399999999994179
2016-06-29,2016,0.0075,-0.6399999999994179
2016-06-29,2016,0.01,-0.6399999999994179
2016-06-29,2016,0.015,-0.6399999999994179
2016-06-30,2016,0.0,-47.36000000000058
2016-06-30,2016,0.005,-47.36000000000058
2016-06-30,2016,0.0075,-47.36000000000058
2016-06-30,2016,0.01,-47.36000000000058
2016-06-30,2016,0.015,-47.36000000000058
2016-07-01,2016,0.0,71.65999999999985
2016-07-01,2016,0.005,43.3329
2016-07-01,2016,0.0075,64.99934999999999
2016-07-01,2016,0.01,86.6658
2016-07-01,2016,0.015,71.65999999999985
2016-07-06,2016,0.0,140.3199999999997
2016-07-06,2016,0.005,43.58035
2016-07-06,2016,0.0075,65.370525
2016-07-06,2016,0.01,87.1607
2016-07-06,2016,0.015,130.74105
2016-07-07,2016,0.0,65.15999999999985
2016-07-07,2016,0.005,42.878750000000004
2016-07-07,2016,0.0075,64.318125
2016-07-07,2016,0.01,65.15999999999985
2016-07-07,2016,0.015,65.15999999999985
2016-07-11,2016,0.0,-16.69999999999891
2016-07-11,2016,0.005,-16.69999999999891
2016-07-11,2016,0.0075,-16.69999999999891
2016-07-11,2016,0.01,-16.69999999999891
2016-07-11,2016,0.015,-16.69999999999891
2016-07-12,2016,0.0,54.98999999999978
2016-07-12,2016,0.005,43.93235
2016-07-12,2016,0.0075,54.98999999999978
2016-07-12,2016,0.01,54.98999999999978
2016-07-12,2016,0.015,54.98999999999978
2016-07-13,2016,0.0,16.290000000000873
2016-07-13,2016,0.005,16.290000000000873
2016-07-13,2016,0.0075,16.290000000000873
2016-07-13,2016,0.01,16.290000000000873
2016-07-13,2016,0.015,16.290000000000873
2016-07-14,2016,0.0,8.610000000000582
2016-07-14,2016,0.005,8.610000000000582
2016-07-14,2016,0.0075,8.610000000000582
2016-07-14,2016,0.01,8.610000000000582
2016-07-14,2016,0.015,8.610000000000582
2016-07-15,2016,0.0,83.48999999999978
2016-07-15,2016,0.005,44.3318
2016-07-15,2016,0.0075,66.49770000000001
2016-07-15,2016,0.01,83.48999999999978
2016-07-15,2016,0.015,83.48999999999978
2016-07-19,2016,0.0,26.660000000001673
2016-07-19,2016,0.005,26.660000000001673
2016-07-19,2016,0.0075,26.660000000001673
2016-07-19,2016,0.01,26.660000000001673
2016-07-19,2016,0.015,26.660000000001673
2016-07-21,2016,0.0,48.8799999999992
2016-07-21,2016,0.005,45.0384
2016-07-21,2016,0.0075,67.5576
2016-07-21,2016,0.01,48.8799999999992
2016-07-21,2016,0.015,48.8799999999992
2016-07-25,2016,0.0,-21.469999999999345
2016-07-25,2016,0.005,45.0657
2016-07-25,2016,0.0075,67.59854999999999
2016-07-25,2016,0.01,-21.469999999999345
2016-07-25,2016,0.015,-21.469999999999345
2016-07-26,2016,0.0,33.1200000000008
2016-07-26,2016,0.005,33.1200000000008
2016-07-26,2016,0.0075,33.1200000000008
2016-07-26,2016,0.01,33.1200000000008
2016-07-26,2016,0.015,33.1200000000008
2016-07-27,2016,0.0,-1.3099999999994907
2016-07-27,2016,0.005,-1.3099999999994907
2016-07-27,2016,0.0075,-1.3099999999994907
2016-07-27,2016,0.01,-1.3099999999994907
2016-07-27,2016,0.015,-1.3099999999994907
2016-07-28,2016,0.0,13.25
2016-07-28,2016,0.005,13.25
2016-07-28,2016,0.0075,13.25
2016-07-28,2016,0.01,13.25
2016-07-28,2016,0.015,13.25
2016-08-02,2016,0.0,-11.949999999998909
2016-08-02,2016,0.005,-11.949999999998909
2016-08-02,2016,0.0075,-11.949999999998909
2016-08-02,2016,0.01,-11.949999999998909
2016-08-02,2016,0.015,-11.949999999998909
2016-08-03,2016,0.0,67.05000000000109
2016-08-03,2016,0.005,45.3438
2016-08-03,2016,0.0075,68.0157
2016-08-03,2016,0.01,90.6876
2016-08-03,2016,0.015,67.05000000000109
2016-08-04,2016,0.0,23.0
2016-08-04,2016,0.005,23.0
2016-08-04,2016,0.0075,23.0
2016-08-04,2016,0.01,23.0
2016-08-04,2016,0.015,23.0
2016-08-05,2016,0.0,67.41000000000167
2016-08-05,2016,0.005,45.123549999999994
2016-08-05,2016,0.0075,67.68532499999999
2016-08-05,2016,0.01,67.41000000000167
2016-08-05,2016,0.015,67.41000000000167
2016-08-08,2016,0.0,58.13999999999942
2016-08-08,2016,0.005,45.46060000000001
2016-08-08,2016,0.0075,58.13999999999942
2016-08-08,2016,0.01,58.13999999999942
2016-08-08,2016,0.015,58.13999999999942
2016-08-10,2016,0.0,45.340000000000146
2016-08-10,2016,0.005,45.340000000000146
2016-08-10,2016,0.0075,45.340000000000146
2016-08-10,2016,0.01,45.340000000000146
2016-08-10,2016,0.015,45.340000000000146
2016-08-12,2016,0.0,18.55999999999949
2016-08-12,2016,0.005,18.55999999999949
2016-08-12,2016,0.0075,18.55999999999949
2016-08-12,2016,0.01,18.55999999999949
2016-08-12,2016,0.015,18.55999999999949
2016-08-15,2016,0.0,-1.8799999999991996
2016-08-15,2016,0.005,-1.8799999999991996
2016-08-15,2016,0.0075,-1.8799999999991996
2016-08-15,2016,0.01,-1.8799999999991996
2016-08-15,2016,0.015,-1.8799999999991996
2016-08-16,2016,0.0,-38.149999999999636
2016-08-16,2016,0.005,-38.149999999999636
2016-08-16,2016,0.0075,-38.149999999999636
2016-08-16,2016,0.01,-38.149999999999636
2016-08-16,2016,0.015,-38.149999999999636
2016-08-18,2016,0.0,4.799999999999272
2016-08-18,2016,0.005,4.799999999999272
2016-08-18,2016,0.0075,4.799999999999272
2016-08-18,2016,0.01,4.799999999999272
2016-08-18,2016,0.015,4.799999999999272
2016-08-19,2016,0.0,-88.22999999999956
2016-08-19,2016,0.005,45.612500000000004
2016-08-19,2016,0.0075,-88.22999999999956
2016-08-19,2016,0.01,-88.22999999999956
2016-08-19,2016,0.015,-88.22999999999956
2016-08-22,2016,0.0,-52.460000000000946
2016-08-22,2016,0.005,-52.460000000000946
2016-08-22,2016,0.0075,-52.460000000000946
2016-08-22,2016,0.01,-52.460000000000946
2016-08-22,2016,0.015,-52.460000000000946
2016-08-23,2016,0.0,49.1200000000008
2016-08-23,2016,0.005,44.90905
2016-08-23,2016,0.0075,49.1200000000008
2016-08-23,2016,0.01,49.1200000000008
2016-08-23,2016,0.015,49.1200000000008
2016-08-24,2016,0.0,-13.550000000001091
2016-08-24,2016,0.005,-13.550000000001091
2016-08-24,2016,0.0075,-13.550000000001091
2016-08-24,2016,0.01,-13.550000000001091
2016-08-24,2016,0.015,-13.550000000001091
2016-08-26,2016,0.0,16.25
2016-08-26,2016,0.005,16.25
2016-08-26,2016,0.0075,16.25
2016-08-26,2016,0.01,16.25
2016-08-26,2016,0.015,16.25
2016-08-29,2016,0.0,-21.549999999999272
2016-08-29,2016,0.005,-21.549999999999272
2016-08-29,2016,0.0075,-21.549999999999272
2016-08-29,2016,0.01,-21.549999999999272
2016-08-29,2016,0.015,-21.549999999999272
2016-08-30,2016,0.0,0.3899999999994179
2016-08-30,2016,0.005,0.3899999999994179
2016-08-30,2016,0.0075,0.3899999999994179
2016-08-30,2016,0.01,0.3899999999994179
2016-08-30,2016,0.015,0.3899999999994179
2016-09-02,2016,0.0,-13.600000000000364
2016-09-02,2016,0.005,-13.600000000000364
2016-09-02,2016,0.0075,-13.600000000000364
2016-09-02,2016,0.01,-13.600000000000364
2016-09-02,2016,0.015,-13.600000000000364
2016-09-13,2016,0.0,21.149999999999636
2016-09-13,2016,0.005,44.8099
2016-09-13,2016,0.0075,67.21485
2016-09-13,2016,0.01,21.149999999999636
2016-09-13,2016,0.015,21.149999999999636
2016-09-20,2016,0.0,8.700000000000728
2016-09-20,2016,0.005,8.700000000000728
2016-09-20,2016,0.0075,8.700000000000728
2016-09-20,2016,0.01,8.700000000000728
2016-09-20,2016,0.015,8.700000000000728
2016-09-22,2016,0.0,6.760000000000218
2016-09-22,2016,0.005,46.1425
2016-09-22,2016,0.0075,6.760000000000218
2016-09-22,2016,0.01,6.760000000000218
2016-09-22,2016,0.015,6.760000000000218
2016-09-23,2016,0.0,49.36000000000058
2016-09-23,2016,0.005,46.176300000000005
2016-09-23,2016,0.0075,49.36000000000058
2016-09-23,2016,0.01,49.36000000000058
2016-09-23,2016,0.015,49.36000000000058
2016-09-26,2016,0.0,90.10000000000036
2016-09-26,2016,0.005,46.423100000000005
2016-09-26,2016,0.0075,69.63465000000001
2016-09-26,2016,0.01,92.84620000000001
2016-09-26,2016,0.015,90.10000000000036
2016-09-29,2016,0.0,76.3799999999992
2016-09-29,2016,0.005,45.9726
2016-09-29,2016,0.0075,68.9589
2016-09-29,2016,0.01,91.9452
2016-09-29,2016,0.015,76.3799999999992
2016-09-30,2016,0.0,-104.04999999999927
2016-09-30,2016,0.005,-104.04999999999927
2016-09-30,2016,0.0075,-104.04999999999927
2016-09-30,2016,0.01,-104.04999999999927
2016-09-30,2016,0.015,-104.04999999999927
2016-10-03,2016,0.0,67.35000000000036
2016-10-03,2016,0.005,45.834250000000004
2016-10-03,2016,0.0075,68.751375
2016-10-03,2016,0.01,67.35000000000036
2016-10-03,2016,0.015,67.35000000000036
2016-10-06,2016,0.0,12.029999999998836
2016-10-06,2016,0.005,12.029999999998836
2016-10-06,2016,0.0075,12.029999999998836
2016-10-06,2016,0.01,12.029999999998836
2016-10-06,2016,0.015,12.029999999998836
2016-10-07,2016,0.0,-18.5
2016-10-07,2016,0.005,-18.5
2016-10-07,2016,0.0075,-18.5
2016-10-07,2016,0.01,-18.5
2016-10-07,2016,0.015,-18.5
2016-10-14,2016,0.0,54.0
2016-10-14,2016,0.005,46.09585
2016-10-14,2016,0.0075,69.14377499999999
2016-10-14,2016,0.01,54.0
2016-10-14,2016,0.015,54.0
2016-10-17,2016,0.0,11.049999999999272
2016-10-17,2016,0.005,11.049999999999272
2016-10-17,2016,0.0075,11.049999999999272
2016-10-17,2016,0.01,11.049999999999272
2016-10-17,2016,0.015,11.049999999999272
2016-10-19,2016,0.0,61.409999999999854
2016-10-19,2016,0.005,46.1129
2016-10-19,2016,0.0075,69.16935
2016-10-19,2016,0.01,61.409999999999854
2016-10-19,2016,0.015,61.409999999999854
2016-10-21,2016,0.0,-10.670000000000073
2016-10-21,2016,0.005,-10.670000000000073
2016-10-21,2016,0.0075,-10.670000000000073
2016-10-21,2016,0.01,-10.670000000000073
2016-10-21,2016,0.015,-10.670000000000073
2016-10-25,2016,0.0,63.149999999999636
2016-10-25,2016,0.005,46.612500000000004
2016-10-25,2016,0.0075,69.91875
2016-10-25,2016,0.01,63.149999999999636
2016-10-25,2016,0.015,63.149999999999636
2016-11-01,2016,0.0,-17.420000000000073
2016-11-01,2016,0.005,-17.420000000000073
2016-11-01,2016,0.0075,-17.420000000000073
2016-11-01,2016,0.01,-17.420000000000073
2016-11-01,2016,0.015,-17.420000000000073
2016-11-08,2016,0.0,-30.93000000000029
2016-11-08,2016,0.005,-30.93000000000029
2016-11-08,2016,0.0075,-30.93000000000029
2016-11-08,2016,0.01,-30.93000000000029
2016-11-08,2016,0.015,-30.93000000000029
2016-11-09,2016,0.0,-274.22999999999956
2016-11-09,2016,0.005,46.08715
2016-11-09,2016,0.0075,69.130725
2016-11-09,2016,0.01,-274.22999999999956
2016-11-09,2016,0.015,-274.22999999999956
2016-11-14,2016,0.0,-48.039999999999054
2016-11-14,2016,0.005,-48.039999999999054
2016-11-14,2016,0.0075,-48.039999999999054
2016-11-14,2016,0.01,-48.039999999999054
2016-11-14,2016,0.015,-48.039999999999054
2016-11-16,2016,0.0,31.18999999999869
2016-11-16,2016,0.005,44.655150000000006
2016-11-16,2016,0.0075,66.982725
2016-11-16,2016,0.01,89.31030000000001
2016-11-16,2016,0.015,31.18999999999869
2016-11-17,2016,0.0,33.04000000000087
2016-11-17,2016,0.005,33.04000000000087
2016-11-17,2016,0.0075,33.04000000000087
2016-11-17,2016,0.01,33.04000000000087
2016-11-17,2016,0.015,33.04000000000087
2016-11-18,2016,0.0,13.530000000000655
2016-11-18,2016,0.005,13.530000000000655
2016-11-18,2016,0.0075,13.530000000000655
2016-11-18,2016,0.01,13.530000000000655
2016-11-18,2016,0.015,13.530000000000655
2016-11-21,2016,0.0,32.31999999999971
2016-11-21,2016,0.005,32.31999999999971
2016-11-21,2016,0.0075,32.31999999999971
2016-11-21,2016,0.01,32.31999999999971
2016-11-21,2016,0.015,32.31999999999971
2016-11-22,2016,0.0,92.27999999999884
2016-11-22,2016,0.005,45.20555
2016-11-22,2016,0.0075,67.808325
2016-11-22,2016,0.01,90.4111
2016-11-22,2016,0.015,92.27999999999884
2016-11-23,2016,0.0,44.840000000000146
2016-11-23,2016,0.005,45.66695
2016-11-23,2016,0.0075,68.50042499999999
2016-11-23,2016,0.01,44.840000000000146
2016-11-23,2016,0.015,44.840000000000146
2016-11-24,2016,0.0,-26.11999999999898
2016-11-24,2016,0.005,-26.11999999999898
2016-11-24,2016,0.0075,-26.11999999999898
2016-11-24,2016,0.01,-26.11999999999898
2016-11-24,2016,0.015,-26.11999999999898
2016-11-25,2016,0.0,6.959999999999127
2016-11-25,2016,0.005,6.959999999999127
2016-11-25,2016,0.0075,6.959999999999127
2016-11-25,2016,0.01,6.959999999999127
2016-11-25,2016,0.015,6.959999999999127
2016-11-28,2016,0.0,63.17000000000007
2016-11-28,2016,0.005,45.79535
2016-11-28,2016,0.0075,68.69302499999999
2016-11-28,2016,0.01,63.17000000000007
2016-11-28,2016,0.015,63.17000000000007
2016-12-05,2016,0.0,-28.829999999999927
2016-12-05,2016,0.005,-28.829999999999927
2016-12-05,2016,0.0075,-28.829999999999927
2016-12-05,2016,0.01,-28.829999999999927
2016-12-05,2016,0.015,-28.829999999999927
2016-12-06,2016,0.0,90.11000000000058
2016-12-06,2016,0.005,45.8033
2016-12-06,2016,0.0075,68.70495
2016-12-06,2016,0.01,91.6066
2016-12-06,2016,0.015,90.11000000000058
2016-12-07,2016,0.0,13.119999999998981
2016-12-07,2016,0.005,46.25385
2016-12-07,2016,0.0075,13.119999999998981
2016-12-07,2016,0.01,13.119999999998981
2016-12-07,2016,0.015,13.119999999998981
2016-12-08,2016,0.0,-49.030000000000655
2016-12-08,2016,0.005,-49.030000000000655
2016-12-08,2016,0.0075,-49.030000000000655
2016-12-08,2016,0.01,-49.030000000000655
2016-12-08,2016,0.015,-49.030000000000655
2016-12-09,2016,0.0,16.81999999999971
2016-12-09,2016,0.005,16.81999999999971
2016-12-09,2016,0.0075,16.81999999999971
2016-12-09,2016,0.01,16.81999999999971
2016-12-09,2016,0.015,16.81999999999971
2016-12-14,2016,0.0,-13.619999999998981
2016-12-14,2016,0.005,-13.619999999998981
2016-12-14,2016,0.0075,-13.619999999998981
2016-12-14,2016,0.01,-13.619999999998981
2016-12-14,2016,0.015,-13.619999999998981
2016-12-16,2016,0.0,-33.56999999999971
2016-12-16,2016,0.005,-33.56999999999971
2016-12-16,2016,0.0075,-33.56999999999971
2016-12-16,2016,0.01,-33.56999999999971
2016-12-16,2016,0.015,-33.56999999999971
2016-12-19,2016,0.0,87.46000000000095
2016-12-19,2016,0.005,46.633900000000004
2016-12-19,2016,0.0075,69.95085
2016-12-19,2016,0.01,87.46000000000095
2016-12-19,2016,0.015,87.46000000000095
2016-12-20,2016,0.0,3.0900000000001455
2016-12-20,2016,0.005,3.0900000000001455
2016-12-20,2016,0.0075,3.0900000000001455
2016-12-20,2016,0.01,3.0900000000001455
2016-12-20,2016,0.015,3.0900000000001455
2016-12-21,2016,0.0,-38.149999999999636
2016-12-21,2016,0.005,-38.149999999999636
2016-12-21,2016,0.0075,-38.149999999999636
2016-12-21,2016,0.01,-38.149999999999636
2016-12-21,2016,0.015,-38.149999999999636
2016-12-22,2016,0.0,-85.51000000000022
2016-12-22,2016,0.005,-85.51000000000022
2016-12-22,2016,0.0075,-85.51000000000022
2016-12-22,2016,0.01,-85.51000000000022
2016-12-22,2016,0.015,-85.51000000000022
2016-12-23,2016,0.0,-40.11000000000058
2016-12-23,2016,0.005,-40.11000000000058
2016-12-23,2016,0.0075,-40.11000000000058
2016-12-23,2016,0.01,-40.11000000000058
2016-12-23,2016,0.015,-40.11000000000058
2016-12-26,2016,0.0,31.900000000001455
2016-12-26,2016,0.005,45.3932
2016-12-26,2016,0.0075,31.900000000001455
2016-12-26,2016,0.01,31.900000000001455
2016-12-26,2016,0.015,31.900000000001455
2016-12-27,2016,0.0,-1.2700000000004366
2016-12-27,2016,0.005,-1.2700000000004366
2016-12-27,2016,0.0075,-1.2700000000004366
2016-12-27,2016,0.01,-1.2700000000004366
2016-12-27,2016,0.015,-1.2700000000004366
2016-12-28,2016,0.0,92.1299999999992
2016-12-28,2016,0.005,45.546350000000004
2016-12-28,2016,0.0075,68.319525
2016-12-28,2016,0.01,91.09270000000001
2016-12-28,2016,0.015,92.1299999999992
2016-12-29,2016,0.0,48.30999999999949
2016-12-29,2016,0.005,46.007
2016-12-29,2016,0.0075,48.30999999999949
2016-12-29,2016,0.01,48.30999999999949
2016-12-29,2016,0.015,48.30999999999949
2016-12-30,2016,0.0,100.40999999999985
2016-12-30,2016,0.005,45.76545
2016-12-30,2016,0.0075,68.648175
2016-12-30,2016,0.01,91.5309
2016-12-30,2016,0.015,100.40999999999985
2017-01-03,2017,0.0,-19.3799999999992
2017-01-03,2017,0.005,-19.3799999999992
2017-01-03,2017,0.0075,-19.3799999999992
2017-01-03,2017,0.01,-19.3799999999992
2017-01-03,2017,0.015,-19.3799999999992
2017-01-04,2017,0.0,14.079999999999927
2017-01-04,2017,0.005,14.079999999999927
2017-01-04,2017,0.0075,14.079999999999927
2017-01-04,2017,0.01,14.079999999999927
2017-01-04,2017,0.015,14.079999999999927
2017-01-05,2017,0.0,71.18000000000029
2017-01-05,2017,0.005,46.434799999999996
2017-01-05,2017,0.0075,69.6522
2017-01-05,2017,0.01,71.18000000000029
2017-01-05,2017,0.015,71.18000000000029
2017-01-09,2017,0.0,-29.799999999999272
2017-01-09,2017,0.005,-29.799999999999272
2017-01-09,2017,0.0075,-29.799999999999272
2017-01-09,2017,0.01,-29.799999999999272
2017-01-09,2017,0.015,-29.799999999999272
2017-01-10,2017,0.0,7.219999999999345
2017-01-10,2017,0.005,7.219999999999345
2017-01-10,2017,0.0075,7.219999999999345
2017-01-10,2017,0.01,7.219999999999345
2017-01-10,2017,0.015,7.219999999999345
2017-01-11,2017,0.0,-3.899999999999636
2017-01-11,2017,0.005,-3.899999999999636
2017-01-11,2017,0.0075,-3.899999999999636
2017-01-11,2017,0.01,-3.899999999999636
2017-01-11,2017,0.015,-3.899999999999636
2017-01-12,2017,0.0,64.44000000000051
2017-01-12,2017,0.005,46.728699999999996
2017-01-12,2017,0.0075,70.09304999999999
2017-01-12,2017,0.01,64.44000000000051
2017-01-12,2017,0.015,64.44000000000051
2017-01-16,2017,0.0,-86.5
2017-01-16,2017,0.005,-86.5
2017-01-16,2017,0.0075,-86.5
2017-01-16,2017,0.01,-86.5
2017-01-16,2017,0.015,-86.5
2017-01-17,2017,0.0,62.20000000000073
2017-01-17,2017,0.005,46.46165
2017-01-17,2017,0.0075,62.20000000000073
2017-01-17,2017,0.01,62.20000000000073
2017-01-17,2017,0.015,62.20000000000073
2017-01-18,2017,0.0,12.56000000000131
2017-01-18,2017,0.005,12.56000000000131
2017-01-18,2017,0.0075,12.56000000000131
2017-01-18,2017,0.01,12.56000000000131
2017-01-18,2017,0.015,12.56000000000131
2017-01-19,2017,0.0,-23.849999999998545
2017-01-19,2017,0.005,-23.849999999998545
2017-01-19,2017,0.0075,-23.849999999998545
2017-01-19,2017,0.01,-23.849999999998545
2017-01-19,2017,0.015,-23.849999999998545
2017-01-23,2017,0.0,92.59000000000015
2017-01-23,2017,0.005,46.6573
2017-01-23,2017,0.0075,69.98594999999999
2017-01-23,2017,0.01,93.3146
2017-01-23,2017,0.015,92.59000000000015
2017-02-02,2017,0.0,-18.980000000001382
2017-02-02,2017,0.005,47.23975000000001
2017-02-02,2017,0.0075,70.85962500000001
2017-02-02,2017,0.01,-18.980000000001382
2017-02-02,2017,0.015,-18.980000000001382
2017-02-06,2017,0.0,82.45000000000073
2017-02-06,2017,0.005,47.2778
2017-02-06,2017,0.0075,70.91669999999999
2017-02-06,2017,0.01,82.45000000000073
2017-02-06,2017,0.015,82.45000000000073
2017-02-07,2017,0.0,16.549999999999272
2017-02-07,2017,0.005,16.549999999999272
2017-02-07,2017,0.0075,16.549999999999272
2017-02-07,2017,0.01,16.549999999999272
2017-02-07,2017,0.015,16.549999999999272
2017-02-08,2017,0.0,-11.30999999999949
2017-02-08,2017,0.005,-11.30999999999949
2017-02-08,2017,0.0075,-11.30999999999949
2017-02-08,2017,0.01,-11.30999999999949
2017-02-08,2017,0.015,-11.30999999999949
2017-02-09,2017,0.0,46.93000000000029
2017-02-09,2017,0.005,47.71625
2017-02-09,2017,0.0075,46.93000000000029
2017-02-09,2017,0.01,46.93000000000029
2017-02-09,2017,0.015,46.93000000000029
2017-02-14,2017,0.0,8.460000000000946
2017-02-14,2017,0.005,48.5516
2017-02-14,2017,0.0075,8.460000000000946
2017-02-14,2017,0.01,8.460000000000946
2017-02-14,2017,0.015,8.460000000000946
2017-02-16,2017,0.0,-28.51000000000022
2017-02-16,2017,0.005,48.9988
2017-02-16,2017,0.0075,-28.51000000000022
2017-02-16,2017,0.01,-28.51000000000022
2017-02-16,2017,0.015,-28.51000000000022
2017-02-17,2017,0.0,-11.489999999999782
2017-02-17,2017,0.005,-11.489999999999782
2017-02-17,2017,0.0075,-11.489999999999782
2017-02-17,2017,0.01,-11.489999999999782
2017-02-17,2017,0.015,-11.489999999999782
2017-02-18,2017,0.0,20.159999999999854
2017-02-18,2017,0.005,20.159999999999854
2017-02-18,2017,0.0075,20.159999999999854
2017-02-18,2017,0.01,20.159999999999854
2017-02-18,2017,0.015,20.159999999999854
2017-02-20,2017,0.0,-26.719999999999345
2017-02-20,2017,0.005,-26.719999999999345
2017-02-20,2017,0.0075,-26.719999999999345
2017-02-20,2017,0.01,-26.719999999999345
2017-02-20,2017,0.015,-26.719999999999345
2017-02-21,2017,0.0,10.729999999999563
2017-02-21,2017,0.005,10.729999999999563
2017-02-21,2017,0.0075,10.729999999999563
2017-02-21,2017,0.01,10.729999999999563
2017-02-21,2017,0.015,10.729999999999563
2017-02-22,2017,0.0,14.850000000000364
2017-02-22,2017,0.005,48.81965
2017-02-22,2017,0.0075,14.850000000000364
2017-02-22,2017,0.01,14.850000000000364
2017-02-22,2017,0.015,14.850000000000364
2017-02-24,2017,0.0,18.840000000000146
2017-02-24,2017,0.005,18.840000000000146
2017-02-24,2017,0.0075,18.840000000000146
2017-02-24,2017,0.01,18.840000000000146
2017-02-24,2017,0.015,18.840000000000146
2017-03-01,2017,0.0,75.68999999999869
2017-03-01,2017,0.005,48.75235
2017-03-01,2017,0.0075,73.128525
2017-03-01,2017,0.01,75.68999999999869
2017-03-01,2017,0.015,75.68999999999869
2017-03-02,2017,0.0,17.019999999998618
2017-03-02,2017,0.005,48.373900000000006
2017-03-02,2017,0.0075,72.56085
2017-03-02,2017,0.01,96.74780000000001
2017-03-02,2017,0.015,17.019999999998618
2017-03-03,2017,0.0,43.590000000000146
2017-03-03,2017,0.005,48.458999999999996
2017-03-03,2017,0.0075,43.590000000000146
2017-03-03,2017,0.01,43.590000000000146
2017-03-03,2017,0.015,43.590000000000146
2017-03-07,2017,0.0,55.44000000000051
2017-03-07,2017,0.005,48.413149999999995
2017-03-07,2017,0.0075,55.44000000000051
2017-03-07,2017,0.01,55.44000000000051
2017-03-07,2017,0.015,55.44000000000051
2017-03-08,2017,0.0,15.380000000001019
2017-03-08,2017,0.005,15.380000000001019
2017-03-08,2017,0.0075,15.380000000001019
2017-03-08,2017,0.01,15.380000000001019
2017-03-08,2017,0.015,15.380000000001019
2017-03-09,2017,0.0,-94.84000000000015
2017-03-09,2017,0.005,-94.84000000000015
2017-03-09,2017,0.0075,-94.84000000000015
2017-03-09,2017,0.01,-94.84000000000015
2017-03-09,2017,0.015,-94.84000000000015
2017-03-10,2017,0.0,-30.720000000001164
2017-03-10,2017,0.005,-30.720000000001164
2017-03-10,2017,0.0075,-30.720000000001164
2017-03-10,2017,0.01,-30.720000000001164
2017-03-10,2017,0.015,-30.720000000001164
2017-03-13,2017,0.0,69.45000000000073
2017-03-13,2017,0.005,48.13945
2017-03-13,2017,0.0075,69.45000000000073
2017-03-13,2017,0.01,69.45000000000073
2017-03-13,2017,0.015,69.45000000000073
2017-03-14,2017,0.0,46.86999999999898
2017-03-14,2017,0.005,48.4867
2017-03-14,2017,0.0075,46.86999999999898
2017-03-14,2017,0.01,46.86999999999898
2017-03-14,2017,0.015,46.86999999999898
2017-03-16,2017,0.0,97.52000000000044
2017-03-16,2017,0.005,48.70155
2017-03-16,2017,0.0075,73.052325
2017-03-16,2017,0.01,97.4031
2017-03-16,2017,0.015,97.52000000000044
2017-03-20,2017,0.0,4.279999999998836
2017-03-20,2017,0.005,4.279999999998836
2017-03-20,2017,0.0075,4.279999999998836
2017-03-20,2017,0.01,4.279999999998836
2017-03-20,2017,0.015,4.279999999998836
2017-03-21,2017,0.0,59.52000000000044
2017-03-21,2017,0.005,49.56485
2017-03-21,2017,0.0075,59.52000000000044
2017-03-21,2017,0.01,59.52000000000044
2017-03-21,2017,0.015,59.52000000000044
2017-03-23,2017,0.0,8.079999999999927
2017-03-23,2017,0.005,8.079999999999927
2017-03-23,2017,0.0075,8.079999999999927
2017-03-23,2017,0.01,8.079999999999927
2017-03-23,2017,0.015,8.079999999999927
2017-03-27,2017,0.0,-26.209999999999127
2017-03-27,2017,0.005,-26.209999999999127
2017-03-27,2017,0.0075,-26.209999999999127
2017-03-27,2017,0.01,-26.209999999999127
2017-03-27,2017,0.015,-26.209999999999127
2017-03-28,2017,0.0,-0.31999999999970896
2017-03-28,2017,0.005,-0.31999999999970896
2017-03-28,2017,0.0075,-0.31999999999970896
2017-03-28,2017,0.01,-0.31999999999970896
2017-03-28,2017,0.015,-0.31999999999970896
2017-03-29,2017,0.0,-20.200000000000728
2017-03-29,2017,0.005,-20.200000000000728
2017-03-29,2017,0.0075,-20.200000000000728
2017-03-29,2017,0.01,-20.200000000000728
2017-03-29,2017,0.015,-20.200000000000728
2017-03-31,2017,0.0,-36.6299999999992
2017-03-31,2017,0.005,-36.6299999999992
2017-03-31,2017,0.0075,-36.6299999999992
2017-03-31,2017,0.01,-36.6299999999992
2017-03-31,2017,0.015,-36.6299999999992
2017-04-07,2017,0.0,-24.429999999998472
2017-04-07,2017,0.005,-24.429999999998472
2017-04-07,2017,0.0075,-24.429999999998472
2017-04-07,2017,0.01,-24.429999999998472
2017-04-07,2017,0.015,-24.429999999998472
2017-04-10,2017,0.0,9.170000000000073
2017-04-10,2017,0.005,9.170000000000073
2017-04-10,2017,0.0075,9.170000000000073
2017-04-10,2017,0.01,9.170000000000073
2017-04-10,2017,0.015,9.170000000000073
2017-04-13,2017,0.0,-19.0
2017-04-13,2017,0.005,-19.0
2017-04-13,2017,0.0075,-19.0
2017-04-13,2017,0.01,-19.0
2017-04-13,2017,0.015,-19.0
2017-04-18,2017,0.0,30.159999999999854
2017-04-18,2017,0.005,48.582
2017-04-18,2017,0.0075,30.159999999999854
2017-04-18,2017,0.01,30.159999999999854
2017-04-18,2017,0.015,30.159999999999854
2017-04-19,2017,0.0,-106.61999999999898
2017-04-19,2017,0.005,-106.61999999999898
2017-04-19,2017,0.0075,-106.61999999999898
2017-04-19,2017,0.01,-106.61999999999898
2017-04-19,2017,0.015,-106.61999999999898
2017-04-20,2017,0.0,-7.25
2017-04-20,2017,0.005,-7.25
2017-04-20,2017,0.0075,-7.25
2017-04-20,2017,0.01,-7.25
2017-04-20,2017,0.015,-7.25
2017-04-21,2017,0.0,84.71999999999935
2017-04-21,2017,0.005,48.163450000000005
2017-04-21,2017,0.0075,72.245175
2017-04-21,2017,0.01,84.71999999999935
2017-04-21,2017,0.015,84.71999999999935
2017-04-25,2017,0.0,123.7599999999984
2017-04-25,2017,0.005,48.58975
2017-04-25,2017,0.0075,72.884625
2017-04-25,2017,0.01,97.1795
2017-04-25,2017,0.015,123.7599999999984
2017-04-26,2017,0.0,14.7400000000016
2017-04-26,2017,0.005,14.7400000000016
2017-04-26,2017,0.0075,14.7400000000016
2017-04-26,2017,0.01,14.7400000000016
2017-04-26,2017,0.015,14.7400000000016
2017-04-28,2017,0.0,11.3799999999992
2017-04-28,2017,0.005,11.3799999999992
2017-04-28,2017,0.0075,11.3799999999992
2017-04-28,2017,0.01,11.3799999999992
2017-04-28,2017,0.015,11.3799999999992
2017-05-02,2017,0.0,69.27000000000044
2017-05-02,2017,0.005,49.36
2017-05-02,2017,0.0075,74.03999999999999
2017-05-02,2017,0.01,69.27000000000044
2017-05-02,2017,0.015,69.27000000000044
2017-05-03,2017,0.0,-14.05999999999949
2017-05-03,2017,0.005,-14.05999999999949
2017-05-03,2017,0.0075,-14.05999999999949
2017-05-03,2017,0.01,-14.05999999999949
2017-05-03,2017,0.015,-14.05999999999949
2017-05-04,2017,0.0,12.30999999999949
2017-05-04,2017,0.005,12.30999999999949
2017-05-04,2017,0.0075,12.30999999999949
2017-05-04,2017,0.01,12.30999999999949
2017-05-04,2017,0.015,12.30999999999949
2017-05-08,2017,0.0,37.30999999999949
2017-05-08,2017,0.005,49.499700000000004
2017-05-08,2017,0.0075,37.30999999999949
2017-05-08,2017,0.01,37.30999999999949
2017-05-08,2017,0.015,37.30999999999949
2017-05-10,2017,0.0,52.840000000000146
2017-05-10,2017,0.005,49.5774
2017-05-10,2017,0.0075,52.840000000000146
2017-05-10,2017,0.01,52.840000000000146
2017-05-10,2017,0.015,52.840000000000146
2017-05-11,2017,0.0,-16.359999999998763
2017-05-11,2017,0.005,-16.359999999998763
2017-05-11,2017,0.0075,-16.359999999998763
2017-05-11,2017,0.01,-16.359999999998763
2017-05-11,2017,0.015,-16.359999999998763
2017-05-12,2017,0.0,-14.659999999999854
2017-05-12,2017,0.005,-14.659999999999854
2017-05-12,2017,0.0075,-14.659999999999854
2017-05-12,2017,0.01,-14.659999999999854
2017-05-12,2017,0.015,-14.659999999999854
2017-05-15,2017,0.0,50.0
2017-05-15,2017,0.005,49.9341
2017-05-15,2017,0.0075,50.0
2017-05-15,2017,0.01,50.0
2017-05-15,2017,0.015,50.0
2017-05-16,2017,0.0,-5.329999999999927
2017-05-16,2017,0.005,-5.329999999999927
2017-05-16,2017,0.0075,-5.329999999999927
2017-05-16,2017,0.01,-5.329999999999927
2017-05-16,2017,0.015,-5.329999999999927
2017-05-17,2017,0.0,-17.81999999999971
2017-05-17,2017,0.005,-17.81999999999971
2017-05-17,2017,0.0075,-17.81999999999971
2017-05-17,2017,0.01,-17.81999999999971
2017-05-17,2017,0.015,-17.81999999999971
2017-05-19,2017,0.0,-21.829999999999927
2017-05-19,2017,0.005,-21.829999999999927
2017-05-19,2017,0.0075,-21.829999999999927
2017-05-19,2017,0.01,-21.829999999999927
2017-05-19,2017,0.015,-21.829999999999927
2017-05-22,2017,0.0,49.63999999999942
2017-05-22,2017,0.005,49.63999999999942
2017-05-22,2017,0.0075,49.63999999999942
2017-05-22,2017,0.01,49.63999999999942
2017-05-22,2017,0.015,49.63999999999942
2017-05-23,2017,0.0,10.579999999999927
2017-05-23,2017,0.005,10.579999999999927
2017-05-23,2017,0.0075,10.579999999999927
2017-05-23,2017,0.01,10.579999999999927
2017-05-23,2017,0.015,10.579999999999927
2017-05-25,2017,0.0,64.06999999999971
2017-05-25,2017,0.005,50.222100000000005
2017-05-25,2017,0.0075,64.06999999999971
2017-05-25,2017,0.01,64.06999999999971
2017-05-25,2017,0.015,64.06999999999971
2017-05-26,2017,0.0,-6.539999999999054
2017-05-26,2017,0.005,-6.539999999999054
2017-05-26,2017,0.0075,-6.539999999999054
2017-05-26,2017,0.01,-6.539999999999054
2017-05-26,2017,0.015,-6.539999999999054
2017-05-31,2017,0.0,-61.23000000000138
2017-05-31,2017,0.005,-61.23000000000138
2017-05-31,2017,0.0075,-61.23000000000138
2017-05-31,2017,0.01,-61.23000000000138
2017-05-31,2017,0.015,-61.23000000000138
2017-06-02,2017,0.0,65.11000000000058
2017-06-02,2017,0.005,50.4371
2017-06-02,2017,0.0075,65.11000000000058
2017-06-02,2017,0.01,65.11000000000058
2017-06-02,2017,0.015,65.11000000000058
2017-06-03,2017,0.0,5.619999999998981
2017-06-03,2017,0.005,5.619999999998981
2017-06-03,2017,0.0075,5.619999999998981
2017-06-03,2017,0.01,5.619999999998981
2017-06-03,2017,0.015,5.619999999998981
2017-06-05,2017,0.0,68.69000000000051
2017-06-05,2017,0.005,50.79075
2017-06-05,2017,0.0075,68.69000000000051
2017-06-05,2017,0.01,68.69000000000051
2017-06-05,2017,0.015,68.69000000000051
2017-06-06,2017,0.0,-20.659999999999854
2017-06-06,2017,0.005,-20.659999999999854
2017-06-06,2017,0.0075,-20.659999999999854
2017-06-06,2017,0.01,-20.659999999999854
2017-06-06,2017,0.015,-20.659999999999854
2017-06-07,2017,0.0,3.8099999999994907
2017-06-07,2017,0.005,3.8099999999994907
2017-06-07,2017,0.0075,3.8099999999994907
2017-06-07,2017,0.01,3.8099999999994907
2017-06-07,2017,0.015,3.8099999999994907
2017-06-08,2017,0.0,15.790000000000873
2017-06-08,2017,0.005,15.790000000000873
2017-06-08,2017,0.0075,15.790000000000873
2017-06-08,2017,0.01,15.790000000000873
2017-06-08,2017,0.015,15.790000000000873
2017-06-09,2017,0.0,-26.13000000000102
2017-06-09,2017,0.005,-26.13000000000102
2017-06-09,2017,0.0075,-26.13000000000102
2017-06-09,2017,0.01,-26.13000000000102
2017-06-09,2017,0.015,-26.13000000000102
2017-06-14,2017,0.0,-55.69000000000051
2017-06-14,2017,0.005,-55.69000000000051
2017-06-14,2017,0.0075,-55.69000000000051
2017-06-14,2017,0.01,-55.69000000000051
2017-06-14,2017,0.015,-55.69000000000051
2017-06-15,2017,0.0,-15.890000000001237
2017-06-15,2017,0.005,-15.890000000001237
2017-06-15,2017,0.0075,-15.890000000001237
2017-06-15,2017,0.01,-15.890000000001237
2017-06-15,2017,0.015,-15.890000000001237
2017-06-20,2017,0.0,73.85999999999876
2017-06-20,2017,0.005,51.253
2017-06-20,2017,0.0075,76.8795
2017-06-20,2017,0.01,102.506
2017-06-20,2017,0.015,73.85999999999876
2017-06-21,2017,0.0,-25.26000000000022
2017-06-21,2017,0.005,-25.26000000000022
2017-06-21,2017,0.0075,-25.26000000000022
2017-06-21,2017,0.01,-25.26000000000022
2017-06-21,2017,0.015,-25.26000000000022
2017-06-22,2017,0.0,49.340000000000146
2017-06-22,2017,0.005,51.748599999999996
2017-06-22,2017,0.0075,49.340000000000146
2017-06-22,2017,0.01,49.340000000000146
2017-06-22,2017,0.015,49.340000000000146
2017-06-26,2017,0.0,136.2599999999984
2017-06-26,2017,0.005,51.88850000000001
2017-06-26,2017,0.0075,77.83275
2017-06-26,2017,0.01,103.77700000000002
2017-06-26,2017,0.015,136.2599999999984
2017-06-29,2017,0.0,31.100000000000364
2017-06-29,2017,0.005,51.952749999999995
2017-06-29,2017,0.0075,77.92912499999998
2017-06-29,2017,0.01,31.100000000000364
2017-06-29,2017,0.015,31.100000000000364
2017-07-04,2017,0.0,65.01000000000022
2017-07-04,2017,0.005,52.063950000000006
2017-07-04,2017,0.0075,65.01000000000022
2017-07-04,2017,0.01,65.01000000000022
2017-07-04,2017,0.015,65.01000000000022
2017-07-05,2017,0.0,-57.01000000000022
2017-07-05,2017,0.005,-57.01000000000022
2017-07-05,2017,0.0075,-57.01000000000022
2017-07-05,2017,0.01,-57.01000000000022
2017-07-05,2017,0.015,-57.01000000000022
2017-07-06,2017,0.0,-25.710000000000946
2017-07-06,2017,0.005,-25.710000000000946
2017-07-06,2017,0.0075,-25.710000000000946
2017-07-06,2017,0.01,-25.710000000000946
2017-07-06,2017,0.015,-25.710000000000946
2017-07-10,2017,0.0,-7.3400000000001455
2017-07-10,2017,0.005,-7.3400000000001455
2017-07-10,2017,0.0075,-7.3400000000001455
2017-07-10,2017,0.01,-7.3400000000001455
2017-07-10,2017,0.015,-7.3400000000001455
2017-07-11,2017,0.0,125.65999999999985
2017-07-11,2017,0.005,51.44955
2017-07-11,2017,0.0075,77.174325
2017-07-11,2017,0.01,102.8991
2017-07-11,2017,0.015,125.65999999999985
2017-07-12,2017,0.0,5.110000000000582
2017-07-12,2017,0.005,5.110000000000582
2017-07-12,2017,0.0075,5.110000000000582
2017-07-12,2017,0.01,5.110000000000582
2017-07-12,2017,0.015,5.110000000000582
2017-07-13,2017,0.0,39.469999999999345
2017-07-13,2017,0.005,52.1034
2017-07-13,2017,0.0075,39.469999999999345
2017-07-13,2017,0.01,39.469999999999345
2017-07-13,2017,0.015,39.469999999999345
2017-07-17,2017,0.0,13.630000000001019
2017-07-17,2017,0.005,13.630000000001019
2017-07-17,2017,0.0075,13.630000000001019
2017-07-17,2017,0.01,13.630000000001019
2017-07-17,2017,0.015,13.630000000001019
2017-07-19,2017,0.0,24.840000000000146
2017-07-19,2017,0.005,52.4063
2017-07-19,2017,0.0075,24.840000000000146
2017-07-19,2017,0.01,24.840000000000146
2017-07-19,2017,0.015,24.840000000000146
2017-07-20,2017,0.0,-6.739999999999782
2017-07-20,2017,0.005,-6.739999999999782
2017-07-20,2017,0.0075,-6.739999999999782
2017-07-20,2017,0.01,-6.739999999999782
2017-07-20,2017,0.015,-6.739999999999782
2017-07-21,2017,0.0,-62.659999999999854
2017-07-21,2017,0.005,-62.659999999999854
2017-07-21,2017,0.0075,-62.659999999999854
2017-07-21,2017,0.01,-62.659999999999854
2017-07-21,2017,0.015,-62.659999999999854
2017-07-27,2017,0.0,89.26000000000022
2017-07-27,2017,0.005,52.09555
2017-07-27,2017,0.0075,78.143325
2017-07-27,2017,0.01,89.26000000000022
2017-07-27,2017,0.015,89.26000000000022
2017-07-28,2017,0.0,85.32000000000153
2017-07-28,2017,0.005,52.541850000000004
2017-07-28,2017,0.0075,78.812775
2017-07-28,2017,0.01,85.32000000000153
2017-07-28,2017,0.015,85.32000000000153
2017-08-02,2017,0.0,81.97999999999956
2017-08-02,2017,0.005,52.18645000000001
2017-08-02,2017,0.0075,78.279675
2017-08-02,2017,0.01,81.97999999999956
2017-08-02,2017,0.015,81.97999999999956
2017-08-07,2017,0.0,72.81999999999971
2017-08-07,2017,0.005,52.5328
2017-08-07,2017,0.0075,78.7992
2017-08-07,2017,0.01,72.81999999999971
2017-08-07,2017,0.015,72.81999999999971
2017-08-08,2017,0.0,-10.409999999999854
2017-08-08,2017,0.005,-10.409999999999854
2017-08-08,2017,0.0075,-10.409999999999854
2017-08-08,2017,0.01,-10.409999999999854
2017-08-08,2017,0.015,-10.409999999999854
2017-08-14,2017,0.0,-104.28999999999905
2017-08-14,2017,0.005,-104.28999999999905
2017-08-14,2017,0.0075,-104.28999999999905
2017-08-14,2017,0.01,-104.28999999999905
2017-08-14,2017,0.015,-104.28999999999905
2017-08-15,2017,0.0,-21.719999999999345
2017-08-15,2017,0.005,-21.719999999999345
2017-08-15,2017,0.0075,-21.719999999999345
2017-08-15,2017,0.01,-21.719999999999345
2017-08-15,2017,0.015,-21.719999999999345
2017-08-16,2017,0.0,-20.770000000000437
2017-08-16,2017,0.005,-20.770000000000437
2017-08-16,2017,0.0075,-20.770000000000437
2017-08-16,2017,0.01,-20.770000000000437
2017-08-16,2017,0.015,-20.770000000000437
2017-08-17,2017,0.0,78.98000000000138
2017-08-17,2017,0.005,51.45195
2017-08-17,2017,0.0075,77.17792499999999
2017-08-17,2017,0.01,78.98000000000138
2017-08-17,2017,0.015,78.98000000000138
2017-08-21,2017,0.0,5.059999999999491
2017-08-21,2017,0.005,5.059999999999491
2017-08-21,2017,0.0075,5.059999999999491
2017-08-21,2017,0.01,5.059999999999491
2017-08-21,2017,0.015,5.059999999999491
2017-08-23,2017,0.0,14.739999999999782
2017-08-23,2017,0.005,51.96035
2017-08-23,2017,0.0075,14.739999999999782
2017-08-23,2017,0.01,14.739999999999782
2017-08-23,2017,0.015,14.739999999999782
2017-08-24,2017,0.0,82.14999999999964
2017-08-24,2017,0.005,52.03405
2017-08-24,2017,0.0075,78.051075
2017-08-24,2017,0.01,82.14999999999964
2017-08-24,2017,0.015,82.14999999999964
2017-08-29,2017,0.0,-29.409999999999854
2017-08-29,2017,0.005,-29.409999999999854
2017-08-29,2017,0.0075,-29.409999999999854
2017-08-29,2017,0.01,-29.409999999999854
2017-08-29,2017,0.015,-29.409999999999854
2017-08-30,2017,0.0,72.82999999999993
2017-08-30,2017,0.005,52.48285
2017-08-30,2017,0.0075,72.82999999999993
2017-08-30,2017,0.01,72.82999999999993
2017-08-30,2017,0.015,72.82999999999993
2017-08-31,2017,0.0,16.38000000000102
2017-08-31,2017,0.005,16.38000000000102
2017-08-31,2017,0.0075,16.38000000000102
2017-08-31,2017,0.01,16.38000000000102
2017-08-31,2017,0.015,16.38000000000102
2017-09-01,2017,0.0,9.039999999999054
2017-09-01,2017,0.005,9.039999999999054
2017-09-01,2017,0.0075,9.039999999999054
2017-09-01,2017,0.01,9.039999999999054
2017-09-01,2017,0.015,9.039999999999054
2017-09-04,2017,0.0,-24.94999999999891
2017-09-04,2017,0.005,-24.94999999999891
2017-09-04,2017,0.0075,-24.94999999999891
2017-09-04,2017,0.01,-24.94999999999891
2017-09-04,2017,0.015,-24.94999999999891
2017-09-05,2017,0.0,47.969999999999345
2017-09-05,2017,0.005,47.969999999999345
2017-09-05,2017,0.0075,47.969999999999345
2017-09-05,2017,0.01,47.969999999999345
2017-09-05,2017,0.015,47.969999999999345
2017-09-06,2017,0.0,69.97999999999956
2017-09-06,2017,0.005,53.089200000000005
2017-09-06,2017,0.0075,79.6338
2017-09-06,2017,0.01,69.97999999999956
2017-09-06,2017,0.015,69.97999999999956
2017-09-07,2017,0.0,-9.350000000000364
2017-09-07,2017,0.005,52.73930000000001
2017-09-07,2017,0.0075,-9.350000000000364
2017-09-07,2017,0.01,-9.350000000000364
2017-09-07,2017,0.015,-9.350000000000364
2017-09-08,2017,0.0,71.44000000000051
2017-09-08,2017,0.005,52.692550000000004
2017-09-08,2017,0.0075,71.44000000000051
2017-09-08,2017,0.01,71.44000000000051
2017-09-08,2017,0.015,71.44000000000051
2017-09-11,2017,0.0,37.79000000000087
2017-09-11,2017,0.005,37.79000000000087
2017-09-11,2017,0.0075,37.79000000000087
2017-09-11,2017,0.01,37.79000000000087
2017-09-11,2017,0.015,37.79000000000087
2017-09-12,2017,0.0,8.430000000000291
2017-09-12,2017,0.005,8.430000000000291
2017-09-12,2017,0.0075,8.430000000000291
2017-09-12,2017,0.01,8.430000000000291
2017-09-12,2017,0.015,8.430000000000291
2017-09-13,2017,0.0,-77.47000000000116
2017-09-13,2017,0.005,-77.47000000000116
2017-09-13,2017,0.0075,-77.47000000000116
2017-09-13,2017,0.01,-77.47000000000116
2017-09-13,2017,0.015,-77.47000000000116
2017-09-14,2017,0.0,20.69000000000051
2017-09-14,2017,0.005,20.69000000000051
2017-09-14,2017,0.0075,20.69000000000051
2017-09-14,2017,0.01,20.69000000000051
2017-09-14,2017,0.015,20.69000000000051
2017-09-15,2017,0.0,26.840000000000146
2017-09-15,2017,0.005,26.840000000000146
2017-09-15,2017,0.0075,26.840000000000146
2017-09-15,2017,0.01,26.840000000000146
2017-09-15,2017,0.015,26.840000000000146
2017-09-18,2017,0.0,51.159999999999854
2017-09-18,2017,0.005,52.90205
2017-09-18,2017,0.0075,51.159999999999854
2017-09-18,2017,0.01,51.159999999999854
2017-09-18,2017,0.015,51.159999999999854
2017-09-19,2017,0.0,-55.43000000000029
2017-09-19,2017,0.005,-55.43000000000029
2017-09-19,2017,0.0075,-55.43000000000029
2017-09-19,2017,0.01,-55.43000000000029
2017-09-19,2017,0.015,-55.43000000000029
2017-09-20,2017,0.0,-56.969999999999345
2017-09-20,2017,0.005,-56.969999999999345
2017-09-20,2017,0.0075,-56.969999999999345
2017-09-20,2017,0.01,-56.969999999999345
2017-09-20,2017,0.015,-56.969999999999345
2017-09-21,2017,0.0,-59.27000000000044
2017-09-21,2017,0.005,-59.27000000000044
2017-09-21,2017,0.0075,-59.27000000000044
2017-09-21,2017,0.01,-59.27000000000044
2017-09-21,2017,0.015,-59.27000000000044
2017-09-25,2017,0.0,-113.79000000000087
2017-09-25,2017,0.005,-113.79000000000087
2017-09-25,2017,0.0075,-113.79000000000087
2017-09-25,2017,0.01,-113.79000000000087
2017-09-25,2017,0.015,-113.79000000000087
2017-09-26,2017,0.0,78.86999999999898
2017-09-26,2017,0.005,51.679449999999996
2017-09-26,2017,0.0075,77.51917499999999
2017-09-26,2017,0.01,78.86999999999898
2017-09-26,2017,0.015,78.86999999999898
2017-09-28,2017,0.0,24.019999999998618
2017-09-28,2017,0.005,24.019999999998618
2017-09-28,2017,0.0075,24.019999999998618
2017-09-28,2017,0.01,24.019999999998618
2017-09-28,2017,0.015,24.019999999998618
2017-09-29,2017,0.0,33.48999999999978
2017-09-29,2017,0.005,33.48999999999978
2017-09-29,2017,0.0075,33.48999999999978
2017-09-29,2017,0.01,33.48999999999978
2017-09-29,2017,0.015,33.48999999999978
2017-09-30,2017,0.0,54.0
2017-09-30,2017,0.005,51.6497
2017-09-30,2017,0.0075,54.0
2017-09-30,2017,0.01,54.0
2017-09-30,2017,0.015,54.0
2017-10-02,2017,0.0,81.21999999999935
2017-10-02,2017,0.005,51.919700000000006
2017-10-02,2017,0.0075,77.87955
2017-10-02,2017,0.01,81.21999999999935
2017-10-02,2017,0.015,81.21999999999935
2017-10-03,2017,0.0,4.190000000000509
2017-10-03,2017,0.005,4.190000000000509
2017-10-03,2017,0.0075,4.190000000000509
2017-10-03,2017,0.01,4.190000000000509
2017-10-03,2017,0.015,4.190000000000509
2017-10-05,2017,0.0,48.92000000000007
2017-10-05,2017,0.005,52.34675
2017-10-05,2017,0.0075,48.92000000000007
2017-10-05,2017,0.01,48.92000000000007
2017-10-05,2017,0.015,48.92000000000007
2017-10-06,2017,0.0,14.539999999999054
2017-10-06,2017,0.005,14.539999999999054
2017-10-06,2017,0.0075,14.539999999999054
2017-10-06,2017,0.01,14.539999999999054
2017-10-06,2017,0.015,14.539999999999054
2017-10-11,2017,0.0,108.38000000000102
2017-10-11,2017,0.005,52.664049999999996
2017-10-11,2017,0.0075,78.99607499999999
2017-10-11,2017,0.01,105.32809999999999
2017-10-11,2017,0.015,108.38000000000102
2017-10-12,2017,0.0,70.25
2017-10-12,2017,0.005,53.20595
2017-10-12,2017,0.0075,70.25
2017-10-12,2017,0.01,70.25
2017-10-12,2017,0.015,70.25
2017-10-16,2017,0.0,50.11999999999898
2017-10-16,2017,0.005,50.11999999999898
2017-10-16,2017,0.0075,50.11999999999898
2017-10-16,2017,0.01,50.11999999999898
2017-10-16,2017,0.015,50.11999999999898
2017-10-17,2017,0.0,-51.05999999999949
2017-10-17,2017,0.005,-51.05999999999949
2017-10-17,2017,0.0075,-51.05999999999949
2017-10-17,2017,0.01,-51.05999999999949
2017-10-17,2017,0.015,-51.05999999999949
2017-10-19,2017,0.0,40.01000000000022
2017-10-19,2017,0.005,53.601400000000005
2017-10-19,2017,0.0075,40.01000000000022
2017-10-19,2017,0.01,40.01000000000022
2017-10-19,2017,0.015,40.01000000000022
2017-10-23,2017,0.0,6.329999999999927
2017-10-23,2017,0.005,53.6444
2017-10-23,2017,0.0075,6.329999999999927
2017-10-23,2017,0.01,6.329999999999927
2017-10-23,2017,0.015,6.329999999999927
2017-10-24,2017,0.0,8.570000000001528
2017-10-24,2017,0.005,8.570000000001528
2017-10-24,2017,0.0075,8.570000000001528
2017-10-24,2017,0.01,8.570000000001528
2017-10-24,2017,0.015,8.570000000001528
2017-10-25,2017,0.0,6.789999999999054
2017-10-25,2017,0.005,6.789999999999054
2017-10-25,2017,0.0075,6.789999999999054
2017-10-25,2017,0.01,6.789999999999054
2017-10-25,2017,0.015,6.789999999999054
2017-10-26,2017,0.0,15.80999999999949
2017-10-26,2017,0.005,15.80999999999949
2017-10-26,2017,0.0075,15.80999999999949
2017-10-26,2017,0.01,15.80999999999949
2017-10-26,2017,0.015,15.80999999999949
2017-10-27,2017,0.0,-25.649999999999636
2017-10-27,2017,0.005,53.6738
2017-10-27,2017,0.0075,-25.649999999999636
2017-10-27,2017,0.01,-25.649999999999636
2017-10-27,2017,0.015,-25.649999999999636
2017-10-30,2017,0.0,8.099999999998545
2017-10-30,2017,0.005,8.099999999998545
2017-10-30,2017,0.0075,8.099999999998545
2017-10-30,2017,0.01,8.099999999998545
2017-10-30,2017,0.015,8.099999999998545
2017-10-31,2017,0.0,36.92999999999847
2017-10-31,2017,0.005,53.78435
2017-10-31,2017,0.0075,36.92999999999847
2017-10-31,2017,0.01,36.92999999999847
2017-10-31,2017,0.015,36.92999999999847
2017-11-01,2017,0.0,12.56000000000131
2017-11-01,2017,0.005,12.56000000000131
2017-11-01,2017,0.0075,12.56000000000131
2017-11-01,2017,0.01,12.56000000000131
2017-11-01,2017,0.015,12.56000000000131
2017-11-03,2017,0.0,12.260000000000218
2017-11-03,2017,0.005,12.260000000000218
2017-11-03,2017,0.0075,12.260000000000218
2017-11-03,2017,0.01,12.260000000000218
2017-11-03,2017,0.015,12.260000000000218
2017-11-06,2017,0.0,-14.579999999999927
2017-11-06,2017,0.005,54.00385
2017-11-06,2017,0.0075,-14.579999999999927
2017-11-06,2017,0.01,-14.579999999999927
2017-11-06,2017,0.015,-14.579999999999927
2017-11-07,2017,0.0,54.149999999999636
2017-11-07,2017,0.005,53.93095
2017-11-07,2017,0.0075,54.149999999999636
2017-11-07,2017,0.01,54.149999999999636
2017-11-07,2017,0.015,54.149999999999636
2017-11-09,2017,0.0,-75.71999999999935
2017-11-09,2017,0.005,-75.71999999999935
2017-11-09,2017,0.0075,-75.71999999999935
2017-11-09,2017,0.01,-75.71999999999935
2017-11-09,2017,0.015,-75.71999999999935
2017-11-13,2017,0.0,-48.75
2017-11-13,2017,0.005,-48.75
2017-11-13,2017,0.0075,-48.75
2017-11-13,2017,0.01,-48.75
2017-11-13,2017,0.015,-48.75
2017-11-14,2017,0.0,3.2600000000002183
2017-11-14,2017,0.005,3.2600000000002183
2017-11-14,2017,0.0075,3.2600000000002183
2017-11-14,2017,0.01,3.2600000000002183
2017-11-14,2017,0.015,3.2600000000002183
2017-11-17,2017,0.0,76.59999999999854
2017-11-17,2017,0.005,53.12520000000001
2017-11-17,2017,0.0075,79.68780000000001
2017-11-17,2017,0.01,76.59999999999854
2017-11-17,2017,0.015,76.59999999999854
2017-11-21,2017,0.0,114.69000000000051
2017-11-21,2017,0.005,53.32275
2017-11-21,2017,0.0075,79.98412499999999
2017-11-21,2017,0.01,106.6455
2017-11-21,2017,0.015,114.69000000000051
2017-11-22,2017,0.0,43.350000000000364
2017-11-22,2017,0.005,53.8962
2017-11-22,2017,0.0075,80.84429999999999
2017-11-22,2017,0.01,43.350000000000364
2017-11-22,2017,0.015,43.350000000000364
2017-11-27,2017,0.0,-103.15999999999985
2017-11-27,2017,0.005,-103.15999999999985
2017-11-27,2017,0.0075,-103.15999999999985
2017-11-27,2017,0.01,-103.15999999999985
2017-11-27,2017,0.015,-103.15999999999985
2017-11-28,2017,0.0,43.86000000000058
2017-11-28,2017,0.005,53.754650000000005
2017-11-28,2017,0.0075,43.86000000000058
2017-11-28,2017,0.01,43.86000000000058
2017-11-28,2017,0.015,43.86000000000058
2017-12-01,2017,0.0,39.93000000000029
2017-12-01,2017,0.005,52.802200000000006
2017-12-01,2017,0.0075,79.2033
2017-12-01,2017,0.01,39.93000000000029
2017-12-01,2017,0.015,39.93000000000029
2017-12-04,2017,0.0,-50.73999999999978
2017-12-04,2017,0.005,-50.73999999999978
2017-12-04,2017,0.0075,-50.73999999999978
2017-12-04,2017,0.01,-50.73999999999978
2017-12-04,2017,0.015,-50.73999999999978
2017-12-06,2017,0.0,-172.9300000000003
2017-12-06,2017,0.005,-172.9300000000003
2017-12-06,2017,0.0075,-172.9300000000003
2017-12-06,2017,0.01,-172.9300000000003
2017-12-06,2017,0.015,-172.9300000000003
2017-12-07,2017,0.0,-38.159999999999854
2017-12-07,2017,0.005,-38.159999999999854
2017-12-07,2017,0.0075,-38.159999999999854
2017-12-07,2017,0.01,-38.159999999999854
2017-12-07,2017,0.015,-38.159999999999854
2017-12-08,2017,0.0,42.86000000000058
2017-12-08,2017,0.005,51.778800000000004
2017-12-08,2017,0.0075,42.86000000000058
2017-12-08,2017,0.01,42.86000000000058
2017-12-08,2017,0.015,42.86000000000058
2017-12-12,2017,0.0,-29.80999999999949
2017-12-12,2017,0.005,-29.80999999999949
2017-12-12,2017,0.0075,-29.80999999999949
2017-12-12,2017,0.01,-29.80999999999949
2017-12-12,2017,0.015,-29.80999999999949
2017-12-18,2017,0.0,15.079999999999927
2017-12-18,2017,0.005,15.079999999999927
2017-12-18,2017,0.0075,15.079999999999927
2017-12-18,2017,0.01,15.079999999999927
2017-12-18,2017,0.015,15.079999999999927
2017-12-19,2017,0.0,46.030000000000655
2017-12-19,2017,0.005,52.56685
2017-12-19,2017,0.0075,46.030000000000655
2017-12-19,2017,0.01,46.030000000000655
2017-12-19,2017,0.015,46.030000000000655
2017-12-21,2017,0.0,-15.550000000001091
2017-12-21,2017,0.005,-15.550000000001091
2017-12-21,2017,0.0075,-15.550000000001091
2017-12-21,2017,0.01,-15.550000000001091
2017-12-21,2017,0.015,-15.550000000001091
2017-12-22,2017,0.0,-48.30000000000109
2017-12-22,2017,0.005,-48.30000000000109
2017-12-22,2017,0.0075,-48.30000000000109
2017-12-22,2017,0.01,-48.30000000000109
2017-12-22,2017,0.015,-48.30000000000109
2017-12-28,2017,0.0,80.96999999999935
2017-12-28,2017,0.005,52.433350000000004
2017-12-28,2017,0.0075,78.650025
2017-12-28,2017,0.01,104.86670000000001
2017-12-28,2017,0.015,80.96999999999935
2017-12-29,2017,0.0,75.22000000000116
2017-12-29,2017,0.005,52.8382
2017-12-29,2017,0.0075,79.25729999999999
2017-12-29,2017,0.01,75.22000000000116
2017-12-29,2017,0.015,75.22000000000116
2018-01-02,2018,0.0,-67.86999999999898
2018-01-02,2018,0.005,-67.86999999999898
2018-01-02,2018,0.0075,-67.86999999999898
2018-01-02,2018,0.01,-67.86999999999898
2018-01-02,2018,0.015,-67.86999999999898
2018-01-03,2018,0.0,-1.319999999999709
2018-01-03,2018,0.005,-1.319999999999709
2018-01-03,2018,0.0075,-1.319999999999709
2018-01-03,2018,0.01,-1.319999999999709
2018-01-03,2018,0.015,-1.319999999999709
2018-01-04,2018,0.0,47.05999999999949
2018-01-04,2018,0.005,47.05999999999949
2018-01-04,2018,0.0075,47.05999999999949
2018-01-04,2018,0.01,47.05999999999949
2018-01-04,2018,0.015,47.05999999999949
2018-01-05,2018,0.0,31.170000000000073
2018-01-05,2018,0.005,31.170000000000073
2018-01-05,2018,0.0075,31.170000000000073
2018-01-05,2018,0.01,31.170000000000073
2018-01-05,2018,0.015,31.170000000000073
2018-01-08,2018,0.0,35.95000000000073
2018-01-08,2018,0.005,35.95000000000073
2018-01-08,2018,0.0075,35.95000000000073
2018-01-08,2018,0.01,35.95000000000073
2018-01-08,2018,0.015,35.95000000000073
2018-01-09,2018,0.0,-0.8600000000005821
2018-01-09,2018,0.005,-0.8600000000005821
2018-01-09,2018,0.0075,-0.8600000000005821
2018-01-09,2018,0.01,-0.8600000000005821
2018-01-09,2018,0.015,-0.8600000000005821
2018-01-11,2018,0.0,21.030000000000655
2018-01-11,2018,0.005,54.15545
2018-01-11,2018,0.0075,21.030000000000655
2018-01-11,2018,0.01,21.030000000000655
2018-01-11,2018,0.015,21.030000000000655
2018-01-12,2018,0.0,73.89999999999964
2018-01-12,2018,0.005,54.0503
2018-01-12,2018,0.0075,81.07544999999999
2018-01-12,2018,0.01,73.89999999999964
2018-01-12,2018,0.015,73.89999999999964
2018-01-15,2018,0.0,72.35000000000036
2018-01-15,2018,0.005,54.419799999999995
2018-01-15,2018,0.0075,72.35000000000036
2018-01-15,2018,0.01,72.35000000000036
2018-01-15,2018,0.015,72.35000000000036
2018-01-16,2018,0.0,29.80000000000109
2018-01-16,2018,0.005,29.80000000000109
2018-01-16,2018,0.0075,29.80000000000109
2018-01-16,2018,0.01,29.80000000000109
2018-01-16,2018,0.015,29.80000000000109
2018-01-17,2018,0.0,18.68999999999869
2018-01-17,2018,0.005,18.68999999999869
2018-01-17,2018,0.0075,18.68999999999869
2018-01-17,2018,0.01,18.68999999999869
2018-01-17,2018,0.015,18.68999999999869
2018-01-18,2018,0.0,3.930000000000291
2018-01-18,2018,0.005,3.930000000000291
2018-01-18,2018,0.0075,3.930000000000291
2018-01-18,2018,0.01,3.930000000000291
2018-01-18,2018,0.015,3.930000000000291
2018-01-19,2018,0.0,79.28000000000065
2018-01-19,2018,0.005,55.35785
2018-01-19,2018,0.0075,79.28000000000065
2018-01-19,2018,0.01,79.28000000000065
2018-01-19,2018,0.015,79.28000000000065
2018-01-22,2018,0.0,80.60999999999876
2018-01-22,2018,0.005,55.754250000000006
2018-01-22,2018,0.0075,80.60999999999876
2018-01-22,2018,0.01,80.60999999999876
2018-01-22,2018,0.015,80.60999999999876
2018-01-23,2018,0.0,21.650000000001455
2018-01-23,2018,0.005,21.650000000001455
2018-01-23,2018,0.0075,21.650000000001455
2018-01-23,2018,0.01,21.650000000001455
2018-01-23,2018,0.015,21.650000000001455
2018-01-24,2018,0.0,-100.95000000000073
2018-01-24,2018,0.005,-100.95000000000073
2018-01-24,2018,0.0075,-100.95000000000073
2018-01-24,2018,0.01,-100.95000000000073
2018-01-24,2018,0.015,-100.95000000000073
2018-01-26,2018,0.0,18.850000000000364
2018-01-26,2018,0.005,55.829750000000004
2018-01-26,2018,0.0075,18.850000000000364
2018-01-26,2018,0.01,18.850000000000364
2018-01-26,2018,0.015,18.850000000000364
2018-01-29,2018,0.0,-22.289999999999054
2018-01-29,2018,0.005,-22.289999999999054
2018-01-29,2018,0.0075,-22.289999999999054
2018-01-29,2018,0.01,-22.289999999999054
2018-01-29,2018,0.015,-22.289999999999054
2018-02-01,2018,0.0,56.45999999999913
2018-02-01,2018,0.005,55.518950000000004
2018-02-01,2018,0.0075,83.278425
2018-02-01,2018,0.01,56.45999999999913
2018-02-01,2018,0.015,56.45999999999913
2018-02-07,2018,0.0,105.91999999999825
2018-02-07,2018,0.005,53.287299999999995
2018-02-07,2018,0.0075,79.93095
2018-02-07,2018,0.01,105.91999999999825
2018-02-07,2018,0.015,105.91999999999825
2018-02-12,2018,0.0,32.73999999999978
2018-02-12,2018,0.005,32.73999999999978
2018-02-12,2018,0.0075,32.73999999999978
2018-02-12,2018,0.01,32.73999999999978
2018-02-12,2018,0.015,32.73999999999978
2018-02-21,2018,0.0,293.35000000000036
2018-02-21,2018,0.005,52.105450000000005
2018-02-21,2018,0.0075,78.158175
2018-02-21,2018,0.01,104.21090000000001
2018-02-21,2018,0.015,156.31635
2018-02-22,2018,0.0,52.06000000000131
2018-02-22,2018,0.005,53.5722
2018-02-22,2018,0.0075,80.3583
2018-02-22,2018,0.01,52.06000000000131
2018-02-22,2018,0.015,52.06000000000131
2018-02-26,2018,0.0,15.949999999998909
2018-02-26,2018,0.005,15.949999999998909
2018-02-26,2018,0.0075,15.949999999998909
2018-02-26,2018,0.01,15.949999999998909
2018-02-26,2018,0.015,15.949999999998909
2018-02-27,2018,0.0,62.89000000000124
2018-02-27,2018,0.005,54.3918
2018-02-27,2018,0.0075,62.89000000000124
2018-02-27,2018,0.01,62.89000000000124
2018-02-27,2018,0.015,62.89000000000124
2018-03-02,2018,0.0,87.6200000000008
2018-03-02,2018,0.005,53.92895000000001
2018-03-02,2018,0.0075,80.89342500000001
2018-03-02,2018,0.01,107.85790000000001
2018-03-02,2018,0.015,87.6200000000008
2018-03-05,2018,0.0,-55.27000000000044
2018-03-05,2018,0.005,53.49085
2018-03-05,2018,0.0075,-55.27000000000044
2018-03-05,2018,0.01,-55.27000000000044
2018-03-05,2018,0.015,-55.27000000000044
2018-03-06,2018,0.0,141.4400000000005
2018-03-06,2018,0.005,53.2145
2018-03-06,2018,0.0075,79.82175
2018-03-06,2018,0.01,106.429
2018-03-06,2018,0.015,141.4400000000005
2018-03-07,2018,0.0,-39.02000000000044
2018-03-07,2018,0.005,-39.02000000000044
2018-03-07,2018,0.0075,-39.02000000000044
2018-03-07,2018,0.01,-39.02000000000044
2018-03-07,2018,0.015,-39.02000000000044
2018-03-08,2018,0.0,77.92000000000007
2018-03-08,2018,0.005,53.7266
2018-03-08,2018,0.0075,80.5899
2018-03-08,2018,0.01,77.92000000000007
2018-03-08,2018,0.015,77.92000000000007
2018-03-09,2018,0.0,41.57999999999993
2018-03-09,2018,0.005,54.1162
2018-03-09,2018,0.0075,41.57999999999993
2018-03-09,2018,0.01,41.57999999999993
2018-03-09,2018,0.015,41.57999999999993
2018-03-12,2018,0.0,-15.470000000001164
2018-03-12,2018,0.005,-15.470000000001164
2018-03-12,2018,0.0075,-15.470000000001164
2018-03-12,2018,0.01,-15.470000000001164
2018-03-12,2018,0.015,-15.470000000001164
2018-03-13,2018,0.0,93.52999999999884
2018-03-13,2018,0.005,55.0105
2018-03-13,2018,0.0075,82.51575
2018-03-13,2018,0.01,93.52999999999884
2018-03-13,2018,0.015,93.52999999999884
2018-03-14,2018,0.0,56.82999999999993
2018-03-14,2018,0.005,55.47815
2018-03-14,2018,0.0075,56.82999999999993
2018-03-14,2018,0.01,56.82999999999993
2018-03-14,2018,0.015,56.82999999999993
2018-03-15,2018,0.0,-20.349999999998545
2018-03-15,2018,0.005,-20.349999999998545
2018-03-15,2018,0.0075,-20.349999999998545
2018-03-15,2018,0.01,-20.349999999998545
2018-03-15,2018,0.015,-20.349999999998545
2018-03-19,2018,0.0,19.19999999999891
2018-03-19,2018,0.005,19.19999999999891
2018-03-19,2018,0.0075,19.19999999999891
2018-03-19,2018,0.01,19.19999999999891
2018-03-19,2018,0.015,19.19999999999891
2018-03-20,2018,0.0,36.05999999999949
2018-03-20,2018,0.005,55.2345
2018-03-20,2018,0.0075,36.05999999999949
2018-03-20,2018,0.01,36.05999999999949
2018-03-20,2018,0.015,36.05999999999949
2018-03-21,2018,0.0,0.22999999999956344
2018-03-21,2018,0.005,55.0542
2018-03-21,2018,0.0075,0.22999999999956344
2018-03-21,2018,0.01,0.22999999999956344
2018-03-21,2018,0.015,0.22999999999956344
2018-03-22,2018,0.0,-5.229999999999563
2018-03-22,2018,0.005,55.05535
2018-03-22,2018,0.0075,82.58302499999999
2018-03-22,2018,0.01,-5.229999999999563
2018-03-22,2018,0.015,-5.229999999999563
2018-03-27,2018,0.0,-36.840000000000146
2018-03-27,2018,0.005,-36.840000000000146
2018-03-27,2018,0.0075,-36.840000000000146
2018-03-27,2018,0.01,-36.840000000000146
2018-03-27,2018,0.015,-36.840000000000146
2018-03-30,2018,0.0,37.86000000000058
2018-03-30,2018,0.005,37.86000000000058
2018-03-30,2018,0.0075,37.86000000000058
2018-03-30,2018,0.01,37.86000000000058
2018-03-30,2018,0.015,37.86000000000058
2018-03-31,2018,0.0,13.80999999999949
2018-03-31,2018,0.005,13.80999999999949
2018-03-31,2018,0.0075,13.80999999999949
2018-03-31,2018,0.01,13.80999999999949
2018-03-31,2018,0.015,13.80999999999949
2018-04-02,2018,0.0,63.63999999999942
2018-04-02,2018,0.005,54.75955
2018-04-02,2018,0.0075,63.63999999999942
2018-04-02,2018,0.01,63.63999999999942
2018-04-02,2018,0.015,63.63999999999942
2018-04-10,2018,0.0,33.649999999999636
2018-04-10,2018,0.005,54.467650000000006
2018-04-10,2018,0.0075,81.701475
2018-04-10,2018,0.01,33.649999999999636
2018-04-10,2018,0.015,33.649999999999636
2018-04-11,2018,0.0,16.93000000000029
2018-04-11,2018,0.005,16.93000000000029
2018-04-11,2018,0.0075,16.93000000000029
2018-04-11,2018,0.01,16.93000000000029
2018-04-11,2018,0.015,16.93000000000029
2018-04-12,2018,0.0,-18.729999999999563
2018-04-12,2018,0.005,-18.729999999999563
2018-04-12,2018,0.0075,-18.729999999999563
2018-04-12,2018,0.01,-18.729999999999563
2018-04-12,2018,0.015,-18.729999999999563
2018-04-13,2018,0.0,10.099999999998545
2018-04-13,2018,0.005,10.099999999998545
2018-04-13,2018,0.0075,10.099999999998545
2018-04-13,2018,0.01,10.099999999998545
2018-04-13,2018,0.015,10.099999999998545
2018-04-17,2018,0.0,-144.09999999999854
2018-04-17,2018,0.005,-144.09999999999854
2018-04-17,2018,0.0075,-144.09999999999854
2018-04-17,2018,0.01,-144.09999999999854
2018-04-17,2018,0.015,-144.09999999999854
2018-04-18,2018,0.0,37.43999999999869
2018-04-18,2018,0.005,54.05225000000001
2018-04-18,2018,0.0075,81.07837500000001
2018-04-18,2018,0.01,37.43999999999869
2018-04-18,2018,0.015,37.43999999999869
2018-04-19,2018,0.0,-123.32999999999993
2018-04-19,2018,0.005,-123.32999999999993
2018-04-19,2018,0.0075,-123.32999999999993
2018-04-19,2018,0.01,-123.32999999999993
2018-04-19,2018,0.015,-123.32999999999993
2018-04-23,2018,0.0,82.25
2018-04-23,2018,0.005,53.896899999999995
2018-04-23,2018,0.0075,80.84535
2018-04-23,2018,0.01,82.25
2018-04-23,2018,0.015,82.25
2018-04-24,2018,0.0,117.6299999999992
2018-04-24,2018,0.005,53.48565
2018-04-24,2018,0.0075,80.22847499999999
2018-04-24,2018,0.01,106.9713
2018-04-24,2018,0.015,117.6299999999992
2018-04-27,2018,0.0,-37.38000000000102
2018-04-27,2018,0.005,-37.38000000000102
2018-04-27,2018,0.0075,-37.38000000000102
2018-04-27,2018,0.01,-37.38000000000102
2018-04-27,2018,0.015,-37.38000000000102
2018-05-02,2018,0.0,-39.06999999999971
2018-05-02,2018,0.005,-39.06999999999971
2018-05-02,2018,0.0075,-39.06999999999971
2018-05-02,2018,0.01,-39.06999999999971
2018-05-02,2018,0.015,-39.06999999999971
2018-05-04,2018,0.0,15.19000000000051
2018-05-04,2018,0.005,15.19000000000051
2018-05-04,2018,0.0075,15.19000000000051
2018-05-04,2018,0.01,15.19000000000051
2018-05-04,2018,0.015,15.19000000000051
2018-05-07,2018,0.0,-29.610000000000582
2018-05-07,2018,0.005,-29.610000000000582
2018-05-07,2018,0.0075,-29.610000000000582
2018-05-07,2018,0.01,-29.610000000000582
2018-05-07,2018,0.015,-29.610000000000582
2018-05-08,2018,0.0,86.46999999999935
2018-05-08,2018,0.005,53.02455
2018-05-08,2018,0.0075,79.536825
2018-05-08,2018,0.01,86.46999999999935
2018-05-08,2018,0.015,86.46999999999935
2018-05-09,2018,0.0,11.970000000001164
2018-05-09,2018,0.005,53.4569
2018-05-09,2018,0.0075,11.970000000001164
2018-05-09,2018,0.01,11.970000000001164
2018-05-09,2018,0.015,11.970000000001164
2018-05-10,2018,0.0,56.85999999999876
2018-05-10,2018,0.005,53.51675
2018-05-10,2018,0.0075,56.85999999999876
2018-05-10,2018,0.01,56.85999999999876
2018-05-10,2018,0.015,56.85999999999876
2018-05-11,2018,0.0,98.77000000000044
2018-05-11,2018,0.005,53.80105
2018-05-11,2018,0.0075,80.70157499999999
2018-05-11,2018,0.01,107.6021
2018-05-11,2018,0.015,98.77000000000044
2018-05-15,2018,0.0,-77.65999999999985
2018-05-15,2018,0.005,-77.65999999999985
2018-05-15,2018,0.0075,-77.65999999999985
2018-05-15,2018,0.01,-77.65999999999985
2018-05-15,2018,0.015,-77.65999999999985
2018-05-16,2018,0.0,-22.840000000000146
2018-05-16,2018,0.005,-22.840000000000146
2018-05-16,2018,0.0075,-22.840000000000146
2018-05-16,2018,0.01,-22.840000000000146
2018-05-16,2018,0.015,-22.840000000000146
2018-05-17,2018,0.0,-63.76000000000022
2018-05-17,2018,0.005,-63.76000000000022
2018-05-17,2018,0.0075,-63.76000000000022
2018-05-17,2018,0.01,-63.76000000000022
2018-05-17,2018,0.015,-63.76000000000022
2018-05-21,2018,0.0,-135.36000000000058
2018-05-21,2018,0.005,-135.36000000000058
2018-05-21,2018,0.0075,-135.36000000000058
2018-05-21,2018,0.01,-135.36000000000058
2018-05-21,2018,0.015,-135.36000000000058
2018-05-22,2018,0.0,-27.470000000001164
2018-05-22,2018,0.005,54.831
2018-05-22,2018,0.0075,-27.470000000001164
2018-05-22,2018,0.01,-27.470000000001164
2018-05-22,2018,0.015,-27.470000000001164
2018-05-23,2018,0.0,-52.54999999999927
2018-05-23,2018,0.005,-52.54999999999927
2018-05-23,2018,0.0075,-52.54999999999927
2018-05-23,2018,0.01,-52.54999999999927
2018-05-23,2018,0.015,-52.54999999999927
2018-05-24,2018,0.0,50.75
2018-05-24,2018,0.005,54.4309
2018-05-24,2018,0.0075,50.75
2018-05-24,2018,0.01,50.75
2018-05-24,2018,0.015,50.75
2018-05-25,2018,0.0,5.369999999998981
2018-05-25,2018,0.005,5.369999999998981
2018-05-25,2018,0.0075,5.369999999998981
2018-05-25,2018,0.01,5.369999999998981
2018-05-25,2018,0.015,5.369999999998981
2018-05-28,2018,0.0,45.470000000001164
2018-05-28,2018,0.005,54.7115
2018-05-28,2018,0.0075,45.470000000001164
2018-05-28,2018,0.01,45.470000000001164
2018-05-28,2018,0.015,45.470000000001164
2018-05-29,2018,0.0,-23.649999999999636
2018-05-29,2018,0.005,-23.649999999999636
2018-05-29,2018,0.0075,-23.649999999999636
2018-05-29,2018,0.01,-23.649999999999636
2018-05-29,2018,0.015,-23.649999999999636
2018-05-31,2018,0.0,53.789999999999054
2018-05-31,2018,0.005,54.105850000000004
2018-05-31,2018,0.0075,81.15877499999999
2018-05-31,2018,0.01,53.789999999999054
2018-05-31,2018,0.015,53.789999999999054
2018-06-04,2018,0.0,-36.26000000000022
2018-06-04,2018,0.005,-36.26000000000022
2018-06-04,2018,0.0075,-36.26000000000022
2018-06-04,2018,0.01,-36.26000000000022
2018-06-04,2018,0.015,-36.26000000000022
2018-06-05,2018,0.0,-9.389999999999418
2018-06-05,2018,0.005,-9.389999999999418
2018-06-05,2018,0.0075,-9.389999999999418
2018-06-05,2018,0.01,-9.389999999999418
2018-06-05,2018,0.015,-9.389999999999418
2018-06-06,2018,0.0,101.71999999999935
2018-06-06,2018,0.005,55.500550000000004
2018-06-06,2018,0.0075,83.250825
2018-06-06,2018,0.01,101.71999999999935
2018-06-06,2018,0.015,101.71999999999935
2018-06-07,2018,0.0,49.92000000000007
2018-06-07,2018,0.005,56.00915
2018-06-07,2018,0.0075,49.92000000000007
2018-06-07,2018,0.01,49.92000000000007
2018-06-07,2018,0.015,49.92000000000007
2018-06-13,2018,0.0,28.419999999998254
2018-06-13,2018,0.005,28.419999999998254
2018-06-13,2018,0.0075,28.419999999998254
2018-06-13,2018,0.01,28.419999999998254
2018-06-13,2018,0.015,28.419999999998254
2018-06-15,2018,0.0,73.48999999999978
2018-06-15,2018,0.005,55.0699
2018-06-15,2018,0.0075,73.48999999999978
2018-06-15,2018,0.01,73.48999999999978
2018-06-15,2018,0.015,73.48999999999978
2018-06-20,2018,0.0,-23.25
2018-06-20,2018,0.005,54.520950000000006
2018-06-20,2018,0.0075,-23.25
2018-06-20,2018,0.01,-23.25
2018-06-20,2018,0.015,-23.25
2018-06-21,2018,0.0,13.6299999999992
2018-06-21,2018,0.005,54.63720000000001
2018-06-21,2018,0.0075,13.6299999999992
2018-06-21,2018,0.01,13.6299999999992
2018-06-21,2018,0.015,13.6299999999992
2018-06-22,2018,0.0,41.789999999999054
2018-06-22,2018,0.005,54.70535
2018-06-22,2018,0.0075,82.058025
2018-06-22,2018,0.01,109.4107
2018-06-22,2018,0.015,41.789999999999054
2018-06-27,2018,0.0,-41.13999999999942
2018-06-27,2018,0.005,53.71085
2018-06-27,2018,0.0075,-41.13999999999942
2018-06-27,2018,0.01,-41.13999999999942
2018-06-27,2018,0.015,-41.13999999999942
2018-06-29,2018,0.0,182.6299999999992
2018-06-29,2018,0.005,53.27140000000001
2018-06-29,2018,0.0075,79.9071
2018-06-29,2018,0.01,106.54280000000001
2018-06-29,2018,0.015,159.8142
2018-07-02,2018,0.0,-58.969999999999345
2018-07-02,2018,0.005,-58.969999999999345
2018-07-02,2018,0.0075,-58.969999999999345
2018-07-02,2018,0.01,-58.969999999999345
2018-07-02,2018,0.015,-58.969999999999345
2018-07-03,2018,0.0,-62.220000000001164
2018-07-03,2018,0.005,53.889700000000005
2018-07-03,2018,0.0075,80.83455000000001
2018-07-03,2018,0.01,-62.220000000001164
2018-07-03,2018,0.015,-62.220000000001164
2018-07-04,2018,0.0,-6.150000000001455
2018-07-04,2018,0.005,-6.150000000001455
2018-07-04,2018,0.0075,-6.150000000001455
2018-07-04,2018,0.01,-6.150000000001455
2018-07-04,2018,0.015,-6.150000000001455
2018-07-05,2018,0.0,110.06000000000131
2018-07-05,2018,0.005,53.609350000000006
2018-07-05,2018,0.0075,80.41402500000001
2018-07-05,2018,0.01,107.21870000000001
2018-07-05,2018,0.015,110.06000000000131
2018-07-06,2018,0.0,3.290000000000873
2018-07-06,2018,0.005,53.05930000000001
2018-07-06,2018,0.0075,79.58895
2018-07-06,2018,0.01,3.290000000000873
2018-07-06,2018,0.015,3.290000000000873
2018-07-09,2018,0.0,111.71000000000095
2018-07-09,2018,0.005,53.04285
2018-07-09,2018,0.0075,79.564275
2018-07-09,2018,0.01,106.0857
2018-07-09,2018,0.015,111.71000000000095
2018-07-10,2018,0.0,36.60999999999876
2018-07-10,2018,0.005,53.601400000000005
2018-07-10,2018,0.0075,36.60999999999876
2018-07-10,2018,0.01,36.60999999999876
2018-07-10,2018,0.015,36.60999999999876
2018-07-11,2018,0.0,-80.04999999999927
2018-07-11,2018,0.005,-80.04999999999927
2018-07-11,2018,0.0075,-80.04999999999927
2018-07-11,2018,0.01,-80.04999999999927
2018-07-11,2018,0.015,-80.04999999999927
2018-07-13,2018,0.0,126.16000000000167
2018-07-13,2018,0.005,53.6919
2018-07-13,2018,0.0075,80.53784999999999
2018-07-13,2018,0.01,107.3838
2018-07-13,2018,0.015,126.16000000000167
2018-07-18,2018,0.0,63.469999999999345
2018-07-18,2018,0.005,53.89495
2018-07-18,2018,0.0075,80.84242499999999
2018-07-18,2018,0.01,63.469999999999345
2018-07-18,2018,0.015,63.469999999999345
2018-07-19,2018,0.0,-7.079999999999927
2018-07-19,2018,0.005,-7.079999999999927
2018-07-19,2018,0.0075,-7.079999999999927
2018-07-19,2018,0.01,-7.079999999999927
2018-07-19,2018,0.015,-7.079999999999927
2018-07-24,2018,0.0,48.5
2018-07-24,2018,0.005,48.5
2018-07-24,2018,0.0075,48.5
2018-07-24,2018,0.01,48.5
2018-07-24,2018,0.015,48.5
2018-07-25,2018,0.0,29.599999999998545
2018-07-25,2018,0.005,29.599999999998545
2018-07-25,2018,0.0075,29.599999999998545
2018-07-25,2018,0.01,29.599999999998545
2018-07-25,2018,0.015,29.599999999998545
2018-07-26,2018,0.0,44.81999999999971
2018-07-26,2018,0.005,44.81999999999971
2018-07-26,2018,0.0075,44.81999999999971
2018-07-26,2018,0.01,44.81999999999971
2018-07-26,2018,0.015,44.81999999999971
2018-07-27,2018,0.0,65.17000000000007
2018-07-27,2018,0.005,55.053050000000006
2018-07-27,2018,0.0075,65.17000000000007
2018-07-27,2018,0.01,65.17000000000007
2018-07-27,2018,0.015,65.17000000000007
2018-08-01,2018,0.0,40.61999999999898
2018-08-01,2018,0.005,40.61999999999898
2018-08-01,2018,0.0075,40.61999999999898
2018-08-01,2018,0.01,40.61999999999898
2018-08-01,2018,0.015,40.61999999999898
2018-08-03,2018,0.0,82.65999999999985
2018-08-03,2018,0.005,54.64885
2018-08-03,2018,0.0075,81.973275
2018-08-03,2018,0.01,82.65999999999985
2018-08-03,2018,0.015,82.65999999999985
2018-08-06,2018,0.0,11.670000000000073
2018-08-06,2018,0.005,11.670000000000073
2018-08-06,2018,0.0075,11.670000000000073
2018-08-06,2018,0.01,11.670000000000073
2018-08-06,2018,0.015,11.670000000000073
2018-08-07,2018,0.0,-40.659999999999854
2018-08-07,2018,0.005,-40.659999999999854
2018-08-07,2018,0.0075,-40.659999999999854
2018-08-07,2018,0.01,-40.659999999999854
2018-08-07,2018,0.015,-40.659999999999854
2018-08-08,2018,0.0,91.80999999999949
2018-08-08,2018,0.005,54.9172
2018-08-08,2018,0.0075,82.3758
2018-08-08,2018,0.01,109.8344
2018-08-08,2018,0.015,91.80999999999949
2018-08-09,2018,0.0,-47.18000000000029
2018-08-09,2018,0.005,-47.18000000000029
2018-08-09,2018,0.0075,-47.18000000000029
2018-08-09,2018,0.01,-47.18000000000029
2018-08-09,2018,0.015,-47.18000000000029
2018-08-10,2018,0.0,44.38999999999942
2018-08-10,2018,0.005,55.14035
2018-08-10,2018,0.0075,44.38999999999942
2018-08-10,2018,0.01,44.38999999999942
2018-08-10,2018,0.015,44.38999999999942
2018-08-14,2018,0.0,75.30999999999949
2018-08-14,2018,0.005,53.7446
2018-08-14,2018,0.0075,80.6169
2018-08-14,2018,0.01,75.30999999999949
2018-08-14,2018,0.015,75.30999999999949
2018-08-16,2018,0.0,32.850000000000364
2018-08-16,2018,0.005,53.58375
2018-08-16,2018,0.0075,80.375625
2018-08-16,2018,0.01,107.1675
2018-08-16,2018,0.015,32.850000000000364
2018-08-22,2018,0.0,12.0
2018-08-22,2018,0.005,12.0
2018-08-22,2018,0.0075,12.0
2018-08-22,2018,0.01,12.0
2018-08-22,2018,0.015,12.0
2018-08-23,2018,0.0,58.92999999999847
2018-08-23,2018,0.005,54.02100000000001
2018-08-23,2018,0.0075,58.92999999999847
2018-08-23,2018,0.01,58.92999999999847
2018-08-23,2018,0.015,58.92999999999847
2018-08-24,2018,0.0,-53.779999999998836
2018-08-24,2018,0.005,-53.779999999998836
2018-08-24,2018,0.0075,-53.779999999998836
2018-08-24,2018,0.01,-53.779999999998836
2018-08-24,2018,0.015,-53.779999999998836
2018-08-27,2018,0.0,92.85999999999876
2018-08-27,2018,0.005,54.04675
2018-08-27,2018,0.0075,81.070125
2018-08-27,2018,0.01,92.85999999999876
2018-08-27,2018,0.015,92.85999999999876
2018-08-28,2018,0.0,87.34000000000015
2018-08-28,2018,0.005,54.51105
2018-08-28,2018,0.0075,81.76657499999999
2018-08-28,2018,0.01,87.34000000000015
2018-08-28,2018,0.015,87.34000000000015
2018-08-29,2018,0.0,110.02000000000044
2018-08-29,2018,0.005,54.94775
2018-08-29,2018,0.0075,82.42162499999999
2018-08-29,2018,0.01,109.8955
2018-08-29,2018,0.015,110.02000000000044
2018-08-30,2018,0.0,-5.819999999999709
2018-08-30,2018,0.005,55.49785
2018-08-30,2018,0.0075,83.246775
2018-08-30,2018,0.01,-5.819999999999709
2018-08-30,2018,0.015,-5.819999999999709
2018-09-03,2018,0.0,-99.72000000000116
2018-09-03,2018,0.005,-99.72000000000116
2018-09-03,2018,0.0075,-99.72000000000116
2018-09-03,2018,0.01,-99.72000000000116
2018-09-03,2018,0.015,-99.72000000000116
2018-09-04,2018,0.0,57.159999999999854
2018-09-04,2018,0.005,54.8211
2018-09-04,2018,0.0075,57.159999999999854
2018-09-04,2018,0.01,57.159999999999854
2018-09-04,2018,0.015,57.159999999999854
2018-09-05,2018,0.0,-26.25
2018-09-05,2018,0.005,-26.25
2018-09-05,2018,0.0075,-26.25
2018-09-05,2018,0.01,-26.25
2018-09-05,2018,0.015,-26.25
2018-09-11,2018,0.0,26.5
2018-09-11,2018,0.005,26.5
2018-09-11,2018,0.0075,26.5
2018-09-11,2018,0.01,26.5
2018-09-11,2018,0.015,26.5
2018-09-12,2018,0.0,29.729999999999563
2018-09-12,2018,0.005,53.7615
2018-09-12,2018,0.0075,80.64224999999999
2018-09-12,2018,0.01,29.729999999999563
2018-09-12,2018,0.015,29.729999999999563
2018-09-13,2018,0.0,-4.6599999999998545
2018-09-13,2018,0.005,-4.6599999999998545
2018-09-13,2018,0.0075,-4.6599999999998545
2018-09-13,2018,0.01,-4.6599999999998545
2018-09-13,2018,0.015,-4.6599999999998545
2018-09-14,2018,0.0,140.90999999999985
2018-09-14,2018,0.005,53.63615
2018-09-14,2018,0.0075,80.454225
2018-09-14,2018,0.01,107.2723
2018-09-14,2018,0.015,140.90999999999985
2018-09-17,2018,0.0,-39.529999999998836
2018-09-17,2018,0.005,-39.529999999998836
2018-09-17,2018,0.0075,-39.529999999998836
2018-09-17,2018,0.01,-39.529999999998836
2018-09-17,2018,0.015,-39.529999999998836
2018-09-18,2018,0.0,68.40000000000146
2018-09-18,2018,0.005,54.14305
2018-09-18,2018,0.0075,68.40000000000146
2018-09-18,2018,0.01,68.40000000000146
2018-09-18,2018,0.015,68.40000000000146
2018-09-19,2018,0.0,97.06000000000131
2018-09-19,2018,0.005,53.80105
2018-09-19,2018,0.0075,80.70157499999999
2018-09-19,2018,0.01,107.6021
2018-09-19,2018,0.015,97.06000000000131
2018-09-20,2018,0.0,-25.860000000000582
2018-09-20,2018,0.005,-25.860000000000582
2018-09-20,2018,0.0075,-25.860000000000582
2018-09-20,2018,0.01,-25.860000000000582
2018-09-20,2018,0.015,-25.860000000000582
2018-09-21,2018,0.0,141.0
2018-09-21,2018,0.005,54.15705
2018-09-21,2018,0.0075,81.235575
2018-09-21,2018,0.01,108.3141
2018-09-21,2018,0.015,141.0
2018-09-25,2018,0.0,6.440000000000509
2018-09-25,2018,0.005,6.440000000000509
2018-09-25,2018,0.0075,6.440000000000509
2018-09-25,2018,0.01,6.440000000000509
2018-09-25,2018,0.015,6.440000000000509
2018-09-26,2018,0.0,4.6599999999998545
2018-09-26,2018,0.005,4.6599999999998545
2018-09-26,2018,0.0075,4.6599999999998545
2018-09-26,2018,0.01,4.6599999999998545
2018-09-26,2018,0.015,4.6599999999998545
2018-09-28,2018,0.0,-27.850000000000364
2018-09-28,2018,0.005,-27.850000000000364
2018-09-28,2018,0.0075,-27.850000000000364
2018-09-28,2018,0.01,-27.850000000000364
2018-09-28,2018,0.015,-27.850000000000364
2018-10-01,2018,0.0,45.45999999999913
2018-10-01,2018,0.005,55.0317
2018-10-01,2018,0.0075,45.45999999999913
2018-10-01,2018,0.01,45.45999999999913
2018-10-01,2018,0.015,45.45999999999913
2018-10-02,2018,0.0,-132.17000000000007
2018-10-02,2018,0.005,-132.17000000000007
2018-10-02,2018,0.0075,-132.17000000000007
2018-10-02,2018,0.01,-132.17000000000007
2018-10-02,2018,0.015,-132.17000000000007
2018-10-03,2018,0.0,-55.68999999999869
2018-10-03,2018,0.005,-55.68999999999869
2018-10-03,2018,0.0075,-55.68999999999869
2018-10-03,2018,0.01,-55.68999999999869
2018-10-03,2018,0.015,-55.68999999999869
2018-10-04,2018,0.0,-145.03000000000065
2018-10-04,2018,0.005,-145.03000000000065
2018-10-04,2018,0.0075,-145.03000000000065
2018-10-04,2018,0.01,-145.03000000000065
2018-10-04,2018,0.015,-145.03000000000065
2018-10-05,2018,0.0,201.78999999999905
2018-10-05,2018,0.005,53.59455
2018-10-05,2018,0.0075,80.391825
2018-10-05,2018,0.01,107.1891
2018-10-05,2018,0.015,160.78365
2018-10-09,2018,0.0,-10.899999999999636
2018-10-09,2018,0.005,-10.899999999999636
2018-10-09,2018,0.0075,-10.899999999999636
2018-10-09,2018,0.01,-10.899999999999636
2018-10-09,2018,0.015,-10.899999999999636
2018-10-12,2018,0.0,-239.6999999999989
2018-10-12,2018,0.005,49.030550000000005
2018-10-12,2018,0.0075,-239.6999999999989
2018-10-12,2018,0.01,-239.6999999999989
2018-10-12,2018,0.015,-239.6999999999989
2018-10-15,2018,0.0,-144.6899999999987
2018-10-15,2018,0.005,-144.6899999999987
2018-10-15,2018,0.0075,-144.6899999999987
2018-10-15,2018,0.01,-144.6899999999987
2018-10-15,2018,0.015,-144.6899999999987
2018-10-17,2018,0.0,93.01000000000022
2018-10-17,2018,0.005,50.360749999999996
2018-10-17,2018,0.0075,75.541125
2018-10-17,2018,0.01,93.01000000000022
2018-10-17,2018,0.015,93.01000000000022
2018-10-22,2018,0.0,-55.02000000000044
2018-10-22,2018,0.005,49.5963
2018-10-22,2018,0.0075,74.39444999999999
2018-10-22,2018,0.01,-55.02000000000044
2018-10-22,2018,0.015,-55.02000000000044
2018-10-23,2018,0.0,-199.07999999999993
2018-10-23,2018,0.005,-199.07999999999993
2018-10-23,2018,0.0075,-199.07999999999993
2018-10-23,2018,0.01,-199.07999999999993
2018-10-23,2018,0.015,-199.07999999999993
2018-10-26,2018,0.0,64.38999999999942
2018-10-26,2018,0.005,47.76785
2018-10-26,2018,0.0075,71.651775
2018-10-26,2018,0.01,95.5357
2018-10-26,2018,0.015,143.30355
2018-10-29,2018,0.0,-27.139999999999418
2018-10-29,2018,0.005,-27.139999999999418
2018-10-29,2018,0.0075,-27.139999999999418
2018-10-29,2018,0.01,-27.139999999999418
2018-10-29,2018,0.015,-27.139999999999418
2018-10-30,2018,0.0,-9.790000000000873
2018-10-30,2018,0.005,-9.790000000000873
2018-10-30,2018,0.0075,-9.790000000000873
2018-10-30,2018,0.01,-9.790000000000873
2018-10-30,2018,0.015,-9.790000000000873
2018-10-31,2018,0.0,-91.65999999999985
2018-10-31,2018,0.005,-91.65999999999985
2018-10-31,2018,0.0075,-91.65999999999985
2018-10-31,2018,0.01,-91.65999999999985
2018-10-31,2018,0.015,-91.65999999999985
2018-11-01,2018,0.0,42.61000000000058
2018-11-01,2018,0.005,49.01065
2018-11-01,2018,0.0075,42.61000000000058
2018-11-01,2018,0.01,42.61000000000058
2018-11-01,2018,0.015,42.61000000000058
2018-11-02,2018,0.0,-29.44000000000051
2018-11-02,2018,0.005,49.38575
2018-11-02,2018,0.0075,-29.44000000000051
2018-11-02,2018,0.01,-29.44000000000051
2018-11-02,2018,0.015,-29.44000000000051
2018-11-05,2018,0.0,16.780000000000655
2018-11-05,2018,0.005,49.53295
2018-11-05,2018,0.0075,74.299425
2018-11-05,2018,0.01,99.0659
2018-11-05,2018,0.015,16.780000000000655
2018-11-07,2018,0.0,83.39999999999964
2018-11-07,2018,0.005,49.124750000000006
2018-11-07,2018,0.0075,73.68712500000001
2018-11-07,2018,0.01,83.39999999999964
2018-11-07,2018,0.015,83.39999999999964
2018-11-08,2018,0.0,36.95999999999913
2018-11-08,2018,0.005,49.54175
2018-11-08,2018,0.0075,74.312625
2018-11-08,2018,0.01,99.0835
2018-11-08,2018,0.015,36.95999999999913
2018-11-12,2018,0.0,-1.1999999999989086
2018-11-12,2018,0.005,49.15005
2018-11-12,2018,0.0075,-1.1999999999989086
2018-11-12,2018,0.01,-1.1999999999989086
2018-11-12,2018,0.015,-1.1999999999989086
2018-11-14,2018,0.0,16.039999999999054
2018-11-14,2018,0.005,16.039999999999054
2018-11-14,2018,0.0075,16.039999999999054
2018-11-14,2018,0.01,16.039999999999054
2018-11-14,2018,0.015,16.039999999999054
2018-11-15,2018,0.0,34.57999999999993
2018-11-15,2018,0.005,48.959399999999995
2018-11-15,2018,0.0075,34.57999999999993
2018-11-15,2018,0.01,34.57999999999993
2018-11-15,2018,0.015,34.57999999999993
2018-11-16,2018,0.0,34.42000000000007
2018-11-16,2018,0.005,49.15755
2018-11-16,2018,0.0075,34.42000000000007
2018-11-16,2018,0.01,34.42000000000007
2018-11-16,2018,0.015,34.42000000000007
2018-11-19,2018,0.0,-31.600000000000364
2018-11-19,2018,0.005,-31.600000000000364
2018-11-19,2018,0.0075,-31.600000000000364
2018-11-19,2018,0.01,-31.600000000000364
2018-11-19,2018,0.015,-31.600000000000364
2018-11-21,2018,0.0,-2.469999999999345
2018-11-21,2018,0.005,-2.469999999999345
2018-11-21,2018,0.0075,-2.469999999999345
2018-11-21,2018,0.01,-2.469999999999345
2018-11-21,2018,0.015,-2.469999999999345
2018-11-22,2018,0.0,-26.81000000000131
2018-11-22,2018,0.005,48.707600000000006
2018-11-22,2018,0.0075,-26.81000000000131
2018-11-22,2018,0.01,-26.81000000000131
2018-11-22,2018,0.015,-26.81000000000131
2018-11-23,2018,0.0,-47.409999999999854
2018-11-23,2018,0.005,-47.409999999999854
2018-11-23,2018,0.0075,-47.409999999999854
2018-11-23,2018,0.01,-47.409999999999854
2018-11-23,2018,0.015,-47.409999999999854
2018-11-27,2018,0.0,13.260000000000218
2018-11-27,2018,0.005,13.260000000000218
2018-11-27,2018,0.0075,13.260000000000218
2018-11-27,2018,0.01,13.260000000000218
2018-11-27,2018,0.015,13.260000000000218
2018-11-28,2018,0.0,105.68999999999869
2018-11-28,2018,0.005,48.893100000000004
2018-11-28,2018,0.0075,73.33965
2018-11-28,2018,0.01,97.78620000000001
2018-11-28,2018,0.015,105.68999999999869
2018-11-29,2018,0.0,66.55999999999949
2018-11-29,2018,0.005,49.7596
2018-11-29,2018,0.0075,66.55999999999949
2018-11-29,2018,0.01,66.55999999999949
2018-11-29,2018,0.015,66.55999999999949
2018-12-03,2018,0.0,249.84000000000015
2018-12-03,2018,0.005,49.44015
2018-12-03,2018,0.0075,74.160225
2018-12-03,2018,0.01,98.8803
2018-12-03,2018,0.015,148.32045
2018-12-04,2018,0.0,21.219999999999345
2018-12-04,2018,0.005,21.219999999999345
2018-12-04,2018,0.0075,21.219999999999345
2018-12-04,2018,0.01,21.219999999999345
2018-12-04,2018,0.015,21.219999999999345
2018-12-11,2018,0.0,59.5
2018-12-11,2018,0.005,48.237700000000004
2018-12-11,2018,0.0075,72.35655
2018-12-11,2018,0.01,59.5
2018-12-11,2018,0.015,59.5
2018-12-12,2018,0.0,109.40999999999985
2018-12-12,2018,0.005,48.5352
2018-12-12,2018,0.0075,72.8028
2018-12-12,2018,0.01,97.0704
2018-12-12,2018,0.015,109.40999999999985
2018-12-13,2018,0.0,42.30999999999949
2018-12-13,2018,0.005,49.08225
2018-12-13,2018,0.0075,42.30999999999949
2018-12-13,2018,0.01,42.30999999999949
2018-12-13,2018,0.015,42.30999999999949
2018-12-17,2018,0.0,-13.3700000000008
2018-12-17,2018,0.005,-13.3700000000008
2018-12-17,2018,0.0075,-13.3700000000008
2018-12-17,2018,0.01,-13.3700000000008
2018-12-17,2018,0.015,-13.3700000000008
2018-12-18,2018,0.0,68.71000000000095
2018-12-18,2018,0.005,48.937650000000005
2018-12-18,2018,0.0075,73.406475
2018-12-18,2018,0.01,68.71000000000095
2018-12-18,2018,0.015,68.71000000000095
2018-12-19,2018,0.0,64.38999999999942
2018-12-19,2018,0.005,48.5941
2018-12-19,2018,0.0075,64.38999999999942
2018-12-19,2018,0.01,64.38999999999942
2018-12-19,2018,0.015,64.38999999999942
2018-12-22,2018,0.0,30.51000000000022
2018-12-22,2018,0.005,48.38335
2018-12-22,2018,0.0075,30.51000000000022
2018-12-22,2018,0.01,30.51000000000022
2018-12-22,2018,0.015,30.51000000000022
2018-12-24,2018,0.0,6.459999999999127
2018-12-24,2018,0.005,6.459999999999127
2018-12-24,2018,0.0075,6.459999999999127
2018-12-24,2018,0.01,6.459999999999127
2018-12-24,2018,0.015,6.459999999999127
2018-12-27,2018,0.0,-25.26000000000022
2018-12-27,2018,0.005,-25.26000000000022
2018-12-27,2018,0.0075,-25.26000000000022
2018-12-27,2018,0.01,-25.26000000000022
2018-12-27,2018,0.015,-25.26000000000022
2018-12-28,2018,0.0,85.85000000000036
2018-12-28,2018,0.005,48.2078
2018-12-28,2018,0.0075,72.31169999999999
2018-12-28,2018,0.01,85.85000000000036
2018-12-28,2018,0.015,85.85000000000036
2019-01-02,2019,0.0,-173.27000000000044
2019-01-02,2019,0.005,-173.27000000000044
2019-01-02,2019,0.0075,-173.27000000000044
2019-01-02,2019,0.01,-173.27000000000044
2019-01-02,2019,0.015,-173.27000000000044
2019-01-03,2019,0.0,-61.719999999999345
2019-01-03,2019,0.005,-61.719999999999345
2019-01-03,2019,0.0075,-61.719999999999345
2019-01-03,2019,0.01,-61.719999999999345
2019-01-03,2019,0.015,-61.719999999999345
2019-01-07,2019,0.0,-52.779999999998836
2019-01-07,2019,0.005,-52.779999999998836
2019-01-07,2019,0.0075,-52.779999999998836
2019-01-07,2019,0.01,-52.779999999998836
2019-01-07,2019,0.015,-52.779999999998836
2019-01-08,2019,0.0,-26.69999999999891
2019-01-08,2019,0.005,-26.69999999999891
2019-01-08,2019,0.0075,-26.69999999999891
2019-01-08,2019,0.01,-26.69999999999891
2019-01-08,2019,0.015,-26.69999999999891
2019-01-10,2019,0.0,-19.220000000001164
2019-01-10,2019,0.005,-19.220000000001164
2019-01-10,2019,0.0075,-19.220000000001164
2019-01-10,2019,0.01,-19.220000000001164
2019-01-10,2019,0.015,-19.220000000001164
2019-01-11,2019,0.0,38.70999999999913
2019-01-11,2019,0.005,48.60345
2019-01-11,2019,0.0075,72.905175
2019-01-11,2019,0.01,38.70999999999913
2019-01-11,2019,0.015,38.70999999999913
2019-01-14,2019,0.0,-51.18000000000029
2019-01-14,2019,0.005,-51.18000000000029
2019-01-14,2019,0.0075,-51.18000000000029
2019-01-14,2019,0.01,-51.18000000000029
2019-01-14,2019,0.015,-51.18000000000029
2019-01-15,2019,0.0,-97.82000000000153
2019-01-15,2019,0.005,-97.82000000000153
2019-01-15,2019,0.0075,-97.82000000000153
2019-01-15,2019,0.01,-97.82000000000153
2019-01-15,2019,0.015,-97.82000000000153
2019-01-16,2019,0.0,-42.23000000000138
2019-01-16,2019,0.005,-42.23000000000138
2019-01-16,2019,0.0075,-42.23000000000138
2019-01-16,2019,0.01,-42.23000000000138
2019-01-16,2019,0.015,-42.23000000000138
2019-01-18,2019,0.0,46.909999999999854
2019-01-18,2019,0.005,48.94575
2019-01-18,2019,0.0075,46.909999999999854
2019-01-18,2019,0.01,46.909999999999854
2019-01-18,2019,0.015,46.909999999999854
2019-01-21,2019,0.0,8.540000000000873
2019-01-21,2019,0.005,8.540000000000873
2019-01-21,2019,0.0075,8.540000000000873
2019-01-21,2019,0.01,8.540000000000873
2019-01-21,2019,0.015,8.540000000000873
2019-01-22,2019,0.0,-21.049999999999272
2019-01-22,2019,0.005,-21.049999999999272
2019-01-22,2019,0.0075,-21.049999999999272
2019-01-22,2019,0.01,-21.049999999999272
2019-01-22,2019,0.015,-21.049999999999272
2019-01-25,2019,0.0,-4.6599999999998545
2019-01-25,2019,0.005,-4.6599999999998545
2019-01-25,2019,0.0075,-4.6599999999998545
2019-01-25,2019,0.01,-4.6599999999998545
2019-01-25,2019,0.015,-4.6599999999998545
2019-01-28,2019,0.0,1.4099999999998545
2019-01-28,2019,0.005,1.4099999999998545
2019-01-28,2019,0.0075,1.4099999999998545
2019-01-28,2019,0.01,1.4099999999998545
2019-01-28,2019,0.015,1.4099999999998545
2019-01-30,2019,0.0,-0.6700000000000728
2019-01-30,2019,0.005,-0.6700000000000728
2019-01-30,2019,0.0075,-0.6700000000000728
2019-01-30,2019,0.01,-0.6700000000000728
2019-01-30,2019,0.015,-0.6700000000000728
2019-02-12,2019,0.0,93.48999999999978
2019-02-12,2019,0.005,50.02125
2019-02-12,2019,0.0075,75.031875
2019-02-12,2019,0.01,93.48999999999978
2019-02-12,2019,0.015,93.48999999999978
2019-02-13,2019,0.0,6.790000000000873
2019-02-13,2019,0.005,6.790000000000873
2019-02-13,2019,0.0075,6.790000000000873
2019-02-13,2019,0.01,6.790000000000873
2019-02-13,2019,0.015,6.790000000000873
2019-02-14,2019,0.0,-1.569999999999709
2019-02-14,2019,0.005,-1.569999999999709
2019-02-14,2019,0.0075,-1.569999999999709
2019-02-14,2019,0.01,-1.569999999999709
2019-02-14,2019,0.015,-1.569999999999709
2019-02-15,2019,0.0,-24.229999999999563
2019-02-15,2019,0.005,-24.229999999999563
2019-02-15,2019,0.0075,-24.229999999999563
2019-02-15,2019,0.01,-24.229999999999563
2019-02-15,2019,0.015,-24.229999999999563
2019-02-18,2019,0.0,80.5
2019-02-18,2019,0.005,50.3239
2019-02-18,2019,0.0075,75.48585
2019-02-18,2019,0.01,100.6478
2019-02-18,2019,0.015,80.5
2019-02-19,2019,0.0,6.979999999999563
2019-02-19,2019,0.005,6.979999999999563
2019-02-19,2019,0.0075,6.979999999999563
2019-02-19,2019,0.01,6.979999999999563
2019-02-19,2019,0.015,6.979999999999563
2019-02-21,2019,0.0,47.07000000000153
2019-02-21,2019,0.005,47.07000000000153
2019-02-21,2019,0.0075,47.07000000000153
2019-02-21,2019,0.01,47.07000000000153
2019-02-21,2019,0.015,47.07000000000153
2019-02-25,2019,0.0,68.01000000000022
2019-02-25,2019,0.005,51.6146
2019-02-25,2019,0.0075,68.01000000000022
2019-02-25,2019,0.01,68.01000000000022
2019-02-25,2019,0.015,68.01000000000022
2019-02-26,2019,0.0,0.6199999999989814
2019-02-26,2019,0.005,0.6199999999989814
2019-02-26,2019,0.0075,0.6199999999989814
2019-02-26,2019,0.01,0.6199999999989814
2019-02-26,2019,0.015,0.6199999999989814
2019-03-04,2019,0.0,-39.29000000000087
2019-03-04,2019,0.005,-39.29000000000087
2019-03-04,2019,0.0075,-39.29000000000087
2019-03-04,2019,0.01,-39.29000000000087
2019-03-04,2019,0.015,-39.29000000000087
2019-03-05,2019,0.0,-44.61999999999898
2019-03-05,2019,0.005,-44.61999999999898
2019-03-05,2019,0.0075,-44.61999999999898
2019-03-05,2019,0.01,-44.61999999999898
2019-03-05,2019,0.015,-44.61999999999898
2019-03-07,2019,0.0,45.469999999999345
2019-03-07,2019,0.005,51.78575
2019-03-07,2019,0.0075,45.469999999999345
2019-03-07,2019,0.01,45.469999999999345
2019-03-07,2019,0.015,45.469999999999345
2019-03-08,2019,0.0,69.93000000000029
2019-03-08,2019,0.005,51.558400000000006
2019-03-08,2019,0.0075,77.3376
2019-03-08,2019,0.01,103.11680000000001
2019-03-08,2019,0.015,69.93000000000029
2019-03-12,2019,0.0,6.280000000000655
2019-03-12,2019,0.005,6.280000000000655
2019-03-12,2019,0.0075,6.280000000000655
2019-03-12,2019,0.01,6.280000000000655
2019-03-12,2019,0.015,6.280000000000655
2019-03-13,2019,0.0,29.98999999999978
2019-03-13,2019,0.005,29.98999999999978
2019-03-13,2019,0.0075,29.98999999999978
2019-03-13,2019,0.01,29.98999999999978
2019-03-13,2019,0.015,29.98999999999978
2019-03-14,2019,0.0,-24.670000000000073
2019-03-14,2019,0.005,-24.670000000000073
2019-03-14,2019,0.0075,-24.670000000000073
2019-03-14,2019,0.01,-24.670000000000073
2019-03-14,2019,0.015,-24.670000000000073
2019-03-18,2019,0.0,-44.9900000000016
2019-03-18,2019,0.005,-44.9900000000016
2019-03-18,2019,0.0075,-44.9900000000016
2019-03-18,2019,0.01,-44.9900000000016
2019-03-18,2019,0.015,-44.9900000000016
2019-03-20,2019,0.0,39.23999999999978
2019-03-20,2019,0.005,39.23999999999978
2019-03-20,2019,0.0075,39.23999999999978
2019-03-20,2019,0.01,39.23999999999978
2019-03-20,2019,0.015,39.23999999999978
2019-03-21,2019,0.0,-57.98999999999978
2019-03-21,2019,0.005,-57.98999999999978
2019-03-21,2019,0.0075,-57.98999999999978
2019-03-21,2019,0.01,-57.98999999999978
2019-03-21,2019,0.015,-57.98999999999978
2019-03-22,2019,0.0,11.420000000000073
2019-03-22,2019,0.005,53.25245
2019-03-22,2019,0.0075,11.420000000000073
2019-03-22,2019,0.01,11.420000000000073
2019-03-22,2019,0.015,11.420000000000073
2019-03-26,2019,0.0,-79.72000000000116
2019-03-26,2019,0.005,-79.72000000000116
2019-03-26,2019,0.0075,-79.72000000000116
2019-03-26,2019,0.01,-79.72000000000116
2019-03-26,2019,0.015,-79.72000000000116
2019-03-27,2019,0.0,-16.5
2019-03-27,2019,0.005,-16.5
2019-03-27,2019,0.0075,-16.5
2019-03-27,2019,0.01,-16.5
2019-03-27,2019,0.015,-16.5
2019-03-28,2019,0.0,6.440000000000509
2019-03-28,2019,0.005,6.440000000000509
2019-03-28,2019,0.0075,6.440000000000509
2019-03-28,2019,0.01,6.440000000000509
2019-03-28,2019,0.015,6.440000000000509
2019-04-01,2019,0.0,1.5899999999983265
2019-04-01,2019,0.005,53.205200000000005
2019-04-01,2019,0.0075,79.8078
2019-04-01,2019,0.01,1.5899999999983265
2019-04-01,2019,0.015,1.5899999999983265
2019-04-02,2019,0.0,13.69000000000051
2019-04-02,2019,0.005,13.69000000000051
2019-04-02,2019,0.0075,13.69000000000051
2019-04-02,2019,0.01,13.69000000000051
2019-04-02,2019,0.015,13.69000000000051
2019-04-03,2019,0.0,14.079999999999927
2019-04-03,2019,0.005,14.079999999999927
2019-04-03,2019,0.0075,14.079999999999927
2019-04-03,2019,0.01,14.079999999999927
2019-04-03,2019,0.015,14.079999999999927
2019-04-08,2019,0.0,96.19000000000051
2019-04-08,2019,0.005,53.521899999999995
2019-04-08,2019,0.0075,80.28285
2019-04-08,2019,0.01,96.19000000000051
2019-04-08,2019,0.015,96.19000000000051
2019-04-09,2019,0.0,51.030000000000655
2019-04-09,2019,0.005,51.030000000000655
2019-04-09,2019,0.0075,51.030000000000655
2019-04-09,2019,0.01,51.030000000000655
2019-04-09,2019,0.015,51.030000000000655
2019-04-10,2019,0.0,-16.539999999999054
2019-04-10,2019,0.005,-16.539999999999054
2019-04-10,2019,0.0075,-16.539999999999054
2019-04-10,2019,0.01,-16.539999999999054
2019-04-10,2019,0.015,-16.539999999999054
2019-04-11,2019,0.0,-59.36999999999898
2019-04-11,2019,0.005,-59.36999999999898
2019-04-11,2019,0.0075,-59.36999999999898
2019-04-11,2019,0.01,-59.36999999999898
2019-04-11,2019,0.015,-59.36999999999898
2019-04-15,2019,0.0,70.30000000000109
2019-04-15,2019,0.005,54.0265
2019-04-15,2019,0.0075,81.03975
2019-04-15,2019,0.01,70.30000000000109
2019-04-15,2019,0.015,70.30000000000109
2019-04-17,2019,0.0,-18.270000000000437
2019-04-17,2019,0.005,-18.270000000000437
2019-04-17,2019,0.0075,-18.270000000000437
2019-04-17,2019,0.01,-18.270000000000437
2019-04-17,2019,0.015,-18.270000000000437
2019-04-18,2019,0.0,-35.23999999999978
2019-04-18,2019,0.005,54.9863
2019-04-18,2019,0.0075,-35.23999999999978
2019-04-18,2019,0.01,-35.23999999999978
2019-04-18,2019,0.015,-35.23999999999978
2019-04-19,2019,0.0,6.479999999999563
2019-04-19,2019,0.005,54.810100000000006
2019-04-19,2019,0.0075,82.21515
2019-04-19,2019,0.01,6.479999999999563
2019-04-19,2019,0.015,6.479999999999563
2019-04-22,2019,0.0,19.209999999999127
2019-04-22,2019,0.005,54.8425
2019-04-22,2019,0.0075,19.209999999999127
2019-04-22,2019,0.01,19.209999999999127
2019-04-22,2019,0.015,19.209999999999127
2019-04-23,2019,0.0,37.970000000001164
2019-04-23,2019,0.005,37.970000000001164
2019-04-23,2019,0.0075,37.970000000001164
2019-04-23,2019,0.01,37.970000000001164
2019-04-23,2019,0.015,37.970000000001164
2019-04-24,2019,0.0,1.9599999999991269
2019-04-24,2019,0.005,1.9599999999991269
2019-04-24,2019,0.0075,1.9599999999991269
2019-04-24,2019,0.01,1.9599999999991269
2019-04-24,2019,0.015,1.9599999999991269
2019-04-25,2019,0.0,12.220000000001164
2019-04-25,2019,0.005,12.220000000001164
2019-04-25,2019,0.0075,12.220000000001164
2019-04-25,2019,0.01,12.220000000001164
2019-04-25,2019,0.015,12.220000000001164
2019-04-26,2019,0.0,87.39000000000124
2019-04-26,2019,0.005,55.1993
2019-04-26,2019,0.0075,82.79895
2019-04-26,2019,0.01,110.3986
2019-04-26,2019,0.015,87.39000000000124
2019-05-03,2019,0.0,91.80999999999949
2019-05-03,2019,0.005,55.02245
2019-05-03,2019,0.0075,82.533675
2019-05-03,2019,0.01,91.80999999999949
2019-05-03,2019,0.015,91.80999999999949
2019-05-06,2019,0.0,-199.17999999999847
2019-05-06,2019,0.005,-199.17999999999847
2019-05-06,2019,0.0075,-199.17999999999847
2019-05-06,2019,0.01,-199.17999999999847
2019-05-06,2019,0.015,-199.17999999999847
2019-05-07,2019,0.0,-90.01999999999862
2019-05-07,2019,0.005,-90.01999999999862
2019-05-07,2019,0.0075,-90.01999999999862
2019-05-07,2019,0.01,-90.01999999999862
2019-05-07,2019,0.015,-90.01999999999862
2019-05-10,2019,0.0,20.68000000000029
2019-05-10,2019,0.005,53.668350000000004
2019-05-10,2019,0.0075,20.68000000000029
2019-05-10,2019,0.01,20.68000000000029
2019-05-10,2019,0.015,20.68000000000029
2019-05-13,2019,0.0,-154.6999999999989
2019-05-13,2019,0.005,-154.6999999999989
2019-05-13,2019,0.0075,-154.6999999999989
2019-05-13,2019,0.01,-154.6999999999989
2019-05-13,2019,0.015,-154.6999999999989
2019-05-15,2019,0.0,29.640000000001237
2019-05-15,2019,0.005,29.640000000001237
2019-05-15,2019,0.0075,29.640000000001237
2019-05-15,2019,0.01,29.640000000001237
2019-05-15,2019,0.015,29.640000000001237
2019-05-16,2019,0.0,-86.09999999999854
2019-05-16,2019,0.005,-86.09999999999854
2019-05-16,2019,0.0075,-86.09999999999854
2019-05-16,2019,0.01,-86.09999999999854
2019-05-16,2019,0.015,-86.09999999999854
2019-05-17,2019,0.0,90.5
2019-05-17,2019,0.005,52.373050000000006
2019-05-17,2019,0.0075,78.559575
2019-05-17,2019,0.01,90.5
2019-05-17,2019,0.015,90.5
2019-05-20,2019,0.0,-14.299999999999272
2019-05-20,2019,0.005,-14.299999999999272
2019-05-20,2019,0.0075,-14.299999999999272
2019-05-20,2019,0.01,-14.299999999999272
2019-05-20,2019,0.015,-14.299999999999272
2019-05-22,2019,0.0,38.530000000000655
2019-05-22,2019,0.005,38.530000000000655
2019-05-22,2019,0.0075,38.530000000000655
2019-05-22,2019,0.01,38.530000000000655
2019-05-22,2019,0.015,38.530000000000655
2019-05-24,2019,0.0,-19.909999999999854
2019-05-24,2019,0.005,-19.909999999999854
2019-05-24,2019,0.0075,-19.909999999999854
2019-05-24,2019,0.01,-19.909999999999854
2019-05-24,2019,0.015,-19.909999999999854
2019-05-30,2019,0.0,81.20999999999913
2019-05-30,2019,0.005,51.508900000000004
2019-05-30,2019,0.0075,77.26335
2019-05-30,2019,0.01,81.20999999999913
2019-05-30,2019,0.015,81.20999999999913
2019-05-31,2019,0.0,115.5
2019-05-31,2019,0.005,51.91495
2019-05-31,2019,0.0075,77.87242499999999
2019-05-31,2019,0.01,103.8299
2019-05-31,2019,0.015,115.5
2019-06-03,2019,0.0,-1.5799999999999272
2019-06-03,2019,0.005,52.49245
2019-06-03,2019,0.0075,78.738675
2019-06-03,2019,0.01,104.9849
2019-06-03,2019,0.015,-1.5799999999999272
2019-06-04,2019,0.0,-70.94999999999891
2019-06-04,2019,0.005,-70.94999999999891
2019-06-04,2019,0.0075,-70.94999999999891
2019-06-04,2019,0.01,-70.94999999999891
2019-06-04,2019,0.015,-70.94999999999891
2019-06-05,2019,0.0,23.1299999999992
2019-06-05,2019,0.005,23.1299999999992
2019-06-05,2019,0.0075,23.1299999999992
2019-06-05,2019,0.01,23.1299999999992
2019-06-05,2019,0.015,23.1299999999992
2019-06-10,2019,0.0,157.26999999999862
2019-06-10,2019,0.005,52.04600000000001
2019-06-10,2019,0.0075,78.069
2019-06-10,2019,0.01,104.09200000000001
2019-06-10,2019,0.015,156.138
2019-06-11,2019,0.0,-14.329999999999927
2019-06-11,2019,0.005,-14.329999999999927
2019-06-11,2019,0.0075,-14.329999999999927
2019-06-11,2019,0.01,-14.329999999999927
2019-06-11,2019,0.015,-14.329999999999927
2019-06-12,2019,0.0,7.899999999999636
2019-06-12,2019,0.005,7.899999999999636
2019-06-12,2019,0.0075,7.899999999999636
2019-06-12,2019,0.01,7.899999999999636
2019-06-12,2019,0.015,7.899999999999636
2019-06-14,2019,0.0,-36.340000000000146
2019-06-14,2019,0.005,-36.340000000000146
2019-06-14,2019,0.0075,-36.340000000000146
2019-06-14,2019,0.01,-36.340000000000146
2019-06-14,2019,0.015,-36.340000000000146
2019-06-19,2019,0.0,-81.20000000000073
2019-06-19,2019,0.005,-81.20000000000073
2019-06-19,2019,0.0075,-81.20000000000073
2019-06-19,2019,0.01,-81.20000000000073
2019-06-19,2019,0.015,-81.20000000000073
2019-06-20,2019,0.0,9.670000000000073
2019-06-20,2019,0.005,9.670000000000073
2019-06-20,2019,0.0075,9.670000000000073
2019-06-20,2019,0.01,9.670000000000073
2019-06-20,2019,0.015,9.670000000000073
2019-06-21,2019,0.0,18.76000000000022
2019-06-21,2019,0.005,53.92505
2019-06-21,2019,0.0075,18.76000000000022
2019-06-21,2019,0.01,18.76000000000022
2019-06-21,2019,0.015,18.76000000000022
2019-06-25,2019,0.0,-72.73000000000138
2019-06-25,2019,0.005,-72.73000000000138
2019-06-25,2019,0.0075,-72.73000000000138
2019-06-25,2019,0.01,-72.73000000000138
2019-06-25,2019,0.015,-72.73000000000138
2019-06-26,2019,0.0,54.17000000000007
2019-06-26,2019,0.005,53.5336
2019-06-26,2019,0.0075,54.17000000000007
2019-06-26,2019,0.01,54.17000000000007
2019-06-26,2019,0.015,54.17000000000007
2019-06-27,2019,0.0,-16.61999999999898
2019-06-27,2019,0.005,-16.61999999999898
2019-06-27,2019,0.0075,-16.61999999999898
2019-06-27,2019,0.01,-16.61999999999898
2019-06-27,2019,0.015,-16.61999999999898
2019-06-28,2019,0.0,-43.06999999999971
2019-06-28,2019,0.005,-43.06999999999971
2019-06-28,2019,0.0075,-43.06999999999971
2019-06-28,2019,0.01,-43.06999999999971
2019-06-28,2019,0.015,-43.06999999999971
2019-07-01,2019,0.0,164.6299999999992
2019-07-01,2019,0.005,53.65415
2019-07-01,2019,0.0075,80.481225
2019-07-01,2019,0.01,107.3083
2019-07-01,2019,0.015,160.96245
2019-07-02,2019,0.0,12.869999999998981
2019-07-02,2019,0.005,12.869999999998981
2019-07-02,2019,0.0075,12.869999999998981
2019-07-02,2019,0.01,12.869999999998981
2019-07-02,2019,0.015,12.869999999998981
2019-07-03,2019,0.0,121.35000000000036
2019-07-03,2019,0.005,54.32560000000001
2019-07-03,2019,0.0075,81.4884
2019-07-03,2019,0.01,108.65120000000002
2019-07-03,2019,0.015,121.35000000000036
2019-07-10,2019,0.0,95.69999999999891
2019-07-10,2019,0.005,53.51390000000001
2019-07-10,2019,0.0075,80.27085
2019-07-10,2019,0.01,107.02780000000001
2019-07-10,2019,0.015,95.69999999999891
2019-07-11,2019,0.0,44.94000000000051
2019-07-11,2019,0.005,53.992399999999996
2019-07-11,2019,0.0075,44.94000000000051
2019-07-11,2019,0.01,44.94000000000051
2019-07-11,2019,0.015,44.94000000000051
2019-07-12,2019,0.0,-19.06999999999971
2019-07-12,2019,0.005,-19.06999999999971
2019-07-12,2019,0.0075,-19.06999999999971
2019-07-12,2019,0.01,-19.06999999999971
2019-07-12,2019,0.015,-19.06999999999971
2019-07-15,2019,0.0,52.07999999999993
2019-07-15,2019,0.005,54.121750000000006
2019-07-15,2019,0.0075,52.07999999999993
2019-07-15,2019,0.01,52.07999999999993
2019-07-15,2019,0.015,52.07999999999993
2019-07-16,2019,0.0,9.619999999998981
2019-07-16,2019,0.005,9.619999999998981
2019-07-16,2019,0.0075,9.619999999998981
2019-07-16,2019,0.01,9.619999999998981
2019-07-16,2019,0.015,9.619999999998981
2019-07-17,2019,0.0,57.56999999999971
2019-07-17,2019,0.005,54.43025
2019-07-17,2019,0.0075,81.64537499999999
2019-07-17,2019,0.01,57.56999999999971
2019-07-17,2019,0.015,57.56999999999971
2019-07-18,2019,0.0,-29.19999999999891
2019-07-18,2019,0.005,-29.19999999999891
2019-07-18,2019,0.0075,-29.19999999999891
2019-07-18,2019,0.01,-29.19999999999891
2019-07-18,2019,0.015,-29.19999999999891
2019-07-19,2019,0.0,73.90999999999985
2019-07-19,2019,0.005,53.9964
2019-07-19,2019,0.0075,80.9946
2019-07-19,2019,0.01,107.9928
2019-07-19,2019,0.015,73.90999999999985
2019-07-23,2019,0.0,2.7299999999995634
2019-07-23,2019,0.005,2.7299999999995634
2019-07-23,2019,0.0075,2.7299999999995634
2019-07-23,2019,0.01,2.7299999999995634
2019-07-23,2019,0.015,2.7299999999995634
2019-07-24,2019,0.0,-11.5
2019-07-24,2019,0.005,-11.5
2019-07-24,2019,0.0075,-11.5
2019-07-24,2019,0.01,-11.5
2019-07-24,2019,0.015,-11.5
2019-07-25,2019,0.0,-36.36999999999898
2019-07-25,2019,0.005,-36.36999999999898
2019-07-25,2019,0.0075,-36.36999999999898
2019-07-25,2019,0.01,-36.36999999999898
2019-07-25,2019,0.015,-36.36999999999898
2019-07-26,2019,0.0,49.43000000000029
2019-07-26,2019,0.005,54.70705
2019-07-26,2019,0.0075,49.43000000000029
2019-07-26,2019,0.01,49.43000000000029
2019-07-26,2019,0.015,49.43000000000029
2019-07-30,2019,0.0,-54.82999999999993
2019-07-30,2019,0.005,-54.82999999999993
2019-07-30,2019,0.0075,-54.82999999999993
2019-07-30,2019,0.01,-54.82999999999993
2019-07-30,2019,0.015,-54.82999999999993
2019-08-02,2019,0.0,182.70999999999913
2019-08-02,2019,0.005,53.65875
2019-08-02,2019,0.0075,80.488125
2019-08-02,2019,0.01,107.3175
2019-08-02,2019,0.015,160.97625
2019-08-05,2019,0.0,125.63000000000102
2019-08-05,2019,0.005,52.745200000000004
2019-08-05,2019,0.0075,79.1178
2019-08-05,2019,0.01,105.49040000000001
2019-08-05,2019,0.015,125.63000000000102
2019-08-07,2019,0.0,-8.569999999999709
2019-08-07,2019,0.005,51.97375
2019-08-07,2019,0.0075,-8.569999999999709
2019-08-07,2019,0.01,-8.569999999999709
2019-08-07,2019,0.015,-8.569999999999709
2019-08-08,2019,0.0,108.30999999999949
2019-08-08,2019,0.005,51.9309
2019-08-08,2019,0.0075,77.89635
2019-08-08,2019,0.01,103.8618
2019-08-08,2019,0.015,108.30999999999949
2019-08-12,2019,0.0,22.1299999999992
2019-08-12,2019,0.005,52.47245
2019-08-12,2019,0.0075,22.1299999999992
2019-08-12,2019,0.01,22.1299999999992
2019-08-12,2019,0.015,22.1299999999992
2019-08-13,2019,0.0,109.70000000000073
2019-08-13,2019,0.005,52.3618
2019-08-13,2019,0.0075,78.5427
2019-08-13,2019,0.01,104.7236
2019-08-13,2019,0.015,109.70000000000073
2019-08-14,2019,0.0,81.93000000000029
2019-08-14,2019,0.005,52.5483
2019-08-14,2019,0.0075,78.82244999999999
2019-08-14,2019,0.01,81.93000000000029
2019-08-14,2019,0.015,81.93000000000029
2019-08-19,2019,0.0,-20.26000000000022
2019-08-19,2019,0.005,-20.26000000000022
2019-08-19,2019,0.0075,-20.26000000000022
2019-08-19,2019,0.01,-20.26000000000022
2019-08-19,2019,0.015,-20.26000000000022
2019-08-20,2019,0.0,33.75
2019-08-20,2019,0.005,33.75
2019-08-20,2019,0.0075,33.75
2019-08-20,2019,0.01,33.75
2019-08-20,2019,0.015,33.75
2019-08-22,2019,0.0,3.9800000000013824
2019-08-22,2019,0.005,52.629
2019-08-22,2019,0.0075,3.9800000000013824
2019-08-22,2019,0.01,3.9800000000013824
2019-08-22,2019,0.015,3.9800000000013824
2019-08-27,2019,0.0,32.659999999999854
2019-08-27,2019,0.005,51.77285
2019-08-27,2019,0.0075,32.659999999999854
2019-08-27,2019,0.01,32.659999999999854
2019-08-27,2019,0.015,32.659999999999854
2019-08-29,2019,0.0,28.139999999999418
2019-08-29,2019,0.005,28.139999999999418
2019-08-29,2019,0.0075,28.139999999999418
2019-08-29,2019,0.01,28.139999999999418
2019-08-29,2019,0.015,28.139999999999418
2019-08-30,2019,0.0,-50.029999999998836
2019-08-30,2019,0.005,-50.029999999998836
2019-08-30,2019,0.0075,-50.029999999998836
2019-08-30,2019,0.01,-50.029999999998836
2019-08-30,2019,0.015,-50.029999999998836
2019-09-02,2019,0.0,16.80000000000109
2019-09-02,2019,0.005,16.80000000000109
2019-09-02,2019,0.0075,16.80000000000109
2019-09-02,2019,0.01,16.80000000000109
2019-09-02,2019,0.015,16.80000000000109
2019-09-03,2019,0.0,-76.64000000000124
2019-09-03,2019,0.005,-76.64000000000124
2019-09-03,2019,0.0075,-76.64000000000124
2019-09-03,2019,0.01,-76.64000000000124
2019-09-03,2019,0.015,-76.64000000000124
2019-09-04,2019,0.0,-99.10000000000036
2019-09-04,2019,0.005,-99.10000000000036
2019-09-04,2019,0.0075,-99.10000000000036
2019-09-04,2019,0.01,-99.10000000000036
2019-09-04,2019,0.015,-99.10000000000036
2019-09-05,2019,0.0,3.360000000000582
2019-09-05,2019,0.005,3.360000000000582
2019-09-05,2019,0.0075,3.360000000000582
2019-09-05,2019,0.01,3.360000000000582
2019-09-05,2019,0.015,3.360000000000582
2019-09-06,2019,0.0,-9.75
2019-09-06,2019,0.005,-9.75
2019-09-06,2019,0.0075,-9.75
2019-09-06,2019,0.01,-9.75
2019-09-06,2019,0.015,-9.75
2019-09-09,2019,0.0,20.5
2019-09-09,2019,0.005,20.5
2019-09-09,2019,0.0075,20.5
2019-09-09,2019,0.01,20.5
2019-09-09,2019,0.015,20.5
2019-09-10,2019,0.0,-47.55999999999949
2019-09-10,2019,0.005,-47.55999999999949
2019-09-10,2019,0.0075,-47.55999999999949
2019-09-10,2019,0.01,-47.55999999999949
2019-09-10,2019,0.015,-47.55999999999949
2019-09-11,2019,0.0,36.77000000000044
2019-09-11,2019,0.005,53.7679
2019-09-11,2019,0.0075,36.77000000000044
2019-09-11,2019,0.01,36.77000000000044
2019-09-11,2019,0.015,36.77000000000044
2019-09-12,2019,0.0,37.19999999999891
2019-09-12,2019,0.005,53.951750000000004
2019-09-12,2019,0.0075,37.19999999999891
2019-09-12,2019,0.01,37.19999999999891
2019-09-12,2019,0.015,37.19999999999891
2019-09-18,2019,0.0,54.95000000000073
2019-09-18,2019,0.005,54.3725
2019-09-18,2019,0.0075,81.55875
2019-09-18,2019,0.01,54.95000000000073
2019-09-18,2019,0.015,54.95000000000073
2019-09-19,2019,0.0,-34.75
2019-09-19,2019,0.005,-34.75
2019-09-19,2019,0.0075,-34.75
2019-09-19,2019,0.01,-34.75
2019-09-19,2019,0.015,-34.75
2019-09-23,2019,0.0,10.670000000000073
2019-09-23,2019,0.005,10.670000000000073
2019-09-23,2019,0.0075,10.670000000000073
2019-09-23,2019,0.01,10.670000000000073
2019-09-23,2019,0.015,10.670000000000073
2019-09-24,2019,0.0,-1.0100000000002183
2019-09-24,2019,0.005,-1.0100000000002183
2019-09-24,2019,0.0075,-1.0100000000002183
2019-09-24,2019,0.01,-1.0100000000002183
2019-09-24,2019,0.015,-1.0100000000002183
2019-09-25,2019,0.0,44.31999999999971
2019-09-25,2019,0.005,54.590050000000005
2019-09-25,2019,0.0075,81.885075
2019-09-25,2019,0.01,44.31999999999971
2019-09-25,2019,0.015,44.31999999999971
2019-09-26,2019,0.0,-1.7000000000007276
2019-09-26,2019,0.005,54.36845
2019-09-26,2019,0.0075,-1.7000000000007276
2019-09-26,2019,0.01,-1.7000000000007276
2019-09-26,2019,0.015,-1.7000000000007276
2019-09-27,2019,0.0,-42.30999999999949
2019-09-27,2019,0.005,-42.30999999999949
2019-09-27,2019,0.0075,-42.30999999999949
2019-09-27,2019,0.01,-42.30999999999949
2019-09-27,2019,0.015,-42.30999999999949
2019-10-01,2019,0.0,137.96999999999935
2019-10-01,2019,0.005,54.1484
2019-10-01,2019,0.0075,81.2226
2019-10-01,2019,0.01,108.2968
2019-10-01,2019,0.015,137.96999999999935
2019-10-03,2019,0.0,71.96999999999935
2019-10-03,2019,0.005,54.739399999999996
2019-10-03,2019,0.0075,82.1091
2019-10-03,2019,0.01,109.47879999999999
2019-10-03,2019,0.015,71.96999999999935
2019-10-04,2019,0.0,18.56999999999971
2019-10-04,2019,0.005,54.37955
2019-10-04,2019,0.0075,18.56999999999971
2019-10-04,2019,0.01,18.56999999999971
2019-10-04,2019,0.015,18.56999999999971
2019-10-07,2019,0.0,40.57999999999993
2019-10-07,2019,0.005,54.4724
2019-10-07,2019,0.0075,40.57999999999993
2019-10-07,2019,0.01,40.57999999999993
2019-10-07,2019,0.015,40.57999999999993
2019-10-14,2019,0.0,12.179999999998472
2019-10-14,2019,0.005,12.179999999998472
2019-10-14,2019,0.0075,12.179999999998472
2019-10-14,2019,0.01,12.179999999998472
2019-10-14,2019,0.015,12.179999999998472
2019-10-16,2019,0.0,-29.549999999999272
2019-10-16,2019,0.005,-29.549999999999272
2019-10-16,2019,0.0075,-29.549999999999272
2019-10-16,2019,0.01,-29.549999999999272
2019-10-16,2019,0.015,-29.549999999999272
2019-10-17,2019,0.0,-24.049999999999272
2019-10-17,2019,0.005,-24.049999999999272
2019-10-17,2019,0.0075,-24.049999999999272
2019-10-17,2019,0.01,-24.049999999999272
2019-10-17,2019,0.015,-24.049999999999272
2019-10-18,2019,0.0,-6.6599999999998545
2019-10-18,2019,0.005,-6.6599999999998545
2019-10-18,2019,0.0075,-6.6599999999998545
2019-10-18,2019,0.01,-6.6599999999998545
2019-10-18,2019,0.015,-6.6599999999998545
2019-10-21,2019,0.0,-3.930000000000291
2019-10-21,2019,0.005,-3.930000000000291
2019-10-21,2019,0.0075,-3.930000000000291
2019-10-21,2019,0.01,-3.930000000000291
2019-10-21,2019,0.015,-3.930000000000291
2019-10-22,2019,0.0,87.10000000000036
2019-10-22,2019,0.005,55.92075
2019-10-22,2019,0.0075,83.881125
2019-10-22,2019,0.01,87.10000000000036
2019-10-22,2019,0.015,87.10000000000036
2019-10-24,2019,0.0,-80.46999999999935
2019-10-24,2019,0.005,-80.46999999999935
2019-10-24,2019,0.0075,-80.46999999999935
2019-10-24,2019,0.01,-80.46999999999935
2019-10-24,2019,0.015,-80.46999999999935
2019-10-25,2019,0.0,-4.180000000000291
2019-10-25,2019,0.005,-4.180000000000291
2019-10-25,2019,0.0075,-4.180000000000291
2019-10-25,2019,0.01,-4.180000000000291
2019-10-25,2019,0.015,-4.180000000000291
2019-10-28,2019,0.0,-13.220000000001164
2019-10-28,2019,0.005,-13.220000000001164
2019-10-28,2019,0.0075,-13.220000000001164
2019-10-28,2019,0.01,-13.220000000001164
2019-10-28,2019,0.015,-13.220000000001164
2019-10-29,2019,0.0,18.850000000000364
2019-10-29,2019,0.005,56.575100000000006
2019-10-29,2019,0.0075,18.850000000000364
2019-10-29,2019,0.01,18.850000000000364
2019-10-29,2019,0.015,18.850000000000364
2019-11-04,2019,0.0,-62.32999999999993
2019-11-04,2019,0.005,-62.32999999999993
2019-11-04,2019,0.0075,-62.32999999999993
2019-11-04,2019,0.01,-62.32999999999993
2019-11-04,2019,0.015,-62.32999999999993
2019-11-05,2019,0.0,-45.840000000000146
2019-11-05,2019,0.005,-45.840000000000146
2019-11-05,2019,0.0075,-45.840000000000146
2019-11-05,2019,0.01,-45.840000000000146
2019-11-05,2019,0.015,-45.840000000000146
2019-11-06,2019,0.0,9.039999999999054
2019-11-06,2019,0.005,9.039999999999054
2019-11-06,2019,0.0075,9.039999999999054
2019-11-06,2019,0.01,9.039999999999054
2019-11-06,2019,0.015,9.039999999999054
2019-11-08,2019,0.0,-27.019999999998618
2019-11-08,2019,0.005,-27.019999999998618
2019-11-08,2019,0.0075,-27.019999999998618
2019-11-08,2019,0.01,-27.019999999998618
2019-11-08,2019,0.015,-27.019999999998618
2019-11-11,2019,0.0,-152.26000000000022
2019-11-11,2019,0.005,-152.26000000000022
2019-11-11,2019,0.0075,-152.26000000000022
2019-11-11,2019,0.01,-152.26000000000022
2019-11-11,2019,0.015,-152.26000000000022
2019-11-13,2019,0.0,-52.54000000000087
2019-11-13,2019,0.005,-52.54000000000087
2019-11-13,2019,0.0075,-52.54000000000087
2019-11-13,2019,0.01,-52.54000000000087
2019-11-13,2019,0.015,-52.54000000000087
2019-11-14,2019,0.0,-17.409999999999854
2019-11-14,2019,0.005,-17.409999999999854
2019-11-14,2019,0.0075,-17.409999999999854
2019-11-14,2019,0.01,-17.409999999999854
2019-11-14,2019,0.015,-17.409999999999854
2019-11-18,2019,0.0,74.18000000000029
2019-11-18,2019,0.005,57.628
2019-11-18,2019,0.0075,74.18000000000029
2019-11-18,2019,0.01,74.18000000000029
2019-11-18,2019,0.015,74.18000000000029
2019-11-21,2019,0.0,72.93000000000029
2019-11-21,2019,0.005,58.156000000000006
2019-11-21,2019,0.0075,87.23400000000001
2019-11-21,2019,0.01,116.31200000000001
2019-11-21,2019,0.015,72.93000000000029
2019-11-22,2019,0.0,-8.529999999998836
2019-11-22,2019,0.005,-8.529999999998836
2019-11-22,2019,0.0075,-8.529999999998836
2019-11-22,2019,0.01,-8.529999999998836
2019-11-22,2019,0.015,-8.529999999998836
2019-11-26,2019,0.0,61.30000000000109
2019-11-26,2019,0.005,58.1906
2019-11-26,2019,0.0075,61.30000000000109
2019-11-26,2019,0.01,61.30000000000109
2019-11-26,2019,0.015,61.30000000000109
2019-11-28,2019,0.0,-30.3799999999992
2019-11-28,2019,0.005,-30.3799999999992
2019-11-28,2019,0.0075,-30.3799999999992
2019-11-28,2019,0.01,-30.3799999999992
2019-11-28,2019,0.015,-30.3799999999992
2019-11-29,2019,0.0,-127.51000000000022
2019-11-29,2019,0.005,-127.51000000000022
2019-11-29,2019,0.0075,-127.51000000000022
2019-11-29,2019,0.01,-127.51000000000022
2019-11-29,2019,0.015,-127.51000000000022
2019-12-02,2019,0.0,-13.260000000000218
2019-12-02,2019,0.005,-13.260000000000218
2019-12-02,2019,0.0075,-13.260000000000218
2019-12-02,2019,0.01,-13.260000000000218
2019-12-02,2019,0.015,-13.260000000000218
2019-12-03,2019,0.0,-28.75
2019-12-03,2019,0.005,-28.75
2019-12-03,2019,0.0075,-28.75
2019-12-03,2019,0.01,-28.75
2019-12-03,2019,0.015,-28.75
2019-12-04,2019,0.0,21.110000000000582
2019-12-04,2019,0.005,57.6579
2019-12-04,2019,0.0075,21.110000000000582
2019-12-04,2019,0.01,21.110000000000582
2019-12-04,2019,0.015,21.110000000000582
2019-12-05,2019,0.0,84.18000000000029
2019-12-05,2019,0.005,57.55235
2019-12-05,2019,0.0075,86.32852499999998
2019-12-05,2019,0.01,84.18000000000029
2019-12-05,2019,0.015,84.18000000000029
2019-12-06,2019,0.0,14.989999999999782
2019-12-06,2019,0.005,57.97325
2019-12-06,2019,0.0075,14.989999999999782
2019-12-06,2019,0.01,14.989999999999782
2019-12-06,2019,0.015,14.989999999999782
2019-12-09,2019,0.0,51.13000000000102
2019-12-09,2019,0.005,58.0482
2019-12-09,2019,0.0075,51.13000000000102
2019-12-09,2019,0.01,51.13000000000102
2019-12-09,2019,0.015,51.13000000000102
2019-12-11,2019,0.0,72.93000000000029
2019-12-11,2019,0.005,58.1392
2019-12-11,2019,0.0075,72.93000000000029
2019-12-11,2019,0.01,72.93000000000029
2019-12-11,2019,0.015,72.93000000000029
2019-12-12,2019,0.0,1.680000000000291
2019-12-12,2019,0.005,1.680000000000291
2019-12-12,2019,0.0075,1.680000000000291
2019-12-12,2019,0.01,1.680000000000291
2019-12-12,2019,0.015,1.680000000000291
2019-12-13,2019,0.0,14.25
2019-12-13,2019,0.005,14.25
2019-12-13,2019,0.0075,14.25
2019-12-13,2019,0.01,14.25
2019-12-13,2019,0.015,14.25
2019-12-17,2019,0.0,157.23999999999978
2019-12-17,2019,0.005,59.69885
2019-12-17,2019,0.0075,89.548275
2019-12-17,2019,0.01,119.3977
2019-12-17,2019,0.015,157.23999999999978
2019-12-18,2019,0.0,25.44000000000051
2019-12-18,2019,0.005,25.44000000000051
2019-12-18,2019,0.0075,25.44000000000051
2019-12-18,2019,0.01,25.44000000000051
2019-12-18,2019,0.015,25.44000000000051
2019-12-20,2019,0.0,-59.81999999999971
2019-12-20,2019,0.005,-59.81999999999971
2019-12-20,2019,0.0075,-59.81999999999971
2019-12-20,2019,0.01,-59.81999999999971
2019-12-20,2019,0.015,-59.81999999999971
2019-12-23,2019,0.0,63.149999999999636
2019-12-23,2019,0.005,59.7954
2019-12-23,2019,0.0075,63.149999999999636
2019-12-23,2019,0.01,63.149999999999636
2019-12-23,2019,0.015,63.149999999999636
2019-12-24,2019,0.0,-45.850000000000364
2019-12-24,2019,0.005,-45.850000000000364
2019-12-24,2019,0.0075,-45.850000000000364
2019-12-24,2019,0.01,-45.850000000000364
2019-12-24,2019,0.015,-45.850000000000364
2019-12-25,2019,0.0,31.75
2019-12-25,2019,0.005,31.75
2019-12-25,2019,0.0075,31.75
2019-12-25,2019,0.01,31.75
2019-12-25,2019,0.015,31.75
2019-12-26,2019,0.0,-7.119999999998981
2019-12-26,2019,0.005,-7.119999999998981
2019-12-26,2019,0.0075,-7.119999999998981
2019-12-26,2019,0.01,-7.119999999998981
2019-12-26,2019,0.015,-7.119999999998981
2019-12-27,2019,0.0,90.57999999999993
2019-12-27,2019,0.005,60.005050000000004
2019-12-27,2019,0.0075,90.007575
2019-12-27,2019,0.01,90.57999999999993
2019-12-27,2019,0.015,90.57999999999993
2020-01-02,2020,0.0,103.34000000000015
2020-01-02,2020,0.005,59.9857
2020-01-02,2020,0.0075,89.97855
2020-01-02,2020,0.01,103.34000000000015
2020-01-02,2020,0.015,103.34000000000015
2020-01-03,2020,0.0,7.279999999998836
2020-01-03,2020,0.005,60.58855
2020-01-03,2020,0.0075,90.882825
2020-01-03,2020,0.01,7.279999999998836
2020-01-03,2020,0.015,7.279999999998836
2020-01-06,2020,0.0,157.0699999999997
2020-01-06,2020,0.005,60.552150000000005
2020-01-06,2020,0.0075,90.828225
2020-01-06,2020,0.01,121.10430000000001
2020-01-06,2020,0.015,157.0699999999997
2020-01-07,2020,0.0,73.04000000000087
2020-01-07,2020,0.005,59.7668
2020-01-07,2020,0.0075,89.6502
2020-01-07,2020,0.01,119.5336
2020-01-07,2020,0.015,73.04000000000087
2020-01-08,2020,0.0,-63.219999999999345
2020-01-08,2020,0.005,-63.219999999999345
2020-01-08,2020,0.0075,-63.219999999999345
2020-01-08,2020,0.01,-63.219999999999345
2020-01-08,2020,0.015,-63.219999999999345
2020-01-09,2020,0.0,153.52999999999884
2020-01-09,2020,0.005,59.0855
2020-01-09,2020,0.0075,88.62825
2020-01-09,2020,0.01,118.171
2020-01-09,2020,0.015,153.52999999999884
2020-01-10,2020,0.0,54.02000000000044
2020-01-10,2020,0.005,59.85315
2020-01-10,2020,0.0075,54.02000000000044
2020-01-10,2020,0.01,54.02000000000044
2020-01-10,2020,0.015,54.02000000000044
2020-01-14,2020,0.0,66.38999999999942
2020-01-14,2020,0.005,60.5671
2020-01-14,2020,0.0075,66.38999999999942
2020-01-14,2020,0.01,66.38999999999942
2020-01-14,2020,0.015,66.38999999999942
2020-01-15,2020,0.0,-87.93000000000029
2020-01-15,2020,0.005,-87.93000000000029
2020-01-15,2020,0.0075,-87.93000000000029
2020-01-15,2020,0.01,-87.93000000000029
2020-01-15,2020,0.015,-87.93000000000029
2020-01-16,2020,0.0,24.94999999999891
2020-01-16,2020,0.005,60.459399999999995
2020-01-16,2020,0.0075,24.94999999999891
2020-01-16,2020,0.01,24.94999999999891
2020-01-16,2020,0.015,24.94999999999891
2020-01-17,2020,0.0,23.360000000000582
2020-01-17,2020,0.005,23.360000000000582
2020-01-17,2020,0.0075,23.360000000000582
2020-01-17,2020,0.01,23.360000000000582
2020-01-17,2020,0.015,23.360000000000582
2020-01-20,2020,0.0,28.419999999998254
2020-01-20,2020,0.005,60.45145000000001
2020-01-20,2020,0.0075,28.419999999998254
2020-01-20,2020,0.01,28.419999999998254
2020-01-20,2020,0.015,28.419999999998254
2020-01-30,2020,0.0,696.9699999999993
2020-01-30,2020,0.005,60.59354999999999
2020-01-30,2020,0.0075,90.89032499999999
2020-01-30,2020,0.01,121.18709999999999
2020-01-30,2020,0.015,181.78064999999998
2020-02-04,2020,0.0,201.0
2020-02-04,2020,0.005,56.7746
2020-02-04,2020,0.0075,85.1619
2020-02-04,2020,0.01,113.5492
2020-02-04,2020,0.015,170.3238
2020-02-05,2020,0.0,14.649999999999636
2020-02-05,2020,0.005,14.649999999999636
2020-02-05,2020,0.0075,14.649999999999636
2020-02-05,2020,0.01,14.649999999999636
2020-02-05,2020,0.015,14.649999999999636
2020-02-06,2020,0.0,-80.76000000000022
2020-02-06,2020,0.005,-80.76000000000022
2020-02-06,2020,0.0075,-80.76000000000022
2020-02-06,2020,0.01,-80.76000000000022
2020-02-06,2020,0.015,-80.76000000000022
2020-02-07,2020,0.0,-136.8700000000008
2020-02-07,2020,0.005,-136.8700000000008
2020-02-07,2020,0.0075,-136.8700000000008
2020-02-07,2020,0.01,-136.8700000000008
2020-02-07,2020,0.015,-136.8700000000008
2020-02-11,2020,0.0,89.97000000000116
2020-02-11,2020,0.005,57.87035
2020-02-11,2020,0.0075,86.80552499999999
2020-02-11,2020,0.01,89.97000000000116
2020-02-11,2020,0.015,89.97000000000116
2020-02-12,2020,0.0,-29.159999999999854
2020-02-12,2020,0.005,-29.159999999999854
2020-02-12,2020,0.0075,-29.159999999999854
2020-02-12,2020,0.01,-29.159999999999854
2020-02-12,2020,0.015,-29.159999999999854
2020-02-13,2020,0.0,17.590000000000146
2020-02-13,2020,0.005,58.87095
2020-02-13,2020,0.0075,17.590000000000146
2020-02-13,2020,0.01,17.590000000000146
2020-02-13,2020,0.015,17.590000000000146
2020-02-14,2020,0.0,23.920000000000073
2020-02-14,2020,0.005,23.920000000000073
2020-02-14,2020,0.0075,23.920000000000073
2020-02-14,2020,0.01,23.920000000000073
2020-02-14,2020,0.015,23.920000000000073
2020-02-19,2020,0.0,-109.86000000000058
2020-02-19,2020,0.005,-109.86000000000058
2020-02-19,2020,0.0075,-109.86000000000058
2020-02-19,2020,0.01,-109.86000000000058
2020-02-19,2020,0.015,-109.86000000000058
2020-02-20,2020,0.0,38.469999999999345
2020-02-20,2020,0.005,38.469999999999345
2020-02-20,2020,0.0075,38.469999999999345
2020-02-20,2020,0.01,38.469999999999345
2020-02-20,2020,0.015,38.469999999999345
2020-02-21,2020,0.0,38.73999999999978
2020-02-21,2020,0.005,58.62545
2020-02-21,2020,0.0075,38.73999999999978
2020-02-21,2020,0.01,38.73999999999978
2020-02-21,2020,0.015,38.73999999999978
2020-02-27,2020,0.0,-141.45000000000073
2020-02-27,2020,0.005,-141.45000000000073
2020-02-27,2020,0.0075,-141.45000000000073
2020-02-27,2020,0.01,-141.45000000000073
2020-02-27,2020,0.015,-141.45000000000073
2020-03-02,2020,0.0,-23.579999999999927
2020-03-02,2020,0.005,-23.579999999999927
2020-03-02,2020,0.0075,-23.579999999999927
2020-03-02,2020,0.01,-23.579999999999927
2020-03-02,2020,0.015,-23.579999999999927
2020-03-03,2020,0.0,-7.0900000000001455
2020-03-03,2020,0.005,-7.0900000000001455
2020-03-03,2020,0.0075,-7.0900000000001455
2020-03-03,2020,0.01,-7.0900000000001455
2020-03-03,2020,0.015,-7.0900000000001455
2020-03-05,2020,0.0,2.0900000000001455
2020-03-05,2020,0.005,2.0900000000001455
2020-03-05,2020,0.0075,2.0900000000001455
2020-03-05,2020,0.01,2.0900000000001455
2020-03-05,2020,0.015,2.0900000000001455
2020-03-09,2020,0.0,344.1700000000001
2020-03-09,2020,0.005,56.609049999999996
2020-03-09,2020,0.0075,84.913575
2020-03-09,2020,0.01,113.21809999999999
2020-03-09,2020,0.015,169.82715
2020-03-11,2020,0.0,137.8199999999997
2020-03-11,2020,0.005,55.157849999999996
2020-03-11,2020,0.0075,82.736775
2020-03-11,2020,0.01,110.31569999999999
2020-03-11,2020,0.015,137.8199999999997
2020-03-16,2020,0.0,242.82999999999993
2020-03-16,2020,0.005,49.803000000000004
2020-03-16,2020,0.0075,74.7045
2020-03-16,2020,0.01,99.60600000000001
2020-03-16,2020,0.015,149.409
2020-03-18,2020,0.0,252.86000000000058
2020-03-18,2020,0.005,47.35765000000001
2020-03-18,2020,0.0075,71.036475
2020-03-18,2020,0.01,94.71530000000001
2020-03-18,2020,0.015,142.07295
2020-03-20,2020,0.0,-121.48999999999978
2020-03-20,2020,0.005,-121.48999999999978
2020-03-20,2020,0.0075,-121.48999999999978
2020-03-20,2020,0.01,-121.48999999999978
2020-03-20,2020,0.015,-121.48999999999978
2020-03-24,2020,0.0,102.73999999999978
2020-03-24,2020,0.005,46.9418
2020-03-24,2020,0.0075,70.4127
2020-03-24,2020,0.01,93.8836
2020-03-24,2020,0.015,102.73999999999978
2020-03-25,2020,0.0,67.51000000000022
2020-03-25,2020,0.005,48.5613
2020-03-25,2020,0.0075,72.84195
2020-03-25,2020,0.01,97.1226
2020-03-25,2020,0.015,67.51000000000022
2020-03-26,2020,0.0,-91.61000000000058
2020-03-26,2020,0.005,48.22375
2020-03-26,2020,0.0075,72.335625
2020-03-26,2020,0.01,-91.61000000000058
2020-03-26,2020,0.015,-91.61000000000058
2020-03-27,2020,0.0,153.3799999999992
2020-03-27,2020,0.005,49.2615
2020-03-27,2020,0.0075,73.89224999999999
2020-03-27,2020,0.01,98.523
2020-03-27,2020,0.015,147.78449999999998
2020-03-31,2020,0.0,14.850000000000364
2020-03-31,2020,0.005,48.61455
2020-03-31,2020,0.0075,72.921825
2020-03-31,2020,0.01,14.850000000000364
2020-03-31,2020,0.015,14.850000000000364
2020-04-07,2020,0.0,-26.61999999999898
2020-04-07,2020,0.005,-26.61999999999898
2020-04-07,2020,0.0075,-26.61999999999898
2020-04-07,2020,0.01,-26.61999999999898
2020-04-07,2020,0.015,-26.61999999999898
2020-04-09,2020,0.0,36.26000000000022
2020-04-09,2020,0.005,50.77845000000001
2020-04-09,2020,0.0075,36.26000000000022
2020-04-09,2020,0.01,36.26000000000022
2020-04-09,2020,0.015,36.26000000000022
2020-04-14,2020,0.0,233.72000000000116
2020-04-14,2020,0.005,50.4961
2020-04-14,2020,0.0075,75.74414999999999
2020-04-14,2020,0.01,100.9922
2020-04-14,2020,0.015,151.48829999999998
2020-04-15,2020,0.0,-15.979999999999563
2020-04-15,2020,0.005,-15.979999999999563
2020-04-15,2020,0.0075,-15.979999999999563
2020-04-15,2020,0.01,-15.979999999999563
2020-04-15,2020,0.015,-15.979999999999563
2020-04-17,2020,0.0,88.56999999999971
2020-04-17,2020,0.005,53.428050000000006
2020-04-17,2020,0.0075,80.142075
2020-04-17,2020,0.01,106.85610000000001
2020-04-17,2020,0.015,88.56999999999971
2020-04-20,2020,0.0,-10.330000000001746
2020-04-20,2020,0.005,-10.330000000001746
2020-04-20,2020,0.0075,-10.330000000001746
2020-04-20,2020,0.01,-10.330000000001746
2020-04-20,2020,0.015,-10.330000000001746
2020-04-23,2020,0.0,11.30999999999949
2020-04-23,2020,0.005,51.8891
2020-04-23,2020,0.0075,77.83364999999999
2020-04-23,2020,0.01,11.30999999999949
2020-04-23,2020,0.015,11.30999999999949
2020-04-24,2020,0.0,19.149999999999636
2020-04-24,2020,0.005,19.149999999999636
2020-04-24,2020,0.0075,19.149999999999636
2020-04-24,2020,0.01,19.149999999999636
2020-04-24,2020,0.015,19.149999999999636
2020-04-27,2020,0.0,-53.26000000000022
2020-04-27,2020,0.005,-53.26000000000022
2020-04-27,2020,0.0075,-53.26000000000022
2020-04-27,2020,0.01,-53.26000000000022
2020-04-27,2020,0.015,-53.26000000000022
2020-04-28,2020,0.0,48.789999999999054
2020-04-28,2020,0.005,52.83635
2020-04-28,2020,0.0075,48.789999999999054
2020-04-28,2020,0.01,48.789999999999054
2020-04-28,2020,0.015,48.789999999999054
2020-04-30,2020,0.0,-55.289999999999054
2020-04-30,2020,0.005,-55.289999999999054
2020-04-30,2020,0.0075,-55.289999999999054
2020-04-30,2020,0.01,-55.289999999999054
2020-04-30,2020,0.015,-55.289999999999054
2020-05-05,2020,0.0,54.13000000000102
2020-05-05,2020,0.005,53.602399999999996
2020-05-05,2020,0.0075,80.4036
2020-05-05,2020,0.01,107.20479999999999
2020-05-05,2020,0.015,54.13000000000102
2020-05-06,2020,0.0,0.36999999999898137
2020-05-06,2020,0.005,53.873050000000006
2020-05-06,2020,0.0075,0.36999999999898137
2020-05-06,2020,0.01,0.36999999999898137
2020-05-06,2020,0.015,0.36999999999898137
2020-05-07,2020,0.0,67.94000000000051
2020-05-07,2020,0.005,53.8749
2020-05-07,2020,0.0075,80.81235
2020-05-07,2020,0.01,107.7498
2020-05-07,2020,0.015,67.94000000000051
2020-05-08,2020,0.0,58.5
2020-05-08,2020,0.005,54.214600000000004
2020-05-08,2020,0.0075,81.3219
2020-05-08,2020,0.01,108.42920000000001
2020-05-08,2020,0.015,58.5
2020-05-11,2020,0.0,15.079999999999927
2020-05-11,2020,0.005,15.079999999999927
2020-05-11,2020,0.0075,15.079999999999927
2020-05-11,2020,0.01,15.079999999999927
2020-05-11,2020,0.015,15.079999999999927
2020-05-14,2020,0.0,157.39000000000124
2020-05-14,2020,0.005,54.69135
2020-05-14,2020,0.0075,82.037025
2020-05-14,2020,0.01,109.3827
2020-05-14,2020,0.015,157.39000000000124
2020-05-15,2020,0.0,-2.2700000000004366
2020-05-15,2020,0.005,54.06325
2020-05-15,2020,0.0075,81.09487499999999
2020-05-15,2020,0.01,-2.2700000000004366
2020-05-15,2020,0.015,-2.2700000000004366
2020-05-19,2020,0.0,5.930000000000291
2020-05-19,2020,0.005,5.930000000000291
2020-05-19,2020,0.0075,5.930000000000291
2020-05-19,2020,0.01,5.930000000000291
2020-05-19,2020,0.015,5.930000000000291
2020-05-21,2020,0.0,-13.340000000000146
2020-05-21,2020,0.005,-13.340000000000146
2020-05-21,2020,0.0075,-13.340000000000146
2020-05-21,2020,0.01,-13.340000000000146
2020-05-21,2020,0.015,-13.340000000000146
2020-05-25,2020,0.0,60.030000000000655
2020-05-25,2020,0.005,54.055749999999996
2020-05-25,2020,0.0075,60.030000000000655
2020-05-25,2020,0.01,60.030000000000655
2020-05-25,2020,0.015,60.030000000000655
2020-05-26,2020,0.0,126.02999999999884
2020-05-26,2020,0.005,54.355900000000005
2020-05-26,2020,0.0075,81.53385
2020-05-26,2020,0.01,108.71180000000001
2020-05-26,2020,0.015,163.0677
2020-05-27,2020,0.0,17.450000000000728
2020-05-27,2020,0.005,54.98605
2020-05-27,2020,0.0075,17.450000000000728
2020-05-27,2020,0.01,17.450000000000728
2020-05-27,2020,0.015,17.450000000000728
2020-05-28,2020,0.0,-70.46999999999935
2020-05-28,2020,0.005,55.0733
2020-05-28,2020,0.0075,-70.46999999999935
2020-05-28,2020,0.01,-70.46999999999935
2020-05-28,2020,0.015,-70.46999999999935
2020-06-01,2020,0.0,18.11999999999898
2020-06-01,2020,0.005,18.11999999999898
2020-06-01,2020,0.0075,18.11999999999898
2020-06-01,2020,0.01,18.11999999999898
2020-06-01,2020,0.015,18.11999999999898
2020-06-03,2020,0.0,-72.86999999999898
2020-06-03,2020,0.005,-72.86999999999898
2020-06-03,2020,0.0075,-72.86999999999898
2020-06-03,2020,0.01,-72.86999999999898
2020-06-03,2020,0.015,-72.86999999999898
2020-06-04,2020,0.0,-27.43000000000029
2020-06-04,2020,0.005,-27.43000000000029
2020-06-04,2020,0.0075,-27.43000000000029
2020-06-04,2020,0.01,-27.43000000000029
2020-06-04,2020,0.015,-27.43000000000029
2020-06-05,2020,0.0,86.17000000000007
2020-06-05,2020,0.005,56.96615
2020-06-05,2020,0.0075,85.449225
2020-06-05,2020,0.01,86.17000000000007
2020-06-05,2020,0.015,86.17000000000007
2020-06-08,2020,0.0,-38.29999999999927
2020-06-08,2020,0.005,-38.29999999999927
2020-06-08,2020,0.0075,-38.29999999999927
2020-06-08,2020,0.01,-38.29999999999927
2020-06-08,2020,0.015,-38.29999999999927
2020-06-11,2020,0.0,-184.38999999999942
2020-06-11,2020,0.005,-184.38999999999942
2020-06-11,2020,0.0075,-184.38999999999942
2020-06-11,2020,0.01,-184.38999999999942
2020-06-11,2020,0.015,-184.38999999999942
2020-06-15,2020,0.0,-123.68000000000029
2020-06-15,2020,0.005,-123.68000000000029
2020-06-15,2020,0.0075,-123.68000000000029
2020-06-15,2020,0.01,-123.68000000000029
2020-06-15,2020,0.015,-123.68000000000029
2020-06-16,2020,0.0,205.3799999999992
2020-06-16,2020,0.005,56.5313
2020-06-16,2020,0.0075,84.79695
2020-06-16,2020,0.01,113.0626
2020-06-16,2020,0.015,169.5939
2020-06-17,2020,0.0,22.950000000000728
2020-06-17,2020,0.005,22.950000000000728
2020-06-17,2020,0.0075,22.950000000000728
2020-06-17,2020,0.01,22.950000000000728
2020-06-17,2020,0.015,22.950000000000728
2020-06-18,2020,0.0,13.739999999999782
2020-06-18,2020,0.005,13.739999999999782
2020-06-18,2020,0.0075,13.739999999999782
2020-06-18,2020,0.01,13.739999999999782
2020-06-18,2020,0.015,13.739999999999782
2020-06-23,2020,0.0,39.43000000000029
2020-06-23,2020,0.005,57.864650000000005
2020-06-23,2020,0.0075,86.796975
2020-06-23,2020,0.01,39.43000000000029
2020-06-23,2020,0.015,39.43000000000029
2020-06-24,2020,0.0,48.30999999999949
2020-06-24,2020,0.005,58.061800000000005
2020-06-24,2020,0.0075,87.09270000000001
2020-06-24,2020,0.01,48.30999999999949
2020-06-24,2020,0.015,48.30999999999949
2020-06-29,2020,0.0,118.04999999999927
2020-06-29,2020,0.005,58.30335
2020-06-29,2020,0.0075,87.45502499999999
2020-06-29,2020,0.01,116.6067
2020-06-29,2020,0.015,118.04999999999927
2020-06-30,2020,0.0,78.61999999999898
2020-06-30,2020,0.005,57.713100000000004
2020-06-30,2020,0.0075,86.56965
2020-06-30,2020,0.01,78.61999999999898
2020-06-30,2020,0.015,78.61999999999898
2020-07-01,2020,0.0,5.3799999999992
2020-07-01,2020,0.005,5.3799999999992
2020-07-01,2020,0.0075,5.3799999999992
2020-07-01,2020,0.01,5.3799999999992
2020-07-01,2020,0.015,5.3799999999992
2020-07-02,2020,0.0,-101.71999999999935
2020-07-02,2020,0.005,-101.71999999999935
2020-07-02,2020,0.0075,-101.71999999999935
2020-07-02,2020,0.01,-101.71999999999935
2020-07-02,2020,0.015,-101.71999999999935
2020-07-03,2020,0.0,104.02000000000044
2020-07-03,2020,0.005,59.0257
2020-07-03,2020,0.0075,88.53854999999999
2020-07-03,2020,0.01,118.0514
2020-07-03,2020,0.015,104.02000000000044
2020-07-06,2020,0.0,207.54000000000087
2020-07-06,2020,0.005,59.5458
2020-07-06,2020,0.0075,89.31869999999999
2020-07-06,2020,0.01,119.0916
2020-07-06,2020,0.015,178.63739999999999
2020-07-07,2020,0.0,-61.159999999999854
2020-07-07,2020,0.005,-61.159999999999854
2020-07-07,2020,0.0075,-61.159999999999854
2020-07-07,2020,0.01,-61.159999999999854
2020-07-07,2020,0.015,-61.159999999999854
2020-07-08,2020,0.0,-77.22000000000116
2020-07-08,2020,0.005,-77.22000000000116
2020-07-08,2020,0.0075,-77.22000000000116
2020-07-08,2020,0.01,-77.22000000000116
2020-07-08,2020,0.015,-77.22000000000116
2020-07-09,2020,0.0,22.5
2020-07-09,2020,0.005,60.850950000000005
2020-07-09,2020,0.0075,91.276425
2020-07-09,2020,0.01,22.5
2020-07-09,2020,0.015,22.5
2020-07-10,2020,0.0,-119.01000000000022
2020-07-10,2020,0.005,-119.01000000000022
2020-07-10,2020,0.0075,-119.01000000000022
2020-07-10,2020,0.01,-119.01000000000022
2020-07-10,2020,0.015,-119.01000000000022
2020-07-14,2020,0.0,2.5499999999992724
2020-07-14,2020,0.005,61.0578
2020-07-14,2020,0.0075,2.5499999999992724
2020-07-14,2020,0.01,2.5499999999992724
2020-07-14,2020,0.015,2.5499999999992724
2020-07-15,2020,0.0,-6.1599999999998545
2020-07-15,2020,0.005,61.04505
2020-07-15,2020,0.0075,91.567575
2020-07-15,2020,0.01,-6.1599999999998545
2020-07-15,2020,0.015,-6.1599999999998545
2020-07-20,2020,0.0,-7.019999999998618
2020-07-20,2020,0.005,-7.019999999998618
2020-07-20,2020,0.0075,-7.019999999998618
2020-07-20,2020,0.01,-7.019999999998618
2020-07-20,2020,0.015,-7.019999999998618
2020-07-21,2020,0.0,-41.599999999998545
2020-07-21,2020,0.005,-41.599999999998545
2020-07-21,2020,0.0075,-41.599999999998545
2020-07-21,2020,0.01,-41.599999999998545
2020-07-21,2020,0.015,-41.599999999998545
2020-07-23,2020,0.0,-60.22999999999956
2020-07-23,2020,0.005,-60.22999999999956
2020-07-23,2020,0.0075,-60.22999999999956
2020-07-23,2020,0.01,-60.22999999999956
2020-07-23,2020,0.015,-60.22999999999956
2020-07-24,2020,0.0,109.0
2020-07-24,2020,0.005,62.065200000000004
2020-07-24,2020,0.0075,93.0978
2020-07-24,2020,0.01,124.13040000000001
2020-07-24,2020,0.015,109.0
2020-07-27,2020,0.0,-284.2599999999984
2020-07-27,2020,0.005,-284.2599999999984
2020-07-27,2020,0.0075,-284.2599999999984
2020-07-27,2020,0.01,-284.2599999999984
2020-07-27,2020,0.015,-284.2599999999984
2020-07-28,2020,0.0,237.59000000000015
2020-07-28,2020,0.005,64.1216
2020-07-28,2020,0.0075,96.1824
2020-07-28,2020,0.01,128.2432
2020-07-28,2020,0.015,192.3648
2020-07-30,2020,0.0,-67.06999999999971
2020-07-30,2020,0.005,-67.06999999999971
2020-07-30,2020,0.0075,-67.06999999999971
2020-07-30,2020,0.01,-67.06999999999971
2020-07-30,2020,0.015,-67.06999999999971
2020-07-31,2020,0.0,-58.1200000000008
2020-07-31,2020,0.005,-58.1200000000008
2020-07-31,2020,0.0075,-58.1200000000008
2020-07-31,2020,0.01,-58.1200000000008
2020-07-31,2020,0.015,-58.1200000000008
2020-08-04,2020,0.0,196.88999999999942
2020-08-04,2020,0.005,62.56515
2020-08-04,2020,0.0075,93.847725
2020-08-04,2020,0.01,125.1303
2020-08-04,2020,0.015,187.69545
2020-08-05,2020,0.0,92.3799999999992
2020-08-05,2020,0.005,63.549600000000005
2020-08-05,2020,0.0075,95.3244
2020-08-05,2020,0.01,92.3799999999992
2020-08-05,2020,0.015,92.3799999999992
2020-08-10,2020,0.0,-65.1299999999992
2020-08-10,2020,0.005,-65.1299999999992
2020-08-10,2020,0.0075,-65.1299999999992
2020-08-10,2020,0.01,-65.1299999999992
2020-08-10,2020,0.015,-65.1299999999992
2020-08-11,2020,0.0,-113.80999999999949
2020-08-11,2020,0.005,-113.80999999999949
2020-08-11,2020,0.0075,-113.80999999999949
2020-08-11,2020,0.01,-113.80999999999949
2020-08-11,2020,0.015,-113.80999999999949
2020-08-12,2020,0.0,109.84000000000015
2020-08-12,2020,0.005,63.90095
2020-08-12,2020,0.0075,95.851425
2020-08-12,2020,0.01,127.8019
2020-08-12,2020,0.015,109.84000000000015
2020-08-13,2020,0.0,-3.9099999999998545
2020-08-13,2020,0.005,-3.9099999999998545
2020-08-13,2020,0.0075,-3.9099999999998545
2020-08-13,2020,0.01,-3.9099999999998545
2020-08-13,2020,0.015,-3.9099999999998545
2020-08-14,2020,0.0,-32.32999999999993
2020-08-14,2020,0.005,63.81565
2020-08-14,2020,0.0075,-32.32999999999993
2020-08-14,2020,0.01,-32.32999999999993
2020-08-14,2020,0.015,-32.32999999999993
2020-08-18,2020,0.0,-83.97000000000116
2020-08-18,2020,0.005,-83.97000000000116
2020-08-18,2020,0.0075,-83.97000000000116
2020-08-18,2020,0.01,-83.97000000000116
2020-08-18,2020,0.015,-83.97000000000116
2020-08-24,2020,0.0,39.289999999999054
2020-08-24,2020,0.005,63.0392
2020-08-24,2020,0.0075,94.55879999999999
2020-08-24,2020,0.01,39.289999999999054
2020-08-24,2020,0.015,39.289999999999054
2020-08-25,2020,0.0,111.1200000000008
2020-08-25,2020,0.005,63.23565
2020-08-25,2020,0.0075,94.85347499999999
2020-08-25,2020,0.01,126.4713
2020-08-25,2020,0.015,111.1200000000008
2020-08-26,2020,0.0,75.04000000000087
2020-08-26,2020,0.005,63.79125
2020-08-26,2020,0.0075,75.04000000000087
2020-08-26,2020,0.01,75.04000000000087
2020-08-26,2020,0.015,75.04000000000087
2020-08-27,2020,0.0,-35.98000000000138
2020-08-27,2020,0.005,64.16645000000001
2020-08-27,2020,0.0075,96.249675
2020-08-27,2020,0.01,-35.98000000000138
2020-08-27,2020,0.015,-35.98000000000138
2020-08-28,2020,0.0,68.45999999999913
2020-08-28,2020,0.005,63.98655
2020-08-28,2020,0.0075,95.97982499999999
2020-08-28,2020,0.01,68.45999999999913
2020-08-28,2020,0.015,68.45999999999913
2020-08-31,2020,0.0,-137.39999999999964
2020-08-31,2020,0.005,63.64425000000001
2020-08-31,2020,0.0075,95.466375
2020-08-31,2020,0.01,-137.39999999999964
2020-08-31,2020,0.015,-137.39999999999964
2020-09-02,2020,0.0,-3.780000000000655
2020-09-02,2020,0.005,63.516400000000004
2020-09-02,2020,0.0075,95.2746
2020-09-02,2020,0.01,-3.780000000000655
2020-09-02,2020,0.015,-3.780000000000655
2020-09-03,2020,0.0,72.39000000000124
2020-09-03,2020,0.005,64.15180000000001
2020-09-03,2020,0.0075,96.2277
2020-09-03,2020,0.01,72.39000000000124
2020-09-03,2020,0.015,72.39000000000124
2020-09-10,2020,0.0,-1.0100000000002183
2020-09-10,2020,0.005,-1.0100000000002183
2020-09-10,2020,0.0075,-1.0100000000002183
2020-09-10,2020,0.01,-1.0100000000002183
2020-09-10,2020,0.015,-1.0100000000002183
2020-09-11,2020,0.0,15.799999999999272
2020-09-11,2020,0.005,63.45875
2020-09-11,2020,0.0075,15.799999999999272
2020-09-11,2020,0.01,15.799999999999272
2020-09-11,2020,0.015,15.799999999999272
2020-09-15,2020,0.0,-18.409999999999854
2020-09-15,2020,0.005,-18.409999999999854
2020-09-15,2020,0.0075,-18.409999999999854
2020-09-15,2020,0.01,-18.409999999999854
2020-09-15,2020,0.015,-18.409999999999854
2020-09-16,2020,0.0,131.11000000000058
2020-09-16,2020,0.005,64.22825
2020-09-16,2020,0.0075,96.34237499999999
2020-09-16,2020,0.01,128.4565
2020-09-16,2020,0.015,131.11000000000058
2020-09-17,2020,0.0,104.02000000000044
2020-09-17,2020,0.005,64.88380000000001
2020-09-17,2020,0.0075,97.3257
2020-09-17,2020,0.01,104.02000000000044
2020-09-17,2020,0.015,104.02000000000044
2020-09-21,2020,0.0,80.5
2020-09-21,2020,0.005,64.3781
2020-09-21,2020,0.0075,80.5
2020-09-21,2020,0.01,80.5
2020-09-21,2020,0.015,80.5
2020-09-23,2020,0.0,-61.63000000000102
2020-09-23,2020,0.005,-61.63000000000102
2020-09-23,2020,0.0075,-61.63000000000102
2020-09-23,2020,0.01,-61.63000000000102
2020-09-23,2020,0.015,-61.63000000000102
2020-09-25,2020,0.0,-31.469999999999345
2020-09-25,2020,0.005,61.3219
2020-09-25,2020,0.0075,91.98284999999998
2020-09-25,2020,0.01,-31.469999999999345
2020-09-25,2020,0.015,-31.469999999999345
2020-09-28,2020,0.0,229.85000000000036
2020-09-28,2020,0.005,61.16455
2020-09-28,2020,0.0075,91.746825
2020-09-28,2020,0.01,122.3291
2020-09-28,2020,0.015,183.49365
2020-09-29,2020,0.0,29.280000000000655
2020-09-29,2020,0.005,62.48505
2020-09-29,2020,0.0075,29.280000000000655
2020-09-29,2020,0.01,29.280000000000655
2020-09-29,2020,0.015,29.280000000000655
2020-09-30,2020,0.0,47.88000000000102
2020-09-30,2020,0.005,62.33865
2020-09-30,2020,0.0075,93.50797499999999
2020-09-30,2020,0.01,47.88000000000102
2020-09-30,2020,0.015,47.88000000000102
2020-10-06,2020,0.0,-8.209999999999127
2020-10-06,2020,0.005,-8.209999999999127
2020-10-06,2020,0.0075,-8.209999999999127
2020-10-06,2020,0.01,-8.209999999999127
2020-10-06,2020,0.015,-8.209999999999127
2020-10-08,2020,0.0,-42.26000000000022
2020-10-08,2020,0.005,-42.26000000000022
2020-10-08,2020,0.0075,-42.26000000000022
2020-10-08,2020,0.01,-42.26000000000022
2020-10-08,2020,0.015,-42.26000000000022
2020-10-12,2020,0.0,68.71999999999935
2020-10-12,2020,0.005,64.43595
2020-10-12,2020,0.0075,96.653925
2020-10-12,2020,0.01,68.71999999999935
2020-10-12,2020,0.015,68.71999999999935
2020-10-13,2020,0.0,-8.780000000000655
2020-10-13,2020,0.005,-8.780000000000655
2020-10-13,2020,0.0075,-8.780000000000655
2020-10-13,2020,0.01,-8.780000000000655
2020-10-13,2020,0.015,-8.780000000000655
2020-10-23,2020,0.0,-18.210000000000946
2020-10-23,2020,0.005,-18.210000000000946
2020-10-23,2020,0.0075,-18.210000000000946
2020-10-23,2020,0.01,-18.210000000000946
2020-10-23,2020,0.015,-18.210000000000946
2020-10-30,2020,0.0,78.01000000000022
2020-10-30,2020,0.005,63.121750000000006
2020-10-30,2020,0.0075,78.01000000000022
2020-10-30,2020,0.01,78.01000000000022
2020-10-30,2020,0.015,78.01000000000022
2020-11-02,2020,0.0,-44.969999999999345
2020-11-02,2020,0.005,62.731700000000004
2020-11-02,2020,0.0075,-44.969999999999345
2020-11-02,2020,0.01,-44.969999999999345
2020-11-02,2020,0.015,-44.969999999999345
2020-11-03,2020,0.0,144.70000000000073
2020-11-03,2020,0.005,62.95655
2020-11-03,2020,0.0075,94.43482499999999
2020-11-03,2020,0.01,125.9131
2020-11-03,2020,0.015,144.70000000000073
2020-11-04,2020,0.0,131.88999999999942
2020-11-04,2020,0.005,63.68005
2020-11-04,2020,0.0075,95.52007499999999
2020-11-04,2020,0.01,127.3601
2020-11-04,2020,0.015,131.88999999999942
2020-11-05,2020,0.0,-13.340000000000146
2020-11-05,2020,0.005,64.5273
2020-11-05,2020,0.0075,-13.340000000000146
2020-11-05,2020,0.01,-13.340000000000146
2020-11-05,2020,0.015,-13.340000000000146
2020-11-06,2020,0.0,15.340000000000146
2020-11-06,2020,0.005,15.340000000000146
2020-11-06,2020,0.0075,15.340000000000146
2020-11-06,2020,0.01,15.340000000000146
2020-11-06,2020,0.015,15.340000000000146
2020-11-09,2020,0.0,153.9399999999987
2020-11-09,2020,0.005,64.86765
2020-11-09,2020,0.0075,97.301475
2020-11-09,2020,0.01,129.7353
2020-11-09,2020,0.015,153.9399999999987
2020-11-10,2020,0.0,45.75
2020-11-10,2020,0.005,65.63735
2020-11-10,2020,0.0075,98.456025
2020-11-10,2020,0.01,45.75
2020-11-10,2020,0.015,45.75
2020-11-12,2020,0.0,35.219999999999345
2020-11-12,2020,0.005,35.219999999999345
2020-11-12,2020,0.0075,35.219999999999345
2020-11-12,2020,0.01,35.219999999999345
2020-11-12,2020,0.015,35.219999999999345
2020-11-13,2020,0.0,-51.54999999999927
2020-11-13,2020,0.005,-51.54999999999927
2020-11-13,2020,0.0075,-51.54999999999927
2020-11-13,2020,0.01,-51.54999999999927
2020-11-13,2020,0.015,-51.54999999999927
2020-11-16,2020,0.0,278.5
2020-11-16,2020,0.005,66.36665
2020-11-16,2020,0.0075,99.54997499999999
2020-11-16,2020,0.01,132.7333
2020-11-16,2020,0.015,199.09994999999998
2020-11-17,2020,0.0,33.25
2020-11-17,2020,0.005,33.25
2020-11-17,2020,0.0075,33.25
2020-11-17,2020,0.01,33.25
2020-11-17,2020,0.015,33.25
2020-11-20,2020,0.0,-5.989999999999782
2020-11-20,2020,0.005,-5.989999999999782
2020-11-20,2020,0.0075,-5.989999999999782
2020-11-20,2020,0.01,-5.989999999999782
2020-11-20,2020,0.015,-5.989999999999782
2020-11-24,2020,0.0,-70.88000000000102
2020-11-24,2020,0.005,69.39005
2020-11-24,2020,0.0075,-70.88000000000102
2020-11-24,2020,0.01,-70.88000000000102
2020-11-24,2020,0.015,-70.88000000000102
2020-11-25,2020,0.0,-68.29999999999927
2020-11-25,2020,0.005,69.03565
2020-11-25,2020,0.0075,-68.29999999999927
2020-11-25,2020,0.01,-68.29999999999927
2020-11-25,2020,0.015,-68.29999999999927
2020-11-30,2020,0.0,-144.20000000000073
2020-11-30,2020,0.005,69.33545000000001
2020-11-30,2020,0.0075,-144.20000000000073
2020-11-30,2020,0.01,-144.20000000000073
2020-11-30,2020,0.015,-144.20000000000073
2020-12-01,2020,0.0,162.78000000000065
2020-12-01,2020,0.005,68.61445
2020-12-01,2020,0.0075,102.921675
2020-12-01,2020,0.01,137.2289
2020-12-01,2020,0.015,162.78000000000065
2020-12-02,2020,0.0,103.46999999999935
2020-12-02,2020,0.005,69.42835000000001
2020-12-02,2020,0.0075,104.14252499999999
2020-12-02,2020,0.01,103.46999999999935
2020-12-02,2020,0.015,103.46999999999935
2020-12-03,2020,0.0,-12.049999999999272
2020-12-03,2020,0.005,-12.049999999999272
2020-12-03,2020,0.0075,-12.049999999999272
2020-12-03,2020,0.01,-12.049999999999272
2020-12-03,2020,0.015,-12.049999999999272
2020-12-07,2020,0.0,-91.1200000000008
2020-12-07,2020,0.005,-91.1200000000008
2020-12-07,2020,0.0075,-91.1200000000008
2020-12-07,2020,0.01,-91.1200000000008
2020-12-07,2020,0.015,-91.1200000000008
2020-12-08,2020,0.0,103.79999999999927
2020-12-08,2020,0.005,71.283
2020-12-08,2020,0.0075,106.9245
2020-12-08,2020,0.01,103.79999999999927
2020-12-08,2020,0.015,103.79999999999927
2020-12-09,2020,0.0,29.73999999999978
2020-12-09,2020,0.005,29.73999999999978
2020-12-09,2020,0.0075,29.73999999999978
2020-12-09,2020,0.01,29.73999999999978
2020-12-09,2020,0.015,29.73999999999978
2020-12-14,2020,0.0,50.64000000000124
2020-12-14,2020,0.005,71.30845000000001
2020-12-14,2020,0.0075,50.64000000000124
2020-12-14,2020,0.01,50.64000000000124
2020-12-14,2020,0.015,50.64000000000124
2020-12-15,2020,0.0,-142.52999999999884
2020-12-15,2020,0.005,-142.52999999999884
2020-12-15,2020,0.0075,-142.52999999999884
2020-12-15,2020,0.01,-142.52999999999884
2020-12-15,2020,0.015,-142.52999999999884
2020-12-16,2020,0.0,235.9399999999987
2020-12-16,2020,0.005,70.3426
2020-12-16,2020,0.0075,105.51389999999999
2020-12-16,2020,0.01,140.6852
2020-12-16,2020,0.015,211.02779999999998
2020-12-18,2020,0.0,-8.970000000001164
2020-12-18,2020,0.005,-8.970000000001164
2020-12-18,2020,0.0075,-8.970000000001164
2020-12-18,2020,0.01,-8.970000000001164
2020-12-18,2020,0.015,-8.970000000001164
2020-12-25,2020,0.0,51.13999999999942
2020-12-25,2020,0.005,71.40140000000001
2020-12-25,2020,0.0075,107.10210000000001
2020-12-25,2020,0.01,51.13999999999942
2020-12-25,2020,0.015,51.13999999999942
2020-12-28,2020,0.0,151.64999999999964
2020-12-28,2020,0.005,71.6571
2020-12-28,2020,0.0075,107.48564999999999
2020-12-28,2020,0.01,143.3142
2020-12-28,2020,0.015,151.64999999999964
2020-12-31,2020,0.0,44.82999999999993
2020-12-31,2020,0.005,44.82999999999993
2020-12-31,2020,0.0075,44.82999999999993
2020-12-31,2020,0.01,44.82999999999993
2020-12-31,2020,0.015,44.82999999999993
2021-01-04,2021,0.0,169.5
2021-01-04,2021,0.005,73.66265
2021-01-04,2021,0.0075,110.493975
2021-01-04,2021,0.01,147.3253
2021-01-04,2021,0.015,169.5
2021-01-06,2021,0.0,-16.900000000001455
2021-01-06,2021,0.005,75.00015
2021-01-06,2021,0.0075,112.500225
2021-01-06,2021,0.01,150.0003
2021-01-06,2021,0.015,-16.900000000001455
2021-01-08,2021,0.0,-154.67000000000007
2021-01-08,2021,0.005,-154.67000000000007
2021-01-08,2021,0.0075,-154.67000000000007
2021-01-08,2021,0.01,-154.67000000000007
2021-01-08,2021,0.015,-154.67000000000007
2021-01-12,2021,0.0,-56.599999999998545
2021-01-12,2021,0.005,77.7865
2021-01-12,2021,0.0075,-56.599999999998545
2021-01-12,2021,0.01,-56.599999999998545
2021-01-12,2021,0.015,-56.599999999998545
2021-01-13,2021,0.0,269.27999999999884
2021-01-13,2021,0.005,77.5035
2021-01-13,2021,0.0075,116.25525
2021-01-13,2021,0.01,155.007
2021-01-13,2021,0.015,232.5105
2021-01-14,2021,0.0,-62.789999999999054
2021-01-14,2021,0.005,-62.789999999999054
2021-01-14,2021,0.0075,-62.789999999999054
2021-01-14,2021,0.01,-62.789999999999054
2021-01-14,2021,0.015,-62.789999999999054
2021-01-15,2021,0.0,174.82999999999993
2021-01-15,2021,0.005,78.95609999999999
2021-01-15,2021,0.0075,118.43414999999999
2021-01-15,2021,0.01,157.91219999999998
2021-01-15,2021,0.015,174.82999999999993
2021-01-20,2021,0.0,97.96999999999935
2021-01-20,2021,0.005,79.52075
2021-01-20,2021,0.0075,119.28112499999999
2021-01-20,2021,0.01,97.96999999999935
2021-01-20,2021,0.015,97.96999999999935
2021-01-22,2021,0.0,-134.73999999999978
2021-01-22,2021,0.005,-134.73999999999978
2021-01-22,2021,0.0075,-134.73999999999978
2021-01-22,2021,0.01,-134.73999999999978
2021-01-22,2021,0.015,-134.73999999999978
2021-01-25,2021,0.0,72.48999999999978
2021-01-25,2021,0.005,80.09515
2021-01-25,2021,0.0075,120.142725
2021-01-25,2021,0.01,160.1903
2021-01-25,2021,0.015,240.28545
2021-01-26,2021,0.0,-287.6900000000005
2021-01-26,2021,0.005,-287.6900000000005
2021-01-26,2021,0.0075,-287.6900000000005
2021-01-26,2021,0.01,-287.6900000000005
2021-01-26,2021,0.015,-287.6900000000005
2021-01-27,2021,0.0,-42.600000000000364
2021-01-27,2021,0.005,-42.600000000000364
2021-01-27,2021,0.0075,-42.600000000000364
2021-01-27,2021,0.01,-42.600000000000364
2021-01-27,2021,0.015,-42.600000000000364
2021-01-29,2021,0.0,351.25
2021-01-29,2021,0.005,77.4478
2021-01-29,2021,0.0075,116.17169999999999
2021-01-29,2021,0.01,154.8956
2021-01-29,2021,0.015,232.34339999999997
2021-02-01,2021,0.0,-271.78000000000065
2021-02-01,2021,0.005,-271.78000000000065
2021-02-01,2021,0.0075,-271.78000000000065
2021-02-01,2021,0.01,-271.78000000000065
2021-02-01,2021,0.015,-271.78000000000065
2021-02-02,2021,0.0,1.0500000000010914
2021-02-02,2021,0.005,1.0500000000010914
2021-02-02,2021,0.0075,1.0500000000010914
2021-02-02,2021,0.01,1.0500000000010914
2021-02-02,2021,0.015,1.0500000000010914
2021-02-03,2021,0.0,11.270000000000437
2021-02-03,2021,0.005,78.80024999999999
2021-02-03,2021,0.0075,118.200375
2021-02-03,2021,0.01,11.270000000000437
2021-02-03,2021,0.015,11.270000000000437
2021-02-05,2021,0.0,96.18000000000029
2021-02-05,2021,0.005,78.5311
2021-02-05,2021,0.0075,117.79664999999999
2021-02-05,2021,0.01,157.0622
2021-02-05,2021,0.015,96.18000000000029
2021-02-17,2021,0.0,559.8900000000012
2021-02-17,2021,0.005,79.012
2021-02-17,2021,0.0075,118.51799999999999
2021-02-17,2021,0.01,158.024
2021-02-17,2021,0.015,237.03599999999997
2021-02-18,2021,0.0,-62.219999999997526
2021-02-18,2021,0.005,-62.219999999997526
2021-02-18,2021,0.0075,-62.219999999997526
2021-02-18,2021,0.01,-62.219999999997526
2021-02-18,2021,0.015,-62.219999999997526
2021-02-22,2021,0.0,58.02000000000044
2021-02-22,2021,0.005,58.02000000000044
2021-02-22,2021,0.0075,58.02000000000044
2021-02-22,2021,0.01,58.02000000000044
2021-02-22,2021,0.015,58.02000000000044
2021-02-25,2021,0.0,-100.0
2021-02-25,2021,0.005,-100.0
2021-02-25,2021,0.0075,-100.0
2021-02-25,2021,0.01,-100.0
2021-02-25,2021,0.015,-100.0
2021-03-02,2021,0.0,236.32999999999993
2021-03-02,2021,0.005,80.91605
2021-03-02,2021,0.0075,121.37407499999999
2021-03-02,2021,0.01,161.8321
2021-03-02,2021,0.015,236.32999999999993
2021-03-08,2021,0.0,187.9399999999987
2021-03-08,2021,0.005,80.04025
2021-03-08,2021,0.0075,120.060375
2021-03-08,2021,0.01,160.0805
2021-03-08,2021,0.015,187.9399999999987
2021-03-10,2021,0.0,10.950000000000728
2021-03-10,2021,0.005,10.950000000000728
2021-03-10,2021,0.0075,10.950000000000728
2021-03-10,2021,0.01,10.950000000000728
2021-03-10,2021,0.015,10.950000000000728
2021-03-11,2021,0.0,-267.8899999999994
2021-03-11,2021,0.005,-267.8899999999994
2021-03-11,2021,0.0075,-267.8899999999994
2021-03-11,2021,0.01,-267.8899999999994
2021-03-11,2021,0.015,-267.8899999999994
2021-03-12,2021,0.0,-40.55000000000109
2021-03-12,2021,0.005,-40.55000000000109
2021-03-12,2021,0.0075,-40.55000000000109
2021-03-12,2021,0.01,-40.55000000000109
2021-03-12,2021,0.015,-40.55000000000109
2021-03-15,2021,0.0,5.850000000000364
2021-03-15,2021,0.005,5.850000000000364
2021-03-15,2021,0.0075,5.850000000000364
2021-03-15,2021,0.01,5.850000000000364
2021-03-15,2021,0.015,5.850000000000364
2021-03-16,2021,0.0,-38.590000000000146
2021-03-16,2021,0.005,-38.590000000000146
2021-03-16,2021,0.0075,-38.590000000000146
2021-03-16,2021,0.01,-38.590000000000146
2021-03-16,2021,0.015,-38.590000000000146
2021-03-17,2021,0.0,-97.34000000000015
2021-03-17,2021,0.005,-97.34000000000015
2021-03-17,2021,0.0075,-97.34000000000015
2021-03-17,2021,0.01,-97.34000000000015
2021-03-17,2021,0.015,-97.34000000000015
2021-03-18,2021,0.0,72.02000000000044
2021-03-18,2021,0.005,81.0791
2021-03-18,2021,0.0075,121.61864999999999
2021-03-18,2021,0.01,162.1582
2021-03-18,2021,0.015,72.02000000000044
2021-03-22,2021,0.0,118.97999999999956
2021-03-22,2021,0.005,80.3512
2021-03-22,2021,0.0075,120.5268
2021-03-22,2021,0.01,160.7024
2021-03-22,2021,0.015,118.97999999999956
2021-03-23,2021,0.0,104.93000000000029
2021-03-23,2021,0.005,81.4126
2021-03-23,2021,0.0075,104.93000000000029
2021-03-23,2021,0.01,104.93000000000029
2021-03-23,2021,0.015,104.93000000000029
2021-03-25,2021,0.0,-28.019999999998618
2021-03-25,2021,0.005,80.1606
2021-03-25,2021,0.0075,-28.019999999998618
2021-03-25,2021,0.01,-28.019999999998618
2021-03-25,2021,0.015,-28.019999999998618
2021-03-26,2021,0.0,245.73999999999978
2021-03-26,2021,0.005,80.30069999999999
2021-03-26,2021,0.0075,120.45105
2021-03-26,2021,0.01,160.60139999999998
2021-03-26,2021,0.015,240.9021
2021-03-29,2021,0.0,-10.659999999999854
2021-03-29,2021,0.005,-10.659999999999854
2021-03-29,2021,0.0075,-10.659999999999854
2021-03-29,2021,0.01,-10.659999999999854
2021-03-29,2021,0.015,-10.659999999999854
2021-03-30,2021,0.0,-78.93000000000029
2021-03-30,2021,0.005,-78.93000000000029
2021-03-30,2021,0.0075,-78.93000000000029
2021-03-30,2021,0.01,-78.93000000000029
2021-03-30,2021,0.015,-78.93000000000029
2021-04-01,2021,0.0,-38.30999999999767
2021-04-01,2021,0.005,-38.30999999999767
2021-04-01,2021,0.0075,-38.30999999999767
2021-04-01,2021,0.01,-38.30999999999767
2021-04-01,2021,0.015,-38.30999999999767
2021-04-06,2021,0.0,19.650000000001455
2021-04-06,2021,0.005,19.650000000001455
2021-04-06,2021,0.0075,19.650000000001455
2021-04-06,2021,0.01,19.650000000001455
2021-04-06,2021,0.015,19.650000000001455
2021-04-07,2021,0.0,-75.4900000000016
2021-04-07,2021,0.005,-75.4900000000016
2021-04-07,2021,0.0075,-75.4900000000016
2021-04-07,2021,0.01,-75.4900000000016
2021-04-07,2021,0.015,-75.4900000000016
2021-04-08,2021,0.0,111.07999999999811
2021-04-08,2021,0.005,84.0768
2021-04-08,2021,0.0075,111.07999999999811
2021-04-08,2021,0.01,111.07999999999811
2021-04-08,2021,0.015,111.07999999999811
2021-04-09,2021,0.0,-72.34000000000015
2021-04-09,2021,0.005,84.6322
2021-04-09,2021,0.0075,-72.34000000000015
2021-04-09,2021,0.01,-72.34000000000015
2021-04-09,2021,0.015,-72.34000000000015
2021-04-13,2021,0.0,34.79000000000087
2021-04-13,2021,0.005,34.79000000000087
2021-04-13,2021,0.0075,34.79000000000087
2021-04-13,2021,0.01,34.79000000000087
2021-04-13,2021,0.015,34.79000000000087
2021-04-15,2021,0.0,-210.7599999999984
2021-04-15,2021,0.005,-210.7599999999984
2021-04-15,2021,0.0075,-210.7599999999984
2021-04-15,2021,0.01,-210.7599999999984
2021-04-15,2021,0.015,-210.7599999999984
2021-04-16,2021,0.0,82.08000000000175
2021-04-16,2021,0.005,82.08000000000175
2021-04-16,2021,0.0075,82.08000000000175
2021-04-16,2021,0.01,82.08000000000175
2021-04-16,2021,0.015,82.08000000000175
2021-04-21,2021,0.0,121.7599999999984
2021-04-21,2021,0.005,86.61935
2021-04-21,2021,0.0075,129.929025
2021-04-21,2021,0.01,121.7599999999984
2021-04-21,2021,0.015,121.7599999999984
2021-04-22,2021,0.0,204.02999999999884
2021-04-22,2021,0.005,86.505
2021-04-22,2021,0.0075,129.7575
2021-04-22,2021,0.01,173.01
2021-04-22,2021,0.015,204.02999999999884
2021-04-26,2021,0.0,-118.90999999999985
2021-04-26,2021,0.005,-118.90999999999985
2021-04-26,2021,0.0075,-118.90999999999985
2021-04-26,2021,0.01,-118.90999999999985
2021-04-26,2021,0.015,-118.90999999999985
2021-04-27,2021,0.0,23.610000000000582
2021-04-27,2021,0.005,23.610000000000582
2021-04-27,2021,0.0075,23.610000000000582
2021-04-27,2021,0.01,23.610000000000582
2021-04-27,2021,0.015,23.610000000000582
2021-04-29,2021,0.0,0.8699999999989814
2021-04-29,2021,0.005,0.8699999999989814
2021-04-29,2021,0.0075,0.8699999999989814
2021-04-29,2021,0.01,0.8699999999989814
2021-04-29,2021,0.015,0.8699999999989814
2021-05-04,2021,0.0,288.5699999999997
2021-05-04,2021,0.005,86.11175
2021-05-04,2021,0.0075,129.167625
2021-05-04,2021,0.01,172.2235
2021-05-04,2021,0.015,258.33525
2021-05-05,2021,0.0,90.34000000000015
2021-05-05,2021,0.005,84.6689
2021-05-05,2021,0.0075,90.34000000000015
2021-05-05,2021,0.01,90.34000000000015
2021-05-05,2021,0.015,90.34000000000015
2021-05-06,2021,0.0,150.9200000000019
2021-05-06,2021,0.005,84.21719999999999
2021-05-06,2021,0.0075,126.32579999999999
2021-05-06,2021,0.01,168.43439999999998
2021-05-06,2021,0.015,150.9200000000019
2021-05-07,2021,0.0,290.6399999999994
2021-05-07,2021,0.005,84.9718
2021-05-07,2021,0.0075,127.4577
2021-05-07,2021,0.01,169.9436
2021-05-07,2021,0.015,254.9154
2021-05-10,2021,0.0,-49.38999999999942
2021-05-10,2021,0.005,-49.38999999999942
2021-05-10,2021,0.0075,-49.38999999999942
2021-05-10,2021,0.01,-49.38999999999942
2021-05-10,2021,0.015,-49.38999999999942
2021-05-12,2021,0.0,-680.7600000000002
2021-05-12,2021,0.005,-680.7600000000002
2021-05-12,2021,0.0075,-680.7600000000002
2021-05-12,2021,0.01,-680.7600000000002
2021-05-12,2021,0.015,-680.7600000000002
2021-05-14,2021,0.0,156.98999999999978
2021-05-14,2021,0.005,78.3505
2021-05-14,2021,0.0075,117.52575
2021-05-14,2021,0.01,156.701
2021-05-14,2021,0.015,235.0515
2021-05-17,2021,0.0,276.4400000000005
2021-05-17,2021,0.005,78.15165
2021-05-17,2021,0.0075,117.227475
2021-05-17,2021,0.01,156.3033
2021-05-17,2021,0.015,234.45495
2021-05-20,2021,0.0,-90.29999999999927
2021-05-20,2021,0.005,-90.29999999999927
2021-05-20,2021,0.0075,-90.29999999999927
2021-05-20,2021,0.01,-90.29999999999927
2021-05-20,2021,0.015,-90.29999999999927
2021-05-21,2021,0.0,-106.76000000000022
2021-05-21,2021,0.005,-106.76000000000022
2021-05-21,2021,0.0075,-106.76000000000022
2021-05-21,2021,0.01,-106.76000000000022
2021-05-21,2021,0.015,-106.76000000000022
2021-05-25,2021,0.0,-25.219999999997526
2021-05-25,2021,0.005,-25.219999999997526
2021-05-25,2021,0.0075,-25.219999999997526
2021-05-25,2021,0.01,-25.219999999997526
2021-05-25,2021,0.015,-25.219999999997526
2021-05-26,2021,0.0,48.02000000000044
2021-05-26,2021,0.005,82.97834999999999
2021-05-26,2021,0.0075,48.02000000000044
2021-05-26,2021,0.01,48.02000000000044
2021-05-26,2021,0.015,48.02000000000044
2021-05-27,2021,0.0,-42.07999999999811
2021-05-27,2021,0.005,-42.07999999999811
2021-05-27,2021,0.0075,-42.07999999999811
2021-05-27,2021,0.01,-42.07999999999811
2021-05-27,2021,0.015,-42.07999999999811
2021-05-28,2021,0.0,269.25
2021-05-28,2021,0.005,83.00805000000001
2021-05-28,2021,0.0075,124.512075
2021-05-28,2021,0.01,166.01610000000002
2021-05-28,2021,0.015,249.02415
2021-05-31,2021,0.0,197.5699999999997
2021-05-31,2021,0.005,84.35430000000001
2021-05-31,2021,0.0075,126.53145
2021-05-31,2021,0.01,168.70860000000002
2021-05-31,2021,0.015,197.5699999999997
2021-06-01,2021,0.0,93.95000000000073
2021-06-01,2021,0.005,85.34215
2021-06-01,2021,0.0075,93.95000000000073
2021-06-01,2021,0.01,93.95000000000073
2021-06-01,2021,0.015,93.95000000000073
2021-06-03,2021,0.0,81.11999999999898
2021-06-03,2021,0.005,85.82520000000001
2021-06-03,2021,0.0075,128.7378
2021-06-03,2021,0.01,81.11999999999898
2021-06-03,2021,0.015,81.11999999999898
2021-06-04,2021,0.0,98.75
2021-06-04,2021,0.005,86.2308
2021-06-04,2021,0.0075,129.34619999999998
2021-06-04,2021,0.01,98.75
2021-06-04,2021,0.015,98.75
2021-06-07,2021,0.0,-215.90999999999985
2021-06-07,2021,0.005,-215.90999999999985
2021-06-07,2021,0.0075,-215.90999999999985
2021-06-07,2021,0.01,-215.90999999999985
2021-06-07,2021,0.015,-215.90999999999985
2021-06-11,2021,0.0,54.29999999999927
2021-06-11,2021,0.005,85.79610000000001
2021-06-11,2021,0.0075,54.29999999999927
2021-06-11,2021,0.01,54.29999999999927
2021-06-11,2021,0.015,54.29999999999927
2021-06-15,2021,0.0,157.77000000000044
2021-06-15,2021,0.005,86.0676
2021-06-15,2021,0.0075,129.1014
2021-06-15,2021,0.01,157.77000000000044
2021-06-15,2021,0.015,157.77000000000044
2021-06-18,2021,0.0,-72.06999999999971
2021-06-18,2021,0.005,-72.06999999999971
2021-06-18,2021,0.0075,-72.06999999999971
2021-06-18,2021,0.01,-72.06999999999971
2021-06-18,2021,0.015,-72.06999999999971
2021-06-22,2021,0.0,12.569999999999709
2021-06-22,2021,0.005,85.3149
2021-06-22,2021,0.0075,127.97234999999999
2021-06-22,2021,0.01,170.6298
2021-06-22,2021,0.015,12.569999999999709
2021-06-23,2021,0.0,261.15999999999985
2021-06-23,2021,0.005,85.37774999999999
2021-06-23,2021,0.0075,128.066625
2021-06-23,2021,0.01,170.75549999999998
2021-06-23,2021,0.015,256.13325
2021-06-24,2021,0.0,71.25
2021-06-24,2021,0.005,86.68355
2021-06-24,2021,0.0075,71.25
2021-06-24,2021,0.01,71.25
2021-06-24,2021,0.015,71.25
2021-06-25,2021,0.0,95.03000000000247
2021-06-25,2021,0.005,87.0398
2021-06-25,2021,0.0075,130.5597
2021-06-25,2021,0.01,174.0796
2021-06-25,2021,0.015,95.03000000000247
2021-06-29,2021,0.0,-1.4699999999975262
2021-06-29,2021,0.005,-1.4699999999975262
2021-06-29,2021,0.0075,-1.4699999999975262
2021-06-29,2021,0.01,-1.4699999999975262
2021-06-29,2021,0.015,-1.4699999999975262
2021-06-30,2021,0.0,157.27000000000044
2021-06-30,2021,0.005,87.99095
2021-06-30,2021,0.0075,131.986425
2021-06-30,2021,0.01,175.9819
2021-06-30,2021,0.015,157.27000000000044
2021-07-02,2021,0.0,3.789999999997235
2021-07-02,2021,0.005,3.789999999997235
2021-07-02,2021,0.0075,3.789999999997235
2021-07-02,2021,0.01,3.789999999997235
2021-07-02,2021,0.015,3.789999999997235
2021-07-05,2021,0.0,209.1800000000003
2021-07-05,2021,0.005,88.55075000000001
2021-07-05,2021,0.0075,132.82612500000002
2021-07-05,2021,0.01,177.10150000000002
2021-07-05,2021,0.015,209.1800000000003
2021-07-06,2021,0.0,-6.260000000002037
2021-07-06,2021,0.005,-6.260000000002037
2021-07-06,2021,0.0075,-6.260000000002037
2021-07-06,2021,0.01,-6.260000000002037
2021-07-06,2021,0.015,-6.260000000002037
2021-07-08,2021,0.0,-15.400000000001455
2021-07-08,2021,0.005,89.25345
2021-07-08,2021,0.0075,-15.400000000001455
2021-07-08,2021,0.01,-15.400000000001455
2021-07-08,2021,0.015,-15.400000000001455
2021-07-09,2021,0.0,204.61000000000058
2021-07-09,2021,0.005,89.33045
2021-07-09,2021,0.0075,133.995675
2021-07-09,2021,0.01,178.6609
2021-07-09,2021,0.015,267.99135
2021-07-12,2021,0.0,152.85000000000218
2021-07-12,2021,0.005,88.3074
2021-07-12,2021,0.0075,132.4611
2021-07-12,2021,0.01,176.6148
2021-07-12,2021,0.015,264.9222
2021-07-13,2021,0.0,33.18999999999869
2021-07-13,2021,0.005,89.07165
2021-07-13,2021,0.0075,133.60747500000002
2021-07-13,2021,0.01,178.1433
2021-07-13,2021,0.015,33.18999999999869
2021-07-20,2021,0.0,-260.5099999999984
2021-07-20,2021,0.005,-260.5099999999984
2021-07-20,2021,0.0075,-260.5099999999984
2021-07-20,2021,0.01,-260.5099999999984
2021-07-20,2021,0.015,-260.5099999999984
2021-07-21,2021,0.0,-69.95000000000073
2021-07-21,2021,0.005,87.64370000000001
2021-07-21,2021,0.0075,131.46555
2021-07-21,2021,0.01,175.28740000000002
2021-07-21,2021,0.015,-69.95000000000073
2021-07-22,2021,0.0,73.44999999999709
2021-07-22,2021,0.005,88.2289
2021-07-22,2021,0.0075,132.34335
2021-07-22,2021,0.01,73.44999999999709
2021-07-22,2021,0.015,73.44999999999709
2021-07-26,2021,0.0,-169.35999999999694
2021-07-26,2021,0.005,-169.35999999999694
2021-07-26,2021,0.0075,-169.35999999999694
2021-07-26,2021,0.01,-169.35999999999694
2021-07-26,2021,0.015,-169.35999999999694
2021-07-28,2021,0.0,134.64999999999782
2021-07-28,2021,0.005,86.34935
2021-07-28,2021,0.0075,129.524025
2021-07-28,2021,0.01,172.6987
2021-07-28,2021,0.015,259.04805
2021-07-29,2021,0.0,267.59000000000015
2021-07-29,2021,0.005,85.6761
2021-07-29,2021,0.0075,128.51415
2021-07-29,2021,0.01,171.3522
2021-07-29,2021,0.015,257.0283
2021-07-30,2021,0.0,-155.40000000000146
2021-07-30,2021,0.005,-155.40000000000146
2021-07-30,2021,0.0075,-155.40000000000146
2021-07-30,2021,0.01,-155.40000000000146
2021-07-30,2021,0.015,-155.40000000000146
2021-08-02,2021,0.0,255.86999999999898
2021-08-02,2021,0.005,86.23705
2021-08-02,2021,0.0075,129.355575
2021-08-02,2021,0.01,172.4741
2021-08-02,2021,0.015,255.86999999999898
2021-08-03,2021,0.0,50.47999999999956
2021-08-03,2021,0.005,50.47999999999956
2021-08-03,2021,0.0075,50.47999999999956
2021-08-03,2021,0.01,50.47999999999956
2021-08-03,2021,0.015,50.47999999999956
2021-08-04,2021,0.0,70.13000000000102
2021-08-04,2021,0.005,70.13000000000102
2021-08-04,2021,0.0075,70.13000000000102
2021-08-04,2021,0.01,70.13000000000102
2021-08-04,2021,0.015,70.13000000000102
2021-08-05,2021,0.0,-20.770000000000437
2021-08-05,2021,0.005,-20.770000000000437
2021-08-05,2021,0.0075,-20.770000000000437
2021-08-05,2021,0.01,-20.770000000000437
2021-08-05,2021,0.015,-20.770000000000437
2021-08-11,2021,0.0,96.45999999999913
2021-08-11,2021,0.005,86.6182
2021-08-11,2021,0.0075,129.9273
2021-08-11,2021,0.01,173.2364
2021-08-11,2021,0.015,96.45999999999913
2021-08-13,2021,0.0,237.8299999999981
2021-08-13,2021,0.005,86.0997
2021-08-13,2021,0.0075,129.14954999999998
2021-08-13,2021,0.01,172.1994
2021-08-13,2021,0.015,237.8299999999981
2021-08-16,2021,0.0,-123.34000000000015
2021-08-16,2021,0.005,-123.34000000000015
2021-08-16,2021,0.0075,-123.34000000000015
2021-08-16,2021,0.01,-123.34000000000015
2021-08-16,2021,0.015,-123.34000000000015
2021-08-18,2021,0.0,-164.90999999999985
2021-08-18,2021,0.005,83.30680000000001
2021-08-18,2021,0.0075,124.9602
2021-08-18,2021,0.01,166.61360000000002
2021-08-18,2021,0.015,-164.90999999999985
2021-08-19,2021,0.0,450.8700000000008
2021-08-19,2021,0.005,84.13135
2021-08-19,2021,0.0075,126.197025
2021-08-19,2021,0.01,168.2627
2021-08-19,2021,0.015,252.39405
2021-08-20,2021,0.0,-33.45999999999913
2021-08-20,2021,0.005,81.877
2021-08-20,2021,0.0075,122.81549999999999
2021-08-20,2021,0.01,-33.45999999999913
2021-08-20,2021,0.015,-33.45999999999913
2021-08-23,2021,0.0,399.89999999999964
2021-08-23,2021,0.005,81.7097
2021-08-23,2021,0.0075,122.56455
2021-08-23,2021,0.01,163.4194
2021-08-23,2021,0.015,245.1291
2021-08-24,2021,0.0,11.229999999999563
2021-08-24,2021,0.005,11.229999999999563
2021-08-24,2021,0.0075,11.229999999999563
2021-08-24,2021,0.01,11.229999999999563
2021-08-24,2021,0.015,11.229999999999563
2021-08-25,2021,0.0,227.13000000000102
2021-08-25,2021,0.005,84.09365
2021-08-25,2021,0.0075,126.140475
2021-08-25,2021,0.01,168.1873
2021-08-25,2021,0.015,227.13000000000102
2021-08-26,2021,0.0,21.099999999998545
2021-08-26,2021,0.005,85.22930000000001
2021-08-26,2021,0.0075,127.84395
2021-08-26,2021,0.01,21.099999999998545
2021-08-26,2021,0.015,21.099999999998545
2021-08-30,2021,0.0,186.59000000000015
2021-08-30,2021,0.005,86.04965
2021-08-30,2021,0.0075,129.074475
2021-08-30,2021,0.01,172.0993
2021-08-30,2021,0.015,186.59000000000015
2021-08-31,2021,0.0,93.77000000000044
2021-08-31,2021,0.005,86.9826
2021-08-31,2021,0.0075,93.77000000000044
2021-08-31,2021,0.01,93.77000000000044
2021-08-31,2021,0.015,93.77000000000044
2021-09-03,2021,0.0,197.15999999999985
2021-09-03,2021,0.005,86.5988
2021-09-03,2021,0.0075,129.89819999999997
2021-09-03,2021,0.01,173.1976
2021-09-03,2021,0.015,197.15999999999985
2021-09-06,2021,0.0,-21.61999999999898
2021-09-06,2021,0.005,87.5846
2021-09-06,2021,0.0075,-21.61999999999898
2021-09-06,2021,0.01,-21.61999999999898
2021-09-06,2021,0.015,-21.61999999999898
2021-09-07,2021,0.0,-66.43000000000029
2021-09-07,2021,0.005,-66.43000000000029
2021-09-07,2021,0.0075,-66.43000000000029
2021-09-07,2021,0.01,-66.43000000000029
2021-09-07,2021,0.015,-66.43000000000029
2021-09-09,2021,0.0,-33.840000000000146
2021-09-09,2021,0.005,86.35245
2021-09-09,2021,0.0075,129.52867500000002
2021-09-09,2021,0.01,-33.840000000000146
2021-09-09,2021,0.015,-33.840000000000146
2021-09-10,2021,0.0,170.23999999999796
2021-09-10,2021,0.005,86.52165000000001
2021-09-10,2021,0.0075,129.782475
2021-09-10,2021,0.01,170.23999999999796
2021-09-10,2021,0.015,170.23999999999796
2021-09-13,2021,0.0,-28.2599999999984
2021-09-13,2021,0.005,-28.2599999999984
2021-09-13,2021,0.0075,-28.2599999999984
2021-09-13,2021,0.01,-28.2599999999984
2021-09-13,2021,0.015,-28.2599999999984
2021-09-14,2021,0.0,-11.409999999999854
2021-09-14,2021,0.005,-11.409999999999854
2021-09-14,2021,0.0075,-11.409999999999854
2021-09-14,2021,0.01,-11.409999999999854
2021-09-14,2021,0.015,-11.409999999999854
2021-09-16,2021,0.0,-75.29999999999927
2021-09-16,2021,0.005,-75.29999999999927
2021-09-16,2021,0.0075,-75.29999999999927
2021-09-16,2021,0.01,-75.29999999999927
2021-09-16,2021,0.015,-75.29999999999927
2021-09-17,2021,0.0,-1.9099999999998545
2021-09-17,2021,0.005,86.3935
2021-09-17,2021,0.0075,129.59025
2021-09-17,2021,0.01,-1.9099999999998545
2021-09-17,2021,0.015,-1.9099999999998545
2021-09-22,2021,0.0,-350.97000000000116
2021-09-22,2021,0.005,-350.97000000000116
2021-09-22,2021,0.0075,-350.97000000000116
2021-09-22,2021,0.01,-350.97000000000116
2021-09-22,2021,0.015,-350.97000000000116
2021-09-23,2021,0.0,27.340000000000146
2021-09-23,2021,0.005,27.340000000000146
2021-09-23,2021,0.0075,27.340000000000146
2021-09-23,2021,0.01,27.340000000000146
2021-09-23,2021,0.015,27.340000000000146
2021-09-24,2021,0.0,181.96999999999753
2021-09-24,2021,0.005,85.39110000000001
2021-09-24,2021,0.0075,128.08665
2021-09-24,2021,0.01,170.78220000000002
2021-09-24,2021,0.015,181.96999999999753
2021-09-30,2021,0.0,-79.31000000000131
2021-09-30,2021,0.005,84.2773
2021-09-30,2021,0.0075,-79.31000000000131
2021-09-30,2021,0.01,-79.31000000000131
2021-09-30,2021,0.015,-79.31000000000131
2021-10-04,2021,0.0,-162.54000000000087
2021-10-04,2021,0.005,82.85445
2021-10-04,2021,0.0075,-162.54000000000087
2021-10-04,2021,0.01,-162.54000000000087
2021-10-04,2021,0.015,-162.54000000000087
2021-10-06,2021,0.0,-67.59000000000015
2021-10-06,2021,0.005,82.30375000000001
2021-10-06,2021,0.0075,-67.59000000000015
2021-10-06,2021,0.01,-67.59000000000015
2021-10-06,2021,0.015,-67.59000000000015
2021-10-07,2021,0.0,320.7000000000007
2021-10-07,2021,0.005,81.9658
2021-10-07,2021,0.0075,122.94869999999999
2021-10-07,2021,0.01,163.9316
2021-10-07,2021,0.015,245.89739999999998
2021-10-08,2021,0.0,-73.43000000000029
2021-10-08,2021,0.005,-73.43000000000029
2021-10-08,2021,0.0075,-73.43000000000029
2021-10-08,2021,0.01,-73.43000000000029
2021-10-08,2021,0.015,-73.43000000000029
2021-10-13,2021,0.0,114.85000000000036
2021-10-13,2021,0.005,82.3142
2021-10-13,2021,0.0075,123.4713
2021-10-13,2021,0.01,114.85000000000036
2021-10-13,2021,0.015,114.85000000000036
2021-10-14,2021,0.0,39.289999999999054
2021-10-14,2021,0.005,81.73995000000001
2021-10-14,2021,0.0075,122.60992499999999
2021-10-14,2021,0.01,163.47990000000001
2021-10-14,2021,0.015,39.289999999999054
2021-10-15,2021,0.0,-89.73999999999796
2021-10-15,2021,0.005,-89.73999999999796
2021-10-15,2021,0.0075,-89.73999999999796
2021-10-15,2021,0.01,-89.73999999999796
2021-10-15,2021,0.015,-89.73999999999796
2021-10-18,2021,0.0,-75.72999999999956
2021-10-18,2021,0.005,-75.72999999999956
2021-10-18,2021,0.0075,-75.72999999999956
2021-10-18,2021,0.01,-75.72999999999956
2021-10-18,2021,0.015,-75.72999999999956
2021-10-19,2021,0.0,195.20999999999913
2021-10-19,2021,0.005,83.5273
2021-10-19,2021,0.0075,125.29095
2021-10-19,2021,0.01,167.0546
2021-10-19,2021,0.015,195.20999999999913
2021-10-20,2021,0.0,-12.849999999998545
2021-10-20,2021,0.005,-12.849999999998545
2021-10-20,2021,0.0075,-12.849999999998545
2021-10-20,2021,0.01,-12.849999999998545
2021-10-20,2021,0.015,-12.849999999998545
2021-10-22,2021,0.0,-0.7699999999967986
2021-10-22,2021,0.005,-0.7699999999967986
2021-10-22,2021,0.0075,-0.7699999999967986
2021-10-22,2021,0.01,-0.7699999999967986
2021-10-22,2021,0.015,-0.7699999999967986
2021-10-25,2021,0.0,-5.5
2021-10-25,2021,0.005,84.4437
2021-10-25,2021,0.0075,-5.5
2021-10-25,2021,0.01,-5.5
2021-10-25,2021,0.015,-5.5
2021-10-26,2021,0.0,140.09999999999854
2021-10-26,2021,0.005,84.47120000000001
2021-10-26,2021,0.0075,126.7068
2021-10-26,2021,0.01,168.94240000000002
2021-10-26,2021,0.015,140.09999999999854
2021-10-27,2021,0.0,40.20999999999913
2021-10-27,2021,0.005,40.20999999999913
2021-10-27,2021,0.0075,40.20999999999913
2021-10-27,2021,0.01,40.20999999999913
2021-10-27,2021,0.015,40.20999999999913
2021-10-29,2021,0.0,-17.68999999999869
2021-10-29,2021,0.005,-17.68999999999869
2021-10-29,2021,0.0075,-17.68999999999869
2021-10-29,2021,0.01,-17.68999999999869
2021-10-29,2021,0.015,-17.68999999999869
2021-11-01,2021,0.0,80.83000000000175
2021-11-01,2021,0.005,84.93705
2021-11-01,2021,0.0075,127.405575
2021-11-01,2021,0.01,80.83000000000175
2021-11-01,2021,0.015,80.83000000000175
2021-11-02,2021,0.0,-2.2700000000004366
2021-11-02,2021,0.005,85.34120000000001
2021-11-02,2021,0.0075,128.0118
2021-11-02,2021,0.01,-2.2700000000004366
2021-11-02,2021,0.015,-2.2700000000004366
2021-11-03,2021,0.0,56.18999999999869
2021-11-03,2021,0.005,85.32985000000001
2021-11-03,2021,0.0075,56.18999999999869
2021-11-03,2021,0.01,56.18999999999869
2021-11-03,2021,0.015,56.18999999999869
2021-11-04,2021,0.0,-43.29999999999927
2021-11-04,2021,0.005,85.6108
2021-11-04,2021,0.0075,-43.29999999999927
2021-11-04,2021,0.01,-43.29999999999927
2021-11-04,2021,0.015,-43.29999999999927
2021-11-05,2021,0.0,-140.25
2021-11-05,2021,0.005,-140.25
2021-11-05,2021,0.0075,-140.25
2021-11-05,2021,0.01,-140.25
2021-11-05,2021,0.015,-140.25
2021-11-08,2021,0.0,118.39999999999782
2021-11-08,2021,0.005,86.48450000000001
2021-11-08,2021,0.0075,118.39999999999782
2021-11-08,2021,0.01,118.39999999999782
2021-11-08,2021,0.015,118.39999999999782
2021-11-09,2021,0.0,126.06000000000131
2021-11-09,2021,0.005,87.0765
2021-11-09,2021,0.0075,130.61475
2021-11-09,2021,0.01,126.06000000000131
2021-11-09,2021,0.015,126.06000000000131
2021-11-12,2021,0.0,65.61000000000058
2021-11-12,2021,0.005,87.2626
2021-11-12,2021,0.0075,130.8939
2021-11-12,2021,0.01,65.61000000000058
2021-11-12,2021,0.015,65.61000000000058
2021-11-15,2021,0.0,116.34000000000015
2021-11-15,2021,0.005,87.59065000000001
2021-11-15,2021,0.0075,131.385975
2021-11-15,2021,0.01,116.34000000000015
2021-11-15,2021,0.015,116.34000000000015
2021-11-17,2021,0.0,70.90999999999985
2021-11-17,2021,0.005,70.90999999999985
2021-11-17,2021,0.0075,70.90999999999985
2021-11-17,2021,0.01,70.90999999999985
2021-11-17,2021,0.015,70.90999999999985
2021-11-19,2021,0.0,-23.05999999999767
2021-11-19,2021,0.005,89.20685
2021-11-19,2021,0.0075,133.810275
2021-11-19,2021,0.01,-23.05999999999767
2021-11-19,2021,0.015,-23.05999999999767
2021-11-22,2021,0.0,-14.770000000000437
2021-11-22,2021,0.005,-14.770000000000437
2021-11-22,2021,0.0075,-14.770000000000437
2021-11-22,2021,0.01,-14.770000000000437
2021-11-22,2021,0.015,-14.770000000000437
2021-11-23,2021,0.0,137.4200000000019
2021-11-23,2021,0.005,89.0177
2021-11-23,2021,0.0075,133.52655000000001
2021-11-23,2021,0.01,137.4200000000019
2021-11-23,2021,0.015,137.4200000000019
2021-11-25,2021,0.0,11.669999999998254
2021-11-25,2021,0.005,11.669999999998254
2021-11-25,2021,0.0075,11.669999999998254
2021-11-25,2021,0.01,11.669999999998254
2021-11-25,2021,0.015,11.669999999998254
2021-11-26,2021,0.0,-284.7999999999993
2021-11-26,2021,0.005,-284.7999999999993
2021-11-26,2021,0.0075,-284.7999999999993
2021-11-26,2021,0.01,-284.7999999999993
2021-11-26,2021,0.015,-284.7999999999993
2021-11-30,2021,0.0,60.62000000000262
2021-11-30,2021,0.005,87.4419
2021-11-30,2021,0.0075,60.62000000000262
2021-11-30,2021,0.01,60.62000000000262
2021-11-30,2021,0.015,60.62000000000262
2021-12-01,2021,0.0,-158.2300000000032
2021-12-01,2021,0.005,-158.2300000000032
2021-12-01,2021,0.0075,-158.2300000000032
2021-12-01,2021,0.01,-158.2300000000032
2021-12-01,2021,0.015,-158.2300000000032
2021-12-03,2021,0.0,-27.7400000000016
2021-12-03,2021,0.005,-27.7400000000016
2021-12-03,2021,0.0075,-27.7400000000016
2021-12-03,2021,0.01,-27.7400000000016
2021-12-03,2021,0.015,-27.7400000000016
2021-12-08,2021,0.0,78.71000000000276
2021-12-08,2021,0.005,78.71000000000276
2021-12-08,2021,0.0075,78.71000000000276
2021-12-08,2021,0.01,78.71000000000276
2021-12-08,2021,0.015,78.71000000000276
2021-12-13,2021,0.0,-58.659999999999854
2021-12-13,2021,0.005,89.1313
2021-12-13,2021,0.0075,-58.659999999999854
2021-12-13,2021,0.01,-58.659999999999854
2021-12-13,2021,0.015,-58.659999999999854
2021-12-16,2021,0.0,-45.0
2021-12-16,2021,0.005,-45.0
2021-12-16,2021,0.0075,-45.0
2021-12-16,2021,0.01,-45.0
2021-12-16,2021,0.015,-45.0
2021-12-22,2021,0.0,19.69999999999709
2021-12-22,2021,0.005,19.69999999999709
2021-12-22,2021,0.0075,19.69999999999709
2021-12-22,2021,0.01,19.69999999999709
2021-12-22,2021,0.015,19.69999999999709
2021-12-23,2021,0.0,119.82999999999811
2021-12-23,2021,0.005,89.13415
2021-12-23,2021,0.0075,133.70122500000002
2021-12-23,2021,0.01,119.82999999999811
2021-12-23,2021,0.015,119.82999999999811
2021-12-24,2021,0.0,14.979999999999563
2021-12-24,2021,0.005,89.7333
2021-12-24,2021,0.0075,14.979999999999563
2021-12-24,2021,0.01,14.979999999999563
2021-12-24,2021,0.015,14.979999999999563
2021-12-27,2021,0.0,87.29999999999927
2021-12-27,2021,0.005,89.8082
2021-12-27,2021,0.0075,134.7123
2021-12-27,2021,0.01,87.29999999999927
2021-12-27,2021,0.015,87.29999999999927
2021-12-28,2021,0.0,-43.17000000000189
2021-12-28,2021,0.005,-43.17000000000189
2021-12-28,2021,0.0075,-43.17000000000189
2021-12-28,2021,0.01,-43.17000000000189
2021-12-28,2021,0.015,-43.17000000000189
2021-12-29,2021,0.0,-51.469999999997526
2021-12-29,2021,0.005,-51.469999999997526
2021-12-29,2021,0.0075,-51.469999999997526
2021-12-29,2021,0.01,-51.469999999997526
2021-12-29,2021,0.015,-51.469999999997526
2021-12-30,2021,0.0,-29.43999999999869
2021-12-30,2021,0.005,-29.43999999999869
2021-12-30,2021,0.0075,-29.43999999999869
2021-12-30,2021,0.01,-29.43999999999869
2021-12-30,2021,0.015,-29.43999999999869
2022-01-04,2022,0.0,-77.59999999999854
2022-01-04,2022,0.005,-77.59999999999854
2022-01-04,2022,0.0075,-77.59999999999854
2022-01-04,2022,0.01,-77.59999999999854
2022-01-04,2022,0.015,-77.59999999999854
2022-01-07,2022,0.0,-198.15999999999985
2022-01-07,2022,0.005,-198.15999999999985
2022-01-07,2022,0.0075,-198.15999999999985
2022-01-07,2022,0.01,-198.15999999999985
2022-01-07,2022,0.015,-198.15999999999985
2022-01-11,2022,0.0,48.82999999999811
2022-01-11,2022,0.005,48.82999999999811
2022-01-11,2022,0.0075,48.82999999999811
2022-01-11,2022,0.01,48.82999999999811
2022-01-11,2022,0.015,48.82999999999811
2022-01-12,2022,0.0,87.19000000000233
2022-01-12,2022,0.005,91.44105
2022-01-12,2022,0.0075,87.19000000000233
2022-01-12,2022,0.01,87.19000000000233
2022-01-12,2022,0.015,87.19000000000233
2022-01-13,2022,0.0,61.529999999998836
2022-01-13,2022,0.005,61.529999999998836
2022-01-13,2022,0.0075,61.529999999998836
2022-01-13,2022,0.01,61.529999999998836
2022-01-13,2022,0.015,61.529999999998836
2022-01-17,2022,0.0,-9.059999999997672
2022-01-17,2022,0.005,-9.059999999997672
2022-01-17,2022,0.0075,-9.059999999997672
2022-01-17,2022,0.01,-9.059999999997672
2022-01-17,2022,0.015,-9.059999999997672
2022-01-18,2022,0.0,179.86000000000058
2022-01-18,2022,0.005,92.7925
2022-01-18,2022,0.0075,139.18875
2022-01-18,2022,0.01,179.86000000000058
2022-01-18,2022,0.015,179.86000000000058
2022-01-24,2022,0.0,-89.7400000000016
2022-01-24,2022,0.005,89.4965
2022-01-24,2022,0.0075,134.24474999999998
2022-01-24,2022,0.01,178.993
2022-01-24,2022,0.015,-89.7400000000016
2022-01-25,2022,0.0,-287.9200000000019
2022-01-25,2022,0.005,-287.9200000000019
2022-01-25,2022,0.0075,-287.9200000000019
2022-01-25,2022,0.01,-287.9200000000019
2022-01-25,2022,0.015,-287.9200000000019
2022-02-07,2022,0.0,225.89999999999782
2022-02-07,2022,0.005,88.37200000000001
2022-02-07,2022,0.0075,132.558
2022-02-07,2022,0.01,176.74400000000003
2022-02-07,2022,0.015,225.89999999999782
2022-02-09,2022,0.0,-81.95999999999913
2022-02-09,2022,0.005,-81.95999999999913
2022-02-09,2022,0.0075,-81.95999999999913
2022-02-09,2022,0.01,-81.95999999999913
2022-02-09,2022,0.015,-81.95999999999913
2022-02-10,2022,0.0,-159.75
2022-02-10,2022,0.005,-159.75
2022-02-10,2022,0.0075,-159.75
2022-02-10,2022,0.01,-159.75
2022-02-10,2022,0.015,-159.75
2022-02-15,2022,0.0,-45.859999999996944
2022-02-15,2022,0.005,-45.859999999996944
2022-02-15,2022,0.0075,-45.859999999996944
2022-02-15,2022,0.01,-45.859999999996944
2022-02-15,2022,0.015,-45.859999999996944
2022-02-16,2022,0.0,-66.51000000000204
2022-02-16,2022,0.005,-66.51000000000204
2022-02-16,2022,0.0075,-66.51000000000204
2022-02-16,2022,0.01,-66.51000000000204
2022-02-16,2022,0.015,-66.51000000000204
2022-02-17,2022,0.0,37.099999999998545
2022-02-17,2022,0.005,91.15735000000001
2022-02-17,2022,0.0075,37.099999999998545
2022-02-17,2022,0.01,37.099999999998545
2022-02-17,2022,0.015,37.099999999998545
2022-02-21,2022,0.0,10.859999999996944
2022-02-21,2022,0.005,91.16175
2022-02-21,2022,0.0075,10.859999999996944
2022-02-21,2022,0.01,10.859999999996944
2022-02-21,2022,0.015,10.859999999996944
2022-02-22,2022,0.0,252.20000000000073
2022-02-22,2022,0.005,91.10745000000001
2022-02-22,2022,0.0075,136.66117500000001
2022-02-22,2022,0.01,182.21490000000003
2022-02-22,2022,0.015,273.32235000000003
2022-02-25,2022,0.0,-50.909999999999854
2022-02-25,2022,0.005,-50.909999999999854
2022-02-25,2022,0.0075,-50.909999999999854
2022-02-25,2022,0.01,-50.909999999999854
2022-02-25,2022,0.015,-50.909999999999854
2022-03-03,2022,0.0,-9.9900000000016
2022-03-03,2022,0.005,-9.9900000000016
2022-03-03,2022,0.0075,-9.9900000000016
2022-03-03,2022,0.01,-9.9900000000016
2022-03-03,2022,0.015,-9.9900000000016
2022-03-09,2022,0.0,190.11000000000058
2022-03-09,2022,0.005,84.12625
2022-03-09,2022,0.0075,126.189375
2022-03-09,2022,0.01,168.2525
2022-03-09,2022,0.015,190.11000000000058
2022-03-10,2022,0.0,5.380000000001019
2022-03-10,2022,0.005,5.380000000001019
2022-03-10,2022,0.0075,5.380000000001019
2022-03-10,2022,0.01,5.380000000001019
2022-03-10,2022,0.015,5.380000000001019
2022-03-16,2022,0.0,24.149999999997817
2022-03-16,2022,0.005,84.8249
2022-03-16,2022,0.0075,127.23734999999999
2022-03-16,2022,0.01,24.149999999997817
2022-03-16,2022,0.015,24.149999999997817
2022-03-17,2022,0.0,-116.11000000000058
2022-03-17,2022,0.005,-116.11000000000058
2022-03-17,2022,0.0075,-116.11000000000058
2022-03-17,2022,0.01,-116.11000000000058
2022-03-17,2022,0.015,-116.11000000000058
2022-03-18,2022,0.0,8.299999999999272
2022-03-18,2022,0.005,8.299999999999272
2022-03-18,2022,0.0075,8.299999999999272
2022-03-18,2022,0.01,8.299999999999272
2022-03-18,2022,0.015,8.299999999999272
2022-03-21,2022,0.0,7.540000000000873
2022-03-21,2022,0.005,7.540000000000873
2022-03-21,2022,0.0075,7.540000000000873
2022-03-21,2022,0.01,7.540000000000873
2022-03-21,2022,0.015,7.540000000000873
2022-03-23,2022,0.0,171.65999999999985
2022-03-23,2022,0.005,87.79854999999999
2022-03-23,2022,0.0075,131.697825
2022-03-23,2022,0.01,175.59709999999998
2022-03-23,2022,0.015,171.65999999999985
2022-03-25,2022,0.0,33.2599999999984
2022-03-25,2022,0.005,33.2599999999984
2022-03-25,2022,0.0075,33.2599999999984
2022-03-25,2022,0.01,33.2599999999984
2022-03-25,2022,0.015,33.2599999999984
2022-03-29,2022,0.0,28.650000000001455
2022-03-29,2022,0.005,28.650000000001455
2022-03-29,2022,0.0075,28.650000000001455
2022-03-29,2022,0.01,28.650000000001455
2022-03-29,2022,0.015,28.650000000001455
2022-03-30,2022,0.0,-21.56999999999971
2022-03-30,2022,0.005,-21.56999999999971
2022-03-30,2022,0.0075,-21.56999999999971
2022-03-30,2022,0.01,-21.56999999999971
2022-03-30,2022,0.015,-21.56999999999971
2022-04-08,2022,0.0,105.90999999999985
2022-04-08,2022,0.005,85.89315
2022-04-08,2022,0.0075,128.83972500000002
2022-04-08,2022,0.01,105.90999999999985
2022-04-08,2022,0.015,105.90999999999985
2022-04-14,2022,0.0,47.82999999999811
2022-04-14,2022,0.005,47.82999999999811
2022-04-14,2022,0.0075,47.82999999999811
2022-04-14,2022,0.01,47.82999999999811
2022-04-14,2022,0.015,47.82999999999811
2022-04-19,2022,0.0,94.53000000000247
2022-04-19,2022,0.005,84.49435
2022-04-19,2022,0.0075,126.74152499999998
2022-04-19,2022,0.01,168.9887
2022-04-19,2022,0.015,94.53000000000247
2022-04-20,2022,0.0,-124.75
2022-04-20,2022,0.005,-124.75
2022-04-20,2022,0.0075,-124.75
2022-04-20,2022,0.01,-124.75
2022-04-20,2022,0.015,-124.75
2022-04-26,2022,0.0,23.889999999999418
2022-04-26,2022,0.005,83.10450000000002
2022-04-26,2022,0.0075,23.889999999999418
2022-04-26,2022,0.01,23.889999999999418
2022-04-26,2022,0.015,23.889999999999418
2022-04-29,2022,0.0,31.989999999997963
2022-04-29,2022,0.005,83.12084999999999
2022-04-29,2022,0.0075,31.989999999997963
2022-04-29,2022,0.01,31.989999999997963
2022-04-29,2022,0.015,31.989999999997963
2022-05-03,2022,0.0,25.599999999998545
2022-05-03,2022,0.005,25.599999999998545
2022-05-03,2022,0.0075,25.599999999998545
2022-05-03,2022,0.01,25.599999999998545
2022-05-03,2022,0.015,25.599999999998545
2022-05-04,2022,0.0,66.93000000000029
2022-05-04,2022,0.005,82.4945
2022-05-04,2022,0.0075,66.93000000000029
2022-05-04,2022,0.01,66.93000000000029
2022-05-04,2022,0.015,66.93000000000029
2022-05-05,2022,0.0,31.479999999999563
2022-05-05,2022,0.005,31.479999999999563
2022-05-05,2022,0.0075,31.479999999999563
2022-05-05,2022,0.01,31.479999999999563
2022-05-05,2022,0.015,31.479999999999563
2022-05-11,2022,0.0,-36.1299999999992
2022-05-11,2022,0.005,-36.1299999999992
2022-05-11,2022,0.0075,-36.1299999999992
2022-05-11,2022,0.01,-36.1299999999992
2022-05-11,2022,0.015,-36.1299999999992
2022-05-13,2022,0.0,215.86000000000058
2022-05-13,2022,0.005,78.0834
2022-05-13,2022,0.0075,117.1251
2022-05-13,2022,0.01,156.1668
2022-05-13,2022,0.015,234.2502
2022-05-16,2022,0.0,62.72999999999956
2022-05-16,2022,0.005,79.81885
2022-05-16,2022,0.0075,62.72999999999956
2022-05-16,2022,0.01,62.72999999999956
2022-05-16,2022,0.015,62.72999999999956
2022-05-17,2022,0.0,-155.04999999999927
2022-05-17,2022,0.005,-155.04999999999927
2022-05-17,2022,0.0075,-155.04999999999927
2022-05-17,2022,0.01,-155.04999999999927
2022-05-17,2022,0.015,-155.04999999999927
2022-05-18,2022,0.0,-98.98999999999978
2022-05-18,2022,0.005,-98.98999999999978
2022-05-18,2022,0.0075,-98.98999999999978
2022-05-18,2022,0.01,-98.98999999999978
2022-05-18,2022,0.015,-98.98999999999978
2022-05-24,2022,0.0,-192.78000000000065
2022-05-24,2022,0.005,-192.78000000000065
2022-05-24,2022,0.0075,-192.78000000000065
2022-05-24,2022,0.01,-192.78000000000065
2022-05-24,2022,0.015,-192.78000000000065
2022-05-26,2022,0.0,-135.20000000000073
2022-05-26,2022,0.005,-135.20000000000073
2022-05-26,2022,0.0075,-135.20000000000073
2022-05-26,2022,0.01,-135.20000000000073
2022-05-26,2022,0.015,-135.20000000000073
2022-05-27,2022,0.0,-50.01999999999862
2022-05-27,2022,0.005,-50.01999999999862
2022-05-27,2022,0.0075,-50.01999999999862
2022-05-27,2022,0.01,-50.01999999999862
2022-05-27,2022,0.015,-50.01999999999862
2022-05-30,2022,0.0,-120.72999999999956
2022-05-30,2022,0.005,-120.72999999999956
2022-05-30,2022,0.0075,-120.72999999999956
2022-05-30,2022,0.01,-120.72999999999956
2022-05-30,2022,0.015,-120.72999999999956
2022-05-31,2022,0.0,-275.72999999999956
2022-05-31,2022,0.005,-275.72999999999956
2022-05-31,2022,0.0075,-275.72999999999956
2022-05-31,2022,0.01,-275.72999999999956
2022-05-31,2022,0.015,-275.72999999999956
2022-06-02,2022,0.0,122.52000000000044
2022-06-02,2022,0.005,83.37545
2022-06-02,2022,0.0075,125.063175
2022-06-02,2022,0.01,122.52000000000044
2022-06-02,2022,0.015,122.52000000000044
2022-06-07,2022,0.0,-93.07999999999811
2022-06-07,2022,0.005,-93.07999999999811
2022-06-07,2022,0.0075,-93.07999999999811
2022-06-07,2022,0.01,-93.07999999999811
2022-06-07,2022,0.015,-93.07999999999811
2022-06-08,2022,0.0,157.62999999999738
2022-06-08,2022,0.005,82.5644
2022-06-08,2022,0.0075,123.84660000000001
2022-06-08,2022,0.01,165.1288
2022-06-08,2022,0.015,157.62999999999738
2022-06-15,2022,0.0,-48.1200000000008
2022-06-15,2022,0.005,-48.1200000000008
2022-06-15,2022,0.0075,-48.1200000000008
2022-06-15,2022,0.01,-48.1200000000008
2022-06-15,2022,0.015,-48.1200000000008
2022-06-16,2022,0.0,-160.63999999999942
2022-06-16,2022,0.005,79.99625
2022-06-16,2022,0.0075,119.99437499999999
2022-06-16,2022,0.01,159.9925
2022-06-16,2022,0.015,-160.63999999999942
2022-06-20,2022,0.0,-273.6800000000003
2022-06-20,2022,0.005,-273.6800000000003
2022-06-20,2022,0.0075,-273.6800000000003
2022-06-20,2022,0.01,-273.6800000000003
2022-06-20,2022,0.015,-273.6800000000003
2022-06-21,2022,0.0,361.0599999999995
2022-06-21,2022,0.005,76.8379
2022-06-21,2022,0.0075,115.25685
2022-06-21,2022,0.01,153.6758
2022-06-21,2022,0.015,230.5137
2022-06-22,2022,0.0,211.03000000000065
2022-06-22,2022,0.005,77.79390000000001
2022-06-22,2022,0.0075,116.69085
2022-06-22,2022,0.01,155.58780000000002
2022-06-22,2022,0.015,211.03000000000065
2022-06-23,2022,0.0,171.3099999999995
2022-06-23,2022,0.005,76.73875
2022-06-23,2022,0.0075,115.108125
2022-06-23,2022,0.01,153.4775
2022-06-23,2022,0.015,230.21625
2022-06-27,2022,0.0,51.55999999999949
2022-06-27,2022,0.005,51.55999999999949
2022-06-27,2022,0.0075,51.55999999999949
2022-06-27,2022,0.01,51.55999999999949
2022-06-27,2022,0.015,51.55999999999949
2022-07-01,2022,0.0,482.64999999999964
2022-07-01,2022,0.005,74.12865
2022-07-01,2022,0.0075,111.19297499999999
2022-07-01,2022,0.01,148.2573
2022-07-01,2022,0.015,222.38594999999998
2022-07-06,2022,0.0,-363.6900000000005
2022-07-06,2022,0.005,-363.6900000000005
2022-07-06,2022,0.0075,-363.6900000000005
2022-07-06,2022,0.01,-363.6900000000005
2022-07-06,2022,0.015,-363.6900000000005
2022-07-07,2022,0.0,350.7600000000002
2022-07-07,2022,0.005,69.92755
2022-07-07,2022,0.0075,104.891325
2022-07-07,2022,0.01,139.8551
2022-07-07,2022,0.015,209.78265
2022-07-08,2022,0.0,72.65999999999985
2022-07-08,2022,0.005,72.68595
2022-07-08,2022,0.0075,109.028925
2022-07-08,2022,0.01,145.3719
2022-07-08,2022,0.015,72.65999999999985
2022-07-11,2022,0.0,-124.0
2022-07-11,2022,0.005,-124.0
2022-07-11,2022,0.0075,-124.0
2022-07-11,2022,0.01,-124.0
2022-07-11,2022,0.015,-124.0
2022-07-13,2022,0.0,374.0599999999995
2022-07-13,2022,0.005,69.7531
2022-07-13,2022,0.0075,104.62965
2022-07-13,2022,0.01,139.5062
2022-07-13,2022,0.015,209.2593
2022-07-14,2022,0.0,113.84000000000015
2022-07-14,2022,0.005,71.6234
2022-07-14,2022,0.0075,107.43509999999999
2022-07-14,2022,0.01,113.84000000000015
2022-07-14,2022,0.015,113.84000000000015
2022-07-15,2022,0.0,112.10000000000036
2022-07-15,2022,0.005,72.1926
2022-07-15,2022,0.0075,108.2889
2022-07-15,2022,0.01,112.10000000000036
2022-07-15,2022,0.015,112.10000000000036
2022-07-18,2022,0.0,-57.36999999999898
2022-07-18,2022,0.005,-57.36999999999898
2022-07-18,2022,0.0075,-57.36999999999898
2022-07-18,2022,0.01,-57.36999999999898
2022-07-18,2022,0.015,-57.36999999999898
2022-07-20,2022,0.0,140.17000000000007
2022-07-20,2022,0.005,74.36695
2022-07-20,2022,0.0075,111.55042499999999
2022-07-20,2022,0.01,148.7339
2022-07-20,2022,0.015,140.17000000000007
2022-07-21,2022,0.0,-179.40999999999985
2022-07-21,2022,0.005,-179.40999999999985
2022-07-21,2022,0.0075,-179.40999999999985
2022-07-21,2022,0.01,-179.40999999999985
2022-07-21,2022,0.015,-179.40999999999985
2022-07-22,2022,0.0,11.659999999999854
2022-07-22,2022,0.005,11.659999999999854
2022-07-22,2022,0.0075,11.659999999999854
2022-07-22,2022,0.01,11.659999999999854
2022-07-22,2022,0.015,11.659999999999854
2022-07-27,2022,0.0,-114.80999999999949
2022-07-27,2022,0.005,74.0339
2022-07-27,2022,0.0075,-114.80999999999949
2022-07-27,2022,0.01,-114.80999999999949
2022-07-27,2022,0.015,-114.80999999999949
2022-07-28,2022,0.0,29.780000000000655
2022-07-28,2022,0.005,29.780000000000655
2022-07-28,2022,0.0075,29.780000000000655
2022-07-28,2022,0.01,29.780000000000655
2022-07-28,2022,0.015,29.780000000000655
2022-07-29,2022,0.0,108.17000000000007
2022-07-29,2022,0.005,74.4595
2022-07-29,2022,0.0075,111.68924999999999
2022-07-29,2022,0.01,108.17000000000007
2022-07-29,2022,0.015,108.17000000000007
2022-08-01,2022,0.0,-18.3799999999992
2022-08-01,2022,0.005,-18.3799999999992
2022-08-01,2022,0.0075,-18.3799999999992
2022-08-01,2022,0.01,-18.3799999999992
2022-08-01,2022,0.015,-18.3799999999992
2022-08-02,2022,0.0,-234.46000000000095
2022-08-02,2022,0.005,-234.46000000000095
2022-08-02,2022,0.0075,-234.46000000000095
2022-08-02,2022,0.01,-234.46000000000095
2022-08-02,2022,0.015,-234.46000000000095
2022-08-04,2022,0.0,0.5799999999999272
2022-08-04,2022,0.005,73.5139
2022-08-04,2022,0.0075,110.27085
2022-08-04,2022,0.01,147.0278
2022-08-04,2022,0.015,0.5799999999999272
2022-08-05,2022,0.0,333.84000000000015
2022-08-05,2022,0.005,73.51100000000001
2022-08-05,2022,0.0075,110.26650000000001
2022-08-05,2022,0.01,147.02200000000002
2022-08-05,2022,0.015,220.53300000000002
2022-08-09,2022,0.0,-29.8700000000008
2022-08-09,2022,0.005,75.10205
2022-08-09,2022,0.0075,112.653075
2022-08-09,2022,0.01,-29.8700000000008
2022-08-09,2022,0.015,-29.8700000000008
2022-08-11,2022,0.0,-53.14000000000124
2022-08-11,2022,0.005,-53.14000000000124
2022-08-11,2022,0.0075,-53.14000000000124
2022-08-11,2022,0.01,-53.14000000000124
2022-08-11,2022,0.015,-53.14000000000124
2022-08-15,2022,0.0,-20.470000000001164
2022-08-15,2022,0.005,-20.470000000001164
2022-08-15,2022,0.0075,-20.470000000001164
2022-08-15,2022,0.01,-20.470000000001164
2022-08-15,2022,0.015,-20.470000000001164
2022-08-16,2022,0.0,3.219999999999345
2022-08-16,2022,0.005,3.219999999999345
2022-08-16,2022,0.0075,3.219999999999345
2022-08-16,2022,0.01,3.219999999999345
2022-08-16,2022,0.015,3.219999999999345
2022-08-17,2022,0.0,-44.88000000000102
2022-08-17,2022,0.005,-44.88000000000102
2022-08-17,2022,0.0075,-44.88000000000102
2022-08-17,2022,0.01,-44.88000000000102
2022-08-17,2022,0.015,-44.88000000000102
2022-08-19,2022,0.0,-24.93000000000029
2022-08-19,2022,0.005,-24.93000000000029
2022-08-19,2022,0.0075,-24.93000000000029
2022-08-19,2022,0.01,-24.93000000000029
2022-08-19,2022,0.015,-24.93000000000029
2022-08-24,2022,0.0,-26.69999999999891
2022-08-24,2022,0.005,75.47945
2022-08-24,2022,0.0075,-26.69999999999891
2022-08-24,2022,0.01,-26.69999999999891
2022-08-24,2022,0.015,-26.69999999999891
2022-08-25,2022,0.0,130.85000000000036
2022-08-25,2022,0.005,75.34595
2022-08-25,2022,0.0075,113.018925
2022-08-25,2022,0.01,150.6919
2022-08-25,2022,0.015,130.85000000000036
2022-08-26,2022,0.0,30.829999999999927
2022-08-26,2022,0.005,30.829999999999927
2022-08-26,2022,0.0075,30.829999999999927
2022-08-26,2022,0.01,30.829999999999927
2022-08-26,2022,0.015,30.829999999999927
2022-08-30,2022,0.0,-27.43999999999869
2022-08-30,2022,0.005,-27.43999999999869
2022-08-30,2022,0.0075,-27.43999999999869
2022-08-30,2022,0.01,-27.43999999999869
2022-08-30,2022,0.015,-27.43999999999869
2022-08-31,2022,0.0,-141.8100000000013
2022-08-31,2022,0.005,74.76814999999999
2022-08-31,2022,0.0075,-141.8100000000013
2022-08-31,2022,0.01,-141.8100000000013
2022-08-31,2022,0.015,-141.8100000000013
2022-09-01,2022,0.0,293.5799999999999
2022-09-01,2022,0.005,75.47720000000001
2022-09-01,2022,0.0075,113.2158
2022-09-01,2022,0.01,150.95440000000002
2022-09-01,2022,0.015,226.4316
2022-09-02,2022,0.0,128.8199999999997
2022-09-02,2022,0.005,74.00930000000001
2022-09-02,2022,0.0075,111.01395
2022-09-02,2022,0.01,128.8199999999997
2022-09-02,2022,0.015,128.8199999999997
2022-09-05,2022,0.0,11.94000000000051
2022-09-05,2022,0.005,11.94000000000051
2022-09-05,2022,0.0075,11.94000000000051
2022-09-05,2022,0.01,11.94000000000051
2022-09-05,2022,0.015,11.94000000000051
2022-09-06,2022,0.0,-16.100000000000364
2022-09-06,2022,0.005,-16.100000000000364
2022-09-06,2022,0.0075,-16.100000000000364
2022-09-06,2022,0.01,-16.100000000000364
2022-09-06,2022,0.015,-16.100000000000364
2022-09-07,2022,0.0,267.15000000000146
2022-09-07,2022,0.005,73.38600000000001
2022-09-07,2022,0.0075,110.07900000000001
2022-09-07,2022,0.01,146.77200000000002
2022-09-07,2022,0.015,220.15800000000002
2022-09-08,2022,0.0,173.3700000000008
2022-09-08,2022,0.005,72.05024999999999
2022-09-08,2022,0.0075,108.075375
2022-09-08,2022,0.01,144.10049999999998
2022-09-08,2022,0.015,173.3700000000008
2022-09-12,2022,0.0,36.68000000000029
2022-09-12,2022,0.005,36.68000000000029
2022-09-12,2022,0.0075,36.68000000000029
2022-09-12,2022,0.01,36.68000000000029
2022-09-12,2022,0.015,36.68000000000029
2022-09-13,2022,0.0,86.97999999999956
2022-09-13,2022,0.005,74.03715
2022-09-13,2022,0.0075,111.055725
2022-09-13,2022,0.01,86.97999999999956
2022-09-13,2022,0.015,86.97999999999956
2022-09-15,2022,0.0,11.730000000001382
2022-09-15,2022,0.005,73.29155
2022-09-15,2022,0.0075,11.730000000001382
2022-09-15,2022,0.01,11.730000000001382
2022-09-15,2022,0.015,11.730000000001382
2022-09-16,2022,0.0,108.28000000000065
2022-09-16,2022,0.005,73.3502
2022-09-16,2022,0.0075,110.0253
2022-09-16,2022,0.01,146.7004
2022-09-16,2022,0.015,108.28000000000065
2022-09-19,2022,0.0,-136.07999999999993
2022-09-19,2022,0.005,-136.07999999999993
2022-09-19,2022,0.0075,-136.07999999999993
2022-09-19,2022,0.01,-136.07999999999993
2022-09-19,2022,0.015,-136.07999999999993
2022-09-20,2022,0.0,123.61999999999898
2022-09-20,2022,0.005,72.1284
2022-09-20,2022,0.0075,108.1926
2022-09-20,2022,0.01,123.61999999999898
2022-09-20,2022,0.015,123.61999999999898
2022-09-21,2022,0.0,124.77999999999884
2022-09-21,2022,0.005,72.7465
2022-09-21,2022,0.0075,109.11975
2022-09-21,2022,0.01,145.493
2022-09-21,2022,0.015,124.77999999999884
2022-09-26,2022,0.0,340.1899999999987
2022-09-26,2022,0.005,70.5919
2022-09-26,2022,0.0075,105.88784999999999
2022-09-26,2022,0.01,141.1838
2022-09-26,2022,0.015,211.77569999999997
2022-09-27,2022,0.0,-48.399999999999636
2022-09-27,2022,0.005,-48.399999999999636
2022-09-27,2022,0.0075,-48.399999999999636
2022-09-27,2022,0.01,-48.399999999999636
2022-09-27,2022,0.015,-48.399999999999636
2022-09-28,2022,0.0,-360.52000000000044
2022-09-28,2022,0.005,-360.52000000000044
2022-09-28,2022,0.0075,-360.52000000000044
2022-09-28,2022,0.01,-360.52000000000044
2022-09-28,2022,0.015,-360.52000000000044
2022-09-29,2022,0.0,68.19000000000051
2022-09-29,2022,0.005,67.33035
2022-09-29,2022,0.0075,100.995525
2022-09-29,2022,0.01,134.6607
2022-09-29,2022,0.015,68.19000000000051
2022-10-03,2022,0.0,124.10000000000036
2022-10-03,2022,0.005,67.1229
2022-10-03,2022,0.0075,100.68435
2022-10-03,2022,0.01,134.2458
2022-10-03,2022,0.015,124.10000000000036
2022-10-04,2022,0.0,-49.47999999999956
2022-10-04,2022,0.005,-49.47999999999956
2022-10-04,2022,0.0075,-49.47999999999956
2022-10-04,2022,0.01,-49.47999999999956
2022-10-04,2022,0.015,-49.47999999999956
2022-10-05,2022,0.0,66.52999999999884
2022-10-05,2022,0.005,69.3398
2022-10-05,2022,0.0075,104.0097
2022-10-05,2022,0.01,66.52999999999884
2022-10-05,2022,0.015,66.52999999999884
2022-10-06,2022,0.0,90.61999999999898
2022-10-06,2022,0.005,69.00715000000001
2022-10-06,2022,0.0075,90.61999999999898
2022-10-06,2022,0.01,90.61999999999898
2022-10-06,2022,0.015,90.61999999999898
2022-10-14,2022,0.0,29.6299999999992
2022-10-14,2022,0.005,29.6299999999992
2022-10-14,2022,0.0075,29.6299999999992
2022-10-14,2022,0.01,29.6299999999992
2022-10-14,2022,0.015,29.6299999999992
2022-10-18,2022,0.0,-92.34000000000015
2022-10-18,2022,0.005,-92.34000000000015
2022-10-18,2022,0.0075,-92.34000000000015
2022-10-18,2022,0.01,-92.34000000000015
2022-10-18,2022,0.015,-92.34000000000015
2022-10-19,2022,0.0,-147.92000000000007
2022-10-19,2022,0.005,-147.92000000000007
2022-10-19,2022,0.0075,-147.92000000000007
2022-10-19,2022,0.01,-147.92000000000007
2022-10-19,2022,0.015,-147.92000000000007
2022-10-20,2022,0.0,-30.659999999999854
2022-10-20,2022,0.005,-30.659999999999854
2022-10-20,2022,0.0075,-30.659999999999854
2022-10-20,2022,0.01,-30.659999999999854
2022-10-20,2022,0.015,-30.659999999999854
2022-10-21,2022,0.0,-126.89999999999964
2022-10-21,2022,0.005,-126.89999999999964
2022-10-21,2022,0.0075,-126.89999999999964
2022-10-21,2022,0.01,-126.89999999999964
2022-10-21,2022,0.015,-126.89999999999964
2022-10-24,2022,0.0,104.68000000000029
2022-10-24,2022,0.005,64.8083
2022-10-24,2022,0.0075,97.21244999999999
2022-10-24,2022,0.01,104.68000000000029
2022-10-24,2022,0.015,104.68000000000029
2022-10-25,2022,0.0,-190.85999999999876
2022-10-25,2022,0.005,-190.85999999999876
2022-10-25,2022,0.0075,-190.85999999999876
2022-10-25,2022,0.01,-190.85999999999876
2022-10-25,2022,0.015,-190.85999999999876
2022-10-26,2022,0.0,-71.17000000000007
2022-10-26,2022,0.005,-71.17000000000007
2022-10-26,2022,0.0075,-71.17000000000007
2022-10-26,2022,0.01,-71.17000000000007
2022-10-26,2022,0.015,-71.17000000000007
2022-10-27,2022,0.0,-197.32000000000153
2022-10-27,2022,0.005,-197.32000000000153
2022-10-27,2022,0.0075,-197.32000000000153
2022-10-27,2022,0.01,-197.32000000000153
2022-10-27,2022,0.015,-197.32000000000153
2022-10-28,2022,0.0,137.95000000000073
2022-10-28,2022,0.005,64.63185
2022-10-28,2022,0.0075,96.94777500000001
2022-10-28,2022,0.01,129.2637
2022-10-28,2022,0.015,193.89555000000001
2022-10-31,2022,0.0,-21.69000000000051
2022-10-31,2022,0.005,-21.69000000000051
2022-10-31,2022,0.0075,-21.69000000000051
2022-10-31,2022,0.01,-21.69000000000051
2022-10-31,2022,0.015,-21.69000000000051
2022-11-02,2022,0.0,62.960000000000946
2022-11-02,2022,0.005,62.960000000000946
2022-11-02,2022,0.0075,62.960000000000946
2022-11-02,2022,0.01,62.960000000000946
2022-11-02,2022,0.015,62.960000000000946
2022-11-04,2022,0.0,-40.10999999999876
2022-11-04,2022,0.005,64.933
2022-11-04,2022,0.0075,97.3995
2022-11-04,2022,0.01,-40.10999999999876
2022-11-04,2022,0.015,-40.10999999999876
2022-11-07,2022,0.0,-45.350000000000364
2022-11-07,2022,0.005,-45.350000000000364
2022-11-07,2022,0.0075,-45.350000000000364
2022-11-07,2022,0.01,-45.350000000000364
2022-11-07,2022,0.015,-45.350000000000364
2022-11-08,2022,0.0,12.6299999999992
2022-11-08,2022,0.005,12.6299999999992
2022-11-08,2022,0.0075,12.6299999999992
2022-11-08,2022,0.01,12.6299999999992
2022-11-08,2022,0.015,12.6299999999992
2022-11-09,2022,0.0,-112.81999999999971
2022-11-09,2022,0.005,-112.81999999999971
2022-11-09,2022,0.0075,-112.81999999999971
2022-11-09,2022,0.01,-112.81999999999971
2022-11-09,2022,0.015,-112.81999999999971
2022-11-11,2022,0.0,-77.93000000000029
2022-11-11,2022,0.005,-77.93000000000029
2022-11-11,2022,0.0075,-77.93000000000029
2022-11-11,2022,0.01,-77.93000000000029
2022-11-11,2022,0.015,-77.93000000000029
2022-11-14,2022,0.0,-83.26000000000022
2022-11-14,2022,0.005,-83.26000000000022
2022-11-14,2022,0.0075,-83.26000000000022
2022-11-14,2022,0.01,-83.26000000000022
2022-11-14,2022,0.015,-83.26000000000022
2022-11-16,2022,0.0,39.13999999999942
2022-11-16,2022,0.005,72.88245
2022-11-16,2022,0.0075,39.13999999999942
2022-11-16,2022,0.01,39.13999999999942
2022-11-16,2022,0.015,39.13999999999942
2022-11-18,2022,0.0,-30.23999999999978
2022-11-18,2022,0.005,72.67614999999999
2022-11-18,2022,0.0075,109.014225
2022-11-18,2022,0.01,-30.23999999999978
2022-11-18,2022,0.015,-30.23999999999978
2022-11-21,2022,0.0,-55.600000000000364
2022-11-21,2022,0.005,-55.600000000000364
2022-11-21,2022,0.0075,-55.600000000000364
2022-11-21,2022,0.01,-55.600000000000364
2022-11-21,2022,0.015,-55.600000000000364
2022-11-22,2022,0.0,-92.81000000000131
2022-11-22,2022,0.005,72.24695
2022-11-22,2022,0.0075,-92.81000000000131
2022-11-22,2022,0.01,-92.81000000000131
2022-11-22,2022,0.015,-92.81000000000131
2022-11-23,2022,0.0,2.029999999998836
2022-11-23,2022,0.005,2.029999999998836
2022-11-23,2022,0.0075,2.029999999998836
2022-11-23,2022,0.01,2.029999999998836
2022-11-23,2022,0.015,2.029999999998836
2022-11-24,2022,0.0,175.45999999999913
2022-11-24,2022,0.005,73.04270000000001
2022-11-24,2022,0.0075,109.56405000000001
2022-11-24,2022,0.01,146.08540000000002
2022-11-24,2022,0.015,175.45999999999913
2022-11-25,2022,0.0,-5.489999999999782
2022-11-25,2022,0.005,-5.489999999999782
2022-11-25,2022,0.0075,-5.489999999999782
2022-11-25,2022,0.01,-5.489999999999782
2022-11-25,2022,0.015,-5.489999999999782
2022-11-28,2022,0.0,221.63999999999942
2022-11-28,2022,0.005,73.89255
2022-11-28,2022,0.0075,110.838825
2022-11-28,2022,0.01,147.7851
2022-11-28,2022,0.015,221.67765
2022-12-01,2022,0.0,39.45000000000073
2022-12-01,2022,0.005,39.45000000000073
2022-12-01,2022,0.0075,39.45000000000073
2022-12-01,2022,0.01,39.45000000000073
2022-12-01,2022,0.015,39.45000000000073
2022-12-05,2022,0.0,-10.05999999999949
2022-12-05,2022,0.005,-10.05999999999949
2022-12-05,2022,0.0075,-10.05999999999949
2022-12-05,2022,0.01,-10.05999999999949
2022-12-05,2022,0.015,-10.05999999999949
2022-12-06,2022,0.0,251.86000000000058
2022-12-06,2022,0.005,74.9037
2022-12-06,2022,0.0075,112.35555
2022-12-06,2022,0.01,149.8074
2022-12-06,2022,0.015,224.7111
2022-12-09,2022,0.0,-39.93000000000029
2022-12-09,2022,0.005,-39.93000000000029
2022-12-09,2022,0.0075,-39.93000000000029
2022-12-09,2022,0.01,-39.93000000000029
2022-12-09,2022,0.015,-39.93000000000029
2022-12-13,2022,0.0,101.64000000000124
2022-12-13,2022,0.005,73.123
2022-12-13,2022,0.0075,101.64000000000124
2022-12-13,2022,0.01,101.64000000000124
2022-12-13,2022,0.015,101.64000000000124
2022-12-14,2022,0.0,216.40000000000146
2022-12-14,2022,0.005,72.6148
2022-12-14,2022,0.0075,108.92219999999999
2022-12-14,2022,0.01,145.2296
2022-12-14,2022,0.015,216.40000000000146
2022-12-15,2022,0.0,5.230000000001382
2022-12-15,2022,0.005,73.69680000000001
2022-12-15,2022,0.0075,5.230000000001382
2022-12-15,2022,0.01,5.230000000001382
2022-12-15,2022,0.015,5.230000000001382
2022-12-20,2022,0.0,263.28999999999905
2022-12-20,2022,0.005,72.1666
2022-12-20,2022,0.0075,108.2499
2022-12-20,2022,0.01,144.3332
2022-12-20,2022,0.015,216.4998
2022-12-22,2022,0.0,-38.210000000000946
2022-12-22,2022,0.005,-38.210000000000946
2022-12-22,2022,0.0075,-38.210000000000946
2022-12-22,2022,0.01,-38.210000000000946
2022-12-22,2022,0.015,-38.210000000000946
2022-12-26,2022,0.0,13.5
2022-12-26,2022,0.005,13.5
2022-12-26,2022,0.0075,13.5
2022-12-26,2022,0.01,13.5
2022-12-26,2022,0.015,13.5
2022-12-27,2022,0.0,43.30000000000109
2022-12-27,2022,0.005,71.42565
2022-12-27,2022,0.0075,107.13847499999999
2022-12-27,2022,0.01,43.30000000000109
2022-12-27,2022,0.015,43.30000000000109
2022-12-28,2022,0.0,155.32999999999993
2022-12-28,2022,0.005,71.64215
2022-12-28,2022,0.0075,107.463225
2022-12-28,2022,0.01,143.2843
2022-12-28,2022,0.015,155.32999999999993
2022-12-29,2022,0.0,88.07999999999993
2022-12-29,2022,0.005,70.8655
2022-12-29,2022,0.0075,106.29825
2022-12-29,2022,0.01,141.731
2022-12-29,2022,0.015,88.07999999999993
2022-12-30,2022,0.0,69.5
2022-12-30,2022,0.005,69.5
2022-12-30,2022,0.0075,69.5
2022-12-30,2022,0.01,69.5
2022-12-30,2022,0.015,69.5
