date,yr,tp,sl,pnl,how
2023-08-15,2023,0.0075,0.005,103.0,close
2023-08-15,2023,0.0075,0.0075,103.0,close
2023-08-15,2023,0.0075,0.01,103.0,close
2023-08-15,2023,0.0075,0.015,103.0,close
2023-08-15,2023,0.0075,0.0,103.0,close
2023-08-15,2023,0.01,0.005,103.0,close
2023-08-15,2023,0.01,0.0075,103.0,close
2023-08-15,2023,0.01,0.01,103.0,close
2023-08-15,2023,0.01,0.015,103.0,close
2023-08-15,2023,0.01,0.0,103.0,close
2023-08-15,2023,0.015,0.005,103.0,close
2023-08-15,2023,0.015,0.0075,103.0,close
2023-08-15,2023,0.015,0.01,103.0,close
2023-08-15,2023,0.015,0.015,103.0,close
2023-08-15,2023,0.015,0.0,103.0,close
2023-08-15,2023,0.0,0.005,103.0,close
2023-08-15,2023,0.0,0.0075,103.0,close
2023-08-15,2023,0.0,0.01,103.0,close
2023-08-15,2023,0.0,0.015,103.0,close
2023-08-15,2023,0.0,0.0,103.0,close
2023-08-16,2023,0.0075,0.005,-83.54,stop
2023-08-16,2023,0.0075,0.0075,-68.0,close
2023-08-16,2023,0.0075,0.01,-68.0,close
2023-08-16,2023,0.0075,0.015,-68.0,close
2023-08-16,2023,0.0075,0.0,-68.0,close
2023-08-16,2023,0.01,0.005,-83.54,stop
2023-08-16,2023,0.01,0.0075,-68.0,close
2023-08-16,2023,0.01,0.01,-68.0,close
2023-08-16,2023,0.01,0.015,-68.0,close
2023-08-16,2023,0.01,0.0,-68.0,close
2023-08-16,2023,0.015,0.005,-83.54,stop
2023-08-16,2023,0.015,0.0075,-68.0,close
2023-08-16,2023,0.015,0.01,-68.0,close
2023-08-16,2023,0.015,0.015,-68.0,close
2023-08-16,2023,0.015,0.0,-68.0,close
2023-08-16,2023,0.0,0.005,-83.54,stop
2023-08-16,2023,0.0,0.0075,-68.0,close
2023-08-16,2023,0.0,0.01,-68.0,close
2023-08-16,2023,0.0,0.015,-68.0,close
2023-08-16,2023,0.0,0.0,-68.0,close
2023-08-21,2023,0.0075,0.005,-84.10000000000001,stop
2023-08-21,2023,0.0075,0.0075,-72.0,close
2023-08-21,2023,0.0075,0.01,-72.0,close
2023-08-21,2023,0.0075,0.015,-72.0,close
2023-08-21,2023,0.0075,0.0,-72.0,close
2023-08-21,2023,0.01,0.005,-84.10000000000001,stop
2023-08-21,2023,0.01,0.0075,-72.0,close
2023-08-21,2023,0.01,0.01,-72.0,close
2023-08-21,2023,0.01,0.015,-72.0,close
2023-08-21,2023,0.01,0.0,-72.0,close
2023-08-21,2023,0.015,0.005,-84.10000000000001,stop
2023-08-21,2023,0.015,0.0075,-72.0,close
2023-08-21,2023,0.015,0.01,-72.0,close
2023-08-21,2023,0.015,0.015,-72.0,close
2023-08-21,2023,0.015,0.0,-72.0,close
2023-08-21,2023,0.0,0.005,-84.10000000000001,stop
2023-08-21,2023,0.0,0.0075,-72.0,close
2023-08-21,2023,0.0,0.01,-72.0,close
2023-08-21,2023,0.0,0.015,-72.0,close
2023-08-21,2023,0.0,0.0,-72.0,close
2023-08-22,2023,0.0075,0.005,19.0,close
2023-08-22,2023,0.0075,0.0075,19.0,close
2023-08-22,2023,0.0075,0.01,19.0,close
2023-08-22,2023,0.0075,0.015,19.0,close
2023-08-22,2023,0.0075,0.0,19.0,close
2023-08-22,2023,0.01,0.005,19.0,close
2023-08-22,2023,0.01,0.0075,19.0,close
2023-08-22,2023,0.01,0.01,19.0,close
2023-08-22,2023,0.01,0.015,19.0,close
2023-08-22,2023,0.01,0.0,19.0,close
2023-08-22,2023,0.015,0.005,19.0,close
2023-08-22,2023,0.015,0.0075,19.0,close
2023-08-22,2023,0.015,0.01,19.0,close
2023-08-22,2023,0.015,0.015,19.0,close
2023-08-22,2023,0.015,0.0,19.0,close
2023-08-22,2023,0.0,0.005,19.0,close
2023-08-22,2023,0.0,0.0075,19.0,close
2023-08-22,2023,0.0,0.01,19.0,close
2023-08-22,2023,0.0,0.015,19.0,close
2023-08-22,2023,0.0,0.0,19.0,close
2023-08-24,2023,0.0075,0.005,-5.0,close
2023-08-24,2023,0.0075,0.0075,-5.0,close
2023-08-24,2023,0.0075,0.01,-5.0,close
2023-08-24,2023,0.0075,0.015,-5.0,close
2023-08-24,2023,0.0075,0.0,-5.0,close
2023-08-24,2023,0.01,0.005,-5.0,close
2023-08-24,2023,0.01,0.0075,-5.0,close
2023-08-24,2023,0.01,0.01,-5.0,close
2023-08-24,2023,0.01,0.015,-5.0,close
2023-08-24,2023,0.01,0.0,-5.0,close
2023-08-24,2023,0.015,0.005,-5.0,close
2023-08-24,2023,0.015,0.0075,-5.0,close
2023-08-24,2023,0.015,0.01,-5.0,close
2023-08-24,2023,0.015,0.015,-5.0,close
2023-08-24,2023,0.015,0.0,-5.0,close
2023-08-24,2023,0.0,0.005,-5.0,close
2023-08-24,2023,0.0,0.0075,-5.0,close
2023-08-24,2023,0.0,0.01,-5.0,close
2023-08-24,2023,0.0,0.015,-5.0,close
2023-08-24,2023,0.0,0.0,-5.0,close
2023-08-28,2023,0.0075,0.005,22.0,close
2023-08-28,2023,0.0075,0.0075,22.0,close
2023-08-28,2023,0.0075,0.01,22.0,close
2023-08-28,2023,0.0075,0.015,22.0,close
2023-08-28,2023,0.0075,0.0,22.0,close
2023-08-28,2023,0.01,0.005,22.0,close
2023-08-28,2023,0.01,0.0075,22.0,close
2023-08-28,2023,0.01,0.01,22.0,close
2023-08-28,2023,0.01,0.015,22.0,close
2023-08-28,2023,0.01,0.0,22.0,close
2023-08-28,2023,0.015,0.005,22.0,close
2023-08-28,2023,0.015,0.0075,22.0,close
2023-08-28,2023,0.015,0.01,22.0,close
2023-08-28,2023,0.015,0.015,22.0,close
2023-08-28,2023,0.015,0.0,22.0,close
2023-08-28,2023,0.0,0.005,22.0,close
2023-08-28,2023,0.0,0.0075,22.0,close
2023-08-28,2023,0.0,0.01,22.0,close
2023-08-28,2023,0.0,0.015,22.0,close
2023-08-28,2023,0.0,0.0,22.0,close
2023-08-29,2023,0.0075,0.005,-84.855,stop
2023-08-29,2023,0.0075,0.0075,55.0,close
2023-08-29,2023,0.0075,0.01,55.0,close
2023-08-29,2023,0.0075,0.015,55.0,close
2023-08-29,2023,0.0075,0.0,55.0,close
2023-08-29,2023,0.01,0.005,-84.855,stop
2023-08-29,2023,0.01,0.0075,55.0,close
2023-08-29,2023,0.01,0.01,55.0,close
2023-08-29,2023,0.01,0.015,55.0,close
2023-08-29,2023,0.01,0.0,55.0,close
2023-08-29,2023,0.015,0.005,-84.855,stop
2023-08-29,2023,0.015,0.0075,55.0,close
2023-08-29,2023,0.015,0.01,55.0,close
2023-08-29,2023,0.015,0.015,55.0,close
2023-08-29,2023,0.015,0.0,55.0,close
2023-08-29,2023,0.0,0.005,-84.855,stop
2023-08-29,2023,0.0,0.0075,55.0,close
2023-08-29,2023,0.0,0.01,55.0,close
2023-08-29,2023,0.0,0.015,55.0,close
2023-08-29,2023,0.0,0.0,55.0,close
2023-08-30,2023,0.0075,0.005,39.0,close
2023-08-30,2023,0.0075,0.0075,39.0,close
2023-08-30,2023,0.0075,0.01,39.0,close
2023-08-30,2023,0.0075,0.015,39.0,close
2023-08-30,2023,0.0075,0.0,39.0,close
2023-08-30,2023,0.01,0.005,39.0,close
2023-08-30,2023,0.01,0.0075,39.0,close
2023-08-30,2023,0.01,0.01,39.0,close
2023-08-30,2023,0.01,0.015,39.0,close
2023-08-30,2023,0.01,0.0,39.0,close
2023-08-30,2023,0.015,0.005,39.0,close
2023-08-30,2023,0.015,0.0075,39.0,close
2023-08-30,2023,0.015,0.01,39.0,close
2023-08-30,2023,0.015,0.015,39.0,close
2023-08-30,2023,0.015,0.0,39.0,close
2023-08-30,2023,0.0,0.005,39.0,close
2023-08-30,2023,0.0,0.0075,39.0,close
2023-08-30,2023,0.0,0.01,39.0,close
2023-08-30,2023,0.0,0.015,39.0,close
2023-08-30,2023,0.0,0.0,39.0,close
2023-08-31,2023,0.0075,0.005,-85.64,stop
2023-08-31,2023,0.0075,0.0075,-127.46,stop
2023-08-31,2023,0.0075,0.01,-106.0,close
2023-08-31,2023,0.0075,0.015,-106.0,close
2023-08-31,2023,0.0075,0.0,-106.0,close
2023-08-31,2023,0.01,0.005,-85.64,stop
2023-08-31,2023,0.01,0.0075,-127.46,stop
2023-08-31,2023,0.01,0.01,-106.0,close
2023-08-31,2023,0.01,0.015,-106.0,close
2023-08-31,2023,0.01,0.0,-106.0,close
2023-08-31,2023,0.015,0.005,-85.64,stop
2023-08-31,2023,0.015,0.0075,-127.46,stop
2023-08-31,2023,0.015,0.01,-106.0,close
2023-08-31,2023,0.015,0.015,-106.0,close
2023-08-31,2023,0.015,0.0,-106.0,close
2023-08-31,2023,0.0,0.005,-85.64,stop
2023-08-31,2023,0.0,0.0075,-127.46,stop
2023-08-31,2023,0.0,0.01,-106.0,close
2023-08-31,2023,0.0,0.015,-106.0,close
2023-08-31,2023,0.0,0.0,-106.0,close
2023-09-01,2023,0.0075,0.005,122.46249999999999,target
2023-09-01,2023,0.0075,0.0075,122.46249999999999,target
2023-09-01,2023,0.0075,0.01,122.46249999999999,target
2023-09-01,2023,0.0075,0.015,122.46249999999999,target
2023-09-01,2023,0.0075,0.0,122.46249999999999,target
2023-09-01,2023,0.01,0.005,53.0,close
2023-09-01,2023,0.01,0.0075,53.0,close
2023-09-01,2023,0.01,0.01,53.0,close
2023-09-01,2023,0.01,0.015,53.0,close
2023-09-01,2023,0.01,0.0,53.0,close
2023-09-01,2023,0.015,0.005,53.0,close
2023-09-01,2023,0.015,0.0075,53.0,close
2023-09-01,2023,0.015,0.01,53.0,close
2023-09-01,2023,0.015,0.015,53.0,close
2023-09-01,2023,0.015,0.0,53.0,close
2023-09-01,2023,0.0,0.005,53.0,close
2023-09-01,2023,0.0,0.0075,53.0,close
2023-09-01,2023,0.0,0.01,53.0,close
2023-09-01,2023,0.0,0.015,53.0,close
2023-09-01,2023,0.0,0.0,53.0,close
2023-09-04,2023,0.0075,0.005,122.86,target
2023-09-04,2023,0.0075,0.0075,122.86,target
2023-09-04,2023,0.0075,0.01,122.86,target
2023-09-04,2023,0.0075,0.015,122.86,target
2023-09-04,2023,0.0075,0.0,122.86,target
2023-09-04,2023,0.01,0.005,129.0,close
2023-09-04,2023,0.01,0.0075,129.0,close
2023-09-04,2023,0.01,0.01,129.0,close
2023-09-04,2023,0.01,0.015,129.0,close
2023-09-04,2023,0.01,0.0,129.0,close
2023-09-04,2023,0.015,0.005,129.0,close
2023-09-04,2023,0.015,0.0075,129.0,close
2023-09-04,2023,0.015,0.01,129.0,close
2023-09-04,2023,0.015,0.015,129.0,close
2023-09-04,2023,0.015,0.0,129.0,close
2023-09-04,2023,0.0,0.005,129.0,close
2023-09-04,2023,0.0,0.0075,129.0,close
2023-09-04,2023,0.0,0.01,129.0,close
2023-09-04,2023,0.0,0.015,129.0,close
2023-09-04,2023,0.0,0.0,129.0,close
2023-09-05,2023,0.0075,0.005,13.0,close
2023-09-05,2023,0.0075,0.0075,13.0,close
2023-09-05,2023,0.0075,0.01,13.0,close
2023-09-05,2023,0.0075,0.015,13.0,close
2023-09-05,2023,0.0075,0.0,13.0,close
2023-09-05,2023,0.01,0.005,13.0,close
2023-09-05,2023,0.01,0.0075,13.0,close
2023-09-05,2023,0.01,0.01,13.0,close
2023-09-05,2023,0.01,0.015,13.0,close
2023-09-05,2023,0.01,0.0,13.0,close
2023-09-05,2023,0.015,0.005,13.0,close
2023-09-05,2023,0.015,0.0075,13.0,close
2023-09-05,2023,0.015,0.01,13.0,close
2023-09-05,2023,0.015,0.015,13.0,close
2023-09-05,2023,0.015,0.0,13.0,close
2023-09-05,2023,0.0,0.005,13.0,close
2023-09-05,2023,0.0,0.0075,13.0,close
2023-09-05,2023,0.0,0.01,13.0,close
2023-09-05,2023,0.0,0.015,13.0,close
2023-09-05,2023,0.0,0.0,13.0,close
2023-09-06,2023,0.0075,0.005,-51.0,close
2023-09-06,2023,0.0075,0.0075,-51.0,close
2023-09-06,2023,0.0075,0.01,-51.0,close
2023-09-06,2023,0.0075,0.015,-51.0,close
2023-09-06,2023,0.0075,0.0,-51.0,close
2023-09-06,2023,0.01,0.005,-51.0,close
2023-09-06,2023,0.01,0.0075,-51.0,close
2023-09-06,2023,0.01,0.01,-51.0,close
2023-09-06,2023,0.01,0.015,-51.0,close
2023-09-06,2023,0.01,0.0,-51.0,close
2023-09-06,2023,0.015,0.005,-51.0,close
2023-09-06,2023,0.015,0.0075,-51.0,close
2023-09-06,2023,0.015,0.01,-51.0,close
2023-09-06,2023,0.015,0.015,-51.0,close
2023-09-06,2023,0.015,0.0,-51.0,close
2023-09-06,2023,0.0,0.005,-51.0,close
2023-09-06,2023,0.0,0.0075,-51.0,close
2023-09-06,2023,0.0,0.01,-51.0,close
2023-09-06,2023,0.0,0.015,-51.0,close
2023-09-06,2023,0.0,0.0,-51.0,close
2023-09-08,2023,0.0075,0.005,-84.44,stop
2023-09-08,2023,0.0075,0.0075,-76.0,close
2023-09-08,2023,0.0075,0.01,-76.0,close
2023-09-08,2023,0.0075,0.015,-76.0,close
2023-09-08,2023,0.0075,0.0,-76.0,close
2023-09-08,2023,0.01,0.005,-84.44,stop
2023-09-08,2023,0.01,0.0075,-76.0,close
2023-09-08,2023,0.01,0.01,-76.0,close
2023-09-08,2023,0.01,0.015,-76.0,close
2023-09-08,2023,0.01,0.0,-76.0,close
2023-09-08,2023,0.015,0.005,-84.44,stop
2023-09-08,2023,0.015,0.0075,-76.0,close
2023-09-08,2023,0.015,0.01,-76.0,close
2023-09-08,2023,0.015,0.015,-76.0,close
2023-09-08,2023,0.015,0.0,-76.0,close
2023-09-08,2023,0.0,0.005,-84.44,stop
2023-09-08,2023,0.0,0.0075,-76.0,close
2023-09-08,2023,0.0,0.01,-76.0,close
2023-09-08,2023,0.0,0.015,-76.0,close
2023-09-08,2023,0.0,0.0,-76.0,close
2023-09-12,2023,0.0075,0.005,121.4875,target
2023-09-12,2023,0.0075,0.0075,121.4875,target
2023-09-12,2023,0.0075,0.01,121.4875,target
2023-09-12,2023,0.0075,0.015,121.4875,target
2023-09-12,2023,0.0075,0.0,121.4875,target
2023-09-12,2023,0.01,0.005,102.0,close
2023-09-12,2023,0.01,0.0075,102.0,close
2023-09-12,2023,0.01,0.01,102.0,close
2023-09-12,2023,0.01,0.015,102.0,close
2023-09-12,2023,0.01,0.0,102.0,close
2023-09-12,2023,0.015,0.005,102.0,close
2023-09-12,2023,0.015,0.0075,102.0,close
2023-09-12,2023,0.015,0.01,102.0,close
2023-09-12,2023,0.015,0.015,102.0,close
2023-09-12,2023,0.015,0.0,102.0,close
2023-09-12,2023,0.0,0.005,102.0,close
2023-09-12,2023,0.0,0.0075,102.0,close
2023-09-12,2023,0.0,0.01,102.0,close
2023-09-12,2023,0.0,0.015,102.0,close
2023-09-12,2023,0.0,0.0,102.0,close
2023-09-14,2023,0.0075,0.005,123.0625,target
2023-09-14,2023,0.0075,0.0075,123.0625,target
2023-09-14,2023,0.0075,0.01,123.0625,target
2023-09-14,2023,0.0075,0.015,123.0625,target
2023-09-14,2023,0.0075,0.0,123.0625,target
2023-09-14,2023,0.01,0.005,164.75,target
2023-09-14,2023,0.01,0.0075,164.75,target
2023-09-14,2023,0.01,0.01,164.75,target
2023-09-14,2023,0.01,0.015,164.75,target
2023-09-14,2023,0.01,0.0,164.75,target
2023-09-14,2023,0.015,0.005,163.0,close
2023-09-14,2023,0.015,0.0075,163.0,close
2023-09-14,2023,0.015,0.01,163.0,close
2023-09-14,2023,0.015,0.015,163.0,close
2023-09-14,2023,0.015,0.0,163.0,close
2023-09-14,2023,0.0,0.005,163.0,close
2023-09-14,2023,0.0,0.0075,163.0,close
2023-09-14,2023,0.0,0.01,163.0,close
2023-09-14,2023,0.0,0.015,163.0,close
2023-09-14,2023,0.0,0.0,163.0,close
2023-09-15,2023,0.0075,0.005,58.0,close
2023-09-15,2023,0.0075,0.0075,58.0,close
2023-09-15,2023,0.0075,0.01,58.0,close
2023-09-15,2023,0.0075,0.015,58.0,close
2023-09-15,2023,0.0075,0.0,58.0,close
2023-09-15,2023,0.01,0.005,58.0,close
2023-09-15,2023,0.01,0.0075,58.0,close
2023-09-15,2023,0.01,0.01,58.0,close
2023-09-15,2023,0.01,0.015,58.0,close
2023-09-15,2023,0.01,0.0,58.0,close
2023-09-15,2023,0.015,0.005,58.0,close
2023-09-15,2023,0.015,0.0075,58.0,close
2023-09-15,2023,0.015,0.01,58.0,close
2023-09-15,2023,0.015,0.015,58.0,close
2023-09-15,2023,0.015,0.0,58.0,close
2023-09-15,2023,0.0,0.005,58.0,close
2023-09-15,2023,0.0,0.0075,58.0,close
2023-09-15,2023,0.0,0.01,58.0,close
2023-09-15,2023,0.0,0.015,58.0,close
2023-09-15,2023,0.0,0.0,58.0,close
2023-09-19,2023,0.0075,0.005,-85.44500000000001,stop
2023-09-19,2023,0.0075,0.0075,-84.0,close
2023-09-19,2023,0.0075,0.01,-84.0,close
2023-09-19,2023,0.0075,0.015,-84.0,close
2023-09-19,2023,0.0075,0.0,-84.0,close
2023-09-19,2023,0.01,0.005,-85.44500000000001,stop
2023-09-19,2023,0.01,0.0075,-84.0,close
2023-09-19,2023,0.01,0.01,-84.0,close
2023-09-19,2023,0.01,0.015,-84.0,close
2023-09-19,2023,0.01,0.0,-84.0,close
2023-09-19,2023,0.015,0.005,-85.44500000000001,stop
2023-09-19,2023,0.015,0.0075,-84.0,close
2023-09-19,2023,0.015,0.01,-84.0,close
2023-09-19,2023,0.015,0.015,-84.0,close
2023-09-19,2023,0.015,0.0,-84.0,close
2023-09-19,2023,0.0,0.005,-85.44500000000001,stop
2023-09-19,2023,0.0,0.0075,-84.0,close
2023-09-19,2023,0.0,0.01,-84.0,close
2023-09-19,2023,0.0,0.015,-84.0,close
2023-09-19,2023,0.0,0.0,-84.0,close
2023-09-21,2023,0.0075,0.005,121.63,target
2023-09-21,2023,0.0075,0.0075,121.63,target
2023-09-21,2023,0.0075,0.01,121.63,target
2023-09-21,2023,0.0075,0.015,121.63,target
2023-09-21,2023,0.0075,0.0,121.63,target
2023-09-21,2023,0.01,0.005,162.84,target
2023-09-21,2023,0.01,0.0075,162.84,target
2023-09-21,2023,0.01,0.01,162.84,target
2023-09-21,2023,0.01,0.015,162.84,target
2023-09-21,2023,0.01,0.0,162.84,target
2023-09-21,2023,0.015,0.005,174.0,close
2023-09-21,2023,0.015,0.0075,174.0,close
2023-09-21,2023,0.015,0.01,174.0,close
2023-09-21,2023,0.015,0.015,174.0,close
2023-09-21,2023,0.015,0.0,174.0,close
2023-09-21,2023,0.0,0.005,174.0,close
2023-09-21,2023,0.0,0.0075,174.0,close
2023-09-21,2023,0.0,0.01,174.0,close
2023-09-21,2023,0.0,0.015,174.0,close
2023-09-21,2023,0.0,0.0,174.0,close
2023-09-22,2023,0.0075,0.005,-83.0,stop
2023-09-22,2023,0.0075,0.0075,-123.5,stop
2023-09-22,2023,0.0075,0.01,-146.0,close
2023-09-22,2023,0.0075,0.015,-146.0,close
2023-09-22,2023,0.0075,0.0,-146.0,close
2023-09-22,2023,0.01,0.005,-83.0,stop
2023-09-22,2023,0.01,0.0075,-123.5,stop
2023-09-22,2023,0.01,0.01,-146.0,close
2023-09-22,2023,0.01,0.015,-146.0,close
2023-09-22,2023,0.01,0.0,-146.0,close
2023-09-22,2023,0.015,0.005,-83.0,stop
2023-09-22,2023,0.015,0.0075,-123.5,stop
2023-09-22,2023,0.015,0.01,-146.0,close
2023-09-22,2023,0.015,0.015,-146.0,close
2023-09-22,2023,0.015,0.0,-146.0,close
2023-09-22,2023,0.0,0.005,-83.0,stop
2023-09-22,2023,0.0,0.0075,-123.5,stop
2023-09-22,2023,0.0,0.01,-146.0,close
2023-09-22,2023,0.0,0.015,-146.0,close
2023-09-22,2023,0.0,0.0,-146.0,close
2023-09-25,2023,0.0075,0.005,120.69999999999999,target
2023-09-25,2023,0.0075,0.0075,120.69999999999999,target
2023-09-25,2023,0.0075,0.01,120.69999999999999,target
2023-09-25,2023,0.0075,0.015,120.69999999999999,target
2023-09-25,2023,0.0075,0.0,120.69999999999999,target
2023-09-25,2023,0.01,0.005,100.0,close
2023-09-25,2023,0.01,0.0075,100.0,close
2023-09-25,2023,0.01,0.01,100.0,close
2023-09-25,2023,0.01,0.015,100.0,close
2023-09-25,2023,0.01,0.0,100.0,close
2023-09-25,2023,0.015,0.005,100.0,close
2023-09-25,2023,0.015,0.0075,100.0,close
2023-09-25,2023,0.015,0.01,100.0,close
2023-09-25,2023,0.015,0.015,100.0,close
2023-09-25,2023,0.015,0.0,100.0,close
2023-09-25,2023,0.0,0.005,100.0,close
2023-09-25,2023,0.0,0.0075,100.0,close
2023-09-25,2023,0.0,0.01,100.0,close
2023-09-25,2023,0.0,0.015,100.0,close
2023-09-25,2023,0.0,0.0,100.0,close
2023-09-26,2023,0.0075,0.005,-84.035,stop
2023-09-26,2023,0.0075,0.0075,-125.0525,stop
2023-09-26,2023,0.0075,0.01,-102.0,close
2023-09-26,2023,0.0075,0.015,-102.0,close
2023-09-26,2023,0.0075,0.0,-102.0,close
2023-09-26,2023,0.01,0.005,-84.035,stop
2023-09-26,2023,0.01,0.0075,-125.0525,stop
2023-09-26,2023,0.01,0.01,-102.0,close
2023-09-26,2023,0.01,0.015,-102.0,close
2023-09-26,2023,0.01,0.0,-102.0,close
2023-09-26,2023,0.015,0.005,-84.035,stop
2023-09-26,2023,0.015,0.0075,-125.0525,stop
2023-09-26,2023,0.015,0.01,-102.0,close
2023-09-26,2023,0.015,0.015,-102.0,close
2023-09-26,2023,0.015,0.0,-102.0,close
2023-09-26,2023,0.0,0.005,-84.035,stop
2023-09-26,2023,0.0,0.0075,-125.0525,stop
2023-09-26,2023,0.0,0.01,-102.0,close
2023-09-26,2023,0.0,0.015,-102.0,close
2023-09-26,2023,0.0,0.0,-102.0,close
2023-09-27,2023,0.0075,0.005,-83.215,stop
2023-09-27,2023,0.0075,0.0075,-71.0,close
2023-09-27,2023,0.0075,0.01,-71.0,close
2023-09-27,2023,0.0075,0.015,-71.0,close
2023-09-27,2023,0.0075,0.0,-71.0,close
2023-09-27,2023,0.01,0.005,-83.215,stop
2023-09-27,2023,0.01,0.0075,-71.0,close
2023-09-27,2023,0.01,0.01,-71.0,close
2023-09-27,2023,0.01,0.015,-71.0,close
2023-09-27,2023,0.01,0.0,-71.0,close
2023-09-27,2023,0.015,0.005,-83.215,stop
2023-09-27,2023,0.015,0.0075,-71.0,close
2023-09-27,2023,0.015,0.01,-71.0,close
2023-09-27,2023,0.015,0.015,-71.0,close
2023-09-27,2023,0.015,0.0,-71.0,close
2023-09-27,2023,0.0,0.005,-83.215,stop
2023-09-27,2023,0.0,0.0075,-71.0,close
2023-09-27,2023,0.0,0.01,-71.0,close
2023-09-27,2023,0.0,0.015,-71.0,close
2023-09-27,2023,0.0,0.0,-71.0,close
2023-09-28,2023,0.0075,0.005,23.0,close
2023-09-28,2023,0.0075,0.0075,23.0,close
2023-09-28,2023,0.0075,0.01,23.0,close
2023-09-28,2023,0.0075,0.015,23.0,close
2023-09-28,2023,0.0075,0.0,23.0,close
2023-09-28,2023,0.01,0.005,23.0,close
2023-09-28,2023,0.01,0.0075,23.0,close
2023-09-28,2023,0.01,0.01,23.0,close
2023-09-28,2023,0.01,0.015,23.0,close
2023-09-28,2023,0.01,0.0,23.0,close
2023-09-28,2023,0.015,0.005,23.0,close
2023-09-28,2023,0.015,0.0075,23.0,close
2023-09-28,2023,0.015,0.01,23.0,close
2023-09-28,2023,0.015,0.015,23.0,close
2023-09-28,2023,0.015,0.0,23.0,close
2023-09-28,2023,0.0,0.005,23.0,close
2023-09-28,2023,0.0,0.0075,23.0,close
2023-09-28,2023,0.0,0.01,23.0,close
2023-09-28,2023,0.0,0.015,23.0,close
2023-09-28,2023,0.0,0.0,23.0,close
2023-10-02,2023,0.0075,0.005,35.0,close
2023-10-02,2023,0.0075,0.0075,35.0,close
2023-10-02,2023,0.0075,0.01,35.0,close
2023-10-02,2023,0.0075,0.015,35.0,close
2023-10-02,2023,0.0075,0.0,35.0,close
2023-10-02,2023,0.01,0.005,35.0,close
2023-10-02,2023,0.01,0.0075,35.0,close
2023-10-02,2023,0.01,0.01,35.0,close
2023-10-02,2023,0.01,0.015,35.0,close
2023-10-02,2023,0.01,0.0,35.0,close
2023-10-02,2023,0.015,0.005,35.0,close
2023-10-02,2023,0.015,0.0075,35.0,close
2023-10-02,2023,0.015,0.01,35.0,close
2023-10-02,2023,0.015,0.015,35.0,close
2023-10-02,2023,0.015,0.0,35.0,close
2023-10-02,2023,0.0,0.005,35.0,close
2023-10-02,2023,0.0,0.0075,35.0,close
2023-10-02,2023,0.0,0.01,35.0,close
2023-10-02,2023,0.0,0.015,35.0,close
2023-10-02,2023,0.0,0.0,35.0,close
2023-10-03,2023,0.0075,0.005,-84.47500000000001,stop
2023-10-03,2023,0.0075,0.0075,-86.0,close
2023-10-03,2023,0.0075,0.01,-86.0,close
2023-10-03,2023,0.0075,0.015,-86.0,close
2023-10-03,2023,0.0075,0.0,-86.0,close
2023-10-03,2023,0.01,0.005,-84.47500000000001,stop
2023-10-03,2023,0.01,0.0075,-86.0,close
2023-10-03,2023,0.01,0.01,-86.0,close
2023-10-03,2023,0.01,0.015,-86.0,close
2023-10-03,2023,0.01,0.0,-86.0,close
2023-10-03,2023,0.015,0.005,-84.47500000000001,stop
2023-10-03,2023,0.015,0.0075,-86.0,close
2023-10-03,2023,0.015,0.01,-86.0,close
2023-10-03,2023,0.015,0.015,-86.0,close
2023-10-03,2023,0.015,0.0,-86.0,close
2023-10-03,2023,0.0,0.005,-84.47500000000001,stop
2023-10-03,2023,0.0,0.0075,-86.0,close
2023-10-03,2023,0.0,0.01,-86.0,close
2023-10-03,2023,0.0,0.015,-86.0,close
2023-10-03,2023,0.0,0.0,-86.0,close
2023-10-05,2023,0.0075,0.005,120.25,target
2023-10-05,2023,0.0075,0.0075,120.25,target
2023-10-05,2023,0.0075,0.01,120.25,target
2023-10-05,2023,0.0075,0.015,120.25,target
2023-10-05,2023,0.0075,0.0,120.25,target
2023-10-05,2023,0.01,0.005,161.0,target
2023-10-05,2023,0.01,0.0075,161.0,target
2023-10-05,2023,0.01,0.01,161.0,target
2023-10-05,2023,0.01,0.015,161.0,target
2023-10-05,2023,0.01,0.0,161.0,target
2023-10-05,2023,0.015,0.005,156.0,close
2023-10-05,2023,0.015,0.0075,156.0,close
2023-10-05,2023,0.015,0.01,156.0,close
2023-10-05,2023,0.015,0.015,156.0,close
2023-10-05,2023,0.015,0.0,156.0,close
2023-10-05,2023,0.0,0.005,156.0,close
2023-10-05,2023,0.0,0.0075,156.0,close
2023-10-05,2023,0.0,0.01,156.0,close
2023-10-05,2023,0.0,0.015,156.0,close
2023-10-05,2023,0.0,0.0,156.0,close
2023-10-11,2023,0.0075,0.005,-86.0,stop
2023-10-11,2023,0.0075,0.0075,-128.0,stop
2023-10-11,2023,0.0075,0.01,-87.0,close
2023-10-11,2023,0.0075,0.015,-87.0,close
2023-10-11,2023,0.0075,0.0,-87.0,close
2023-10-11,2023,0.01,0.005,-86.0,stop
2023-10-11,2023,0.01,0.0075,-128.0,stop
2023-10-11,2023,0.01,0.01,-87.0,close
2023-10-11,2023,0.01,0.015,-87.0,close
2023-10-11,2023,0.01,0.0,-87.0,close
2023-10-11,2023,0.015,0.005,-86.0,stop
2023-10-11,2023,0.015,0.0075,-128.0,stop
2023-10-11,2023,0.015,0.01,-87.0,close
2023-10-11,2023,0.015,0.015,-87.0,close
2023-10-11,2023,0.015,0.0,-87.0,close
2023-10-11,2023,0.0,0.005,-86.0,stop
2023-10-11,2023,0.0,0.0075,-128.0,stop
2023-10-11,2023,0.0,0.01,-87.0,close
2023-10-11,2023,0.0,0.015,-87.0,close
2023-10-11,2023,0.0,0.0,-87.0,close
2023-10-12,2023,0.0075,0.005,75.0,close
2023-10-12,2023,0.0075,0.0075,75.0,close
2023-10-12,2023,0.0075,0.01,75.0,close
2023-10-12,2023,0.0075,0.015,75.0,close
2023-10-12,2023,0.0075,0.0,75.0,close
2023-10-12,2023,0.01,0.005,75.0,close
2023-10-12,2023,0.01,0.0075,75.0,close
2023-10-12,2023,0.01,0.01,75.0,close
2023-10-12,2023,0.01,0.015,75.0,close
2023-10-12,2023,0.01,0.0,75.0,close
2023-10-12,2023,0.015,0.005,75.0,close
2023-10-12,2023,0.015,0.0075,75.0,close
2023-10-12,2023,0.015,0.01,75.0,close
2023-10-12,2023,0.015,0.015,75.0,close
2023-10-12,2023,0.015,0.0,75.0,close
2023-10-12,2023,0.0,0.005,75.0,close
2023-10-12,2023,0.0,0.0075,75.0,close
2023-10-12,2023,0.0,0.01,75.0,close
2023-10-12,2023,0.0,0.015,75.0,close
2023-10-12,2023,0.0,0.0,75.0,close
2023-10-13,2023,0.0075,0.005,19.0,close
2023-10-13,2023,0.0075,0.0075,19.0,close
2023-10-13,2023,0.0075,0.01,19.0,close
2023-10-13,2023,0.0075,0.015,19.0,close
2023-10-13,2023,0.0075,0.0,19.0,close
2023-10-13,2023,0.01,0.005,19.0,close
2023-10-13,2023,0.01,0.0075,19.0,close
2023-10-13,2023,0.01,0.01,19.0,close
2023-10-13,2023,0.01,0.015,19.0,close
2023-10-13,2023,0.01,0.0,19.0,close
2023-10-13,2023,0.015,0.005,19.0,close
2023-10-13,2023,0.015,0.0075,19.0,close
2023-10-13,2023,0.015,0.01,19.0,close
2023-10-13,2023,0.015,0.015,19.0,close
2023-10-13,2023,0.015,0.0,19.0,close
2023-10-13,2023,0.0,0.005,19.0,close
2023-10-13,2023,0.0,0.0075,19.0,close
2023-10-13,2023,0.0,0.01,19.0,close
2023-10-13,2023,0.0,0.015,19.0,close
2023-10-13,2023,0.0,0.0,19.0,close
2023-10-17,2023,0.0075,0.005,-85.78,stop
2023-10-17,2023,0.0075,0.0075,-105.0,close
2023-10-17,2023,0.0075,0.01,-105.0,close
2023-10-17,2023,0.0075,0.015,-105.0,close
2023-10-17,2023,0.0075,0.0,-105.0,close
2023-10-17,2023,0.01,0.005,-85.78,stop
2023-10-17,2023,0.01,0.0075,-105.0,close
2023-10-17,2023,0.01,0.01,-105.0,close
2023-10-17,2023,0.01,0.015,-105.0,close
2023-10-17,2023,0.01,0.0,-105.0,close
2023-10-17,2023,0.015,0.005,-85.78,stop
2023-10-17,2023,0.015,0.0075,-105.0,close
2023-10-17,2023,0.015,0.01,-105.0,close
2023-10-17,2023,0.015,0.015,-105.0,close
2023-10-17,2023,0.015,0.0,-105.0,close
2023-10-17,2023,0.0,0.005,-85.78,stop
2023-10-17,2023,0.0,0.0075,-105.0,close
2023-10-17,2023,0.0,0.01,-105.0,close
2023-10-17,2023,0.0,0.015,-105.0,close
2023-10-17,2023,0.0,0.0,-105.0,close
2023-10-19,2023,0.0075,0.005,-83.755,stop
2023-10-19,2023,0.0075,0.0075,-124.6325,stop
2023-10-19,2023,0.0075,0.01,-111.0,close
2023-10-19,2023,0.0075,0.015,-111.0,close
2023-10-19,2023,0.0075,0.0,-111.0,close
2023-10-19,2023,0.01,0.005,-83.755,stop
2023-10-19,2023,0.01,0.0075,-124.6325,stop
2023-10-19,2023,0.01,0.01,-111.0,close
2023-10-19,2023,0.01,0.015,-111.0,close
2023-10-19,2023,0.01,0.0,-111.0,close
2023-10-19,2023,0.015,0.005,-83.755,stop
2023-10-19,2023,0.015,0.0075,-124.6325,stop
2023-10-19,2023,0.015,0.01,-111.0,close
2023-10-19,2023,0.015,0.015,-111.0,close
2023-10-19,2023,0.015,0.0,-111.0,close
2023-10-19,2023,0.0,0.005,-83.755,stop
2023-10-19,2023,0.0,0.0075,-124.6325,stop
2023-10-19,2023,0.0,0.01,-111.0,close
2023-10-19,2023,0.0,0.015,-111.0,close
2023-10-19,2023,0.0,0.0,-111.0,close
2023-10-20,2023,0.0075,0.005,121.4275,target
2023-10-20,2023,0.0075,0.0075,121.4275,target
2023-10-20,2023,0.0075,0.01,121.4275,target
2023-10-20,2023,0.0075,0.015,121.4275,target
2023-10-20,2023,0.0075,0.0,121.4275,target
2023-10-20,2023,0.01,0.005,162.57,target
2023-10-20,2023,0.01,0.0075,162.57,target
2023-10-20,2023,0.01,0.01,162.57,target
2023-10-20,2023,0.01,0.015,162.57,target
2023-10-20,2023,0.01,0.0,162.57,target
2023-10-20,2023,0.015,0.005,40.0,close
2023-10-20,2023,0.015,0.0075,40.0,close
2023-10-20,2023,0.015,0.01,40.0,close
2023-10-20,2023,0.015,0.015,40.0,close
2023-10-20,2023,0.015,0.0,40.0,close
2023-10-20,2023,0.0,0.005,40.0,close
2023-10-20,2023,0.0,0.0075,40.0,close
2023-10-20,2023,0.0,0.01,40.0,close
2023-10-20,2023,0.0,0.015,40.0,close
2023-10-20,2023,0.0,0.0,40.0,close
2023-10-23,2023,0.0075,0.005,90.0,close
2023-10-23,2023,0.0075,0.0075,90.0,close
2023-10-23,2023,0.0075,0.01,90.0,close
2023-10-23,2023,0.0075,0.015,90.0,close
2023-10-23,2023,0.0075,0.0,90.0,close
2023-10-23,2023,0.01,0.005,90.0,close
2023-10-23,2023,0.01,0.0075,90.0,close
2023-10-23,2023,0.01,0.01,90.0,close
2023-10-23,2023,0.01,0.015,90.0,close
2023-10-23,2023,0.01,0.0,90.0,close
2023-10-23,2023,0.015,0.005,90.0,close
2023-10-23,2023,0.015,0.0075,90.0,close
2023-10-23,2023,0.015,0.01,90.0,close
2023-10-23,2023,0.015,0.015,90.0,close
2023-10-23,2023,0.015,0.0,90.0,close
2023-10-23,2023,0.0,0.005,90.0,close
2023-10-23,2023,0.0,0.0075,90.0,close
2023-10-23,2023,0.0,0.01,90.0,close
2023-10-23,2023,0.0,0.015,90.0,close
2023-10-23,2023,0.0,0.0,90.0,close
2023-10-25,2023,0.0075,0.005,-11.0,close
2023-10-25,2023,0.0075,0.0075,-11.0,close
2023-10-25,2023,0.0075,0.01,-11.0,close
2023-10-25,2023,0.0075,0.015,-11.0,close
2023-10-25,2023,0.0075,0.0,-11.0,close
2023-10-25,2023,0.01,0.005,-11.0,close
2023-10-25,2023,0.01,0.0075,-11.0,close
2023-10-25,2023,0.01,0.01,-11.0,close
2023-10-25,2023,0.01,0.015,-11.0,close
2023-10-25,2023,0.01,0.0,-11.0,close
2023-10-25,2023,0.015,0.005,-11.0,close
2023-10-25,2023,0.015,0.0075,-11.0,close
2023-10-25,2023,0.015,0.01,-11.0,close
2023-10-25,2023,0.015,0.015,-11.0,close
2023-10-25,2023,0.015,0.0,-11.0,close
2023-10-25,2023,0.0,0.005,-11.0,close
2023-10-25,2023,0.0,0.0075,-11.0,close
2023-10-25,2023,0.0,0.01,-11.0,close
2023-10-25,2023,0.0,0.015,-11.0,close
2023-10-25,2023,0.0,0.0,-11.0,close
2023-10-30,2023,0.0075,0.005,118.8625,target
2023-10-30,2023,0.0075,0.0075,118.8625,target
2023-10-30,2023,0.0075,0.01,118.8625,target
2023-10-30,2023,0.0075,0.015,118.8625,target
2023-10-30,2023,0.0075,0.0,118.8625,target
2023-10-30,2023,0.01,0.005,44.0,close
2023-10-30,2023,0.01,0.0075,44.0,close
2023-10-30,2023,0.01,0.01,44.0,close
2023-10-30,2023,0.01,0.015,44.0,close
2023-10-30,2023,0.01,0.0,44.0,close
2023-10-30,2023,0.015,0.005,44.0,close
2023-10-30,2023,0.015,0.0075,44.0,close
2023-10-30,2023,0.015,0.01,44.0,close
2023-10-30,2023,0.015,0.015,44.0,close
2023-10-30,2023,0.015,0.0,44.0,close
2023-10-30,2023,0.0,0.005,44.0,close
2023-10-30,2023,0.0,0.0075,44.0,close
2023-10-30,2023,0.0,0.01,44.0,close
2023-10-30,2023,0.0,0.015,44.0,close
2023-10-30,2023,0.0,0.0,44.0,close
2023-10-31,2023,0.0075,0.005,119.40249999999999,target
2023-10-31,2023,0.0075,0.0075,119.40249999999999,target
2023-10-31,2023,0.0075,0.01,119.40249999999999,target
2023-10-31,2023,0.0075,0.015,119.40249999999999,target
2023-10-31,2023,0.0075,0.0,119.40249999999999,target
2023-10-31,2023,0.01,0.005,159.87,target
2023-10-31,2023,0.01,0.0075,159.87,target
2023-10-31,2023,0.01,0.01,159.87,target
2023-10-31,2023,0.01,0.015,159.87,target
2023-10-31,2023,0.01,0.0,159.87,target
2023-10-31,2023,0.015,0.005,189.0,close
2023-10-31,2023,0.015,0.0075,189.0,close
2023-10-31,2023,0.015,0.01,189.0,close
2023-10-31,2023,0.015,0.015,189.0,close
2023-10-31,2023,0.015,0.0,189.0,close
2023-10-31,2023,0.0,0.005,189.0,close
2023-10-31,2023,0.0,0.0075,189.0,close
2023-10-31,2023,0.0,0.01,189.0,close
2023-10-31,2023,0.0,0.015,189.0,close
2023-10-31,2023,0.0,0.0,189.0,close
2023-11-01,2023,0.0075,0.005,-82.47,stop
2023-11-01,2023,0.0075,0.0075,-47.0,close
2023-11-01,2023,0.0075,0.01,-47.0,close
2023-11-01,2023,0.0075,0.015,-47.0,close
2023-11-01,2023,0.0075,0.0,-47.0,close
2023-11-01,2023,0.01,0.005,-82.47,stop
2023-11-01,2023,0.01,0.0075,-47.0,close
2023-11-01,2023,0.01,0.01,-47.0,close
2023-11-01,2023,0.01,0.015,-47.0,close
2023-11-01,2023,0.01,0.0,-47.0,close
2023-11-01,2023,0.015,0.005,-82.47,stop
2023-11-01,2023,0.015,0.0075,-47.0,close
2023-11-01,2023,0.015,0.01,-47.0,close
2023-11-01,2023,0.015,0.015,-47.0,close
2023-11-01,2023,0.015,0.0,-47.0,close
2023-11-01,2023,0.0,0.005,-82.47,stop
2023-11-01,2023,0.0,0.0075,-47.0,close
2023-11-01,2023,0.0,0.01,-47.0,close
2023-11-01,2023,0.0,0.015,-47.0,close
2023-11-01,2023,0.0,0.0,-47.0,close
2023-11-02,2023,0.0075,0.005,-46.0,close
2023-11-02,2023,0.0075,0.0075,-46.0,close
2023-11-02,2023,0.0075,0.01,-46.0,close
2023-11-02,2023,0.0075,0.015,-46.0,close
2023-11-02,2023,0.0075,0.0,-46.0,close
2023-11-02,2023,0.01,0.005,-46.0,close
2023-11-02,2023,0.01,0.0075,-46.0,close
2023-11-02,2023,0.01,0.01,-46.0,close
2023-11-02,2023,0.01,0.015,-46.0,close
2023-11-02,2023,0.01,0.0,-46.0,close
2023-11-02,2023,0.015,0.005,-46.0,close
2023-11-02,2023,0.015,0.0075,-46.0,close
2023-11-02,2023,0.015,0.01,-46.0,close
2023-11-02,2023,0.015,0.015,-46.0,close
2023-11-02,2023,0.015,0.0,-46.0,close
2023-11-02,2023,0.0,0.005,-46.0,close
2023-11-02,2023,0.0,0.0075,-46.0,close
2023-11-02,2023,0.0,0.01,-46.0,close
2023-11-02,2023,0.0,0.015,-46.0,close
2023-11-02,2023,0.0,0.0,-46.0,close
2023-11-03,2023,0.0075,0.005,-14.0,close
2023-11-03,2023,0.0075,0.0075,-14.0,close
2023-11-03,2023,0.0075,0.01,-14.0,close
2023-11-03,2023,0.0075,0.015,-14.0,close
2023-11-03,2023,0.0075,0.0,-14.0,close
2023-11-03,2023,0.01,0.005,-14.0,close
2023-11-03,2023,0.01,0.0075,-14.0,close
2023-11-03,2023,0.01,0.01,-14.0,close
2023-11-03,2023,0.01,0.015,-14.0,close
2023-11-03,2023,0.01,0.0,-14.0,close
2023-11-03,2023,0.015,0.005,-14.0,close
2023-11-03,2023,0.015,0.0075,-14.0,close
2023-11-03,2023,0.015,0.01,-14.0,close
2023-11-03,2023,0.015,0.015,-14.0,close
2023-11-03,2023,0.015,0.0,-14.0,close
2023-11-03,2023,0.0,0.005,-14.0,close
2023-11-03,2023,0.0,0.0075,-14.0,close
2023-11-03,2023,0.0,0.01,-14.0,close
2023-11-03,2023,0.0,0.015,-14.0,close
2023-11-03,2023,0.0,0.0,-14.0,close
2023-11-06,2023,0.0075,0.005,18.0,close
2023-11-06,2023,0.0075,0.0075,18.0,close
2023-11-06,2023,0.0075,0.01,18.0,close
2023-11-06,2023,0.0075,0.015,18.0,close
2023-11-06,2023,0.0075,0.0,18.0,close
2023-11-06,2023,0.01,0.005,18.0,close
2023-11-06,2023,0.01,0.0075,18.0,close
2023-11-06,2023,0.01,0.01,18.0,close
2023-11-06,2023,0.01,0.015,18.0,close
2023-11-06,2023,0.01,0.0,18.0,close
2023-11-06,2023,0.015,0.005,18.0,close
2023-11-06,2023,0.015,0.0075,18.0,close
2023-11-06,2023,0.015,0.01,18.0,close
2023-11-06,2023,0.015,0.015,18.0,close
2023-11-06,2023,0.015,0.0,18.0,close
2023-11-06,2023,0.0,0.005,18.0,close
2023-11-06,2023,0.0,0.0075,18.0,close
2023-11-06,2023,0.0,0.01,18.0,close
2023-11-06,2023,0.0,0.015,18.0,close
2023-11-06,2023,0.0,0.0,18.0,close
2023-11-08,2023,0.0075,0.005,18.0,close
2023-11-08,2023,0.0075,0.0075,18.0,close
2023-11-08,2023,0.0075,0.01,18.0,close
2023-11-08,2023,0.0075,0.015,18.0,close
2023-11-08,2023,0.0075,0.0,18.0,close
2023-11-08,2023,0.01,0.005,18.0,close
2023-11-08,2023,0.01,0.0075,18.0,close
2023-11-08,2023,0.01,0.01,18.0,close
2023-11-08,2023,0.01,0.015,18.0,close
2023-11-08,2023,0.01,0.0,18.0,close
2023-11-08,2023,0.015,0.005,18.0,close
2023-11-08,2023,0.015,0.0075,18.0,close
2023-11-08,2023,0.015,0.01,18.0,close
2023-11-08,2023,0.015,0.015,18.0,close
2023-11-08,2023,0.015,0.0,18.0,close
2023-11-08,2023,0.0,0.005,18.0,close
2023-11-08,2023,0.0,0.0075,18.0,close
2023-11-08,2023,0.0,0.01,18.0,close
2023-11-08,2023,0.0,0.015,18.0,close
2023-11-08,2023,0.0,0.0,18.0,close
2023-11-09,2023,0.0075,0.005,53.0,close
2023-11-09,2023,0.0075,0.0075,53.0,close
2023-11-09,2023,0.0075,0.01,53.0,close
2023-11-09,2023,0.0075,0.015,53.0,close
2023-11-09,2023,0.0075,0.0,53.0,close
2023-11-09,2023,0.01,0.005,53.0,close
2023-11-09,2023,0.01,0.0075,53.0,close
2023-11-09,2023,0.01,0.01,53.0,close
2023-11-09,2023,0.01,0.015,53.0,close
2023-11-09,2023,0.01,0.0,53.0,close
2023-11-09,2023,0.015,0.005,53.0,close
2023-11-09,2023,0.015,0.0075,53.0,close
2023-11-09,2023,0.015,0.01,53.0,close
2023-11-09,2023,0.015,0.015,53.0,close
2023-11-09,2023,0.015,0.0,53.0,close
2023-11-09,2023,0.0,0.005,53.0,close
2023-11-09,2023,0.0,0.0075,53.0,close
2023-11-09,2023,0.0,0.01,53.0,close
2023-11-09,2023,0.0,0.015,53.0,close
2023-11-09,2023,0.0,0.0,53.0,close
2023-11-13,2023,0.0075,0.005,20.0,close
2023-11-13,2023,0.0075,0.0075,20.0,close
2023-11-13,2023,0.0075,0.01,20.0,close
2023-11-13,2023,0.0075,0.015,20.0,close
2023-11-13,2023,0.0075,0.0,20.0,close
2023-11-13,2023,0.01,0.005,20.0,close
2023-11-13,2023,0.01,0.0075,20.0,close
2023-11-13,2023,0.01,0.01,20.0,close
2023-11-13,2023,0.01,0.015,20.0,close
2023-11-13,2023,0.01,0.0,20.0,close
2023-11-13,2023,0.015,0.005,20.0,close
2023-11-13,2023,0.015,0.0075,20.0,close
2023-11-13,2023,0.015,0.01,20.0,close
2023-11-13,2023,0.015,0.015,20.0,close
2023-11-13,2023,0.015,0.0,20.0,close
2023-11-13,2023,0.0,0.005,20.0,close
2023-11-13,2023,0.0,0.0075,20.0,close
2023-11-13,2023,0.0,0.01,20.0,close
2023-11-13,2023,0.0,0.015,20.0,close
2023-11-13,2023,0.0,0.0,20.0,close
2023-11-15,2023,0.0075,0.005,-12.0,close
2023-11-15,2023,0.0075,0.0075,-12.0,close
2023-11-15,2023,0.0075,0.01,-12.0,close
2023-11-15,2023,0.0075,0.015,-12.0,close
2023-11-15,2023,0.0075,0.0,-12.0,close
2023-11-15,2023,0.01,0.005,-12.0,close
2023-11-15,2023,0.01,0.0075,-12.0,close
2023-11-15,2023,0.01,0.01,-12.0,close
2023-11-15,2023,0.01,0.015,-12.0,close
2023-11-15,2023,0.01,0.0,-12.0,close
2023-11-15,2023,0.015,0.005,-12.0,close
2023-11-15,2023,0.015,0.0075,-12.0,close
2023-11-15,2023,0.015,0.01,-12.0,close
2023-11-15,2023,0.015,0.015,-12.0,close
2023-11-15,2023,0.015,0.0,-12.0,close
2023-11-15,2023,0.0,0.005,-12.0,close
2023-11-15,2023,0.0,0.0075,-12.0,close
2023-11-15,2023,0.0,0.01,-12.0,close
2023-11-15,2023,0.0,0.015,-12.0,close
2023-11-15,2023,0.0,0.0,-12.0,close
2023-11-16,2023,0.0075,0.005,-88.0,stop
2023-11-16,2023,0.0075,0.0075,-15.0,close
2023-11-16,2023,0.0075,0.01,-15.0,close
2023-11-16,2023,0.0075,0.015,-15.0,close
2023-11-16,2023,0.0075,0.0,-15.0,close
2023-11-16,2023,0.01,0.005,-88.0,stop
2023-11-16,2023,0.01,0.0075,-15.0,close
2023-11-16,2023,0.01,0.01,-15.0,close
2023-11-16,2023,0.01,0.015,-15.0,close
2023-11-16,2023,0.01,0.0,-15.0,close
2023-11-16,2023,0.015,0.005,-88.0,stop
2023-11-16,2023,0.015,0.0075,-15.0,close
2023-11-16,2023,0.015,0.01,-15.0,close
2023-11-16,2023,0.015,0.015,-15.0,close
2023-11-16,2023,0.015,0.0,-15.0,close
2023-11-16,2023,0.0,0.005,-88.0,stop
2023-11-16,2023,0.0,0.0075,-15.0,close
2023-11-16,2023,0.0,0.01,-15.0,close
2023-11-16,2023,0.0,0.015,-15.0,close
2023-11-16,2023,0.0,0.0,-15.0,close
2023-11-17,2023,0.0075,0.005,64.0,close
2023-11-17,2023,0.0075,0.0075,64.0,close
2023-11-17,2023,0.0075,0.01,64.0,close
2023-11-17,2023,0.0075,0.015,64.0,close
2023-11-17,2023,0.0075,0.0,64.0,close
2023-11-17,2023,0.01,0.005,64.0,close
2023-11-17,2023,0.01,0.0075,64.0,close
2023-11-17,2023,0.01,0.01,64.0,close
2023-11-17,2023,0.01,0.015,64.0,close
2023-11-17,2023,0.01,0.0,64.0,close
2023-11-17,2023,0.015,0.005,64.0,close
2023-11-17,2023,0.015,0.0075,64.0,close
2023-11-17,2023,0.015,0.01,64.0,close
2023-11-17,2023,0.015,0.015,64.0,close
2023-11-17,2023,0.015,0.0,64.0,close
2023-11-17,2023,0.0,0.005,64.0,close
2023-11-17,2023,0.0,0.0075,64.0,close
2023-11-17,2023,0.0,0.01,64.0,close
2023-11-17,2023,0.0,0.015,64.0,close
2023-11-17,2023,0.0,0.0,64.0,close
2023-11-20,2023,0.0075,0.005,-26.0,close
2023-11-20,2023,0.0075,0.0075,-26.0,close
2023-11-20,2023,0.0075,0.01,-26.0,close
2023-11-20,2023,0.0075,0.015,-26.0,close
2023-11-20,2023,0.0075,0.0,-26.0,close
2023-11-20,2023,0.01,0.005,-26.0,close
2023-11-20,2023,0.01,0.0075,-26.0,close
2023-11-20,2023,0.01,0.01,-26.0,close
2023-11-20,2023,0.01,0.015,-26.0,close
2023-11-20,2023,0.01,0.0,-26.0,close
2023-11-20,2023,0.015,0.005,-26.0,close
2023-11-20,2023,0.015,0.0075,-26.0,close
2023-11-20,2023,0.015,0.01,-26.0,close
2023-11-20,2023,0.015,0.015,-26.0,close
2023-11-20,2023,0.015,0.0,-26.0,close
2023-11-20,2023,0.0,0.005,-26.0,close
2023-11-20,2023,0.0,0.0075,-26.0,close
2023-11-20,2023,0.0,0.01,-26.0,close
2023-11-20,2023,0.0,0.015,-26.0,close
2023-11-20,2023,0.0,0.0,-26.0,close
2023-11-21,2023,0.0075,0.005,127.63749999999999,target
2023-11-21,2023,0.0075,0.0075,127.63749999999999,target
2023-11-21,2023,0.0075,0.01,127.63749999999999,target
2023-11-21,2023,0.0075,0.015,127.63749999999999,target
2023-11-21,2023,0.0075,0.0,127.63749999999999,target
2023-11-21,2023,0.01,0.005,125.0,close
2023-11-21,2023,0.01,0.0075,125.0,close
2023-11-21,2023,0.01,0.01,125.0,close
2023-11-21,2023,0.01,0.015,125.0,close
2023-11-21,2023,0.01,0.0,125.0,close
2023-11-21,2023,0.015,0.005,125.0,close
2023-11-21,2023,0.015,0.0075,125.0,close
2023-11-21,2023,0.015,0.01,125.0,close
2023-11-21,2023,0.015,0.015,125.0,close
2023-11-21,2023,0.015,0.0,125.0,close
2023-11-21,2023,0.0,0.005,125.0,close
2023-11-21,2023,0.0,0.0075,125.0,close
2023-11-21,2023,0.0,0.01,125.0,close
2023-11-21,2023,0.0,0.015,125.0,close
2023-11-21,2023,0.0,0.0,125.0,close
2023-11-22,2023,0.0075,0.005,14.0,close
2023-11-22,2023,0.0075,0.0075,14.0,close
2023-11-22,2023,0.0075,0.01,14.0,close
2023-11-22,2023,0.0075,0.015,14.0,close
2023-11-22,2023,0.0075,0.0,14.0,close
2023-11-22,2023,0.01,0.005,14.0,close
2023-11-22,2023,0.01,0.0075,14.0,close
2023-11-22,2023,0.01,0.01,14.0,close
2023-11-22,2023,0.01,0.015,14.0,close
2023-11-22,2023,0.01,0.0,14.0,close
2023-11-22,2023,0.015,0.005,14.0,close
2023-11-22,2023,0.015,0.0075,14.0,close
2023-11-22,2023,0.015,0.01,14.0,close
2023-11-22,2023,0.015,0.015,14.0,close
2023-11-22,2023,0.015,0.0,14.0,close
2023-11-22,2023,0.0,0.005,14.0,close
2023-11-22,2023,0.0,0.0075,14.0,close
2023-11-22,2023,0.0,0.01,14.0,close
2023-11-22,2023,0.0,0.015,14.0,close
2023-11-22,2023,0.0,0.0,14.0,close
2023-11-23,2023,0.0075,0.005,36.0,close
2023-11-23,2023,0.0075,0.0075,36.0,close
2023-11-23,2023,0.0075,0.01,36.0,close
2023-11-23,2023,0.0075,0.015,36.0,close
2023-11-23,2023,0.0075,0.0,36.0,close
2023-11-23,2023,0.01,0.005,36.0,close
2023-11-23,2023,0.01,0.0075,36.0,close
2023-11-23,2023,0.01,0.01,36.0,close
2023-11-23,2023,0.01,0.015,36.0,close
2023-11-23,2023,0.01,0.0,36.0,close
2023-11-23,2023,0.015,0.005,36.0,close
2023-11-23,2023,0.015,0.0075,36.0,close
2023-11-23,2023,0.015,0.01,36.0,close
2023-11-23,2023,0.015,0.015,36.0,close
2023-11-23,2023,0.015,0.0,36.0,close
2023-11-23,2023,0.0,0.005,36.0,close
2023-11-23,2023,0.0,0.0075,36.0,close
2023-11-23,2023,0.0,0.01,36.0,close
2023-11-23,2023,0.0,0.015,36.0,close
2023-11-23,2023,0.0,0.0,36.0,close
2023-11-24,2023,0.0075,0.005,-47.0,close
2023-11-24,2023,0.0075,0.0075,-47.0,close
2023-11-24,2023,0.0075,0.01,-47.0,close
2023-11-24,2023,0.0075,0.015,-47.0,close
2023-11-24,2023,0.0075,0.0,-47.0,close
2023-11-24,2023,0.01,0.005,-47.0,close
2023-11-24,2023,0.01,0.0075,-47.0,close
2023-11-24,2023,0.01,0.01,-47.0,close
2023-11-24,2023,0.01,0.015,-47.0,close
2023-11-24,2023,0.01,0.0,-47.0,close
2023-11-24,2023,0.015,0.005,-47.0,close
2023-11-24,2023,0.015,0.0075,-47.0,close
2023-11-24,2023,0.015,0.01,-47.0,close
2023-11-24,2023,0.015,0.015,-47.0,close
2023-11-24,2023,0.015,0.0,-47.0,close
2023-11-24,2023,0.0,0.005,-47.0,close
2023-11-24,2023,0.0,0.0075,-47.0,close
2023-11-24,2023,0.0,0.01,-47.0,close
2023-11-24,2023,0.0,0.015,-47.0,close
2023-11-24,2023,0.0,0.0,-47.0,close
2023-11-27,2023,0.0075,0.005,-88.3,stop
2023-11-27,2023,0.0075,0.0075,-90.0,close
2023-11-27,2023,0.0075,0.01,-90.0,close
2023-11-27,2023,0.0075,0.015,-90.0,close
2023-11-27,2023,0.0075,0.0,-90.0,close
2023-11-27,2023,0.01,0.005,-88.3,stop
2023-11-27,2023,0.01,0.0075,-90.0,close
2023-11-27,2023,0.01,0.01,-90.0,close
2023-11-27,2023,0.01,0.015,-90.0,close
2023-11-27,2023,0.01,0.0,-90.0,close
2023-11-27,2023,0.015,0.005,-88.3,stop
2023-11-27,2023,0.015,0.0075,-90.0,close
2023-11-27,2023,0.015,0.01,-90.0,close
2023-11-27,2023,0.015,0.015,-90.0,close
2023-11-27,2023,0.015,0.0,-90.0,close
2023-11-27,2023,0.0,0.005,-88.3,stop
2023-11-27,2023,0.0,0.0075,-90.0,close
2023-11-27,2023,0.0,0.01,-90.0,close
2023-11-27,2023,0.0,0.015,-90.0,close
2023-11-27,2023,0.0,0.0,-90.0,close
2023-11-30,2023,0.0075,0.005,-89.0,stop
2023-11-30,2023,0.0075,0.0075,-8.0,close
2023-11-30,2023,0.0075,0.01,-8.0,close
2023-11-30,2023,0.0075,0.015,-8.0,close
2023-11-30,2023,0.0075,0.0,-8.0,close
2023-11-30,2023,0.01,0.005,-89.0,stop
2023-11-30,2023,0.01,0.0075,-8.0,close
2023-11-30,2023,0.01,0.01,-8.0,close
2023-11-30,2023,0.01,0.015,-8.0,close
2023-11-30,2023,0.01,0.0,-8.0,close
2023-11-30,2023,0.015,0.005,-89.0,stop
2023-11-30,2023,0.015,0.0075,-8.0,close
2023-11-30,2023,0.015,0.01,-8.0,close
2023-11-30,2023,0.015,0.015,-8.0,close
2023-11-30,2023,0.015,0.0,-8.0,close
2023-11-30,2023,0.0,0.005,-89.0,stop
2023-11-30,2023,0.0,0.0075,-8.0,close
2023-11-30,2023,0.0,0.01,-8.0,close
2023-11-30,2023,0.0,0.015,-8.0,close
2023-11-30,2023,0.0,0.0,-8.0,close
2023-12-04,2023,0.0075,0.005,-89.33,stop
2023-12-04,2023,0.0075,0.0075,-50.0,close
2023-12-04,2023,0.0075,0.01,-50.0,close
2023-12-04,2023,0.0075,0.015,-50.0,close
2023-12-04,2023,0.0075,0.0,-50.0,close
2023-12-04,2023,0.01,0.005,-89.33,stop
2023-12-04,2023,0.01,0.0075,-50.0,close
2023-12-04,2023,0.01,0.01,-50.0,close
2023-12-04,2023,0.01,0.015,-50.0,close
2023-12-04,2023,0.01,0.0,-50.0,close
2023-12-04,2023,0.015,0.005,-89.33,stop
2023-12-04,2023,0.015,0.0075,-50.0,close
2023-12-04,2023,0.015,0.01,-50.0,close
2023-12-04,2023,0.015,0.015,-50.0,close
2023-12-04,2023,0.015,0.0,-50.0,close
2023-12-04,2023,0.0,0.005,-89.33,stop
2023-12-04,2023,0.0,0.0075,-50.0,close
2023-12-04,2023,0.0,0.01,-50.0,close
2023-12-04,2023,0.0,0.015,-50.0,close
2023-12-04,2023,0.0,0.0,-50.0,close
2023-12-05,2023,0.0075,0.005,-31.0,close
2023-12-05,2023,0.0075,0.0075,-31.0,close
2023-12-05,2023,0.0075,0.01,-31.0,close
2023-12-05,2023,0.0075,0.015,-31.0,close
2023-12-05,2023,0.0075,0.0,-31.0,close
2023-12-05,2023,0.01,0.005,-31.0,close
2023-12-05,2023,0.01,0.0075,-31.0,close
2023-12-05,2023,0.01,0.01,-31.0,close
2023-12-05,2023,0.01,0.015,-31.0,close
2023-12-05,2023,0.01,0.0,-31.0,close
2023-12-05,2023,0.015,0.005,-31.0,close
2023-12-05,2023,0.015,0.0075,-31.0,close
2023-12-05,2023,0.015,0.01,-31.0,close
2023-12-05,2023,0.015,0.015,-31.0,close
2023-12-05,2023,0.015,0.0,-31.0,close
2023-12-05,2023,0.0,0.005,-31.0,close
2023-12-05,2023,0.0,0.0075,-31.0,close
2023-12-05,2023,0.0,0.01,-31.0,close
2023-12-05,2023,0.0,0.015,-31.0,close
2023-12-05,2023,0.0,0.0,-31.0,close
2023-12-08,2023,0.0075,0.005,16.0,close
2023-12-08,2023,0.0075,0.0075,16.0,close
2023-12-08,2023,0.0075,0.01,16.0,close
2023-12-08,2023,0.0075,0.015,16.0,close
2023-12-08,2023,0.0075,0.0,16.0,close
2023-12-08,2023,0.01,0.005,16.0,close
2023-12-08,2023,0.01,0.0075,16.0,close
2023-12-08,2023,0.01,0.01,16.0,close
2023-12-08,2023,0.01,0.015,16.0,close
2023-12-08,2023,0.01,0.0,16.0,close
2023-12-08,2023,0.015,0.005,16.0,close
2023-12-08,2023,0.015,0.0075,16.0,close
2023-12-08,2023,0.015,0.01,16.0,close
2023-12-08,2023,0.015,0.015,16.0,close
2023-12-08,2023,0.015,0.0,16.0,close
2023-12-08,2023,0.0,0.005,16.0,close
2023-12-08,2023,0.0,0.0075,16.0,close
2023-12-08,2023,0.0,0.01,16.0,close
2023-12-08,2023,0.0,0.015,16.0,close
2023-12-08,2023,0.0,0.0,16.0,close
2023-12-11,2023,0.0075,0.005,-18.0,close
2023-12-11,2023,0.0075,0.0075,-18.0,close
2023-12-11,2023,0.0075,0.01,-18.0,close
2023-12-11,2023,0.0075,0.015,-18.0,close
2023-12-11,2023,0.0075,0.0,-18.0,close
2023-12-11,2023,0.01,0.005,-18.0,close
2023-12-11,2023,0.01,0.0075,-18.0,close
2023-12-11,2023,0.01,0.01,-18.0,close
2023-12-11,2023,0.01,0.015,-18.0,close
2023-12-11,2023,0.01,0.0,-18.0,close
2023-12-11,2023,0.015,0.005,-18.0,close
2023-12-11,2023,0.015,0.0075,-18.0,close
2023-12-11,2023,0.015,0.01,-18.0,close
2023-12-11,2023,0.015,0.015,-18.0,close
2023-12-11,2023,0.015,0.0,-18.0,close
2023-12-11,2023,0.0,0.005,-18.0,close
2023-12-11,2023,0.0,0.0075,-18.0,close
2023-12-11,2023,0.0,0.01,-18.0,close
2023-12-11,2023,0.0,0.015,-18.0,close
2023-12-11,2023,0.0,0.0,-18.0,close
2023-12-12,2023,0.0075,0.005,21.0,close
2023-12-12,2023,0.0075,0.0075,21.0,close
2023-12-12,2023,0.0075,0.01,21.0,close
2023-12-12,2023,0.0075,0.015,21.0,close
2023-12-12,2023,0.0075,0.0,21.0,close
2023-12-12,2023,0.01,0.005,21.0,close
2023-12-12,2023,0.01,0.0075,21.0,close
2023-12-12,2023,0.01,0.01,21.0,close
2023-12-12,2023,0.01,0.015,21.0,close
2023-12-12,2023,0.01,0.0,21.0,close
2023-12-12,2023,0.015,0.005,21.0,close
2023-12-12,2023,0.015,0.0075,21.0,close
2023-12-12,2023,0.015,0.01,21.0,close
2023-12-12,2023,0.015,0.015,21.0,close
2023-12-12,2023,0.015,0.0,21.0,close
2023-12-12,2023,0.0,0.005,21.0,close
2023-12-12,2023,0.0,0.0075,21.0,close
2023-12-12,2023,0.0,0.01,21.0,close
2023-12-12,2023,0.0,0.015,21.0,close
2023-12-12,2023,0.0,0.0,21.0,close
2023-12-13,2023,0.0075,0.005,-44.0,close
2023-12-13,2023,0.0075,0.0075,-44.0,close
2023-12-13,2023,0.0075,0.01,-44.0,close
2023-12-13,2023,0.0075,0.015,-44.0,close
2023-12-13,2023,0.0075,0.0,-44.0,close
2023-12-13,2023,0.01,0.005,-44.0,close
2023-12-13,2023,0.01,0.0075,-44.0,close
2023-12-13,2023,0.01,0.01,-44.0,close
2023-12-13,2023,0.01,0.015,-44.0,close
2023-12-13,2023,0.01,0.0,-44.0,close
2023-12-13,2023,0.015,0.005,-44.0,close
2023-12-13,2023,0.015,0.0075,-44.0,close
2023-12-13,2023,0.015,0.01,-44.0,close
2023-12-13,2023,0.015,0.015,-44.0,close
2023-12-13,2023,0.015,0.0,-44.0,close
2023-12-13,2023,0.0,0.005,-44.0,close
2023-12-13,2023,0.0,0.0075,-44.0,close
2023-12-13,2023,0.0,0.01,-44.0,close
2023-12-13,2023,0.0,0.015,-44.0,close
2023-12-13,2023,0.0,0.0,-44.0,close
2023-12-14,2023,0.0075,0.005,59.0,close
2023-12-14,2023,0.0075,0.0075,59.0,close
2023-12-14,2023,0.0075,0.01,59.0,close
2023-12-14,2023,0.0075,0.015,59.0,close
2023-12-14,2023,0.0075,0.0,59.0,close
2023-12-14,2023,0.01,0.005,59.0,close
2023-12-14,2023,0.01,0.0075,59.0,close
2023-12-14,2023,0.01,0.01,59.0,close
2023-12-14,2023,0.01,0.015,59.0,close
2023-12-14,2023,0.01,0.0,59.0,close
2023-12-14,2023,0.015,0.005,59.0,close
2023-12-14,2023,0.015,0.0075,59.0,close
2023-12-14,2023,0.015,0.01,59.0,close
2023-12-14,2023,0.015,0.015,59.0,close
2023-12-14,2023,0.015,0.0,59.0,close
2023-12-14,2023,0.0,0.005,59.0,close
2023-12-14,2023,0.0,0.0075,59.0,close
2023-12-14,2023,0.0,0.01,59.0,close
2023-12-14,2023,0.0,0.015,59.0,close
2023-12-14,2023,0.0,0.0,59.0,close
2023-12-15,2023,0.0075,0.005,66.0,close
2023-12-15,2023,0.0075,0.0075,66.0,close
2023-12-15,2023,0.0075,0.01,66.0,close
2023-12-15,2023,0.0075,0.015,66.0,close
2023-12-15,2023,0.0075,0.0,66.0,close
2023-12-15,2023,0.01,0.005,66.0,close
2023-12-15,2023,0.01,0.0075,66.0,close
2023-12-15,2023,0.01,0.01,66.0,close
2023-12-15,2023,0.01,0.015,66.0,close
2023-12-15,2023,0.01,0.0,66.0,close
2023-12-15,2023,0.015,0.005,66.0,close
2023-12-15,2023,0.015,0.0075,66.0,close
2023-12-15,2023,0.015,0.01,66.0,close
2023-12-15,2023,0.015,0.015,66.0,close
2023-12-15,2023,0.015,0.0,66.0,close
2023-12-15,2023,0.0,0.005,66.0,close
2023-12-15,2023,0.0,0.0075,66.0,close
2023-12-15,2023,0.0,0.01,66.0,close
2023-12-15,2023,0.0,0.015,66.0,close
2023-12-15,2023,0.0,0.0,66.0,close
2023-12-18,2023,0.0075,0.005,-13.0,close
2023-12-18,2023,0.0075,0.0075,-13.0,close
2023-12-18,2023,0.0075,0.01,-13.0,close
2023-12-18,2023,0.0075,0.015,-13.0,close
2023-12-18,2023,0.0075,0.0,-13.0,close
2023-12-18,2023,0.01,0.005,-13.0,close
2023-12-18,2023,0.01,0.0075,-13.0,close
2023-12-18,2023,0.01,0.01,-13.0,close
2023-12-18,2023,0.01,0.015,-13.0,close
2023-12-18,2023,0.01,0.0,-13.0,close
2023-12-18,2023,0.015,0.005,-13.0,close
2023-12-18,2023,0.015,0.0075,-13.0,close
2023-12-18,2023,0.015,0.01,-13.0,close
2023-12-18,2023,0.015,0.015,-13.0,close
2023-12-18,2023,0.015,0.0,-13.0,close
2023-12-18,2023,0.0,0.005,-13.0,close
2023-12-18,2023,0.0,0.0075,-13.0,close
2023-12-18,2023,0.0,0.01,-13.0,close
2023-12-18,2023,0.0,0.015,-13.0,close
2023-12-18,2023,0.0,0.0,-13.0,close
2023-12-20,2023,0.0075,0.005,66.0,close
2023-12-20,2023,0.0075,0.0075,66.0,close
2023-12-20,2023,0.0075,0.01,66.0,close
2023-12-20,2023,0.0075,0.015,66.0,close
2023-12-20,2023,0.0075,0.0,66.0,close
2023-12-20,2023,0.01,0.005,66.0,close
2023-12-20,2023,0.01,0.0075,66.0,close
2023-12-20,2023,0.01,0.01,66.0,close
2023-12-20,2023,0.01,0.015,66.0,close
2023-12-20,2023,0.01,0.0,66.0,close
2023-12-20,2023,0.015,0.005,66.0,close
2023-12-20,2023,0.015,0.0075,66.0,close
2023-12-20,2023,0.015,0.01,66.0,close
2023-12-20,2023,0.015,0.015,66.0,close
2023-12-20,2023,0.015,0.0,66.0,close
2023-12-20,2023,0.0,0.005,66.0,close
2023-12-20,2023,0.0,0.0075,66.0,close
2023-12-20,2023,0.0,0.01,66.0,close
2023-12-20,2023,0.0,0.015,66.0,close
2023-12-20,2023,0.0,0.0,66.0,close
2023-12-22,2023,0.0075,0.005,7.0,close
2023-12-22,2023,0.0075,0.0075,7.0,close
2023-12-22,2023,0.0075,0.01,7.0,close
2023-12-22,2023,0.0075,0.015,7.0,close
2023-12-22,2023,0.0075,0.0,7.0,close
2023-12-22,2023,0.01,0.005,7.0,close
2023-12-22,2023,0.01,0.0075,7.0,close
2023-12-22,2023,0.01,0.01,7.0,close
2023-12-22,2023,0.01,0.015,7.0,close
2023-12-22,2023,0.01,0.0,7.0,close
2023-12-22,2023,0.015,0.005,7.0,close
2023-12-22,2023,0.015,0.0075,7.0,close
2023-12-22,2023,0.015,0.01,7.0,close
2023-12-22,2023,0.015,0.015,7.0,close
2023-12-22,2023,0.015,0.0,7.0,close
2023-12-22,2023,0.0,0.005,7.0,close
2023-12-22,2023,0.0,0.0075,7.0,close
2023-12-22,2023,0.0,0.01,7.0,close
2023-12-22,2023,0.0,0.015,7.0,close
2023-12-22,2023,0.0,0.0,7.0,close
2023-12-25,2023,0.0075,0.005,-14.0,close
2023-12-25,2023,0.0075,0.0075,-14.0,close
2023-12-25,2023,0.0075,0.01,-14.0,close
2023-12-25,2023,0.0075,0.015,-14.0,close
2023-12-25,2023,0.0075,0.0,-14.0,close
2023-12-25,2023,0.01,0.005,-14.0,close
2023-12-25,2023,0.01,0.0075,-14.0,close
2023-12-25,2023,0.01,0.01,-14.0,close
2023-12-25,2023,0.01,0.015,-14.0,close
2023-12-25,2023,0.01,0.0,-14.0,close
2023-12-25,2023,0.015,0.005,-14.0,close
2023-12-25,2023,0.015,0.0075,-14.0,close
2023-12-25,2023,0.015,0.01,-14.0,close
2023-12-25,2023,0.015,0.015,-14.0,close
2023-12-25,2023,0.015,0.0,-14.0,close
2023-12-25,2023,0.0,0.005,-14.0,close
2023-12-25,2023,0.0,0.0075,-14.0,close
2023-12-25,2023,0.0,0.01,-14.0,close
2023-12-25,2023,0.0,0.015,-14.0,close
2023-12-25,2023,0.0,0.0,-14.0,close
2023-12-26,2023,0.0075,0.005,83.0,close
2023-12-26,2023,0.0075,0.0075,83.0,close
2023-12-26,2023,0.0075,0.01,83.0,close
2023-12-26,2023,0.0075,0.015,83.0,close
2023-12-26,2023,0.0075,0.0,83.0,close
2023-12-26,2023,0.01,0.005,83.0,close
2023-12-26,2023,0.01,0.0075,83.0,close
2023-12-26,2023,0.01,0.01,83.0,close
2023-12-26,2023,0.01,0.015,83.0,close
2023-12-26,2023,0.01,0.0,83.0,close
2023-12-26,2023,0.015,0.005,83.0,close
2023-12-26,2023,0.015,0.0075,83.0,close
2023-12-26,2023,0.015,0.01,83.0,close
2023-12-26,2023,0.015,0.015,83.0,close
2023-12-26,2023,0.015,0.0,83.0,close
2023-12-26,2023,0.0,0.005,83.0,close
2023-12-26,2023,0.0,0.0075,83.0,close
2023-12-26,2023,0.0,0.01,83.0,close
2023-12-26,2023,0.0,0.015,83.0,close
2023-12-26,2023,0.0,0.0,83.0,close
2023-12-27,2023,0.0075,0.005,97.0,close
2023-12-27,2023,0.0075,0.0075,97.0,close
2023-12-27,2023,0.0075,0.01,97.0,close
2023-12-27,2023,0.0075,0.015,97.0,close
2023-12-27,2023,0.0075,0.0,97.0,close
2023-12-27,2023,0.01,0.005,97.0,close
2023-12-27,2023,0.01,0.0075,97.0,close
2023-12-27,2023,0.01,0.01,97.0,close
2023-12-27,2023,0.01,0.015,97.0,close
2023-12-27,2023,0.01,0.0,97.0,close
2023-12-27,2023,0.015,0.005,97.0,close
2023-12-27,2023,0.015,0.0075,97.0,close
2023-12-27,2023,0.015,0.01,97.0,close
2023-12-27,2023,0.015,0.015,97.0,close
2023-12-27,2023,0.015,0.0,97.0,close
2023-12-27,2023,0.0,0.005,97.0,close
2023-12-27,2023,0.0,0.0075,97.0,close
2023-12-27,2023,0.0,0.01,97.0,close
2023-12-27,2023,0.0,0.015,97.0,close
2023-12-27,2023,0.0,0.0,97.0,close
2023-12-28,2023,0.0075,0.005,11.0,close
2023-12-28,2023,0.0075,0.0075,11.0,close
2023-12-28,2023,0.0075,0.01,11.0,close
2023-12-28,2023,0.0075,0.015,11.0,close
2023-12-28,2023,0.0075,0.0,11.0,close
2023-12-28,2023,0.01,0.005,11.0,close
2023-12-28,2023,0.01,0.0075,11.0,close
2023-12-28,2023,0.01,0.01,11.0,close
2023-12-28,2023,0.01,0.015,11.0,close
2023-12-28,2023,0.01,0.0,11.0,close
2023-12-28,2023,0.015,0.005,11.0,close
2023-12-28,2023,0.015,0.0075,11.0,close
2023-12-28,2023,0.015,0.01,11.0,close
2023-12-28,2023,0.015,0.015,11.0,close
2023-12-28,2023,0.015,0.0,11.0,close
2023-12-28,2023,0.0,0.005,11.0,close
2023-12-28,2023,0.0,0.0075,11.0,close
2023-12-28,2023,0.0,0.01,11.0,close
2023-12-28,2023,0.0,0.015,11.0,close
2023-12-28,2023,0.0,0.0,11.0,close
2024-01-08,2024,0.0075,0.005,129.775,target
2024-01-08,2024,0.0075,0.0075,129.775,target
2024-01-08,2024,0.0075,0.01,129.775,target
2024-01-08,2024,0.0075,0.015,129.775,target
2024-01-08,2024,0.0075,0.0,129.775,target
2024-01-08,2024,0.01,0.005,25.0,close
2024-01-08,2024,0.01,0.0075,25.0,close
2024-01-08,2024,0.01,0.01,25.0,close
2024-01-08,2024,0.01,0.015,25.0,close
2024-01-08,2024,0.01,0.0,25.0,close
2024-01-08,2024,0.015,0.005,25.0,close
2024-01-08,2024,0.015,0.0075,25.0,close
2024-01-08,2024,0.015,0.01,25.0,close
2024-01-08,2024,0.015,0.015,25.0,close
2024-01-08,2024,0.015,0.0,25.0,close
2024-01-08,2024,0.0,0.005,25.0,close
2024-01-08,2024,0.0,0.0075,25.0,close
2024-01-08,2024,0.0,0.01,25.0,close
2024-01-08,2024,0.0,0.015,25.0,close
2024-01-08,2024,0.0,0.0,25.0,close
2024-01-09,2024,0.0075,0.005,69.0,close
2024-01-09,2024,0.0075,0.0075,69.0,close
2024-01-09,2024,0.0075,0.01,69.0,close
2024-01-09,2024,0.0075,0.015,69.0,close
2024-01-09,2024,0.0075,0.0,69.0,close
2024-01-09,2024,0.01,0.005,69.0,close
2024-01-09,2024,0.01,0.0075,69.0,close
2024-01-09,2024,0.01,0.01,69.0,close
2024-01-09,2024,0.01,0.015,69.0,close
2024-01-09,2024,0.01,0.0,69.0,close
2024-01-09,2024,0.015,0.005,69.0,close
2024-01-09,2024,0.015,0.0075,69.0,close
2024-01-09,2024,0.015,0.01,69.0,close
2024-01-09,2024,0.015,0.015,69.0,close
2024-01-09,2024,0.015,0.0,69.0,close
2024-01-09,2024,0.0,0.005,69.0,close
2024-01-09,2024,0.0,0.0075,69.0,close
2024-01-09,2024,0.0,0.01,69.0,close
2024-01-09,2024,0.0,0.015,69.0,close
2024-01-09,2024,0.0,0.0,69.0,close
2024-01-10,2024,0.0075,0.005,-54.0,close
2024-01-10,2024,0.0075,0.0075,-54.0,close
2024-01-10,2024,0.0075,0.01,-54.0,close
2024-01-10,2024,0.0075,0.015,-54.0,close
2024-01-10,2024,0.0075,0.0,-54.0,close
2024-01-10,2024,0.01,0.005,-54.0,close
2024-01-10,2024,0.01,0.0075,-54.0,close
2024-01-10,2024,0.01,0.01,-54.0,close
2024-01-10,2024,0.01,0.015,-54.0,close
2024-01-10,2024,0.01,0.0,-54.0,close
2024-01-10,2024,0.015,0.005,-54.0,close
2024-01-10,2024,0.015,0.0075,-54.0,close
2024-01-10,2024,0.015,0.01,-54.0,close
2024-01-10,2024,0.015,0.015,-54.0,close
2024-01-10,2024,0.015,0.0,-54.0,close
2024-01-10,2024,0.0,0.005,-54.0,close
2024-01-10,2024,0.0,0.0075,-54.0,close
2024-01-10,2024,0.0,0.01,-54.0,close
2024-01-10,2024,0.0,0.015,-54.0,close
2024-01-10,2024,0.0,0.0,-54.0,close
2024-01-12,2024,0.0075,0.005,14.0,close
2024-01-12,2024,0.0075,0.0075,14.0,close
2024-01-12,2024,0.0075,0.01,14.0,close
2024-01-12,2024,0.0075,0.015,14.0,close
2024-01-12,2024,0.0075,0.0,14.0,close
2024-01-12,2024,0.01,0.005,14.0,close
2024-01-12,2024,0.01,0.0075,14.0,close
2024-01-12,2024,0.01,0.01,14.0,close
2024-01-12,2024,0.01,0.015,14.0,close
2024-01-12,2024,0.01,0.0,14.0,close
2024-01-12,2024,0.015,0.005,14.0,close
2024-01-12,2024,0.015,0.0075,14.0,close
2024-01-12,2024,0.015,0.01,14.0,close
2024-01-12,2024,0.015,0.015,14.0,close
2024-01-12,2024,0.015,0.0,14.0,close
2024-01-12,2024,0.0,0.005,14.0,close
2024-01-12,2024,0.0,0.0075,14.0,close
2024-01-12,2024,0.0,0.01,14.0,close
2024-01-12,2024,0.0,0.015,14.0,close
2024-01-12,2024,0.0,0.0,14.0,close
2024-01-17,2024,0.0075,0.005,-88.705,stop
2024-01-17,2024,0.0075,0.0075,-108.0,close
2024-01-17,2024,0.0075,0.01,-108.0,close
2024-01-17,2024,0.0075,0.015,-108.0,close
2024-01-17,2024,0.0075,0.0,-108.0,close
2024-01-17,2024,0.01,0.005,-88.705,stop
2024-01-17,2024,0.01,0.0075,-108.0,close
2024-01-17,2024,0.01,0.01,-108.0,close
2024-01-17,2024,0.01,0.015,-108.0,close
2024-01-17,2024,0.01,0.0,-108.0,close
2024-01-17,2024,0.015,0.005,-88.705,stop
2024-01-17,2024,0.015,0.0075,-108.0,close
2024-01-17,2024,0.015,0.01,-108.0,close
2024-01-17,2024,0.015,0.015,-108.0,close
2024-01-17,2024,0.015,0.0,-108.0,close
2024-01-17,2024,0.0,0.005,-88.705,stop
2024-01-17,2024,0.0,0.0075,-108.0,close
2024-01-17,2024,0.0,0.01,-108.0,close
2024-01-17,2024,0.0,0.015,-108.0,close
2024-01-17,2024,0.0,0.0,-108.0,close
2024-01-19,2024,0.0075,0.005,-89.9,stop
2024-01-19,2024,0.0075,0.0075,-99.0,close
2024-01-19,2024,0.0075,0.01,-99.0,close
2024-01-19,2024,0.0075,0.015,-99.0,close
2024-01-19,2024,0.0075,0.0,-99.0,close
2024-01-19,2024,0.01,0.005,-89.9,stop
2024-01-19,2024,0.01,0.0075,-99.0,close
2024-01-19,2024,0.01,0.01,-99.0,close
2024-01-19,2024,0.01,0.015,-99.0,close
2024-01-19,2024,0.01,0.0,-99.0,close
2024-01-19,2024,0.015,0.005,-89.9,stop
2024-01-19,2024,0.015,0.0075,-99.0,close
2024-01-19,2024,0.015,0.01,-99.0,close
2024-01-19,2024,0.015,0.015,-99.0,close
2024-01-19,2024,0.015,0.0,-99.0,close
2024-01-19,2024,0.0,0.005,-89.9,stop
2024-01-19,2024,0.0,0.0075,-99.0,close
2024-01-19,2024,0.0,0.01,-99.0,close
2024-01-19,2024,0.0,0.015,-99.0,close
2024-01-19,2024,0.0,0.0,-99.0,close
2024-01-22,2024,0.0075,0.005,-2.0,close
2024-01-22,2024,0.0075,0.0075,-2.0,close
2024-01-22,2024,0.0075,0.01,-2.0,close
2024-01-22,2024,0.0075,0.015,-2.0,close
2024-01-22,2024,0.0075,0.0,-2.0,close
2024-01-22,2024,0.01,0.005,-2.0,close
2024-01-22,2024,0.01,0.0075,-2.0,close
2024-01-22,2024,0.01,0.01,-2.0,close
2024-01-22,2024,0.01,0.015,-2.0,close
2024-01-22,2024,0.01,0.0,-2.0,close
2024-01-22,2024,0.015,0.005,-2.0,close
2024-01-22,2024,0.015,0.0075,-2.0,close
2024-01-22,2024,0.015,0.01,-2.0,close
2024-01-22,2024,0.015,0.015,-2.0,close
2024-01-22,2024,0.015,0.0,-2.0,close
2024-01-22,2024,0.0,0.005,-2.0,close
2024-01-22,2024,0.0,0.0075,-2.0,close
2024-01-22,2024,0.0,0.01,-2.0,close
2024-01-22,2024,0.0,0.015,-2.0,close
2024-01-22,2024,0.0,0.0,-2.0,close
2024-01-23,2024,0.0075,0.005,70.0,close
2024-01-23,2024,0.0075,0.0075,70.0,close
2024-01-23,2024,0.0075,0.01,70.0,close
2024-01-23,2024,0.0075,0.015,70.0,close
2024-01-23,2024,0.0075,0.0,70.0,close
2024-01-23,2024,0.01,0.005,70.0,close
2024-01-23,2024,0.01,0.0075,70.0,close
2024-01-23,2024,0.01,0.01,70.0,close
2024-01-23,2024,0.01,0.015,70.0,close
2024-01-23,2024,0.01,0.0,70.0,close
2024-01-23,2024,0.015,0.005,70.0,close
2024-01-23,2024,0.015,0.0075,70.0,close
2024-01-23,2024,0.015,0.01,70.0,close
2024-01-23,2024,0.015,0.015,70.0,close
2024-01-23,2024,0.015,0.0,70.0,close
2024-01-23,2024,0.0,0.005,70.0,close
2024-01-23,2024,0.0,0.0075,70.0,close
2024-01-23,2024,0.0,0.01,70.0,close
2024-01-23,2024,0.0,0.015,70.0,close
2024-01-23,2024,0.0,0.0,70.0,close
2024-01-24,2024,0.0075,0.005,-8.0,close
2024-01-24,2024,0.0075,0.0075,-8.0,close
2024-01-24,2024,0.0075,0.01,-8.0,close
2024-01-24,2024,0.0075,0.015,-8.0,close
2024-01-24,2024,0.0075,0.0,-8.0,close
2024-01-24,2024,0.01,0.005,-8.0,close
2024-01-24,2024,0.01,0.0075,-8.0,close
2024-01-24,2024,0.01,0.01,-8.0,close
2024-01-24,2024,0.01,0.015,-8.0,close
2024-01-24,2024,0.01,0.0,-8.0,close
2024-01-24,2024,0.015,0.005,-8.0,close
2024-01-24,2024,0.015,0.0075,-8.0,close
2024-01-24,2024,0.015,0.01,-8.0,close
2024-01-24,2024,0.015,0.015,-8.0,close
2024-01-24,2024,0.015,0.0,-8.0,close
2024-01-24,2024,0.0,0.005,-8.0,close
2024-01-24,2024,0.0,0.0075,-8.0,close
2024-01-24,2024,0.0,0.01,-8.0,close
2024-01-24,2024,0.0,0.015,-8.0,close
2024-01-24,2024,0.0,0.0,-8.0,close
2024-01-25,2024,0.0075,0.005,-29.0,close
2024-01-25,2024,0.0075,0.0075,-29.0,close
2024-01-25,2024,0.0075,0.01,-29.0,close
2024-01-25,2024,0.0075,0.015,-29.0,close
2024-01-25,2024,0.0075,0.0,-29.0,close
2024-01-25,2024,0.01,0.005,-29.0,close
2024-01-25,2024,0.01,0.0075,-29.0,close
2024-01-25,2024,0.01,0.01,-29.0,close
2024-01-25,2024,0.01,0.015,-29.0,close
2024-01-25,2024,0.01,0.0,-29.0,close
2024-01-25,2024,0.015,0.005,-29.0,close
2024-01-25,2024,0.015,0.0075,-29.0,close
2024-01-25,2024,0.015,0.01,-29.0,close
2024-01-25,2024,0.015,0.015,-29.0,close
2024-01-25,2024,0.015,0.0,-29.0,close
2024-01-25,2024,0.0,0.005,-29.0,close
2024-01-25,2024,0.0,0.0075,-29.0,close
2024-01-25,2024,0.0,0.01,-29.0,close
2024-01-25,2024,0.0,0.015,-29.0,close
2024-01-25,2024,0.0,0.0,-29.0,close
2024-01-30,2024,0.0075,0.005,-53.0,close
2024-01-30,2024,0.0075,0.0075,-53.0,close
2024-01-30,2024,0.0075,0.01,-53.0,close
2024-01-30,2024,0.0075,0.015,-53.0,close
2024-01-30,2024,0.0075,0.0,-53.0,close
2024-01-30,2024,0.01,0.005,-53.0,close
2024-01-30,2024,0.01,0.0075,-53.0,close
2024-01-30,2024,0.01,0.01,-53.0,close
2024-01-30,2024,0.01,0.015,-53.0,close
2024-01-30,2024,0.01,0.0,-53.0,close
2024-01-30,2024,0.015,0.005,-53.0,close
2024-01-30,2024,0.015,0.0075,-53.0,close
2024-01-30,2024,0.015,0.01,-53.0,close
2024-01-30,2024,0.015,0.015,-53.0,close
2024-01-30,2024,0.015,0.0,-53.0,close
2024-01-30,2024,0.0,0.005,-53.0,close
2024-01-30,2024,0.0,0.0075,-53.0,close
2024-01-30,2024,0.0,0.01,-53.0,close
2024-01-30,2024,0.0,0.015,-53.0,close
2024-01-30,2024,0.0,0.0,-53.0,close
2024-01-31,2024,0.0075,0.005,62.0,close
2024-01-31,2024,0.0075,0.0075,62.0,close
2024-01-31,2024,0.0075,0.01,62.0,close
2024-01-31,2024,0.0075,0.015,62.0,close
2024-01-31,2024,0.0075,0.0,62.0,close
2024-01-31,2024,0.01,0.005,62.0,close
2024-01-31,2024,0.01,0.0075,62.0,close
2024-01-31,2024,0.01,0.01,62.0,close
2024-01-31,2024,0.01,0.015,62.0,close
2024-01-31,2024,0.01,0.0,62.0,close
2024-01-31,2024,0.015,0.005,62.0,close
2024-01-31,2024,0.015,0.0075,62.0,close
2024-01-31,2024,0.015,0.01,62.0,close
2024-01-31,2024,0.015,0.015,62.0,close
2024-01-31,2024,0.015,0.0,62.0,close
2024-01-31,2024,0.0,0.005,62.0,close
2024-01-31,2024,0.0,0.0075,62.0,close
2024-01-31,2024,0.0,0.01,62.0,close
2024-01-31,2024,0.0,0.015,62.0,close
2024-01-31,2024,0.0,0.0,62.0,close
2024-02-01,2024,0.0075,0.005,-12.0,close
2024-02-01,2024,0.0075,0.0075,-12.0,close
2024-02-01,2024,0.0075,0.01,-12.0,close
2024-02-01,2024,0.0075,0.015,-12.0,close
2024-02-01,2024,0.0075,0.0,-12.0,close
2024-02-01,2024,0.01,0.005,-12.0,close
2024-02-01,2024,0.01,0.0075,-12.0,close
2024-02-01,2024,0.01,0.01,-12.0,close
2024-02-01,2024,0.01,0.015,-12.0,close
2024-02-01,2024,0.01,0.0,-12.0,close
2024-02-01,2024,0.015,0.005,-12.0,close
2024-02-01,2024,0.015,0.0075,-12.0,close
2024-02-01,2024,0.015,0.01,-12.0,close
2024-02-01,2024,0.015,0.015,-12.0,close
2024-02-01,2024,0.015,0.0,-12.0,close
2024-02-01,2024,0.0,0.005,-12.0,close
2024-02-01,2024,0.0,0.0075,-12.0,close
2024-02-01,2024,0.0,0.01,-12.0,close
2024-02-01,2024,0.0,0.015,-12.0,close
2024-02-01,2024,0.0,0.0,-12.0,close
2024-02-02,2024,0.0075,0.005,-17.0,close
2024-02-02,2024,0.0075,0.0075,-17.0,close
2024-02-02,2024,0.0075,0.01,-17.0,close
2024-02-02,2024,0.0075,0.015,-17.0,close
2024-02-02,2024,0.0075,0.0,-17.0,close
2024-02-02,2024,0.01,0.005,-17.0,close
2024-02-02,2024,0.01,0.0075,-17.0,close
2024-02-02,2024,0.01,0.01,-17.0,close
2024-02-02,2024,0.01,0.015,-17.0,close
2024-02-02,2024,0.01,0.0,-17.0,close
2024-02-02,2024,0.015,0.005,-17.0,close
2024-02-02,2024,0.015,0.0075,-17.0,close
2024-02-02,2024,0.015,0.01,-17.0,close
2024-02-02,2024,0.015,0.015,-17.0,close
2024-02-02,2024,0.015,0.0,-17.0,close
2024-02-02,2024,0.0,0.005,-17.0,close
2024-02-02,2024,0.0,0.0075,-17.0,close
2024-02-02,2024,0.0,0.01,-17.0,close
2024-02-02,2024,0.0,0.015,-17.0,close
2024-02-02,2024,0.0,0.0,-17.0,close
2024-02-05,2024,0.0075,0.005,70.0,close
2024-02-05,2024,0.0075,0.0075,70.0,close
2024-02-05,2024,0.0075,0.01,70.0,close
2024-02-05,2024,0.0075,0.015,70.0,close
2024-02-05,2024,0.0075,0.0,70.0,close
2024-02-05,2024,0.01,0.005,70.0,close
2024-02-05,2024,0.01,0.0075,70.0,close
2024-02-05,2024,0.01,0.01,70.0,close
2024-02-05,2024,0.01,0.015,70.0,close
2024-02-05,2024,0.01,0.0,70.0,close
2024-02-05,2024,0.015,0.005,70.0,close
2024-02-05,2024,0.015,0.0075,70.0,close
2024-02-05,2024,0.015,0.01,70.0,close
2024-02-05,2024,0.015,0.015,70.0,close
2024-02-05,2024,0.015,0.0,70.0,close
2024-02-05,2024,0.0,0.005,70.0,close
2024-02-05,2024,0.0,0.0075,70.0,close
2024-02-05,2024,0.0,0.01,70.0,close
2024-02-05,2024,0.0,0.015,70.0,close
2024-02-05,2024,0.0,0.0,70.0,close
2024-02-15,2024,0.0075,0.005,-94.87,stop
2024-02-15,2024,0.0075,0.0075,-95.0,close
2024-02-15,2024,0.0075,0.01,-95.0,close
2024-02-15,2024,0.0075,0.015,-95.0,close
2024-02-15,2024,0.0075,0.0,-95.0,close
2024-02-15,2024,0.01,0.005,-94.87,stop
2024-02-15,2024,0.01,0.0075,-95.0,close
2024-02-15,2024,0.01,0.01,-95.0,close
2024-02-15,2024,0.01,0.015,-95.0,close
2024-02-15,2024,0.01,0.0,-95.0,close
2024-02-15,2024,0.015,0.005,-94.87,stop
2024-02-15,2024,0.015,0.0075,-95.0,close
2024-02-15,2024,0.015,0.01,-95.0,close
2024-02-15,2024,0.015,0.015,-95.0,close
2024-02-15,2024,0.015,0.0,-95.0,close
2024-02-15,2024,0.0,0.005,-94.87,stop
2024-02-15,2024,0.0,0.0075,-95.0,close
2024-02-15,2024,0.0,0.01,-95.0,close
2024-02-15,2024,0.0,0.015,-95.0,close
2024-02-15,2024,0.0,0.0,-95.0,close
2024-02-21,2024,0.0075,0.005,59.0,close
2024-02-21,2024,0.0075,0.0075,59.0,close
2024-02-21,2024,0.0075,0.01,59.0,close
2024-02-21,2024,0.0075,0.015,59.0,close
2024-02-21,2024,0.0075,0.0,59.0,close
2024-02-21,2024,0.01,0.005,59.0,close
2024-02-21,2024,0.01,0.0075,59.0,close
2024-02-21,2024,0.01,0.01,59.0,close
2024-02-21,2024,0.01,0.015,59.0,close
2024-02-21,2024,0.01,0.0,59.0,close
2024-02-21,2024,0.015,0.005,59.0,close
2024-02-21,2024,0.015,0.0075,59.0,close
2024-02-21,2024,0.015,0.01,59.0,close
2024-02-21,2024,0.015,0.015,59.0,close
2024-02-21,2024,0.015,0.0,59.0,close
2024-02-21,2024,0.0,0.005,59.0,close
2024-02-21,2024,0.0,0.0075,59.0,close
2024-02-21,2024,0.0,0.01,59.0,close
2024-02-21,2024,0.0,0.015,59.0,close
2024-02-21,2024,0.0,0.0,59.0,close
2024-02-23,2024,0.0075,0.005,39.0,close
2024-02-23,2024,0.0075,0.0075,39.0,close
2024-02-23,2024,0.0075,0.01,39.0,close
2024-02-23,2024,0.0075,0.015,39.0,close
2024-02-23,2024,0.0075,0.0,39.0,close
2024-02-23,2024,0.01,0.005,39.0,close
2024-02-23,2024,0.01,0.0075,39.0,close
2024-02-23,2024,0.01,0.01,39.0,close
2024-02-23,2024,0.01,0.015,39.0,close
2024-02-23,2024,0.01,0.0,39.0,close
2024-02-23,2024,0.015,0.005,39.0,close
2024-02-23,2024,0.015,0.0075,39.0,close
2024-02-23,2024,0.015,0.01,39.0,close
2024-02-23,2024,0.015,0.015,39.0,close
2024-02-23,2024,0.015,0.0,39.0,close
2024-02-23,2024,0.0,0.005,39.0,close
2024-02-23,2024,0.0,0.0075,39.0,close
2024-02-23,2024,0.0,0.01,39.0,close
2024-02-23,2024,0.0,0.015,39.0,close
2024-02-23,2024,0.0,0.0,39.0,close
2024-02-26,2024,0.0075,0.005,-51.0,close
2024-02-26,2024,0.0075,0.0075,-51.0,close
2024-02-26,2024,0.0075,0.01,-51.0,close
2024-02-26,2024,0.0075,0.015,-51.0,close
2024-02-26,2024,0.0075,0.0,-51.0,close
2024-02-26,2024,0.01,0.005,-51.0,close
2024-02-26,2024,0.01,0.0075,-51.0,close
2024-02-26,2024,0.01,0.01,-51.0,close
2024-02-26,2024,0.01,0.015,-51.0,close
2024-02-26,2024,0.01,0.0,-51.0,close
2024-02-26,2024,0.015,0.005,-51.0,close
2024-02-26,2024,0.015,0.0075,-51.0,close
2024-02-26,2024,0.015,0.01,-51.0,close
2024-02-26,2024,0.015,0.015,-51.0,close
2024-02-26,2024,0.015,0.0,-51.0,close
2024-02-26,2024,0.0,0.005,-51.0,close
2024-02-26,2024,0.0,0.0075,-51.0,close
2024-02-26,2024,0.0,0.01,-51.0,close
2024-02-26,2024,0.0,0.015,-51.0,close
2024-02-26,2024,0.0,0.0,-51.0,close
2024-02-27,2024,0.0075,0.005,-96.775,stop
2024-02-27,2024,0.0075,0.0075,-144.1625,stop
2024-02-27,2024,0.0075,0.01,-191.55,stop
2024-02-27,2024,0.0075,0.015,-90.0,close
2024-02-27,2024,0.0075,0.0,-90.0,close
2024-02-27,2024,0.01,0.005,-96.775,stop
2024-02-27,2024,0.01,0.0075,-144.1625,stop
2024-02-27,2024,0.01,0.01,-191.55,stop
2024-02-27,2024,0.01,0.015,-90.0,close
2024-02-27,2024,0.01,0.0,-90.0,close
2024-02-27,2024,0.015,0.005,-96.775,stop
2024-02-27,2024,0.015,0.0075,-144.1625,stop
2024-02-27,2024,0.015,0.01,-191.55,stop
2024-02-27,2024,0.015,0.015,-90.0,close
2024-02-27,2024,0.015,0.0,-90.0,close
2024-02-27,2024,0.0,0.005,-96.775,stop
2024-02-27,2024,0.0,0.0075,-144.1625,stop
2024-02-27,2024,0.0,0.01,-191.55,stop
2024-02-27,2024,0.0,0.015,-90.0,close
2024-02-27,2024,0.0,0.0,-90.0,close
2024-02-29,2024,0.0075,0.005,-96.055,stop
2024-02-29,2024,0.0075,0.0075,-143.08249999999998,stop
2024-02-29,2024,0.0075,0.01,-157.0,close
2024-02-29,2024,0.0075,0.015,-157.0,close
2024-02-29,2024,0.0075,0.0,-157.0,close
2024-02-29,2024,0.01,0.005,-96.055,stop
2024-02-29,2024,0.01,0.0075,-143.08249999999998,stop
2024-02-29,2024,0.01,0.01,-157.0,close
2024-02-29,2024,0.01,0.015,-157.0,close
2024-02-29,2024,0.01,0.0,-157.0,close
2024-02-29,2024,0.015,0.005,-96.055,stop
2024-02-29,2024,0.015,0.0075,-143.08249999999998,stop
2024-02-29,2024,0.015,0.01,-157.0,close
2024-02-29,2024,0.015,0.015,-157.0,close
2024-02-29,2024,0.015,0.0,-157.0,close
2024-02-29,2024,0.0,0.005,-96.055,stop
2024-02-29,2024,0.0,0.0075,-143.08249999999998,stop
2024-02-29,2024,0.0,0.01,-157.0,close
2024-02-29,2024,0.0,0.015,-157.0,close
2024-02-29,2024,0.0,0.0,-157.0,close
2024-03-01,2024,0.0075,0.005,11.0,close
2024-03-01,2024,0.0075,0.0075,11.0,close
2024-03-01,2024,0.0075,0.01,11.0,close
2024-03-01,2024,0.0075,0.015,11.0,close
2024-03-01,2024,0.0075,0.0,11.0,close
2024-03-01,2024,0.01,0.005,11.0,close
2024-03-01,2024,0.01,0.0075,11.0,close
2024-03-01,2024,0.01,0.01,11.0,close
2024-03-01,2024,0.01,0.015,11.0,close
2024-03-01,2024,0.01,0.0,11.0,close
2024-03-01,2024,0.015,0.005,11.0,close
2024-03-01,2024,0.015,0.0075,11.0,close
2024-03-01,2024,0.015,0.01,11.0,close
2024-03-01,2024,0.015,0.015,11.0,close
2024-03-01,2024,0.015,0.0,11.0,close
2024-03-01,2024,0.0,0.005,11.0,close
2024-03-01,2024,0.0,0.0075,11.0,close
2024-03-01,2024,0.0,0.01,11.0,close
2024-03-01,2024,0.0,0.015,11.0,close
2024-03-01,2024,0.0,0.0,11.0,close
2024-03-04,2024,0.0075,0.005,-28.0,close
2024-03-04,2024,0.0075,0.0075,-28.0,close
2024-03-04,2024,0.0075,0.01,-28.0,close
2024-03-04,2024,0.0075,0.015,-28.0,close
2024-03-04,2024,0.0075,0.0,-28.0,close
2024-03-04,2024,0.01,0.005,-28.0,close
2024-03-04,2024,0.01,0.0075,-28.0,close
2024-03-04,2024,0.01,0.01,-28.0,close
2024-03-04,2024,0.01,0.015,-28.0,close
2024-03-04,2024,0.01,0.0,-28.0,close
2024-03-04,2024,0.015,0.005,-28.0,close
2024-03-04,2024,0.015,0.0075,-28.0,close
2024-03-04,2024,0.015,0.01,-28.0,close
2024-03-04,2024,0.015,0.015,-28.0,close
2024-03-04,2024,0.015,0.0,-28.0,close
2024-03-04,2024,0.0,0.005,-28.0,close
2024-03-04,2024,0.0,0.0075,-28.0,close
2024-03-04,2024,0.0,0.01,-28.0,close
2024-03-04,2024,0.0,0.015,-28.0,close
2024-03-04,2024,0.0,0.0,-28.0,close
2024-03-05,2024,0.0075,0.005,18.0,close
2024-03-05,2024,0.0075,0.0075,18.0,close
2024-03-05,2024,0.0075,0.01,18.0,close
2024-03-05,2024,0.0075,0.015,18.0,close
2024-03-05,2024,0.0075,0.0,18.0,close
2024-03-05,2024,0.01,0.005,18.0,close
2024-03-05,2024,0.01,0.0075,18.0,close
2024-03-05,2024,0.01,0.01,18.0,close
2024-03-05,2024,0.01,0.015,18.0,close
2024-03-05,2024,0.01,0.0,18.0,close
2024-03-05,2024,0.015,0.005,18.0,close
2024-03-05,2024,0.015,0.0075,18.0,close
2024-03-05,2024,0.015,0.01,18.0,close
2024-03-05,2024,0.015,0.015,18.0,close
2024-03-05,2024,0.015,0.0,18.0,close
2024-03-05,2024,0.0,0.005,18.0,close
2024-03-05,2024,0.0,0.0075,18.0,close
2024-03-05,2024,0.0,0.01,18.0,close
2024-03-05,2024,0.0,0.015,18.0,close
2024-03-05,2024,0.0,0.0,18.0,close
2024-03-07,2024,0.0075,0.005,-100.33,stop
2024-03-07,2024,0.0075,0.0075,-42.0,close
2024-03-07,2024,0.0075,0.01,-42.0,close
2024-03-07,2024,0.0075,0.015,-42.0,close
2024-03-07,2024,0.0075,0.0,-42.0,close
2024-03-07,2024,0.01,0.005,-100.33,stop
2024-03-07,2024,0.01,0.0075,-42.0,close
2024-03-07,2024,0.01,0.01,-42.0,close
2024-03-07,2024,0.01,0.015,-42.0,close
2024-03-07,2024,0.01,0.0,-42.0,close
2024-03-07,2024,0.015,0.005,-100.33,stop
2024-03-07,2024,0.015,0.0075,-42.0,close
2024-03-07,2024,0.015,0.01,-42.0,close
2024-03-07,2024,0.015,0.015,-42.0,close
2024-03-07,2024,0.015,0.0,-42.0,close
2024-03-07,2024,0.0,0.005,-100.33,stop
2024-03-07,2024,0.0,0.0075,-42.0,close
2024-03-07,2024,0.0,0.01,-42.0,close
2024-03-07,2024,0.0,0.015,-42.0,close
2024-03-07,2024,0.0,0.0,-42.0,close
2024-03-08,2024,0.0075,0.005,147.6925,target
2024-03-08,2024,0.0075,0.0075,147.6925,target
2024-03-08,2024,0.0075,0.01,147.6925,target
2024-03-08,2024,0.0075,0.015,147.6925,target
2024-03-08,2024,0.0075,0.0,147.6925,target
2024-03-08,2024,0.01,0.005,197.59,target
2024-03-08,2024,0.01,0.0075,197.59,target
2024-03-08,2024,0.01,0.01,197.59,target
2024-03-08,2024,0.01,0.015,197.59,target
2024-03-08,2024,0.01,0.0,197.59,target
2024-03-08,2024,0.015,0.005,297.385,target
2024-03-08,2024,0.015,0.0075,297.385,target
2024-03-08,2024,0.015,0.01,297.385,target
2024-03-08,2024,0.015,0.015,297.385,target
2024-03-08,2024,0.015,0.0,297.385,target
2024-03-08,2024,0.0,0.005,163.0,close
2024-03-08,2024,0.0,0.0075,163.0,close
2024-03-08,2024,0.0,0.01,163.0,close
2024-03-08,2024,0.0,0.015,163.0,close
2024-03-08,2024,0.0,0.0,163.0,close
2024-03-12,2024,0.0075,0.005,-100.565,stop
2024-03-12,2024,0.0075,0.0075,-149.8475,stop
2024-03-12,2024,0.0075,0.01,-199.13,stop
2024-03-12,2024,0.0075,0.015,-246.0,close
2024-03-12,2024,0.0075,0.0,-246.0,close
2024-03-12,2024,0.01,0.005,-100.565,stop
2024-03-12,2024,0.01,0.0075,-149.8475,stop
2024-03-12,2024,0.01,0.01,-199.13,stop
2024-03-12,2024,0.01,0.015,-246.0,close
2024-03-12,2024,0.01,0.0,-246.0,close
2024-03-12,2024,0.015,0.005,-100.565,stop
2024-03-12,2024,0.015,0.0075,-149.8475,stop
2024-03-12,2024,0.015,0.01,-199.13,stop
2024-03-12,2024,0.015,0.015,-246.0,close
2024-03-12,2024,0.015,0.0,-246.0,close
2024-03-12,2024,0.0,0.005,-100.565,stop
2024-03-12,2024,0.0,0.0075,-149.8475,stop
2024-03-12,2024,0.0,0.01,-199.13,stop
2024-03-12,2024,0.0,0.015,-246.0,close
2024-03-12,2024,0.0,0.0,-246.0,close
2024-03-13,2024,0.0075,0.005,25.0,close
2024-03-13,2024,0.0075,0.0075,25.0,close
2024-03-13,2024,0.0075,0.01,25.0,close
2024-03-13,2024,0.0075,0.015,25.0,close
2024-03-13,2024,0.0075,0.0,25.0,close
2024-03-13,2024,0.01,0.005,25.0,close
2024-03-13,2024,0.01,0.0075,25.0,close
2024-03-13,2024,0.01,0.01,25.0,close
2024-03-13,2024,0.01,0.015,25.0,close
2024-03-13,2024,0.01,0.0,25.0,close
2024-03-13,2024,0.015,0.005,25.0,close
2024-03-13,2024,0.015,0.0075,25.0,close
2024-03-13,2024,0.015,0.01,25.0,close
2024-03-13,2024,0.015,0.015,25.0,close
2024-03-13,2024,0.015,0.0,25.0,close
2024-03-13,2024,0.0,0.005,25.0,close
2024-03-13,2024,0.0,0.0075,25.0,close
2024-03-13,2024,0.0,0.01,25.0,close
2024-03-13,2024,0.0,0.015,25.0,close
2024-03-13,2024,0.0,0.0,25.0,close
2024-03-15,2024,0.0075,0.005,99.0,close
2024-03-15,2024,0.0075,0.0075,99.0,close
2024-03-15,2024,0.0075,0.01,99.0,close
2024-03-15,2024,0.0075,0.015,99.0,close
2024-03-15,2024,0.0075,0.0,99.0,close
2024-03-15,2024,0.01,0.005,99.0,close
2024-03-15,2024,0.01,0.0075,99.0,close
2024-03-15,2024,0.01,0.01,99.0,close
2024-03-15,2024,0.01,0.015,99.0,close
2024-03-15,2024,0.01,0.0,99.0,close
2024-03-15,2024,0.015,0.005,99.0,close
2024-03-15,2024,0.015,0.0075,99.0,close
2024-03-15,2024,0.015,0.01,99.0,close
2024-03-15,2024,0.015,0.015,99.0,close
2024-03-15,2024,0.015,0.0,99.0,close
2024-03-15,2024,0.0,0.005,99.0,close
2024-03-15,2024,0.0,0.0075,99.0,close
2024-03-15,2024,0.0,0.01,99.0,close
2024-03-15,2024,0.0,0.015,99.0,close
2024-03-15,2024,0.0,0.0,99.0,close
2024-03-21,2024,0.0075,0.005,148.3225,target
2024-03-21,2024,0.0075,0.0075,148.3225,target
2024-03-21,2024,0.0075,0.01,148.3225,target
2024-03-21,2024,0.0075,0.015,148.3225,target
2024-03-21,2024,0.0075,0.0,148.3225,target
2024-03-21,2024,0.01,0.005,198.43,target
2024-03-21,2024,0.01,0.0075,198.43,target
2024-03-21,2024,0.01,0.01,198.43,target
2024-03-21,2024,0.01,0.015,198.43,target
2024-03-21,2024,0.01,0.0,198.43,target
2024-03-21,2024,0.015,0.005,220.0,close
2024-03-21,2024,0.015,0.0075,220.0,close
2024-03-21,2024,0.015,0.01,220.0,close
2024-03-21,2024,0.015,0.015,220.0,close
2024-03-21,2024,0.015,0.0,220.0,close
2024-03-21,2024,0.0,0.005,220.0,close
2024-03-21,2024,0.0,0.0075,220.0,close
2024-03-21,2024,0.0,0.01,220.0,close
2024-03-21,2024,0.0,0.015,220.0,close
2024-03-21,2024,0.0,0.0,220.0,close
2024-03-22,2024,0.0075,0.005,-74.0,close
2024-03-22,2024,0.0075,0.0075,-74.0,close
2024-03-22,2024,0.0075,0.01,-74.0,close
2024-03-22,2024,0.0075,0.015,-74.0,close
2024-03-22,2024,0.0075,0.0,-74.0,close
2024-03-22,2024,0.01,0.005,-74.0,close
2024-03-22,2024,0.01,0.0075,-74.0,close
2024-03-22,2024,0.01,0.01,-74.0,close
2024-03-22,2024,0.01,0.015,-74.0,close
2024-03-22,2024,0.01,0.0,-74.0,close
2024-03-22,2024,0.015,0.005,-74.0,close
2024-03-22,2024,0.015,0.0075,-74.0,close
2024-03-22,2024,0.015,0.01,-74.0,close
2024-03-22,2024,0.015,0.015,-74.0,close
2024-03-22,2024,0.015,0.0,-74.0,close
2024-03-22,2024,0.0,0.005,-74.0,close
2024-03-22,2024,0.0,0.0075,-74.0,close
2024-03-22,2024,0.0,0.01,-74.0,close
2024-03-22,2024,0.0,0.015,-74.0,close
2024-03-22,2024,0.0,0.0,-74.0,close
2024-03-25,2024,0.0075,0.005,-26.0,close
2024-03-25,2024,0.0075,0.0075,-26.0,close
2024-03-25,2024,0.0075,0.01,-26.0,close
2024-03-25,2024,0.0075,0.015,-26.0,close
2024-03-25,2024,0.0075,0.0,-26.0,close
2024-03-25,2024,0.01,0.005,-26.0,close
2024-03-25,2024,0.01,0.0075,-26.0,close
2024-03-25,2024,0.01,0.01,-26.0,close
2024-03-25,2024,0.01,0.015,-26.0,close
2024-03-25,2024,0.01,0.0,-26.0,close
2024-03-25,2024,0.015,0.005,-26.0,close
2024-03-25,2024,0.015,0.0075,-26.0,close
2024-03-25,2024,0.015,0.01,-26.0,close
2024-03-25,2024,0.015,0.015,-26.0,close
2024-03-25,2024,0.015,0.0,-26.0,close
2024-03-25,2024,0.0,0.005,-26.0,close
2024-03-25,2024,0.0,0.0075,-26.0,close
2024-03-25,2024,0.0,0.01,-26.0,close
2024-03-25,2024,0.0,0.015,-26.0,close
2024-03-25,2024,0.0,0.0,-26.0,close
2024-03-28,2024,0.0075,0.005,-103.19500000000001,stop
2024-03-28,2024,0.0075,0.0075,-153.7925,stop
2024-03-28,2024,0.0075,0.01,-38.0,close
2024-03-28,2024,0.0075,0.015,-38.0,close
2024-03-28,2024,0.0075,0.0,-38.0,close
2024-03-28,2024,0.01,0.005,-103.19500000000001,stop
2024-03-28,2024,0.01,0.0075,-153.7925,stop
2024-03-28,2024,0.01,0.01,-38.0,close
2024-03-28,2024,0.01,0.015,-38.0,close
2024-03-28,2024,0.01,0.0,-38.0,close
2024-03-28,2024,0.015,0.005,-103.19500000000001,stop
2024-03-28,2024,0.015,0.0075,-153.7925,stop
2024-03-28,2024,0.015,0.01,-38.0,close
2024-03-28,2024,0.015,0.015,-38.0,close
2024-03-28,2024,0.015,0.0,-38.0,close
2024-03-28,2024,0.0,0.005,-103.19500000000001,stop
2024-03-28,2024,0.0,0.0075,-153.7925,stop
2024-03-28,2024,0.0,0.01,-38.0,close
2024-03-28,2024,0.0,0.015,-38.0,close
2024-03-28,2024,0.0,0.0,-38.0,close
2024-03-29,2024,0.0075,0.005,57.0,close
2024-03-29,2024,0.0075,0.0075,57.0,close
2024-03-29,2024,0.0075,0.01,57.0,close
2024-03-29,2024,0.0075,0.015,57.0,close
2024-03-29,2024,0.0075,0.0,57.0,close
2024-03-29,2024,0.01,0.005,57.0,close
2024-03-29,2024,0.01,0.0075,57.0,close
2024-03-29,2024,0.01,0.01,57.0,close
2024-03-29,2024,0.01,0.015,57.0,close
2024-03-29,2024,0.01,0.0,57.0,close
2024-03-29,2024,0.015,0.005,57.0,close
2024-03-29,2024,0.015,0.0075,57.0,close
2024-03-29,2024,0.015,0.01,57.0,close
2024-03-29,2024,0.015,0.015,57.0,close
2024-03-29,2024,0.015,0.0,57.0,close
2024-03-29,2024,0.0,0.005,57.0,close
2024-03-29,2024,0.0,0.0075,57.0,close
2024-03-29,2024,0.0,0.01,57.0,close
2024-03-29,2024,0.0,0.015,57.0,close
2024-03-29,2024,0.0,0.0,57.0,close
2024-04-01,2024,0.0075,0.005,-103.97,stop
2024-04-01,2024,0.0075,0.0075,-107.0,close
2024-04-01,2024,0.0075,0.01,-107.0,close
2024-04-01,2024,0.0075,0.015,-107.0,close
2024-04-01,2024,0.0075,0.0,-107.0,close
2024-04-01,2024,0.01,0.005,-103.97,stop
2024-04-01,2024,0.01,0.0075,-107.0,close
2024-04-01,2024,0.01,0.01,-107.0,close
2024-04-01,2024,0.01,0.015,-107.0,close
2024-04-01,2024,0.01,0.0,-107.0,close
2024-04-01,2024,0.015,0.005,-103.97,stop
2024-04-01,2024,0.015,0.0075,-107.0,close
2024-04-01,2024,0.015,0.01,-107.0,close
2024-04-01,2024,0.015,0.015,-107.0,close
2024-04-01,2024,0.015,0.0,-107.0,close
2024-04-01,2024,0.0,0.005,-103.97,stop
2024-04-01,2024,0.0,0.0075,-107.0,close
2024-04-01,2024,0.0,0.01,-107.0,close
2024-04-01,2024,0.0,0.015,-107.0,close
2024-04-01,2024,0.0,0.0,-107.0,close
2024-04-02,2024,0.0075,0.005,150.6625,target
2024-04-02,2024,0.0075,0.0075,150.6625,target
2024-04-02,2024,0.0075,0.01,150.6625,target
2024-04-02,2024,0.0075,0.015,150.6625,target
2024-04-02,2024,0.0075,0.0,150.6625,target
2024-04-02,2024,0.01,0.005,165.0,close
2024-04-02,2024,0.01,0.0075,165.0,close
2024-04-02,2024,0.01,0.01,165.0,close
2024-04-02,2024,0.01,0.015,165.0,close
2024-04-02,2024,0.01,0.0,165.0,close
2024-04-02,2024,0.015,0.005,165.0,close
2024-04-02,2024,0.015,0.0075,165.0,close
2024-04-02,2024,0.015,0.01,165.0,close
2024-04-02,2024,0.015,0.015,165.0,close
2024-04-02,2024,0.015,0.0,165.0,close
2024-04-02,2024,0.0,0.005,165.0,close
2024-04-02,2024,0.0,0.0075,165.0,close
2024-04-02,2024,0.0,0.01,165.0,close
2024-04-02,2024,0.0,0.015,165.0,close
2024-04-02,2024,0.0,0.0,165.0,close
2024-04-03,2024,0.0075,0.005,22.0,close
2024-04-03,2024,0.0075,0.0075,22.0,close
2024-04-03,2024,0.0075,0.01,22.0,close
2024-04-03,2024,0.0075,0.015,22.0,close
2024-04-03,2024,0.0075,0.0,22.0,close
2024-04-03,2024,0.01,0.005,22.0,close
2024-04-03,2024,0.01,0.0075,22.0,close
2024-04-03,2024,0.01,0.01,22.0,close
2024-04-03,2024,0.01,0.015,22.0,close
2024-04-03,2024,0.01,0.0,22.0,close
2024-04-03,2024,0.015,0.005,22.0,close
2024-04-03,2024,0.015,0.0075,22.0,close
2024-04-03,2024,0.015,0.01,22.0,close
2024-04-03,2024,0.015,0.015,22.0,close
2024-04-03,2024,0.015,0.0,22.0,close
2024-04-03,2024,0.0,0.005,22.0,close
2024-04-03,2024,0.0,0.0075,22.0,close
2024-04-03,2024,0.0,0.01,22.0,close
2024-04-03,2024,0.0,0.015,22.0,close
2024-04-03,2024,0.0,0.0,22.0,close
2024-04-08,2024,0.0075,0.005,44.0,close
2024-04-08,2024,0.0075,0.0075,44.0,close
2024-04-08,2024,0.0075,0.01,44.0,close
2024-04-08,2024,0.0075,0.015,44.0,close
2024-04-08,2024,0.0075,0.0,44.0,close
2024-04-08,2024,0.01,0.005,44.0,close
2024-04-08,2024,0.01,0.0075,44.0,close
2024-04-08,2024,0.01,0.01,44.0,close
2024-04-08,2024,0.01,0.015,44.0,close
2024-04-08,2024,0.01,0.0,44.0,close
2024-04-08,2024,0.015,0.005,44.0,close
2024-04-08,2024,0.015,0.0075,44.0,close
2024-04-08,2024,0.015,0.01,44.0,close
2024-04-08,2024,0.015,0.015,44.0,close
2024-04-08,2024,0.015,0.0,44.0,close
2024-04-08,2024,0.0,0.005,44.0,close
2024-04-08,2024,0.0,0.0075,44.0,close
2024-04-08,2024,0.0,0.01,44.0,close
2024-04-08,2024,0.0,0.015,44.0,close
2024-04-08,2024,0.0,0.0,44.0,close
2024-04-09,2024,0.0075,0.005,152.0425,target
2024-04-09,2024,0.0075,0.0075,152.0425,target
2024-04-09,2024,0.0075,0.01,152.0425,target
2024-04-09,2024,0.0075,0.015,152.0425,target
2024-04-09,2024,0.0075,0.0,152.0425,target
2024-04-09,2024,0.01,0.005,203.39000000000001,target
2024-04-09,2024,0.01,0.0075,203.39000000000001,target
2024-04-09,2024,0.01,0.01,203.39000000000001,target
2024-04-09,2024,0.01,0.015,203.39000000000001,target
2024-04-09,2024,0.01,0.0,203.39000000000001,target
2024-04-09,2024,0.015,0.005,306.085,target
2024-04-09,2024,0.015,0.0075,306.085,target
2024-04-09,2024,0.015,0.01,306.085,target
2024-04-09,2024,0.015,0.015,306.085,target
2024-04-09,2024,0.015,0.0,306.085,target
2024-04-09,2024,0.0,0.005,331.0,close
2024-04-09,2024,0.0,0.0075,331.0,close
2024-04-09,2024,0.0,0.01,331.0,close
2024-04-09,2024,0.0,0.015,331.0,close
2024-04-09,2024,0.0,0.0,331.0,close
2024-04-10,2024,0.0075,0.005,27.0,close
2024-04-10,2024,0.0075,0.0075,27.0,close
2024-04-10,2024,0.0075,0.01,27.0,close
2024-04-10,2024,0.0075,0.015,27.0,close
2024-04-10,2024,0.0075,0.0,27.0,close
2024-04-10,2024,0.01,0.005,27.0,close
2024-04-10,2024,0.01,0.0075,27.0,close
2024-04-10,2024,0.01,0.01,27.0,close
2024-04-10,2024,0.01,0.015,27.0,close
2024-04-10,2024,0.01,0.0,27.0,close
2024-04-10,2024,0.015,0.005,27.0,close
2024-04-10,2024,0.015,0.0075,27.0,close
2024-04-10,2024,0.015,0.01,27.0,close
2024-04-10,2024,0.015,0.015,27.0,close
2024-04-10,2024,0.015,0.0,27.0,close
2024-04-10,2024,0.0,0.005,27.0,close
2024-04-10,2024,0.0,0.0075,27.0,close
2024-04-10,2024,0.0,0.01,27.0,close
2024-04-10,2024,0.0,0.015,27.0,close
2024-04-10,2024,0.0,0.0,27.0,close
2024-04-11,2024,0.0075,0.005,-49.0,close
2024-04-11,2024,0.0075,0.0075,-49.0,close
2024-04-11,2024,0.0075,0.01,-49.0,close
2024-04-11,2024,0.0075,0.015,-49.0,close
2024-04-11,2024,0.0075,0.0,-49.0,close
2024-04-11,2024,0.01,0.005,-49.0,close
2024-04-11,2024,0.01,0.0075,-49.0,close
2024-04-11,2024,0.01,0.01,-49.0,close
2024-04-11,2024,0.01,0.015,-49.0,close
2024-04-11,2024,0.01,0.0,-49.0,close
2024-04-11,2024,0.015,0.005,-49.0,close
2024-04-11,2024,0.015,0.0075,-49.0,close
2024-04-11,2024,0.015,0.01,-49.0,close
2024-04-11,2024,0.015,0.015,-49.0,close
2024-04-11,2024,0.015,0.0,-49.0,close
2024-04-11,2024,0.0,0.005,-49.0,close
2024-04-11,2024,0.0,0.0075,-49.0,close
2024-04-11,2024,0.0,0.01,-49.0,close
2024-04-11,2024,0.0,0.015,-49.0,close
2024-04-11,2024,0.0,0.0,-49.0,close
2024-04-12,2024,0.0075,0.005,-17.0,close
2024-04-12,2024,0.0075,0.0075,-17.0,close
2024-04-12,2024,0.0075,0.01,-17.0,close
2024-04-12,2024,0.0075,0.015,-17.0,close
2024-04-12,2024,0.0075,0.0,-17.0,close
2024-04-12,2024,0.01,0.005,-17.0,close
2024-04-12,2024,0.01,0.0075,-17.0,close
2024-04-12,2024,0.01,0.01,-17.0,close
2024-04-12,2024,0.01,0.015,-17.0,close
2024-04-12,2024,0.01,0.0,-17.0,close
2024-04-12,2024,0.015,0.005,-17.0,close
2024-04-12,2024,0.015,0.0075,-17.0,close
2024-04-12,2024,0.015,0.01,-17.0,close
2024-04-12,2024,0.015,0.015,-17.0,close
2024-04-12,2024,0.015,0.0,-17.0,close
2024-04-12,2024,0.0,0.005,-17.0,close
2024-04-12,2024,0.0,0.0075,-17.0,close
2024-04-12,2024,0.0,0.01,-17.0,close
2024-04-12,2024,0.0,0.015,-17.0,close
2024-04-12,2024,0.0,0.0,-17.0,close
2024-04-16,2024,0.0075,0.005,150.11499999999998,target
2024-04-16,2024,0.0075,0.0075,150.11499999999998,target
2024-04-16,2024,0.0075,0.01,150.11499999999998,target
2024-04-16,2024,0.0075,0.015,150.11499999999998,target
2024-04-16,2024,0.0075,0.0,150.11499999999998,target
2024-04-16,2024,0.01,0.005,200.82,target
2024-04-16,2024,0.01,0.0075,200.82,target
2024-04-16,2024,0.01,0.01,200.82,target
2024-04-16,2024,0.01,0.015,200.82,target
2024-04-16,2024,0.01,0.0,200.82,target
2024-04-16,2024,0.015,0.005,302.22999999999996,target
2024-04-16,2024,0.015,0.0075,302.22999999999996,target
2024-04-16,2024,0.015,0.01,302.22999999999996,target
2024-04-16,2024,0.015,0.015,302.22999999999996,target
2024-04-16,2024,0.015,0.0,302.22999999999996,target
2024-04-16,2024,0.0,0.005,337.0,close
2024-04-16,2024,0.0,0.0075,337.0,close
2024-04-16,2024,0.0,0.01,337.0,close
2024-04-16,2024,0.0,0.015,337.0,close
2024-04-16,2024,0.0,0.0,337.0,close
2024-04-17,2024,0.0075,0.005,147.76749999999998,target
2024-04-17,2024,0.0075,0.0075,147.76749999999998,target
2024-04-17,2024,0.0075,0.01,147.76749999999998,target
2024-04-17,2024,0.0075,0.015,147.76749999999998,target
2024-04-17,2024,0.0075,0.0,147.76749999999998,target
2024-04-17,2024,0.01,0.005,197.69,target
2024-04-17,2024,0.01,0.0075,197.69,target
2024-04-17,2024,0.01,0.01,197.69,target
2024-04-17,2024,0.01,0.015,197.69,target
2024-04-17,2024,0.01,0.0,197.69,target
2024-04-17,2024,0.015,0.005,213.0,close
2024-04-17,2024,0.015,0.0075,213.0,close
2024-04-17,2024,0.015,0.01,213.0,close
2024-04-17,2024,0.015,0.015,213.0,close
2024-04-17,2024,0.015,0.0,213.0,close
2024-04-17,2024,0.0,0.005,213.0,close
2024-04-17,2024,0.0,0.0075,213.0,close
2024-04-17,2024,0.0,0.01,213.0,close
2024-04-17,2024,0.0,0.015,213.0,close
2024-04-17,2024,0.0,0.0,213.0,close
2024-04-19,2024,0.0075,0.005,146.95,target
2024-04-19,2024,0.0075,0.0075,146.95,target
2024-04-19,2024,0.0075,0.01,146.95,target
2024-04-19,2024,0.0075,0.015,146.95,target
2024-04-19,2024,0.0075,0.0,146.95,target
2024-04-19,2024,0.01,0.005,196.6,target
2024-04-19,2024,0.01,0.0075,196.6,target
2024-04-19,2024,0.01,0.01,196.6,target
2024-04-19,2024,0.01,0.015,196.6,target
2024-04-19,2024,0.01,0.0,196.6,target
2024-04-19,2024,0.015,0.005,295.9,target
2024-04-19,2024,0.015,0.0075,295.9,target
2024-04-19,2024,0.015,0.01,295.9,target
2024-04-19,2024,0.015,0.015,295.9,target
2024-04-19,2024,0.015,0.0,295.9,target
2024-04-19,2024,0.0,0.005,312.0,close
2024-04-19,2024,0.0,0.0075,312.0,close
2024-04-19,2024,0.0,0.01,312.0,close
2024-04-19,2024,0.0,0.015,312.0,close
2024-04-19,2024,0.0,0.0,312.0,close
2024-04-23,2024,0.0075,0.005,30.0,close
2024-04-23,2024,0.0075,0.0075,30.0,close
2024-04-23,2024,0.0075,0.01,30.0,close
2024-04-23,2024,0.0075,0.015,30.0,close
2024-04-23,2024,0.0075,0.0,30.0,close
2024-04-23,2024,0.01,0.005,30.0,close
2024-04-23,2024,0.01,0.0075,30.0,close
2024-04-23,2024,0.01,0.01,30.0,close
2024-04-23,2024,0.01,0.015,30.0,close
2024-04-23,2024,0.01,0.0,30.0,close
2024-04-23,2024,0.015,0.005,30.0,close
2024-04-23,2024,0.015,0.0075,30.0,close
2024-04-23,2024,0.015,0.01,30.0,close
2024-04-23,2024,0.015,0.015,30.0,close
2024-04-23,2024,0.015,0.0,30.0,close
2024-04-23,2024,0.0,0.005,30.0,close
2024-04-23,2024,0.0,0.0075,30.0,close
2024-04-23,2024,0.0,0.01,30.0,close
2024-04-23,2024,0.0,0.015,30.0,close
2024-04-23,2024,0.0,0.0,30.0,close
2024-04-24,2024,0.0075,0.005,-51.0,close
2024-04-24,2024,0.0075,0.0075,-51.0,close
2024-04-24,2024,0.0075,0.01,-51.0,close
2024-04-24,2024,0.0075,0.015,-51.0,close
2024-04-24,2024,0.0075,0.0,-51.0,close
2024-04-24,2024,0.01,0.005,-51.0,close
2024-04-24,2024,0.01,0.0075,-51.0,close
2024-04-24,2024,0.01,0.01,-51.0,close
2024-04-24,2024,0.01,0.015,-51.0,close
2024-04-24,2024,0.01,0.0,-51.0,close
2024-04-24,2024,0.015,0.005,-51.0,close
2024-04-24,2024,0.015,0.0075,-51.0,close
2024-04-24,2024,0.015,0.01,-51.0,close
2024-04-24,2024,0.015,0.015,-51.0,close
2024-04-24,2024,0.015,0.0,-51.0,close
2024-04-24,2024,0.0,0.005,-51.0,close
2024-04-24,2024,0.0,0.0075,-51.0,close
2024-04-24,2024,0.0,0.01,-51.0,close
2024-04-24,2024,0.0,0.015,-51.0,close
2024-04-24,2024,0.0,0.0,-51.0,close
2024-04-25,2024,0.0075,0.005,-101.685,stop
2024-04-25,2024,0.0075,0.0075,-64.0,close
2024-04-25,2024,0.0075,0.01,-64.0,close
2024-04-25,2024,0.0075,0.015,-64.0,close
2024-04-25,2024,0.0075,0.0,-64.0,close
2024-04-25,2024,0.01,0.005,-101.685,stop
2024-04-25,2024,0.01,0.0075,-64.0,close
2024-04-25,2024,0.01,0.01,-64.0,close
2024-04-25,2024,0.01,0.015,-64.0,close
2024-04-25,2024,0.01,0.0,-64.0,close
2024-04-25,2024,0.015,0.005,-101.685,stop
2024-04-25,2024,0.015,0.0075,-64.0,close
2024-04-25,2024,0.015,0.01,-64.0,close
2024-04-25,2024,0.015,0.015,-64.0,close
2024-04-25,2024,0.015,0.0,-64.0,close
2024-04-25,2024,0.0,0.005,-101.685,stop
2024-04-25,2024,0.0,0.0075,-64.0,close
2024-04-25,2024,0.0,0.01,-64.0,close
2024-04-25,2024,0.0,0.015,-64.0,close
2024-04-25,2024,0.0,0.0,-64.0,close
2024-04-26,2024,0.0075,0.005,49.0,close
2024-04-26,2024,0.0075,0.0075,49.0,close
2024-04-26,2024,0.0075,0.01,49.0,close
2024-04-26,2024,0.0075,0.015,49.0,close
2024-04-26,2024,0.0075,0.0,49.0,close
2024-04-26,2024,0.01,0.005,49.0,close
2024-04-26,2024,0.01,0.0075,49.0,close
2024-04-26,2024,0.01,0.01,49.0,close
2024-04-26,2024,0.01,0.015,49.0,close
2024-04-26,2024,0.01,0.0,49.0,close
2024-04-26,2024,0.015,0.005,49.0,close
2024-04-26,2024,0.015,0.0075,49.0,close
2024-04-26,2024,0.015,0.01,49.0,close
2024-04-26,2024,0.015,0.015,49.0,close
2024-04-26,2024,0.015,0.0,49.0,close
2024-04-26,2024,0.0,0.005,49.0,close
2024-04-26,2024,0.0,0.0075,49.0,close
2024-04-26,2024,0.0,0.01,49.0,close
2024-04-26,2024,0.0,0.015,49.0,close
2024-04-26,2024,0.0,0.0,49.0,close
2024-04-29,2024,0.0075,0.005,-1.0,close
2024-04-29,2024,0.0075,0.0075,-1.0,close
2024-04-29,2024,0.0075,0.01,-1.0,close
2024-04-29,2024,0.0075,0.015,-1.0,close
2024-04-29,2024,0.0075,0.0,-1.0,close
2024-04-29,2024,0.01,0.005,-1.0,close
2024-04-29,2024,0.01,0.0075,-1.0,close
2024-04-29,2024,0.01,0.01,-1.0,close
2024-04-29,2024,0.01,0.015,-1.0,close
2024-04-29,2024,0.01,0.0,-1.0,close
2024-04-29,2024,0.015,0.005,-1.0,close
2024-04-29,2024,0.015,0.0075,-1.0,close
2024-04-29,2024,0.015,0.01,-1.0,close
2024-04-29,2024,0.015,0.015,-1.0,close
2024-04-29,2024,0.015,0.0,-1.0,close
2024-04-29,2024,0.0,0.005,-1.0,close
2024-04-29,2024,0.0,0.0075,-1.0,close
2024-04-29,2024,0.0,0.01,-1.0,close
2024-04-29,2024,0.0,0.015,-1.0,close
2024-04-29,2024,0.0,0.0,-1.0,close
2024-04-30,2024,0.0075,0.005,-90.0,close
2024-04-30,2024,0.0075,0.0075,-90.0,close
2024-04-30,2024,0.0075,0.01,-90.0,close
2024-04-30,2024,0.0075,0.015,-90.0,close
2024-04-30,2024,0.0075,0.0,-90.0,close
2024-04-30,2024,0.01,0.005,-90.0,close
2024-04-30,2024,0.01,0.0075,-90.0,close
2024-04-30,2024,0.01,0.01,-90.0,close
2024-04-30,2024,0.01,0.015,-90.0,close
2024-04-30,2024,0.01,0.0,-90.0,close
2024-04-30,2024,0.015,0.005,-90.0,close
2024-04-30,2024,0.015,0.0075,-90.0,close
2024-04-30,2024,0.015,0.01,-90.0,close
2024-04-30,2024,0.015,0.015,-90.0,close
2024-04-30,2024,0.015,0.0,-90.0,close
2024-04-30,2024,0.0,0.005,-90.0,close
2024-04-30,2024,0.0,0.0075,-90.0,close
2024-04-30,2024,0.0,0.01,-90.0,close
2024-04-30,2024,0.0,0.015,-90.0,close
2024-04-30,2024,0.0,0.0,-90.0,close
2024-05-03,2024,0.0075,0.005,151.48,target
2024-05-03,2024,0.0075,0.0075,151.48,target
2024-05-03,2024,0.0075,0.01,151.48,target
2024-05-03,2024,0.0075,0.015,151.48,target
2024-05-03,2024,0.0075,0.0,151.48,target
2024-05-03,2024,0.01,0.005,81.0,close
2024-05-03,2024,0.01,0.0075,81.0,close
2024-05-03,2024,0.01,0.01,81.0,close
2024-05-03,2024,0.01,0.015,81.0,close
2024-05-03,2024,0.01,0.0,81.0,close
2024-05-03,2024,0.015,0.005,81.0,close
2024-05-03,2024,0.015,0.0075,81.0,close
2024-05-03,2024,0.015,0.01,81.0,close
2024-05-03,2024,0.015,0.015,81.0,close
2024-05-03,2024,0.015,0.0,81.0,close
2024-05-03,2024,0.0,0.005,81.0,close
2024-05-03,2024,0.0,0.0075,81.0,close
2024-05-03,2024,0.0,0.01,81.0,close
2024-05-03,2024,0.0,0.015,81.0,close
2024-05-03,2024,0.0,0.0,81.0,close
2024-05-06,2024,0.0075,0.005,81.0,close
2024-05-06,2024,0.0075,0.0075,81.0,close
2024-05-06,2024,0.0075,0.01,81.0,close
2024-05-06,2024,0.0075,0.015,81.0,close
2024-05-06,2024,0.0075,0.0,81.0,close
2024-05-06,2024,0.01,0.005,81.0,close
2024-05-06,2024,0.01,0.0075,81.0,close
2024-05-06,2024,0.01,0.01,81.0,close
2024-05-06,2024,0.01,0.015,81.0,close
2024-05-06,2024,0.01,0.0,81.0,close
2024-05-06,2024,0.015,0.005,81.0,close
2024-05-06,2024,0.015,0.0075,81.0,close
2024-05-06,2024,0.015,0.01,81.0,close
2024-05-06,2024,0.015,0.015,81.0,close
2024-05-06,2024,0.015,0.0,81.0,close
2024-05-06,2024,0.0,0.005,81.0,close
2024-05-06,2024,0.0,0.0075,81.0,close
2024-05-06,2024,0.0,0.01,81.0,close
2024-05-06,2024,0.0,0.015,81.0,close
2024-05-06,2024,0.0,0.0,81.0,close
2024-05-07,2024,0.0075,0.005,-17.0,close
2024-05-07,2024,0.0075,0.0075,-17.0,close
2024-05-07,2024,0.0075,0.01,-17.0,close
2024-05-07,2024,0.0075,0.015,-17.0,close
2024-05-07,2024,0.0075,0.0,-17.0,close
2024-05-07,2024,0.01,0.005,-17.0,close
2024-05-07,2024,0.01,0.0075,-17.0,close
2024-05-07,2024,0.01,0.01,-17.0,close
2024-05-07,2024,0.01,0.015,-17.0,close
2024-05-07,2024,0.01,0.0,-17.0,close
2024-05-07,2024,0.015,0.005,-17.0,close
2024-05-07,2024,0.015,0.0075,-17.0,close
2024-05-07,2024,0.015,0.01,-17.0,close
2024-05-07,2024,0.015,0.015,-17.0,close
2024-05-07,2024,0.015,0.0,-17.0,close
2024-05-07,2024,0.0,0.005,-17.0,close
2024-05-07,2024,0.0,0.0075,-17.0,close
2024-05-07,2024,0.0,0.01,-17.0,close
2024-05-07,2024,0.0,0.015,-17.0,close
2024-05-07,2024,0.0,0.0,-17.0,close
2024-05-09,2024,0.0075,0.005,-105.595,stop
2024-05-09,2024,0.0075,0.0075,-111.0,close
2024-05-09,2024,0.0075,0.01,-111.0,close
2024-05-09,2024,0.0075,0.015,-111.0,close
2024-05-09,2024,0.0075,0.0,-111.0,close
2024-05-09,2024,0.01,0.005,-105.595,stop
2024-05-09,2024,0.01,0.0075,-111.0,close
2024-05-09,2024,0.01,0.01,-111.0,close
2024-05-09,2024,0.01,0.015,-111.0,close
2024-05-09,2024,0.01,0.0,-111.0,close
2024-05-09,2024,0.015,0.005,-105.595,stop
2024-05-09,2024,0.015,0.0075,-111.0,close
2024-05-09,2024,0.015,0.01,-111.0,close
2024-05-09,2024,0.015,0.015,-111.0,close
2024-05-09,2024,0.015,0.0,-111.0,close
2024-05-09,2024,0.0,0.005,-105.595,stop
2024-05-09,2024,0.0,0.0075,-111.0,close
2024-05-09,2024,0.0,0.01,-111.0,close
2024-05-09,2024,0.0,0.015,-111.0,close
2024-05-09,2024,0.0,0.0,-111.0,close
2024-05-13,2024,0.0075,0.005,-58.0,close
2024-05-13,2024,0.0075,0.0075,-58.0,close
2024-05-13,2024,0.0075,0.01,-58.0,close
2024-05-13,2024,0.0075,0.015,-58.0,close
2024-05-13,2024,0.0075,0.0,-58.0,close
2024-05-13,2024,0.01,0.005,-58.0,close
2024-05-13,2024,0.01,0.0075,-58.0,close
2024-05-13,2024,0.01,0.01,-58.0,close
2024-05-13,2024,0.01,0.015,-58.0,close
2024-05-13,2024,0.01,0.0,-58.0,close
2024-05-13,2024,0.015,0.005,-58.0,close
2024-05-13,2024,0.015,0.0075,-58.0,close
2024-05-13,2024,0.015,0.01,-58.0,close
2024-05-13,2024,0.015,0.015,-58.0,close
2024-05-13,2024,0.015,0.0,-58.0,close
2024-05-13,2024,0.0,0.005,-58.0,close
2024-05-13,2024,0.0,0.0075,-58.0,close
2024-05-13,2024,0.0,0.01,-58.0,close
2024-05-13,2024,0.0,0.015,-58.0,close
2024-05-13,2024,0.0,0.0,-58.0,close
2024-05-14,2024,0.0075,0.005,127.0,close
2024-05-14,2024,0.0075,0.0075,127.0,close
2024-05-14,2024,0.0075,0.01,127.0,close
2024-05-14,2024,0.0075,0.015,127.0,close
2024-05-14,2024,0.0075,0.0,127.0,close
2024-05-14,2024,0.01,0.005,127.0,close
2024-05-14,2024,0.01,0.0075,127.0,close
2024-05-14,2024,0.01,0.01,127.0,close
2024-05-14,2024,0.01,0.015,127.0,close
2024-05-14,2024,0.01,0.0,127.0,close
2024-05-14,2024,0.015,0.005,127.0,close
2024-05-14,2024,0.015,0.0075,127.0,close
2024-05-14,2024,0.015,0.01,127.0,close
2024-05-14,2024,0.015,0.015,127.0,close
2024-05-14,2024,0.015,0.0,127.0,close
2024-05-14,2024,0.0,0.005,127.0,close
2024-05-14,2024,0.0,0.0075,127.0,close
2024-05-14,2024,0.0,0.01,127.0,close
2024-05-14,2024,0.0,0.015,127.0,close
2024-05-14,2024,0.0,0.0,127.0,close
2024-05-15,2024,0.0075,0.005,156.94,target
2024-05-15,2024,0.0075,0.0075,156.94,target
2024-05-15,2024,0.0075,0.01,156.94,target
2024-05-15,2024,0.0075,0.015,156.94,target
2024-05-15,2024,0.0075,0.0,156.94,target
2024-05-15,2024,0.01,0.005,54.0,close
2024-05-15,2024,0.01,0.0075,54.0,close
2024-05-15,2024,0.01,0.01,54.0,close
2024-05-15,2024,0.01,0.015,54.0,close
2024-05-15,2024,0.01,0.0,54.0,close
2024-05-15,2024,0.015,0.005,54.0,close
2024-05-15,2024,0.015,0.0075,54.0,close
2024-05-15,2024,0.015,0.01,54.0,close
2024-05-15,2024,0.015,0.015,54.0,close
2024-05-15,2024,0.015,0.0,54.0,close
2024-05-15,2024,0.0,0.005,54.0,close
2024-05-15,2024,0.0,0.0075,54.0,close
2024-05-15,2024,0.0,0.01,54.0,close
2024-05-15,2024,0.0,0.015,54.0,close
2024-05-15,2024,0.0,0.0,54.0,close
2024-05-16,2024,0.0075,0.005,104.0,close
2024-05-16,2024,0.0075,0.0075,104.0,close
2024-05-16,2024,0.0075,0.01,104.0,close
2024-05-16,2024,0.0075,0.015,104.0,close
2024-05-16,2024,0.0075,0.0,104.0,close
2024-05-16,2024,0.01,0.005,104.0,close
2024-05-16,2024,0.01,0.0075,104.0,close
2024-05-16,2024,0.01,0.01,104.0,close
2024-05-16,2024,0.01,0.015,104.0,close
2024-05-16,2024,0.01,0.0,104.0,close
2024-05-16,2024,0.015,0.005,104.0,close
2024-05-16,2024,0.015,0.0075,104.0,close
2024-05-16,2024,0.015,0.01,104.0,close
2024-05-16,2024,0.015,0.015,104.0,close
2024-05-16,2024,0.015,0.0,104.0,close
2024-05-16,2024,0.0,0.005,104.0,close
2024-05-16,2024,0.0,0.0075,104.0,close
2024-05-16,2024,0.0,0.01,104.0,close
2024-05-16,2024,0.0,0.015,104.0,close
2024-05-16,2024,0.0,0.0,104.0,close
2024-05-21,2024,0.0075,0.005,-78.0,close
2024-05-21,2024,0.0075,0.0075,-78.0,close
2024-05-21,2024,0.0075,0.01,-78.0,close
2024-05-21,2024,0.0075,0.015,-78.0,close
2024-05-21,2024,0.0075,0.0,-78.0,close
2024-05-21,2024,0.01,0.005,-78.0,close
2024-05-21,2024,0.01,0.0075,-78.0,close
2024-05-21,2024,0.01,0.01,-78.0,close
2024-05-21,2024,0.01,0.015,-78.0,close
2024-05-21,2024,0.01,0.0,-78.0,close
2024-05-21,2024,0.015,0.005,-78.0,close
2024-05-21,2024,0.015,0.0075,-78.0,close
2024-05-21,2024,0.015,0.01,-78.0,close
2024-05-21,2024,0.015,0.015,-78.0,close
2024-05-21,2024,0.015,0.0,-78.0,close
2024-05-21,2024,0.0,0.005,-78.0,close
2024-05-21,2024,0.0,0.0075,-78.0,close
2024-05-21,2024,0.0,0.01,-78.0,close
2024-05-21,2024,0.0,0.015,-78.0,close
2024-05-21,2024,0.0,0.0,-78.0,close
2024-05-23,2024,0.0075,0.005,-110.095,stop
2024-05-23,2024,0.0075,0.0075,-16.0,close
2024-05-23,2024,0.0075,0.01,-16.0,close
2024-05-23,2024,0.0075,0.015,-16.0,close
2024-05-23,2024,0.0075,0.0,-16.0,close
2024-05-23,2024,0.01,0.005,-110.095,stop
2024-05-23,2024,0.01,0.0075,-16.0,close
2024-05-23,2024,0.01,0.01,-16.0,close
2024-05-23,2024,0.01,0.015,-16.0,close
2024-05-23,2024,0.01,0.0,-16.0,close
2024-05-23,2024,0.015,0.005,-110.095,stop
2024-05-23,2024,0.015,0.0075,-16.0,close
2024-05-23,2024,0.015,0.01,-16.0,close
2024-05-23,2024,0.015,0.015,-16.0,close
2024-05-23,2024,0.015,0.0,-16.0,close
2024-05-23,2024,0.0,0.005,-110.095,stop
2024-05-23,2024,0.0,0.0075,-16.0,close
2024-05-23,2024,0.0,0.01,-16.0,close
2024-05-23,2024,0.0,0.015,-16.0,close
2024-05-23,2024,0.0,0.0,-16.0,close
2024-05-27,2024,0.0075,0.005,160.54749999999999,target
2024-05-27,2024,0.0075,0.0075,160.54749999999999,target
2024-05-27,2024,0.0075,0.01,160.54749999999999,target
2024-05-27,2024,0.0075,0.015,160.54749999999999,target
2024-05-27,2024,0.0075,0.0,160.54749999999999,target
2024-05-27,2024,0.01,0.005,214.73000000000002,target
2024-05-27,2024,0.01,0.0075,214.73000000000002,target
2024-05-27,2024,0.01,0.01,214.73000000000002,target
2024-05-27,2024,0.01,0.015,214.73000000000002,target
2024-05-27,2024,0.01,0.0,214.73000000000002,target
2024-05-27,2024,0.015,0.005,197.0,close
2024-05-27,2024,0.015,0.0075,197.0,close
2024-05-27,2024,0.015,0.01,197.0,close
2024-05-27,2024,0.015,0.015,197.0,close
2024-05-27,2024,0.015,0.0,197.0,close
2024-05-27,2024,0.0,0.005,197.0,close
2024-05-27,2024,0.0,0.0075,197.0,close
2024-05-27,2024,0.0,0.01,197.0,close
2024-05-27,2024,0.0,0.015,197.0,close
2024-05-27,2024,0.0,0.0,197.0,close
2024-05-28,2024,0.0075,0.005,63.0,close
2024-05-28,2024,0.0075,0.0075,63.0,close
2024-05-28,2024,0.0075,0.01,63.0,close
2024-05-28,2024,0.0075,0.015,63.0,close
2024-05-28,2024,0.0075,0.0,63.0,close
2024-05-28,2024,0.01,0.005,63.0,close
2024-05-28,2024,0.01,0.0075,63.0,close
2024-05-28,2024,0.01,0.01,63.0,close
2024-05-28,2024,0.01,0.015,63.0,close
2024-05-28,2024,0.01,0.0,63.0,close
2024-05-28,2024,0.015,0.005,63.0,close
2024-05-28,2024,0.015,0.0075,63.0,close
2024-05-28,2024,0.015,0.01,63.0,close
2024-05-28,2024,0.015,0.015,63.0,close
2024-05-28,2024,0.015,0.0,63.0,close
2024-05-28,2024,0.0,0.005,63.0,close
2024-05-28,2024,0.0,0.0075,63.0,close
2024-05-28,2024,0.0,0.01,63.0,close
2024-05-28,2024,0.0,0.015,63.0,close
2024-05-28,2024,0.0,0.0,63.0,close
2024-05-29,2024,0.0075,0.005,-111.325,stop
2024-05-29,2024,0.0075,0.0075,-144.0,close
2024-05-29,2024,0.0075,0.01,-144.0,close
2024-05-29,2024,0.0075,0.015,-144.0,close
2024-05-29,2024,0.0075,0.0,-144.0,close
2024-05-29,2024,0.01,0.005,-111.325,stop
2024-05-29,2024,0.01,0.0075,-144.0,close
2024-05-29,2024,0.01,0.01,-144.0,close
2024-05-29,2024,0.01,0.015,-144.0,close
2024-05-29,2024,0.01,0.0,-144.0,close
2024-05-29,2024,0.015,0.005,-111.325,stop
2024-05-29,2024,0.015,0.0075,-144.0,close
2024-05-29,2024,0.015,0.01,-144.0,close
2024-05-29,2024,0.015,0.015,-144.0,close
2024-05-29,2024,0.015,0.0,-144.0,close
2024-05-29,2024,0.0,0.005,-111.325,stop
2024-05-29,2024,0.0,0.0075,-144.0,close
2024-05-29,2024,0.0,0.01,-144.0,close
2024-05-29,2024,0.0,0.015,-144.0,close
2024-05-29,2024,0.0,0.0,-144.0,close
2024-05-30,2024,0.0075,0.005,113.0,close
2024-05-30,2024,0.0075,0.0075,113.0,close
2024-05-30,2024,0.0075,0.01,113.0,close
2024-05-30,2024,0.0075,0.015,113.0,close
2024-05-30,2024,0.0075,0.0,113.0,close
2024-05-30,2024,0.01,0.005,113.0,close
2024-05-30,2024,0.01,0.0075,113.0,close
2024-05-30,2024,0.01,0.01,113.0,close
2024-05-30,2024,0.01,0.015,113.0,close
2024-05-30,2024,0.01,0.0,113.0,close
2024-05-30,2024,0.015,0.005,113.0,close
2024-05-30,2024,0.015,0.0075,113.0,close
2024-05-30,2024,0.015,0.01,113.0,close
2024-05-30,2024,0.015,0.015,113.0,close
2024-05-30,2024,0.015,0.0,113.0,close
2024-05-30,2024,0.0,0.005,113.0,close
2024-05-30,2024,0.0,0.0075,113.0,close
2024-05-30,2024,0.0,0.01,113.0,close
2024-05-30,2024,0.0,0.015,113.0,close
2024-05-30,2024,0.0,0.0,113.0,close
2024-06-04,2024,0.0075,0.005,-109.84,stop
2024-06-04,2024,0.0075,0.0075,-163.76,stop
2024-06-04,2024,0.0075,0.01,-217.68,stop
2024-06-04,2024,0.0075,0.015,-248.0,close
2024-06-04,2024,0.0075,0.0,-248.0,close
2024-06-04,2024,0.01,0.005,-109.84,stop
2024-06-04,2024,0.01,0.0075,-163.76,stop
2024-06-04,2024,0.01,0.01,-217.68,stop
2024-06-04,2024,0.01,0.015,-248.0,close
2024-06-04,2024,0.01,0.0,-248.0,close
2024-06-04,2024,0.015,0.005,-109.84,stop
2024-06-04,2024,0.015,0.0075,-163.76,stop
2024-06-04,2024,0.015,0.01,-217.68,stop
2024-06-04,2024,0.015,0.015,-248.0,close
2024-06-04,2024,0.015,0.0,-248.0,close
2024-06-04,2024,0.0,0.005,-109.84,stop
2024-06-04,2024,0.0,0.0075,-163.76,stop
2024-06-04,2024,0.0,0.01,-217.68,stop
2024-06-04,2024,0.0,0.015,-248.0,close
2024-06-04,2024,0.0,0.0,-248.0,close
2024-06-06,2024,0.0075,0.005,-5.0,close
2024-06-06,2024,0.0075,0.0075,-5.0,close
2024-06-06,2024,0.0075,0.01,-5.0,close
2024-06-06,2024,0.0075,0.015,-5.0,close
2024-06-06,2024,0.0075,0.0,-5.0,close
2024-06-06,2024,0.01,0.005,-5.0,close
2024-06-06,2024,0.01,0.0075,-5.0,close
2024-06-06,2024,0.01,0.01,-5.0,close
2024-06-06,2024,0.01,0.015,-5.0,close
2024-06-06,2024,0.01,0.0,-5.0,close
2024-06-06,2024,0.015,0.005,-5.0,close
2024-06-06,2024,0.015,0.0075,-5.0,close
2024-06-06,2024,0.015,0.01,-5.0,close
2024-06-06,2024,0.015,0.015,-5.0,close
2024-06-06,2024,0.015,0.0,-5.0,close
2024-06-06,2024,0.0,0.005,-5.0,close
2024-06-06,2024,0.0,0.0075,-5.0,close
2024-06-06,2024,0.0,0.01,-5.0,close
2024-06-06,2024,0.0,0.015,-5.0,close
2024-06-06,2024,0.0,0.0,-5.0,close
2024-06-11,2024,0.0075,0.005,-111.60000000000001,stop
2024-06-11,2024,0.0075,0.0075,-123.0,close
2024-06-11,2024,0.0075,0.01,-123.0,close
2024-06-11,2024,0.0075,0.015,-123.0,close
2024-06-11,2024,0.0075,0.0,-123.0,close
2024-06-11,2024,0.01,0.005,-111.60000000000001,stop
2024-06-11,2024,0.01,0.0075,-123.0,close
2024-06-11,2024,0.01,0.01,-123.0,close
2024-06-11,2024,0.01,0.015,-123.0,close
2024-06-11,2024,0.01,0.0,-123.0,close
2024-06-11,2024,0.015,0.005,-111.60000000000001,stop
2024-06-11,2024,0.015,0.0075,-123.0,close
2024-06-11,2024,0.015,0.01,-123.0,close
2024-06-11,2024,0.015,0.015,-123.0,close
2024-06-11,2024,0.015,0.0,-123.0,close
2024-06-11,2024,0.0,0.005,-111.60000000000001,stop
2024-06-11,2024,0.0,0.0075,-123.0,close
2024-06-11,2024,0.0,0.01,-123.0,close
2024-06-11,2024,0.0,0.015,-123.0,close
2024-06-11,2024,0.0,0.0,-123.0,close
2024-06-12,2024,0.0075,0.005,161.725,target
2024-06-12,2024,0.0075,0.0075,161.725,target
2024-06-12,2024,0.0075,0.01,161.725,target
2024-06-12,2024,0.0075,0.015,161.725,target
2024-06-12,2024,0.0075,0.0,161.725,target
2024-06-12,2024,0.01,0.005,216.3,target
2024-06-12,2024,0.01,0.0075,216.3,target
2024-06-12,2024,0.01,0.01,216.3,target
2024-06-12,2024,0.01,0.015,216.3,target
2024-06-12,2024,0.01,0.0,216.3,target
2024-06-12,2024,0.015,0.005,216.0,close
2024-06-12,2024,0.015,0.0075,216.0,close
2024-06-12,2024,0.015,0.01,216.0,close
2024-06-12,2024,0.015,0.015,216.0,close
2024-06-12,2024,0.015,0.0,216.0,close
2024-06-12,2024,0.0,0.005,216.0,close
2024-06-12,2024,0.0,0.0075,216.0,close
2024-06-12,2024,0.0,0.01,216.0,close
2024-06-12,2024,0.0,0.015,216.0,close
2024-06-12,2024,0.0,0.0,216.0,close
2024-06-13,2024,0.0075,0.005,166.08249999999998,target
2024-06-13,2024,0.0075,0.0075,166.08249999999998,target
2024-06-13,2024,0.0075,0.01,166.08249999999998,target
2024-06-13,2024,0.0075,0.015,166.08249999999998,target
2024-06-13,2024,0.0075,0.0,166.08249999999998,target
2024-06-13,2024,0.01,0.005,87.0,close
2024-06-13,2024,0.01,0.0075,87.0,close
2024-06-13,2024,0.01,0.01,87.0,close
2024-06-13,2024,0.01,0.015,87.0,close
2024-06-13,2024,0.01,0.0,87.0,close
2024-06-13,2024,0.015,0.005,87.0,close
2024-06-13,2024,0.015,0.0075,87.0,close
2024-06-13,2024,0.015,0.01,87.0,close
2024-06-13,2024,0.015,0.015,87.0,close
2024-06-13,2024,0.015,0.0,87.0,close
2024-06-13,2024,0.0,0.005,87.0,close
2024-06-13,2024,0.0,0.0075,87.0,close
2024-06-13,2024,0.0,0.01,87.0,close
2024-06-13,2024,0.0,0.015,87.0,close
2024-06-13,2024,0.0,0.0,87.0,close
2024-06-14,2024,0.0075,0.005,165.01,target
2024-06-14,2024,0.0075,0.0075,165.01,target
2024-06-14,2024,0.0075,0.01,165.01,target
2024-06-14,2024,0.0075,0.015,165.01,target
2024-06-14,2024,0.0075,0.0,165.01,target
2024-06-14,2024,0.01,0.005,220.68,target
2024-06-14,2024,0.01,0.0075,220.68,target
2024-06-14,2024,0.01,0.01,220.68,target
2024-06-14,2024,0.01,0.015,220.68,target
2024-06-14,2024,0.01,0.0,220.68,target
2024-06-14,2024,0.015,0.005,240.0,close
2024-06-14,2024,0.015,0.0075,240.0,close
2024-06-14,2024,0.015,0.01,240.0,close
2024-06-14,2024,0.015,0.015,240.0,close
2024-06-14,2024,0.015,0.0,240.0,close
2024-06-14,2024,0.0,0.005,240.0,close
2024-06-14,2024,0.0,0.0075,240.0,close
2024-06-14,2024,0.0,0.01,240.0,close
2024-06-14,2024,0.0,0.015,240.0,close
2024-06-14,2024,0.0,0.0,240.0,close
2024-06-18,2024,0.0075,0.005,57.0,close
2024-06-18,2024,0.0075,0.0075,57.0,close
2024-06-18,2024,0.0075,0.01,57.0,close
2024-06-18,2024,0.0075,0.015,57.0,close
2024-06-18,2024,0.0075,0.0,57.0,close
2024-06-18,2024,0.01,0.005,57.0,close
2024-06-18,2024,0.01,0.0075,57.0,close
2024-06-18,2024,0.01,0.01,57.0,close
2024-06-18,2024,0.01,0.015,57.0,close
2024-06-18,2024,0.01,0.0,57.0,close
2024-06-18,2024,0.015,0.005,57.0,close
2024-06-18,2024,0.015,0.0075,57.0,close
2024-06-18,2024,0.015,0.01,57.0,close
2024-06-18,2024,0.015,0.015,57.0,close
2024-06-18,2024,0.015,0.0,57.0,close
2024-06-18,2024,0.0,0.005,57.0,close
2024-06-18,2024,0.0,0.0075,57.0,close
2024-06-18,2024,0.0,0.01,57.0,close
2024-06-18,2024,0.0,0.015,57.0,close
2024-06-18,2024,0.0,0.0,57.0,close
2024-06-19,2024,0.0075,0.005,169.555,target
2024-06-19,2024,0.0075,0.0075,169.555,target
2024-06-19,2024,0.0075,0.01,169.555,target
2024-06-19,2024,0.0075,0.015,169.555,target
2024-06-19,2024,0.0075,0.0,169.555,target
2024-06-19,2024,0.01,0.005,226.74,target
2024-06-19,2024,0.01,0.0075,226.74,target
2024-06-19,2024,0.01,0.01,226.74,target
2024-06-19,2024,0.01,0.015,226.74,target
2024-06-19,2024,0.01,0.0,226.74,target
2024-06-19,2024,0.015,0.005,258.0,close
2024-06-19,2024,0.015,0.0075,258.0,close
2024-06-19,2024,0.015,0.01,258.0,close
2024-06-19,2024,0.015,0.015,258.0,close
2024-06-19,2024,0.015,0.0,258.0,close
2024-06-19,2024,0.0,0.005,258.0,close
2024-06-19,2024,0.0,0.0075,258.0,close
2024-06-19,2024,0.0,0.01,258.0,close
2024-06-19,2024,0.0,0.015,258.0,close
2024-06-19,2024,0.0,0.0,258.0,close
2024-06-20,2024,0.0075,0.005,171.5725,target
2024-06-20,2024,0.0075,0.0075,171.5725,target
2024-06-20,2024,0.0075,0.01,171.5725,target
2024-06-20,2024,0.0075,0.015,171.5725,target
2024-06-20,2024,0.0075,0.0,171.5725,target
2024-06-20,2024,0.01,0.005,229.43,target
2024-06-20,2024,0.01,0.0075,229.43,target
2024-06-20,2024,0.01,0.01,229.43,target
2024-06-20,2024,0.01,0.015,229.43,target
2024-06-20,2024,0.01,0.0,229.43,target
2024-06-20,2024,0.015,0.005,234.0,close
2024-06-20,2024,0.015,0.0075,234.0,close
2024-06-20,2024,0.015,0.01,234.0,close
2024-06-20,2024,0.015,0.015,234.0,close
2024-06-20,2024,0.015,0.0,234.0,close
2024-06-20,2024,0.0,0.005,234.0,close
2024-06-20,2024,0.0,0.0075,234.0,close
2024-06-20,2024,0.0,0.01,234.0,close
2024-06-20,2024,0.0,0.015,234.0,close
2024-06-20,2024,0.0,0.0,234.0,close
2024-06-24,2024,0.0075,0.005,170.875,target
2024-06-24,2024,0.0075,0.0075,170.875,target
2024-06-24,2024,0.0075,0.01,170.875,target
2024-06-24,2024,0.0075,0.015,170.875,target
2024-06-24,2024,0.0075,0.0,170.875,target
2024-06-24,2024,0.01,0.005,228.5,target
2024-06-24,2024,0.01,0.0075,228.5,target
2024-06-24,2024,0.01,0.01,228.5,target
2024-06-24,2024,0.01,0.015,228.5,target
2024-06-24,2024,0.01,0.0,228.5,target
2024-06-24,2024,0.015,0.005,299.0,close
2024-06-24,2024,0.015,0.0075,299.0,close
2024-06-24,2024,0.015,0.01,299.0,close
2024-06-24,2024,0.015,0.015,299.0,close
2024-06-24,2024,0.015,0.0,299.0,close
2024-06-24,2024,0.0,0.005,299.0,close
2024-06-24,2024,0.0,0.0075,299.0,close
2024-06-24,2024,0.0,0.01,299.0,close
2024-06-24,2024,0.0,0.015,299.0,close
2024-06-24,2024,0.0,0.0,299.0,close
2024-06-26,2024,0.0075,0.005,169.05249999999998,target
2024-06-26,2024,0.0075,0.0075,169.05249999999998,target
2024-06-26,2024,0.0075,0.01,169.05249999999998,target
2024-06-26,2024,0.0075,0.015,169.05249999999998,target
2024-06-26,2024,0.0075,0.0,169.05249999999998,target
2024-06-26,2024,0.01,0.005,62.0,close
2024-06-26,2024,0.01,0.0075,62.0,close
2024-06-26,2024,0.01,0.01,62.0,close
2024-06-26,2024,0.01,0.015,62.0,close
2024-06-26,2024,0.01,0.0,62.0,close
2024-06-26,2024,0.015,0.005,62.0,close
2024-06-26,2024,0.015,0.0075,62.0,close
2024-06-26,2024,0.015,0.01,62.0,close
2024-06-26,2024,0.015,0.015,62.0,close
2024-06-26,2024,0.015,0.0,62.0,close
2024-06-26,2024,0.0,0.005,62.0,close
2024-06-26,2024,0.0,0.0075,62.0,close
2024-06-26,2024,0.0,0.01,62.0,close
2024-06-26,2024,0.0,0.015,62.0,close
2024-06-26,2024,0.0,0.0,62.0,close
2024-07-01,2024,0.0075,0.005,170.215,target
2024-07-01,2024,0.0075,0.0075,170.215,target
2024-07-01,2024,0.0075,0.01,170.215,target
2024-07-01,2024,0.0075,0.015,170.215,target
2024-07-01,2024,0.0075,0.0,170.215,target
2024-07-01,2024,0.01,0.005,26.0,close
2024-07-01,2024,0.01,0.0075,26.0,close
2024-07-01,2024,0.01,0.01,26.0,close
2024-07-01,2024,0.01,0.015,26.0,close
2024-07-01,2024,0.01,0.0,26.0,close
2024-07-01,2024,0.015,0.005,26.0,close
2024-07-01,2024,0.015,0.0075,26.0,close
2024-07-01,2024,0.015,0.01,26.0,close
2024-07-01,2024,0.015,0.015,26.0,close
2024-07-01,2024,0.015,0.0,26.0,close
2024-07-01,2024,0.0,0.005,26.0,close
2024-07-01,2024,0.0,0.0075,26.0,close
2024-07-01,2024,0.0,0.01,26.0,close
2024-07-01,2024,0.0,0.015,26.0,close
2024-07-01,2024,0.0,0.0,26.0,close
2024-07-02,2024,0.0075,0.005,-116.295,stop
2024-07-02,2024,0.0075,0.0075,-28.0,close
2024-07-02,2024,0.0075,0.01,-28.0,close
2024-07-02,2024,0.0075,0.015,-28.0,close
2024-07-02,2024,0.0075,0.0,-28.0,close
2024-07-02,2024,0.01,0.005,-116.295,stop
2024-07-02,2024,0.01,0.0075,-28.0,close
2024-07-02,2024,0.01,0.01,-28.0,close
2024-07-02,2024,0.01,0.015,-28.0,close
2024-07-02,2024,0.01,0.0,-28.0,close
2024-07-02,2024,0.015,0.005,-116.295,stop
2024-07-02,2024,0.015,0.0075,-28.0,close
2024-07-02,2024,0.015,0.01,-28.0,close
2024-07-02,2024,0.015,0.015,-28.0,close
2024-07-02,2024,0.015,0.0,-28.0,close
2024-07-02,2024,0.0,0.005,-116.295,stop
2024-07-02,2024,0.0,0.0075,-28.0,close
2024-07-02,2024,0.0,0.01,-28.0,close
2024-07-02,2024,0.0,0.015,-28.0,close
2024-07-02,2024,0.0,0.0,-28.0,close
2024-07-03,2024,0.0075,0.005,109.0,close
2024-07-03,2024,0.0075,0.0075,109.0,close
2024-07-03,2024,0.0075,0.01,109.0,close
2024-07-03,2024,0.0075,0.015,109.0,close
2024-07-03,2024,0.0075,0.0,109.0,close
2024-07-03,2024,0.01,0.005,109.0,close
2024-07-03,2024,0.01,0.0075,109.0,close
2024-07-03,2024,0.01,0.01,109.0,close
2024-07-03,2024,0.01,0.015,109.0,close
2024-07-03,2024,0.01,0.0,109.0,close
2024-07-03,2024,0.015,0.005,109.0,close
2024-07-03,2024,0.015,0.0075,109.0,close
2024-07-03,2024,0.015,0.01,109.0,close
2024-07-03,2024,0.015,0.015,109.0,close
2024-07-03,2024,0.015,0.0,109.0,close
2024-07-03,2024,0.0,0.005,109.0,close
2024-07-03,2024,0.0,0.0075,109.0,close
2024-07-03,2024,0.0,0.01,109.0,close
2024-07-03,2024,0.0,0.015,109.0,close
2024-07-03,2024,0.0,0.0,109.0,close
2024-07-04,2024,0.0075,0.005,134.0,close
2024-07-04,2024,0.0075,0.0075,134.0,close
2024-07-04,2024,0.0075,0.01,134.0,close
2024-07-04,2024,0.0075,0.015,134.0,close
2024-07-04,2024,0.0075,0.0,134.0,close
2024-07-04,2024,0.01,0.005,134.0,close
2024-07-04,2024,0.01,0.0075,134.0,close
2024-07-04,2024,0.01,0.01,134.0,close
2024-07-04,2024,0.01,0.015,134.0,close
2024-07-04,2024,0.01,0.0,134.0,close
2024-07-04,2024,0.015,0.005,134.0,close
2024-07-04,2024,0.015,0.0075,134.0,close
2024-07-04,2024,0.015,0.01,134.0,close
2024-07-04,2024,0.015,0.015,134.0,close
2024-07-04,2024,0.015,0.0,134.0,close
2024-07-04,2024,0.0,0.005,134.0,close
2024-07-04,2024,0.0,0.0075,134.0,close
2024-07-04,2024,0.0,0.01,134.0,close
2024-07-04,2024,0.0,0.015,134.0,close
2024-07-04,2024,0.0,0.0,134.0,close
2024-07-05,2024,0.0075,0.005,-120.24000000000001,stop
2024-07-05,2024,0.0075,0.0075,-77.0,close
2024-07-05,2024,0.0075,0.01,-77.0,close
2024-07-05,2024,0.0075,0.015,-77.0,close
2024-07-05,2024,0.0075,0.0,-77.0,close
2024-07-05,2024,0.01,0.005,-120.24000000000001,stop
2024-07-05,2024,0.01,0.0075,-77.0,close
2024-07-05,2024,0.01,0.01,-77.0,close
2024-07-05,2024,0.01,0.015,-77.0,close
2024-07-05,2024,0.01,0.0,-77.0,close
2024-07-05,2024,0.015,0.005,-120.24000000000001,stop
2024-07-05,2024,0.015,0.0075,-77.0,close
2024-07-05,2024,0.015,0.01,-77.0,close
2024-07-05,2024,0.015,0.015,-77.0,close
2024-07-05,2024,0.015,0.0,-77.0,close
2024-07-05,2024,0.0,0.005,-120.24000000000001,stop
2024-07-05,2024,0.0,0.0075,-77.0,close
2024-07-05,2024,0.0,0.01,-77.0,close
2024-07-05,2024,0.0,0.015,-77.0,close
2024-07-05,2024,0.0,0.0,-77.0,close
2024-07-08,2024,0.0075,0.005,174.5875,target
2024-07-08,2024,0.0075,0.0075,174.5875,target
2024-07-08,2024,0.0075,0.01,174.5875,target
2024-07-08,2024,0.0075,0.015,174.5875,target
2024-07-08,2024,0.0075,0.0,174.5875,target
2024-07-08,2024,0.01,0.005,233.45000000000002,target
2024-07-08,2024,0.01,0.0075,233.45000000000002,target
2024-07-08,2024,0.01,0.01,233.45000000000002,target
2024-07-08,2024,0.01,0.015,233.45000000000002,target
2024-07-08,2024,0.01,0.0,233.45000000000002,target
2024-07-08,2024,0.015,0.005,351.175,target
2024-07-08,2024,0.015,0.0075,351.175,target
2024-07-08,2024,0.015,0.01,351.175,target
2024-07-08,2024,0.015,0.015,351.175,target
2024-07-08,2024,0.015,0.0,351.175,target
2024-07-08,2024,0.0,0.005,365.0,close
2024-07-08,2024,0.0,0.0075,365.0,close
2024-07-08,2024,0.0,0.01,365.0,close
2024-07-08,2024,0.0,0.015,365.0,close
2024-07-08,2024,0.0,0.0,365.0,close
2024-07-09,2024,0.0075,0.005,-121.69,stop
2024-07-09,2024,0.0075,0.0075,-181.535,stop
2024-07-09,2024,0.0075,0.01,-241.38,stop
2024-07-09,2024,0.0075,0.015,-60.0,close
2024-07-09,2024,0.0075,0.0,-60.0,close
2024-07-09,2024,0.01,0.005,-121.69,stop
2024-07-09,2024,0.01,0.0075,-181.535,stop
2024-07-09,2024,0.01,0.01,-241.38,stop
2024-07-09,2024,0.01,0.015,-60.0,close
2024-07-09,2024,0.01,0.0,-60.0,close
2024-07-09,2024,0.015,0.005,-121.69,stop
2024-07-09,2024,0.015,0.0075,-181.535,stop
2024-07-09,2024,0.015,0.01,-241.38,stop
2024-07-09,2024,0.015,0.015,-60.0,close
2024-07-09,2024,0.015,0.0,-60.0,close
2024-07-09,2024,0.0,0.005,-121.69,stop
2024-07-09,2024,0.0,0.0075,-181.535,stop
2024-07-09,2024,0.0,0.01,-241.38,stop
2024-07-09,2024,0.0,0.015,-60.0,close
2024-07-09,2024,0.0,0.0,-60.0,close
2024-07-11,2024,0.0075,0.005,-71.0,close
2024-07-11,2024,0.0075,0.0075,-71.0,close
2024-07-11,2024,0.0075,0.01,-71.0,close
2024-07-11,2024,0.0075,0.015,-71.0,close
2024-07-11,2024,0.0075,0.0,-71.0,close
2024-07-11,2024,0.01,0.005,-71.0,close
2024-07-11,2024,0.01,0.0075,-71.0,close
2024-07-11,2024,0.01,0.01,-71.0,close
2024-07-11,2024,0.01,0.015,-71.0,close
2024-07-11,2024,0.01,0.0,-71.0,close
2024-07-11,2024,0.015,0.005,-71.0,close
2024-07-11,2024,0.015,0.0075,-71.0,close
2024-07-11,2024,0.015,0.01,-71.0,close
2024-07-11,2024,0.015,0.015,-71.0,close
2024-07-11,2024,0.015,0.0,-71.0,close
2024-07-11,2024,0.0,0.005,-71.0,close
2024-07-11,2024,0.0,0.0075,-71.0,close
2024-07-11,2024,0.0,0.01,-71.0,close
2024-07-11,2024,0.0,0.015,-71.0,close
2024-07-11,2024,0.0,0.0,-71.0,close
2024-07-15,2024,0.0075,0.005,-122.4,stop
2024-07-15,2024,0.0075,0.0075,-182.6,stop
2024-07-15,2024,0.0075,0.01,-242.8,stop
2024-07-15,2024,0.0075,0.015,-232.0,close
2024-07-15,2024,0.0075,0.0,-232.0,close
2024-07-15,2024,0.01,0.005,-122.4,stop
2024-07-15,2024,0.01,0.0075,-182.6,stop
2024-07-15,2024,0.01,0.01,-242.8,stop
2024-07-15,2024,0.01,0.015,-232.0,close
2024-07-15,2024,0.01,0.0,-232.0,close
2024-07-15,2024,0.015,0.005,-122.4,stop
2024-07-15,2024,0.015,0.0075,-182.6,stop
2024-07-15,2024,0.015,0.01,-242.8,stop
2024-07-15,2024,0.015,0.015,-232.0,close
2024-07-15,2024,0.015,0.0,-232.0,close
2024-07-15,2024,0.0,0.005,-122.4,stop
2024-07-15,2024,0.0,0.0075,-182.6,stop
2024-07-15,2024,0.0,0.01,-242.8,stop
2024-07-15,2024,0.0,0.015,-232.0,close
2024-07-15,2024,0.0,0.0,-232.0,close
2024-07-16,2024,0.0075,0.005,176.695,target
2024-07-16,2024,0.0075,0.0075,176.695,target
2024-07-16,2024,0.0075,0.01,176.695,target
2024-07-16,2024,0.0075,0.015,176.695,target
2024-07-16,2024,0.0075,0.0,176.695,target
2024-07-16,2024,0.01,0.005,236.26,target
2024-07-16,2024,0.01,0.0075,236.26,target
2024-07-16,2024,0.01,0.01,236.26,target
2024-07-16,2024,0.01,0.015,236.26,target
2024-07-16,2024,0.01,0.0,236.26,target
2024-07-16,2024,0.015,0.005,169.0,close
2024-07-16,2024,0.015,0.0075,169.0,close
2024-07-16,2024,0.015,0.01,169.0,close
2024-07-16,2024,0.015,0.015,169.0,close
2024-07-16,2024,0.015,0.0,169.0,close
2024-07-16,2024,0.0,0.005,169.0,close
2024-07-16,2024,0.0,0.0075,169.0,close
2024-07-16,2024,0.0,0.01,169.0,close
2024-07-16,2024,0.0,0.015,169.0,close
2024-07-16,2024,0.0,0.0,169.0,close
2024-07-17,2024,0.0075,0.005,-122.125,stop
2024-07-17,2024,0.0075,0.0075,-182.1875,stop
2024-07-17,2024,0.0075,0.01,-242.25,stop
2024-07-17,2024,0.0075,0.015,-256.0,close
2024-07-17,2024,0.0075,0.0,-256.0,close
2024-07-17,2024,0.01,0.005,-122.125,stop
2024-07-17,2024,0.01,0.0075,-182.1875,stop
2024-07-17,2024,0.01,0.01,-242.25,stop
2024-07-17,2024,0.01,0.015,-256.0,close
2024-07-17,2024,0.01,0.0,-256.0,close
2024-07-17,2024,0.015,0.005,-122.125,stop
2024-07-17,2024,0.015,0.0075,-182.1875,stop
2024-07-17,2024,0.015,0.01,-242.25,stop
2024-07-17,2024,0.015,0.015,-256.0,close
2024-07-17,2024,0.015,0.0,-256.0,close
2024-07-17,2024,0.0,0.005,-122.125,stop
2024-07-17,2024,0.0,0.0075,-182.1875,stop
2024-07-17,2024,0.0,0.01,-242.25,stop
2024-07-17,2024,0.0,0.015,-256.0,close
2024-07-17,2024,0.0,0.0,-256.0,close
2024-07-19,2024,0.0075,0.005,-117.75,stop
2024-07-19,2024,0.0075,0.0075,-175.625,stop
2024-07-19,2024,0.0075,0.01,-233.5,stop
2024-07-19,2024,0.0075,0.015,-239.0,close
2024-07-19,2024,0.0075,0.0,-239.0,close
2024-07-19,2024,0.01,0.005,-117.75,stop
2024-07-19,2024,0.01,0.0075,-175.625,stop
2024-07-19,2024,0.01,0.01,-233.5,stop
2024-07-19,2024,0.01,0.015,-239.0,close
2024-07-19,2024,0.01,0.0,-239.0,close
2024-07-19,2024,0.015,0.005,-117.75,stop
2024-07-19,2024,0.015,0.0075,-175.625,stop
2024-07-19,2024,0.015,0.01,-233.5,stop
2024-07-19,2024,0.015,0.015,-239.0,close
2024-07-19,2024,0.015,0.0,-239.0,close
2024-07-19,2024,0.0,0.005,-117.75,stop
2024-07-19,2024,0.0,0.0075,-175.625,stop
2024-07-19,2024,0.0,0.01,-233.5,stop
2024-07-19,2024,0.0,0.015,-239.0,close
2024-07-19,2024,0.0,0.0,-239.0,close
2024-07-23,2024,0.0075,0.005,-68.0,close
2024-07-23,2024,0.0075,0.0075,-68.0,close
2024-07-23,2024,0.0075,0.01,-68.0,close
2024-07-23,2024,0.0075,0.015,-68.0,close
2024-07-23,2024,0.0075,0.0,-68.0,close
2024-07-23,2024,0.01,0.005,-68.0,close
2024-07-23,2024,0.01,0.0075,-68.0,close
2024-07-23,2024,0.01,0.01,-68.0,close
2024-07-23,2024,0.01,0.015,-68.0,close
2024-07-23,2024,0.01,0.0,-68.0,close
2024-07-23,2024,0.015,0.005,-68.0,close
2024-07-23,2024,0.015,0.0075,-68.0,close
2024-07-23,2024,0.015,0.01,-68.0,close
2024-07-23,2024,0.015,0.015,-68.0,close
2024-07-23,2024,0.015,0.0,-68.0,close
2024-07-23,2024,0.0,0.005,-68.0,close
2024-07-23,2024,0.0,0.0075,-68.0,close
2024-07-23,2024,0.0,0.01,-68.0,close
2024-07-23,2024,0.0,0.015,-68.0,close
2024-07-23,2024,0.0,0.0,-68.0,close
2024-07-26,2024,0.0075,0.005,-41.0,close
2024-07-26,2024,0.0075,0.0075,-41.0,close
2024-07-26,2024,0.0075,0.01,-41.0,close
2024-07-26,2024,0.0075,0.015,-41.0,close
2024-07-26,2024,0.0075,0.0,-41.0,close
2024-07-26,2024,0.01,0.005,-41.0,close
2024-07-26,2024,0.01,0.0075,-41.0,close
2024-07-26,2024,0.01,0.01,-41.0,close
2024-07-26,2024,0.01,0.015,-41.0,close
2024-07-26,2024,0.01,0.0,-41.0,close
2024-07-26,2024,0.015,0.005,-41.0,close
2024-07-26,2024,0.015,0.0075,-41.0,close
2024-07-26,2024,0.015,0.01,-41.0,close
2024-07-26,2024,0.015,0.015,-41.0,close
2024-07-26,2024,0.015,0.0,-41.0,close
2024-07-26,2024,0.0,0.005,-41.0,close
2024-07-26,2024,0.0,0.0075,-41.0,close
2024-07-26,2024,0.0,0.01,-41.0,close
2024-07-26,2024,0.0,0.015,-41.0,close
2024-07-26,2024,0.0,0.0,-41.0,close
2024-07-29,2024,0.0075,0.005,-114.10000000000001,stop
2024-07-29,2024,0.0075,0.0075,-170.15,stop
2024-07-29,2024,0.0075,0.01,-226.20000000000002,stop
2024-07-29,2024,0.0075,0.015,-164.0,close
2024-07-29,2024,0.0075,0.0,-164.0,close
2024-07-29,2024,0.01,0.005,-114.10000000000001,stop
2024-07-29,2024,0.01,0.0075,-170.15,stop
2024-07-29,2024,0.01,0.01,-226.20000000000002,stop
2024-07-29,2024,0.01,0.015,-164.0,close
2024-07-29,2024,0.01,0.0,-164.0,close
2024-07-29,2024,0.015,0.005,-114.10000000000001,stop
2024-07-29,2024,0.015,0.0075,-170.15,stop
2024-07-29,2024,0.015,0.01,-226.20000000000002,stop
2024-07-29,2024,0.015,0.015,-164.0,close
2024-07-29,2024,0.015,0.0,-164.0,close
2024-07-29,2024,0.0,0.005,-114.10000000000001,stop
2024-07-29,2024,0.0,0.0075,-170.15,stop
2024-07-29,2024,0.0,0.01,-226.20000000000002,stop
2024-07-29,2024,0.0,0.015,-164.0,close
2024-07-29,2024,0.0,0.0,-164.0,close
2024-08-01,2024,0.0075,0.005,-114.765,stop
2024-08-01,2024,0.0075,0.0075,-101.0,close
2024-08-01,2024,0.0075,0.01,-101.0,close
2024-08-01,2024,0.0075,0.015,-101.0,close
2024-08-01,2024,0.0075,0.0,-101.0,close
2024-08-01,2024,0.01,0.005,-114.765,stop
2024-08-01,2024,0.01,0.0075,-101.0,close
2024-08-01,2024,0.01,0.01,-101.0,close
2024-08-01,2024,0.01,0.015,-101.0,close
2024-08-01,2024,0.01,0.0,-101.0,close
2024-08-01,2024,0.015,0.005,-114.765,stop
2024-08-01,2024,0.015,0.0075,-101.0,close
2024-08-01,2024,0.015,0.01,-101.0,close
2024-08-01,2024,0.015,0.015,-101.0,close
2024-08-01,2024,0.015,0.0,-101.0,close
2024-08-01,2024,0.0,0.005,-114.765,stop
2024-08-01,2024,0.0,0.0075,-101.0,close
2024-08-01,2024,0.0,0.01,-101.0,close
2024-08-01,2024,0.0,0.015,-101.0,close
2024-08-01,2024,0.0,0.0,-101.0,close
2024-08-06,2024,0.0075,0.005,-104.005,stop
2024-08-06,2024,0.0075,0.0075,-155.0075,stop
2024-08-06,2024,0.0075,0.01,-206.01,stop
2024-08-06,2024,0.0075,0.015,151.0075,target
2024-08-06,2024,0.0075,0.0,151.0075,target
2024-08-06,2024,0.01,0.005,-104.005,stop
2024-08-06,2024,0.01,0.0075,-155.0075,stop
2024-08-06,2024,0.01,0.01,-206.01,stop
2024-08-06,2024,0.01,0.015,202.01,target
2024-08-06,2024,0.01,0.0,202.01,target
2024-08-06,2024,0.015,0.005,-104.005,stop
2024-08-06,2024,0.015,0.0075,-155.0075,stop
2024-08-06,2024,0.015,0.01,-206.01,stop
2024-08-06,2024,0.015,0.015,304.015,target
2024-08-06,2024,0.015,0.0,304.015,target
2024-08-06,2024,0.0,0.005,-104.005,stop
2024-08-06,2024,0.0,0.0075,-155.0075,stop
2024-08-06,2024,0.0,0.01,-206.01,stop
2024-08-06,2024,0.0,0.015,-308.015,stop
2024-08-06,2024,0.0,0.0,-30.0,close
2024-08-07,2024,0.0075,0.005,151.6675,target
2024-08-07,2024,0.0075,0.0075,151.6675,target
2024-08-07,2024,0.0075,0.01,151.6675,target
2024-08-07,2024,0.0075,0.015,151.6675,target
2024-08-07,2024,0.0075,0.0,151.6675,target
2024-08-07,2024,0.01,0.005,202.89000000000001,target
2024-08-07,2024,0.01,0.0075,202.89000000000001,target
2024-08-07,2024,0.01,0.01,202.89000000000001,target
2024-08-07,2024,0.01,0.015,202.89000000000001,target
2024-08-07,2024,0.01,0.0,202.89000000000001,target
2024-08-07,2024,0.015,0.005,305.335,target
2024-08-07,2024,0.015,0.0075,305.335,target
2024-08-07,2024,0.015,0.01,305.335,target
2024-08-07,2024,0.015,0.015,305.335,target
2024-08-07,2024,0.015,0.0,305.335,target
2024-08-07,2024,0.0,0.005,639.0,close
2024-08-07,2024,0.0,0.0075,639.0,close
2024-08-07,2024,0.0,0.01,639.0,close
2024-08-07,2024,0.0,0.015,639.0,close
2024-08-07,2024,0.0,0.0,639.0,close
2024-08-09,2024,0.0075,0.005,-109.295,stop
2024-08-09,2024,0.0075,0.0075,158.9425,target
2024-08-09,2024,0.0075,0.01,158.9425,target
2024-08-09,2024,0.0075,0.015,158.9425,target
2024-08-09,2024,0.0075,0.0,158.9425,target
2024-08-09,2024,0.01,0.005,-109.295,stop
2024-08-09,2024,0.01,0.0075,212.59,target
2024-08-09,2024,0.01,0.01,212.59,target
2024-08-09,2024,0.01,0.015,212.59,target
2024-08-09,2024,0.01,0.0,212.59,target
2024-08-09,2024,0.015,0.005,-109.295,stop
2024-08-09,2024,0.015,0.0075,-21.0,close
2024-08-09,2024,0.015,0.01,-21.0,close
2024-08-09,2024,0.015,0.015,-21.0,close
2024-08-09,2024,0.015,0.0,-21.0,close
2024-08-09,2024,0.0,0.005,-109.295,stop
2024-08-09,2024,0.0,0.0075,-21.0,close
2024-08-09,2024,0.0,0.01,-21.0,close
2024-08-09,2024,0.0,0.015,-21.0,close
2024-08-09,2024,0.0,0.0,-21.0,close
2024-08-13,2024,0.0075,0.005,-111.25,stop
2024-08-13,2024,0.0075,0.0075,-165.875,stop
2024-08-13,2024,0.0075,0.01,-82.0,close
2024-08-13,2024,0.0075,0.015,-82.0,close
2024-08-13,2024,0.0075,0.0,-82.0,close
2024-08-13,2024,0.01,0.005,-111.25,stop
2024-08-13,2024,0.01,0.0075,-165.875,stop
2024-08-13,2024,0.01,0.01,-82.0,close
2024-08-13,2024,0.01,0.015,-82.0,close
2024-08-13,2024,0.01,0.0,-82.0,close
2024-08-13,2024,0.015,0.005,-111.25,stop
2024-08-13,2024,0.015,0.0075,-165.875,stop
2024-08-13,2024,0.015,0.01,-82.0,close
2024-08-13,2024,0.015,0.015,-82.0,close
2024-08-13,2024,0.015,0.0,-82.0,close
2024-08-13,2024,0.0,0.005,-111.25,stop
2024-08-13,2024,0.0,0.0075,-165.875,stop
2024-08-13,2024,0.0,0.01,-82.0,close
2024-08-13,2024,0.0,0.015,-82.0,close
2024-08-13,2024,0.0,0.0,-82.0,close
2024-08-14,2024,0.0075,0.005,163.5775,target
2024-08-14,2024,0.0075,0.0075,163.5775,target
2024-08-14,2024,0.0075,0.01,163.5775,target
2024-08-14,2024,0.0075,0.015,163.5775,target
2024-08-14,2024,0.0075,0.0,163.5775,target
2024-08-14,2024,0.01,0.005,95.0,close
2024-08-14,2024,0.01,0.0075,95.0,close
2024-08-14,2024,0.01,0.01,95.0,close
2024-08-14,2024,0.01,0.015,95.0,close
2024-08-14,2024,0.01,0.0,95.0,close
2024-08-14,2024,0.015,0.005,95.0,close
2024-08-14,2024,0.015,0.0075,95.0,close
2024-08-14,2024,0.015,0.01,95.0,close
2024-08-14,2024,0.015,0.015,95.0,close
2024-08-14,2024,0.015,0.0,95.0,close
2024-08-14,2024,0.0,0.005,95.0,close
2024-08-14,2024,0.0,0.0075,95.0,close
2024-08-14,2024,0.0,0.01,95.0,close
2024-08-14,2024,0.0,0.015,95.0,close
2024-08-14,2024,0.0,0.0,95.0,close
2024-08-16,2024,0.0075,0.005,-59.0,close
2024-08-16,2024,0.0075,0.0075,-59.0,close
2024-08-16,2024,0.0075,0.01,-59.0,close
2024-08-16,2024,0.0075,0.015,-59.0,close
2024-08-16,2024,0.0075,0.0,-59.0,close
2024-08-16,2024,0.01,0.005,-59.0,close
2024-08-16,2024,0.01,0.0075,-59.0,close
2024-08-16,2024,0.01,0.01,-59.0,close
2024-08-16,2024,0.01,0.015,-59.0,close
2024-08-16,2024,0.01,0.0,-59.0,close
2024-08-16,2024,0.015,0.005,-59.0,close
2024-08-16,2024,0.015,0.0075,-59.0,close
2024-08-16,2024,0.015,0.01,-59.0,close
2024-08-16,2024,0.015,0.015,-59.0,close
2024-08-16,2024,0.015,0.0,-59.0,close
2024-08-16,2024,0.0,0.005,-59.0,close
2024-08-16,2024,0.0,0.0075,-59.0,close
2024-08-16,2024,0.0,0.01,-59.0,close
2024-08-16,2024,0.0,0.015,-59.0,close
2024-08-16,2024,0.0,0.0,-59.0,close
2024-08-20,2024,0.0075,0.005,-114.76,stop
2024-08-20,2024,0.0075,0.0075,-119.0,close
2024-08-20,2024,0.0075,0.01,-119.0,close
2024-08-20,2024,0.0075,0.015,-119.0,close
2024-08-20,2024,0.0075,0.0,-119.0,close
2024-08-20,2024,0.01,0.005,-114.76,stop
2024-08-20,2024,0.01,0.0075,-119.0,close
2024-08-20,2024,0.01,0.01,-119.0,close
2024-08-20,2024,0.01,0.015,-119.0,close
2024-08-20,2024,0.01,0.0,-119.0,close
2024-08-20,2024,0.015,0.005,-114.76,stop
2024-08-20,2024,0.015,0.0075,-119.0,close
2024-08-20,2024,0.015,0.01,-119.0,close
2024-08-20,2024,0.015,0.015,-119.0,close
2024-08-20,2024,0.015,0.0,-119.0,close
2024-08-20,2024,0.0,0.005,-114.76,stop
2024-08-20,2024,0.0,0.0075,-119.0,close
2024-08-20,2024,0.0,0.01,-119.0,close
2024-08-20,2024,0.0,0.015,-119.0,close
2024-08-20,2024,0.0,0.0,-119.0,close
2024-08-21,2024,0.0075,0.005,83.0,close
2024-08-21,2024,0.0075,0.0075,83.0,close
2024-08-21,2024,0.0075,0.01,83.0,close
2024-08-21,2024,0.0075,0.015,83.0,close
2024-08-21,2024,0.0075,0.0,83.0,close
2024-08-21,2024,0.01,0.005,83.0,close
2024-08-21,2024,0.01,0.0075,83.0,close
2024-08-21,2024,0.01,0.01,83.0,close
2024-08-21,2024,0.01,0.015,83.0,close
2024-08-21,2024,0.01,0.0,83.0,close
2024-08-21,2024,0.015,0.005,83.0,close
2024-08-21,2024,0.015,0.0075,83.0,close
2024-08-21,2024,0.015,0.01,83.0,close
2024-08-21,2024,0.015,0.015,83.0,close
2024-08-21,2024,0.015,0.0,83.0,close
2024-08-21,2024,0.0,0.005,83.0,close
2024-08-21,2024,0.0,0.0075,83.0,close
2024-08-21,2024,0.0,0.01,83.0,close
2024-08-21,2024,0.0,0.015,83.0,close
2024-08-21,2024,0.0,0.0,83.0,close
2024-08-22,2024,0.0075,0.005,-113.22500000000001,stop
2024-08-22,2024,0.0075,0.0075,-168.8375,stop
2024-08-22,2024,0.0075,0.01,-144.0,close
2024-08-22,2024,0.0075,0.015,-144.0,close
2024-08-22,2024,0.0075,0.0,-144.0,close
2024-08-22,2024,0.01,0.005,-113.22500000000001,stop
2024-08-22,2024,0.01,0.0075,-168.8375,stop
2024-08-22,2024,0.01,0.01,-144.0,close
2024-08-22,2024,0.01,0.015,-144.0,close
2024-08-22,2024,0.01,0.0,-144.0,close
2024-08-22,2024,0.015,0.005,-113.22500000000001,stop
2024-08-22,2024,0.015,0.0075,-168.8375,stop
2024-08-22,2024,0.015,0.01,-144.0,close
2024-08-22,2024,0.015,0.015,-144.0,close
2024-08-22,2024,0.015,0.0,-144.0,close
2024-08-22,2024,0.0,0.005,-113.22500000000001,stop
2024-08-22,2024,0.0,0.0075,-168.8375,stop
2024-08-22,2024,0.0,0.01,-144.0,close
2024-08-22,2024,0.0,0.015,-144.0,close
2024-08-22,2024,0.0,0.0,-144.0,close
2024-08-26,2024,0.0075,0.005,166.05249999999998,target
2024-08-26,2024,0.0075,0.0075,166.05249999999998,target
2024-08-26,2024,0.0075,0.01,166.05249999999998,target
2024-08-26,2024,0.0075,0.015,166.05249999999998,target
2024-08-26,2024,0.0075,0.0,166.05249999999998,target
2024-08-26,2024,0.01,0.005,222.07,target
2024-08-26,2024,0.01,0.0075,222.07,target
2024-08-26,2024,0.01,0.01,222.07,target
2024-08-26,2024,0.01,0.015,222.07,target
2024-08-26,2024,0.01,0.0,222.07,target
2024-08-26,2024,0.015,0.005,198.0,close
2024-08-26,2024,0.015,0.0075,198.0,close
2024-08-26,2024,0.015,0.01,198.0,close
2024-08-26,2024,0.015,0.015,198.0,close
2024-08-26,2024,0.015,0.0,198.0,close
2024-08-26,2024,0.0,0.005,198.0,close
2024-08-26,2024,0.0,0.0075,198.0,close
2024-08-26,2024,0.0,0.01,198.0,close
2024-08-26,2024,0.0,0.015,198.0,close
2024-08-26,2024,0.0,0.0,198.0,close
2024-08-28,2024,0.0075,0.005,-112.915,stop
2024-08-28,2024,0.0075,0.0075,164.3725,target
2024-08-28,2024,0.0075,0.01,164.3725,target
2024-08-28,2024,0.0075,0.015,164.3725,target
2024-08-28,2024,0.0075,0.0,164.3725,target
2024-08-28,2024,0.01,0.005,-112.915,stop
2024-08-28,2024,0.01,0.0075,219.83,target
2024-08-28,2024,0.01,0.01,219.83,target
2024-08-28,2024,0.01,0.015,219.83,target
2024-08-28,2024,0.01,0.0,219.83,target
2024-08-28,2024,0.015,0.005,-112.915,stop
2024-08-28,2024,0.015,0.0075,215.0,close
2024-08-28,2024,0.015,0.01,215.0,close
2024-08-28,2024,0.015,0.015,215.0,close
2024-08-28,2024,0.015,0.0,215.0,close
2024-08-28,2024,0.0,0.005,-112.915,stop
2024-08-28,2024,0.0,0.0075,215.0,close
2024-08-28,2024,0.0,0.01,215.0,close
2024-08-28,2024,0.0,0.015,215.0,close
2024-08-28,2024,0.0,0.0,215.0,close
2024-08-29,2024,0.0075,0.005,-111.795,stop
2024-08-29,2024,0.0075,0.0075,-166.6925,stop
2024-08-29,2024,0.0075,0.01,-221.59,stop
2024-08-29,2024,0.0075,0.015,-218.0,close
2024-08-29,2024,0.0075,0.0,-218.0,close
2024-08-29,2024,0.01,0.005,-111.795,stop
2024-08-29,2024,0.01,0.0075,-166.6925,stop
2024-08-29,2024,0.01,0.01,-221.59,stop
2024-08-29,2024,0.01,0.015,-218.0,close
2024-08-29,2024,0.01,0.0,-218.0,close
2024-08-29,2024,0.015,0.005,-111.795,stop
2024-08-29,2024,0.015,0.0075,-166.6925,stop
2024-08-29,2024,0.015,0.01,-221.59,stop
2024-08-29,2024,0.015,0.015,-218.0,close
2024-08-29,2024,0.015,0.0,-218.0,close
2024-08-29,2024,0.0,0.005,-111.795,stop
2024-08-29,2024,0.0,0.0075,-166.6925,stop
2024-08-29,2024,0.0,0.01,-221.59,stop
2024-08-29,2024,0.0,0.015,-218.0,close
2024-08-29,2024,0.0,0.0,-218.0,close
2024-09-02,2024,0.0075,0.005,87.0,close
2024-09-02,2024,0.0075,0.0075,87.0,close
2024-09-02,2024,0.0075,0.01,87.0,close
2024-09-02,2024,0.0075,0.015,87.0,close
2024-09-02,2024,0.0075,0.0,87.0,close
2024-09-02,2024,0.01,0.005,87.0,close
2024-09-02,2024,0.01,0.0075,87.0,close
2024-09-02,2024,0.01,0.01,87.0,close
2024-09-02,2024,0.01,0.015,87.0,close
2024-09-02,2024,0.01,0.0,87.0,close
2024-09-02,2024,0.015,0.005,87.0,close
2024-09-02,2024,0.015,0.0075,87.0,close
2024-09-02,2024,0.015,0.01,87.0,close
2024-09-02,2024,0.015,0.015,87.0,close
2024-09-02,2024,0.015,0.0,87.0,close
2024-09-02,2024,0.0,0.005,87.0,close
2024-09-02,2024,0.0,0.0075,87.0,close
2024-09-02,2024,0.0,0.01,87.0,close
2024-09-02,2024,0.0,0.015,87.0,close
2024-09-02,2024,0.0,0.0,87.0,close
2024-09-03,2024,0.0075,0.005,165.2425,target
2024-09-03,2024,0.0075,0.0075,165.2425,target
2024-09-03,2024,0.0075,0.01,165.2425,target
2024-09-03,2024,0.0075,0.015,165.2425,target
2024-09-03,2024,0.0075,0.0,165.2425,target
2024-09-03,2024,0.01,0.005,220.99,target
2024-09-03,2024,0.01,0.0075,220.99,target
2024-09-03,2024,0.01,0.01,220.99,target
2024-09-03,2024,0.01,0.015,220.99,target
2024-09-03,2024,0.01,0.0,220.99,target
2024-09-03,2024,0.015,0.005,239.0,close
2024-09-03,2024,0.015,0.0075,239.0,close
2024-09-03,2024,0.015,0.01,239.0,close
2024-09-03,2024,0.015,0.015,239.0,close
2024-09-03,2024,0.015,0.0,239.0,close
2024-09-03,2024,0.0,0.005,239.0,close
2024-09-03,2024,0.0,0.0075,239.0,close
2024-09-03,2024,0.0,0.01,239.0,close
2024-09-03,2024,0.0,0.015,239.0,close
2024-09-03,2024,0.0,0.0,239.0,close
2024-09-05,2024,0.0075,0.005,-108.5,stop
2024-09-05,2024,0.0075,0.0075,-161.75,stop
2024-09-05,2024,0.0075,0.01,-215.0,stop
2024-09-05,2024,0.0075,0.015,-118.0,close
2024-09-05,2024,0.0075,0.0,-118.0,close
2024-09-05,2024,0.01,0.005,-108.5,stop
2024-09-05,2024,0.01,0.0075,-161.75,stop
2024-09-05,2024,0.01,0.01,-215.0,stop
2024-09-05,2024,0.01,0.015,-118.0,close
2024-09-05,2024,0.01,0.0,-118.0,close
2024-09-05,2024,0.015,0.005,-108.5,stop
2024-09-05,2024,0.015,0.0075,-161.75,stop
2024-09-05,2024,0.015,0.01,-215.0,stop
2024-09-05,2024,0.015,0.015,-118.0,close
2024-09-05,2024,0.015,0.0,-118.0,close
2024-09-05,2024,0.0,0.005,-108.5,stop
2024-09-05,2024,0.0,0.0075,-161.75,stop
2024-09-05,2024,0.0,0.01,-215.0,stop
2024-09-05,2024,0.0,0.015,-118.0,close
2024-09-05,2024,0.0,0.0,-118.0,close
2024-09-10,2024,0.0075,0.005,156.4375,target
2024-09-10,2024,0.0075,0.0075,156.4375,target
2024-09-10,2024,0.0075,0.01,156.4375,target
2024-09-10,2024,0.0075,0.015,156.4375,target
2024-09-10,2024,0.0075,0.0,156.4375,target
2024-09-10,2024,0.01,0.005,209.25,target
2024-09-10,2024,0.01,0.0075,209.25,target
2024-09-10,2024,0.01,0.01,209.25,target
2024-09-10,2024,0.01,0.015,209.25,target
2024-09-10,2024,0.01,0.0,209.25,target
2024-09-10,2024,0.015,0.005,125.0,close
2024-09-10,2024,0.015,0.0075,125.0,close
2024-09-10,2024,0.015,0.01,125.0,close
2024-09-10,2024,0.015,0.015,125.0,close
2024-09-10,2024,0.015,0.0,125.0,close
2024-09-10,2024,0.0,0.005,125.0,close
2024-09-10,2024,0.0,0.0075,125.0,close
2024-09-10,2024,0.0,0.01,125.0,close
2024-09-10,2024,0.0,0.015,125.0,close
2024-09-10,2024,0.0,0.0,125.0,close
2024-09-11,2024,0.0075,0.005,-107.53,stop
2024-09-11,2024,0.0075,0.0075,-103.0,close
2024-09-11,2024,0.0075,0.01,-103.0,close
2024-09-11,2024,0.0075,0.015,-103.0,close
2024-09-11,2024,0.0075,0.0,-103.0,close
2024-09-11,2024,0.01,0.005,-107.53,stop
2024-09-11,2024,0.01,0.0075,-103.0,close
2024-09-11,2024,0.01,0.01,-103.0,close
2024-09-11,2024,0.01,0.015,-103.0,close
2024-09-11,2024,0.01,0.0,-103.0,close
2024-09-11,2024,0.015,0.005,-107.53,stop
2024-09-11,2024,0.015,0.0075,-103.0,close
2024-09-11,2024,0.015,0.01,-103.0,close
2024-09-11,2024,0.015,0.015,-103.0,close
2024-09-11,2024,0.015,0.0,-103.0,close
2024-09-11,2024,0.0,0.005,-107.53,stop
2024-09-11,2024,0.0,0.0075,-103.0,close
2024-09-11,2024,0.0,0.01,-103.0,close
2024-09-11,2024,0.0,0.015,-103.0,close
2024-09-11,2024,0.0,0.0,-103.0,close
2024-09-12,2024,0.0075,0.005,-34.0,close
2024-09-12,2024,0.0075,0.0075,-34.0,close
2024-09-12,2024,0.0075,0.01,-34.0,close
2024-09-12,2024,0.0075,0.015,-34.0,close
2024-09-12,2024,0.0075,0.0,-34.0,close
2024-09-12,2024,0.01,0.005,-34.0,close
2024-09-12,2024,0.01,0.0075,-34.0,close
2024-09-12,2024,0.01,0.01,-34.0,close
2024-09-12,2024,0.01,0.015,-34.0,close
2024-09-12,2024,0.01,0.0,-34.0,close
2024-09-12,2024,0.015,0.005,-34.0,close
2024-09-12,2024,0.015,0.0075,-34.0,close
2024-09-12,2024,0.015,0.01,-34.0,close
2024-09-12,2024,0.015,0.015,-34.0,close
2024-09-12,2024,0.015,0.0,-34.0,close
2024-09-12,2024,0.0,0.005,-34.0,close
2024-09-12,2024,0.0,0.0075,-34.0,close
2024-09-12,2024,0.0,0.01,-34.0,close
2024-09-12,2024,0.0,0.015,-34.0,close
2024-09-12,2024,0.0,0.0,-34.0,close
2024-09-16,2024,0.0075,0.005,-10.0,close
2024-09-16,2024,0.0075,0.0075,-10.0,close
2024-09-16,2024,0.0075,0.01,-10.0,close
2024-09-16,2024,0.0075,0.015,-10.0,close
2024-09-16,2024,0.0075,0.0,-10.0,close
2024-09-16,2024,0.01,0.005,-10.0,close
2024-09-16,2024,0.01,0.0075,-10.0,close
2024-09-16,2024,0.01,0.01,-10.0,close
2024-09-16,2024,0.01,0.015,-10.0,close
2024-09-16,2024,0.01,0.0,-10.0,close
2024-09-16,2024,0.015,0.005,-10.0,close
2024-09-16,2024,0.015,0.0075,-10.0,close
2024-09-16,2024,0.015,0.01,-10.0,close
2024-09-16,2024,0.015,0.015,-10.0,close
2024-09-16,2024,0.015,0.0,-10.0,close
2024-09-16,2024,0.0,0.005,-10.0,close
2024-09-16,2024,0.0,0.0075,-10.0,close
2024-09-16,2024,0.0,0.01,-10.0,close
2024-09-16,2024,0.0,0.015,-10.0,close
2024-09-16,2024,0.0,0.0,-10.0,close
2024-09-18,2024,0.0075,0.005,-110.81,stop
2024-09-18,2024,0.0075,0.0075,-69.0,close
2024-09-18,2024,0.0075,0.01,-69.0,close
2024-09-18,2024,0.0075,0.015,-69.0,close
2024-09-18,2024,0.0075,0.0,-69.0,close
2024-09-18,2024,0.01,0.005,-110.81,stop
2024-09-18,2024,0.01,0.0075,-69.0,close
2024-09-18,2024,0.01,0.01,-69.0,close
2024-09-18,2024,0.01,0.015,-69.0,close
2024-09-18,2024,0.01,0.0,-69.0,close
2024-09-18,2024,0.015,0.005,-110.81,stop
2024-09-18,2024,0.015,0.0075,-69.0,close
2024-09-18,2024,0.015,0.01,-69.0,close
2024-09-18,2024,0.015,0.015,-69.0,close
2024-09-18,2024,0.015,0.0,-69.0,close
2024-09-18,2024,0.0,0.005,-110.81,stop
2024-09-18,2024,0.0,0.0075,-69.0,close
2024-09-18,2024,0.0,0.01,-69.0,close
2024-09-18,2024,0.0,0.015,-69.0,close
2024-09-18,2024,0.0,0.0,-69.0,close
2024-09-19,2024,0.0075,0.005,-110.85000000000001,stop
2024-09-19,2024,0.0075,0.0075,-165.275,stop
2024-09-19,2024,0.0075,0.01,-219.70000000000002,stop
2024-09-19,2024,0.0075,0.015,-303.0,close
2024-09-19,2024,0.0075,0.0,-303.0,close
2024-09-19,2024,0.01,0.005,-110.85000000000001,stop
2024-09-19,2024,0.01,0.0075,-165.275,stop
2024-09-19,2024,0.01,0.01,-219.70000000000002,stop
2024-09-19,2024,0.01,0.015,-303.0,close
2024-09-19,2024,0.01,0.0,-303.0,close
2024-09-19,2024,0.015,0.005,-110.85000000000001,stop
2024-09-19,2024,0.015,0.0075,-165.275,stop
2024-09-19,2024,0.015,0.01,-219.70000000000002,stop
2024-09-19,2024,0.015,0.015,-303.0,close
2024-09-19,2024,0.015,0.0,-303.0,close
2024-09-19,2024,0.0,0.005,-110.85000000000001,stop
2024-09-19,2024,0.0,0.0075,-165.275,stop
2024-09-19,2024,0.0,0.01,-219.70000000000002,stop
2024-09-19,2024,0.0,0.015,-303.0,close
2024-09-19,2024,0.0,0.0,-303.0,close
2024-09-20,2024,0.0075,0.005,101.0,close
2024-09-20,2024,0.0075,0.0075,101.0,close
2024-09-20,2024,0.0075,0.01,101.0,close
2024-09-20,2024,0.0075,0.015,101.0,close
2024-09-20,2024,0.0075,0.0,101.0,close
2024-09-20,2024,0.01,0.005,101.0,close
2024-09-20,2024,0.01,0.0075,101.0,close
2024-09-20,2024,0.01,0.01,101.0,close
2024-09-20,2024,0.01,0.015,101.0,close
2024-09-20,2024,0.01,0.0,101.0,close
2024-09-20,2024,0.015,0.005,101.0,close
2024-09-20,2024,0.015,0.0075,101.0,close
2024-09-20,2024,0.015,0.01,101.0,close
2024-09-20,2024,0.015,0.015,101.0,close
2024-09-20,2024,0.015,0.0,101.0,close
2024-09-20,2024,0.0,0.005,101.0,close
2024-09-20,2024,0.0,0.0075,101.0,close
2024-09-20,2024,0.0,0.01,101.0,close
2024-09-20,2024,0.0,0.015,101.0,close
2024-09-20,2024,0.0,0.0,101.0,close
2024-09-23,2024,0.0075,0.005,-40.0,close
2024-09-23,2024,0.0075,0.0075,-40.0,close
2024-09-23,2024,0.0075,0.01,-40.0,close
2024-09-23,2024,0.0075,0.015,-40.0,close
2024-09-23,2024,0.0075,0.0,-40.0,close
2024-09-23,2024,0.01,0.005,-40.0,close
2024-09-23,2024,0.01,0.0075,-40.0,close
2024-09-23,2024,0.01,0.01,-40.0,close
2024-09-23,2024,0.01,0.015,-40.0,close
2024-09-23,2024,0.01,0.0,-40.0,close
2024-09-23,2024,0.015,0.005,-40.0,close
2024-09-23,2024,0.015,0.0075,-40.0,close
2024-09-23,2024,0.015,0.01,-40.0,close
2024-09-23,2024,0.015,0.015,-40.0,close
2024-09-23,2024,0.015,0.0,-40.0,close
2024-09-23,2024,0.0,0.005,-40.0,close
2024-09-23,2024,0.0,0.0075,-40.0,close
2024-09-23,2024,0.0,0.01,-40.0,close
2024-09-23,2024,0.0,0.015,-40.0,close
2024-09-23,2024,0.0,0.0,-40.0,close
2024-09-24,2024,0.0075,0.005,-113.515,stop
2024-09-24,2024,0.0075,0.0075,165.2725,target
2024-09-24,2024,0.0075,0.01,165.2725,target
2024-09-24,2024,0.0075,0.015,165.2725,target
2024-09-24,2024,0.0075,0.0,165.2725,target
2024-09-24,2024,0.01,0.005,-113.515,stop
2024-09-24,2024,0.01,0.0075,187.0,close
2024-09-24,2024,0.01,0.01,187.0,close
2024-09-24,2024,0.01,0.015,187.0,close
2024-09-24,2024,0.01,0.0,187.0,close
2024-09-24,2024,0.015,0.005,-113.515,stop
2024-09-24,2024,0.015,0.0075,187.0,close
2024-09-24,2024,0.015,0.01,187.0,close
2024-09-24,2024,0.015,0.015,187.0,close
2024-09-24,2024,0.015,0.0,187.0,close
2024-09-24,2024,0.0,0.005,-113.515,stop
2024-09-24,2024,0.0,0.0075,187.0,close
2024-09-24,2024,0.0,0.01,187.0,close
2024-09-24,2024,0.0,0.015,187.0,close
2024-09-24,2024,0.0,0.0,187.0,close
2024-09-25,2024,0.0075,0.005,-46.0,close
2024-09-25,2024,0.0075,0.0075,-46.0,close
2024-09-25,2024,0.0075,0.01,-46.0,close
2024-09-25,2024,0.0075,0.015,-46.0,close
2024-09-25,2024,0.0075,0.0,-46.0,close
2024-09-25,2024,0.01,0.005,-46.0,close
2024-09-25,2024,0.01,0.0075,-46.0,close
2024-09-25,2024,0.01,0.01,-46.0,close
2024-09-25,2024,0.01,0.015,-46.0,close
2024-09-25,2024,0.01,0.0,-46.0,close
2024-09-25,2024,0.015,0.005,-46.0,close
2024-09-25,2024,0.015,0.0075,-46.0,close
2024-09-25,2024,0.015,0.01,-46.0,close
2024-09-25,2024,0.015,0.015,-46.0,close
2024-09-25,2024,0.015,0.0,-46.0,close
2024-09-25,2024,0.0,0.005,-46.0,close
2024-09-25,2024,0.0,0.0075,-46.0,close
2024-09-25,2024,0.0,0.01,-46.0,close
2024-09-25,2024,0.0,0.015,-46.0,close
2024-09-25,2024,0.0,0.0,-46.0,close
2024-09-26,2024,0.0075,0.005,-117.11,stop
2024-09-26,2024,0.0075,0.0075,-69.0,close
2024-09-26,2024,0.0075,0.01,-69.0,close
2024-09-26,2024,0.0075,0.015,-69.0,close
2024-09-26,2024,0.0075,0.0,-69.0,close
2024-09-26,2024,0.01,0.005,-117.11,stop
2024-09-26,2024,0.01,0.0075,-69.0,close
2024-09-26,2024,0.01,0.01,-69.0,close
2024-09-26,2024,0.01,0.015,-69.0,close
2024-09-26,2024,0.01,0.0,-69.0,close
2024-09-26,2024,0.015,0.005,-117.11,stop
2024-09-26,2024,0.015,0.0075,-69.0,close
2024-09-26,2024,0.015,0.01,-69.0,close
2024-09-26,2024,0.015,0.015,-69.0,close
2024-09-26,2024,0.015,0.0,-69.0,close
2024-09-26,2024,0.0,0.005,-117.11,stop
2024-09-26,2024,0.0,0.0075,-69.0,close
2024-09-26,2024,0.0,0.01,-69.0,close
2024-09-26,2024,0.0,0.015,-69.0,close
2024-09-26,2024,0.0,0.0,-69.0,close
2024-09-27,2024,0.0075,0.005,171.08499999999998,target
2024-09-27,2024,0.0075,0.0075,171.08499999999998,target
2024-09-27,2024,0.0075,0.01,171.08499999999998,target
2024-09-27,2024,0.0075,0.015,171.08499999999998,target
2024-09-27,2024,0.0075,0.0,171.08499999999998,target
2024-09-27,2024,0.01,0.005,191.0,close
2024-09-27,2024,0.01,0.0075,191.0,close
2024-09-27,2024,0.01,0.01,191.0,close
2024-09-27,2024,0.01,0.015,191.0,close
2024-09-27,2024,0.01,0.0,191.0,close
2024-09-27,2024,0.015,0.005,191.0,close
2024-09-27,2024,0.015,0.0075,191.0,close
2024-09-27,2024,0.015,0.01,191.0,close
2024-09-27,2024,0.015,0.015,191.0,close
2024-09-27,2024,0.015,0.0,191.0,close
2024-09-27,2024,0.0,0.005,191.0,close
2024-09-27,2024,0.0,0.0075,191.0,close
2024-09-27,2024,0.0,0.01,191.0,close
2024-09-27,2024,0.0,0.015,191.0,close
2024-09-27,2024,0.0,0.0,191.0,close
2024-09-30,2024,0.0075,0.005,168.0775,target
2024-09-30,2024,0.0075,0.0075,168.0775,target
2024-09-30,2024,0.0075,0.01,168.0775,target
2024-09-30,2024,0.0075,0.015,168.0775,target
2024-09-30,2024,0.0075,0.0,168.0775,target
2024-09-30,2024,0.01,0.005,224.77,target
2024-09-30,2024,0.01,0.0075,224.77,target
2024-09-30,2024,0.01,0.01,224.77,target
2024-09-30,2024,0.01,0.015,224.77,target
2024-09-30,2024,0.01,0.0,224.77,target
2024-09-30,2024,0.015,0.005,338.155,target
2024-09-30,2024,0.015,0.0075,338.155,target
2024-09-30,2024,0.015,0.01,338.155,target
2024-09-30,2024,0.015,0.015,338.155,target
2024-09-30,2024,0.015,0.0,338.155,target
2024-09-30,2024,0.0,0.005,348.0,close
2024-09-30,2024,0.0,0.0075,348.0,close
2024-09-30,2024,0.0,0.01,348.0,close
2024-09-30,2024,0.0,0.015,348.0,close
2024-09-30,2024,0.0,0.0,348.0,close
2024-10-04,2024,0.0075,0.005,165.4375,target
2024-10-04,2024,0.0075,0.0075,165.4375,target
2024-10-04,2024,0.0075,0.01,165.4375,target
2024-10-04,2024,0.0075,0.015,165.4375,target
2024-10-04,2024,0.0075,0.0,165.4375,target
2024-10-04,2024,0.01,0.005,-45.0,close
2024-10-04,2024,0.01,0.0075,-45.0,close
2024-10-04,2024,0.01,0.01,-45.0,close
2024-10-04,2024,0.01,0.015,-45.0,close
2024-10-04,2024,0.01,0.0,-45.0,close
2024-10-04,2024,0.015,0.005,-45.0,close
2024-10-04,2024,0.015,0.0075,-45.0,close
2024-10-04,2024,0.015,0.01,-45.0,close
2024-10-04,2024,0.015,0.015,-45.0,close
2024-10-04,2024,0.015,0.0,-45.0,close
2024-10-04,2024,0.0,0.005,-45.0,close
2024-10-04,2024,0.0,0.0075,-45.0,close
2024-10-04,2024,0.0,0.01,-45.0,close
2024-10-04,2024,0.0,0.015,-45.0,close
2024-10-04,2024,0.0,0.0,-45.0,close
2024-10-07,2024,0.0075,0.005,167.215,target
2024-10-07,2024,0.0075,0.0075,167.215,target
2024-10-07,2024,0.0075,0.01,167.215,target
2024-10-07,2024,0.0075,0.015,167.215,target
2024-10-07,2024,0.0075,0.0,167.215,target
2024-10-07,2024,0.01,0.005,223.62,target
2024-10-07,2024,0.01,0.0075,223.62,target
2024-10-07,2024,0.01,0.01,223.62,target
2024-10-07,2024,0.01,0.015,223.62,target
2024-10-07,2024,0.01,0.0,223.62,target
2024-10-07,2024,0.015,0.005,209.0,close
2024-10-07,2024,0.015,0.0075,209.0,close
2024-10-07,2024,0.015,0.01,209.0,close
2024-10-07,2024,0.015,0.015,209.0,close
2024-10-07,2024,0.015,0.0,209.0,close
2024-10-07,2024,0.0,0.005,209.0,close
2024-10-07,2024,0.0,0.0075,209.0,close
2024-10-07,2024,0.0,0.01,209.0,close
2024-10-07,2024,0.0,0.015,209.0,close
2024-10-07,2024,0.0,0.0,209.0,close
2024-10-09,2024,0.0075,0.005,-72.0,close
2024-10-09,2024,0.0075,0.0075,-72.0,close
2024-10-09,2024,0.0075,0.01,-72.0,close
2024-10-09,2024,0.0075,0.015,-72.0,close
2024-10-09,2024,0.0075,0.0,-72.0,close
2024-10-09,2024,0.01,0.005,-72.0,close
2024-10-09,2024,0.01,0.0075,-72.0,close
2024-10-09,2024,0.01,0.01,-72.0,close
2024-10-09,2024,0.01,0.015,-72.0,close
2024-10-09,2024,0.01,0.0,-72.0,close
2024-10-09,2024,0.015,0.005,-72.0,close
2024-10-09,2024,0.015,0.0075,-72.0,close
2024-10-09,2024,0.015,0.01,-72.0,close
2024-10-09,2024,0.015,0.015,-72.0,close
2024-10-09,2024,0.015,0.0,-72.0,close
2024-10-09,2024,0.0,0.005,-72.0,close
2024-10-09,2024,0.0,0.0075,-72.0,close
2024-10-09,2024,0.0,0.01,-72.0,close
2024-10-09,2024,0.0,0.015,-72.0,close
2024-10-09,2024,0.0,0.0,-72.0,close
2024-10-14,2024,0.0075,0.005,-117.005,stop
2024-10-14,2024,0.0075,0.0075,-174.5075,stop
2024-10-14,2024,0.0075,0.01,5.0,close
2024-10-14,2024,0.0075,0.015,5.0,close
2024-10-14,2024,0.0075,0.0,5.0,close
2024-10-14,2024,0.01,0.005,-117.005,stop
2024-10-14,2024,0.01,0.0075,-174.5075,stop
2024-10-14,2024,0.01,0.01,5.0,close
2024-10-14,2024,0.01,0.015,5.0,close
2024-10-14,2024,0.01,0.0,5.0,close
2024-10-14,2024,0.015,0.005,-117.005,stop
2024-10-14,2024,0.015,0.0075,-174.5075,stop
2024-10-14,2024,0.015,0.01,5.0,close
2024-10-14,2024,0.015,0.015,5.0,close
2024-10-14,2024,0.015,0.0,5.0,close
2024-10-14,2024,0.0,0.005,-117.005,stop
2024-10-14,2024,0.0,0.0075,-174.5075,stop
2024-10-14,2024,0.0,0.01,5.0,close
2024-10-14,2024,0.0,0.015,5.0,close
2024-10-14,2024,0.0,0.0,5.0,close
2024-10-15,2024,0.0075,0.005,171.7225,target
2024-10-15,2024,0.0075,0.0075,171.7225,target
2024-10-15,2024,0.0075,0.01,171.7225,target
2024-10-15,2024,0.0075,0.015,171.7225,target
2024-10-15,2024,0.0075,0.0,171.7225,target
2024-10-15,2024,0.01,0.005,63.0,close
2024-10-15,2024,0.01,0.0075,63.0,close
2024-10-15,2024,0.01,0.01,63.0,close
2024-10-15,2024,0.01,0.015,63.0,close
2024-10-15,2024,0.01,0.0,63.0,close
2024-10-15,2024,0.015,0.005,63.0,close
2024-10-15,2024,0.015,0.0075,63.0,close
2024-10-15,2024,0.015,0.01,63.0,close
2024-10-15,2024,0.015,0.015,63.0,close
2024-10-15,2024,0.015,0.0,63.0,close
2024-10-15,2024,0.0,0.005,63.0,close
2024-10-15,2024,0.0,0.0075,63.0,close
2024-10-15,2024,0.0,0.01,63.0,close
2024-10-15,2024,0.0,0.015,63.0,close
2024-10-15,2024,0.0,0.0,63.0,close
2024-10-17,2024,0.0075,0.005,-117.675,stop
2024-10-17,2024,0.0075,0.0075,123.0,close
2024-10-17,2024,0.0075,0.01,123.0,close
2024-10-17,2024,0.0075,0.015,123.0,close
2024-10-17,2024,0.0075,0.0,123.0,close
2024-10-17,2024,0.01,0.005,-117.675,stop
2024-10-17,2024,0.01,0.0075,123.0,close
2024-10-17,2024,0.01,0.01,123.0,close
2024-10-17,2024,0.01,0.015,123.0,close
2024-10-17,2024,0.01,0.0,123.0,close
2024-10-17,2024,0.015,0.005,-117.675,stop
2024-10-17,2024,0.015,0.0075,123.0,close
2024-10-17,2024,0.015,0.01,123.0,close
2024-10-17,2024,0.015,0.015,123.0,close
2024-10-17,2024,0.015,0.0,123.0,close
2024-10-17,2024,0.0,0.005,-117.675,stop
2024-10-17,2024,0.0,0.0075,123.0,close
2024-10-17,2024,0.0,0.01,123.0,close
2024-10-17,2024,0.0,0.015,123.0,close
2024-10-17,2024,0.0,0.0,123.0,close
2024-10-18,2024,0.0075,0.005,-121.16,stop
2024-10-18,2024,0.0075,0.0075,-180.73999999999998,stop
2024-10-18,2024,0.0075,0.01,-240.32,stop
2024-10-18,2024,0.0075,0.015,-174.0,close
2024-10-18,2024,0.0075,0.0,-174.0,close
2024-10-18,2024,0.01,0.005,-121.16,stop
2024-10-18,2024,0.01,0.0075,-180.73999999999998,stop
2024-10-18,2024,0.01,0.01,-240.32,stop
2024-10-18,2024,0.01,0.015,-174.0,close
2024-10-18,2024,0.01,0.0,-174.0,close
2024-10-18,2024,0.015,0.005,-121.16,stop
2024-10-18,2024,0.015,0.0075,-180.73999999999998,stop
2024-10-18,2024,0.015,0.01,-240.32,stop
2024-10-18,2024,0.015,0.015,-174.0,close
2024-10-18,2024,0.015,0.0,-174.0,close
2024-10-18,2024,0.0,0.005,-121.16,stop
2024-10-18,2024,0.0,0.0075,-180.73999999999998,stop
2024-10-18,2024,0.0,0.01,-240.32,stop
2024-10-18,2024,0.0,0.015,-174.0,close
2024-10-18,2024,0.0,0.0,-174.0,close
2024-10-21,2024,0.0075,0.005,-121.05,stop
2024-10-21,2024,0.0075,0.0075,-180.575,stop
2024-10-21,2024,0.0075,0.01,-240.1,stop
2024-10-21,2024,0.0075,0.015,-241.0,close
2024-10-21,2024,0.0075,0.0,-241.0,close
2024-10-21,2024,0.01,0.005,-121.05,stop
2024-10-21,2024,0.01,0.0075,-180.575,stop
2024-10-21,2024,0.01,0.01,-240.1,stop
2024-10-21,2024,0.01,0.015,-241.0,close
2024-10-21,2024,0.01,0.0,-241.0,close
2024-10-21,2024,0.015,0.005,-121.05,stop
2024-10-21,2024,0.015,0.0075,-180.575,stop
2024-10-21,2024,0.015,0.01,-240.1,stop
2024-10-21,2024,0.015,0.015,-241.0,close
2024-10-21,2024,0.015,0.0,-241.0,close
2024-10-21,2024,0.0,0.005,-121.05,stop
2024-10-21,2024,0.0,0.0075,-180.575,stop
2024-10-21,2024,0.0,0.01,-240.1,stop
2024-10-21,2024,0.0,0.015,-241.0,close
2024-10-21,2024,0.0,0.0,-241.0,close
2024-10-22,2024,0.0075,0.005,-119.83500000000001,stop
2024-10-22,2024,0.0075,0.0075,-178.7525,stop
2024-10-22,2024,0.0075,0.01,57.0,close
2024-10-22,2024,0.0075,0.015,57.0,close
2024-10-22,2024,0.0075,0.0,57.0,close
2024-10-22,2024,0.01,0.005,-119.83500000000001,stop
2024-10-22,2024,0.01,0.0075,-178.7525,stop
2024-10-22,2024,0.01,0.01,57.0,close
2024-10-22,2024,0.01,0.015,57.0,close
2024-10-22,2024,0.01,0.0,57.0,close
2024-10-22,2024,0.015,0.005,-119.83500000000001,stop
2024-10-22,2024,0.015,0.0075,-178.7525,stop
2024-10-22,2024,0.015,0.01,57.0,close
2024-10-22,2024,0.015,0.015,57.0,close
2024-10-22,2024,0.015,0.0,57.0,close
2024-10-22,2024,0.0,0.005,-119.83500000000001,stop
2024-10-22,2024,0.0,0.0075,-178.7525,stop
2024-10-22,2024,0.0,0.01,57.0,close
2024-10-22,2024,0.0,0.015,57.0,close
2024-10-22,2024,0.0,0.0,57.0,close
2024-10-24,2024,0.0075,0.005,73.0,close
2024-10-24,2024,0.0075,0.0075,73.0,close
2024-10-24,2024,0.0075,0.01,73.0,close
2024-10-24,2024,0.0075,0.015,73.0,close
2024-10-24,2024,0.0075,0.0,73.0,close
2024-10-24,2024,0.01,0.005,73.0,close
2024-10-24,2024,0.01,0.0075,73.0,close
2024-10-24,2024,0.01,0.01,73.0,close
2024-10-24,2024,0.01,0.015,73.0,close
2024-10-24,2024,0.01,0.0,73.0,close
2024-10-24,2024,0.015,0.005,73.0,close
2024-10-24,2024,0.015,0.0075,73.0,close
2024-10-24,2024,0.015,0.01,73.0,close
2024-10-24,2024,0.015,0.015,73.0,close
2024-10-24,2024,0.015,0.0,73.0,close
2024-10-24,2024,0.0,0.005,73.0,close
2024-10-24,2024,0.0,0.0075,73.0,close
2024-10-24,2024,0.0,0.01,73.0,close
2024-10-24,2024,0.0,0.015,73.0,close
2024-10-24,2024,0.0,0.0,73.0,close
2024-10-25,2024,0.0075,0.005,172.54,target
2024-10-25,2024,0.0075,0.0075,172.54,target
2024-10-25,2024,0.0075,0.01,172.54,target
2024-10-25,2024,0.0075,0.015,172.54,target
2024-10-25,2024,0.0075,0.0,172.54,target
2024-10-25,2024,0.01,0.005,203.0,close
2024-10-25,2024,0.01,0.0075,203.0,close
2024-10-25,2024,0.01,0.01,203.0,close
2024-10-25,2024,0.01,0.015,203.0,close
2024-10-25,2024,0.01,0.0,203.0,close
2024-10-25,2024,0.015,0.005,203.0,close
2024-10-25,2024,0.015,0.0075,203.0,close
2024-10-25,2024,0.015,0.01,203.0,close
2024-10-25,2024,0.015,0.015,203.0,close
2024-10-25,2024,0.015,0.0,203.0,close
2024-10-25,2024,0.0,0.005,203.0,close
2024-10-25,2024,0.0,0.0075,203.0,close
2024-10-25,2024,0.0,0.01,203.0,close
2024-10-25,2024,0.0,0.015,203.0,close
2024-10-25,2024,0.0,0.0,203.0,close
2024-10-28,2024,0.0075,0.005,-120.22,stop
2024-10-28,2024,0.0075,0.0075,-179.32999999999998,stop
2024-10-28,2024,0.0075,0.01,-238.44,stop
2024-10-28,2024,0.0075,0.015,-356.65999999999997,stop
2024-10-28,2024,0.0075,0.0,-326.0,close
2024-10-28,2024,0.01,0.005,-120.22,stop
2024-10-28,2024,0.01,0.0075,-179.32999999999998,stop
2024-10-28,2024,0.01,0.01,-238.44,stop
2024-10-28,2024,0.01,0.015,-356.65999999999997,stop
2024-10-28,2024,0.01,0.0,-326.0,close
2024-10-28,2024,0.015,0.005,-120.22,stop
2024-10-28,2024,0.015,0.0075,-179.32999999999998,stop
2024-10-28,2024,0.015,0.01,-238.44,stop
2024-10-28,2024,0.015,0.015,-356.65999999999997,stop
2024-10-28,2024,0.015,0.0,-326.0,close
2024-10-28,2024,0.0,0.005,-120.22,stop
2024-10-28,2024,0.0,0.0075,-179.32999999999998,stop
2024-10-28,2024,0.0,0.01,-238.44,stop
2024-10-28,2024,0.0,0.015,-356.65999999999997,stop
2024-10-28,2024,0.0,0.0,-326.0,close
2024-10-30,2024,0.0075,0.005,171.4375,target
2024-10-30,2024,0.0075,0.0075,171.4375,target
2024-10-30,2024,0.0075,0.01,171.4375,target
2024-10-30,2024,0.0075,0.015,171.4375,target
2024-10-30,2024,0.0075,0.0,171.4375,target
2024-10-30,2024,0.01,0.005,229.25,target
2024-10-30,2024,0.01,0.0075,229.25,target
2024-10-30,2024,0.01,0.01,229.25,target
2024-10-30,2024,0.01,0.015,229.25,target
2024-10-30,2024,0.01,0.0,229.25,target
2024-10-30,2024,0.015,0.005,222.0,close
2024-10-30,2024,0.015,0.0075,222.0,close
2024-10-30,2024,0.015,0.01,222.0,close
2024-10-30,2024,0.015,0.015,222.0,close
2024-10-30,2024,0.015,0.0,222.0,close
2024-10-30,2024,0.0,0.005,222.0,close
2024-10-30,2024,0.0,0.0075,222.0,close
2024-10-30,2024,0.0,0.01,222.0,close
2024-10-30,2024,0.0,0.015,222.0,close
2024-10-30,2024,0.0,0.0,222.0,close
2024-11-04,2024,0.0075,0.005,168.92499999999998,target
2024-11-04,2024,0.0075,0.0075,168.92499999999998,target
2024-11-04,2024,0.0075,0.01,168.92499999999998,target
2024-11-04,2024,0.0075,0.015,168.92499999999998,target
2024-11-04,2024,0.0075,0.0,168.92499999999998,target
2024-11-04,2024,0.01,0.005,225.9,target
2024-11-04,2024,0.01,0.0075,225.9,target
2024-11-04,2024,0.01,0.01,225.9,target
2024-11-04,2024,0.01,0.015,225.9,target
2024-11-04,2024,0.01,0.0,225.9,target
2024-11-04,2024,0.015,0.005,243.0,close
2024-11-04,2024,0.015,0.0075,243.0,close
2024-11-04,2024,0.015,0.01,243.0,close
2024-11-04,2024,0.015,0.015,243.0,close
2024-11-04,2024,0.015,0.0,243.0,close
2024-11-04,2024,0.0,0.005,243.0,close
2024-11-04,2024,0.0,0.0075,243.0,close
2024-11-04,2024,0.0,0.01,243.0,close
2024-11-04,2024,0.0,0.015,243.0,close
2024-11-04,2024,0.0,0.0,243.0,close
2024-11-06,2024,0.0075,0.005,-118.295,stop
2024-11-06,2024,0.0075,0.0075,-176.4425,stop
2024-11-06,2024,0.0075,0.01,172.4425,target
2024-11-06,2024,0.0075,0.015,172.4425,target
2024-11-06,2024,0.0075,0.0,172.4425,target
2024-11-06,2024,0.01,0.005,-118.295,stop
2024-11-06,2024,0.01,0.0075,-176.4425,stop
2024-11-06,2024,0.01,0.01,60.0,close
2024-11-06,2024,0.01,0.015,60.0,close
2024-11-06,2024,0.01,0.0,60.0,close
2024-11-06,2024,0.015,0.005,-118.295,stop
2024-11-06,2024,0.015,0.0075,-176.4425,stop
2024-11-06,2024,0.015,0.01,60.0,close
2024-11-06,2024,0.015,0.015,60.0,close
2024-11-06,2024,0.015,0.0,60.0,close
2024-11-06,2024,0.0,0.005,-118.295,stop
2024-11-06,2024,0.0,0.0075,-176.4425,stop
2024-11-06,2024,0.0,0.01,60.0,close
2024-11-06,2024,0.0,0.015,60.0,close
2024-11-06,2024,0.0,0.0,60.0,close
2024-11-07,2024,0.0075,0.005,-119.11500000000001,stop
2024-11-07,2024,0.0075,0.0075,-112.0,close
2024-11-07,2024,0.0075,0.01,-112.0,close
2024-11-07,2024,0.0075,0.015,-112.0,close
2024-11-07,2024,0.0075,0.0,-112.0,close
2024-11-07,2024,0.01,0.005,-119.11500000000001,stop
2024-11-07,2024,0.01,0.0075,-112.0,close
2024-11-07,2024,0.01,0.01,-112.0,close
2024-11-07,2024,0.01,0.015,-112.0,close
2024-11-07,2024,0.01,0.0,-112.0,close
2024-11-07,2024,0.015,0.005,-119.11500000000001,stop
2024-11-07,2024,0.015,0.0075,-112.0,close
2024-11-07,2024,0.015,0.01,-112.0,close
2024-11-07,2024,0.015,0.015,-112.0,close
2024-11-07,2024,0.015,0.0,-112.0,close
2024-11-07,2024,0.0,0.005,-119.11500000000001,stop
2024-11-07,2024,0.0,0.0075,-112.0,close
2024-11-07,2024,0.0,0.01,-112.0,close
2024-11-07,2024,0.0,0.015,-112.0,close
2024-11-07,2024,0.0,0.0,-112.0,close
2024-11-08,2024,0.0075,0.005,176.035,target
2024-11-08,2024,0.0075,0.0075,176.035,target
2024-11-08,2024,0.0075,0.01,176.035,target
2024-11-08,2024,0.0075,0.015,176.035,target
2024-11-08,2024,0.0075,0.0,176.035,target
2024-11-08,2024,0.01,0.005,-41.0,close
2024-11-08,2024,0.01,0.0075,-41.0,close
2024-11-08,2024,0.01,0.01,-41.0,close
2024-11-08,2024,0.01,0.015,-41.0,close
2024-11-08,2024,0.01,0.0,-41.0,close
2024-11-08,2024,0.015,0.005,-41.0,close
2024-11-08,2024,0.015,0.0075,-41.0,close
2024-11-08,2024,0.015,0.01,-41.0,close
2024-11-08,2024,0.015,0.015,-41.0,close
2024-11-08,2024,0.015,0.0,-41.0,close
2024-11-08,2024,0.0,0.005,-41.0,close
2024-11-08,2024,0.0,0.0075,-41.0,close
2024-11-08,2024,0.0,0.01,-41.0,close
2024-11-08,2024,0.0,0.015,-41.0,close
2024-11-08,2024,0.0,0.0,-41.0,close
2024-11-19,2024,0.0075,0.005,167.725,target
2024-11-19,2024,0.0075,0.0075,167.725,target
2024-11-19,2024,0.0075,0.01,167.725,target
2024-11-19,2024,0.0075,0.015,167.725,target
2024-11-19,2024,0.0075,0.0,167.725,target
2024-11-19,2024,0.01,0.005,224.3,target
2024-11-19,2024,0.01,0.0075,224.3,target
2024-11-19,2024,0.01,0.01,224.3,target
2024-11-19,2024,0.01,0.015,224.3,target
2024-11-19,2024,0.01,0.0,224.3,target
2024-11-19,2024,0.015,0.005,337.45,target
2024-11-19,2024,0.015,0.0075,337.45,target
2024-11-19,2024,0.015,0.01,337.45,target
2024-11-19,2024,0.015,0.015,337.45,target
2024-11-19,2024,0.015,0.0,337.45,target
2024-11-19,2024,0.0,0.005,221.0,close
2024-11-19,2024,0.0,0.0075,221.0,close
2024-11-19,2024,0.0,0.01,221.0,close
2024-11-19,2024,0.0,0.015,221.0,close
2024-11-19,2024,0.0,0.0,221.0,close
2024-11-20,2024,0.0075,0.005,-116.75,stop
2024-11-20,2024,0.0075,0.0075,-174.125,stop
2024-11-20,2024,0.0075,0.01,-175.0,close
2024-11-20,2024,0.0075,0.015,-175.0,close
2024-11-20,2024,0.0075,0.0,-175.0,close
2024-11-20,2024,0.01,0.005,-116.75,stop
2024-11-20,2024,0.01,0.0075,-174.125,stop
2024-11-20,2024,0.01,0.01,-175.0,close
2024-11-20,2024,0.01,0.015,-175.0,close
2024-11-20,2024,0.01,0.0,-175.0,close
2024-11-20,2024,0.015,0.005,-116.75,stop
2024-11-20,2024,0.015,0.0075,-174.125,stop
2024-11-20,2024,0.015,0.01,-175.0,close
2024-11-20,2024,0.015,0.015,-175.0,close
2024-11-20,2024,0.015,0.0,-175.0,close
2024-11-20,2024,0.0,0.005,-116.75,stop
2024-11-20,2024,0.0,0.0075,-174.125,stop
2024-11-20,2024,0.0,0.01,-175.0,close
2024-11-20,2024,0.0,0.015,-175.0,close
2024-11-20,2024,0.0,0.0,-175.0,close
2024-11-22,2024,0.0075,0.005,169.0375,target
2024-11-22,2024,0.0075,0.0075,169.0375,target
2024-11-22,2024,0.0075,0.01,169.0375,target
2024-11-22,2024,0.0075,0.015,169.0375,target
2024-11-22,2024,0.0075,0.0,169.0375,target
2024-11-22,2024,0.01,0.005,226.05,target
2024-11-22,2024,0.01,0.0075,226.05,target
2024-11-22,2024,0.01,0.01,226.05,target
2024-11-22,2024,0.01,0.015,226.05,target
2024-11-22,2024,0.01,0.0,226.05,target
2024-11-22,2024,0.015,0.005,226.0,close
2024-11-22,2024,0.015,0.0075,226.0,close
2024-11-22,2024,0.015,0.01,226.0,close
2024-11-22,2024,0.015,0.015,226.0,close
2024-11-22,2024,0.015,0.0,226.0,close
2024-11-22,2024,0.0,0.005,226.0,close
2024-11-22,2024,0.0,0.0075,226.0,close
2024-11-22,2024,0.0,0.01,226.0,close
2024-11-22,2024,0.0,0.015,226.0,close
2024-11-22,2024,0.0,0.0,226.0,close
2024-11-26,2024,0.0075,0.005,-115.665,stop
2024-11-26,2024,0.0075,0.0075,-97.0,close
2024-11-26,2024,0.0075,0.01,-97.0,close
2024-11-26,2024,0.0075,0.015,-97.0,close
2024-11-26,2024,0.0075,0.0,-97.0,close
2024-11-26,2024,0.01,0.005,-115.665,stop
2024-11-26,2024,0.01,0.0075,-97.0,close
2024-11-26,2024,0.01,0.01,-97.0,close
2024-11-26,2024,0.01,0.015,-97.0,close
2024-11-26,2024,0.01,0.0,-97.0,close
2024-11-26,2024,0.015,0.005,-115.665,stop
2024-11-26,2024,0.015,0.0075,-97.0,close
2024-11-26,2024,0.015,0.01,-97.0,close
2024-11-26,2024,0.015,0.015,-97.0,close
2024-11-26,2024,0.015,0.0,-97.0,close
2024-11-26,2024,0.0,0.005,-115.665,stop
2024-11-26,2024,0.0,0.0075,-97.0,close
2024-11-26,2024,0.0,0.01,-97.0,close
2024-11-26,2024,0.0,0.015,-97.0,close
2024-11-26,2024,0.0,0.0,-97.0,close
2024-11-27,2024,0.0075,0.005,167.58249999999998,target
2024-11-27,2024,0.0075,0.0075,167.58249999999998,target
2024-11-27,2024,0.0075,0.01,167.58249999999998,target
2024-11-27,2024,0.0075,0.015,167.58249999999998,target
2024-11-27,2024,0.0075,0.0,167.58249999999998,target
2024-11-27,2024,0.01,0.005,224.11,target
2024-11-27,2024,0.01,0.0075,224.11,target
2024-11-27,2024,0.01,0.01,224.11,target
2024-11-27,2024,0.01,0.015,224.11,target
2024-11-27,2024,0.01,0.0,224.11,target
2024-11-27,2024,0.015,0.005,266.0,close
2024-11-27,2024,0.015,0.0075,266.0,close
2024-11-27,2024,0.015,0.01,266.0,close
2024-11-27,2024,0.015,0.015,266.0,close
2024-11-27,2024,0.015,0.0,266.0,close
2024-11-27,2024,0.0,0.005,266.0,close
2024-11-27,2024,0.0,0.0075,266.0,close
2024-11-27,2024,0.0,0.01,266.0,close
2024-11-27,2024,0.0,0.015,266.0,close
2024-11-27,2024,0.0,0.0,266.0,close
2024-11-28,2024,0.0075,0.005,165.3475,target
2024-11-28,2024,0.0075,0.0075,165.3475,target
2024-11-28,2024,0.0075,0.01,165.3475,target
2024-11-28,2024,0.0075,0.015,165.3475,target
2024-11-28,2024,0.0075,0.0,165.3475,target
2024-11-28,2024,0.01,0.005,-25.0,close
2024-11-28,2024,0.01,0.0075,-25.0,close
2024-11-28,2024,0.01,0.01,-25.0,close
2024-11-28,2024,0.01,0.015,-25.0,close
2024-11-28,2024,0.01,0.0,-25.0,close
2024-11-28,2024,0.015,0.005,-25.0,close
2024-11-28,2024,0.015,0.0075,-25.0,close
2024-11-28,2024,0.015,0.01,-25.0,close
2024-11-28,2024,0.015,0.015,-25.0,close
2024-11-28,2024,0.015,0.0,-25.0,close
2024-11-28,2024,0.0,0.005,-25.0,close
2024-11-28,2024,0.0,0.0075,-25.0,close
2024-11-28,2024,0.0,0.01,-25.0,close
2024-11-28,2024,0.0,0.015,-25.0,close
2024-11-28,2024,0.0,0.0,-25.0,close
2024-11-29,2024,0.0075,0.005,164.6575,target
2024-11-29,2024,0.0075,0.0075,164.6575,target
2024-11-29,2024,0.0075,0.01,164.6575,target
2024-11-29,2024,0.0075,0.015,164.6575,target
2024-11-29,2024,0.0075,0.0,164.6575,target
2024-11-29,2024,0.01,0.005,-113.105,stop
2024-11-29,2024,0.01,0.0075,-168.6575,stop
2024-11-29,2024,0.01,0.01,-87.0,close
2024-11-29,2024,0.01,0.015,-87.0,close
2024-11-29,2024,0.01,0.0,-87.0,close
2024-11-29,2024,0.015,0.005,-113.105,stop
2024-11-29,2024,0.015,0.0075,-168.6575,stop
2024-11-29,2024,0.015,0.01,-87.0,close
2024-11-29,2024,0.015,0.015,-87.0,close
2024-11-29,2024,0.015,0.0,-87.0,close
2024-11-29,2024,0.0,0.005,-113.105,stop
2024-11-29,2024,0.0,0.0075,-168.6575,stop
2024-11-29,2024,0.0,0.01,-87.0,close
2024-11-29,2024,0.0,0.015,-87.0,close
2024-11-29,2024,0.0,0.0,-87.0,close
2024-12-02,2024,0.0075,0.005,166.9825,target
2024-12-02,2024,0.0075,0.0075,166.9825,target
2024-12-02,2024,0.0075,0.01,166.9825,target
2024-12-02,2024,0.0075,0.015,166.9825,target
2024-12-02,2024,0.0075,0.0,166.9825,target
2024-12-02,2024,0.01,0.005,223.31,target
2024-12-02,2024,0.01,0.0075,223.31,target
2024-12-02,2024,0.01,0.01,223.31,target
2024-12-02,2024,0.01,0.015,223.31,target
2024-12-02,2024,0.01,0.0,223.31,target
2024-12-02,2024,0.015,0.005,292.0,close
2024-12-02,2024,0.015,0.0075,292.0,close
2024-12-02,2024,0.015,0.01,292.0,close
2024-12-02,2024,0.015,0.015,292.0,close
2024-12-02,2024,0.015,0.0,292.0,close
2024-12-02,2024,0.0,0.005,292.0,close
2024-12-02,2024,0.0,0.0075,292.0,close
2024-12-02,2024,0.0,0.01,292.0,close
2024-12-02,2024,0.0,0.015,292.0,close
2024-12-02,2024,0.0,0.0,292.0,close
2024-12-03,2024,0.0075,0.005,-71.0,close
2024-12-03,2024,0.0075,0.0075,-71.0,close
2024-12-03,2024,0.0075,0.01,-71.0,close
2024-12-03,2024,0.0075,0.015,-71.0,close
2024-12-03,2024,0.0075,0.0,-71.0,close
2024-12-03,2024,0.01,0.005,-71.0,close
2024-12-03,2024,0.01,0.0075,-71.0,close
2024-12-03,2024,0.01,0.01,-71.0,close
2024-12-03,2024,0.01,0.015,-71.0,close
2024-12-03,2024,0.01,0.0,-71.0,close
2024-12-03,2024,0.015,0.005,-71.0,close
2024-12-03,2024,0.015,0.0075,-71.0,close
2024-12-03,2024,0.015,0.01,-71.0,close
2024-12-03,2024,0.015,0.015,-71.0,close
2024-12-03,2024,0.015,0.0,-71.0,close
2024-12-03,2024,0.0,0.005,-71.0,close
2024-12-03,2024,0.0,0.0075,-71.0,close
2024-12-03,2024,0.0,0.01,-71.0,close
2024-12-03,2024,0.0,0.015,-71.0,close
2024-12-03,2024,0.0,0.0,-71.0,close
2024-12-05,2024,0.0075,0.005,-14.0,close
2024-12-05,2024,0.0075,0.0075,-14.0,close
2024-12-05,2024,0.0075,0.01,-14.0,close
2024-12-05,2024,0.0075,0.015,-14.0,close
2024-12-05,2024,0.0075,0.0,-14.0,close
2024-12-05,2024,0.01,0.005,-14.0,close
2024-12-05,2024,0.01,0.0075,-14.0,close
2024-12-05,2024,0.01,0.01,-14.0,close
2024-12-05,2024,0.01,0.015,-14.0,close
2024-12-05,2024,0.01,0.0,-14.0,close
2024-12-05,2024,0.015,0.005,-14.0,close
2024-12-05,2024,0.015,0.0075,-14.0,close
2024-12-05,2024,0.015,0.01,-14.0,close
2024-12-05,2024,0.015,0.015,-14.0,close
2024-12-05,2024,0.015,0.0,-14.0,close
2024-12-05,2024,0.0,0.005,-14.0,close
2024-12-05,2024,0.0,0.0075,-14.0,close
2024-12-05,2024,0.0,0.01,-14.0,close
2024-12-05,2024,0.0,0.015,-14.0,close
2024-12-05,2024,0.0,0.0,-14.0,close
2024-12-06,2024,0.0075,0.005,172.975,target
2024-12-06,2024,0.0075,0.0075,172.975,target
2024-12-06,2024,0.0075,0.01,172.975,target
2024-12-06,2024,0.0075,0.015,172.975,target
2024-12-06,2024,0.0075,0.0,172.975,target
2024-12-06,2024,0.01,0.005,154.0,close
2024-12-06,2024,0.01,0.0075,154.0,close
2024-12-06,2024,0.01,0.01,154.0,close
2024-12-06,2024,0.01,0.015,154.0,close
2024-12-06,2024,0.01,0.0,154.0,close
2024-12-06,2024,0.015,0.005,154.0,close
2024-12-06,2024,0.015,0.0075,154.0,close
2024-12-06,2024,0.015,0.01,154.0,close
2024-12-06,2024,0.015,0.015,154.0,close
2024-12-06,2024,0.015,0.0,154.0,close
2024-12-06,2024,0.0,0.005,154.0,close
2024-12-06,2024,0.0,0.0075,154.0,close
2024-12-06,2024,0.0,0.01,154.0,close
2024-12-06,2024,0.0,0.015,154.0,close
2024-12-06,2024,0.0,0.0,154.0,close
2024-12-09,2024,0.0075,0.005,46.0,close
2024-12-09,2024,0.0075,0.0075,46.0,close
2024-12-09,2024,0.0075,0.01,46.0,close
2024-12-09,2024,0.0075,0.015,46.0,close
2024-12-09,2024,0.0075,0.0,46.0,close
2024-12-09,2024,0.01,0.005,46.0,close
2024-12-09,2024,0.01,0.0075,46.0,close
2024-12-09,2024,0.01,0.01,46.0,close
2024-12-09,2024,0.01,0.015,46.0,close
2024-12-09,2024,0.01,0.0,46.0,close
2024-12-09,2024,0.015,0.005,46.0,close
2024-12-09,2024,0.015,0.0075,46.0,close
2024-12-09,2024,0.015,0.01,46.0,close
2024-12-09,2024,0.015,0.015,46.0,close
2024-12-09,2024,0.015,0.0,46.0,close
2024-12-09,2024,0.0,0.005,46.0,close
2024-12-09,2024,0.0,0.0075,46.0,close
2024-12-09,2024,0.0,0.01,46.0,close
2024-12-09,2024,0.0,0.015,46.0,close
2024-12-09,2024,0.0,0.0,46.0,close
2024-12-12,2024,0.0075,0.005,-2.0,close
2024-12-12,2024,0.0075,0.0075,-2.0,close
2024-12-12,2024,0.0075,0.01,-2.0,close
2024-12-12,2024,0.0075,0.015,-2.0,close
2024-12-12,2024,0.0075,0.0,-2.0,close
2024-12-12,2024,0.01,0.005,-2.0,close
2024-12-12,2024,0.01,0.0075,-2.0,close
2024-12-12,2024,0.01,0.01,-2.0,close
2024-12-12,2024,0.01,0.015,-2.0,close
2024-12-12,2024,0.01,0.0,-2.0,close
2024-12-12,2024,0.015,0.005,-2.0,close
2024-12-12,2024,0.015,0.0075,-2.0,close
2024-12-12,2024,0.015,0.01,-2.0,close
2024-12-12,2024,0.015,0.015,-2.0,close
2024-12-12,2024,0.015,0.0,-2.0,close
2024-12-12,2024,0.0,0.005,-2.0,close
2024-12-12,2024,0.0,0.0075,-2.0,close
2024-12-12,2024,0.0,0.01,-2.0,close
2024-12-12,2024,0.0,0.015,-2.0,close
2024-12-12,2024,0.0,0.0,-2.0,close
2024-12-16,2024,0.0075,0.005,172.2625,target
2024-12-16,2024,0.0075,0.0075,172.2625,target
2024-12-16,2024,0.0075,0.01,172.2625,target
2024-12-16,2024,0.0075,0.015,172.2625,target
2024-12-16,2024,0.0075,0.0,172.2625,target
2024-12-16,2024,0.01,0.005,230.35,target
2024-12-16,2024,0.01,0.0075,230.35,target
2024-12-16,2024,0.01,0.01,230.35,target
2024-12-16,2024,0.01,0.015,230.35,target
2024-12-16,2024,0.01,0.0,230.35,target
2024-12-16,2024,0.015,0.005,273.0,close
2024-12-16,2024,0.015,0.0075,273.0,close
2024-12-16,2024,0.015,0.01,273.0,close
2024-12-16,2024,0.015,0.015,273.0,close
2024-12-16,2024,0.015,0.0,273.0,close
2024-12-16,2024,0.0,0.005,273.0,close
2024-12-16,2024,0.0,0.0075,273.0,close
2024-12-16,2024,0.0,0.01,273.0,close
2024-12-16,2024,0.0,0.015,273.0,close
2024-12-16,2024,0.0,0.0,273.0,close
2024-12-17,2024,0.0075,0.005,141.0,close
2024-12-17,2024,0.0075,0.0075,141.0,close
2024-12-17,2024,0.0075,0.01,141.0,close
2024-12-17,2024,0.0075,0.015,141.0,close
2024-12-17,2024,0.0075,0.0,141.0,close
2024-12-17,2024,0.01,0.005,141.0,close
2024-12-17,2024,0.01,0.0075,141.0,close
2024-12-17,2024,0.01,0.01,141.0,close
2024-12-17,2024,0.01,0.015,141.0,close
2024-12-17,2024,0.01,0.0,141.0,close
2024-12-17,2024,0.015,0.005,141.0,close
2024-12-17,2024,0.015,0.0075,141.0,close
2024-12-17,2024,0.015,0.01,141.0,close
2024-12-17,2024,0.015,0.015,141.0,close
2024-12-17,2024,0.015,0.0,141.0,close
2024-12-17,2024,0.0,0.005,141.0,close
2024-12-17,2024,0.0,0.0075,141.0,close
2024-12-17,2024,0.0,0.01,141.0,close
2024-12-17,2024,0.0,0.015,141.0,close
2024-12-17,2024,0.0,0.0,141.0,close
2024-12-18,2024,0.0075,0.005,-117.01,stop
2024-12-18,2024,0.0075,0.0075,-174.515,stop
2024-12-18,2024,0.0075,0.01,-232.02,stop
2024-12-18,2024,0.0075,0.015,-181.0,close
2024-12-18,2024,0.0075,0.0,-181.0,close
2024-12-18,2024,0.01,0.005,-117.01,stop
2024-12-18,2024,0.01,0.0075,-174.515,stop
2024-12-18,2024,0.01,0.01,-232.02,stop
2024-12-18,2024,0.01,0.015,-181.0,close
2024-12-18,2024,0.01,0.0,-181.0,close
2024-12-18,2024,0.015,0.005,-117.01,stop
2024-12-18,2024,0.015,0.0075,-174.515,stop
2024-12-18,2024,0.015,0.01,-232.02,stop
2024-12-18,2024,0.015,0.015,-181.0,close
2024-12-18,2024,0.015,0.0,-181.0,close
2024-12-18,2024,0.0,0.005,-117.01,stop
2024-12-18,2024,0.0,0.0075,-174.515,stop
2024-12-18,2024,0.0,0.01,-232.02,stop
2024-12-18,2024,0.0,0.015,-181.0,close
2024-12-18,2024,0.0,0.0,-181.0,close
2024-12-20,2024,0.0075,0.005,168.8125,target
2024-12-20,2024,0.0075,0.0075,168.8125,target
2024-12-20,2024,0.0075,0.01,168.8125,target
2024-12-20,2024,0.0075,0.015,168.8125,target
2024-12-20,2024,0.0075,0.0,168.8125,target
2024-12-20,2024,0.01,0.005,140.0,close
2024-12-20,2024,0.01,0.0075,140.0,close
2024-12-20,2024,0.01,0.01,140.0,close
2024-12-20,2024,0.01,0.015,140.0,close
2024-12-20,2024,0.01,0.0,140.0,close
2024-12-20,2024,0.015,0.005,140.0,close
2024-12-20,2024,0.015,0.0075,140.0,close
2024-12-20,2024,0.015,0.01,140.0,close
2024-12-20,2024,0.015,0.015,140.0,close
2024-12-20,2024,0.015,0.0,140.0,close
2024-12-20,2024,0.0,0.005,140.0,close
2024-12-20,2024,0.0,0.0075,140.0,close
2024-12-20,2024,0.0,0.01,140.0,close
2024-12-20,2024,0.0,0.015,140.0,close
2024-12-20,2024,0.0,0.0,140.0,close
2024-12-23,2024,0.0075,0.005,169.73499999999999,target
2024-12-23,2024,0.0075,0.0075,169.73499999999999,target
2024-12-23,2024,0.0075,0.01,169.73499999999999,target
2024-12-23,2024,0.0075,0.015,169.73499999999999,target
2024-12-23,2024,0.0075,0.0,169.73499999999999,target
2024-12-23,2024,0.01,0.005,226.98000000000002,target
2024-12-23,2024,0.01,0.0075,226.98000000000002,target
2024-12-23,2024,0.01,0.01,226.98000000000002,target
2024-12-23,2024,0.01,0.015,226.98000000000002,target
2024-12-23,2024,0.01,0.0,226.98000000000002,target
2024-12-23,2024,0.015,0.005,341.46999999999997,target
2024-12-23,2024,0.015,0.0075,341.46999999999997,target
2024-12-23,2024,0.015,0.01,341.46999999999997,target
2024-12-23,2024,0.015,0.015,341.46999999999997,target
2024-12-23,2024,0.015,0.0,341.46999999999997,target
2024-12-23,2024,0.0,0.005,339.0,close
2024-12-23,2024,0.0,0.0075,339.0,close
2024-12-23,2024,0.0,0.01,339.0,close
2024-12-23,2024,0.0,0.015,339.0,close
2024-12-23,2024,0.0,0.0,339.0,close
2024-12-24,2024,0.0075,0.005,112.0,close
2024-12-24,2024,0.0075,0.0075,112.0,close
2024-12-24,2024,0.0075,0.01,112.0,close
2024-12-24,2024,0.0075,0.015,112.0,close
2024-12-24,2024,0.0075,0.0,112.0,close
2024-12-24,2024,0.01,0.005,112.0,close
2024-12-24,2024,0.01,0.0075,112.0,close
2024-12-24,2024,0.01,0.01,112.0,close
2024-12-24,2024,0.01,0.015,112.0,close
2024-12-24,2024,0.01,0.0,112.0,close
2024-12-24,2024,0.015,0.005,112.0,close
2024-12-24,2024,0.015,0.0075,112.0,close
2024-12-24,2024,0.015,0.01,112.0,close
2024-12-24,2024,0.015,0.015,112.0,close
2024-12-24,2024,0.015,0.0,112.0,close
2024-12-24,2024,0.0,0.005,112.0,close
2024-12-24,2024,0.0,0.0075,112.0,close
2024-12-24,2024,0.0,0.01,112.0,close
2024-12-24,2024,0.0,0.015,112.0,close
2024-12-24,2024,0.0,0.0,112.0,close
2024-12-25,2024,0.0075,0.005,-8.0,close
2024-12-25,2024,0.0075,0.0075,-8.0,close
2024-12-25,2024,0.0075,0.01,-8.0,close
2024-12-25,2024,0.0075,0.015,-8.0,close
2024-12-25,2024,0.0075,0.0,-8.0,close
2024-12-25,2024,0.01,0.005,-8.0,close
2024-12-25,2024,0.01,0.0075,-8.0,close
2024-12-25,2024,0.01,0.01,-8.0,close
2024-12-25,2024,0.01,0.015,-8.0,close
2024-12-25,2024,0.01,0.0,-8.0,close
2024-12-25,2024,0.015,0.005,-8.0,close
2024-12-25,2024,0.015,0.0075,-8.0,close
2024-12-25,2024,0.015,0.01,-8.0,close
2024-12-25,2024,0.015,0.015,-8.0,close
2024-12-25,2024,0.015,0.0,-8.0,close
2024-12-25,2024,0.0,0.005,-8.0,close
2024-12-25,2024,0.0,0.0075,-8.0,close
2024-12-25,2024,0.0,0.01,-8.0,close
2024-12-25,2024,0.0,0.015,-8.0,close
2024-12-25,2024,0.0,0.0,-8.0,close
2024-12-26,2024,0.0075,0.005,-38.0,close
2024-12-26,2024,0.0075,0.0075,-38.0,close
2024-12-26,2024,0.0075,0.01,-38.0,close
2024-12-26,2024,0.0075,0.015,-38.0,close
2024-12-26,2024,0.0075,0.0,-38.0,close
2024-12-26,2024,0.01,0.005,-38.0,close
2024-12-26,2024,0.01,0.0075,-38.0,close
2024-12-26,2024,0.01,0.01,-38.0,close
2024-12-26,2024,0.01,0.015,-38.0,close
2024-12-26,2024,0.01,0.0,-38.0,close
2024-12-26,2024,0.015,0.005,-38.0,close
2024-12-26,2024,0.015,0.0075,-38.0,close
2024-12-26,2024,0.015,0.01,-38.0,close
2024-12-26,2024,0.015,0.015,-38.0,close
2024-12-26,2024,0.015,0.0,-38.0,close
2024-12-26,2024,0.0,0.005,-38.0,close
2024-12-26,2024,0.0,0.0075,-38.0,close
2024-12-26,2024,0.0,0.01,-38.0,close
2024-12-26,2024,0.0,0.015,-38.0,close
2024-12-26,2024,0.0,0.0,-38.0,close
2024-12-27,2024,0.0075,0.005,172.0075,target
2024-12-27,2024,0.0075,0.0075,172.0075,target
2024-12-27,2024,0.0075,0.01,172.0075,target
2024-12-27,2024,0.0075,0.015,172.0075,target
2024-12-27,2024,0.0075,0.0,172.0075,target
2024-12-27,2024,0.01,0.005,172.0,close
2024-12-27,2024,0.01,0.0075,172.0,close
2024-12-27,2024,0.01,0.01,172.0,close
2024-12-27,2024,0.01,0.015,172.0,close
2024-12-27,2024,0.01,0.0,172.0,close
2024-12-27,2024,0.015,0.005,172.0,close
2024-12-27,2024,0.015,0.0075,172.0,close
2024-12-27,2024,0.015,0.01,172.0,close
2024-12-27,2024,0.015,0.015,172.0,close
2024-12-27,2024,0.015,0.0,172.0,close
2024-12-27,2024,0.0,0.005,172.0,close
2024-12-27,2024,0.0,0.0075,172.0,close
2024-12-27,2024,0.0,0.01,172.0,close
2024-12-27,2024,0.0,0.015,172.0,close
2024-12-27,2024,0.0,0.0,172.0,close
2024-12-30,2024,0.0075,0.005,37.0,close
2024-12-30,2024,0.0075,0.0075,37.0,close
2024-12-30,2024,0.0075,0.01,37.0,close
2024-12-30,2024,0.0075,0.015,37.0,close
2024-12-30,2024,0.0075,0.0,37.0,close
2024-12-30,2024,0.01,0.005,37.0,close
2024-12-30,2024,0.01,0.0075,37.0,close
2024-12-30,2024,0.01,0.01,37.0,close
2024-12-30,2024,0.01,0.015,37.0,close
2024-12-30,2024,0.01,0.0,37.0,close
2024-12-30,2024,0.015,0.005,37.0,close
2024-12-30,2024,0.015,0.0075,37.0,close
2024-12-30,2024,0.015,0.01,37.0,close
2024-12-30,2024,0.015,0.015,37.0,close
2024-12-30,2024,0.015,0.0,37.0,close
2024-12-30,2024,0.0,0.005,37.0,close
2024-12-30,2024,0.0,0.0075,37.0,close
2024-12-30,2024,0.0,0.01,37.0,close
2024-12-30,2024,0.0,0.015,37.0,close
2024-12-30,2024,0.0,0.0,37.0,close
2024-12-31,2024,0.0075,0.005,-42.0,close
2024-12-31,2024,0.0075,0.0075,-42.0,close
2024-12-31,2024,0.0075,0.01,-42.0,close
2024-12-31,2024,0.0075,0.015,-42.0,close
2024-12-31,2024,0.0075,0.0,-42.0,close
2024-12-31,2024,0.01,0.005,-42.0,close
2024-12-31,2024,0.01,0.0075,-42.0,close
2024-12-31,2024,0.01,0.01,-42.0,close
2024-12-31,2024,0.01,0.015,-42.0,close
2024-12-31,2024,0.01,0.0,-42.0,close
2024-12-31,2024,0.015,0.005,-42.0,close
2024-12-31,2024,0.015,0.0075,-42.0,close
2024-12-31,2024,0.015,0.01,-42.0,close
2024-12-31,2024,0.015,0.015,-42.0,close
2024-12-31,2024,0.015,0.0,-42.0,close
2024-12-31,2024,0.0,0.005,-42.0,close
2024-12-31,2024,0.0,0.0075,-42.0,close
2024-12-31,2024,0.0,0.01,-42.0,close
2024-12-31,2024,0.0,0.015,-42.0,close
2024-12-31,2024,0.0,0.0,-42.0,close
2025-01-03,2025,0.0075,0.005,169.89249999999998,target
2025-01-03,2025,0.0075,0.0075,169.89249999999998,target
2025-01-03,2025,0.0075,0.01,169.89249999999998,target
2025-01-03,2025,0.0075,0.015,169.89249999999998,target
2025-01-03,2025,0.0075,0.0,169.89249999999998,target
2025-01-03,2025,0.01,0.005,58.0,close
2025-01-03,2025,0.01,0.0075,58.0,close
2025-01-03,2025,0.01,0.01,58.0,close
2025-01-03,2025,0.01,0.015,58.0,close
2025-01-03,2025,0.01,0.0,58.0,close
2025-01-03,2025,0.015,0.005,58.0,close
2025-01-03,2025,0.015,0.0075,58.0,close
2025-01-03,2025,0.015,0.01,58.0,close
2025-01-03,2025,0.015,0.015,58.0,close
2025-01-03,2025,0.015,0.0,58.0,close
2025-01-03,2025,0.0,0.005,58.0,close
2025-01-03,2025,0.0,0.0075,58.0,close
2025-01-03,2025,0.0,0.01,58.0,close
2025-01-03,2025,0.0,0.015,58.0,close
2025-01-03,2025,0.0,0.0,58.0,close
2025-01-06,2025,0.0075,0.005,-119.11,stop
2025-01-06,2025,0.0075,0.0075,-177.665,stop
2025-01-06,2025,0.0075,0.01,-187.0,close
2025-01-06,2025,0.0075,0.015,-187.0,close
2025-01-06,2025,0.0075,0.0,-187.0,close
2025-01-06,2025,0.01,0.005,-119.11,stop
2025-01-06,2025,0.01,0.0075,-177.665,stop
2025-01-06,2025,0.01,0.01,-187.0,close
2025-01-06,2025,0.01,0.015,-187.0,close
2025-01-06,2025,0.01,0.0,-187.0,close
2025-01-06,2025,0.015,0.005,-119.11,stop
2025-01-06,2025,0.015,0.0075,-177.665,stop
2025-01-06,2025,0.015,0.01,-187.0,close
2025-01-06,2025,0.015,0.015,-187.0,close
2025-01-06,2025,0.015,0.0,-187.0,close
2025-01-06,2025,0.0,0.005,-119.11,stop
2025-01-06,2025,0.0,0.0075,-177.665,stop
2025-01-06,2025,0.0,0.01,-187.0,close
2025-01-06,2025,0.0,0.015,-187.0,close
2025-01-06,2025,0.0,0.0,-187.0,close
2025-01-07,2025,0.0075,0.005,177.4675,target
2025-01-07,2025,0.0075,0.0075,177.4675,target
2025-01-07,2025,0.0075,0.01,177.4675,target
2025-01-07,2025,0.0075,0.015,177.4675,target
2025-01-07,2025,0.0075,0.0,177.4675,target
2025-01-07,2025,0.01,0.005,173.0,close
2025-01-07,2025,0.01,0.0075,173.0,close
2025-01-07,2025,0.01,0.01,173.0,close
2025-01-07,2025,0.01,0.015,173.0,close
2025-01-07,2025,0.01,0.0,173.0,close
2025-01-07,2025,0.015,0.005,173.0,close
2025-01-07,2025,0.015,0.0075,173.0,close
2025-01-07,2025,0.015,0.01,173.0,close
2025-01-07,2025,0.015,0.015,173.0,close
2025-01-07,2025,0.015,0.0,173.0,close
2025-01-07,2025,0.0,0.005,173.0,close
2025-01-07,2025,0.0,0.0075,173.0,close
2025-01-07,2025,0.0,0.01,173.0,close
2025-01-07,2025,0.0,0.015,173.0,close
2025-01-07,2025,0.0,0.0,173.0,close
2025-01-08,2025,0.0075,0.005,97.0,close
2025-01-08,2025,0.0075,0.0075,97.0,close
2025-01-08,2025,0.0075,0.01,97.0,close
2025-01-08,2025,0.0075,0.015,97.0,close
2025-01-08,2025,0.0075,0.0,97.0,close
2025-01-08,2025,0.01,0.005,97.0,close
2025-01-08,2025,0.01,0.0075,97.0,close
2025-01-08,2025,0.01,0.01,97.0,close
2025-01-08,2025,0.01,0.015,97.0,close
2025-01-08,2025,0.01,0.0,97.0,close
2025-01-08,2025,0.015,0.005,97.0,close
2025-01-08,2025,0.015,0.0075,97.0,close
2025-01-08,2025,0.015,0.01,97.0,close
2025-01-08,2025,0.015,0.015,97.0,close
2025-01-08,2025,0.015,0.0,97.0,close
2025-01-08,2025,0.0,0.005,97.0,close
2025-01-08,2025,0.0,0.0075,97.0,close
2025-01-08,2025,0.0,0.01,97.0,close
2025-01-08,2025,0.0,0.015,97.0,close
2025-01-08,2025,0.0,0.0,97.0,close
2025-01-15,2025,0.0075,0.005,-115.92,stop
2025-01-15,2025,0.0075,0.0075,-172.88,stop
2025-01-15,2025,0.0075,0.01,-229.84,stop
2025-01-15,2025,0.0075,0.015,-270.0,close
2025-01-15,2025,0.0075,0.0,-270.0,close
2025-01-15,2025,0.01,0.005,-115.92,stop
2025-01-15,2025,0.01,0.0075,-172.88,stop
2025-01-15,2025,0.01,0.01,-229.84,stop
2025-01-15,2025,0.01,0.015,-270.0,close
2025-01-15,2025,0.01,0.0,-270.0,close
2025-01-15,2025,0.015,0.005,-115.92,stop
2025-01-15,2025,0.015,0.0075,-172.88,stop
2025-01-15,2025,0.015,0.01,-229.84,stop
2025-01-15,2025,0.015,0.015,-270.0,close
2025-01-15,2025,0.015,0.0,-270.0,close
2025-01-15,2025,0.0,0.005,-115.92,stop
2025-01-15,2025,0.0,0.0075,-172.88,stop
2025-01-15,2025,0.0,0.01,-229.84,stop
2025-01-15,2025,0.0,0.015,-270.0,close
2025-01-15,2025,0.0,0.0,-270.0,close
2025-01-16,2025,0.0075,0.005,-117.13,stop
2025-01-16,2025,0.0075,0.0075,-174.695,stop
2025-01-16,2025,0.0075,0.01,-9.0,close
2025-01-16,2025,0.0075,0.015,-9.0,close
2025-01-16,2025,0.0075,0.0,-9.0,close
2025-01-16,2025,0.01,0.005,-117.13,stop
2025-01-16,2025,0.01,0.0075,-174.695,stop
2025-01-16,2025,0.01,0.01,-9.0,close
2025-01-16,2025,0.01,0.015,-9.0,close
2025-01-16,2025,0.01,0.0,-9.0,close
2025-01-16,2025,0.015,0.005,-117.13,stop
2025-01-16,2025,0.015,0.0075,-174.695,stop
2025-01-16,2025,0.015,0.01,-9.0,close
2025-01-16,2025,0.015,0.015,-9.0,close
2025-01-16,2025,0.015,0.0,-9.0,close
2025-01-16,2025,0.0,0.005,-117.13,stop
2025-01-16,2025,0.0,0.0075,-174.695,stop
2025-01-16,2025,0.0,0.01,-9.0,close
2025-01-16,2025,0.0,0.015,-9.0,close
2025-01-16,2025,0.0,0.0,-9.0,close
2025-01-17,2025,0.0075,0.005,-118.385,stop
2025-01-17,2025,0.0075,0.0075,-176.5775,stop
2025-01-17,2025,0.0075,0.01,-234.77,stop
2025-01-17,2025,0.0075,0.015,-85.0,close
2025-01-17,2025,0.0075,0.0,-85.0,close
2025-01-17,2025,0.01,0.005,-118.385,stop
2025-01-17,2025,0.01,0.0075,-176.5775,stop
2025-01-17,2025,0.01,0.01,-234.77,stop
2025-01-17,2025,0.01,0.015,-85.0,close
2025-01-17,2025,0.01,0.0,-85.0,close
2025-01-17,2025,0.015,0.005,-118.385,stop
2025-01-17,2025,0.015,0.0075,-176.5775,stop
2025-01-17,2025,0.015,0.01,-234.77,stop
2025-01-17,2025,0.015,0.015,-85.0,close
2025-01-17,2025,0.015,0.0,-85.0,close
2025-01-17,2025,0.0,0.005,-118.385,stop
2025-01-17,2025,0.0,0.0075,-176.5775,stop
2025-01-17,2025,0.0,0.01,-234.77,stop
2025-01-17,2025,0.0,0.015,-85.0,close
2025-01-17,2025,0.0,0.0,-85.0,close
2025-01-20,2025,0.0075,0.005,-12.0,close
2025-01-20,2025,0.0075,0.0075,-12.0,close
2025-01-20,2025,0.0075,0.01,-12.0,close
2025-01-20,2025,0.0075,0.015,-12.0,close
2025-01-20,2025,0.0075,0.0,-12.0,close
2025-01-20,2025,0.01,0.005,-12.0,close
2025-01-20,2025,0.01,0.0075,-12.0,close
2025-01-20,2025,0.01,0.01,-12.0,close
2025-01-20,2025,0.01,0.015,-12.0,close
2025-01-20,2025,0.01,0.0,-12.0,close
2025-01-20,2025,0.015,0.005,-12.0,close
2025-01-20,2025,0.015,0.0075,-12.0,close
2025-01-20,2025,0.015,0.01,-12.0,close
2025-01-20,2025,0.015,0.015,-12.0,close
2025-01-20,2025,0.015,0.0,-12.0,close
2025-01-20,2025,0.0,0.005,-12.0,close
2025-01-20,2025,0.0,0.0075,-12.0,close
2025-01-20,2025,0.0,0.01,-12.0,close
2025-01-20,2025,0.0,0.015,-12.0,close
2025-01-20,2025,0.0,0.0,-12.0,close
2025-01-21,2025,0.0075,0.005,-118.485,stop
2025-01-21,2025,0.0075,0.0075,-70.0,close
2025-01-21,2025,0.0075,0.01,-70.0,close
2025-01-21,2025,0.0075,0.015,-70.0,close
2025-01-21,2025,0.0075,0.0,-70.0,close
2025-01-21,2025,0.01,0.005,-118.485,stop
2025-01-21,2025,0.01,0.0075,-70.0,close
2025-01-21,2025,0.01,0.01,-70.0,close
2025-01-21,2025,0.01,0.015,-70.0,close
2025-01-21,2025,0.01,0.0,-70.0,close
2025-01-21,2025,0.015,0.005,-118.485,stop
2025-01-21,2025,0.015,0.0075,-70.0,close
2025-01-21,2025,0.015,0.01,-70.0,close
2025-01-21,2025,0.015,0.015,-70.0,close
2025-01-21,2025,0.015,0.0,-70.0,close
2025-01-21,2025,0.0,0.005,-118.485,stop
2025-01-21,2025,0.0,0.0075,-70.0,close
2025-01-21,2025,0.0,0.01,-70.0,close
2025-01-21,2025,0.0,0.015,-70.0,close
2025-01-21,2025,0.0,0.0,-70.0,close
2025-01-22,2025,0.0075,0.005,103.0,close
2025-01-22,2025,0.0075,0.0075,103.0,close
2025-01-22,2025,0.0075,0.01,103.0,close
2025-01-22,2025,0.0075,0.015,103.0,close
2025-01-22,2025,0.0075,0.0,103.0,close
2025-01-22,2025,0.01,0.005,103.0,close
2025-01-22,2025,0.01,0.0075,103.0,close
2025-01-22,2025,0.01,0.01,103.0,close
2025-01-22,2025,0.01,0.015,103.0,close
2025-01-22,2025,0.01,0.0,103.0,close
2025-01-22,2025,0.015,0.005,103.0,close
2025-01-22,2025,0.015,0.0075,103.0,close
2025-01-22,2025,0.015,0.01,103.0,close
2025-01-22,2025,0.015,0.015,103.0,close
2025-01-22,2025,0.015,0.0,103.0,close
2025-01-22,2025,0.0,0.005,103.0,close
2025-01-22,2025,0.0,0.0075,103.0,close
2025-01-22,2025,0.0,0.01,103.0,close
2025-01-22,2025,0.0,0.015,103.0,close
2025-01-22,2025,0.0,0.0,103.0,close
2025-02-04,2025,0.0075,0.005,169.8775,target
2025-02-04,2025,0.0075,0.0075,169.8775,target
2025-02-04,2025,0.0075,0.01,169.8775,target
2025-02-04,2025,0.0075,0.015,169.8775,target
2025-02-04,2025,0.0075,0.0,169.8775,target
2025-02-04,2025,0.01,0.005,92.0,close
2025-02-04,2025,0.01,0.0075,92.0,close
2025-02-04,2025,0.01,0.01,92.0,close
2025-02-04,2025,0.01,0.015,92.0,close
2025-02-04,2025,0.01,0.0,92.0,close
2025-02-04,2025,0.015,0.005,92.0,close
2025-02-04,2025,0.015,0.0075,92.0,close
2025-02-04,2025,0.015,0.01,92.0,close
2025-02-04,2025,0.015,0.015,92.0,close
2025-02-04,2025,0.015,0.0,92.0,close
2025-02-04,2025,0.0,0.005,92.0,close
2025-02-04,2025,0.0,0.0075,92.0,close
2025-02-04,2025,0.0,0.01,92.0,close
2025-02-04,2025,0.0,0.015,92.0,close
2025-02-04,2025,0.0,0.0,92.0,close
2025-02-05,2025,0.0075,0.005,171.0025,target
2025-02-05,2025,0.0075,0.0075,171.0025,target
2025-02-05,2025,0.0075,0.01,171.0025,target
2025-02-05,2025,0.0075,0.015,171.0025,target
2025-02-05,2025,0.0075,0.0,171.0025,target
2025-02-05,2025,0.01,0.005,66.0,close
2025-02-05,2025,0.01,0.0075,66.0,close
2025-02-05,2025,0.01,0.01,66.0,close
2025-02-05,2025,0.01,0.015,66.0,close
2025-02-05,2025,0.01,0.0,66.0,close
2025-02-05,2025,0.015,0.005,66.0,close
2025-02-05,2025,0.015,0.0075,66.0,close
2025-02-05,2025,0.015,0.01,66.0,close
2025-02-05,2025,0.015,0.015,66.0,close
2025-02-05,2025,0.015,0.0,66.0,close
2025-02-05,2025,0.0,0.005,66.0,close
2025-02-05,2025,0.0,0.0075,66.0,close
2025-02-05,2025,0.0,0.01,66.0,close
2025-02-05,2025,0.0,0.015,66.0,close
2025-02-05,2025,0.0,0.0,66.0,close
2025-02-06,2025,0.0075,0.005,25.0,close
2025-02-06,2025,0.0075,0.0075,25.0,close
2025-02-06,2025,0.0075,0.01,25.0,close
2025-02-06,2025,0.0075,0.015,25.0,close
2025-02-06,2025,0.0075,0.0,25.0,close
2025-02-06,2025,0.01,0.005,25.0,close
2025-02-06,2025,0.01,0.0075,25.0,close
2025-02-06,2025,0.01,0.01,25.0,close
2025-02-06,2025,0.01,0.015,25.0,close
2025-02-06,2025,0.01,0.0,25.0,close
2025-02-06,2025,0.015,0.005,25.0,close
2025-02-06,2025,0.015,0.0075,25.0,close
2025-02-06,2025,0.015,0.01,25.0,close
2025-02-06,2025,0.015,0.015,25.0,close
2025-02-06,2025,0.015,0.0,25.0,close
2025-02-06,2025,0.0,0.005,25.0,close
2025-02-06,2025,0.0,0.0075,25.0,close
2025-02-06,2025,0.0,0.01,25.0,close
2025-02-06,2025,0.0,0.015,25.0,close
2025-02-06,2025,0.0,0.0,25.0,close
2025-02-07,2025,0.0075,0.005,172.67499999999998,target
2025-02-07,2025,0.0075,0.0075,172.67499999999998,target
2025-02-07,2025,0.0075,0.01,172.67499999999998,target
2025-02-07,2025,0.0075,0.015,172.67499999999998,target
2025-02-07,2025,0.0075,0.0,172.67499999999998,target
2025-02-07,2025,0.01,0.005,137.0,close
2025-02-07,2025,0.01,0.0075,137.0,close
2025-02-07,2025,0.01,0.01,137.0,close
2025-02-07,2025,0.01,0.015,137.0,close
2025-02-07,2025,0.01,0.0,137.0,close
2025-02-07,2025,0.015,0.005,137.0,close
2025-02-07,2025,0.015,0.0075,137.0,close
2025-02-07,2025,0.015,0.01,137.0,close
2025-02-07,2025,0.015,0.015,137.0,close
2025-02-07,2025,0.015,0.0,137.0,close
2025-02-07,2025,0.0,0.005,137.0,close
2025-02-07,2025,0.0,0.0075,137.0,close
2025-02-07,2025,0.0,0.01,137.0,close
2025-02-07,2025,0.0,0.015,137.0,close
2025-02-07,2025,0.0,0.0,137.0,close
2025-02-10,2025,0.0075,0.005,74.0,close
2025-02-10,2025,0.0075,0.0075,74.0,close
2025-02-10,2025,0.0075,0.01,74.0,close
2025-02-10,2025,0.0075,0.015,74.0,close
2025-02-10,2025,0.0075,0.0,74.0,close
2025-02-10,2025,0.01,0.005,74.0,close
2025-02-10,2025,0.01,0.0075,74.0,close
2025-02-10,2025,0.01,0.01,74.0,close
2025-02-10,2025,0.01,0.015,74.0,close
2025-02-10,2025,0.01,0.0,74.0,close
2025-02-10,2025,0.015,0.005,74.0,close
2025-02-10,2025,0.015,0.0075,74.0,close
2025-02-10,2025,0.015,0.01,74.0,close
2025-02-10,2025,0.015,0.015,74.0,close
2025-02-10,2025,0.015,0.0,74.0,close
2025-02-10,2025,0.0,0.005,74.0,close
2025-02-10,2025,0.0,0.0075,74.0,close
2025-02-10,2025,0.0,0.01,74.0,close
2025-02-10,2025,0.0,0.015,74.0,close
2025-02-10,2025,0.0,0.0,74.0,close
2025-02-11,2025,0.0075,0.005,-45.0,close
2025-02-11,2025,0.0075,0.0075,-45.0,close
2025-02-11,2025,0.0075,0.01,-45.0,close
2025-02-11,2025,0.0075,0.015,-45.0,close
2025-02-11,2025,0.0075,0.0,-45.0,close
2025-02-11,2025,0.01,0.005,-45.0,close
2025-02-11,2025,0.01,0.0075,-45.0,close
2025-02-11,2025,0.01,0.01,-45.0,close
2025-02-11,2025,0.01,0.015,-45.0,close
2025-02-11,2025,0.01,0.0,-45.0,close
2025-02-11,2025,0.015,0.005,-45.0,close
2025-02-11,2025,0.015,0.0075,-45.0,close
2025-02-11,2025,0.015,0.01,-45.0,close
2025-02-11,2025,0.015,0.015,-45.0,close
2025-02-11,2025,0.015,0.0,-45.0,close
2025-02-11,2025,0.0,0.005,-45.0,close
2025-02-11,2025,0.0,0.0075,-45.0,close
2025-02-11,2025,0.0,0.01,-45.0,close
2025-02-11,2025,0.0,0.015,-45.0,close
2025-02-11,2025,0.0,0.0,-45.0,close
2025-02-13,2025,0.0075,0.005,-119.165,stop
2025-02-13,2025,0.0075,0.0075,-177.7475,stop
2025-02-13,2025,0.0075,0.01,-34.0,close
2025-02-13,2025,0.0075,0.015,-34.0,close
2025-02-13,2025,0.0075,0.0,-34.0,close
2025-02-13,2025,0.01,0.005,-119.165,stop
2025-02-13,2025,0.01,0.0075,-177.7475,stop
2025-02-13,2025,0.01,0.01,-34.0,close
2025-02-13,2025,0.01,0.015,-34.0,close
2025-02-13,2025,0.01,0.0,-34.0,close
2025-02-13,2025,0.015,0.005,-119.165,stop
2025-02-13,2025,0.015,0.0075,-177.7475,stop
2025-02-13,2025,0.015,0.01,-34.0,close
2025-02-13,2025,0.015,0.015,-34.0,close
2025-02-13,2025,0.015,0.0,-34.0,close
2025-02-13,2025,0.0,0.005,-119.165,stop
2025-02-13,2025,0.0,0.0075,-177.7475,stop
2025-02-13,2025,0.0,0.01,-34.0,close
2025-02-13,2025,0.0,0.015,-34.0,close
2025-02-13,2025,0.0,0.0,-34.0,close
2025-02-14,2025,0.0075,0.005,-118.68,stop
2025-02-14,2025,0.0075,0.0075,-177.01999999999998,stop
2025-02-14,2025,0.0075,0.01,-159.0,close
2025-02-14,2025,0.0075,0.015,-159.0,close
2025-02-14,2025,0.0075,0.0,-159.0,close
2025-02-14,2025,0.01,0.005,-118.68,stop
2025-02-14,2025,0.01,0.0075,-177.01999999999998,stop
2025-02-14,2025,0.01,0.01,-159.0,close
2025-02-14,2025,0.01,0.015,-159.0,close
2025-02-14,2025,0.01,0.0,-159.0,close
2025-02-14,2025,0.015,0.005,-118.68,stop
2025-02-14,2025,0.015,0.0075,-177.01999999999998,stop
2025-02-14,2025,0.015,0.01,-159.0,close
2025-02-14,2025,0.015,0.015,-159.0,close
2025-02-14,2025,0.015,0.0,-159.0,close
2025-02-14,2025,0.0,0.005,-118.68,stop
2025-02-14,2025,0.0,0.0075,-177.01999999999998,stop
2025-02-14,2025,0.0,0.01,-159.0,close
2025-02-14,2025,0.0,0.015,-159.0,close
2025-02-14,2025,0.0,0.0,-159.0,close
2025-02-17,2025,0.0075,0.005,172.6975,target
2025-02-17,2025,0.0075,0.0075,172.6975,target
2025-02-17,2025,0.0075,0.01,172.6975,target
2025-02-17,2025,0.0075,0.015,172.6975,target
2025-02-17,2025,0.0075,0.0,172.6975,target
2025-02-17,2025,0.01,0.005,230.93,target
2025-02-17,2025,0.01,0.0075,230.93,target
2025-02-17,2025,0.01,0.01,230.93,target
2025-02-17,2025,0.01,0.015,230.93,target
2025-02-17,2025,0.01,0.0,230.93,target
2025-02-17,2025,0.015,0.005,207.0,close
2025-02-17,2025,0.015,0.0075,207.0,close
2025-02-17,2025,0.015,0.01,207.0,close
2025-02-17,2025,0.015,0.015,207.0,close
2025-02-17,2025,0.015,0.0,207.0,close
2025-02-17,2025,0.0,0.005,207.0,close
2025-02-17,2025,0.0,0.0075,207.0,close
2025-02-17,2025,0.0,0.01,207.0,close
2025-02-17,2025,0.0,0.015,207.0,close
2025-02-17,2025,0.0,0.0,207.0,close
2025-02-18,2025,0.0075,0.005,93.0,close
2025-02-18,2025,0.0075,0.0075,93.0,close
2025-02-18,2025,0.0075,0.01,93.0,close
2025-02-18,2025,0.0075,0.015,93.0,close
2025-02-18,2025,0.0075,0.0,93.0,close
2025-02-18,2025,0.01,0.005,93.0,close
2025-02-18,2025,0.01,0.0075,93.0,close
2025-02-18,2025,0.01,0.01,93.0,close
2025-02-18,2025,0.01,0.015,93.0,close
2025-02-18,2025,0.01,0.0,93.0,close
2025-02-18,2025,0.015,0.005,93.0,close
2025-02-18,2025,0.015,0.0075,93.0,close
2025-02-18,2025,0.015,0.01,93.0,close
2025-02-18,2025,0.015,0.015,93.0,close
2025-02-18,2025,0.015,0.0,93.0,close
2025-02-18,2025,0.0,0.005,93.0,close
2025-02-18,2025,0.0,0.0075,93.0,close
2025-02-18,2025,0.0,0.01,93.0,close
2025-02-18,2025,0.0,0.015,93.0,close
2025-02-18,2025,0.0,0.0,93.0,close
2025-02-19,2025,0.0075,0.005,39.0,close
2025-02-19,2025,0.0075,0.0075,39.0,close
2025-02-19,2025,0.0075,0.01,39.0,close
2025-02-19,2025,0.0075,0.015,39.0,close
2025-02-19,2025,0.0075,0.0,39.0,close
2025-02-19,2025,0.01,0.005,39.0,close
2025-02-19,2025,0.01,0.0075,39.0,close
2025-02-19,2025,0.01,0.01,39.0,close
2025-02-19,2025,0.01,0.015,39.0,close
2025-02-19,2025,0.01,0.0,39.0,close
2025-02-19,2025,0.015,0.005,39.0,close
2025-02-19,2025,0.015,0.0075,39.0,close
2025-02-19,2025,0.015,0.01,39.0,close
2025-02-19,2025,0.015,0.015,39.0,close
2025-02-19,2025,0.015,0.0,39.0,close
2025-02-19,2025,0.0,0.005,39.0,close
2025-02-19,2025,0.0,0.0075,39.0,close
2025-02-19,2025,0.0,0.01,39.0,close
2025-02-19,2025,0.0,0.015,39.0,close
2025-02-19,2025,0.0,0.0,39.0,close
2025-02-20,2025,0.0075,0.005,-119.575,stop
2025-02-20,2025,0.0075,0.0075,17.0,close
2025-02-20,2025,0.0075,0.01,17.0,close
2025-02-20,2025,0.0075,0.015,17.0,close
2025-02-20,2025,0.0075,0.0,17.0,close
2025-02-20,2025,0.01,0.005,-119.575,stop
2025-02-20,2025,0.01,0.0075,17.0,close
2025-02-20,2025,0.01,0.01,17.0,close
2025-02-20,2025,0.01,0.015,17.0,close
2025-02-20,2025,0.01,0.0,17.0,close
2025-02-20,2025,0.015,0.005,-119.575,stop
2025-02-20,2025,0.015,0.0075,17.0,close
2025-02-20,2025,0.015,0.01,17.0,close
2025-02-20,2025,0.015,0.015,17.0,close
2025-02-20,2025,0.015,0.0,17.0,close
2025-02-20,2025,0.0,0.005,-119.575,stop
2025-02-20,2025,0.0,0.0075,17.0,close
2025-02-20,2025,0.0,0.01,17.0,close
2025-02-20,2025,0.0,0.015,17.0,close
2025-02-20,2025,0.0,0.0,17.0,close
2025-02-21,2025,0.0075,0.005,174.475,target
2025-02-21,2025,0.0075,0.0075,174.475,target
2025-02-21,2025,0.0075,0.01,174.475,target
2025-02-21,2025,0.0075,0.015,174.475,target
2025-02-21,2025,0.0075,0.0,174.475,target
2025-02-21,2025,0.01,0.005,216.0,close
2025-02-21,2025,0.01,0.0075,216.0,close
2025-02-21,2025,0.01,0.01,216.0,close
2025-02-21,2025,0.01,0.015,216.0,close
2025-02-21,2025,0.01,0.0,216.0,close
2025-02-21,2025,0.015,0.005,216.0,close
2025-02-21,2025,0.015,0.0075,216.0,close
2025-02-21,2025,0.015,0.01,216.0,close
2025-02-21,2025,0.015,0.015,216.0,close
2025-02-21,2025,0.015,0.0,216.0,close
2025-02-21,2025,0.0,0.005,216.0,close
2025-02-21,2025,0.0,0.0075,216.0,close
2025-02-21,2025,0.0,0.01,216.0,close
2025-02-21,2025,0.0,0.015,216.0,close
2025-02-21,2025,0.0,0.0,216.0,close
2025-02-27,2025,0.0075,0.005,172.9975,target
2025-02-27,2025,0.0075,0.0075,172.9975,target
2025-02-27,2025,0.0075,0.01,172.9975,target
2025-02-27,2025,0.0075,0.015,172.9975,target
2025-02-27,2025,0.0075,0.0,172.9975,target
2025-02-27,2025,0.01,0.005,137.0,close
2025-02-27,2025,0.01,0.0075,137.0,close
2025-02-27,2025,0.01,0.01,137.0,close
2025-02-27,2025,0.01,0.015,137.0,close
2025-02-27,2025,0.01,0.0,137.0,close
2025-02-27,2025,0.015,0.005,137.0,close
2025-02-27,2025,0.015,0.0075,137.0,close
2025-02-27,2025,0.015,0.01,137.0,close
2025-02-27,2025,0.015,0.015,137.0,close
2025-02-27,2025,0.015,0.0,137.0,close
2025-02-27,2025,0.0,0.005,137.0,close
2025-02-27,2025,0.0,0.0075,137.0,close
2025-02-27,2025,0.0,0.01,137.0,close
2025-02-27,2025,0.0,0.015,137.0,close
2025-02-27,2025,0.0,0.0,137.0,close
2025-03-03,2025,0.0075,0.005,72.0,close
2025-03-03,2025,0.0075,0.0075,72.0,close
2025-03-03,2025,0.0075,0.01,72.0,close
2025-03-03,2025,0.0075,0.015,72.0,close
2025-03-03,2025,0.0075,0.0,72.0,close
2025-03-03,2025,0.01,0.005,72.0,close
2025-03-03,2025,0.01,0.0075,72.0,close
2025-03-03,2025,0.01,0.01,72.0,close
2025-03-03,2025,0.01,0.015,72.0,close
2025-03-03,2025,0.01,0.0,72.0,close
2025-03-03,2025,0.015,0.005,72.0,close
2025-03-03,2025,0.015,0.0075,72.0,close
2025-03-03,2025,0.015,0.01,72.0,close
2025-03-03,2025,0.015,0.015,72.0,close
2025-03-03,2025,0.015,0.0,72.0,close
2025-03-03,2025,0.0,0.005,72.0,close
2025-03-03,2025,0.0,0.0075,72.0,close
2025-03-03,2025,0.0,0.01,72.0,close
2025-03-03,2025,0.0,0.015,72.0,close
2025-03-03,2025,0.0,0.0,72.0,close
2025-03-05,2025,0.0075,0.005,167.815,target
2025-03-05,2025,0.0075,0.0075,167.815,target
2025-03-05,2025,0.0075,0.01,167.815,target
2025-03-05,2025,0.0075,0.015,167.815,target
2025-03-05,2025,0.0075,0.0,167.815,target
2025-03-05,2025,0.01,0.005,224.42000000000002,target
2025-03-05,2025,0.01,0.0075,224.42000000000002,target
2025-03-05,2025,0.01,0.01,224.42000000000002,target
2025-03-05,2025,0.01,0.015,224.42000000000002,target
2025-03-05,2025,0.01,0.0,224.42000000000002,target
2025-03-05,2025,0.015,0.005,250.0,close
2025-03-05,2025,0.015,0.0075,250.0,close
2025-03-05,2025,0.015,0.01,250.0,close
2025-03-05,2025,0.015,0.015,250.0,close
2025-03-05,2025,0.015,0.0,250.0,close
2025-03-05,2025,0.0,0.005,250.0,close
2025-03-05,2025,0.0,0.0075,250.0,close
2025-03-05,2025,0.0,0.01,250.0,close
2025-03-05,2025,0.0,0.015,250.0,close
2025-03-05,2025,0.0,0.0,250.0,close
2025-03-06,2025,0.0075,0.005,64.0,close
2025-03-06,2025,0.0075,0.0075,64.0,close
2025-03-06,2025,0.0075,0.01,64.0,close
2025-03-06,2025,0.0075,0.015,64.0,close
2025-03-06,2025,0.0075,0.0,64.0,close
2025-03-06,2025,0.01,0.005,64.0,close
2025-03-06,2025,0.01,0.0075,64.0,close
2025-03-06,2025,0.01,0.01,64.0,close
2025-03-06,2025,0.01,0.015,64.0,close
2025-03-06,2025,0.01,0.0,64.0,close
2025-03-06,2025,0.015,0.005,64.0,close
2025-03-06,2025,0.015,0.0075,64.0,close
2025-03-06,2025,0.015,0.01,64.0,close
2025-03-06,2025,0.015,0.015,64.0,close
2025-03-06,2025,0.015,0.0,64.0,close
2025-03-06,2025,0.0,0.005,64.0,close
2025-03-06,2025,0.0,0.0075,64.0,close
2025-03-06,2025,0.0,0.01,64.0,close
2025-03-06,2025,0.0,0.015,64.0,close
2025-03-06,2025,0.0,0.0,64.0,close
2025-03-10,2025,0.0075,0.005,-12.0,close
2025-03-10,2025,0.0075,0.0075,-12.0,close
2025-03-10,2025,0.0075,0.01,-12.0,close
2025-03-10,2025,0.0075,0.015,-12.0,close
2025-03-10,2025,0.0075,0.0,-12.0,close
2025-03-10,2025,0.01,0.005,-12.0,close
2025-03-10,2025,0.01,0.0075,-12.0,close
2025-03-10,2025,0.01,0.01,-12.0,close
2025-03-10,2025,0.01,0.015,-12.0,close
2025-03-10,2025,0.01,0.0,-12.0,close
2025-03-10,2025,0.015,0.005,-12.0,close
2025-03-10,2025,0.015,0.0075,-12.0,close
2025-03-10,2025,0.015,0.01,-12.0,close
2025-03-10,2025,0.015,0.015,-12.0,close
2025-03-10,2025,0.015,0.0,-12.0,close
2025-03-10,2025,0.0,0.005,-12.0,close
2025-03-10,2025,0.0,0.0075,-12.0,close
2025-03-10,2025,0.0,0.01,-12.0,close
2025-03-10,2025,0.0,0.015,-12.0,close
2025-03-10,2025,0.0,0.0,-12.0,close
2025-03-13,2025,0.0075,0.005,165.82,target
2025-03-13,2025,0.0075,0.0075,165.82,target
2025-03-13,2025,0.0075,0.01,165.82,target
2025-03-13,2025,0.0075,0.015,165.82,target
2025-03-13,2025,0.0075,0.0,165.82,target
2025-03-13,2025,0.01,0.005,221.76,target
2025-03-13,2025,0.01,0.0075,221.76,target
2025-03-13,2025,0.01,0.01,221.76,target
2025-03-13,2025,0.01,0.015,221.76,target
2025-03-13,2025,0.01,0.0,221.76,target
2025-03-13,2025,0.015,0.005,333.64,target
2025-03-13,2025,0.015,0.0075,333.64,target
2025-03-13,2025,0.015,0.01,333.64,target
2025-03-13,2025,0.015,0.015,333.64,target
2025-03-13,2025,0.015,0.0,333.64,target
2025-03-13,2025,0.0,0.005,451.0,close
2025-03-13,2025,0.0,0.0075,451.0,close
2025-03-13,2025,0.0,0.01,451.0,close
2025-03-13,2025,0.0,0.015,451.0,close
2025-03-13,2025,0.0,0.0,451.0,close
2025-03-17,2025,0.0075,0.005,117.0,close
2025-03-17,2025,0.0075,0.0075,117.0,close
2025-03-17,2025,0.0075,0.01,117.0,close
2025-03-17,2025,0.0075,0.015,117.0,close
2025-03-17,2025,0.0075,0.0,117.0,close
2025-03-17,2025,0.01,0.005,117.0,close
2025-03-17,2025,0.01,0.0075,117.0,close
2025-03-17,2025,0.01,0.01,117.0,close
2025-03-17,2025,0.01,0.015,117.0,close
2025-03-17,2025,0.01,0.0,117.0,close
2025-03-17,2025,0.015,0.005,117.0,close
2025-03-17,2025,0.015,0.0075,117.0,close
2025-03-17,2025,0.015,0.01,117.0,close
2025-03-17,2025,0.015,0.015,117.0,close
2025-03-17,2025,0.015,0.0,117.0,close
2025-03-17,2025,0.0,0.005,117.0,close
2025-03-17,2025,0.0,0.0075,117.0,close
2025-03-17,2025,0.0,0.01,117.0,close
2025-03-17,2025,0.0,0.015,117.0,close
2025-03-17,2025,0.0,0.0,117.0,close
2025-03-18,2025,0.0075,0.005,-113.86,stop
2025-03-18,2025,0.0075,0.0075,-169.79,stop
2025-03-18,2025,0.0075,0.01,-144.0,close
2025-03-18,2025,0.0075,0.015,-144.0,close
2025-03-18,2025,0.0075,0.0,-144.0,close
2025-03-18,2025,0.01,0.005,-113.86,stop
2025-03-18,2025,0.01,0.0075,-169.79,stop
2025-03-18,2025,0.01,0.01,-144.0,close
2025-03-18,2025,0.01,0.015,-144.0,close
2025-03-18,2025,0.01,0.0,-144.0,close
2025-03-18,2025,0.015,0.005,-113.86,stop
2025-03-18,2025,0.015,0.0075,-169.79,stop
2025-03-18,2025,0.015,0.01,-144.0,close
2025-03-18,2025,0.015,0.015,-144.0,close
2025-03-18,2025,0.015,0.0,-144.0,close
2025-03-18,2025,0.0,0.005,-113.86,stop
2025-03-18,2025,0.0,0.0075,-169.79,stop
2025-03-18,2025,0.0,0.01,-144.0,close
2025-03-18,2025,0.0,0.015,-144.0,close
2025-03-18,2025,0.0,0.0,-144.0,close
2025-03-19,2025,0.0075,0.005,164.7625,target
2025-03-19,2025,0.0075,0.0075,164.7625,target
2025-03-19,2025,0.0075,0.01,164.7625,target
2025-03-19,2025,0.0075,0.015,164.7625,target
2025-03-19,2025,0.0075,0.0,164.7625,target
2025-03-19,2025,0.01,0.005,220.35,target
2025-03-19,2025,0.01,0.0075,220.35,target
2025-03-19,2025,0.01,0.01,220.35,target
2025-03-19,2025,0.01,0.015,220.35,target
2025-03-19,2025,0.01,0.0,220.35,target
2025-03-19,2025,0.015,0.005,201.0,close
2025-03-19,2025,0.015,0.0075,201.0,close
2025-03-19,2025,0.015,0.01,201.0,close
2025-03-19,2025,0.015,0.015,201.0,close
2025-03-19,2025,0.015,0.0,201.0,close
2025-03-19,2025,0.0,0.005,201.0,close
2025-03-19,2025,0.0,0.0075,201.0,close
2025-03-19,2025,0.0,0.01,201.0,close
2025-03-19,2025,0.0,0.015,201.0,close
2025-03-19,2025,0.0,0.0,201.0,close
2025-03-20,2025,0.0075,0.005,164.785,target
2025-03-20,2025,0.0075,0.0075,164.785,target
2025-03-20,2025,0.0075,0.01,164.785,target
2025-03-20,2025,0.0075,0.015,164.785,target
2025-03-20,2025,0.0075,0.0,164.785,target
2025-03-20,2025,0.01,0.005,126.0,close
2025-03-20,2025,0.01,0.0075,126.0,close
2025-03-20,2025,0.01,0.01,126.0,close
2025-03-20,2025,0.01,0.015,126.0,close
2025-03-20,2025,0.01,0.0,126.0,close
2025-03-20,2025,0.015,0.005,126.0,close
2025-03-20,2025,0.015,0.0075,126.0,close
2025-03-20,2025,0.015,0.01,126.0,close
2025-03-20,2025,0.015,0.015,126.0,close
2025-03-20,2025,0.015,0.0,126.0,close
2025-03-20,2025,0.0,0.005,126.0,close
2025-03-20,2025,0.0,0.0075,126.0,close
2025-03-20,2025,0.0,0.01,126.0,close
2025-03-20,2025,0.0,0.015,126.0,close
2025-03-20,2025,0.0,0.0,126.0,close
2025-03-25,2025,0.0075,0.005,12.0,close
2025-03-25,2025,0.0075,0.0075,12.0,close
2025-03-25,2025,0.0075,0.01,12.0,close
2025-03-25,2025,0.0075,0.015,12.0,close
2025-03-25,2025,0.0075,0.0,12.0,close
2025-03-25,2025,0.01,0.005,12.0,close
2025-03-25,2025,0.01,0.0075,12.0,close
2025-03-25,2025,0.01,0.01,12.0,close
2025-03-25,2025,0.01,0.015,12.0,close
2025-03-25,2025,0.01,0.0,12.0,close
2025-03-25,2025,0.015,0.005,12.0,close
2025-03-25,2025,0.015,0.0075,12.0,close
2025-03-25,2025,0.015,0.01,12.0,close
2025-03-25,2025,0.015,0.015,12.0,close
2025-03-25,2025,0.015,0.0,12.0,close
2025-03-25,2025,0.0,0.005,12.0,close
2025-03-25,2025,0.0,0.0075,12.0,close
2025-03-25,2025,0.0,0.01,12.0,close
2025-03-25,2025,0.0,0.015,12.0,close
2025-03-25,2025,0.0,0.0,12.0,close
2025-04-02,2025,0.0075,0.005,39.0,close
2025-04-02,2025,0.0075,0.0075,39.0,close
2025-04-02,2025,0.0075,0.01,39.0,close
2025-04-02,2025,0.0075,0.015,39.0,close
2025-04-02,2025,0.0075,0.0,39.0,close
2025-04-02,2025,0.01,0.005,39.0,close
2025-04-02,2025,0.01,0.0075,39.0,close
2025-04-02,2025,0.01,0.01,39.0,close
2025-04-02,2025,0.01,0.015,39.0,close
2025-04-02,2025,0.01,0.0,39.0,close
2025-04-02,2025,0.015,0.005,39.0,close
2025-04-02,2025,0.015,0.0075,39.0,close
2025-04-02,2025,0.015,0.01,39.0,close
2025-04-02,2025,0.015,0.015,39.0,close
2025-04-02,2025,0.015,0.0,39.0,close
2025-04-02,2025,0.0,0.005,39.0,close
2025-04-02,2025,0.0,0.0075,39.0,close
2025-04-02,2025,0.0,0.01,39.0,close
2025-04-02,2025,0.0,0.015,39.0,close
2025-04-02,2025,0.0,0.0,39.0,close
2025-04-08,2025,0.0075,0.005,-94.14,stop
2025-04-08,2025,0.0075,0.0075,136.21,target
2025-04-08,2025,0.0075,0.01,136.21,target
2025-04-08,2025,0.0075,0.015,136.21,target
2025-04-08,2025,0.0075,0.0,136.21,target
2025-04-08,2025,0.01,0.005,-94.14,stop
2025-04-08,2025,0.01,0.0075,182.28,target
2025-04-08,2025,0.01,0.01,182.28,target
2025-04-08,2025,0.01,0.015,182.28,target
2025-04-08,2025,0.01,0.0,182.28,target
2025-04-08,2025,0.015,0.005,-94.14,stop
2025-04-08,2025,0.015,0.0075,274.42,target
2025-04-08,2025,0.015,0.01,274.42,target
2025-04-08,2025,0.015,0.015,274.42,target
2025-04-08,2025,0.015,0.0,274.42,target
2025-04-08,2025,0.0,0.005,-94.14,stop
2025-04-08,2025,0.0,0.0075,233.0,close
2025-04-08,2025,0.0,0.01,233.0,close
2025-04-08,2025,0.0,0.015,233.0,close
2025-04-08,2025,0.0,0.0,233.0,close
2025-04-14,2025,0.0075,0.005,-100.25,stop
2025-04-14,2025,0.0075,0.0075,145.375,target
2025-04-14,2025,0.0075,0.01,145.375,target
2025-04-14,2025,0.0075,0.015,145.375,target
2025-04-14,2025,0.0075,0.0,145.375,target
2025-04-14,2025,0.01,0.005,-100.25,stop
2025-04-14,2025,0.01,0.0075,194.5,target
2025-04-14,2025,0.01,0.01,194.5,target
2025-04-14,2025,0.01,0.015,194.5,target
2025-04-14,2025,0.01,0.0,194.5,target
2025-04-14,2025,0.015,0.005,-100.25,stop
2025-04-14,2025,0.015,0.0075,153.0,close
2025-04-14,2025,0.015,0.01,153.0,close
2025-04-14,2025,0.015,0.015,153.0,close
2025-04-14,2025,0.015,0.0,153.0,close
2025-04-14,2025,0.0,0.005,-100.25,stop
2025-04-14,2025,0.0,0.0075,153.0,close
2025-04-14,2025,0.0,0.01,153.0,close
2025-04-14,2025,0.0,0.015,153.0,close
2025-04-14,2025,0.0,0.0,153.0,close
2025-04-15,2025,0.0075,0.005,144.91,target
2025-04-15,2025,0.0075,0.0075,144.91,target
2025-04-15,2025,0.0075,0.01,144.91,target
2025-04-15,2025,0.0075,0.015,144.91,target
2025-04-15,2025,0.0075,0.0,144.91,target
2025-04-15,2025,0.01,0.005,193.88,target
2025-04-15,2025,0.01,0.0075,193.88,target
2025-04-15,2025,0.01,0.01,193.88,target
2025-04-15,2025,0.01,0.015,193.88,target
2025-04-15,2025,0.01,0.0,193.88,target
2025-04-15,2025,0.015,0.005,207.0,close
2025-04-15,2025,0.015,0.0075,207.0,close
2025-04-15,2025,0.015,0.01,207.0,close
2025-04-15,2025,0.015,0.015,207.0,close
2025-04-15,2025,0.015,0.0,207.0,close
2025-04-15,2025,0.0,0.005,207.0,close
2025-04-15,2025,0.0,0.0075,207.0,close
2025-04-15,2025,0.0,0.01,207.0,close
2025-04-15,2025,0.0,0.015,207.0,close
2025-04-15,2025,0.0,0.0,207.0,close
2025-04-16,2025,0.0075,0.005,-100.035,stop
2025-04-16,2025,0.0075,0.0075,-149.05249999999998,stop
2025-04-16,2025,0.0075,0.01,-198.07,stop
2025-04-16,2025,0.0075,0.015,-296.10499999999996,stop
2025-04-16,2025,0.0075,0.0,-259.0,close
2025-04-16,2025,0.01,0.005,-100.035,stop
2025-04-16,2025,0.01,0.0075,-149.05249999999998,stop
2025-04-16,2025,0.01,0.01,-198.07,stop
2025-04-16,2025,0.01,0.015,-296.10499999999996,stop
2025-04-16,2025,0.01,0.0,-259.0,close
2025-04-16,2025,0.015,0.005,-100.035,stop
2025-04-16,2025,0.015,0.0075,-149.05249999999998,stop
2025-04-16,2025,0.015,0.01,-198.07,stop
2025-04-16,2025,0.015,0.015,-296.10499999999996,stop
2025-04-16,2025,0.015,0.0,-259.0,close
2025-04-16,2025,0.0,0.005,-100.035,stop
2025-04-16,2025,0.0,0.0075,-149.05249999999998,stop
2025-04-16,2025,0.0,0.01,-198.07,stop
2025-04-16,2025,0.0,0.015,-296.10499999999996,stop
2025-04-16,2025,0.0,0.0,-259.0,close
2025-04-23,2025,0.0075,0.005,-98.875,stop
2025-04-23,2025,0.0075,0.0075,-147.3125,stop
2025-04-23,2025,0.0075,0.01,-195.75,stop
2025-04-23,2025,0.0075,0.015,-184.0,close
2025-04-23,2025,0.0075,0.0,-184.0,close
2025-04-23,2025,0.01,0.005,-98.875,stop
2025-04-23,2025,0.01,0.0075,-147.3125,stop
2025-04-23,2025,0.01,0.01,-195.75,stop
2025-04-23,2025,0.01,0.015,-184.0,close
2025-04-23,2025,0.01,0.0,-184.0,close
2025-04-23,2025,0.015,0.005,-98.875,stop
2025-04-23,2025,0.015,0.0075,-147.3125,stop
2025-04-23,2025,0.015,0.01,-195.75,stop
2025-04-23,2025,0.015,0.015,-184.0,close
2025-04-23,2025,0.015,0.0,-184.0,close
2025-04-23,2025,0.0,0.005,-98.875,stop
2025-04-23,2025,0.0,0.0075,-147.3125,stop
2025-04-23,2025,0.0,0.01,-195.75,stop
2025-04-23,2025,0.0,0.015,-184.0,close
2025-04-23,2025,0.0,0.0,-184.0,close
2025-04-24,2025,0.0075,0.005,70.0,close
2025-04-24,2025,0.0075,0.0075,70.0,close
2025-04-24,2025,0.0075,0.01,70.0,close
2025-04-24,2025,0.0075,0.015,70.0,close
2025-04-24,2025,0.0075,0.0,70.0,close
2025-04-24,2025,0.01,0.005,70.0,close
2025-04-24,2025,0.01,0.0075,70.0,close
2025-04-24,2025,0.01,0.01,70.0,close
2025-04-24,2025,0.01,0.015,70.0,close
2025-04-24,2025,0.01,0.0,70.0,close
2025-04-24,2025,0.015,0.005,70.0,close
2025-04-24,2025,0.015,0.0075,70.0,close
2025-04-24,2025,0.015,0.01,70.0,close
2025-04-24,2025,0.015,0.015,70.0,close
2025-04-24,2025,0.015,0.0,70.0,close
2025-04-24,2025,0.0,0.005,70.0,close
2025-04-24,2025,0.0,0.0075,70.0,close
2025-04-24,2025,0.0,0.01,70.0,close
2025-04-24,2025,0.0,0.015,70.0,close
2025-04-24,2025,0.0,0.0,70.0,close
2025-04-25,2025,0.0075,0.005,51.0,close
2025-04-25,2025,0.0075,0.0075,51.0,close
2025-04-25,2025,0.0075,0.01,51.0,close
2025-04-25,2025,0.0075,0.015,51.0,close
2025-04-25,2025,0.0075,0.0,51.0,close
2025-04-25,2025,0.01,0.005,51.0,close
2025-04-25,2025,0.01,0.0075,51.0,close
2025-04-25,2025,0.01,0.01,51.0,close
2025-04-25,2025,0.01,0.015,51.0,close
2025-04-25,2025,0.01,0.0,51.0,close
2025-04-25,2025,0.015,0.005,51.0,close
2025-04-25,2025,0.015,0.0075,51.0,close
2025-04-25,2025,0.015,0.01,51.0,close
2025-04-25,2025,0.015,0.015,51.0,close
2025-04-25,2025,0.015,0.0,51.0,close
2025-04-25,2025,0.0,0.005,51.0,close
2025-04-25,2025,0.0,0.0075,51.0,close
2025-04-25,2025,0.0,0.01,51.0,close
2025-04-25,2025,0.0,0.015,51.0,close
2025-04-25,2025,0.0,0.0,51.0,close
2025-04-28,2025,0.0075,0.005,-12.0,close
2025-04-28,2025,0.0075,0.0075,-12.0,close
2025-04-28,2025,0.0075,0.01,-12.0,close
2025-04-28,2025,0.0075,0.015,-12.0,close
2025-04-28,2025,0.0075,0.0,-12.0,close
2025-04-28,2025,0.01,0.005,-12.0,close
2025-04-28,2025,0.01,0.0075,-12.0,close
2025-04-28,2025,0.01,0.01,-12.0,close
2025-04-28,2025,0.01,0.015,-12.0,close
2025-04-28,2025,0.01,0.0,-12.0,close
2025-04-28,2025,0.015,0.005,-12.0,close
2025-04-28,2025,0.015,0.0075,-12.0,close
2025-04-28,2025,0.015,0.01,-12.0,close
2025-04-28,2025,0.015,0.015,-12.0,close
2025-04-28,2025,0.015,0.0,-12.0,close
2025-04-28,2025,0.0,0.005,-12.0,close
2025-04-28,2025,0.0,0.0075,-12.0,close
2025-04-28,2025,0.0,0.01,-12.0,close
2025-04-28,2025,0.0,0.015,-12.0,close
2025-04-28,2025,0.0,0.0,-12.0,close
2025-05-02,2025,0.0075,0.005,151.51749999999998,target
2025-05-02,2025,0.0075,0.0075,151.51749999999998,target
2025-05-02,2025,0.0075,0.01,151.51749999999998,target
2025-05-02,2025,0.0075,0.015,151.51749999999998,target
2025-05-02,2025,0.0075,0.0,151.51749999999998,target
2025-05-02,2025,0.01,0.005,202.69,target
2025-05-02,2025,0.01,0.0075,202.69,target
2025-05-02,2025,0.01,0.01,202.69,target
2025-05-02,2025,0.01,0.015,202.69,target
2025-05-02,2025,0.01,0.0,202.69,target
2025-05-02,2025,0.015,0.005,205.0,close
2025-05-02,2025,0.015,0.0075,205.0,close
2025-05-02,2025,0.015,0.01,205.0,close
2025-05-02,2025,0.015,0.015,205.0,close
2025-05-02,2025,0.015,0.0,205.0,close
2025-05-02,2025,0.0,0.005,205.0,close
2025-05-02,2025,0.0,0.0075,205.0,close
2025-05-02,2025,0.0,0.01,205.0,close
2025-05-02,2025,0.0,0.015,205.0,close
2025-05-02,2025,0.0,0.0,205.0,close
2025-05-05,2025,0.0075,0.005,150.73,target
2025-05-05,2025,0.0075,0.0075,150.73,target
2025-05-05,2025,0.0075,0.01,150.73,target
2025-05-05,2025,0.0075,0.015,150.73,target
2025-05-05,2025,0.0075,0.0,150.73,target
2025-05-05,2025,0.01,0.005,-103.82000000000001,stop
2025-05-05,2025,0.01,0.0075,-48.0,close
2025-05-05,2025,0.01,0.01,-48.0,close
2025-05-05,2025,0.01,0.015,-48.0,close
2025-05-05,2025,0.01,0.0,-48.0,close
2025-05-05,2025,0.015,0.005,-103.82000000000001,stop
2025-05-05,2025,0.015,0.0075,-48.0,close
2025-05-05,2025,0.015,0.01,-48.0,close
2025-05-05,2025,0.015,0.015,-48.0,close
2025-05-05,2025,0.015,0.0,-48.0,close
2025-05-05,2025,0.0,0.005,-103.82000000000001,stop
2025-05-05,2025,0.0,0.0075,-48.0,close
2025-05-05,2025,0.0,0.01,-48.0,close
2025-05-05,2025,0.0,0.015,-48.0,close
2025-05-05,2025,0.0,0.0,-48.0,close
2025-05-07,2025,0.0075,0.005,-104.17,stop
2025-05-07,2025,0.0075,0.0075,151.255,target
2025-05-07,2025,0.0075,0.01,151.255,target
2025-05-07,2025,0.0075,0.015,151.255,target
2025-05-07,2025,0.0075,0.0,151.255,target
2025-05-07,2025,0.01,0.005,-104.17,stop
2025-05-07,2025,0.01,0.0075,56.0,close
2025-05-07,2025,0.01,0.01,56.0,close
2025-05-07,2025,0.01,0.015,56.0,close
2025-05-07,2025,0.01,0.0,56.0,close
2025-05-07,2025,0.015,0.005,-104.17,stop
2025-05-07,2025,0.015,0.0075,56.0,close
2025-05-07,2025,0.015,0.01,56.0,close
2025-05-07,2025,0.015,0.015,56.0,close
2025-05-07,2025,0.015,0.0,56.0,close
2025-05-07,2025,0.0,0.005,-104.17,stop
2025-05-07,2025,0.0,0.0075,56.0,close
2025-05-07,2025,0.0,0.01,56.0,close
2025-05-07,2025,0.0,0.015,56.0,close
2025-05-07,2025,0.0,0.0,56.0,close
2025-05-08,2025,0.0075,0.005,151.5625,target
2025-05-08,2025,0.0075,0.0075,151.5625,target
2025-05-08,2025,0.0075,0.01,151.5625,target
2025-05-08,2025,0.0075,0.015,151.5625,target
2025-05-08,2025,0.0075,0.0,151.5625,target
2025-05-08,2025,0.01,0.005,202.75,target
2025-05-08,2025,0.01,0.0075,202.75,target
2025-05-08,2025,0.01,0.01,202.75,target
2025-05-08,2025,0.01,0.015,202.75,target
2025-05-08,2025,0.01,0.0,202.75,target
2025-05-08,2025,0.015,0.005,102.0,close
2025-05-08,2025,0.015,0.0075,102.0,close
2025-05-08,2025,0.015,0.01,102.0,close
2025-05-08,2025,0.015,0.015,102.0,close
2025-05-08,2025,0.015,0.0,102.0,close
2025-05-08,2025,0.0,0.005,102.0,close
2025-05-08,2025,0.0,0.0075,102.0,close
2025-05-08,2025,0.0,0.01,102.0,close
2025-05-08,2025,0.0,0.015,102.0,close
2025-05-08,2025,0.0,0.0,102.0,close
2025-05-09,2025,0.0075,0.005,152.8975,target
2025-05-09,2025,0.0075,0.0075,152.8975,target
2025-05-09,2025,0.0075,0.01,152.8975,target
2025-05-09,2025,0.0075,0.015,152.8975,target
2025-05-09,2025,0.0075,0.0,152.8975,target
2025-05-09,2025,0.01,0.005,204.53,target
2025-05-09,2025,0.01,0.0075,204.53,target
2025-05-09,2025,0.01,0.01,204.53,target
2025-05-09,2025,0.01,0.015,204.53,target
2025-05-09,2025,0.01,0.0,204.53,target
2025-05-09,2025,0.015,0.005,193.0,close
2025-05-09,2025,0.015,0.0075,193.0,close
2025-05-09,2025,0.015,0.01,193.0,close
2025-05-09,2025,0.015,0.015,193.0,close
2025-05-09,2025,0.015,0.0,193.0,close
2025-05-09,2025,0.0,0.005,193.0,close
2025-05-09,2025,0.0,0.0075,193.0,close
2025-05-09,2025,0.0,0.01,193.0,close
2025-05-09,2025,0.0,0.015,193.0,close
2025-05-09,2025,0.0,0.0,193.0,close
2025-05-12,2025,0.0075,0.005,58.0,close
2025-05-12,2025,0.0075,0.0075,58.0,close
2025-05-12,2025,0.0075,0.01,58.0,close
2025-05-12,2025,0.0075,0.015,58.0,close
2025-05-12,2025,0.0075,0.0,58.0,close
2025-05-12,2025,0.01,0.005,58.0,close
2025-05-12,2025,0.01,0.0075,58.0,close
2025-05-12,2025,0.01,0.01,58.0,close
2025-05-12,2025,0.01,0.015,58.0,close
2025-05-12,2025,0.01,0.0,58.0,close
2025-05-12,2025,0.015,0.005,58.0,close
2025-05-12,2025,0.015,0.0075,58.0,close
2025-05-12,2025,0.015,0.01,58.0,close
2025-05-12,2025,0.015,0.015,58.0,close
2025-05-12,2025,0.015,0.0,58.0,close
2025-05-12,2025,0.0,0.005,58.0,close
2025-05-12,2025,0.0,0.0075,58.0,close
2025-05-12,2025,0.0,0.01,58.0,close
2025-05-12,2025,0.0,0.015,58.0,close
2025-05-12,2025,0.0,0.0,58.0,close
2025-05-13,2025,0.0075,0.005,158.8825,target
2025-05-13,2025,0.0075,0.0075,158.8825,target
2025-05-13,2025,0.0075,0.01,158.8825,target
2025-05-13,2025,0.0075,0.015,158.8825,target
2025-05-13,2025,0.0075,0.0,158.8825,target
2025-05-13,2025,0.01,0.005,92.0,close
2025-05-13,2025,0.01,0.0075,92.0,close
2025-05-13,2025,0.01,0.01,92.0,close
2025-05-13,2025,0.01,0.015,92.0,close
2025-05-13,2025,0.01,0.0,92.0,close
2025-05-13,2025,0.015,0.005,92.0,close
2025-05-13,2025,0.015,0.0075,92.0,close
2025-05-13,2025,0.015,0.01,92.0,close
2025-05-13,2025,0.015,0.015,92.0,close
2025-05-13,2025,0.015,0.0,92.0,close
2025-05-13,2025,0.0,0.005,92.0,close
2025-05-13,2025,0.0,0.0075,92.0,close
2025-05-13,2025,0.0,0.01,92.0,close
2025-05-13,2025,0.0,0.015,92.0,close
2025-05-13,2025,0.0,0.0,92.0,close
2025-05-14,2025,0.0075,0.005,-110.37,stop
2025-05-14,2025,0.0075,0.0075,-98.0,close
2025-05-14,2025,0.0075,0.01,-98.0,close
2025-05-14,2025,0.0075,0.015,-98.0,close
2025-05-14,2025,0.0075,0.0,-98.0,close
2025-05-14,2025,0.01,0.005,-110.37,stop
2025-05-14,2025,0.01,0.0075,-98.0,close
2025-05-14,2025,0.01,0.01,-98.0,close
2025-05-14,2025,0.01,0.015,-98.0,close
2025-05-14,2025,0.01,0.0,-98.0,close
2025-05-14,2025,0.015,0.005,-110.37,stop
2025-05-14,2025,0.015,0.0075,-98.0,close
2025-05-14,2025,0.015,0.01,-98.0,close
2025-05-14,2025,0.015,0.015,-98.0,close
2025-05-14,2025,0.015,0.0,-98.0,close
2025-05-14,2025,0.0,0.005,-110.37,stop
2025-05-14,2025,0.0,0.0075,-98.0,close
2025-05-14,2025,0.0,0.01,-98.0,close
2025-05-14,2025,0.0,0.015,-98.0,close
2025-05-14,2025,0.0,0.0,-98.0,close
2025-05-15,2025,0.0075,0.005,-88.0,close
2025-05-15,2025,0.0075,0.0075,-88.0,close
2025-05-15,2025,0.0075,0.01,-88.0,close
2025-05-15,2025,0.0075,0.015,-88.0,close
2025-05-15,2025,0.0075,0.0,-88.0,close
2025-05-15,2025,0.01,0.005,-88.0,close
2025-05-15,2025,0.01,0.0075,-88.0,close
2025-05-15,2025,0.01,0.01,-88.0,close
2025-05-15,2025,0.01,0.015,-88.0,close
2025-05-15,2025,0.01,0.0,-88.0,close
2025-05-15,2025,0.015,0.005,-88.0,close
2025-05-15,2025,0.015,0.0075,-88.0,close
2025-05-15,2025,0.015,0.01,-88.0,close
2025-05-15,2025,0.015,0.015,-88.0,close
2025-05-15,2025,0.015,0.0,-88.0,close
2025-05-15,2025,0.0,0.005,-88.0,close
2025-05-15,2025,0.0,0.0075,-88.0,close
2025-05-15,2025,0.0,0.01,-88.0,close
2025-05-15,2025,0.0,0.015,-88.0,close
2025-05-15,2025,0.0,0.0,-88.0,close
2025-05-22,2025,0.0075,0.005,-52.0,close
2025-05-22,2025,0.0075,0.0075,-52.0,close
2025-05-22,2025,0.0075,0.01,-52.0,close
2025-05-22,2025,0.0075,0.015,-52.0,close
2025-05-22,2025,0.0075,0.0,-52.0,close
2025-05-22,2025,0.01,0.005,-52.0,close
2025-05-22,2025,0.01,0.0075,-52.0,close
2025-05-22,2025,0.01,0.01,-52.0,close
2025-05-22,2025,0.01,0.015,-52.0,close
2025-05-22,2025,0.01,0.0,-52.0,close
2025-05-22,2025,0.015,0.005,-52.0,close
2025-05-22,2025,0.015,0.0075,-52.0,close
2025-05-22,2025,0.015,0.01,-52.0,close
2025-05-22,2025,0.015,0.015,-52.0,close
2025-05-22,2025,0.015,0.0,-52.0,close
2025-05-22,2025,0.0,0.005,-52.0,close
2025-05-22,2025,0.0,0.0075,-52.0,close
2025-05-22,2025,0.0,0.01,-52.0,close
2025-05-22,2025,0.0,0.015,-52.0,close
2025-05-22,2025,0.0,0.0,-52.0,close
2025-05-26,2025,0.0075,0.005,-109.25,stop
2025-05-26,2025,0.0075,0.0075,62.0,close
2025-05-26,2025,0.0075,0.01,62.0,close
2025-05-26,2025,0.0075,0.015,62.0,close
2025-05-26,2025,0.0075,0.0,62.0,close
2025-05-26,2025,0.01,0.005,-109.25,stop
2025-05-26,2025,0.01,0.0075,62.0,close
2025-05-26,2025,0.01,0.01,62.0,close
2025-05-26,2025,0.01,0.015,62.0,close
2025-05-26,2025,0.01,0.0,62.0,close
2025-05-26,2025,0.015,0.005,-109.25,stop
2025-05-26,2025,0.015,0.0075,62.0,close
2025-05-26,2025,0.015,0.01,62.0,close
2025-05-26,2025,0.015,0.015,62.0,close
2025-05-26,2025,0.015,0.0,62.0,close
2025-05-26,2025,0.0,0.005,-109.25,stop
2025-05-26,2025,0.0,0.0075,62.0,close
2025-05-26,2025,0.0,0.01,62.0,close
2025-05-26,2025,0.0,0.015,62.0,close
2025-05-26,2025,0.0,0.0,62.0,close
2025-05-27,2025,0.0075,0.005,158.4625,target
2025-05-27,2025,0.0075,0.0075,158.4625,target
2025-05-27,2025,0.0075,0.01,158.4625,target
2025-05-27,2025,0.0075,0.015,158.4625,target
2025-05-27,2025,0.0075,0.0,158.4625,target
2025-05-27,2025,0.01,0.005,211.95000000000002,target
2025-05-27,2025,0.01,0.0075,211.95000000000002,target
2025-05-27,2025,0.01,0.01,211.95000000000002,target
2025-05-27,2025,0.01,0.015,211.95000000000002,target
2025-05-27,2025,0.01,0.0,211.95000000000002,target
2025-05-27,2025,0.015,0.005,164.0,close
2025-05-27,2025,0.015,0.0075,164.0,close
2025-05-27,2025,0.015,0.01,164.0,close
2025-05-27,2025,0.015,0.015,164.0,close
2025-05-27,2025,0.015,0.0,164.0,close
2025-05-27,2025,0.0,0.005,164.0,close
2025-05-27,2025,0.0,0.0075,164.0,close
2025-05-27,2025,0.0,0.01,164.0,close
2025-05-27,2025,0.0,0.015,164.0,close
2025-05-27,2025,0.0,0.0,164.0,close
2025-05-28,2025,0.0075,0.005,157.855,target
2025-05-28,2025,0.0075,0.0075,157.855,target
2025-05-28,2025,0.0075,0.01,157.855,target
2025-05-28,2025,0.0075,0.015,157.855,target
2025-05-28,2025,0.0075,0.0,157.855,target
2025-05-28,2025,0.01,0.005,63.0,close
2025-05-28,2025,0.01,0.0075,63.0,close
2025-05-28,2025,0.01,0.01,63.0,close
2025-05-28,2025,0.01,0.015,63.0,close
2025-05-28,2025,0.01,0.0,63.0,close
2025-05-28,2025,0.015,0.005,63.0,close
2025-05-28,2025,0.015,0.0075,63.0,close
2025-05-28,2025,0.015,0.01,63.0,close
2025-05-28,2025,0.015,0.015,63.0,close
2025-05-28,2025,0.015,0.0,63.0,close
2025-05-28,2025,0.0,0.005,63.0,close
2025-05-28,2025,0.0,0.0075,63.0,close
2025-05-28,2025,0.0,0.01,63.0,close
2025-05-28,2025,0.0,0.015,63.0,close
2025-05-28,2025,0.0,0.0,63.0,close
2025-06-03,2025,0.0075,0.005,155.71,target
2025-06-03,2025,0.0075,0.0075,155.71,target
2025-06-03,2025,0.0075,0.01,155.71,target
2025-06-03,2025,0.0075,0.015,155.71,target
2025-06-03,2025,0.0075,0.0,155.71,target
2025-06-03,2025,0.01,0.005,-54.0,close
2025-06-03,2025,0.01,0.0075,-54.0,close
2025-06-03,2025,0.01,0.01,-54.0,close
2025-06-03,2025,0.01,0.015,-54.0,close
2025-06-03,2025,0.01,0.0,-54.0,close
2025-06-03,2025,0.015,0.005,-54.0,close
2025-06-03,2025,0.015,0.0075,-54.0,close
2025-06-03,2025,0.015,0.01,-54.0,close
2025-06-03,2025,0.015,0.015,-54.0,close
2025-06-03,2025,0.015,0.0,-54.0,close
2025-06-03,2025,0.0,0.005,-54.0,close
2025-06-03,2025,0.0,0.0075,-54.0,close
2025-06-03,2025,0.0,0.01,-54.0,close
2025-06-03,2025,0.0,0.015,-54.0,close
2025-06-03,2025,0.0,0.0,-54.0,close
2025-06-04,2025,0.0075,0.005,-38.0,close
2025-06-04,2025,0.0075,0.0075,-38.0,close
2025-06-04,2025,0.0075,0.01,-38.0,close
2025-06-04,2025,0.0075,0.015,-38.0,close
2025-06-04,2025,0.0075,0.0,-38.0,close
2025-06-04,2025,0.01,0.005,-38.0,close
2025-06-04,2025,0.01,0.0075,-38.0,close
2025-06-04,2025,0.01,0.01,-38.0,close
2025-06-04,2025,0.01,0.015,-38.0,close
2025-06-04,2025,0.01,0.0,-38.0,close
2025-06-04,2025,0.015,0.005,-38.0,close
2025-06-04,2025,0.015,0.0075,-38.0,close
2025-06-04,2025,0.015,0.01,-38.0,close
2025-06-04,2025,0.015,0.015,-38.0,close
2025-06-04,2025,0.015,0.0,-38.0,close
2025-06-04,2025,0.0,0.005,-38.0,close
2025-06-04,2025,0.0,0.0075,-38.0,close
2025-06-04,2025,0.0,0.01,-38.0,close
2025-06-04,2025,0.0,0.015,-38.0,close
2025-06-04,2025,0.0,0.0,-38.0,close
2025-06-05,2025,0.0075,0.005,-38.0,close
2025-06-05,2025,0.0075,0.0075,-38.0,close
2025-06-05,2025,0.0075,0.01,-38.0,close
2025-06-05,2025,0.0075,0.015,-38.0,close
2025-06-05,2025,0.0075,0.0,-38.0,close
2025-06-05,2025,0.01,0.005,-38.0,close
2025-06-05,2025,0.01,0.0075,-38.0,close
2025-06-05,2025,0.01,0.01,-38.0,close
2025-06-05,2025,0.01,0.015,-38.0,close
2025-06-05,2025,0.01,0.0,-38.0,close
2025-06-05,2025,0.015,0.005,-38.0,close
2025-06-05,2025,0.015,0.0075,-38.0,close
2025-06-05,2025,0.015,0.01,-38.0,close
2025-06-05,2025,0.015,0.015,-38.0,close
2025-06-05,2025,0.015,0.0,-38.0,close
2025-06-05,2025,0.0,0.005,-38.0,close
2025-06-05,2025,0.0,0.0075,-38.0,close
2025-06-05,2025,0.0,0.01,-38.0,close
2025-06-05,2025,0.0,0.015,-38.0,close
2025-06-05,2025,0.0,0.0,-38.0,close
2025-06-09,2025,0.0075,0.005,57.0,close
2025-06-09,2025,0.0075,0.0075,57.0,close
2025-06-09,2025,0.0075,0.01,57.0,close
2025-06-09,2025,0.0075,0.015,57.0,close
2025-06-09,2025,0.0075,0.0,57.0,close
2025-06-09,2025,0.01,0.005,57.0,close
2025-06-09,2025,0.01,0.0075,57.0,close
2025-06-09,2025,0.01,0.01,57.0,close
2025-06-09,2025,0.01,0.015,57.0,close
2025-06-09,2025,0.01,0.0,57.0,close
2025-06-09,2025,0.015,0.005,57.0,close
2025-06-09,2025,0.015,0.0075,57.0,close
2025-06-09,2025,0.015,0.01,57.0,close
2025-06-09,2025,0.015,0.015,57.0,close
2025-06-09,2025,0.015,0.0,57.0,close
2025-06-09,2025,0.0,0.005,57.0,close
2025-06-09,2025,0.0,0.0075,57.0,close
2025-06-09,2025,0.0,0.01,57.0,close
2025-06-09,2025,0.0,0.015,57.0,close
2025-06-09,2025,0.0,0.0,57.0,close
2025-06-10,2025,0.0075,0.005,162.0025,target
2025-06-10,2025,0.0075,0.0075,162.0025,target
2025-06-10,2025,0.0075,0.01,162.0025,target
2025-06-10,2025,0.0075,0.015,162.0025,target
2025-06-10,2025,0.0075,0.0,162.0025,target
2025-06-10,2025,0.01,0.005,216.67000000000002,target
2025-06-10,2025,0.01,0.0075,216.67000000000002,target
2025-06-10,2025,0.01,0.01,216.67000000000002,target
2025-06-10,2025,0.01,0.015,216.67000000000002,target
2025-06-10,2025,0.01,0.0,216.67000000000002,target
2025-06-10,2025,0.015,0.005,326.005,target
2025-06-10,2025,0.015,0.0075,326.005,target
2025-06-10,2025,0.015,0.01,326.005,target
2025-06-10,2025,0.015,0.015,326.005,target
2025-06-10,2025,0.015,0.0,326.005,target
2025-06-10,2025,0.0,0.005,244.0,close
2025-06-10,2025,0.0,0.0075,244.0,close
2025-06-10,2025,0.0,0.01,244.0,close
2025-06-10,2025,0.0,0.015,244.0,close
2025-06-10,2025,0.0,0.0,244.0,close
2025-06-11,2025,0.0075,0.005,-91.0,close
2025-06-11,2025,0.0075,0.0075,-91.0,close
2025-06-11,2025,0.0075,0.01,-91.0,close
2025-06-11,2025,0.0075,0.015,-91.0,close
2025-06-11,2025,0.0075,0.0,-91.0,close
2025-06-11,2025,0.01,0.005,-91.0,close
2025-06-11,2025,0.01,0.0075,-91.0,close
2025-06-11,2025,0.01,0.01,-91.0,close
2025-06-11,2025,0.01,0.015,-91.0,close
2025-06-11,2025,0.01,0.0,-91.0,close
2025-06-11,2025,0.015,0.005,-91.0,close
2025-06-11,2025,0.015,0.0075,-91.0,close
2025-06-11,2025,0.015,0.01,-91.0,close
2025-06-11,2025,0.015,0.015,-91.0,close
2025-06-11,2025,0.015,0.0,-91.0,close
2025-06-11,2025,0.0,0.005,-91.0,close
2025-06-11,2025,0.0,0.0075,-91.0,close
2025-06-11,2025,0.0,0.01,-91.0,close
2025-06-11,2025,0.0,0.015,-91.0,close
2025-06-11,2025,0.0,0.0,-91.0,close
2025-06-13,2025,0.0075,0.005,162.7825,target
2025-06-13,2025,0.0075,0.0075,162.7825,target
2025-06-13,2025,0.0075,0.01,162.7825,target
2025-06-13,2025,0.0075,0.015,162.7825,target
2025-06-13,2025,0.0075,0.0,162.7825,target
2025-06-13,2025,0.01,0.005,-39.0,close
2025-06-13,2025,0.01,0.0075,-39.0,close
2025-06-13,2025,0.01,0.01,-39.0,close
2025-06-13,2025,0.01,0.015,-39.0,close
2025-06-13,2025,0.01,0.0,-39.0,close
2025-06-13,2025,0.015,0.005,-39.0,close
2025-06-13,2025,0.015,0.0075,-39.0,close
2025-06-13,2025,0.015,0.01,-39.0,close
2025-06-13,2025,0.015,0.015,-39.0,close
2025-06-13,2025,0.015,0.0,-39.0,close
2025-06-13,2025,0.0,0.005,-39.0,close
2025-06-13,2025,0.0,0.0075,-39.0,close
2025-06-13,2025,0.0,0.01,-39.0,close
2025-06-13,2025,0.0,0.015,-39.0,close
2025-06-13,2025,0.0,0.0,-39.0,close
2025-06-17,2025,0.0075,0.005,164.7175,target
2025-06-17,2025,0.0075,0.0075,164.7175,target
2025-06-17,2025,0.0075,0.01,164.7175,target
2025-06-17,2025,0.0075,0.015,164.7175,target
2025-06-17,2025,0.0075,0.0,164.7175,target
2025-06-17,2025,0.01,0.005,64.0,close
2025-06-17,2025,0.01,0.0075,64.0,close
2025-06-17,2025,0.01,0.01,64.0,close
2025-06-17,2025,0.01,0.015,64.0,close
2025-06-17,2025,0.01,0.0,64.0,close
2025-06-17,2025,0.015,0.005,64.0,close
2025-06-17,2025,0.015,0.0075,64.0,close
2025-06-17,2025,0.015,0.01,64.0,close
2025-06-17,2025,0.015,0.015,64.0,close
2025-06-17,2025,0.015,0.0,64.0,close
2025-06-17,2025,0.0,0.005,64.0,close
2025-06-17,2025,0.0,0.0075,64.0,close
2025-06-17,2025,0.0,0.01,64.0,close
2025-06-17,2025,0.0,0.015,64.0,close
2025-06-17,2025,0.0,0.0,64.0,close
2025-06-19,2025,0.0075,0.005,-111.10000000000001,stop
2025-06-19,2025,0.0075,0.0075,-118.0,close
2025-06-19,2025,0.0075,0.01,-118.0,close
2025-06-19,2025,0.0075,0.015,-118.0,close
2025-06-19,2025,0.0075,0.0,-118.0,close
2025-06-19,2025,0.01,0.005,-111.10000000000001,stop
2025-06-19,2025,0.01,0.0075,-118.0,close
2025-06-19,2025,0.01,0.01,-118.0,close
2025-06-19,2025,0.01,0.015,-118.0,close
2025-06-19,2025,0.01,0.0,-118.0,close
2025-06-19,2025,0.015,0.005,-111.10000000000001,stop
2025-06-19,2025,0.015,0.0075,-118.0,close
2025-06-19,2025,0.015,0.01,-118.0,close
2025-06-19,2025,0.015,0.015,-118.0,close
2025-06-19,2025,0.015,0.0,-118.0,close
2025-06-19,2025,0.0,0.005,-111.10000000000001,stop
2025-06-19,2025,0.0,0.0075,-118.0,close
2025-06-19,2025,0.0,0.01,-118.0,close
2025-06-19,2025,0.0,0.015,-118.0,close
2025-06-19,2025,0.0,0.0,-118.0,close
2025-06-20,2025,0.0075,0.005,-110.15,stop
2025-06-20,2025,0.0075,0.0075,17.0,close
2025-06-20,2025,0.0075,0.01,17.0,close
2025-06-20,2025,0.0075,0.015,17.0,close
2025-06-20,2025,0.0075,0.0,17.0,close
2025-06-20,2025,0.01,0.005,-110.15,stop
2025-06-20,2025,0.01,0.0075,17.0,close
2025-06-20,2025,0.01,0.01,17.0,close
2025-06-20,2025,0.01,0.015,17.0,close
2025-06-20,2025,0.01,0.0,17.0,close
2025-06-20,2025,0.015,0.005,-110.15,stop
2025-06-20,2025,0.015,0.0075,17.0,close
2025-06-20,2025,0.015,0.01,17.0,close
2025-06-20,2025,0.015,0.015,17.0,close
2025-06-20,2025,0.015,0.0,17.0,close
2025-06-20,2025,0.0,0.005,-110.15,stop
2025-06-20,2025,0.0,0.0075,17.0,close
2025-06-20,2025,0.0,0.01,17.0,close
2025-06-20,2025,0.0,0.015,17.0,close
2025-06-20,2025,0.0,0.0,17.0,close
2025-06-24,2025,0.0075,0.005,161.2,target
2025-06-24,2025,0.0075,0.0075,161.2,target
2025-06-24,2025,0.0075,0.01,161.2,target
2025-06-24,2025,0.0075,0.015,161.2,target
2025-06-24,2025,0.0075,0.0,161.2,target
2025-06-24,2025,0.01,0.005,200.0,close
2025-06-24,2025,0.01,0.0075,200.0,close
2025-06-24,2025,0.01,0.01,200.0,close
2025-06-24,2025,0.01,0.015,200.0,close
2025-06-24,2025,0.01,0.0,200.0,close
2025-06-24,2025,0.015,0.005,200.0,close
2025-06-24,2025,0.015,0.0075,200.0,close
2025-06-24,2025,0.015,0.01,200.0,close
2025-06-24,2025,0.015,0.015,200.0,close
2025-06-24,2025,0.015,0.0,200.0,close
2025-06-24,2025,0.0,0.005,200.0,close
2025-06-24,2025,0.0,0.0075,200.0,close
2025-06-24,2025,0.0,0.01,200.0,close
2025-06-24,2025,0.0,0.015,200.0,close
2025-06-24,2025,0.0,0.0,200.0,close
2025-06-25,2025,0.0075,0.005,-102.0,close
2025-06-25,2025,0.0075,0.0075,-102.0,close
2025-06-25,2025,0.0075,0.01,-102.0,close
2025-06-25,2025,0.0075,0.015,-102.0,close
2025-06-25,2025,0.0075,0.0,-102.0,close
2025-06-25,2025,0.01,0.005,-102.0,close
2025-06-25,2025,0.01,0.0075,-102.0,close
2025-06-25,2025,0.01,0.01,-102.0,close
2025-06-25,2025,0.01,0.015,-102.0,close
2025-06-25,2025,0.01,0.0,-102.0,close
2025-06-25,2025,0.015,0.005,-102.0,close
2025-06-25,2025,0.015,0.0075,-102.0,close
2025-06-25,2025,0.015,0.01,-102.0,close
2025-06-25,2025,0.015,0.015,-102.0,close
2025-06-25,2025,0.015,0.0,-102.0,close
2025-06-25,2025,0.0,0.005,-102.0,close
2025-06-25,2025,0.0,0.0075,-102.0,close
2025-06-25,2025,0.0,0.01,-102.0,close
2025-06-25,2025,0.0,0.015,-102.0,close
2025-06-25,2025,0.0,0.0,-102.0,close
2025-06-26,2025,0.0075,0.005,-55.0,close
2025-06-26,2025,0.0075,0.0075,-55.0,close
2025-06-26,2025,0.0075,0.01,-55.0,close
2025-06-26,2025,0.0075,0.015,-55.0,close
2025-06-26,2025,0.0075,0.0,-55.0,close
2025-06-26,2025,0.01,0.005,-55.0,close
2025-06-26,2025,0.01,0.0075,-55.0,close
2025-06-26,2025,0.01,0.01,-55.0,close
2025-06-26,2025,0.01,0.015,-55.0,close
2025-06-26,2025,0.01,0.0,-55.0,close
2025-06-26,2025,0.015,0.005,-55.0,close
2025-06-26,2025,0.015,0.0075,-55.0,close
2025-06-26,2025,0.015,0.01,-55.0,close
2025-06-26,2025,0.015,0.015,-55.0,close
2025-06-26,2025,0.015,0.0,-55.0,close
2025-06-26,2025,0.0,0.005,-55.0,close
2025-06-26,2025,0.0,0.0075,-55.0,close
2025-06-26,2025,0.0,0.01,-55.0,close
2025-06-26,2025,0.0,0.015,-55.0,close
2025-06-26,2025,0.0,0.0,-55.0,close
2025-06-27,2025,0.0075,0.005,-112.995,stop
2025-06-27,2025,0.0075,0.0075,-168.4925,stop
2025-06-27,2025,0.0075,0.01,-81.0,close
2025-06-27,2025,0.0075,0.015,-81.0,close
2025-06-27,2025,0.0075,0.0,-81.0,close
2025-06-27,2025,0.01,0.005,-112.995,stop
2025-06-27,2025,0.01,0.0075,-168.4925,stop
2025-06-27,2025,0.01,0.01,-81.0,close
2025-06-27,2025,0.01,0.015,-81.0,close
2025-06-27,2025,0.01,0.0,-81.0,close
2025-06-27,2025,0.015,0.005,-112.995,stop
2025-06-27,2025,0.015,0.0075,-168.4925,stop
2025-06-27,2025,0.015,0.01,-81.0,close
2025-06-27,2025,0.015,0.015,-81.0,close
2025-06-27,2025,0.015,0.0,-81.0,close
2025-06-27,2025,0.0,0.005,-112.995,stop
2025-06-27,2025,0.0,0.0075,-168.4925,stop
2025-06-27,2025,0.0,0.01,-81.0,close
2025-06-27,2025,0.0,0.015,-81.0,close
2025-06-27,2025,0.0,0.0,-81.0,close
2025-06-30,2025,0.0075,0.005,-113.175,stop
2025-06-30,2025,0.0075,0.0075,-96.0,close
2025-06-30,2025,0.0075,0.01,-96.0,close
2025-06-30,2025,0.0075,0.015,-96.0,close
2025-06-30,2025,0.0075,0.0,-96.0,close
2025-06-30,2025,0.01,0.005,-113.175,stop
2025-06-30,2025,0.01,0.0075,-96.0,close
2025-06-30,2025,0.01,0.01,-96.0,close
2025-06-30,2025,0.01,0.015,-96.0,close
2025-06-30,2025,0.01,0.0,-96.0,close
2025-06-30,2025,0.015,0.005,-113.175,stop
2025-06-30,2025,0.015,0.0075,-96.0,close
2025-06-30,2025,0.015,0.01,-96.0,close
2025-06-30,2025,0.015,0.015,-96.0,close
2025-06-30,2025,0.015,0.0,-96.0,close
2025-06-30,2025,0.0,0.005,-113.175,stop
2025-06-30,2025,0.0,0.0075,-96.0,close
2025-06-30,2025,0.0,0.01,-96.0,close
2025-06-30,2025,0.0,0.015,-96.0,close
2025-06-30,2025,0.0,0.0,-96.0,close
2025-07-01,2025,0.0075,0.005,164.4475,target
2025-07-01,2025,0.0075,0.0075,164.4475,target
2025-07-01,2025,0.0075,0.01,164.4475,target
2025-07-01,2025,0.0075,0.015,164.4475,target
2025-07-01,2025,0.0075,0.0,164.4475,target
2025-07-01,2025,0.01,0.005,219.93,target
2025-07-01,2025,0.01,0.0075,219.93,target
2025-07-01,2025,0.01,0.01,219.93,target
2025-07-01,2025,0.01,0.015,219.93,target
2025-07-01,2025,0.01,0.0,219.93,target
2025-07-01,2025,0.015,0.005,330.895,target
2025-07-01,2025,0.015,0.0075,330.895,target
2025-07-01,2025,0.015,0.01,330.895,target
2025-07-01,2025,0.015,0.015,330.895,target
2025-07-01,2025,0.015,0.0,330.895,target
2025-07-01,2025,0.0,0.005,156.0,close
2025-07-01,2025,0.0,0.0075,156.0,close
2025-07-01,2025,0.0,0.01,156.0,close
2025-07-01,2025,0.0,0.015,156.0,close
2025-07-01,2025,0.0,0.0,156.0,close
2025-07-03,2025,0.0075,0.005,107.0,close
2025-07-03,2025,0.0075,0.0075,107.0,close
2025-07-03,2025,0.0075,0.01,107.0,close
2025-07-03,2025,0.0075,0.015,107.0,close
2025-07-03,2025,0.0075,0.0,107.0,close
2025-07-03,2025,0.01,0.005,107.0,close
2025-07-03,2025,0.01,0.0075,107.0,close
2025-07-03,2025,0.01,0.01,107.0,close
2025-07-03,2025,0.01,0.015,107.0,close
2025-07-03,2025,0.01,0.0,107.0,close
2025-07-03,2025,0.015,0.005,107.0,close
2025-07-03,2025,0.015,0.0075,107.0,close
2025-07-03,2025,0.015,0.01,107.0,close
2025-07-03,2025,0.015,0.015,107.0,close
2025-07-03,2025,0.015,0.0,107.0,close
2025-07-03,2025,0.0,0.005,107.0,close
2025-07-03,2025,0.0,0.0075,107.0,close
2025-07-03,2025,0.0,0.01,107.0,close
2025-07-03,2025,0.0,0.015,107.0,close
2025-07-03,2025,0.0,0.0,107.0,close
2025-07-04,2025,0.0075,0.005,-115.735,stop
2025-07-04,2025,0.0075,0.0075,-172.6025,stop
2025-07-04,2025,0.0075,0.01,-229.47,stop
2025-07-04,2025,0.0075,0.015,-315.0,close
2025-07-04,2025,0.0075,0.0,-315.0,close
2025-07-04,2025,0.01,0.005,-115.735,stop
2025-07-04,2025,0.01,0.0075,-172.6025,stop
2025-07-04,2025,0.01,0.01,-229.47,stop
2025-07-04,2025,0.01,0.015,-315.0,close
2025-07-04,2025,0.01,0.0,-315.0,close
2025-07-04,2025,0.015,0.005,-115.735,stop
2025-07-04,2025,0.015,0.0075,-172.6025,stop
2025-07-04,2025,0.015,0.01,-229.47,stop
2025-07-04,2025,0.015,0.015,-315.0,close
2025-07-04,2025,0.015,0.0,-315.0,close
2025-07-04,2025,0.0,0.005,-115.735,stop
2025-07-04,2025,0.0,0.0075,-172.6025,stop
2025-07-04,2025,0.0,0.01,-229.47,stop
2025-07-04,2025,0.0,0.015,-315.0,close
2025-07-04,2025,0.0,0.0,-315.0,close
2025-07-07,2025,0.0075,0.005,-11.0,close
2025-07-07,2025,0.0075,0.0075,-11.0,close
2025-07-07,2025,0.0075,0.01,-11.0,close
2025-07-07,2025,0.0075,0.015,-11.0,close
2025-07-07,2025,0.0075,0.0,-11.0,close
2025-07-07,2025,0.01,0.005,-11.0,close
2025-07-07,2025,0.01,0.0075,-11.0,close
2025-07-07,2025,0.01,0.01,-11.0,close
2025-07-07,2025,0.01,0.015,-11.0,close
2025-07-07,2025,0.01,0.0,-11.0,close
2025-07-07,2025,0.015,0.005,-11.0,close
2025-07-07,2025,0.015,0.0075,-11.0,close
2025-07-07,2025,0.015,0.01,-11.0,close
2025-07-07,2025,0.015,0.015,-11.0,close
2025-07-07,2025,0.015,0.0,-11.0,close
2025-07-07,2025,0.0,0.005,-11.0,close
2025-07-07,2025,0.0,0.0075,-11.0,close
2025-07-07,2025,0.0,0.01,-11.0,close
2025-07-07,2025,0.0,0.015,-11.0,close
2025-07-07,2025,0.0,0.0,-11.0,close
2025-07-08,2025,0.0075,0.005,165.5425,target
2025-07-08,2025,0.0075,0.0075,165.5425,target
2025-07-08,2025,0.0075,0.01,165.5425,target
2025-07-08,2025,0.0075,0.015,165.5425,target
2025-07-08,2025,0.0075,0.0,165.5425,target
2025-07-08,2025,0.01,0.005,83.0,close
2025-07-08,2025,0.01,0.0075,83.0,close
2025-07-08,2025,0.01,0.01,83.0,close
2025-07-08,2025,0.01,0.015,83.0,close
2025-07-08,2025,0.01,0.0,83.0,close
2025-07-08,2025,0.015,0.005,83.0,close
2025-07-08,2025,0.015,0.0075,83.0,close
2025-07-08,2025,0.015,0.01,83.0,close
2025-07-08,2025,0.015,0.015,83.0,close
2025-07-08,2025,0.015,0.0,83.0,close
2025-07-08,2025,0.0,0.005,83.0,close
2025-07-08,2025,0.0,0.0075,83.0,close
2025-07-08,2025,0.0,0.01,83.0,close
2025-07-08,2025,0.0,0.015,83.0,close
2025-07-08,2025,0.0,0.0,83.0,close
2025-07-09,2025,0.0075,0.005,164.875,target
2025-07-09,2025,0.0075,0.0075,164.875,target
2025-07-09,2025,0.0075,0.01,164.875,target
2025-07-09,2025,0.0075,0.015,164.875,target
2025-07-09,2025,0.0075,0.0,164.875,target
2025-07-09,2025,0.01,0.005,178.0,close
2025-07-09,2025,0.01,0.0075,178.0,close
2025-07-09,2025,0.01,0.01,178.0,close
2025-07-09,2025,0.01,0.015,178.0,close
2025-07-09,2025,0.01,0.0,178.0,close
2025-07-09,2025,0.015,0.005,178.0,close
2025-07-09,2025,0.015,0.0075,178.0,close
2025-07-09,2025,0.015,0.01,178.0,close
2025-07-09,2025,0.015,0.015,178.0,close
2025-07-09,2025,0.015,0.0,178.0,close
2025-07-09,2025,0.0,0.005,178.0,close
2025-07-09,2025,0.0,0.0075,178.0,close
2025-07-09,2025,0.0,0.01,178.0,close
2025-07-09,2025,0.0,0.015,178.0,close
2025-07-09,2025,0.0,0.0,178.0,close
2025-07-10,2025,0.0075,0.005,166.4725,target
2025-07-10,2025,0.0075,0.0075,166.4725,target
2025-07-10,2025,0.0075,0.01,166.4725,target
2025-07-10,2025,0.0075,0.015,166.4725,target
2025-07-10,2025,0.0075,0.0,166.4725,target
2025-07-10,2025,0.01,0.005,143.0,close
2025-07-10,2025,0.01,0.0075,143.0,close
2025-07-10,2025,0.01,0.01,143.0,close
2025-07-10,2025,0.01,0.015,143.0,close
2025-07-10,2025,0.01,0.0,143.0,close
2025-07-10,2025,0.015,0.005,143.0,close
2025-07-10,2025,0.015,0.0075,143.0,close
2025-07-10,2025,0.015,0.01,143.0,close
2025-07-10,2025,0.015,0.015,143.0,close
2025-07-10,2025,0.015,0.0,143.0,close
2025-07-10,2025,0.0,0.005,143.0,close
2025-07-10,2025,0.0,0.0075,143.0,close
2025-07-10,2025,0.0,0.01,143.0,close
2025-07-10,2025,0.0,0.015,143.0,close
2025-07-10,2025,0.0,0.0,143.0,close
2025-07-11,2025,0.0075,0.005,166.84,target
2025-07-11,2025,0.0075,0.0075,166.84,target
2025-07-11,2025,0.0075,0.01,166.84,target
2025-07-11,2025,0.0075,0.015,166.84,target
2025-07-11,2025,0.0075,0.0,166.84,target
2025-07-11,2025,0.01,0.005,223.12,target
2025-07-11,2025,0.01,0.0075,223.12,target
2025-07-11,2025,0.01,0.01,223.12,target
2025-07-11,2025,0.01,0.015,223.12,target
2025-07-11,2025,0.01,0.0,223.12,target
2025-07-11,2025,0.015,0.005,250.0,close
2025-07-11,2025,0.015,0.0075,250.0,close
2025-07-11,2025,0.015,0.01,250.0,close
2025-07-11,2025,0.015,0.015,250.0,close
2025-07-11,2025,0.015,0.0,250.0,close
2025-07-11,2025,0.0,0.005,250.0,close
2025-07-11,2025,0.0,0.0075,250.0,close
2025-07-11,2025,0.0,0.01,250.0,close
2025-07-11,2025,0.0,0.015,250.0,close
2025-07-11,2025,0.0,0.0,250.0,close
2025-07-16,2025,0.0075,0.005,168.295,target
2025-07-16,2025,0.0075,0.0075,168.295,target
2025-07-16,2025,0.0075,0.01,168.295,target
2025-07-16,2025,0.0075,0.015,168.295,target
2025-07-16,2025,0.0075,0.0,168.295,target
2025-07-16,2025,0.01,0.005,225.06,target
2025-07-16,2025,0.01,0.0075,225.06,target
2025-07-16,2025,0.01,0.01,225.06,target
2025-07-16,2025,0.01,0.015,225.06,target
2025-07-16,2025,0.01,0.0,225.06,target
2025-07-16,2025,0.015,0.005,211.0,close
2025-07-16,2025,0.015,0.0075,211.0,close
2025-07-16,2025,0.015,0.01,211.0,close
2025-07-16,2025,0.015,0.015,211.0,close
2025-07-16,2025,0.015,0.0,211.0,close
2025-07-16,2025,0.0,0.005,211.0,close
2025-07-16,2025,0.0,0.0075,211.0,close
2025-07-16,2025,0.0,0.01,211.0,close
2025-07-16,2025,0.0,0.015,211.0,close
2025-07-16,2025,0.0,0.0,211.0,close
2025-07-18,2025,0.0075,0.005,-118.77,stop
2025-07-18,2025,0.0075,0.0075,-94.0,close
2025-07-18,2025,0.0075,0.01,-94.0,close
2025-07-18,2025,0.0075,0.015,-94.0,close
2025-07-18,2025,0.0075,0.0,-94.0,close
2025-07-18,2025,0.01,0.005,-118.77,stop
2025-07-18,2025,0.01,0.0075,-94.0,close
2025-07-18,2025,0.01,0.01,-94.0,close
2025-07-18,2025,0.01,0.015,-94.0,close
2025-07-18,2025,0.01,0.0,-94.0,close
2025-07-18,2025,0.015,0.005,-118.77,stop
2025-07-18,2025,0.015,0.0075,-94.0,close
2025-07-18,2025,0.015,0.01,-94.0,close
2025-07-18,2025,0.015,0.015,-94.0,close
2025-07-18,2025,0.015,0.0,-94.0,close
2025-07-18,2025,0.0,0.005,-118.77,stop
2025-07-18,2025,0.0,0.0075,-94.0,close
2025-07-18,2025,0.0,0.01,-94.0,close
2025-07-18,2025,0.0,0.015,-94.0,close
2025-07-18,2025,0.0,0.0,-94.0,close
2025-07-22,2025,0.0075,0.005,-118.255,stop
2025-07-22,2025,0.0075,0.0075,-176.3825,stop
2025-07-22,2025,0.0075,0.01,-234.51,stop
2025-07-22,2025,0.0075,0.015,-261.0,close
2025-07-22,2025,0.0075,0.0,-261.0,close
2025-07-22,2025,0.01,0.005,-118.255,stop
2025-07-22,2025,0.01,0.0075,-176.3825,stop
2025-07-22,2025,0.01,0.01,-234.51,stop
2025-07-22,2025,0.01,0.015,-261.0,close
2025-07-22,2025,0.01,0.0,-261.0,close
2025-07-22,2025,0.015,0.005,-118.255,stop
2025-07-22,2025,0.015,0.0075,-176.3825,stop
2025-07-22,2025,0.015,0.01,-234.51,stop
2025-07-22,2025,0.015,0.015,-261.0,close
2025-07-22,2025,0.015,0.0,-261.0,close
2025-07-22,2025,0.0,0.005,-118.255,stop
2025-07-22,2025,0.0,0.0075,-176.3825,stop
2025-07-22,2025,0.0,0.01,-234.51,stop
2025-07-22,2025,0.0,0.015,-261.0,close
2025-07-22,2025,0.0,0.0,-261.0,close
2025-07-23,2025,0.0075,0.005,-116.935,stop
2025-07-23,2025,0.0075,0.0075,-174.4025,stop
2025-07-23,2025,0.0075,0.01,-231.87,stop
2025-07-23,2025,0.0075,0.015,-199.0,close
2025-07-23,2025,0.0075,0.0,-199.0,close
2025-07-23,2025,0.01,0.005,-116.935,stop
2025-07-23,2025,0.01,0.0075,-174.4025,stop
2025-07-23,2025,0.01,0.01,-231.87,stop
2025-07-23,2025,0.01,0.015,-199.0,close
2025-07-23,2025,0.01,0.0,-199.0,close
2025-07-23,2025,0.015,0.005,-116.935,stop
2025-07-23,2025,0.015,0.0075,-174.4025,stop
2025-07-23,2025,0.015,0.01,-231.87,stop
2025-07-23,2025,0.015,0.015,-199.0,close
2025-07-23,2025,0.015,0.0,-199.0,close
2025-07-23,2025,0.0,0.005,-116.935,stop
2025-07-23,2025,0.0,0.0075,-174.4025,stop
2025-07-23,2025,0.0,0.01,-231.87,stop
2025-07-23,2025,0.0,0.015,-199.0,close
2025-07-23,2025,0.0,0.0,-199.0,close
2025-07-25,2025,0.0075,0.005,-21.0,close
2025-07-25,2025,0.0075,0.0075,-21.0,close
2025-07-25,2025,0.0075,0.01,-21.0,close
2025-07-25,2025,0.0075,0.015,-21.0,close
2025-07-25,2025,0.0075,0.0,-21.0,close
2025-07-25,2025,0.01,0.005,-21.0,close
2025-07-25,2025,0.01,0.0075,-21.0,close
2025-07-25,2025,0.01,0.01,-21.0,close
2025-07-25,2025,0.01,0.015,-21.0,close
2025-07-25,2025,0.01,0.0,-21.0,close
2025-07-25,2025,0.015,0.005,-21.0,close
2025-07-25,2025,0.015,0.0075,-21.0,close
2025-07-25,2025,0.015,0.01,-21.0,close
2025-07-25,2025,0.015,0.015,-21.0,close
2025-07-25,2025,0.015,0.0,-21.0,close
2025-07-25,2025,0.0,0.005,-21.0,close
2025-07-25,2025,0.0,0.0075,-21.0,close
2025-07-25,2025,0.0,0.01,-21.0,close
2025-07-25,2025,0.0,0.015,-21.0,close
2025-07-25,2025,0.0,0.0,-21.0,close
2025-07-28,2025,0.0075,0.005,24.0,close
2025-07-28,2025,0.0075,0.0075,24.0,close
2025-07-28,2025,0.0075,0.01,24.0,close
2025-07-28,2025,0.0075,0.015,24.0,close
2025-07-28,2025,0.0075,0.0,24.0,close
2025-07-28,2025,0.01,0.005,24.0,close
2025-07-28,2025,0.01,0.0075,24.0,close
2025-07-28,2025,0.01,0.01,24.0,close
2025-07-28,2025,0.01,0.015,24.0,close
2025-07-28,2025,0.01,0.0,24.0,close
2025-07-28,2025,0.015,0.005,24.0,close
2025-07-28,2025,0.015,0.0075,24.0,close
2025-07-28,2025,0.015,0.01,24.0,close
2025-07-28,2025,0.015,0.015,24.0,close
2025-07-28,2025,0.015,0.0,24.0,close
2025-07-28,2025,0.0,0.005,24.0,close
2025-07-28,2025,0.0,0.0075,24.0,close
2025-07-28,2025,0.0,0.01,24.0,close
2025-07-28,2025,0.0,0.015,24.0,close
2025-07-28,2025,0.0,0.0,24.0,close
2025-07-29,2025,0.0075,0.005,-118.675,stop
2025-07-29,2025,0.0075,0.0075,-177.0125,stop
2025-07-29,2025,0.0075,0.01,-235.35,stop
2025-07-29,2025,0.0075,0.015,-173.0,close
2025-07-29,2025,0.0075,0.0,-173.0,close
2025-07-29,2025,0.01,0.005,-118.675,stop
2025-07-29,2025,0.01,0.0075,-177.0125,stop
2025-07-29,2025,0.01,0.01,-235.35,stop
2025-07-29,2025,0.01,0.015,-173.0,close
2025-07-29,2025,0.01,0.0,-173.0,close
2025-07-29,2025,0.015,0.005,-118.675,stop
2025-07-29,2025,0.015,0.0075,-177.0125,stop
2025-07-29,2025,0.015,0.01,-235.35,stop
2025-07-29,2025,0.015,0.015,-173.0,close
2025-07-29,2025,0.015,0.0,-173.0,close
2025-07-29,2025,0.0,0.005,-118.675,stop
2025-07-29,2025,0.0,0.0075,-177.0125,stop
2025-07-29,2025,0.0,0.01,-235.35,stop
2025-07-29,2025,0.0,0.015,-173.0,close
2025-07-29,2025,0.0,0.0,-173.0,close
2025-07-30,2025,0.0075,0.005,172.105,target
2025-07-30,2025,0.0075,0.0075,172.105,target
2025-07-30,2025,0.0075,0.01,172.105,target
2025-07-30,2025,0.0075,0.015,172.105,target
2025-07-30,2025,0.0075,0.0,172.105,target
2025-07-30,2025,0.01,0.005,147.0,close
2025-07-30,2025,0.01,0.0075,147.0,close
2025-07-30,2025,0.01,0.01,147.0,close
2025-07-30,2025,0.01,0.015,147.0,close
2025-07-30,2025,0.01,0.0,147.0,close
2025-07-30,2025,0.015,0.005,147.0,close
2025-07-30,2025,0.015,0.0075,147.0,close
2025-07-30,2025,0.015,0.01,147.0,close
2025-07-30,2025,0.015,0.015,147.0,close
2025-07-30,2025,0.015,0.0,147.0,close
2025-07-30,2025,0.0,0.005,147.0,close
2025-07-30,2025,0.0,0.0075,147.0,close
2025-07-30,2025,0.0,0.01,147.0,close
2025-07-30,2025,0.0,0.015,147.0,close
2025-07-30,2025,0.0,0.0,147.0,close
2025-07-31,2025,0.0075,0.005,-119.45,stop
2025-07-31,2025,0.0075,0.0075,110.0,close
2025-07-31,2025,0.0075,0.01,110.0,close
2025-07-31,2025,0.0075,0.015,110.0,close
2025-07-31,2025,0.0075,0.0,110.0,close
2025-07-31,2025,0.01,0.005,-119.45,stop
2025-07-31,2025,0.01,0.0075,110.0,close
2025-07-31,2025,0.01,0.01,110.0,close
2025-07-31,2025,0.01,0.015,110.0,close
2025-07-31,2025,0.01,0.0,110.0,close
2025-07-31,2025,0.015,0.005,-119.45,stop
2025-07-31,2025,0.015,0.0075,110.0,close
2025-07-31,2025,0.015,0.01,110.0,close
2025-07-31,2025,0.015,0.015,110.0,close
2025-07-31,2025,0.015,0.0,110.0,close
2025-07-31,2025,0.0,0.005,-119.45,stop
2025-07-31,2025,0.0,0.0075,110.0,close
2025-07-31,2025,0.0,0.01,110.0,close
2025-07-31,2025,0.0,0.015,110.0,close
2025-07-31,2025,0.0,0.0,110.0,close
2025-08-04,2025,0.0075,0.005,-117.57000000000001,stop
2025-08-04,2025,0.0075,0.0075,-175.355,stop
2025-08-04,2025,0.0075,0.01,-154.0,close
2025-08-04,2025,0.0075,0.015,-154.0,close
2025-08-04,2025,0.0075,0.0,-154.0,close
2025-08-04,2025,0.01,0.005,-117.57000000000001,stop
2025-08-04,2025,0.01,0.0075,-175.355,stop
2025-08-04,2025,0.01,0.01,-154.0,close
2025-08-04,2025,0.01,0.015,-154.0,close
2025-08-04,2025,0.01,0.0,-154.0,close
2025-08-04,2025,0.015,0.005,-117.57000000000001,stop
2025-08-04,2025,0.015,0.0075,-175.355,stop
2025-08-04,2025,0.015,0.01,-154.0,close
2025-08-04,2025,0.015,0.015,-154.0,close
2025-08-04,2025,0.015,0.0,-154.0,close
2025-08-04,2025,0.0,0.005,-117.57000000000001,stop
2025-08-04,2025,0.0,0.0075,-175.355,stop
2025-08-04,2025,0.0,0.01,-154.0,close
2025-08-04,2025,0.0,0.015,-154.0,close
2025-08-04,2025,0.0,0.0,-154.0,close
2025-08-05,2025,0.0075,0.005,139.0,close
2025-08-05,2025,0.0075,0.0075,139.0,close
2025-08-05,2025,0.0075,0.01,139.0,close
2025-08-05,2025,0.0075,0.015,139.0,close
2025-08-05,2025,0.0075,0.0,139.0,close
2025-08-05,2025,0.01,0.005,139.0,close
2025-08-05,2025,0.01,0.0075,139.0,close
2025-08-05,2025,0.01,0.01,139.0,close
2025-08-05,2025,0.01,0.015,139.0,close
2025-08-05,2025,0.01,0.0,139.0,close
2025-08-05,2025,0.015,0.005,139.0,close
2025-08-05,2025,0.015,0.0075,139.0,close
2025-08-05,2025,0.015,0.01,139.0,close
2025-08-05,2025,0.015,0.015,139.0,close
2025-08-05,2025,0.015,0.0,139.0,close
2025-08-05,2025,0.0,0.005,139.0,close
2025-08-05,2025,0.0,0.0075,139.0,close
2025-08-05,2025,0.0,0.01,139.0,close
2025-08-05,2025,0.0,0.015,139.0,close
2025-08-05,2025,0.0,0.0,139.0,close
2025-08-06,2025,0.0075,0.005,-13.0,close
2025-08-06,2025,0.0075,0.0075,-13.0,close
2025-08-06,2025,0.0075,0.01,-13.0,close
2025-08-06,2025,0.0075,0.015,-13.0,close
2025-08-06,2025,0.0075,0.0,-13.0,close
2025-08-06,2025,0.01,0.005,-13.0,close
2025-08-06,2025,0.01,0.0075,-13.0,close
2025-08-06,2025,0.01,0.01,-13.0,close
2025-08-06,2025,0.01,0.015,-13.0,close
2025-08-06,2025,0.01,0.0,-13.0,close
2025-08-06,2025,0.015,0.005,-13.0,close
2025-08-06,2025,0.015,0.0075,-13.0,close
2025-08-06,2025,0.015,0.01,-13.0,close
2025-08-06,2025,0.015,0.015,-13.0,close
2025-08-06,2025,0.015,0.0,-13.0,close
2025-08-06,2025,0.0,0.005,-13.0,close
2025-08-06,2025,0.0,0.0075,-13.0,close
2025-08-06,2025,0.0,0.01,-13.0,close
2025-08-06,2025,0.0,0.015,-13.0,close
2025-08-06,2025,0.0,0.0,-13.0,close
2025-08-08,2025,0.0075,0.005,-122.4,stop
2025-08-08,2025,0.0075,0.0075,-132.0,close
2025-08-08,2025,0.0075,0.01,-132.0,close
2025-08-08,2025,0.0075,0.015,-132.0,close
2025-08-08,2025,0.0075,0.0,-132.0,close
2025-08-08,2025,0.01,0.005,-122.4,stop
2025-08-08,2025,0.01,0.0075,-132.0,close
2025-08-08,2025,0.01,0.01,-132.0,close
2025-08-08,2025,0.01,0.015,-132.0,close
2025-08-08,2025,0.01,0.0,-132.0,close
2025-08-08,2025,0.015,0.005,-122.4,stop
2025-08-08,2025,0.015,0.0075,-132.0,close
2025-08-08,2025,0.015,0.01,-132.0,close
2025-08-08,2025,0.015,0.015,-132.0,close
2025-08-08,2025,0.015,0.0,-132.0,close
2025-08-08,2025,0.0,0.005,-122.4,stop
2025-08-08,2025,0.0,0.0075,-132.0,close
2025-08-08,2025,0.0,0.01,-132.0,close
2025-08-08,2025,0.0,0.015,-132.0,close
2025-08-08,2025,0.0,0.0,-132.0,close
2025-08-11,2025,0.0075,0.005,-121.83500000000001,stop
2025-08-11,2025,0.0075,0.0075,177.7525,target
2025-08-11,2025,0.0075,0.01,177.7525,target
2025-08-11,2025,0.0075,0.015,177.7525,target
2025-08-11,2025,0.0075,0.0,177.7525,target
2025-08-11,2025,0.01,0.005,-121.83500000000001,stop
2025-08-11,2025,0.01,0.0075,237.67000000000002,target
2025-08-11,2025,0.01,0.01,237.67000000000002,target
2025-08-11,2025,0.01,0.015,237.67000000000002,target
2025-08-11,2025,0.01,0.0,237.67000000000002,target
2025-08-11,2025,0.015,0.005,-121.83500000000001,stop
2025-08-11,2025,0.015,0.0075,192.0,close
2025-08-11,2025,0.015,0.01,192.0,close
2025-08-11,2025,0.015,0.015,192.0,close
2025-08-11,2025,0.015,0.0,192.0,close
2025-08-11,2025,0.0,0.005,-121.83500000000001,stop
2025-08-11,2025,0.0,0.0075,192.0,close
2025-08-11,2025,0.0,0.01,192.0,close
2025-08-11,2025,0.0,0.015,192.0,close
2025-08-11,2025,0.0,0.0,192.0,close
2025-08-13,2025,0.0075,0.005,-13.0,close
2025-08-13,2025,0.0075,0.0075,-13.0,close
2025-08-13,2025,0.0075,0.01,-13.0,close
2025-08-13,2025,0.0075,0.015,-13.0,close
2025-08-13,2025,0.0075,0.0,-13.0,close
2025-08-13,2025,0.01,0.005,-13.0,close
2025-08-13,2025,0.01,0.0075,-13.0,close
2025-08-13,2025,0.01,0.01,-13.0,close
2025-08-13,2025,0.01,0.015,-13.0,close
2025-08-13,2025,0.01,0.0,-13.0,close
2025-08-13,2025,0.015,0.005,-13.0,close
2025-08-13,2025,0.015,0.0075,-13.0,close
2025-08-13,2025,0.015,0.01,-13.0,close
2025-08-13,2025,0.015,0.015,-13.0,close
2025-08-13,2025,0.015,0.0,-13.0,close
2025-08-13,2025,0.0,0.005,-13.0,close
2025-08-13,2025,0.0,0.0075,-13.0,close
2025-08-13,2025,0.0,0.01,-13.0,close
2025-08-13,2025,0.0,0.015,-13.0,close
2025-08-13,2025,0.0,0.0,-13.0,close
2025-08-14,2025,0.0075,0.005,-123.655,stop
2025-08-14,2025,0.0075,0.0075,-80.0,close
2025-08-14,2025,0.0075,0.01,-80.0,close
2025-08-14,2025,0.0075,0.015,-80.0,close
2025-08-14,2025,0.0075,0.0,-80.0,close
2025-08-14,2025,0.01,0.005,-123.655,stop
2025-08-14,2025,0.01,0.0075,-80.0,close
2025-08-14,2025,0.01,0.01,-80.0,close
2025-08-14,2025,0.01,0.015,-80.0,close
2025-08-14,2025,0.01,0.0,-80.0,close
2025-08-14,2025,0.015,0.005,-123.655,stop
2025-08-14,2025,0.015,0.0075,-80.0,close
2025-08-14,2025,0.015,0.01,-80.0,close
2025-08-14,2025,0.015,0.015,-80.0,close
2025-08-14,2025,0.015,0.0,-80.0,close
2025-08-14,2025,0.0,0.005,-123.655,stop
2025-08-14,2025,0.0,0.0075,-80.0,close
2025-08-14,2025,0.0,0.01,-80.0,close
2025-08-14,2025,0.0,0.015,-80.0,close
2025-08-14,2025,0.0,0.0,-80.0,close
2025-08-19,2025,0.0075,0.005,-40.0,close
2025-08-19,2025,0.0075,0.0075,-40.0,close
2025-08-19,2025,0.0075,0.01,-40.0,close
2025-08-19,2025,0.0075,0.015,-40.0,close
2025-08-19,2025,0.0075,0.0,-40.0,close
2025-08-19,2025,0.01,0.005,-40.0,close
2025-08-19,2025,0.01,0.0075,-40.0,close
2025-08-19,2025,0.01,0.01,-40.0,close
2025-08-19,2025,0.01,0.015,-40.0,close
2025-08-19,2025,0.01,0.0,-40.0,close
2025-08-19,2025,0.015,0.005,-40.0,close
2025-08-19,2025,0.015,0.0075,-40.0,close
2025-08-19,2025,0.015,0.01,-40.0,close
2025-08-19,2025,0.015,0.015,-40.0,close
2025-08-19,2025,0.015,0.0,-40.0,close
2025-08-19,2025,0.0,0.005,-40.0,close
2025-08-19,2025,0.0,0.0075,-40.0,close
2025-08-19,2025,0.0,0.01,-40.0,close
2025-08-19,2025,0.0,0.015,-40.0,close
2025-08-19,2025,0.0,0.0,-40.0,close
2025-08-20,2025,0.0075,0.005,178.73499999999999,target
2025-08-20,2025,0.0075,0.0075,178.73499999999999,target
2025-08-20,2025,0.0075,0.01,178.73499999999999,target
2025-08-20,2025,0.0075,0.015,178.73499999999999,target
2025-08-20,2025,0.0075,0.0,178.73499999999999,target
2025-08-20,2025,0.01,0.005,238.98000000000002,target
2025-08-20,2025,0.01,0.0075,238.98000000000002,target
2025-08-20,2025,0.01,0.01,238.98000000000002,target
2025-08-20,2025,0.01,0.015,238.98000000000002,target
2025-08-20,2025,0.01,0.0,238.98000000000002,target
2025-08-20,2025,0.015,0.005,359.46999999999997,target
2025-08-20,2025,0.015,0.0075,359.46999999999997,target
2025-08-20,2025,0.015,0.01,359.46999999999997,target
2025-08-20,2025,0.015,0.015,359.46999999999997,target
2025-08-20,2025,0.015,0.0,359.46999999999997,target
2025-08-20,2025,0.0,0.005,431.0,close
2025-08-20,2025,0.0,0.0075,431.0,close
2025-08-20,2025,0.0,0.01,431.0,close
2025-08-20,2025,0.0,0.015,431.0,close
2025-08-20,2025,0.0,0.0,431.0,close
2025-08-25,2025,0.0075,0.005,-122.61,stop
2025-08-25,2025,0.0075,0.0075,-182.915,stop
2025-08-25,2025,0.0075,0.01,-137.0,close
2025-08-25,2025,0.0075,0.015,-137.0,close
2025-08-25,2025,0.0075,0.0,-137.0,close
2025-08-25,2025,0.01,0.005,-122.61,stop
2025-08-25,2025,0.01,0.0075,-182.915,stop
2025-08-25,2025,0.01,0.01,-137.0,close
2025-08-25,2025,0.01,0.015,-137.0,close
2025-08-25,2025,0.01,0.0,-137.0,close
2025-08-25,2025,0.015,0.005,-122.61,stop
2025-08-25,2025,0.015,0.0075,-182.915,stop
2025-08-25,2025,0.015,0.01,-137.0,close
2025-08-25,2025,0.015,0.015,-137.0,close
2025-08-25,2025,0.015,0.0,-137.0,close
2025-08-25,2025,0.0,0.005,-122.61,stop
2025-08-25,2025,0.0,0.0075,-182.915,stop
2025-08-25,2025,0.0,0.01,-137.0,close
2025-08-25,2025,0.0,0.015,-137.0,close
2025-08-25,2025,0.0,0.0,-137.0,close
2025-08-26,2025,0.0075,0.005,108.0,close
2025-08-26,2025,0.0075,0.0075,108.0,close
2025-08-26,2025,0.0075,0.01,108.0,close
2025-08-26,2025,0.0075,0.015,108.0,close
2025-08-26,2025,0.0075,0.0,108.0,close
2025-08-26,2025,0.01,0.005,108.0,close
2025-08-26,2025,0.01,0.0075,108.0,close
2025-08-26,2025,0.01,0.01,108.0,close
2025-08-26,2025,0.01,0.015,108.0,close
2025-08-26,2025,0.01,0.0,108.0,close
2025-08-26,2025,0.015,0.005,108.0,close
2025-08-26,2025,0.015,0.0075,108.0,close
2025-08-26,2025,0.015,0.01,108.0,close
2025-08-26,2025,0.015,0.015,108.0,close
2025-08-26,2025,0.015,0.0,108.0,close
2025-08-26,2025,0.0,0.005,108.0,close
2025-08-26,2025,0.0,0.0075,108.0,close
2025-08-26,2025,0.0,0.01,108.0,close
2025-08-26,2025,0.0,0.015,108.0,close
2025-08-26,2025,0.0,0.0,108.0,close
2025-08-27,2025,0.0075,0.005,103.0,close
2025-08-27,2025,0.0075,0.0075,103.0,close
2025-08-27,2025,0.0075,0.01,103.0,close
2025-08-27,2025,0.0075,0.015,103.0,close
2025-08-27,2025,0.0075,0.0,103.0,close
2025-08-27,2025,0.01,0.005,103.0,close
2025-08-27,2025,0.01,0.0075,103.0,close
2025-08-27,2025,0.01,0.01,103.0,close
2025-08-27,2025,0.01,0.015,103.0,close
2025-08-27,2025,0.01,0.0,103.0,close
2025-08-27,2025,0.015,0.005,103.0,close
2025-08-27,2025,0.015,0.0075,103.0,close
2025-08-27,2025,0.015,0.01,103.0,close
2025-08-27,2025,0.015,0.015,103.0,close
2025-08-27,2025,0.015,0.0,103.0,close
2025-08-27,2025,0.0,0.005,103.0,close
2025-08-27,2025,0.0,0.0075,103.0,close
2025-08-27,2025,0.0,0.01,103.0,close
2025-08-27,2025,0.0,0.015,103.0,close
2025-08-27,2025,0.0,0.0,103.0,close
2025-08-28,2025,0.0075,0.005,-123.765,stop
2025-08-28,2025,0.0075,0.0075,-132.0,close
2025-08-28,2025,0.0075,0.01,-132.0,close
2025-08-28,2025,0.0075,0.015,-132.0,close
2025-08-28,2025,0.0075,0.0,-132.0,close
2025-08-28,2025,0.01,0.005,-123.765,stop
2025-08-28,2025,0.01,0.0075,-132.0,close
2025-08-28,2025,0.01,0.01,-132.0,close
2025-08-28,2025,0.01,0.015,-132.0,close
2025-08-28,2025,0.01,0.0,-132.0,close
2025-08-28,2025,0.015,0.005,-123.765,stop
2025-08-28,2025,0.015,0.0075,-132.0,close
2025-08-28,2025,0.015,0.01,-132.0,close
2025-08-28,2025,0.015,0.015,-132.0,close
2025-08-28,2025,0.015,0.0,-132.0,close
2025-08-28,2025,0.0,0.005,-123.765,stop
2025-08-28,2025,0.0,0.0075,-132.0,close
2025-08-28,2025,0.0,0.01,-132.0,close
2025-08-28,2025,0.0,0.015,-132.0,close
2025-08-28,2025,0.0,0.0,-132.0,close
2025-08-29,2025,0.0075,0.005,-124.005,stop
2025-08-29,2025,0.0075,0.0075,-136.0,close
2025-08-29,2025,0.0075,0.01,-136.0,close
2025-08-29,2025,0.0075,0.015,-136.0,close
2025-08-29,2025,0.0075,0.0,-136.0,close
2025-08-29,2025,0.01,0.005,-124.005,stop
2025-08-29,2025,0.01,0.0075,-136.0,close
2025-08-29,2025,0.01,0.01,-136.0,close
2025-08-29,2025,0.01,0.015,-136.0,close
2025-08-29,2025,0.01,0.0,-136.0,close
2025-08-29,2025,0.015,0.005,-124.005,stop
2025-08-29,2025,0.015,0.0075,-136.0,close
2025-08-29,2025,0.015,0.01,-136.0,close
2025-08-29,2025,0.015,0.015,-136.0,close
2025-08-29,2025,0.015,0.0,-136.0,close
2025-08-29,2025,0.0,0.005,-124.005,stop
2025-08-29,2025,0.0,0.0075,-136.0,close
2025-08-29,2025,0.0,0.01,-136.0,close
2025-08-29,2025,0.0,0.015,-136.0,close
2025-08-29,2025,0.0,0.0,-136.0,close
2025-09-03,2025,0.0075,0.005,-121.81,stop
2025-09-03,2025,0.0075,0.0075,-39.0,close
2025-09-03,2025,0.0075,0.01,-39.0,close
2025-09-03,2025,0.0075,0.015,-39.0,close
2025-09-03,2025,0.0075,0.0,-39.0,close
2025-09-03,2025,0.01,0.005,-121.81,stop
2025-09-03,2025,0.01,0.0075,-39.0,close
2025-09-03,2025,0.01,0.01,-39.0,close
2025-09-03,2025,0.01,0.015,-39.0,close
2025-09-03,2025,0.01,0.0,-39.0,close
2025-09-03,2025,0.015,0.005,-121.81,stop
2025-09-03,2025,0.015,0.0075,-39.0,close
2025-09-03,2025,0.015,0.01,-39.0,close
2025-09-03,2025,0.015,0.015,-39.0,close
2025-09-03,2025,0.015,0.0,-39.0,close
2025-09-03,2025,0.0,0.005,-121.81,stop
2025-09-03,2025,0.0,0.0075,-39.0,close
2025-09-03,2025,0.0,0.01,-39.0,close
2025-09-03,2025,0.0,0.015,-39.0,close
2025-09-03,2025,0.0,0.0,-39.0,close
2025-09-05,2025,0.0075,0.005,49.0,close
2025-09-05,2025,0.0075,0.0075,49.0,close
2025-09-05,2025,0.0075,0.01,49.0,close
2025-09-05,2025,0.0075,0.015,49.0,close
2025-09-05,2025,0.0075,0.0,49.0,close
2025-09-05,2025,0.01,0.005,49.0,close
2025-09-05,2025,0.01,0.0075,49.0,close
2025-09-05,2025,0.01,0.01,49.0,close
2025-09-05,2025,0.01,0.015,49.0,close
2025-09-05,2025,0.01,0.0,49.0,close
2025-09-05,2025,0.015,0.005,49.0,close
2025-09-05,2025,0.015,0.0075,49.0,close
2025-09-05,2025,0.015,0.01,49.0,close
2025-09-05,2025,0.015,0.015,49.0,close
2025-09-05,2025,0.015,0.0,49.0,close
2025-09-05,2025,0.0,0.005,49.0,close
2025-09-05,2025,0.0,0.0075,49.0,close
2025-09-05,2025,0.0,0.01,49.0,close
2025-09-05,2025,0.0,0.015,49.0,close
2025-09-05,2025,0.0,0.0,49.0,close
2025-09-08,2025,0.0075,0.005,-31.0,close
2025-09-08,2025,0.0075,0.0075,-31.0,close
2025-09-08,2025,0.0075,0.01,-31.0,close
2025-09-08,2025,0.0075,0.015,-31.0,close
2025-09-08,2025,0.0075,0.0,-31.0,close
2025-09-08,2025,0.01,0.005,-31.0,close
2025-09-08,2025,0.01,0.0075,-31.0,close
2025-09-08,2025,0.01,0.01,-31.0,close
2025-09-08,2025,0.01,0.015,-31.0,close
2025-09-08,2025,0.01,0.0,-31.0,close
2025-09-08,2025,0.015,0.005,-31.0,close
2025-09-08,2025,0.015,0.0075,-31.0,close
2025-09-08,2025,0.015,0.01,-31.0,close
2025-09-08,2025,0.015,0.015,-31.0,close
2025-09-08,2025,0.015,0.0,-31.0,close
2025-09-08,2025,0.0,0.005,-31.0,close
2025-09-08,2025,0.0,0.0075,-31.0,close
2025-09-08,2025,0.0,0.01,-31.0,close
2025-09-08,2025,0.0,0.015,-31.0,close
2025-09-08,2025,0.0,0.0,-31.0,close
2025-09-09,2025,0.0075,0.005,83.0,close
2025-09-09,2025,0.0075,0.0075,83.0,close
2025-09-09,2025,0.0075,0.01,83.0,close
2025-09-09,2025,0.0075,0.015,83.0,close
2025-09-09,2025,0.0075,0.0,83.0,close
2025-09-09,2025,0.01,0.005,83.0,close
2025-09-09,2025,0.01,0.0075,83.0,close
2025-09-09,2025,0.01,0.01,83.0,close
2025-09-09,2025,0.01,0.015,83.0,close
2025-09-09,2025,0.01,0.0,83.0,close
2025-09-09,2025,0.015,0.005,83.0,close
2025-09-09,2025,0.015,0.0075,83.0,close
2025-09-09,2025,0.015,0.01,83.0,close
2025-09-09,2025,0.015,0.015,83.0,close
2025-09-09,2025,0.015,0.0,83.0,close
2025-09-09,2025,0.0,0.005,83.0,close
2025-09-09,2025,0.0,0.0075,83.0,close
2025-09-09,2025,0.0,0.01,83.0,close
2025-09-09,2025,0.0,0.015,83.0,close
2025-09-09,2025,0.0,0.0,83.0,close
2025-09-10,2025,0.0075,0.005,185.3875,target
2025-09-10,2025,0.0075,0.0075,185.3875,target
2025-09-10,2025,0.0075,0.01,185.3875,target
2025-09-10,2025,0.0075,0.015,185.3875,target
2025-09-10,2025,0.0075,0.0,185.3875,target
2025-09-10,2025,0.01,0.005,247.85,target
2025-09-10,2025,0.01,0.0075,247.85,target
2025-09-10,2025,0.01,0.01,247.85,target
2025-09-10,2025,0.01,0.015,247.85,target
2025-09-10,2025,0.01,0.0,247.85,target
2025-09-10,2025,0.015,0.005,184.0,close
2025-09-10,2025,0.015,0.0075,184.0,close
2025-09-10,2025,0.015,0.01,184.0,close
2025-09-10,2025,0.015,0.015,184.0,close
2025-09-10,2025,0.015,0.0,184.0,close
2025-09-10,2025,0.0,0.005,184.0,close
2025-09-10,2025,0.0,0.0075,184.0,close
2025-09-10,2025,0.0,0.01,184.0,close
2025-09-10,2025,0.0,0.015,184.0,close
2025-09-10,2025,0.0,0.0,184.0,close
2025-09-11,2025,0.0075,0.005,188.35,target
2025-09-11,2025,0.0075,0.0075,188.35,target
2025-09-11,2025,0.0075,0.01,188.35,target
2025-09-11,2025,0.0075,0.015,188.35,target
2025-09-11,2025,0.0075,0.0,188.35,target
2025-09-11,2025,0.01,0.005,144.0,close
2025-09-11,2025,0.01,0.0075,144.0,close
2025-09-11,2025,0.01,0.01,144.0,close
2025-09-11,2025,0.01,0.015,144.0,close
2025-09-11,2025,0.01,0.0,144.0,close
2025-09-11,2025,0.015,0.005,144.0,close
2025-09-11,2025,0.015,0.0075,144.0,close
2025-09-11,2025,0.015,0.01,144.0,close
2025-09-11,2025,0.015,0.015,144.0,close
2025-09-11,2025,0.015,0.0,144.0,close
2025-09-11,2025,0.0,0.005,144.0,close
2025-09-11,2025,0.0,0.0075,144.0,close
2025-09-11,2025,0.0,0.01,144.0,close
2025-09-11,2025,0.0,0.015,144.0,close
2025-09-11,2025,0.0,0.0,144.0,close
2025-09-12,2025,0.0075,0.005,46.0,close
2025-09-12,2025,0.0075,0.0075,46.0,close
2025-09-12,2025,0.0075,0.01,46.0,close
2025-09-12,2025,0.0075,0.015,46.0,close
2025-09-12,2025,0.0075,0.0,46.0,close
2025-09-12,2025,0.01,0.005,46.0,close
2025-09-12,2025,0.01,0.0075,46.0,close
2025-09-12,2025,0.01,0.01,46.0,close
2025-09-12,2025,0.01,0.015,46.0,close
2025-09-12,2025,0.01,0.0,46.0,close
2025-09-12,2025,0.015,0.005,46.0,close
2025-09-12,2025,0.015,0.0075,46.0,close
2025-09-12,2025,0.015,0.01,46.0,close
2025-09-12,2025,0.015,0.015,46.0,close
2025-09-12,2025,0.015,0.0,46.0,close
2025-09-12,2025,0.0,0.005,46.0,close
2025-09-12,2025,0.0,0.0075,46.0,close
2025-09-12,2025,0.0,0.01,46.0,close
2025-09-12,2025,0.0,0.015,46.0,close
2025-09-12,2025,0.0,0.0,46.0,close
2025-09-15,2025,0.0075,0.005,-129.025,stop
2025-09-15,2025,0.0075,0.0075,-59.0,close
2025-09-15,2025,0.0075,0.01,-59.0,close
2025-09-15,2025,0.0075,0.015,-59.0,close
2025-09-15,2025,0.0075,0.0,-59.0,close
2025-09-15,2025,0.01,0.005,-129.025,stop
2025-09-15,2025,0.01,0.0075,-59.0,close
2025-09-15,2025,0.01,0.01,-59.0,close
2025-09-15,2025,0.01,0.015,-59.0,close
2025-09-15,2025,0.01,0.0,-59.0,close
2025-09-15,2025,0.015,0.005,-129.025,stop
2025-09-15,2025,0.015,0.0075,-59.0,close
2025-09-15,2025,0.015,0.01,-59.0,close
2025-09-15,2025,0.015,0.015,-59.0,close
2025-09-15,2025,0.015,0.0,-59.0,close
2025-09-15,2025,0.0,0.005,-129.025,stop
2025-09-15,2025,0.0,0.0075,-59.0,close
2025-09-15,2025,0.0,0.01,-59.0,close
2025-09-15,2025,0.0,0.015,-59.0,close
2025-09-15,2025,0.0,0.0,-59.0,close
2025-09-16,2025,0.0075,0.005,188.6575,target
2025-09-16,2025,0.0075,0.0075,188.6575,target
2025-09-16,2025,0.0075,0.01,188.6575,target
2025-09-16,2025,0.0075,0.015,188.6575,target
2025-09-16,2025,0.0075,0.0,188.6575,target
2025-09-16,2025,0.01,0.005,205.0,close
2025-09-16,2025,0.01,0.0075,205.0,close
2025-09-16,2025,0.01,0.01,205.0,close
2025-09-16,2025,0.01,0.015,205.0,close
2025-09-16,2025,0.01,0.0,205.0,close
2025-09-16,2025,0.015,0.005,205.0,close
2025-09-16,2025,0.015,0.0075,205.0,close
2025-09-16,2025,0.015,0.01,205.0,close
2025-09-16,2025,0.015,0.015,205.0,close
2025-09-16,2025,0.015,0.0,205.0,close
2025-09-16,2025,0.0,0.005,205.0,close
2025-09-16,2025,0.0,0.0075,205.0,close
2025-09-16,2025,0.0,0.01,205.0,close
2025-09-16,2025,0.0,0.015,205.0,close
2025-09-16,2025,0.0,0.0,205.0,close
2025-09-17,2025,0.0075,0.005,-129.865,stop
2025-09-17,2025,0.0075,0.0075,-103.0,close
2025-09-17,2025,0.0075,0.01,-103.0,close
2025-09-17,2025,0.0075,0.015,-103.0,close
2025-09-17,2025,0.0075,0.0,-103.0,close
2025-09-17,2025,0.01,0.005,-129.865,stop
2025-09-17,2025,0.01,0.0075,-103.0,close
2025-09-17,2025,0.01,0.01,-103.0,close
2025-09-17,2025,0.01,0.015,-103.0,close
2025-09-17,2025,0.01,0.0,-103.0,close
2025-09-17,2025,0.015,0.005,-129.865,stop
2025-09-17,2025,0.015,0.0075,-103.0,close
2025-09-17,2025,0.015,0.01,-103.0,close
2025-09-17,2025,0.015,0.015,-103.0,close
2025-09-17,2025,0.015,0.0,-103.0,close
2025-09-17,2025,0.0,0.005,-129.865,stop
2025-09-17,2025,0.0,0.0075,-103.0,close
2025-09-17,2025,0.0,0.01,-103.0,close
2025-09-17,2025,0.0,0.015,-103.0,close
2025-09-17,2025,0.0,0.0,-103.0,close
2025-09-19,2025,0.0075,0.005,21.0,close
2025-09-19,2025,0.0075,0.0075,21.0,close
2025-09-19,2025,0.0075,0.01,21.0,close
2025-09-19,2025,0.0075,0.015,21.0,close
2025-09-19,2025,0.0075,0.0,21.0,close
2025-09-19,2025,0.01,0.005,21.0,close
2025-09-19,2025,0.01,0.0075,21.0,close
2025-09-19,2025,0.01,0.01,21.0,close
2025-09-19,2025,0.01,0.015,21.0,close
2025-09-19,2025,0.01,0.0,21.0,close
2025-09-19,2025,0.015,0.005,21.0,close
2025-09-19,2025,0.015,0.0075,21.0,close
2025-09-19,2025,0.015,0.01,21.0,close
2025-09-19,2025,0.015,0.015,21.0,close
2025-09-19,2025,0.015,0.0,21.0,close
2025-09-19,2025,0.0,0.005,21.0,close
2025-09-19,2025,0.0,0.0075,21.0,close
2025-09-19,2025,0.0,0.01,21.0,close
2025-09-19,2025,0.0,0.015,21.0,close
2025-09-19,2025,0.0,0.0,21.0,close
2025-09-23,2025,0.0075,0.005,193.435,target
2025-09-23,2025,0.0075,0.0075,193.435,target
2025-09-23,2025,0.0075,0.01,193.435,target
2025-09-23,2025,0.0075,0.015,193.435,target
2025-09-23,2025,0.0075,0.0,193.435,target
2025-09-23,2025,0.01,0.005,258.58,target
2025-09-23,2025,0.01,0.0075,258.58,target
2025-09-23,2025,0.01,0.01,258.58,target
2025-09-23,2025,0.01,0.015,258.58,target
2025-09-23,2025,0.01,0.0,258.58,target
2025-09-23,2025,0.015,0.005,210.0,close
2025-09-23,2025,0.015,0.0075,210.0,close
2025-09-23,2025,0.015,0.01,210.0,close
2025-09-23,2025,0.015,0.015,210.0,close
2025-09-23,2025,0.015,0.0,210.0,close
2025-09-23,2025,0.0,0.005,210.0,close
2025-09-23,2025,0.0,0.0075,210.0,close
2025-09-23,2025,0.0,0.01,210.0,close
2025-09-23,2025,0.0,0.015,210.0,close
2025-09-23,2025,0.0,0.0,210.0,close
2025-09-30,2025,0.0075,0.005,191.44,target
2025-09-30,2025,0.0075,0.0075,191.44,target
2025-09-30,2025,0.0075,0.01,191.44,target
2025-09-30,2025,0.0075,0.015,191.44,target
2025-09-30,2025,0.0075,0.0,191.44,target
2025-09-30,2025,0.01,0.005,159.0,close
2025-09-30,2025,0.01,0.0075,159.0,close
2025-09-30,2025,0.01,0.01,159.0,close
2025-09-30,2025,0.01,0.015,159.0,close
2025-09-30,2025,0.01,0.0,159.0,close
2025-09-30,2025,0.015,0.005,159.0,close
2025-09-30,2025,0.015,0.0075,159.0,close
2025-09-30,2025,0.015,0.01,159.0,close
2025-09-30,2025,0.015,0.015,159.0,close
2025-09-30,2025,0.015,0.0,159.0,close
2025-09-30,2025,0.0,0.005,159.0,close
2025-09-30,2025,0.0,0.0075,159.0,close
2025-09-30,2025,0.0,0.01,159.0,close
2025-09-30,2025,0.0,0.015,159.0,close
2025-09-30,2025,0.0,0.0,159.0,close
2025-10-01,2025,0.0075,0.005,193.73499999999999,target
2025-10-01,2025,0.0075,0.0075,193.73499999999999,target
2025-10-01,2025,0.0075,0.01,193.73499999999999,target
2025-10-01,2025,0.0075,0.015,193.73499999999999,target
2025-10-01,2025,0.0075,0.0,193.73499999999999,target
2025-10-01,2025,0.01,0.005,258.98,target
2025-10-01,2025,0.01,0.0075,258.98,target
2025-10-01,2025,0.01,0.01,258.98,target
2025-10-01,2025,0.01,0.015,258.98,target
2025-10-01,2025,0.01,0.0,258.98,target
2025-10-01,2025,0.015,0.005,-54.0,close
2025-10-01,2025,0.015,0.0075,-54.0,close
2025-10-01,2025,0.015,0.01,-54.0,close
2025-10-01,2025,0.015,0.015,-54.0,close
2025-10-01,2025,0.015,0.0,-54.0,close
2025-10-01,2025,0.0,0.005,-54.0,close
2025-10-01,2025,0.0,0.0075,-54.0,close
2025-10-01,2025,0.0,0.01,-54.0,close
2025-10-01,2025,0.0,0.015,-54.0,close
2025-10-01,2025,0.0,0.0,-54.0,close
2025-10-02,2025,0.0075,0.005,56.0,close
2025-10-02,2025,0.0075,0.0075,56.0,close
2025-10-02,2025,0.0075,0.01,56.0,close
2025-10-02,2025,0.0075,0.015,56.0,close
2025-10-02,2025,0.0075,0.0,56.0,close
2025-10-02,2025,0.01,0.005,56.0,close
2025-10-02,2025,0.01,0.0075,56.0,close
2025-10-02,2025,0.01,0.01,56.0,close
2025-10-02,2025,0.01,0.015,56.0,close
2025-10-02,2025,0.01,0.0,56.0,close
2025-10-02,2025,0.015,0.005,56.0,close
2025-10-02,2025,0.015,0.0075,56.0,close
2025-10-02,2025,0.015,0.01,56.0,close
2025-10-02,2025,0.015,0.015,56.0,close
2025-10-02,2025,0.015,0.0,56.0,close
2025-10-02,2025,0.0,0.005,56.0,close
2025-10-02,2025,0.0,0.0075,56.0,close
2025-10-02,2025,0.0,0.01,56.0,close
2025-10-02,2025,0.0,0.015,56.0,close
2025-10-02,2025,0.0,0.0,56.0,close
2025-10-03,2025,0.0075,0.005,196.67499999999998,target
2025-10-03,2025,0.0075,0.0075,196.67499999999998,target
2025-10-03,2025,0.0075,0.01,196.67499999999998,target
2025-10-03,2025,0.0075,0.015,196.67499999999998,target
2025-10-03,2025,0.0075,0.0,196.67499999999998,target
2025-10-03,2025,0.01,0.005,262.9,target
2025-10-03,2025,0.01,0.0075,262.9,target
2025-10-03,2025,0.01,0.01,262.9,target
2025-10-03,2025,0.01,0.015,262.9,target
2025-10-03,2025,0.01,0.0,262.9,target
2025-10-03,2025,0.015,0.005,247.0,close
2025-10-03,2025,0.015,0.0075,247.0,close
2025-10-03,2025,0.015,0.01,247.0,close
2025-10-03,2025,0.015,0.015,247.0,close
2025-10-03,2025,0.015,0.0,247.0,close
2025-10-03,2025,0.0,0.005,247.0,close
2025-10-03,2025,0.0,0.0075,247.0,close
2025-10-03,2025,0.0,0.01,247.0,close
2025-10-03,2025,0.0,0.015,247.0,close
2025-10-03,2025,0.0,0.0,247.0,close
2025-10-07,2025,0.0075,0.005,-47.0,close
2025-10-07,2025,0.0075,0.0075,-47.0,close
2025-10-07,2025,0.0075,0.01,-47.0,close
2025-10-07,2025,0.0075,0.015,-47.0,close
2025-10-07,2025,0.0075,0.0,-47.0,close
2025-10-07,2025,0.01,0.005,-47.0,close
2025-10-07,2025,0.01,0.0075,-47.0,close
2025-10-07,2025,0.01,0.01,-47.0,close
2025-10-07,2025,0.01,0.015,-47.0,close
2025-10-07,2025,0.01,0.0,-47.0,close
2025-10-07,2025,0.015,0.005,-47.0,close
2025-10-07,2025,0.015,0.0075,-47.0,close
2025-10-07,2025,0.015,0.01,-47.0,close
2025-10-07,2025,0.015,0.015,-47.0,close
2025-10-07,2025,0.015,0.0,-47.0,close
2025-10-07,2025,0.0,0.005,-47.0,close
2025-10-07,2025,0.0,0.0075,-47.0,close
2025-10-07,2025,0.0,0.01,-47.0,close
2025-10-07,2025,0.0,0.015,-47.0,close
2025-10-07,2025,0.0,0.0,-47.0,close
2025-10-09,2025,0.0075,0.005,67.0,close
2025-10-09,2025,0.0075,0.0075,67.0,close
2025-10-09,2025,0.0075,0.01,67.0,close
2025-10-09,2025,0.0075,0.015,67.0,close
2025-10-09,2025,0.0075,0.0,67.0,close
2025-10-09,2025,0.01,0.005,67.0,close
2025-10-09,2025,0.01,0.0075,67.0,close
2025-10-09,2025,0.01,0.01,67.0,close
2025-10-09,2025,0.01,0.015,67.0,close
2025-10-09,2025,0.01,0.0,67.0,close
2025-10-09,2025,0.015,0.005,67.0,close
2025-10-09,2025,0.015,0.0075,67.0,close
2025-10-09,2025,0.015,0.01,67.0,close
2025-10-09,2025,0.015,0.015,67.0,close
2025-10-09,2025,0.015,0.0,67.0,close
2025-10-09,2025,0.0,0.005,67.0,close
2025-10-09,2025,0.0,0.0075,67.0,close
2025-10-09,2025,0.0,0.01,67.0,close
2025-10-09,2025,0.0,0.015,67.0,close
2025-10-09,2025,0.0,0.0,67.0,close
2025-10-14,2025,0.0075,0.005,203.3125,target
2025-10-14,2025,0.0075,0.0075,203.3125,target
2025-10-14,2025,0.0075,0.01,203.3125,target
2025-10-14,2025,0.0075,0.015,203.3125,target
2025-10-14,2025,0.0075,0.0,203.3125,target
2025-10-14,2025,0.01,0.005,271.75,target
2025-10-14,2025,0.01,0.0075,271.75,target
2025-10-14,2025,0.01,0.01,271.75,target
2025-10-14,2025,0.01,0.015,271.75,target
2025-10-14,2025,0.01,0.0,271.75,target
2025-10-14,2025,0.015,0.005,408.625,target
2025-10-14,2025,0.015,0.0075,408.625,target
2025-10-14,2025,0.015,0.01,408.625,target
2025-10-14,2025,0.015,0.015,408.625,target
2025-10-14,2025,0.015,0.0,408.625,target
2025-10-14,2025,0.0,0.005,656.0,close
2025-10-14,2025,0.0,0.0075,656.0,close
2025-10-14,2025,0.0,0.01,656.0,close
2025-10-14,2025,0.0,0.015,656.0,close
2025-10-14,2025,0.0,0.0,656.0,close
2025-10-16,2025,0.0075,0.005,205.795,target
2025-10-16,2025,0.0075,0.0075,205.795,target
2025-10-16,2025,0.0075,0.01,205.795,target
2025-10-16,2025,0.0075,0.015,205.795,target
2025-10-16,2025,0.0075,0.0,205.795,target
2025-10-16,2025,0.01,0.005,-140.53,stop
2025-10-16,2025,0.01,0.0075,-120.0,close
2025-10-16,2025,0.01,0.01,-120.0,close
2025-10-16,2025,0.01,0.015,-120.0,close
2025-10-16,2025,0.01,0.0,-120.0,close
2025-10-16,2025,0.015,0.005,-140.53,stop
2025-10-16,2025,0.015,0.0075,-120.0,close
2025-10-16,2025,0.015,0.01,-120.0,close
2025-10-16,2025,0.015,0.015,-120.0,close
2025-10-16,2025,0.015,0.0,-120.0,close
2025-10-16,2025,0.0,0.005,-140.53,stop
2025-10-16,2025,0.0,0.0075,-120.0,close
2025-10-16,2025,0.0,0.01,-120.0,close
2025-10-16,2025,0.0,0.015,-120.0,close
2025-10-16,2025,0.0,0.0,-120.0,close
2025-10-17,2025,0.0075,0.005,202.92999999999998,target
2025-10-17,2025,0.0075,0.0075,202.92999999999998,target
2025-10-17,2025,0.0075,0.01,202.92999999999998,target
2025-10-17,2025,0.0075,0.015,202.92999999999998,target
2025-10-17,2025,0.0075,0.0,202.92999999999998,target
2025-10-17,2025,0.01,0.005,-1.0,close
2025-10-17,2025,0.01,0.0075,-1.0,close
2025-10-17,2025,0.01,0.01,-1.0,close
2025-10-17,2025,0.01,0.015,-1.0,close
2025-10-17,2025,0.01,0.0,-1.0,close
2025-10-17,2025,0.015,0.005,-1.0,close
2025-10-17,2025,0.015,0.0075,-1.0,close
2025-10-17,2025,0.015,0.01,-1.0,close
2025-10-17,2025,0.015,0.015,-1.0,close
2025-10-17,2025,0.015,0.0,-1.0,close
2025-10-17,2025,0.0,0.005,-1.0,close
2025-10-17,2025,0.0,0.0075,-1.0,close
2025-10-17,2025,0.0,0.01,-1.0,close
2025-10-17,2025,0.0,0.015,-1.0,close
2025-10-17,2025,0.0,0.0,-1.0,close
2025-10-21,2025,0.0075,0.005,-72.0,close
2025-10-21,2025,0.0075,0.0075,-72.0,close
2025-10-21,2025,0.0075,0.01,-72.0,close
2025-10-21,2025,0.0075,0.015,-72.0,close
2025-10-21,2025,0.0075,0.0,-72.0,close
2025-10-21,2025,0.01,0.005,-72.0,close
2025-10-21,2025,0.01,0.0075,-72.0,close
2025-10-21,2025,0.01,0.01,-72.0,close
2025-10-21,2025,0.01,0.015,-72.0,close
2025-10-21,2025,0.01,0.0,-72.0,close
2025-10-21,2025,0.015,0.005,-72.0,close
2025-10-21,2025,0.015,0.0075,-72.0,close
2025-10-21,2025,0.015,0.01,-72.0,close
2025-10-21,2025,0.015,0.015,-72.0,close
2025-10-21,2025,0.015,0.0,-72.0,close
2025-10-21,2025,0.0,0.005,-72.0,close
2025-10-21,2025,0.0,0.0075,-72.0,close
2025-10-21,2025,0.0,0.01,-72.0,close
2025-10-21,2025,0.0,0.015,-72.0,close
2025-10-21,2025,0.0,0.0,-72.0,close
2025-10-27,2025,0.0075,0.005,-143.17000000000002,stop
2025-10-27,2025,0.0075,0.0075,-15.0,close
2025-10-27,2025,0.0075,0.01,-15.0,close
2025-10-27,2025,0.0075,0.015,-15.0,close
2025-10-27,2025,0.0075,0.0,-15.0,close
2025-10-27,2025,0.01,0.005,-143.17000000000002,stop
2025-10-27,2025,0.01,0.0075,-15.0,close
2025-10-27,2025,0.01,0.01,-15.0,close
2025-10-27,2025,0.01,0.015,-15.0,close
2025-10-27,2025,0.01,0.0,-15.0,close
2025-10-27,2025,0.015,0.005,-143.17000000000002,stop
2025-10-27,2025,0.015,0.0075,-15.0,close
2025-10-27,2025,0.015,0.01,-15.0,close
2025-10-27,2025,0.015,0.015,-15.0,close
2025-10-27,2025,0.015,0.0,-15.0,close
2025-10-27,2025,0.0,0.005,-143.17000000000002,stop
2025-10-27,2025,0.0,0.0075,-15.0,close
2025-10-27,2025,0.0,0.01,-15.0,close
2025-10-27,2025,0.0,0.015,-15.0,close
2025-10-27,2025,0.0,0.0,-15.0,close
2025-10-28,2025,0.0075,0.005,121.0,close
2025-10-28,2025,0.0075,0.0075,121.0,close
2025-10-28,2025,0.0075,0.01,121.0,close
2025-10-28,2025,0.0075,0.015,121.0,close
2025-10-28,2025,0.0075,0.0,121.0,close
2025-10-28,2025,0.01,0.005,121.0,close
2025-10-28,2025,0.01,0.0075,121.0,close
2025-10-28,2025,0.01,0.01,121.0,close
2025-10-28,2025,0.01,0.015,121.0,close
2025-10-28,2025,0.01,0.0,121.0,close
2025-10-28,2025,0.015,0.005,121.0,close
2025-10-28,2025,0.015,0.0075,121.0,close
2025-10-28,2025,0.015,0.01,121.0,close
2025-10-28,2025,0.015,0.015,121.0,close
2025-10-28,2025,0.015,0.0,121.0,close
2025-10-28,2025,0.0,0.005,121.0,close
2025-10-28,2025,0.0,0.0075,121.0,close
2025-10-28,2025,0.0,0.01,121.0,close
2025-10-28,2025,0.0,0.015,121.0,close
2025-10-28,2025,0.0,0.0,121.0,close
2025-10-29,2025,0.0075,0.005,209.61249999999998,target
2025-10-29,2025,0.0075,0.0075,209.61249999999998,target
2025-10-29,2025,0.0075,0.01,209.61249999999998,target
2025-10-29,2025,0.0075,0.015,209.61249999999998,target
2025-10-29,2025,0.0075,0.0,209.61249999999998,target
2025-10-29,2025,0.01,0.005,199.0,close
2025-10-29,2025,0.01,0.0075,199.0,close
2025-10-29,2025,0.01,0.01,199.0,close
2025-10-29,2025,0.01,0.015,199.0,close
2025-10-29,2025,0.01,0.0,199.0,close
2025-10-29,2025,0.015,0.005,199.0,close
2025-10-29,2025,0.015,0.0075,199.0,close
2025-10-29,2025,0.015,0.01,199.0,close
2025-10-29,2025,0.015,0.015,199.0,close
2025-10-29,2025,0.015,0.0,199.0,close
2025-10-29,2025,0.0,0.005,199.0,close
2025-10-29,2025,0.0,0.0075,199.0,close
2025-10-29,2025,0.0,0.01,199.0,close
2025-10-29,2025,0.0,0.015,199.0,close
2025-10-29,2025,0.0,0.0,199.0,close
2025-10-30,2025,0.0075,0.005,-144.125,stop
2025-10-30,2025,0.0075,0.0075,-215.1875,stop
2025-10-30,2025,0.0075,0.01,-28.0,close
2025-10-30,2025,0.0075,0.015,-28.0,close
2025-10-30,2025,0.0075,0.0,-28.0,close
2025-10-30,2025,0.01,0.005,-144.125,stop
2025-10-30,2025,0.01,0.0075,-215.1875,stop
2025-10-30,2025,0.01,0.01,-28.0,close
2025-10-30,2025,0.01,0.015,-28.0,close
2025-10-30,2025,0.01,0.0,-28.0,close
2025-10-30,2025,0.015,0.005,-144.125,stop
2025-10-30,2025,0.015,0.0075,-215.1875,stop
2025-10-30,2025,0.015,0.01,-28.0,close
2025-10-30,2025,0.015,0.015,-28.0,close
2025-10-30,2025,0.015,0.0,-28.0,close
2025-10-30,2025,0.0,0.005,-144.125,stop
2025-10-30,2025,0.0,0.0075,-215.1875,stop
2025-10-30,2025,0.0,0.01,-28.0,close
2025-10-30,2025,0.0,0.015,-28.0,close
2025-10-30,2025,0.0,0.0,-28.0,close
2025-10-31,2025,0.0075,0.005,-144.225,stop
2025-10-31,2025,0.0075,0.0075,9.0,close
2025-10-31,2025,0.0075,0.01,9.0,close
2025-10-31,2025,0.0075,0.015,9.0,close
2025-10-31,2025,0.0075,0.0,9.0,close
2025-10-31,2025,0.01,0.005,-144.225,stop
2025-10-31,2025,0.01,0.0075,9.0,close
2025-10-31,2025,0.01,0.01,9.0,close
2025-10-31,2025,0.01,0.015,9.0,close
2025-10-31,2025,0.01,0.0,9.0,close
2025-10-31,2025,0.015,0.005,-144.225,stop
2025-10-31,2025,0.015,0.0075,9.0,close
2025-10-31,2025,0.015,0.01,9.0,close
2025-10-31,2025,0.015,0.015,9.0,close
2025-10-31,2025,0.015,0.0,9.0,close
2025-10-31,2025,0.0,0.005,-144.225,stop
2025-10-31,2025,0.0,0.0075,9.0,close
2025-10-31,2025,0.0,0.01,9.0,close
2025-10-31,2025,0.0,0.015,9.0,close
2025-10-31,2025,0.0,0.0,9.0,close
2025-11-03,2025,0.0075,0.005,-143.9,stop
2025-11-03,2025,0.0075,0.0075,-43.0,close
2025-11-03,2025,0.0075,0.01,-43.0,close
2025-11-03,2025,0.0075,0.015,-43.0,close
2025-11-03,2025,0.0075,0.0,-43.0,close
2025-11-03,2025,0.01,0.005,-143.9,stop
2025-11-03,2025,0.01,0.0075,-43.0,close
2025-11-03,2025,0.01,0.01,-43.0,close
2025-11-03,2025,0.01,0.015,-43.0,close
2025-11-03,2025,0.01,0.0,-43.0,close
2025-11-03,2025,0.015,0.005,-143.9,stop
2025-11-03,2025,0.015,0.0075,-43.0,close
2025-11-03,2025,0.015,0.01,-43.0,close
2025-11-03,2025,0.015,0.015,-43.0,close
2025-11-03,2025,0.015,0.0,-43.0,close
2025-11-03,2025,0.0,0.005,-143.9,stop
2025-11-03,2025,0.0,0.0075,-43.0,close
2025-11-03,2025,0.0,0.01,-43.0,close
2025-11-03,2025,0.0,0.015,-43.0,close
2025-11-03,2025,0.0,0.0,-43.0,close
2025-11-04,2025,0.0075,0.005,-144.0,stop
2025-11-04,2025,0.0075,0.0075,-215.0,stop
2025-11-04,2025,0.0075,0.01,-286.0,stop
2025-11-04,2025,0.0075,0.015,-289.0,close
2025-11-04,2025,0.0075,0.0,-289.0,close
2025-11-04,2025,0.01,0.005,-144.0,stop
2025-11-04,2025,0.01,0.0075,-215.0,stop
2025-11-04,2025,0.01,0.01,-286.0,stop
2025-11-04,2025,0.01,0.015,-289.0,close
2025-11-04,2025,0.01,0.0,-289.0,close
2025-11-04,2025,0.015,0.005,-144.0,stop
2025-11-04,2025,0.015,0.0075,-215.0,stop
2025-11-04,2025,0.015,0.01,-286.0,stop
2025-11-04,2025,0.015,0.015,-289.0,close
2025-11-04,2025,0.015,0.0,-289.0,close
2025-11-04,2025,0.0,0.005,-144.0,stop
2025-11-04,2025,0.0,0.0075,-215.0,stop
2025-11-04,2025,0.0,0.01,-286.0,stop
2025-11-04,2025,0.0,0.015,-289.0,close
2025-11-04,2025,0.0,0.0,-289.0,close
2025-11-06,2025,0.0075,0.005,-14.0,close
2025-11-06,2025,0.0075,0.0075,-14.0,close
2025-11-06,2025,0.0075,0.01,-14.0,close
2025-11-06,2025,0.0075,0.015,-14.0,close
2025-11-06,2025,0.0075,0.0,-14.0,close
2025-11-06,2025,0.01,0.005,-14.0,close
2025-11-06,2025,0.01,0.0075,-14.0,close
2025-11-06,2025,0.01,0.01,-14.0,close
2025-11-06,2025,0.01,0.015,-14.0,close
2025-11-06,2025,0.01,0.0,-14.0,close
2025-11-06,2025,0.015,0.005,-14.0,close
2025-11-06,2025,0.015,0.0075,-14.0,close
2025-11-06,2025,0.015,0.01,-14.0,close
2025-11-06,2025,0.015,0.015,-14.0,close
2025-11-06,2025,0.015,0.0,-14.0,close
2025-11-06,2025,0.0,0.005,-14.0,close
2025-11-06,2025,0.0,0.0075,-14.0,close
2025-11-06,2025,0.0,0.01,-14.0,close
2025-11-06,2025,0.0,0.015,-14.0,close
2025-11-06,2025,0.0,0.0,-14.0,close
2025-11-10,2025,0.0075,0.005,-140.82500000000002,stop
2025-11-10,2025,0.0075,0.0075,-210.23749999999998,stop
2025-11-10,2025,0.0075,0.01,-252.0,close
2025-11-10,2025,0.0075,0.015,-252.0,close
2025-11-10,2025,0.0075,0.0,-252.0,close
2025-11-10,2025,0.01,0.005,-140.82500000000002,stop
2025-11-10,2025,0.01,0.0075,-210.23749999999998,stop
2025-11-10,2025,0.01,0.01,-252.0,close
2025-11-10,2025,0.01,0.015,-252.0,close
2025-11-10,2025,0.01,0.0,-252.0,close
2025-11-10,2025,0.015,0.005,-140.82500000000002,stop
2025-11-10,2025,0.015,0.0075,-210.23749999999998,stop
2025-11-10,2025,0.015,0.01,-252.0,close
2025-11-10,2025,0.015,0.015,-252.0,close
2025-11-10,2025,0.015,0.0,-252.0,close
2025-11-10,2025,0.0,0.005,-140.82500000000002,stop
2025-11-10,2025,0.0,0.0075,-210.23749999999998,stop
2025-11-10,2025,0.0,0.01,-252.0,close
2025-11-10,2025,0.0,0.015,-252.0,close
2025-11-10,2025,0.0,0.0,-252.0,close
2025-11-11,2025,0.0075,0.005,208.2475,target
2025-11-11,2025,0.0075,0.0075,208.2475,target
2025-11-11,2025,0.0075,0.01,208.2475,target
2025-11-11,2025,0.0075,0.015,208.2475,target
2025-11-11,2025,0.0075,0.0,208.2475,target
2025-11-11,2025,0.01,0.005,259.0,close
2025-11-11,2025,0.01,0.0075,259.0,close
2025-11-11,2025,0.01,0.01,259.0,close
2025-11-11,2025,0.01,0.015,259.0,close
2025-11-11,2025,0.01,0.0,259.0,close
2025-11-11,2025,0.015,0.005,259.0,close
2025-11-11,2025,0.015,0.0075,259.0,close
2025-11-11,2025,0.015,0.01,259.0,close
2025-11-11,2025,0.015,0.015,259.0,close
2025-11-11,2025,0.015,0.0,259.0,close
2025-11-11,2025,0.0,0.005,259.0,close
2025-11-11,2025,0.0,0.0075,259.0,close
2025-11-11,2025,0.0,0.01,259.0,close
2025-11-11,2025,0.0,0.015,259.0,close
2025-11-11,2025,0.0,0.0,259.0,close
2025-11-13,2025,0.0075,0.005,-142.22,stop
2025-11-13,2025,0.0075,0.0075,-212.32999999999998,stop
2025-11-13,2025,0.0075,0.01,-67.0,close
2025-11-13,2025,0.0075,0.015,-67.0,close
2025-11-13,2025,0.0075,0.0,-67.0,close
2025-11-13,2025,0.01,0.005,-142.22,stop
2025-11-13,2025,0.01,0.0075,-212.32999999999998,stop
2025-11-13,2025,0.01,0.01,-67.0,close
2025-11-13,2025,0.01,0.015,-67.0,close
2025-11-13,2025,0.01,0.0,-67.0,close
2025-11-13,2025,0.015,0.005,-142.22,stop
2025-11-13,2025,0.015,0.0075,-212.32999999999998,stop
2025-11-13,2025,0.015,0.01,-67.0,close
2025-11-13,2025,0.015,0.015,-67.0,close
2025-11-13,2025,0.015,0.0,-67.0,close
2025-11-13,2025,0.0,0.005,-142.22,stop
2025-11-13,2025,0.0,0.0075,-212.32999999999998,stop
2025-11-13,2025,0.0,0.01,-67.0,close
2025-11-13,2025,0.0,0.015,-67.0,close
2025-11-13,2025,0.0,0.0,-67.0,close
2025-11-18,2025,0.0075,0.005,-137.79,stop
2025-11-18,2025,0.0075,0.0075,201.685,target
2025-11-18,2025,0.0075,0.01,201.685,target
2025-11-18,2025,0.0075,0.015,201.685,target
2025-11-18,2025,0.0075,0.0,201.685,target
2025-11-18,2025,0.01,0.005,-137.79,stop
2025-11-18,2025,0.01,0.0075,269.58,target
2025-11-18,2025,0.01,0.01,269.58,target
2025-11-18,2025,0.01,0.015,269.58,target
2025-11-18,2025,0.01,0.0,269.58,target
2025-11-18,2025,0.015,0.005,-137.79,stop
2025-11-18,2025,0.015,0.0075,350.0,close
2025-11-18,2025,0.015,0.01,350.0,close
2025-11-18,2025,0.015,0.015,350.0,close
2025-11-18,2025,0.015,0.0,350.0,close
2025-11-18,2025,0.0,0.005,-137.79,stop
2025-11-18,2025,0.0,0.0075,350.0,close
2025-11-18,2025,0.0,0.01,350.0,close
2025-11-18,2025,0.0,0.015,350.0,close
2025-11-18,2025,0.0,0.0,350.0,close
2025-11-20,2025,0.0075,0.005,184.0,close
2025-11-20,2025,0.0075,0.0075,184.0,close
2025-11-20,2025,0.0075,0.01,184.0,close
2025-11-20,2025,0.0075,0.015,184.0,close
2025-11-20,2025,0.0075,0.0,184.0,close
2025-11-20,2025,0.01,0.005,184.0,close
2025-11-20,2025,0.01,0.0075,184.0,close
2025-11-20,2025,0.01,0.01,184.0,close
2025-11-20,2025,0.01,0.015,184.0,close
2025-11-20,2025,0.01,0.0,184.0,close
2025-11-20,2025,0.015,0.005,184.0,close
2025-11-20,2025,0.015,0.0075,184.0,close
2025-11-20,2025,0.015,0.01,184.0,close
2025-11-20,2025,0.015,0.015,184.0,close
2025-11-20,2025,0.015,0.0,184.0,close
2025-11-20,2025,0.0,0.005,184.0,close
2025-11-20,2025,0.0,0.0075,184.0,close
2025-11-20,2025,0.0,0.01,184.0,close
2025-11-20,2025,0.0,0.015,184.0,close
2025-11-20,2025,0.0,0.0,184.0,close
2025-11-24,2025,0.0075,0.005,-135.565,stop
2025-11-24,2025,0.0075,0.0075,-98.0,close
2025-11-24,2025,0.0075,0.01,-98.0,close
2025-11-24,2025,0.0075,0.015,-98.0,close
2025-11-24,2025,0.0075,0.0,-98.0,close
2025-11-24,2025,0.01,0.005,-135.565,stop
2025-11-24,2025,0.01,0.0075,-98.0,close
2025-11-24,2025,0.01,0.01,-98.0,close
2025-11-24,2025,0.01,0.015,-98.0,close
2025-11-24,2025,0.01,0.0,-98.0,close
2025-11-24,2025,0.015,0.005,-135.565,stop
2025-11-24,2025,0.015,0.0075,-98.0,close
2025-11-24,2025,0.015,0.01,-98.0,close
2025-11-24,2025,0.015,0.015,-98.0,close
2025-11-24,2025,0.015,0.0,-98.0,close
2025-11-24,2025,0.0,0.005,-135.565,stop
2025-11-24,2025,0.0,0.0075,-98.0,close
2025-11-24,2025,0.0,0.01,-98.0,close
2025-11-24,2025,0.0,0.015,-98.0,close
2025-11-24,2025,0.0,0.0,-98.0,close
2025-11-25,2025,0.0075,0.005,-46.0,close
2025-11-25,2025,0.0075,0.0075,-46.0,close
2025-11-25,2025,0.0075,0.01,-46.0,close
2025-11-25,2025,0.0075,0.015,-46.0,close
2025-11-25,2025,0.0075,0.0,-46.0,close
2025-11-25,2025,0.01,0.005,-46.0,close
2025-11-25,2025,0.01,0.0075,-46.0,close
2025-11-25,2025,0.01,0.01,-46.0,close
2025-11-25,2025,0.01,0.015,-46.0,close
2025-11-25,2025,0.01,0.0,-46.0,close
2025-11-25,2025,0.015,0.005,-46.0,close
2025-11-25,2025,0.015,0.0075,-46.0,close
2025-11-25,2025,0.015,0.01,-46.0,close
2025-11-25,2025,0.015,0.015,-46.0,close
2025-11-25,2025,0.015,0.0,-46.0,close
2025-11-25,2025,0.0,0.005,-46.0,close
2025-11-25,2025,0.0,0.0075,-46.0,close
2025-11-25,2025,0.0,0.01,-46.0,close
2025-11-25,2025,0.0,0.015,-46.0,close
2025-11-25,2025,0.0,0.0,-46.0,close
2025-11-26,2025,0.0075,0.005,150.0,close
2025-11-26,2025,0.0075,0.0075,150.0,close
2025-11-26,2025,0.0075,0.01,150.0,close
2025-11-26,2025,0.0075,0.015,150.0,close
2025-11-26,2025,0.0075,0.0,150.0,close
2025-11-26,2025,0.01,0.005,150.0,close
2025-11-26,2025,0.01,0.0075,150.0,close
2025-11-26,2025,0.01,0.01,150.0,close
2025-11-26,2025,0.01,0.015,150.0,close
2025-11-26,2025,0.01,0.0,150.0,close
2025-11-26,2025,0.015,0.005,150.0,close
2025-11-26,2025,0.015,0.0075,150.0,close
2025-11-26,2025,0.015,0.01,150.0,close
2025-11-26,2025,0.015,0.015,150.0,close
2025-11-26,2025,0.015,0.0,150.0,close
2025-11-26,2025,0.0,0.005,150.0,close
2025-11-26,2025,0.0,0.0075,150.0,close
2025-11-26,2025,0.0,0.01,150.0,close
2025-11-26,2025,0.0,0.015,150.0,close
2025-11-26,2025,0.0,0.0,150.0,close
2025-11-27,2025,0.0075,0.005,28.0,close
2025-11-27,2025,0.0075,0.0075,28.0,close
2025-11-27,2025,0.0075,0.01,28.0,close
2025-11-27,2025,0.0075,0.015,28.0,close
2025-11-27,2025,0.0075,0.0,28.0,close
2025-11-27,2025,0.01,0.005,28.0,close
2025-11-27,2025,0.01,0.0075,28.0,close
2025-11-27,2025,0.01,0.01,28.0,close
2025-11-27,2025,0.01,0.015,28.0,close
2025-11-27,2025,0.01,0.0,28.0,close
2025-11-27,2025,0.015,0.005,28.0,close
2025-11-27,2025,0.015,0.0075,28.0,close
2025-11-27,2025,0.015,0.01,28.0,close
2025-11-27,2025,0.015,0.015,28.0,close
2025-11-27,2025,0.015,0.0,28.0,close
2025-11-27,2025,0.0,0.005,28.0,close
2025-11-27,2025,0.0,0.0075,28.0,close
2025-11-27,2025,0.0,0.01,28.0,close
2025-11-27,2025,0.0,0.015,28.0,close
2025-11-27,2025,0.0,0.0,28.0,close
2025-11-28,2025,0.0075,0.005,-140.375,stop
2025-11-28,2025,0.0075,0.0075,-68.0,close
2025-11-28,2025,0.0075,0.01,-68.0,close
2025-11-28,2025,0.0075,0.015,-68.0,close
2025-11-28,2025,0.0075,0.0,-68.0,close
2025-11-28,2025,0.01,0.005,-140.375,stop
2025-11-28,2025,0.01,0.0075,-68.0,close
2025-11-28,2025,0.01,0.01,-68.0,close
2025-11-28,2025,0.01,0.015,-68.0,close
2025-11-28,2025,0.01,0.0,-68.0,close
2025-11-28,2025,0.015,0.005,-140.375,stop
2025-11-28,2025,0.015,0.0075,-68.0,close
2025-11-28,2025,0.015,0.01,-68.0,close
2025-11-28,2025,0.015,0.015,-68.0,close
2025-11-28,2025,0.015,0.0,-68.0,close
2025-11-28,2025,0.0,0.005,-140.375,stop
2025-11-28,2025,0.0,0.0075,-68.0,close
2025-11-28,2025,0.0,0.01,-68.0,close
2025-11-28,2025,0.0,0.015,-68.0,close
2025-11-28,2025,0.0,0.0,-68.0,close
2025-12-01,2025,0.0075,0.005,-140.275,stop
2025-12-01,2025,0.0075,0.0075,-209.4125,stop
2025-12-01,2025,0.0075,0.01,-255.0,close
2025-12-01,2025,0.0075,0.015,-255.0,close
2025-12-01,2025,0.0075,0.0,-255.0,close
2025-12-01,2025,0.01,0.005,-140.275,stop
2025-12-01,2025,0.01,0.0075,-209.4125,stop
2025-12-01,2025,0.01,0.01,-255.0,close
2025-12-01,2025,0.01,0.015,-255.0,close
2025-12-01,2025,0.01,0.0,-255.0,close
2025-12-01,2025,0.015,0.005,-140.275,stop
2025-12-01,2025,0.015,0.0075,-209.4125,stop
2025-12-01,2025,0.015,0.01,-255.0,close
2025-12-01,2025,0.015,0.015,-255.0,close
2025-12-01,2025,0.015,0.0,-255.0,close
2025-12-01,2025,0.0,0.005,-140.275,stop
2025-12-01,2025,0.0,0.0075,-209.4125,stop
2025-12-01,2025,0.0,0.01,-255.0,close
2025-12-01,2025,0.0,0.015,-255.0,close
2025-12-01,2025,0.0,0.0,-255.0,close
2025-12-03,2025,0.0075,0.005,-44.0,close
2025-12-03,2025,0.0075,0.0075,-44.0,close
2025-12-03,2025,0.0075,0.01,-44.0,close
2025-12-03,2025,0.0075,0.015,-44.0,close
2025-12-03,2025,0.0075,0.0,-44.0,close
2025-12-03,2025,0.01,0.005,-44.0,close
2025-12-03,2025,0.01,0.0075,-44.0,close
2025-12-03,2025,0.01,0.01,-44.0,close
2025-12-03,2025,0.01,0.015,-44.0,close
2025-12-03,2025,0.01,0.0,-44.0,close
2025-12-03,2025,0.015,0.005,-44.0,close
2025-12-03,2025,0.015,0.0075,-44.0,close
2025-12-03,2025,0.015,0.01,-44.0,close
2025-12-03,2025,0.015,0.015,-44.0,close
2025-12-03,2025,0.015,0.0,-44.0,close
2025-12-03,2025,0.0,0.005,-44.0,close
2025-12-03,2025,0.0,0.0075,-44.0,close
2025-12-03,2025,0.0,0.01,-44.0,close
2025-12-03,2025,0.0,0.015,-44.0,close
2025-12-03,2025,0.0,0.0,-44.0,close
2025-12-04,2025,0.0075,0.005,-141.195,stop
2025-12-04,2025,0.0075,0.0075,-41.0,close
2025-12-04,2025,0.0075,0.01,-41.0,close
2025-12-04,2025,0.0075,0.015,-41.0,close
2025-12-04,2025,0.0075,0.0,-41.0,close
2025-12-04,2025,0.01,0.005,-141.195,stop
2025-12-04,2025,0.01,0.0075,-41.0,close
2025-12-04,2025,0.01,0.01,-41.0,close
2025-12-04,2025,0.01,0.015,-41.0,close
2025-12-04,2025,0.01,0.0,-41.0,close
2025-12-04,2025,0.015,0.005,-141.195,stop
2025-12-04,2025,0.015,0.0075,-41.0,close
2025-12-04,2025,0.015,0.01,-41.0,close
2025-12-04,2025,0.015,0.015,-41.0,close
2025-12-04,2025,0.015,0.0,-41.0,close
2025-12-04,2025,0.0,0.005,-141.195,stop
2025-12-04,2025,0.0,0.0075,-41.0,close
2025-12-04,2025,0.0,0.01,-41.0,close
2025-12-04,2025,0.0,0.015,-41.0,close
2025-12-04,2025,0.0,0.0,-41.0,close
2025-12-08,2025,0.0075,0.005,208.35999999999999,target
2025-12-08,2025,0.0075,0.0075,208.35999999999999,target
2025-12-08,2025,0.0075,0.01,208.35999999999999,target
2025-12-08,2025,0.0075,0.015,208.35999999999999,target
2025-12-08,2025,0.0075,0.0,208.35999999999999,target
2025-12-08,2025,0.01,0.005,237.0,close
2025-12-08,2025,0.01,0.0075,237.0,close
2025-12-08,2025,0.01,0.01,237.0,close
2025-12-08,2025,0.01,0.015,237.0,close
2025-12-08,2025,0.01,0.0,237.0,close
2025-12-08,2025,0.015,0.005,237.0,close
2025-12-08,2025,0.015,0.0075,237.0,close
2025-12-08,2025,0.015,0.01,237.0,close
2025-12-08,2025,0.015,0.015,237.0,close
2025-12-08,2025,0.015,0.0,237.0,close
2025-12-08,2025,0.0,0.005,237.0,close
2025-12-08,2025,0.0,0.0075,237.0,close
2025-12-08,2025,0.0,0.01,237.0,close
2025-12-08,2025,0.0,0.015,237.0,close
2025-12-08,2025,0.0,0.0,237.0,close
2025-12-09,2025,0.0075,0.005,-143.745,stop
2025-12-09,2025,0.0075,0.0075,-129.0,close
2025-12-09,2025,0.0075,0.01,-129.0,close
2025-12-09,2025,0.0075,0.015,-129.0,close
2025-12-09,2025,0.0075,0.0,-129.0,close
2025-12-09,2025,0.01,0.005,-143.745,stop
2025-12-09,2025,0.01,0.0075,-129.0,close
2025-12-09,2025,0.01,0.01,-129.0,close
2025-12-09,2025,0.01,0.015,-129.0,close
2025-12-09,2025,0.01,0.0,-129.0,close
2025-12-09,2025,0.015,0.005,-143.745,stop
2025-12-09,2025,0.015,0.0075,-129.0,close
2025-12-09,2025,0.015,0.01,-129.0,close
2025-12-09,2025,0.015,0.015,-129.0,close
2025-12-09,2025,0.015,0.0,-129.0,close
2025-12-09,2025,0.0,0.005,-143.745,stop
2025-12-09,2025,0.0,0.0075,-129.0,close
2025-12-09,2025,0.0,0.01,-129.0,close
2025-12-09,2025,0.0,0.015,-129.0,close
2025-12-09,2025,0.0,0.0,-129.0,close
2025-12-11,2025,0.0075,0.005,-145.04500000000002,stop
2025-12-11,2025,0.0075,0.0075,-216.5675,stop
2025-12-11,2025,0.0075,0.01,-288.09000000000003,stop
2025-12-11,2025,0.0075,0.015,-431.135,stop
2025-12-11,2025,0.0075,0.0,-508.0,close
2025-12-11,2025,0.01,0.005,-145.04500000000002,stop
2025-12-11,2025,0.01,0.0075,-216.5675,stop
2025-12-11,2025,0.01,0.01,-288.09000000000003,stop
2025-12-11,2025,0.01,0.015,-431.135,stop
2025-12-11,2025,0.01,0.0,-508.0,close
2025-12-11,2025,0.015,0.005,-145.04500000000002,stop
2025-12-11,2025,0.015,0.0075,-216.5675,stop
2025-12-11,2025,0.015,0.01,-288.09000000000003,stop
2025-12-11,2025,0.015,0.015,-431.135,stop
2025-12-11,2025,0.015,0.0,-508.0,close
2025-12-11,2025,0.0,0.005,-145.04500000000002,stop
2025-12-11,2025,0.0,0.0075,-216.5675,stop
2025-12-11,2025,0.0,0.01,-288.09000000000003,stop
2025-12-11,2025,0.0,0.015,-431.135,stop
2025-12-11,2025,0.0,0.0,-508.0,close
2025-12-19,2025,0.0075,0.005,-6.0,close
2025-12-19,2025,0.0075,0.0075,-6.0,close
2025-12-19,2025,0.0075,0.01,-6.0,close
2025-12-19,2025,0.0075,0.015,-6.0,close
2025-12-19,2025,0.0075,0.0,-6.0,close
2025-12-19,2025,0.01,0.005,-6.0,close
2025-12-19,2025,0.01,0.0075,-6.0,close
2025-12-19,2025,0.01,0.01,-6.0,close
2025-12-19,2025,0.01,0.015,-6.0,close
2025-12-19,2025,0.01,0.0,-6.0,close
2025-12-19,2025,0.015,0.005,-6.0,close
2025-12-19,2025,0.015,0.0075,-6.0,close
2025-12-19,2025,0.015,0.01,-6.0,close
2025-12-19,2025,0.015,0.015,-6.0,close
2025-12-19,2025,0.015,0.0,-6.0,close
2025-12-19,2025,0.0,0.005,-6.0,close
2025-12-19,2025,0.0,0.0075,-6.0,close
2025-12-19,2025,0.0,0.01,-6.0,close
2025-12-19,2025,0.0,0.015,-6.0,close
2025-12-19,2025,0.0,0.0,-6.0,close
2025-12-22,2025,0.0075,0.005,-142.985,stop
2025-12-22,2025,0.0075,0.0075,-144.0,close
2025-12-22,2025,0.0075,0.01,-144.0,close
2025-12-22,2025,0.0075,0.015,-144.0,close
2025-12-22,2025,0.0075,0.0,-144.0,close
2025-12-22,2025,0.01,0.005,-142.985,stop
2025-12-22,2025,0.01,0.0075,-144.0,close
2025-12-22,2025,0.01,0.01,-144.0,close
2025-12-22,2025,0.01,0.015,-144.0,close
2025-12-22,2025,0.01,0.0,-144.0,close
2025-12-22,2025,0.015,0.005,-142.985,stop
2025-12-22,2025,0.015,0.0075,-144.0,close
2025-12-22,2025,0.015,0.01,-144.0,close
2025-12-22,2025,0.015,0.015,-144.0,close
2025-12-22,2025,0.015,0.0,-144.0,close
2025-12-22,2025,0.0,0.005,-142.985,stop
2025-12-22,2025,0.0,0.0075,-144.0,close
2025-12-22,2025,0.0,0.01,-144.0,close
2025-12-22,2025,0.0,0.015,-144.0,close
2025-12-22,2025,0.0,0.0,-144.0,close
2025-12-23,2025,0.0075,0.005,28.0,close
2025-12-23,2025,0.0075,0.0075,28.0,close
2025-12-23,2025,0.0075,0.01,28.0,close
2025-12-23,2025,0.0075,0.015,28.0,close
2025-12-23,2025,0.0075,0.0,28.0,close
2025-12-23,2025,0.01,0.005,28.0,close
2025-12-23,2025,0.01,0.0075,28.0,close
2025-12-23,2025,0.01,0.01,28.0,close
2025-12-23,2025,0.01,0.015,28.0,close
2025-12-23,2025,0.01,0.0,28.0,close
2025-12-23,2025,0.015,0.005,28.0,close
2025-12-23,2025,0.015,0.0075,28.0,close
2025-12-23,2025,0.015,0.01,28.0,close
2025-12-23,2025,0.015,0.015,28.0,close
2025-12-23,2025,0.015,0.0,28.0,close
2025-12-23,2025,0.0,0.005,28.0,close
2025-12-23,2025,0.0,0.0075,28.0,close
2025-12-23,2025,0.0,0.01,28.0,close
2025-12-23,2025,0.0,0.015,28.0,close
2025-12-23,2025,0.0,0.0,28.0,close
2025-12-24,2025,0.0075,0.005,-144.875,stop
2025-12-24,2025,0.0075,0.0075,-106.0,close
2025-12-24,2025,0.0075,0.01,-106.0,close
2025-12-24,2025,0.0075,0.015,-106.0,close
2025-12-24,2025,0.0075,0.0,-106.0,close
2025-12-24,2025,0.01,0.005,-144.875,stop
2025-12-24,2025,0.01,0.0075,-106.0,close
2025-12-24,2025,0.01,0.01,-106.0,close
2025-12-24,2025,0.01,0.015,-106.0,close
2025-12-24,2025,0.01,0.0,-106.0,close
2025-12-24,2025,0.015,0.005,-144.875,stop
2025-12-24,2025,0.015,0.0075,-106.0,close
2025-12-24,2025,0.015,0.01,-106.0,close
2025-12-24,2025,0.015,0.015,-106.0,close
2025-12-24,2025,0.015,0.0,-106.0,close
2025-12-24,2025,0.0,0.005,-144.875,stop
2025-12-24,2025,0.0,0.0075,-106.0,close
2025-12-24,2025,0.0,0.01,-106.0,close
2025-12-24,2025,0.0,0.015,-106.0,close
2025-12-24,2025,0.0,0.0,-106.0,close
2025-12-26,2025,0.0075,0.005,88.0,close
2025-12-26,2025,0.0075,0.0075,88.0,close
2025-12-26,2025,0.0075,0.01,88.0,close
2025-12-26,2025,0.0075,0.015,88.0,close
2025-12-26,2025,0.0075,0.0,88.0,close
2025-12-26,2025,0.01,0.005,88.0,close
2025-12-26,2025,0.01,0.0075,88.0,close
2025-12-26,2025,0.01,0.01,88.0,close
2025-12-26,2025,0.01,0.015,88.0,close
2025-12-26,2025,0.01,0.0,88.0,close
2025-12-26,2025,0.015,0.005,88.0,close
2025-12-26,2025,0.015,0.0075,88.0,close
2025-12-26,2025,0.015,0.01,88.0,close
2025-12-26,2025,0.015,0.015,88.0,close
2025-12-26,2025,0.015,0.0,88.0,close
2025-12-26,2025,0.0,0.005,88.0,close
2025-12-26,2025,0.0,0.0075,88.0,close
2025-12-26,2025,0.0,0.01,88.0,close
2025-12-26,2025,0.0,0.015,88.0,close
2025-12-26,2025,0.0,0.0,88.0,close
2025-12-29,2025,0.0075,0.005,213.5725,target
2025-12-29,2025,0.0075,0.0075,213.5725,target
2025-12-29,2025,0.0075,0.01,213.5725,target
2025-12-29,2025,0.0075,0.015,213.5725,target
2025-12-29,2025,0.0075,0.0,213.5725,target
2025-12-29,2025,0.01,0.005,203.0,close
2025-12-29,2025,0.01,0.0075,203.0,close
2025-12-29,2025,0.01,0.01,203.0,close
2025-12-29,2025,0.01,0.015,203.0,close
2025-12-29,2025,0.01,0.0,203.0,close
2025-12-29,2025,0.015,0.005,203.0,close
2025-12-29,2025,0.015,0.0075,203.0,close
2025-12-29,2025,0.015,0.01,203.0,close
2025-12-29,2025,0.015,0.015,203.0,close
2025-12-29,2025,0.015,0.0,203.0,close
2025-12-29,2025,0.0,0.005,203.0,close
2025-12-29,2025,0.0,0.0075,203.0,close
2025-12-29,2025,0.0,0.01,203.0,close
2025-12-29,2025,0.0,0.015,203.0,close
2025-12-29,2025,0.0,0.0,203.0,close
2026-01-02,2026,0.0075,0.005,-147.255,stop
2026-01-02,2026,0.0075,0.0075,-219.8825,stop
2026-01-02,2026,0.0075,0.01,-292.51,stop
2026-01-02,2026,0.0075,0.015,-437.765,stop
2026-01-02,2026,0.0075,0.0,-427.0,close
2026-01-02,2026,0.01,0.005,-147.255,stop
2026-01-02,2026,0.01,0.0075,-219.8825,stop
2026-01-02,2026,0.01,0.01,-292.51,stop
2026-01-02,2026,0.01,0.015,-437.765,stop
2026-01-02,2026,0.01,0.0,-427.0,close
2026-01-02,2026,0.015,0.005,-147.255,stop
2026-01-02,2026,0.015,0.0075,-219.8825,stop
2026-01-02,2026,0.015,0.01,-292.51,stop
2026-01-02,2026,0.015,0.015,-437.765,stop
2026-01-02,2026,0.015,0.0,-427.0,close
2026-01-02,2026,0.0,0.005,-147.255,stop
2026-01-02,2026,0.0,0.0075,-219.8825,stop
2026-01-02,2026,0.0,0.01,-292.51,stop
2026-01-02,2026,0.0,0.015,-437.765,stop
2026-01-02,2026,0.0,0.0,-427.0,close
2026-01-05,2026,0.0075,0.005,-152.915,stop
2026-01-05,2026,0.0075,0.0075,-228.3725,stop
2026-01-05,2026,0.0075,0.01,-303.83,stop
2026-01-05,2026,0.0075,0.015,-132.0,close
2026-01-05,2026,0.0075,0.0,-132.0,close
2026-01-05,2026,0.01,0.005,-152.915,stop
2026-01-05,2026,0.01,0.0075,-228.3725,stop
2026-01-05,2026,0.01,0.01,-303.83,stop
2026-01-05,2026,0.01,0.015,-132.0,close
2026-01-05,2026,0.01,0.0,-132.0,close
2026-01-05,2026,0.015,0.005,-152.915,stop
2026-01-05,2026,0.015,0.0075,-228.3725,stop
2026-01-05,2026,0.015,0.01,-303.83,stop
2026-01-05,2026,0.015,0.015,-132.0,close
2026-01-05,2026,0.015,0.0,-132.0,close
2026-01-05,2026,0.0,0.005,-152.915,stop
2026-01-05,2026,0.0,0.0075,-228.3725,stop
2026-01-05,2026,0.0,0.01,-303.83,stop
2026-01-05,2026,0.0,0.015,-132.0,close
2026-01-05,2026,0.0,0.0,-132.0,close
2026-01-06,2026,0.0075,0.005,225.1375,target
2026-01-06,2026,0.0075,0.0075,225.1375,target
2026-01-06,2026,0.0075,0.01,225.1375,target
2026-01-06,2026,0.0075,0.015,225.1375,target
2026-01-06,2026,0.0075,0.0,225.1375,target
2026-01-06,2026,0.01,0.005,300.85,target
2026-01-06,2026,0.01,0.0075,300.85,target
2026-01-06,2026,0.01,0.01,300.85,target
2026-01-06,2026,0.01,0.015,300.85,target
2026-01-06,2026,0.01,0.0,300.85,target
2026-01-06,2026,0.015,0.005,327.0,close
2026-01-06,2026,0.015,0.0075,327.0,close
2026-01-06,2026,0.015,0.01,327.0,close
2026-01-06,2026,0.015,0.015,327.0,close
2026-01-06,2026,0.015,0.0,327.0,close
2026-01-06,2026,0.0,0.005,327.0,close
2026-01-06,2026,0.0,0.0075,327.0,close
2026-01-06,2026,0.0,0.01,327.0,close
2026-01-06,2026,0.0,0.015,327.0,close
2026-01-06,2026,0.0,0.0,327.0,close
2026-01-07,2026,0.0075,0.005,-154.48,stop
2026-01-07,2026,0.0075,0.0075,-27.0,close
2026-01-07,2026,0.0075,0.01,-27.0,close
2026-01-07,2026,0.0075,0.015,-27.0,close
2026-01-07,2026,0.0075,0.0,-27.0,close
2026-01-07,2026,0.01,0.005,-154.48,stop
2026-01-07,2026,0.01,0.0075,-27.0,close
2026-01-07,2026,0.01,0.01,-27.0,close
2026-01-07,2026,0.01,0.015,-27.0,close
2026-01-07,2026,0.01,0.0,-27.0,close
2026-01-07,2026,0.015,0.005,-154.48,stop
2026-01-07,2026,0.015,0.0075,-27.0,close
2026-01-07,2026,0.015,0.01,-27.0,close
2026-01-07,2026,0.015,0.015,-27.0,close
2026-01-07,2026,0.015,0.0,-27.0,close
2026-01-07,2026,0.0,0.005,-154.48,stop
2026-01-07,2026,0.0,0.0075,-27.0,close
2026-01-07,2026,0.0,0.01,-27.0,close
2026-01-07,2026,0.0,0.015,-27.0,close
2026-01-07,2026,0.0,0.0,-27.0,close
2026-01-09,2026,0.0075,0.005,226.345,target
2026-01-09,2026,0.0075,0.0075,226.345,target
2026-01-09,2026,0.0075,0.01,226.345,target
2026-01-09,2026,0.0075,0.015,226.345,target
2026-01-09,2026,0.0075,0.0,226.345,target
2026-01-09,2026,0.01,0.005,302.46,target
2026-01-09,2026,0.01,0.0075,302.46,target
2026-01-09,2026,0.01,0.01,302.46,target
2026-01-09,2026,0.01,0.015,302.46,target
2026-01-09,2026,0.01,0.0,302.46,target
2026-01-09,2026,0.015,0.005,-12.0,close
2026-01-09,2026,0.015,0.0075,-12.0,close
2026-01-09,2026,0.015,0.01,-12.0,close
2026-01-09,2026,0.015,0.015,-12.0,close
2026-01-09,2026,0.015,0.0,-12.0,close
2026-01-09,2026,0.0,0.005,-12.0,close
2026-01-09,2026,0.0,0.0075,-12.0,close
2026-01-09,2026,0.0,0.01,-12.0,close
2026-01-09,2026,0.0,0.015,-12.0,close
2026-01-09,2026,0.0,0.0,-12.0,close
2026-01-12,2026,0.0075,0.005,-79.0,close
2026-01-12,2026,0.0075,0.0075,-79.0,close
2026-01-12,2026,0.0075,0.01,-79.0,close
2026-01-12,2026,0.0075,0.015,-79.0,close
2026-01-12,2026,0.0075,0.0,-79.0,close
2026-01-12,2026,0.01,0.005,-79.0,close
2026-01-12,2026,0.01,0.0075,-79.0,close
2026-01-12,2026,0.01,0.01,-79.0,close
2026-01-12,2026,0.01,0.015,-79.0,close
2026-01-12,2026,0.01,0.0,-79.0,close
2026-01-12,2026,0.015,0.005,-79.0,close
2026-01-12,2026,0.015,0.0075,-79.0,close
2026-01-12,2026,0.015,0.01,-79.0,close
2026-01-12,2026,0.015,0.015,-79.0,close
2026-01-12,2026,0.015,0.0,-79.0,close
2026-01-12,2026,0.0,0.005,-79.0,close
2026-01-12,2026,0.0,0.0075,-79.0,close
2026-01-12,2026,0.0,0.01,-79.0,close
2026-01-12,2026,0.0,0.015,-79.0,close
2026-01-12,2026,0.0,0.0,-79.0,close
2026-01-13,2026,0.0075,0.005,-157.385,stop
2026-01-13,2026,0.0075,0.0075,-235.0775,stop
2026-01-13,2026,0.0075,0.01,-312.77,stop
2026-01-13,2026,0.0075,0.015,-206.0,close
2026-01-13,2026,0.0075,0.0,-206.0,close
2026-01-13,2026,0.01,0.005,-157.385,stop
2026-01-13,2026,0.01,0.0075,-235.0775,stop
2026-01-13,2026,0.01,0.01,-312.77,stop
2026-01-13,2026,0.01,0.015,-206.0,close
2026-01-13,2026,0.01,0.0,-206.0,close
2026-01-13,2026,0.015,0.005,-157.385,stop
2026-01-13,2026,0.015,0.0075,-235.0775,stop
2026-01-13,2026,0.015,0.01,-312.77,stop
2026-01-13,2026,0.015,0.015,-206.0,close
2026-01-13,2026,0.015,0.0,-206.0,close
2026-01-13,2026,0.0,0.005,-157.385,stop
2026-01-13,2026,0.0,0.0075,-235.0775,stop
2026-01-13,2026,0.0,0.01,-312.77,stop
2026-01-13,2026,0.0,0.015,-206.0,close
2026-01-13,2026,0.0,0.0,-206.0,close
2026-01-14,2026,0.0075,0.005,-16.0,close
2026-01-14,2026,0.0075,0.0075,-16.0,close
2026-01-14,2026,0.0075,0.01,-16.0,close
2026-01-14,2026,0.0075,0.015,-16.0,close
2026-01-14,2026,0.0075,0.0,-16.0,close
2026-01-14,2026,0.01,0.005,-16.0,close
2026-01-14,2026,0.01,0.0075,-16.0,close
2026-01-14,2026,0.01,0.01,-16.0,close
2026-01-14,2026,0.01,0.015,-16.0,close
2026-01-14,2026,0.01,0.0,-16.0,close
2026-01-14,2026,0.015,0.005,-16.0,close
2026-01-14,2026,0.015,0.0075,-16.0,close
2026-01-14,2026,0.015,0.01,-16.0,close
2026-01-14,2026,0.015,0.015,-16.0,close
2026-01-14,2026,0.015,0.0,-16.0,close
2026-01-14,2026,0.0,0.005,-16.0,close
2026-01-14,2026,0.0,0.0075,-16.0,close
2026-01-14,2026,0.0,0.01,-16.0,close
2026-01-14,2026,0.0,0.015,-16.0,close
2026-01-14,2026,0.0,0.0,-16.0,close
2026-01-16,2026,0.0075,0.005,-158.915,stop
2026-01-16,2026,0.0075,0.0075,93.0,close
2026-01-16,2026,0.0075,0.01,93.0,close
2026-01-16,2026,0.0075,0.015,93.0,close
2026-01-16,2026,0.0075,0.0,93.0,close
2026-01-16,2026,0.01,0.005,-158.915,stop
2026-01-16,2026,0.01,0.0075,93.0,close
2026-01-16,2026,0.01,0.01,93.0,close
2026-01-16,2026,0.01,0.015,93.0,close
2026-01-16,2026,0.01,0.0,93.0,close
2026-01-16,2026,0.015,0.005,-158.915,stop
2026-01-16,2026,0.015,0.0075,93.0,close
2026-01-16,2026,0.015,0.01,93.0,close
2026-01-16,2026,0.015,0.015,93.0,close
2026-01-16,2026,0.015,0.0,93.0,close
2026-01-16,2026,0.0,0.005,-158.915,stop
2026-01-16,2026,0.0,0.0075,93.0,close
2026-01-16,2026,0.0,0.01,93.0,close
2026-01-16,2026,0.0,0.015,93.0,close
2026-01-16,2026,0.0,0.0,93.0,close
2026-01-19,2026,0.0075,0.005,232.465,target
2026-01-19,2026,0.0075,0.0075,232.465,target
2026-01-19,2026,0.0075,0.01,232.465,target
2026-01-19,2026,0.0075,0.015,232.465,target
2026-01-19,2026,0.0075,0.0,232.465,target
2026-01-19,2026,0.01,0.005,310.62,target
2026-01-19,2026,0.01,0.0075,310.62,target
2026-01-19,2026,0.01,0.01,310.62,target
2026-01-19,2026,0.01,0.015,310.62,target
2026-01-19,2026,0.01,0.0,310.62,target
2026-01-19,2026,0.015,0.005,466.93,target
2026-01-19,2026,0.015,0.0075,466.93,target
2026-01-19,2026,0.015,0.01,466.93,target
2026-01-19,2026,0.015,0.015,466.93,target
2026-01-19,2026,0.015,0.0,466.93,target
2026-01-19,2026,0.0,0.005,406.0,close
2026-01-19,2026,0.0,0.0075,406.0,close
2026-01-19,2026,0.0,0.01,406.0,close
2026-01-19,2026,0.0,0.015,406.0,close
2026-01-19,2026,0.0,0.0,406.0,close
2026-01-20,2026,0.0075,0.005,-159.46,stop
2026-01-20,2026,0.0075,0.0075,234.19,target
2026-01-20,2026,0.0075,0.01,234.19,target
2026-01-20,2026,0.0075,0.015,234.19,target
2026-01-20,2026,0.0075,0.0,234.19,target
2026-01-20,2026,0.01,0.005,-159.46,stop
2026-01-20,2026,0.01,0.0075,175.0,close
2026-01-20,2026,0.01,0.01,175.0,close
2026-01-20,2026,0.01,0.015,175.0,close
2026-01-20,2026,0.01,0.0,175.0,close
2026-01-20,2026,0.015,0.005,-159.46,stop
2026-01-20,2026,0.015,0.0075,175.0,close
2026-01-20,2026,0.015,0.01,175.0,close
2026-01-20,2026,0.015,0.015,175.0,close
2026-01-20,2026,0.015,0.0,175.0,close
2026-01-20,2026,0.0,0.005,-159.46,stop
2026-01-20,2026,0.0,0.0075,175.0,close
2026-01-20,2026,0.0,0.01,175.0,close
2026-01-20,2026,0.0,0.015,175.0,close
2026-01-20,2026,0.0,0.0,175.0,close
2026-01-21,2026,0.0075,0.005,-159.19,stop
2026-01-21,2026,0.0075,0.0075,-237.785,stop
2026-01-21,2026,0.0075,0.01,-316.38,stop
2026-01-21,2026,0.0075,0.015,-46.0,close
2026-01-21,2026,0.0075,0.0,-46.0,close
2026-01-21,2026,0.01,0.005,-159.19,stop
2026-01-21,2026,0.01,0.0075,-237.785,stop
2026-01-21,2026,0.01,0.01,-316.38,stop
2026-01-21,2026,0.01,0.015,-46.0,close
2026-01-21,2026,0.01,0.0,-46.0,close
2026-01-21,2026,0.015,0.005,-159.19,stop
2026-01-21,2026,0.015,0.0075,-237.785,stop
2026-01-21,2026,0.015,0.01,-316.38,stop
2026-01-21,2026,0.015,0.015,-46.0,close
2026-01-21,2026,0.015,0.0,-46.0,close
2026-01-21,2026,0.0,0.005,-159.19,stop
2026-01-21,2026,0.0,0.0075,-237.785,stop
2026-01-21,2026,0.0,0.01,-316.38,stop
2026-01-21,2026,0.0,0.015,-46.0,close
2026-01-21,2026,0.0,0.0,-46.0,close
2026-01-22,2026,0.0075,0.005,53.0,close
2026-01-22,2026,0.0075,0.0075,53.0,close
2026-01-22,2026,0.0075,0.01,53.0,close
2026-01-22,2026,0.0075,0.015,53.0,close
2026-01-22,2026,0.0075,0.0,53.0,close
2026-01-22,2026,0.01,0.005,53.0,close
2026-01-22,2026,0.01,0.0075,53.0,close
2026-01-22,2026,0.01,0.01,53.0,close
2026-01-22,2026,0.01,0.015,53.0,close
2026-01-22,2026,0.01,0.0,53.0,close
2026-01-22,2026,0.015,0.005,53.0,close
2026-01-22,2026,0.015,0.0075,53.0,close
2026-01-22,2026,0.015,0.01,53.0,close
2026-01-22,2026,0.015,0.015,53.0,close
2026-01-22,2026,0.015,0.0,53.0,close
2026-01-22,2026,0.0,0.005,53.0,close
2026-01-22,2026,0.0,0.0075,53.0,close
2026-01-22,2026,0.0,0.01,53.0,close
2026-01-22,2026,0.0,0.015,53.0,close
2026-01-22,2026,0.0,0.0,53.0,close
2026-01-23,2026,0.0075,0.005,151.0,close
2026-01-23,2026,0.0075,0.0075,151.0,close
2026-01-23,2026,0.0075,0.01,151.0,close
2026-01-23,2026,0.0075,0.015,151.0,close
2026-01-23,2026,0.0075,0.0,151.0,close
2026-01-23,2026,0.01,0.005,151.0,close
2026-01-23,2026,0.01,0.0075,151.0,close
2026-01-23,2026,0.01,0.01,151.0,close
2026-01-23,2026,0.01,0.015,151.0,close
2026-01-23,2026,0.01,0.0,151.0,close
2026-01-23,2026,0.015,0.005,151.0,close
2026-01-23,2026,0.015,0.0075,151.0,close
2026-01-23,2026,0.015,0.01,151.0,close
2026-01-23,2026,0.015,0.015,151.0,close
2026-01-23,2026,0.015,0.0,151.0,close
2026-01-23,2026,0.0,0.005,151.0,close
2026-01-23,2026,0.0,0.0075,151.0,close
2026-01-23,2026,0.0,0.01,151.0,close
2026-01-23,2026,0.0,0.015,151.0,close
2026-01-23,2026,0.0,0.0,151.0,close
2026-01-26,2026,0.0075,0.005,-8.0,close
2026-01-26,2026,0.0075,0.0075,-8.0,close
2026-01-26,2026,0.0075,0.01,-8.0,close
2026-01-26,2026,0.0075,0.015,-8.0,close
2026-01-26,2026,0.0075,0.0,-8.0,close
2026-01-26,2026,0.01,0.005,-8.0,close
2026-01-26,2026,0.01,0.0075,-8.0,close
2026-01-26,2026,0.01,0.01,-8.0,close
2026-01-26,2026,0.01,0.015,-8.0,close
2026-01-26,2026,0.01,0.0,-8.0,close
2026-01-26,2026,0.015,0.005,-8.0,close
2026-01-26,2026,0.015,0.0075,-8.0,close
2026-01-26,2026,0.015,0.01,-8.0,close
2026-01-26,2026,0.015,0.015,-8.0,close
2026-01-26,2026,0.015,0.0,-8.0,close
2026-01-26,2026,0.0,0.005,-8.0,close
2026-01-26,2026,0.0,0.0075,-8.0,close
2026-01-26,2026,0.0,0.01,-8.0,close
2026-01-26,2026,0.0,0.015,-8.0,close
2026-01-26,2026,0.0,0.0,-8.0,close
2026-01-28,2026,0.0075,0.005,-165.645,stop
2026-01-28,2026,0.0075,0.0075,-198.0,close
2026-01-28,2026,0.0075,0.01,-198.0,close
2026-01-28,2026,0.0075,0.015,-198.0,close
2026-01-28,2026,0.0075,0.0,-198.0,close
2026-01-28,2026,0.01,0.005,-165.645,stop
2026-01-28,2026,0.01,0.0075,-198.0,close
2026-01-28,2026,0.01,0.01,-198.0,close
2026-01-28,2026,0.01,0.015,-198.0,close
2026-01-28,2026,0.01,0.0,-198.0,close
2026-01-28,2026,0.015,0.005,-165.645,stop
2026-01-28,2026,0.015,0.0075,-198.0,close
2026-01-28,2026,0.015,0.01,-198.0,close
2026-01-28,2026,0.015,0.015,-198.0,close
2026-01-28,2026,0.015,0.0,-198.0,close
2026-01-28,2026,0.0,0.005,-165.645,stop
2026-01-28,2026,0.0,0.0075,-198.0,close
2026-01-28,2026,0.0,0.01,-198.0,close
2026-01-28,2026,0.0,0.015,-198.0,close
2026-01-28,2026,0.0,0.0,-198.0,close
2026-01-29,2026,0.0075,0.005,2.0,close
2026-01-29,2026,0.0075,0.0075,2.0,close
2026-01-29,2026,0.0075,0.01,2.0,close
2026-01-29,2026,0.0075,0.015,2.0,close
2026-01-29,2026,0.0075,0.0,2.0,close
2026-01-29,2026,0.01,0.005,2.0,close
2026-01-29,2026,0.01,0.0075,2.0,close
2026-01-29,2026,0.01,0.01,2.0,close
2026-01-29,2026,0.01,0.015,2.0,close
2026-01-29,2026,0.01,0.0,2.0,close
2026-01-29,2026,0.015,0.005,2.0,close
2026-01-29,2026,0.015,0.0075,2.0,close
2026-01-29,2026,0.015,0.01,2.0,close
2026-01-29,2026,0.015,0.015,2.0,close
2026-01-29,2026,0.015,0.0,2.0,close
2026-01-29,2026,0.0,0.005,2.0,close
2026-01-29,2026,0.0,0.0075,2.0,close
2026-01-29,2026,0.0,0.01,2.0,close
2026-01-29,2026,0.0,0.015,2.0,close
2026-01-29,2026,0.0,0.0,2.0,close
2026-01-30,2026,0.0075,0.005,-164.255,stop
2026-01-30,2026,0.0075,0.0075,-245.3825,stop
2026-01-30,2026,0.0075,0.01,-326.51,stop
2026-01-30,2026,0.0075,0.015,-201.0,close
2026-01-30,2026,0.0075,0.0,-201.0,close
2026-01-30,2026,0.01,0.005,-164.255,stop
2026-01-30,2026,0.01,0.0075,-245.3825,stop
2026-01-30,2026,0.01,0.01,-326.51,stop
2026-01-30,2026,0.01,0.015,-201.0,close
2026-01-30,2026,0.01,0.0,-201.0,close
2026-01-30,2026,0.015,0.005,-164.255,stop
2026-01-30,2026,0.015,0.0075,-245.3825,stop
2026-01-30,2026,0.015,0.01,-326.51,stop
2026-01-30,2026,0.015,0.015,-201.0,close
2026-01-30,2026,0.015,0.0,-201.0,close
2026-01-30,2026,0.0,0.005,-164.255,stop
2026-01-30,2026,0.0,0.0075,-245.3825,stop
2026-01-30,2026,0.0,0.01,-326.51,stop
2026-01-30,2026,0.0,0.015,-201.0,close
2026-01-30,2026,0.0,0.0,-201.0,close
2026-02-03,2026,0.0075,0.005,-163.785,stop
2026-02-03,2026,0.0075,0.0075,-244.67749999999998,stop
2026-02-03,2026,0.0075,0.01,-325.57,stop
2026-02-03,2026,0.0075,0.015,-93.0,close
2026-02-03,2026,0.0075,0.0,-93.0,close
2026-02-03,2026,0.01,0.005,-163.785,stop
2026-02-03,2026,0.01,0.0075,-244.67749999999998,stop
2026-02-03,2026,0.01,0.01,-325.57,stop
2026-02-03,2026,0.01,0.015,-93.0,close
2026-02-03,2026,0.01,0.0,-93.0,close
2026-02-03,2026,0.015,0.005,-163.785,stop
2026-02-03,2026,0.015,0.0075,-244.67749999999998,stop
2026-02-03,2026,0.015,0.01,-325.57,stop
2026-02-03,2026,0.015,0.015,-93.0,close
2026-02-03,2026,0.015,0.0,-93.0,close
2026-02-03,2026,0.0,0.005,-163.785,stop
2026-02-03,2026,0.0,0.0075,-244.67749999999998,stop
2026-02-03,2026,0.0,0.01,-325.57,stop
2026-02-03,2026,0.0,0.015,-93.0,close
2026-02-03,2026,0.0,0.0,-93.0,close
2026-02-09,2026,0.0075,0.005,-30.0,close
2026-02-09,2026,0.0075,0.0075,-30.0,close
2026-02-09,2026,0.0075,0.01,-30.0,close
2026-02-09,2026,0.0075,0.015,-30.0,close
2026-02-09,2026,0.0075,0.0,-30.0,close
2026-02-09,2026,0.01,0.005,-30.0,close
2026-02-09,2026,0.01,0.0075,-30.0,close
2026-02-09,2026,0.01,0.01,-30.0,close
2026-02-09,2026,0.01,0.015,-30.0,close
2026-02-09,2026,0.01,0.0,-30.0,close
2026-02-09,2026,0.015,0.005,-30.0,close
2026-02-09,2026,0.015,0.0075,-30.0,close
2026-02-09,2026,0.015,0.01,-30.0,close
2026-02-09,2026,0.015,0.015,-30.0,close
2026-02-09,2026,0.015,0.0,-30.0,close
2026-02-09,2026,0.0,0.005,-30.0,close
2026-02-09,2026,0.0,0.0075,-30.0,close
2026-02-09,2026,0.0,0.01,-30.0,close
2026-02-09,2026,0.0,0.015,-30.0,close
2026-02-09,2026,0.0,0.0,-30.0,close
2026-02-10,2026,0.0075,0.005,244.7875,target
2026-02-10,2026,0.0075,0.0075,244.7875,target
2026-02-10,2026,0.0075,0.01,244.7875,target
2026-02-10,2026,0.0075,0.015,244.7875,target
2026-02-10,2026,0.0075,0.0,244.7875,target
2026-02-10,2026,0.01,0.005,327.05,target
2026-02-10,2026,0.01,0.0075,327.05,target
2026-02-10,2026,0.01,0.01,327.05,target
2026-02-10,2026,0.01,0.015,327.05,target
2026-02-10,2026,0.01,0.0,327.05,target
2026-02-10,2026,0.015,0.005,403.0,close
2026-02-10,2026,0.015,0.0075,403.0,close
2026-02-10,2026,0.015,0.01,403.0,close
2026-02-10,2026,0.015,0.015,403.0,close
2026-02-10,2026,0.015,0.0,403.0,close
2026-02-10,2026,0.0,0.005,403.0,close
2026-02-10,2026,0.0,0.0075,403.0,close
2026-02-10,2026,0.0,0.01,403.0,close
2026-02-10,2026,0.0,0.015,403.0,close
2026-02-10,2026,0.0,0.0,403.0,close
2026-02-23,2026,0.0075,0.005,254.3125,target
2026-02-23,2026,0.0075,0.0075,254.3125,target
2026-02-23,2026,0.0075,0.01,254.3125,target
2026-02-23,2026,0.0075,0.015,254.3125,target
2026-02-23,2026,0.0075,0.0,254.3125,target
2026-02-23,2026,0.01,0.005,-172.875,stop
2026-02-23,2026,0.01,0.0075,-258.3125,stop
2026-02-23,2026,0.01,0.01,-213.0,close
2026-02-23,2026,0.01,0.015,-213.0,close
2026-02-23,2026,0.01,0.0,-213.0,close
2026-02-23,2026,0.015,0.005,-172.875,stop
2026-02-23,2026,0.015,0.0075,-258.3125,stop
2026-02-23,2026,0.015,0.01,-213.0,close
2026-02-23,2026,0.015,0.015,-213.0,close
2026-02-23,2026,0.015,0.0,-213.0,close
2026-02-23,2026,0.0,0.005,-172.875,stop
2026-02-23,2026,0.0,0.0075,-258.3125,stop
2026-02-23,2026,0.0,0.01,-213.0,close
2026-02-23,2026,0.0,0.015,-213.0,close
2026-02-23,2026,0.0,0.0,-213.0,close
2026-02-25,2026,0.0075,0.005,-178.25,stop
2026-02-25,2026,0.0075,0.0075,262.375,target
2026-02-25,2026,0.0075,0.01,262.375,target
2026-02-25,2026,0.0075,0.015,262.375,target
2026-02-25,2026,0.0075,0.0,262.375,target
2026-02-25,2026,0.01,0.005,-178.25,stop
2026-02-25,2026,0.01,0.0075,350.5,target
2026-02-25,2026,0.01,0.01,350.5,target
2026-02-25,2026,0.01,0.015,350.5,target
2026-02-25,2026,0.01,0.0,350.5,target
2026-02-25,2026,0.015,0.005,-178.25,stop
2026-02-25,2026,0.015,0.0075,238.0,close
2026-02-25,2026,0.015,0.01,238.0,close
2026-02-25,2026,0.015,0.015,238.0,close
2026-02-25,2026,0.015,0.0,238.0,close
2026-02-25,2026,0.0,0.005,-178.25,stop
2026-02-25,2026,0.0,0.0075,238.0,close
2026-02-25,2026,0.0,0.01,238.0,close
2026-02-25,2026,0.0,0.015,238.0,close
2026-02-25,2026,0.0,0.0,238.0,close
2026-02-26,2026,0.0075,0.005,-179.66,stop
2026-02-26,2026,0.0075,0.0075,70.0,close
2026-02-26,2026,0.0075,0.01,70.0,close
2026-02-26,2026,0.0075,0.015,70.0,close
2026-02-26,2026,0.0075,0.0,70.0,close
2026-02-26,2026,0.01,0.005,-179.66,stop
2026-02-26,2026,0.01,0.0075,70.0,close
2026-02-26,2026,0.01,0.01,70.0,close
2026-02-26,2026,0.01,0.015,70.0,close
2026-02-26,2026,0.01,0.0,70.0,close
2026-02-26,2026,0.015,0.005,-179.66,stop
2026-02-26,2026,0.015,0.0075,70.0,close
2026-02-26,2026,0.015,0.01,70.0,close
2026-02-26,2026,0.015,0.015,70.0,close
2026-02-26,2026,0.015,0.0,70.0,close
2026-02-26,2026,0.0,0.005,-179.66,stop
2026-02-26,2026,0.0,0.0075,70.0,close
2026-02-26,2026,0.0,0.01,70.0,close
2026-02-26,2026,0.0,0.015,70.0,close
2026-02-26,2026,0.0,0.0,70.0,close
2026-03-02,2026,0.0075,0.005,-175.66,stop
2026-03-02,2026,0.0075,0.0075,-262.49,stop
2026-03-02,2026,0.0075,0.01,-349.32,stop
2026-03-02,2026,0.0075,0.015,-522.98,stop
2026-03-02,2026,0.0075,0.0,-506.0,close
2026-03-02,2026,0.01,0.005,-175.66,stop
2026-03-02,2026,0.01,0.0075,-262.49,stop
2026-03-02,2026,0.01,0.01,-349.32,stop
2026-03-02,2026,0.01,0.015,-522.98,stop
2026-03-02,2026,0.01,0.0,-506.0,close
2026-03-02,2026,0.015,0.005,-175.66,stop
2026-03-02,2026,0.015,0.0075,-262.49,stop
2026-03-02,2026,0.015,0.01,-349.32,stop
2026-03-02,2026,0.015,0.015,-522.98,stop
2026-03-02,2026,0.015,0.0,-506.0,close
2026-03-02,2026,0.0,0.005,-175.66,stop
2026-03-02,2026,0.0,0.0075,-262.49,stop
2026-03-02,2026,0.0,0.01,-349.32,stop
2026-03-02,2026,0.0,0.015,-522.98,stop
2026-03-02,2026,0.0,0.0,-506.0,close
2026-03-03,2026,0.0075,0.005,260.53749999999997,target
2026-03-03,2026,0.0075,0.0075,260.53749999999997,target
2026-03-03,2026,0.0075,0.01,260.53749999999997,target
2026-03-03,2026,0.0075,0.015,260.53749999999997,target
2026-03-03,2026,0.0075,0.0,260.53749999999997,target
2026-03-03,2026,0.01,0.005,-177.025,stop
2026-03-03,2026,0.01,0.0075,-264.53749999999997,stop
2026-03-03,2026,0.01,0.01,-352.05,stop
2026-03-03,2026,0.01,0.015,-527.0749999999999,stop
2026-03-03,2026,0.01,0.0,-676.0,close
2026-03-03,2026,0.015,0.005,-177.025,stop
2026-03-03,2026,0.015,0.0075,-264.53749999999997,stop
2026-03-03,2026,0.015,0.01,-352.05,stop
2026-03-03,2026,0.015,0.015,-527.0749999999999,stop
2026-03-03,2026,0.015,0.0,-676.0,close
2026-03-03,2026,0.0,0.005,-177.025,stop
2026-03-03,2026,0.0,0.0075,-264.53749999999997,stop
2026-03-03,2026,0.0,0.01,-352.05,stop
2026-03-03,2026,0.0,0.015,-527.0749999999999,stop
2026-03-03,2026,0.0,0.0,-676.0,close
2026-03-05,2026,0.0075,0.005,252.25,target
2026-03-05,2026,0.0075,0.0075,252.25,target
2026-03-05,2026,0.0075,0.01,252.25,target
2026-03-05,2026,0.0075,0.015,252.25,target
2026-03-05,2026,0.0075,0.0,252.25,target
2026-03-05,2026,0.01,0.005,337.0,target
2026-03-05,2026,0.01,0.0075,337.0,target
2026-03-05,2026,0.01,0.01,337.0,target
2026-03-05,2026,0.01,0.015,337.0,target
2026-03-05,2026,0.01,0.0,337.0,target
2026-03-05,2026,0.015,0.005,-171.5,stop
2026-03-05,2026,0.015,0.0075,-256.25,stop
2026-03-05,2026,0.015,0.01,-341.0,stop
2026-03-05,2026,0.015,0.015,-261.0,close
2026-03-05,2026,0.015,0.0,-261.0,close
2026-03-05,2026,0.0,0.005,-171.5,stop
2026-03-05,2026,0.0,0.0075,-256.25,stop
2026-03-05,2026,0.0,0.01,-341.0,stop
2026-03-05,2026,0.0,0.015,-261.0,close
2026-03-05,2026,0.0,0.0,-261.0,close
2026-03-06,2026,0.0075,0.005,-168.82,stop
2026-03-06,2026,0.0075,0.0075,-252.23,stop
2026-03-06,2026,0.0075,0.01,-335.64,stop
2026-03-06,2026,0.0075,0.015,-502.46,stop
2026-03-06,2026,0.0075,0.0,-343.0,close
2026-03-06,2026,0.01,0.005,-168.82,stop
2026-03-06,2026,0.01,0.0075,-252.23,stop
2026-03-06,2026,0.01,0.01,-335.64,stop
2026-03-06,2026,0.01,0.015,-502.46,stop
2026-03-06,2026,0.01,0.0,-343.0,close
2026-03-06,2026,0.015,0.005,-168.82,stop
2026-03-06,2026,0.015,0.0075,-252.23,stop
2026-03-06,2026,0.015,0.01,-335.64,stop
2026-03-06,2026,0.015,0.015,-502.46,stop
2026-03-06,2026,0.015,0.0,-343.0,close
2026-03-06,2026,0.0,0.005,-168.82,stop
2026-03-06,2026,0.0,0.0075,-252.23,stop
2026-03-06,2026,0.0,0.01,-335.64,stop
2026-03-06,2026,0.0,0.015,-502.46,stop
2026-03-06,2026,0.0,0.0,-343.0,close
2026-03-10,2026,0.0075,0.005,247.14249999999998,target
2026-03-10,2026,0.0075,0.0075,247.14249999999998,target
2026-03-10,2026,0.0075,0.01,247.14249999999998,target
2026-03-10,2026,0.0075,0.015,247.14249999999998,target
2026-03-10,2026,0.0075,0.0,247.14249999999998,target
2026-03-10,2026,0.01,0.005,330.19,target
2026-03-10,2026,0.01,0.0075,330.19,target
2026-03-10,2026,0.01,0.01,330.19,target
2026-03-10,2026,0.01,0.015,330.19,target
2026-03-10,2026,0.01,0.0,330.19,target
2026-03-10,2026,0.015,0.005,496.28499999999997,target
2026-03-10,2026,0.015,0.0075,496.28499999999997,target
2026-03-10,2026,0.015,0.01,496.28499999999997,target
2026-03-10,2026,0.015,0.015,496.28499999999997,target
2026-03-10,2026,0.015,0.0,496.28499999999997,target
2026-03-10,2026,0.0,0.005,514.0,close
2026-03-10,2026,0.0,0.0075,514.0,close
2026-03-10,2026,0.0,0.01,514.0,close
2026-03-10,2026,0.0,0.015,514.0,close
2026-03-10,2026,0.0,0.0,514.0,close
2026-03-11,2026,0.0075,0.005,247.9675,target
2026-03-11,2026,0.0075,0.0075,247.9675,target
2026-03-11,2026,0.0075,0.01,247.9675,target
2026-03-11,2026,0.0075,0.015,247.9675,target
2026-03-11,2026,0.0075,0.0,247.9675,target
2026-03-11,2026,0.01,0.005,331.29,target
2026-03-11,2026,0.01,0.0075,331.29,target
2026-03-11,2026,0.01,0.01,331.29,target
2026-03-11,2026,0.01,0.015,331.29,target
2026-03-11,2026,0.01,0.0,331.29,target
2026-03-11,2026,0.015,0.005,497.935,target
2026-03-11,2026,0.015,0.0075,497.935,target
2026-03-11,2026,0.015,0.01,497.935,target
2026-03-11,2026,0.015,0.015,497.935,target
2026-03-11,2026,0.015,0.0,497.935,target
2026-03-11,2026,0.0,0.005,656.0,close
2026-03-11,2026,0.0,0.0075,656.0,close
2026-03-11,2026,0.0,0.01,656.0,close
2026-03-11,2026,0.0,0.015,656.0,close
2026-03-11,2026,0.0,0.0,656.0,close
2026-03-12,2026,0.0075,0.005,-170.34,stop
2026-03-12,2026,0.0075,0.0075,250.51,target
2026-03-12,2026,0.0075,0.01,250.51,target
2026-03-12,2026,0.0075,0.015,250.51,target
2026-03-12,2026,0.0075,0.0,250.51,target
2026-03-12,2026,0.01,0.005,-170.34,stop
2026-03-12,2026,0.01,0.0075,-254.51,stop
2026-03-12,2026,0.01,0.01,-338.68,stop
2026-03-12,2026,0.01,0.015,-146.0,close
2026-03-12,2026,0.01,0.0,-146.0,close
2026-03-12,2026,0.015,0.005,-170.34,stop
2026-03-12,2026,0.015,0.0075,-254.51,stop
2026-03-12,2026,0.015,0.01,-338.68,stop
2026-03-12,2026,0.015,0.015,-146.0,close
2026-03-12,2026,0.015,0.0,-146.0,close
2026-03-12,2026,0.0,0.005,-170.34,stop
2026-03-12,2026,0.0,0.0075,-254.51,stop
2026-03-12,2026,0.0,0.01,-338.68,stop
2026-03-12,2026,0.0,0.015,-146.0,close
2026-03-12,2026,0.0,0.0,-146.0,close
2026-03-16,2026,0.0075,0.005,248.5975,target
2026-03-16,2026,0.0075,0.0075,248.5975,target
2026-03-16,2026,0.0075,0.01,248.5975,target
2026-03-16,2026,0.0075,0.015,248.5975,target
2026-03-16,2026,0.0075,0.0,248.5975,target
2026-03-16,2026,0.01,0.005,-169.065,stop
2026-03-16,2026,0.01,0.0075,-252.5975,stop
2026-03-16,2026,0.01,0.01,-336.13,stop
2026-03-16,2026,0.01,0.015,-162.0,close
2026-03-16,2026,0.01,0.0,-162.0,close
2026-03-16,2026,0.015,0.005,-169.065,stop
2026-03-16,2026,0.015,0.0075,-252.5975,stop
2026-03-16,2026,0.015,0.01,-336.13,stop
2026-03-16,2026,0.015,0.015,-162.0,close
2026-03-16,2026,0.015,0.0,-162.0,close
2026-03-16,2026,0.0,0.005,-169.065,stop
2026-03-16,2026,0.0,0.0075,-252.5975,stop
2026-03-16,2026,0.0,0.01,-336.13,stop
2026-03-16,2026,0.0,0.015,-162.0,close
2026-03-16,2026,0.0,0.0,-162.0,close
2026-03-17,2026,0.0075,0.005,250.195,target
2026-03-17,2026,0.0075,0.0075,250.195,target
2026-03-17,2026,0.0075,0.01,250.195,target
2026-03-17,2026,0.0075,0.015,250.195,target
2026-03-17,2026,0.0075,0.0,250.195,target
2026-03-17,2026,0.01,0.005,334.26,target
2026-03-17,2026,0.01,0.0075,334.26,target
2026-03-17,2026,0.01,0.01,334.26,target
2026-03-17,2026,0.01,0.015,334.26,target
2026-03-17,2026,0.01,0.0,334.26,target
2026-03-17,2026,0.015,0.005,175.0,close
2026-03-17,2026,0.015,0.0075,175.0,close
2026-03-17,2026,0.015,0.01,175.0,close
2026-03-17,2026,0.015,0.015,175.0,close
2026-03-17,2026,0.015,0.0,175.0,close
2026-03-17,2026,0.0,0.005,175.0,close
2026-03-17,2026,0.0,0.0075,175.0,close
2026-03-17,2026,0.0,0.01,175.0,close
2026-03-17,2026,0.0,0.015,175.0,close
2026-03-17,2026,0.0,0.0,175.0,close
2026-03-18,2026,0.0075,0.005,209.0,close
2026-03-18,2026,0.0075,0.0075,209.0,close
2026-03-18,2026,0.0075,0.01,209.0,close
2026-03-18,2026,0.0075,0.015,209.0,close
2026-03-18,2026,0.0075,0.0,209.0,close
2026-03-18,2026,0.01,0.005,209.0,close
2026-03-18,2026,0.01,0.0075,209.0,close
2026-03-18,2026,0.01,0.01,209.0,close
2026-03-18,2026,0.01,0.015,209.0,close
2026-03-18,2026,0.01,0.0,209.0,close
2026-03-18,2026,0.015,0.005,209.0,close
2026-03-18,2026,0.015,0.0075,209.0,close
2026-03-18,2026,0.015,0.01,209.0,close
2026-03-18,2026,0.015,0.015,209.0,close
2026-03-18,2026,0.015,0.0,209.0,close
2026-03-18,2026,0.0,0.005,209.0,close
2026-03-18,2026,0.0,0.0075,209.0,close
2026-03-18,2026,0.0,0.01,209.0,close
2026-03-18,2026,0.0,0.015,209.0,close
2026-03-18,2026,0.0,0.0,209.0,close
2026-03-20,2026,0.0075,0.005,-170.97,stop
2026-03-20,2026,0.0075,0.0075,-255.45499999999998,stop
2026-03-20,2026,0.0075,0.01,-339.94,stop
2026-03-20,2026,0.0075,0.015,-225.0,close
2026-03-20,2026,0.0075,0.0,-225.0,close
2026-03-20,2026,0.01,0.005,-170.97,stop
2026-03-20,2026,0.01,0.0075,-255.45499999999998,stop
2026-03-20,2026,0.01,0.01,-339.94,stop
2026-03-20,2026,0.01,0.015,-225.0,close
2026-03-20,2026,0.01,0.0,-225.0,close
2026-03-20,2026,0.015,0.005,-170.97,stop
2026-03-20,2026,0.015,0.0075,-255.45499999999998,stop
2026-03-20,2026,0.015,0.01,-339.94,stop
2026-03-20,2026,0.015,0.015,-225.0,close
2026-03-20,2026,0.015,0.0,-225.0,close
2026-03-20,2026,0.0,0.005,-170.97,stop
2026-03-20,2026,0.0,0.0075,-255.45499999999998,stop
2026-03-20,2026,0.0,0.01,-339.94,stop
2026-03-20,2026,0.0,0.015,-225.0,close
2026-03-20,2026,0.0,0.0,-225.0,close
2026-03-24,2026,0.0075,0.005,-168.5,stop
2026-03-24,2026,0.0075,0.0075,-251.75,stop
2026-03-24,2026,0.0075,0.01,-335.0,stop
2026-03-24,2026,0.0075,0.015,-501.5,stop
2026-03-24,2026,0.0075,0.0,-520.0,close
2026-03-24,2026,0.01,0.005,-168.5,stop
2026-03-24,2026,0.01,0.0075,-251.75,stop
2026-03-24,2026,0.01,0.01,-335.0,stop
2026-03-24,2026,0.01,0.015,-501.5,stop
2026-03-24,2026,0.01,0.0,-520.0,close
2026-03-24,2026,0.015,0.005,-168.5,stop
2026-03-24,2026,0.015,0.0075,-251.75,stop
2026-03-24,2026,0.015,0.01,-335.0,stop
2026-03-24,2026,0.015,0.015,-501.5,stop
2026-03-24,2026,0.015,0.0,-520.0,close
2026-03-24,2026,0.0,0.005,-168.5,stop
2026-03-24,2026,0.0,0.0075,-251.75,stop
2026-03-24,2026,0.0,0.01,-335.0,stop
2026-03-24,2026,0.0,0.015,-501.5,stop
2026-03-24,2026,0.0,0.0,-520.0,close
2026-03-25,2026,0.0075,0.005,-170.95000000000002,stop
2026-03-25,2026,0.0075,0.0075,-255.42499999999998,stop
2026-03-25,2026,0.0075,0.01,-339.90000000000003,stop
2026-03-25,2026,0.0075,0.015,-163.0,close
2026-03-25,2026,0.0075,0.0,-163.0,close
2026-03-25,2026,0.01,0.005,-170.95000000000002,stop
2026-03-25,2026,0.01,0.0075,-255.42499999999998,stop
2026-03-25,2026,0.01,0.01,-339.90000000000003,stop
2026-03-25,2026,0.01,0.015,-163.0,close
2026-03-25,2026,0.01,0.0,-163.0,close
2026-03-25,2026,0.015,0.005,-170.95000000000002,stop
2026-03-25,2026,0.015,0.0075,-255.42499999999998,stop
2026-03-25,2026,0.015,0.01,-339.90000000000003,stop
2026-03-25,2026,0.015,0.015,-163.0,close
2026-03-25,2026,0.015,0.0,-163.0,close
2026-03-25,2026,0.0,0.005,-170.95000000000002,stop
2026-03-25,2026,0.0,0.0075,-255.42499999999998,stop
2026-03-25,2026,0.0,0.01,-339.90000000000003,stop
2026-03-25,2026,0.0,0.015,-163.0,close
2026-03-25,2026,0.0,0.0,-163.0,close
2026-03-26,2026,0.0075,0.005,-171.225,stop
2026-03-26,2026,0.0075,0.0075,-255.83749999999998,stop
2026-03-26,2026,0.0075,0.01,-340.45,stop
2026-03-26,2026,0.0075,0.015,-407.0,close
2026-03-26,2026,0.0075,0.0,-407.0,close
2026-03-26,2026,0.01,0.005,-171.225,stop
2026-03-26,2026,0.01,0.0075,-255.83749999999998,stop
2026-03-26,2026,0.01,0.01,-340.45,stop
2026-03-26,2026,0.01,0.015,-407.0,close
2026-03-26,2026,0.01,0.0,-407.0,close
2026-03-26,2026,0.015,0.005,-171.225,stop
2026-03-26,2026,0.015,0.0075,-255.83749999999998,stop
2026-03-26,2026,0.015,0.01,-340.45,stop
2026-03-26,2026,0.015,0.015,-407.0,close
2026-03-26,2026,0.015,0.0,-407.0,close
2026-03-26,2026,0.0,0.005,-171.225,stop
2026-03-26,2026,0.0,0.0075,-255.83749999999998,stop
2026-03-26,2026,0.0,0.01,-340.45,stop
2026-03-26,2026,0.0,0.015,-407.0,close
2026-03-26,2026,0.0,0.0,-407.0,close
2026-03-30,2026,0.0075,0.005,-162.15,stop
2026-03-30,2026,0.0075,0.0075,-242.225,stop
2026-03-30,2026,0.0075,0.01,-322.3,stop
2026-03-30,2026,0.0075,0.015,-482.45,stop
2026-03-30,2026,0.0075,0.0,-451.0,close
2026-03-30,2026,0.01,0.005,-162.15,stop
2026-03-30,2026,0.01,0.0075,-242.225,stop
2026-03-30,2026,0.01,0.01,-322.3,stop
2026-03-30,2026,0.01,0.015,-482.45,stop
2026-03-30,2026,0.01,0.0,-451.0,close
2026-03-30,2026,0.015,0.005,-162.15,stop
2026-03-30,2026,0.015,0.0075,-242.225,stop
2026-03-30,2026,0.015,0.01,-322.3,stop
2026-03-30,2026,0.015,0.015,-482.45,stop
2026-03-30,2026,0.015,0.0,-451.0,close
2026-03-30,2026,0.0,0.005,-162.15,stop
2026-03-30,2026,0.0,0.0075,-242.225,stop
2026-03-30,2026,0.0,0.01,-322.3,stop
2026-03-30,2026,0.0,0.015,-482.45,stop
2026-03-30,2026,0.0,0.0,-451.0,close
2026-04-01,2026,0.0075,0.005,-168.05,stop
2026-04-01,2026,0.0075,0.0075,-191.0,close
2026-04-01,2026,0.0075,0.01,-191.0,close
2026-04-01,2026,0.0075,0.015,-191.0,close
2026-04-01,2026,0.0075,0.0,-191.0,close
2026-04-01,2026,0.01,0.005,-168.05,stop
2026-04-01,2026,0.01,0.0075,-191.0,close
2026-04-01,2026,0.01,0.01,-191.0,close
2026-04-01,2026,0.01,0.015,-191.0,close
2026-04-01,2026,0.01,0.0,-191.0,close
2026-04-01,2026,0.015,0.005,-168.05,stop
2026-04-01,2026,0.015,0.0075,-191.0,close
2026-04-01,2026,0.015,0.01,-191.0,close
2026-04-01,2026,0.015,0.015,-191.0,close
2026-04-01,2026,0.015,0.0,-191.0,close
2026-04-01,2026,0.0,0.005,-168.05,stop
2026-04-01,2026,0.0,0.0075,-191.0,close
2026-04-01,2026,0.0,0.01,-191.0,close
2026-04-01,2026,0.0,0.015,-191.0,close
2026-04-01,2026,0.0,0.0,-191.0,close
2026-04-02,2026,0.0075,0.005,244.9675,target
2026-04-02,2026,0.0075,0.0075,244.9675,target
2026-04-02,2026,0.0075,0.01,244.9675,target
2026-04-02,2026,0.0075,0.015,244.9675,target
2026-04-02,2026,0.0075,0.0,244.9675,target
2026-04-02,2026,0.01,0.005,327.29,target
2026-04-02,2026,0.01,0.0075,327.29,target
2026-04-02,2026,0.01,0.01,327.29,target
2026-04-02,2026,0.01,0.015,327.29,target
2026-04-02,2026,0.01,0.0,327.29,target
2026-04-02,2026,0.015,0.005,430.0,close
2026-04-02,2026,0.015,0.0075,430.0,close
2026-04-02,2026,0.015,0.01,430.0,close
2026-04-02,2026,0.015,0.015,430.0,close
2026-04-02,2026,0.015,0.0,430.0,close
2026-04-02,2026,0.0,0.005,430.0,close
2026-04-02,2026,0.0,0.0075,430.0,close
2026-04-02,2026,0.0,0.01,430.0,close
2026-04-02,2026,0.0,0.015,430.0,close
2026-04-02,2026,0.0,0.0,430.0,close
2026-04-07,2026,0.0075,0.005,-167.87,stop
2026-04-07,2026,0.0075,0.0075,6.0,close
2026-04-07,2026,0.0075,0.01,6.0,close
2026-04-07,2026,0.0075,0.015,6.0,close
2026-04-07,2026,0.0075,0.0,6.0,close
2026-04-07,2026,0.01,0.005,-167.87,stop
2026-04-07,2026,0.01,0.0075,6.0,close
2026-04-07,2026,0.01,0.01,6.0,close
2026-04-07,2026,0.01,0.015,6.0,close
2026-04-07,2026,0.01,0.0,6.0,close
2026-04-07,2026,0.015,0.005,-167.87,stop
2026-04-07,2026,0.015,0.0075,6.0,close
2026-04-07,2026,0.015,0.01,6.0,close
2026-04-07,2026,0.015,0.015,6.0,close
2026-04-07,2026,0.015,0.0,6.0,close
2026-04-07,2026,0.0,0.005,-167.87,stop
2026-04-07,2026,0.0,0.0075,6.0,close
2026-04-07,2026,0.0,0.01,6.0,close
2026-04-07,2026,0.0,0.015,6.0,close
2026-04-07,2026,0.0,0.0,6.0,close
2026-04-08,2026,0.0075,0.005,-175.32,stop
2026-04-08,2026,0.0075,0.0075,257.98,target
2026-04-08,2026,0.0075,0.01,257.98,target
2026-04-08,2026,0.0075,0.015,257.98,target
2026-04-08,2026,0.0075,0.0,257.98,target
2026-04-08,2026,0.01,0.005,-175.32,stop
2026-04-08,2026,0.01,0.0075,344.64,target
2026-04-08,2026,0.01,0.01,344.64,target
2026-04-08,2026,0.01,0.015,344.64,target
2026-04-08,2026,0.01,0.0,344.64,target
2026-04-08,2026,0.015,0.005,-175.32,stop
2026-04-08,2026,0.015,0.0075,330.0,close
2026-04-08,2026,0.015,0.01,330.0,close
2026-04-08,2026,0.015,0.015,330.0,close
2026-04-08,2026,0.015,0.0,330.0,close
2026-04-08,2026,0.0,0.005,-175.32,stop
2026-04-08,2026,0.0,0.0075,330.0,close
2026-04-08,2026,0.0,0.01,330.0,close
2026-04-08,2026,0.0,0.015,330.0,close
2026-04-08,2026,0.0,0.0,330.0,close
2026-04-09,2026,0.0075,0.005,1.0,close
2026-04-09,2026,0.0075,0.0075,1.0,close
2026-04-09,2026,0.0075,0.01,1.0,close
2026-04-09,2026,0.0075,0.015,1.0,close
2026-04-09,2026,0.0075,0.0,1.0,close
2026-04-09,2026,0.01,0.005,1.0,close
2026-04-09,2026,0.01,0.0075,1.0,close
2026-04-09,2026,0.01,0.01,1.0,close
2026-04-09,2026,0.01,0.015,1.0,close
2026-04-09,2026,0.01,0.0,1.0,close
2026-04-09,2026,0.015,0.005,1.0,close
2026-04-09,2026,0.015,0.0075,1.0,close
2026-04-09,2026,0.015,0.01,1.0,close
2026-04-09,2026,0.015,0.015,1.0,close
2026-04-09,2026,0.015,0.0,1.0,close
2026-04-09,2026,0.0,0.005,1.0,close
2026-04-09,2026,0.0,0.0075,1.0,close
2026-04-09,2026,0.0,0.01,1.0,close
2026-04-09,2026,0.0,0.015,1.0,close
2026-04-09,2026,0.0,0.0,1.0,close
2026-04-10,2026,0.0075,0.005,-111.0,close
2026-04-10,2026,0.0075,0.0075,-111.0,close
2026-04-10,2026,0.0075,0.01,-111.0,close
2026-04-10,2026,0.0075,0.015,-111.0,close
2026-04-10,2026,0.0075,0.0,-111.0,close
2026-04-10,2026,0.01,0.005,-111.0,close
2026-04-10,2026,0.01,0.0075,-111.0,close
2026-04-10,2026,0.01,0.01,-111.0,close
2026-04-10,2026,0.01,0.015,-111.0,close
2026-04-10,2026,0.01,0.0,-111.0,close
2026-04-10,2026,0.015,0.005,-111.0,close
2026-04-10,2026,0.015,0.0075,-111.0,close
2026-04-10,2026,0.015,0.01,-111.0,close
2026-04-10,2026,0.015,0.015,-111.0,close
2026-04-10,2026,0.015,0.0,-111.0,close
2026-04-10,2026,0.0,0.005,-111.0,close
2026-04-10,2026,0.0,0.0075,-111.0,close
2026-04-10,2026,0.0,0.01,-111.0,close
2026-04-10,2026,0.0,0.015,-111.0,close
2026-04-10,2026,0.0,0.0,-111.0,close
2026-04-13,2026,0.0075,0.005,138.0,close
2026-04-13,2026,0.0075,0.0075,138.0,close
2026-04-13,2026,0.0075,0.01,138.0,close
2026-04-13,2026,0.0075,0.015,138.0,close
2026-04-13,2026,0.0075,0.0,138.0,close
2026-04-13,2026,0.01,0.005,138.0,close
2026-04-13,2026,0.01,0.0075,138.0,close
2026-04-13,2026,0.01,0.01,138.0,close
2026-04-13,2026,0.01,0.015,138.0,close
2026-04-13,2026,0.01,0.0,138.0,close
2026-04-13,2026,0.015,0.005,138.0,close
2026-04-13,2026,0.015,0.0075,138.0,close
2026-04-13,2026,0.015,0.01,138.0,close
2026-04-13,2026,0.015,0.015,138.0,close
2026-04-13,2026,0.015,0.0,138.0,close
2026-04-13,2026,0.0,0.005,138.0,close
2026-04-13,2026,0.0,0.0075,138.0,close
2026-04-13,2026,0.0,0.01,138.0,close
2026-04-13,2026,0.0,0.015,138.0,close
2026-04-13,2026,0.0,0.0,138.0,close
2026-04-14,2026,0.0075,0.005,268.51,target
2026-04-14,2026,0.0075,0.0075,268.51,target
2026-04-14,2026,0.0075,0.01,268.51,target
2026-04-14,2026,0.0075,0.015,268.51,target
2026-04-14,2026,0.0075,0.0,268.51,target
2026-04-14,2026,0.01,0.005,358.68,target
2026-04-14,2026,0.01,0.0075,358.68,target
2026-04-14,2026,0.01,0.01,358.68,target
2026-04-14,2026,0.01,0.015,358.68,target
2026-04-14,2026,0.01,0.0,358.68,target
2026-04-14,2026,0.015,0.005,292.0,close
2026-04-14,2026,0.015,0.0075,292.0,close
2026-04-14,2026,0.015,0.01,292.0,close
2026-04-14,2026,0.015,0.015,292.0,close
2026-04-14,2026,0.015,0.0,292.0,close
2026-04-14,2026,0.0,0.005,292.0,close
2026-04-14,2026,0.0,0.0075,292.0,close
2026-04-14,2026,0.0,0.01,292.0,close
2026-04-14,2026,0.0,0.015,292.0,close
2026-04-14,2026,0.0,0.0,292.0,close
2026-04-15,2026,0.0075,0.005,278.005,target
2026-04-15,2026,0.0075,0.0075,278.005,target
2026-04-15,2026,0.0075,0.01,278.005,target
2026-04-15,2026,0.0075,0.015,278.005,target
2026-04-15,2026,0.0075,0.0,278.005,target
2026-04-15,2026,0.01,0.005,371.34000000000003,target
2026-04-15,2026,0.01,0.0075,371.34000000000003,target
2026-04-15,2026,0.01,0.01,371.34000000000003,target
2026-04-15,2026,0.01,0.015,371.34000000000003,target
2026-04-15,2026,0.01,0.0,371.34000000000003,target
2026-04-15,2026,0.015,0.005,364.0,close
2026-04-15,2026,0.015,0.0075,364.0,close
2026-04-15,2026,0.015,0.01,364.0,close
2026-04-15,2026,0.015,0.015,364.0,close
2026-04-15,2026,0.015,0.0,364.0,close
2026-04-15,2026,0.0,0.005,364.0,close
2026-04-15,2026,0.0,0.0075,364.0,close
2026-04-15,2026,0.0,0.01,364.0,close
2026-04-15,2026,0.0,0.015,364.0,close
2026-04-15,2026,0.0,0.0,364.0,close
2026-04-16,2026,0.0075,0.005,-188.53,stop
2026-04-16,2026,0.0075,0.0075,277.795,target
2026-04-16,2026,0.0075,0.01,277.795,target
2026-04-16,2026,0.0075,0.015,277.795,target
2026-04-16,2026,0.0075,0.0,277.795,target
2026-04-16,2026,0.01,0.005,-188.53,stop
2026-04-16,2026,0.01,0.0075,335.0,close
2026-04-16,2026,0.01,0.01,335.0,close
2026-04-16,2026,0.01,0.015,335.0,close
2026-04-16,2026,0.01,0.0,335.0,close
2026-04-16,2026,0.015,0.005,-188.53,stop
2026-04-16,2026,0.015,0.0075,335.0,close
2026-04-16,2026,0.015,0.01,335.0,close
2026-04-16,2026,0.015,0.015,335.0,close
2026-04-16,2026,0.015,0.0,335.0,close
2026-04-16,2026,0.0,0.005,-188.53,stop
2026-04-16,2026,0.0,0.0075,335.0,close
2026-04-16,2026,0.0,0.01,335.0,close
2026-04-16,2026,0.0,0.015,335.0,close
2026-04-16,2026,0.0,0.0,335.0,close
2026-04-17,2026,0.0075,0.005,-69.0,close
2026-04-17,2026,0.0075,0.0075,-69.0,close
2026-04-17,2026,0.0075,0.01,-69.0,close
2026-04-17,2026,0.0075,0.015,-69.0,close
2026-04-17,2026,0.0075,0.0,-69.0,close
2026-04-17,2026,0.01,0.005,-69.0,close
2026-04-17,2026,0.01,0.0075,-69.0,close
2026-04-17,2026,0.01,0.01,-69.0,close
2026-04-17,2026,0.01,0.015,-69.0,close
2026-04-17,2026,0.01,0.0,-69.0,close
2026-04-17,2026,0.015,0.005,-69.0,close
2026-04-17,2026,0.015,0.0075,-69.0,close
2026-04-17,2026,0.015,0.01,-69.0,close
2026-04-17,2026,0.015,0.015,-69.0,close
2026-04-17,2026,0.015,0.0,-69.0,close
2026-04-17,2026,0.0,0.005,-69.0,close
2026-04-17,2026,0.0,0.0075,-69.0,close
2026-04-17,2026,0.0,0.01,-69.0,close
2026-04-17,2026,0.0,0.015,-69.0,close
2026-04-17,2026,0.0,0.0,-69.0,close
2026-04-20,2026,0.0075,0.005,280.255,target
2026-04-20,2026,0.0075,0.0075,280.255,target
2026-04-20,2026,0.0075,0.01,280.255,target
2026-04-20,2026,0.0075,0.015,280.255,target
2026-04-20,2026,0.0075,0.0,280.255,target
2026-04-20,2026,0.01,0.005,374.34000000000003,target
2026-04-20,2026,0.01,0.0075,374.34000000000003,target
2026-04-20,2026,0.01,0.01,374.34000000000003,target
2026-04-20,2026,0.01,0.015,374.34000000000003,target
2026-04-20,2026,0.01,0.0,374.34000000000003,target
2026-04-20,2026,0.015,0.005,381.0,close
2026-04-20,2026,0.015,0.0075,381.0,close
2026-04-20,2026,0.015,0.01,381.0,close
2026-04-20,2026,0.015,0.015,381.0,close
2026-04-20,2026,0.015,0.0,381.0,close
2026-04-20,2026,0.0,0.005,381.0,close
2026-04-20,2026,0.0,0.0075,381.0,close
2026-04-20,2026,0.0,0.01,381.0,close
2026-04-20,2026,0.0,0.015,381.0,close
2026-04-20,2026,0.0,0.0,381.0,close
2026-04-21,2026,0.0075,0.005,280.825,target
2026-04-21,2026,0.0075,0.0075,280.825,target
2026-04-21,2026,0.0075,0.01,280.825,target
2026-04-21,2026,0.0075,0.015,280.825,target
2026-04-21,2026,0.0075,0.0,280.825,target
2026-04-21,2026,0.01,0.005,375.1,target
2026-04-21,2026,0.01,0.0075,375.1,target
2026-04-21,2026,0.01,0.01,375.1,target
2026-04-21,2026,0.01,0.015,375.1,target
2026-04-21,2026,0.01,0.0,375.1,target
2026-04-21,2026,0.015,0.005,335.0,close
2026-04-21,2026,0.015,0.0075,335.0,close
2026-04-21,2026,0.015,0.01,335.0,close
2026-04-21,2026,0.015,0.015,335.0,close
2026-04-21,2026,0.015,0.0,335.0,close
2026-04-21,2026,0.0,0.005,335.0,close
2026-04-21,2026,0.0,0.0075,335.0,close
2026-04-21,2026,0.0,0.01,335.0,close
2026-04-21,2026,0.0,0.015,335.0,close
2026-04-21,2026,0.0,0.0,335.0,close
2026-04-22,2026,0.0075,0.005,-192.65,stop
2026-04-22,2026,0.0075,0.0075,81.0,close
2026-04-22,2026,0.0075,0.01,81.0,close
2026-04-22,2026,0.0075,0.015,81.0,close
2026-04-22,2026,0.0075,0.0,81.0,close
2026-04-22,2026,0.01,0.005,-192.65,stop
2026-04-22,2026,0.01,0.0075,81.0,close
2026-04-22,2026,0.01,0.01,81.0,close
2026-04-22,2026,0.01,0.015,81.0,close
2026-04-22,2026,0.01,0.0,81.0,close
2026-04-22,2026,0.015,0.005,-192.65,stop
2026-04-22,2026,0.015,0.0075,81.0,close
2026-04-22,2026,0.015,0.01,81.0,close
2026-04-22,2026,0.015,0.015,81.0,close
2026-04-22,2026,0.015,0.0,81.0,close
2026-04-22,2026,0.0,0.005,-192.65,stop
2026-04-22,2026,0.0,0.0075,81.0,close
2026-04-22,2026,0.0,0.01,81.0,close
2026-04-22,2026,0.0,0.015,81.0,close
2026-04-22,2026,0.0,0.0,81.0,close
2026-04-23,2026,0.0075,0.005,286.93,target
2026-04-23,2026,0.0075,0.0075,286.93,target
2026-04-23,2026,0.0075,0.01,286.93,target
2026-04-23,2026,0.0075,0.015,286.93,target
2026-04-23,2026,0.0075,0.0,286.93,target
2026-04-23,2026,0.01,0.005,383.24,target
2026-04-23,2026,0.01,0.0075,383.24,target
2026-04-23,2026,0.01,0.01,383.24,target
2026-04-23,2026,0.01,0.015,383.24,target
2026-04-23,2026,0.01,0.0,383.24,target
2026-04-23,2026,0.015,0.005,575.86,target
2026-04-23,2026,0.015,0.0075,575.86,target
2026-04-23,2026,0.015,0.01,575.86,target
2026-04-23,2026,0.015,0.015,575.86,target
2026-04-23,2026,0.015,0.0,575.86,target
2026-04-23,2026,0.0,0.005,636.0,close
2026-04-23,2026,0.0,0.0075,636.0,close
2026-04-23,2026,0.0,0.01,636.0,close
2026-04-23,2026,0.0,0.015,636.0,close
2026-04-23,2026,0.0,0.0,636.0,close
2026-04-24,2026,0.0075,0.005,285.15999999999997,target
2026-04-24,2026,0.0075,0.0075,285.15999999999997,target
2026-04-24,2026,0.0075,0.01,285.15999999999997,target
2026-04-24,2026,0.0075,0.015,285.15999999999997,target
2026-04-24,2026,0.0075,0.0,285.15999999999997,target
2026-04-24,2026,0.01,0.005,380.88,target
2026-04-24,2026,0.01,0.0075,380.88,target
2026-04-24,2026,0.01,0.01,380.88,target
2026-04-24,2026,0.01,0.015,380.88,target
2026-04-24,2026,0.01,0.0,380.88,target
2026-04-24,2026,0.015,0.005,572.3199999999999,target
2026-04-24,2026,0.015,0.0075,572.3199999999999,target
2026-04-24,2026,0.015,0.01,572.3199999999999,target
2026-04-24,2026,0.015,0.015,572.3199999999999,target
2026-04-24,2026,0.015,0.0,572.3199999999999,target
2026-04-24,2026,0.0,0.005,928.0,close
2026-04-24,2026,0.0,0.0075,928.0,close
2026-04-24,2026,0.0,0.01,928.0,close
2026-04-24,2026,0.0,0.015,928.0,close
2026-04-24,2026,0.0,0.0,928.0,close
2026-04-27,2026,0.0075,0.005,-202.785,stop
2026-04-27,2026,0.0075,0.0075,299.1775,target
2026-04-27,2026,0.0075,0.01,299.1775,target
2026-04-27,2026,0.0075,0.015,299.1775,target
2026-04-27,2026,0.0075,0.0,299.1775,target
2026-04-27,2026,0.01,0.005,-202.785,stop
2026-04-27,2026,0.01,0.0075,270.0,close
2026-04-27,2026,0.01,0.01,270.0,close
2026-04-27,2026,0.01,0.015,270.0,close
2026-04-27,2026,0.01,0.0,270.0,close
2026-04-27,2026,0.015,0.005,-202.785,stop
2026-04-27,2026,0.015,0.0075,270.0,close
2026-04-27,2026,0.015,0.01,270.0,close
2026-04-27,2026,0.015,0.015,270.0,close
2026-04-27,2026,0.015,0.0,270.0,close
2026-04-27,2026,0.0,0.005,-202.785,stop
2026-04-27,2026,0.0,0.0075,270.0,close
2026-04-27,2026,0.0,0.01,270.0,close
2026-04-27,2026,0.0,0.015,270.0,close
2026-04-27,2026,0.0,0.0,270.0,close
2026-04-28,2026,0.0075,0.005,-200.955,stop
2026-04-28,2026,0.0075,0.0075,-300.4325,stop
2026-04-28,2026,0.0075,0.01,-399.91,stop
2026-04-28,2026,0.0075,0.015,50.0,close
2026-04-28,2026,0.0075,0.0,50.0,close
2026-04-28,2026,0.01,0.005,-200.955,stop
2026-04-28,2026,0.01,0.0075,-300.4325,stop
2026-04-28,2026,0.01,0.01,-399.91,stop
2026-04-28,2026,0.01,0.015,50.0,close
2026-04-28,2026,0.01,0.0,50.0,close
2026-04-28,2026,0.015,0.005,-200.955,stop
2026-04-28,2026,0.015,0.0075,-300.4325,stop
2026-04-28,2026,0.015,0.01,-399.91,stop
2026-04-28,2026,0.015,0.015,50.0,close
2026-04-28,2026,0.015,0.0,50.0,close
2026-04-28,2026,0.0,0.005,-200.955,stop
2026-04-28,2026,0.0,0.0075,-300.4325,stop
2026-04-28,2026,0.0,0.01,-399.91,stop
2026-04-28,2026,0.0,0.015,50.0,close
2026-04-28,2026,0.0,0.0,50.0,close
2026-04-30,2026,0.0075,0.005,296.62,target
2026-04-30,2026,0.0075,0.0075,296.62,target
2026-04-30,2026,0.0075,0.01,296.62,target
2026-04-30,2026,0.0075,0.015,296.62,target
2026-04-30,2026,0.0075,0.0,296.62,target
2026-04-30,2026,0.01,0.005,396.16,target
2026-04-30,2026,0.01,0.0075,396.16,target
2026-04-30,2026,0.01,0.01,396.16,target
2026-04-30,2026,0.01,0.015,396.16,target
2026-04-30,2026,0.01,0.0,396.16,target
2026-04-30,2026,0.015,0.005,454.0,close
2026-04-30,2026,0.015,0.0075,454.0,close
2026-04-30,2026,0.015,0.01,454.0,close
2026-04-30,2026,0.015,0.015,454.0,close
2026-04-30,2026,0.015,0.0,454.0,close
2026-04-30,2026,0.0,0.005,454.0,close
2026-04-30,2026,0.0,0.0075,454.0,close
2026-04-30,2026,0.0,0.01,454.0,close
2026-04-30,2026,0.0,0.015,454.0,close
2026-04-30,2026,0.0,0.0,454.0,close
2026-05-04,2026,0.0075,0.005,-204.115,stop
2026-05-04,2026,0.0075,0.0075,301.1725,target
2026-05-04,2026,0.0075,0.01,301.1725,target
2026-05-04,2026,0.0075,0.015,301.1725,target
2026-05-04,2026,0.0075,0.0,301.1725,target
2026-05-04,2026,0.01,0.005,-204.115,stop
2026-05-04,2026,0.01,0.0075,402.23,target
2026-05-04,2026,0.01,0.01,402.23,target
2026-05-04,2026,0.01,0.015,402.23,target
2026-05-04,2026,0.01,0.0,402.23,target
2026-05-04,2026,0.015,0.005,-204.115,stop
2026-05-04,2026,0.015,0.0075,604.345,target
2026-05-04,2026,0.015,0.01,604.345,target
2026-05-04,2026,0.015,0.015,604.345,target
2026-05-04,2026,0.015,0.0,604.345,target
2026-05-04,2026,0.0,0.005,-204.115,stop
2026-05-04,2026,0.0,0.0075,616.0,close
2026-05-04,2026,0.0,0.01,616.0,close
2026-05-04,2026,0.0,0.015,616.0,close
2026-05-04,2026,0.0,0.0,616.0,close
2026-05-06,2026,0.0075,0.005,308.425,target
2026-05-06,2026,0.0075,0.0075,308.425,target
2026-05-06,2026,0.0075,0.01,308.425,target
2026-05-06,2026,0.0075,0.015,308.425,target
2026-05-06,2026,0.0075,0.0,308.425,target
2026-05-06,2026,0.01,0.005,-123.0,close
2026-05-06,2026,0.01,0.0075,-123.0,close
2026-05-06,2026,0.01,0.01,-123.0,close
2026-05-06,2026,0.01,0.015,-123.0,close
2026-05-06,2026,0.01,0.0,-123.0,close
2026-05-06,2026,0.015,0.005,-123.0,close
2026-05-06,2026,0.015,0.0075,-123.0,close
2026-05-06,2026,0.015,0.01,-123.0,close
2026-05-06,2026,0.015,0.015,-123.0,close
2026-05-06,2026,0.015,0.0,-123.0,close
2026-05-06,2026,0.0,0.005,-123.0,close
2026-05-06,2026,0.0,0.0075,-123.0,close
2026-05-06,2026,0.0,0.01,-123.0,close
2026-05-06,2026,0.0,0.015,-123.0,close
2026-05-06,2026,0.0,0.0,-123.0,close
2026-05-07,2026,0.0075,0.005,-14.0,close
2026-05-07,2026,0.0075,0.0075,-14.0,close
2026-05-07,2026,0.0075,0.01,-14.0,close
2026-05-07,2026,0.0075,0.015,-14.0,close
2026-05-07,2026,0.0075,0.0,-14.0,close
2026-05-07,2026,0.01,0.005,-14.0,close
2026-05-07,2026,0.01,0.0075,-14.0,close
2026-05-07,2026,0.01,0.01,-14.0,close
2026-05-07,2026,0.01,0.015,-14.0,close
2026-05-07,2026,0.01,0.0,-14.0,close
2026-05-07,2026,0.015,0.005,-14.0,close
2026-05-07,2026,0.015,0.0075,-14.0,close
2026-05-07,2026,0.015,0.01,-14.0,close
2026-05-07,2026,0.015,0.015,-14.0,close
2026-05-07,2026,0.015,0.0,-14.0,close
2026-05-07,2026,0.0,0.005,-14.0,close
2026-05-07,2026,0.0,0.0075,-14.0,close
2026-05-07,2026,0.0,0.01,-14.0,close
2026-05-07,2026,0.0,0.015,-14.0,close
2026-05-07,2026,0.0,0.0,-14.0,close
2026-05-11,2026,0.0075,0.005,150.0,close
2026-05-11,2026,0.0075,0.0075,150.0,close
2026-05-11,2026,0.0075,0.01,150.0,close
2026-05-11,2026,0.0075,0.015,150.0,close
2026-05-11,2026,0.0075,0.0,150.0,close
2026-05-11,2026,0.01,0.005,150.0,close
2026-05-11,2026,0.01,0.0075,150.0,close
2026-05-11,2026,0.01,0.01,150.0,close
2026-05-11,2026,0.01,0.015,150.0,close
2026-05-11,2026,0.01,0.0,150.0,close
2026-05-11,2026,0.015,0.005,150.0,close
2026-05-11,2026,0.015,0.0075,150.0,close
2026-05-11,2026,0.015,0.01,150.0,close
2026-05-11,2026,0.015,0.015,150.0,close
2026-05-11,2026,0.015,0.0,150.0,close
2026-05-11,2026,0.0,0.005,150.0,close
2026-05-11,2026,0.0,0.0075,150.0,close
2026-05-11,2026,0.0,0.01,150.0,close
2026-05-11,2026,0.0,0.015,150.0,close
2026-05-11,2026,0.0,0.0,150.0,close
2026-05-12,2026,0.0075,0.005,-211.06,stop
2026-05-12,2026,0.0075,0.0075,-315.59,stop
2026-05-12,2026,0.0075,0.01,-420.12,stop
2026-05-12,2026,0.0075,0.015,118.0,close
2026-05-12,2026,0.0075,0.0,118.0,close
2026-05-12,2026,0.01,0.005,-211.06,stop
2026-05-12,2026,0.01,0.0075,-315.59,stop
2026-05-12,2026,0.01,0.01,-420.12,stop
2026-05-12,2026,0.01,0.015,118.0,close
2026-05-12,2026,0.01,0.0,118.0,close
2026-05-12,2026,0.015,0.005,-211.06,stop
2026-05-12,2026,0.015,0.0075,-315.59,stop
2026-05-12,2026,0.015,0.01,-420.12,stop
2026-05-12,2026,0.015,0.015,118.0,close
2026-05-12,2026,0.015,0.0,118.0,close
2026-05-12,2026,0.0,0.005,-211.06,stop
2026-05-12,2026,0.0,0.0075,-315.59,stop
2026-05-12,2026,0.0,0.01,-420.12,stop
2026-05-12,2026,0.0,0.015,118.0,close
2026-05-12,2026,0.0,0.0,118.0,close
2026-05-14,2026,0.0075,0.005,60.0,close
2026-05-14,2026,0.0075,0.0075,60.0,close
2026-05-14,2026,0.0075,0.01,60.0,close
2026-05-14,2026,0.0075,0.015,60.0,close
2026-05-14,2026,0.0075,0.0,60.0,close
2026-05-14,2026,0.01,0.005,60.0,close
2026-05-14,2026,0.01,0.0075,60.0,close
2026-05-14,2026,0.01,0.01,60.0,close
2026-05-14,2026,0.01,0.015,60.0,close
2026-05-14,2026,0.01,0.0,60.0,close
2026-05-14,2026,0.015,0.005,60.0,close
2026-05-14,2026,0.015,0.0075,60.0,close
2026-05-14,2026,0.015,0.01,60.0,close
2026-05-14,2026,0.015,0.015,60.0,close
2026-05-14,2026,0.015,0.0,60.0,close
2026-05-14,2026,0.0,0.005,60.0,close
2026-05-14,2026,0.0,0.0075,60.0,close
2026-05-14,2026,0.0,0.01,60.0,close
2026-05-14,2026,0.0,0.015,60.0,close
2026-05-14,2026,0.0,0.0,60.0,close
2026-05-15,2026,0.0075,0.005,-213.455,stop
2026-05-15,2026,0.0075,0.0075,-319.1825,stop
2026-05-15,2026,0.0075,0.01,-424.91,stop
2026-05-15,2026,0.0075,0.015,-636.365,stop
2026-05-15,2026,0.0075,0.0,-1290.0,close
2026-05-15,2026,0.01,0.005,-213.455,stop
2026-05-15,2026,0.01,0.0075,-319.1825,stop
2026-05-15,2026,0.01,0.01,-424.91,stop
2026-05-15,2026,0.01,0.015,-636.365,stop
2026-05-15,2026,0.01,0.0,-1290.0,close
2026-05-15,2026,0.015,0.005,-213.455,stop
2026-05-15,2026,0.015,0.0075,-319.1825,stop
2026-05-15,2026,0.015,0.01,-424.91,stop
2026-05-15,2026,0.015,0.015,-636.365,stop
2026-05-15,2026,0.015,0.0,-1290.0,close
2026-05-15,2026,0.0,0.005,-213.455,stop
2026-05-15,2026,0.0,0.0075,-319.1825,stop
2026-05-15,2026,0.0,0.01,-424.91,stop
2026-05-15,2026,0.0,0.015,-636.365,stop
2026-05-15,2026,0.0,0.0,-1290.0,close
2026-05-20,2026,0.0075,0.005,299.78499999999997,target
2026-05-20,2026,0.0075,0.0075,299.78499999999997,target
2026-05-20,2026,0.0075,0.01,299.78499999999997,target
2026-05-20,2026,0.0075,0.015,299.78499999999997,target
2026-05-20,2026,0.0075,0.0,299.78499999999997,target
2026-05-20,2026,0.01,0.005,-203.19,stop
2026-05-20,2026,0.01,0.0075,-119.0,close
2026-05-20,2026,0.01,0.01,-119.0,close
2026-05-20,2026,0.01,0.015,-119.0,close
2026-05-20,2026,0.01,0.0,-119.0,close
2026-05-20,2026,0.015,0.005,-203.19,stop
2026-05-20,2026,0.015,0.0075,-119.0,close
2026-05-20,2026,0.015,0.01,-119.0,close
2026-05-20,2026,0.015,0.015,-119.0,close
2026-05-20,2026,0.015,0.0,-119.0,close
2026-05-20,2026,0.0,0.005,-203.19,stop
2026-05-20,2026,0.0,0.0075,-119.0,close
2026-05-20,2026,0.0,0.01,-119.0,close
2026-05-20,2026,0.0,0.015,-119.0,close
2026-05-20,2026,0.0,0.0,-119.0,close
2026-05-21,2026,0.0075,0.005,23.0,close
2026-05-21,2026,0.0075,0.0075,23.0,close
2026-05-21,2026,0.0075,0.01,23.0,close
2026-05-21,2026,0.0075,0.015,23.0,close
2026-05-21,2026,0.0075,0.0,23.0,close
2026-05-21,2026,0.01,0.005,23.0,close
2026-05-21,2026,0.01,0.0075,23.0,close
2026-05-21,2026,0.01,0.01,23.0,close
2026-05-21,2026,0.01,0.015,23.0,close
2026-05-21,2026,0.01,0.0,23.0,close
2026-05-21,2026,0.015,0.005,23.0,close
2026-05-21,2026,0.015,0.0075,23.0,close
2026-05-21,2026,0.015,0.01,23.0,close
2026-05-21,2026,0.015,0.015,23.0,close
2026-05-21,2026,0.015,0.0,23.0,close
2026-05-21,2026,0.0,0.005,23.0,close
2026-05-21,2026,0.0,0.0075,23.0,close
2026-05-21,2026,0.0,0.01,23.0,close
2026-05-21,2026,0.0,0.015,23.0,close
2026-05-21,2026,0.0,0.0,23.0,close
2026-05-22,2026,0.0075,0.005,-212.96,stop
2026-05-22,2026,0.0075,0.0075,-318.44,stop
2026-05-22,2026,0.0075,0.01,246.0,close
2026-05-22,2026,0.0075,0.015,246.0,close
2026-05-22,2026,0.0075,0.0,246.0,close
2026-05-22,2026,0.01,0.005,-212.96,stop
2026-05-22,2026,0.01,0.0075,-318.44,stop
2026-05-22,2026,0.01,0.01,246.0,close
2026-05-22,2026,0.01,0.015,246.0,close
2026-05-22,2026,0.01,0.0,246.0,close
2026-05-22,2026,0.015,0.005,-212.96,stop
2026-05-22,2026,0.015,0.0075,-318.44,stop
2026-05-22,2026,0.015,0.01,246.0,close
2026-05-22,2026,0.015,0.015,246.0,close
2026-05-22,2026,0.015,0.0,246.0,close
2026-05-22,2026,0.0,0.005,-212.96,stop
2026-05-22,2026,0.0,0.0075,-318.44,stop
2026-05-22,2026,0.0,0.01,246.0,close
2026-05-22,2026,0.0,0.015,246.0,close
2026-05-22,2026,0.0,0.0,246.0,close
2026-05-25,2026,0.0075,0.005,321.8725,target
2026-05-25,2026,0.0075,0.0075,321.8725,target
2026-05-25,2026,0.0075,0.01,321.8725,target
2026-05-25,2026,0.0075,0.015,321.8725,target
2026-05-25,2026,0.0075,0.0,321.8725,target
2026-05-25,2026,0.01,0.005,429.83,target
2026-05-25,2026,0.01,0.0075,429.83,target
2026-05-25,2026,0.01,0.01,429.83,target
2026-05-25,2026,0.01,0.015,429.83,target
2026-05-25,2026,0.01,0.0,429.83,target
2026-05-25,2026,0.015,0.005,645.745,target
2026-05-25,2026,0.015,0.0075,645.745,target
2026-05-25,2026,0.015,0.01,645.745,target
2026-05-25,2026,0.015,0.015,645.745,target
2026-05-25,2026,0.015,0.0,645.745,target
2026-05-25,2026,0.0,0.005,695.0,close
2026-05-25,2026,0.0,0.0075,695.0,close
2026-05-25,2026,0.0,0.01,695.0,close
2026-05-25,2026,0.0,0.015,695.0,close
2026-05-25,2026,0.0,0.0,695.0,close
2026-05-26,2026,0.0075,0.005,-223.28,stop
2026-05-26,2026,0.0075,0.0075,-333.92,stop
2026-05-26,2026,0.0075,0.01,-444.56,stop
2026-05-26,2026,0.0075,0.015,-363.0,close
2026-05-26,2026,0.0075,0.0,-363.0,close
2026-05-26,2026,0.01,0.005,-223.28,stop
2026-05-26,2026,0.01,0.0075,-333.92,stop
2026-05-26,2026,0.01,0.01,-444.56,stop
2026-05-26,2026,0.01,0.015,-363.0,close
2026-05-26,2026,0.01,0.0,-363.0,close
2026-05-26,2026,0.015,0.005,-223.28,stop
2026-05-26,2026,0.015,0.0075,-333.92,stop
2026-05-26,2026,0.015,0.01,-444.56,stop
2026-05-26,2026,0.015,0.015,-363.0,close
2026-05-26,2026,0.015,0.0,-363.0,close
2026-05-26,2026,0.0,0.005,-223.28,stop
2026-05-26,2026,0.0,0.0075,-333.92,stop
2026-05-26,2026,0.0,0.01,-444.56,stop
2026-05-26,2026,0.0,0.015,-363.0,close
2026-05-26,2026,0.0,0.0,-363.0,close
2026-05-27,2026,0.0075,0.005,-225.39000000000001,stop
2026-05-27,2026,0.0075,0.0075,-337.085,stop
2026-05-27,2026,0.0075,0.01,-448.78000000000003,stop
2026-05-27,2026,0.0075,0.015,333.085,target
2026-05-27,2026,0.0075,0.0,333.085,target
2026-05-27,2026,0.01,0.005,-225.39000000000001,stop
2026-05-27,2026,0.01,0.0075,-337.085,stop
2026-05-27,2026,0.01,0.01,-448.78000000000003,stop
2026-05-27,2026,0.01,0.015,-118.0,close
2026-05-27,2026,0.01,0.0,-118.0,close
2026-05-27,2026,0.015,0.005,-225.39000000000001,stop
2026-05-27,2026,0.015,0.0075,-337.085,stop
2026-05-27,2026,0.015,0.01,-448.78000000000003,stop
2026-05-27,2026,0.015,0.015,-118.0,close
2026-05-27,2026,0.015,0.0,-118.0,close
2026-05-27,2026,0.0,0.005,-225.39000000000001,stop
2026-05-27,2026,0.0,0.0075,-337.085,stop
2026-05-27,2026,0.0,0.01,-448.78000000000003,stop
2026-05-27,2026,0.0,0.015,-118.0,close
2026-05-27,2026,0.0,0.0,-118.0,close
2026-05-28,2026,0.0075,0.005,336.90999999999997,target
2026-05-28,2026,0.0075,0.0075,336.90999999999997,target
2026-05-28,2026,0.0075,0.01,336.90999999999997,target
2026-05-28,2026,0.0075,0.015,336.90999999999997,target
2026-05-28,2026,0.0075,0.0,336.90999999999997,target
2026-05-28,2026,0.01,0.005,449.88,target
2026-05-28,2026,0.01,0.0075,449.88,target
2026-05-28,2026,0.01,0.01,449.88,target
2026-05-28,2026,0.01,0.015,449.88,target
2026-05-28,2026,0.01,0.0,449.88,target
2026-05-28,2026,0.015,0.005,675.8199999999999,target
2026-05-28,2026,0.015,0.0075,675.8199999999999,target
2026-05-28,2026,0.015,0.01,675.8199999999999,target
2026-05-28,2026,0.015,0.015,675.8199999999999,target
2026-05-28,2026,0.015,0.0,675.8199999999999,target
2026-05-28,2026,0.0,0.005,1348.0,close
2026-05-28,2026,0.0,0.0075,1348.0,close
2026-05-28,2026,0.0,0.01,1348.0,close
2026-05-28,2026,0.0,0.015,1348.0,close
2026-05-28,2026,0.0,0.0,1348.0,close
2026-05-29,2026,0.0075,0.005,332.95,target
2026-05-29,2026,0.0075,0.0075,332.95,target
2026-05-29,2026,0.0075,0.01,332.95,target
2026-05-29,2026,0.0075,0.015,332.95,target
2026-05-29,2026,0.0075,0.0,332.95,target
2026-05-29,2026,0.01,0.005,444.6,target
2026-05-29,2026,0.01,0.0075,444.6,target
2026-05-29,2026,0.01,0.01,444.6,target
2026-05-29,2026,0.01,0.015,444.6,target
2026-05-29,2026,0.01,0.0,444.6,target
2026-05-29,2026,0.015,0.005,667.9,target
2026-05-29,2026,0.015,0.0075,667.9,target
2026-05-29,2026,0.015,0.01,667.9,target
2026-05-29,2026,0.015,0.015,667.9,target
2026-05-29,2026,0.015,0.0,667.9,target
2026-05-29,2026,0.0,0.005,630.0,close
2026-05-29,2026,0.0,0.0075,630.0,close
2026-05-29,2026,0.0,0.01,630.0,close
2026-05-29,2026,0.0,0.015,630.0,close
2026-05-29,2026,0.0,0.0,630.0,close
2026-06-01,2026,0.0075,0.005,338.9275,target
2026-06-01,2026,0.0075,0.0075,338.9275,target
2026-06-01,2026,0.0075,0.01,338.9275,target
2026-06-01,2026,0.0075,0.015,338.9275,target
2026-06-01,2026,0.0075,0.0,338.9275,target
2026-06-01,2026,0.01,0.005,452.57,target
2026-06-01,2026,0.01,0.0075,452.57,target
2026-06-01,2026,0.01,0.01,452.57,target
2026-06-01,2026,0.01,0.015,452.57,target
2026-06-01,2026,0.01,0.0,452.57,target
2026-06-01,2026,0.015,0.005,679.855,target
2026-06-01,2026,0.015,0.0075,679.855,target
2026-06-01,2026,0.015,0.01,679.855,target
2026-06-01,2026,0.015,0.015,679.855,target
2026-06-01,2026,0.015,0.0,679.855,target
2026-06-01,2026,0.0,0.005,592.0,close
2026-06-01,2026,0.0,0.0075,592.0,close
2026-06-01,2026,0.0,0.01,592.0,close
2026-06-01,2026,0.0,0.015,592.0,close
2026-06-01,2026,0.0,0.0,592.0,close
2026-06-02,2026,0.0075,0.005,-232.685,stop
2026-06-02,2026,0.0075,0.0075,-348.0275,stop
2026-06-02,2026,0.0075,0.01,-463.37,stop
2026-06-02,2026,0.0075,0.015,-694.055,stop
2026-06-02,2026,0.0075,0.0,-29.0,close
2026-06-02,2026,0.01,0.005,-232.685,stop
2026-06-02,2026,0.01,0.0075,-348.0275,stop
2026-06-02,2026,0.01,0.01,-463.37,stop
2026-06-02,2026,0.01,0.015,-694.055,stop
2026-06-02,2026,0.01,0.0,-29.0,close
2026-06-02,2026,0.015,0.005,-232.685,stop
2026-06-02,2026,0.015,0.0075,-348.0275,stop
2026-06-02,2026,0.015,0.01,-463.37,stop
2026-06-02,2026,0.015,0.015,-694.055,stop
2026-06-02,2026,0.015,0.0,-29.0,close
2026-06-02,2026,0.0,0.005,-232.685,stop
2026-06-02,2026,0.0,0.0075,-348.0275,stop
2026-06-02,2026,0.0,0.01,-463.37,stop
2026-06-02,2026,0.0,0.015,-694.055,stop
2026-06-02,2026,0.0,0.0,-29.0,close
2026-06-03,2026,0.0075,0.005,17.0,close
2026-06-03,2026,0.0075,0.0075,17.0,close
2026-06-03,2026,0.0075,0.01,17.0,close
2026-06-03,2026,0.0075,0.015,17.0,close
2026-06-03,2026,0.0075,0.0,17.0,close
2026-06-03,2026,0.01,0.005,17.0,close
2026-06-03,2026,0.01,0.0075,17.0,close
2026-06-03,2026,0.01,0.01,17.0,close
2026-06-03,2026,0.01,0.015,17.0,close
2026-06-03,2026,0.01,0.0,17.0,close
2026-06-03,2026,0.015,0.005,17.0,close
2026-06-03,2026,0.015,0.0075,17.0,close
2026-06-03,2026,0.015,0.01,17.0,close
2026-06-03,2026,0.015,0.015,17.0,close
2026-06-03,2026,0.015,0.0,17.0,close
2026-06-03,2026,0.0,0.005,17.0,close
2026-06-03,2026,0.0,0.0075,17.0,close
2026-06-03,2026,0.0,0.01,17.0,close
2026-06-03,2026,0.0,0.015,17.0,close
2026-06-03,2026,0.0,0.0,17.0,close
2026-06-04,2026,0.0075,0.005,-234.375,stop
2026-06-04,2026,0.0075,0.0075,-174.0,close
2026-06-04,2026,0.0075,0.01,-174.0,close
2026-06-04,2026,0.0075,0.015,-174.0,close
2026-06-04,2026,0.0075,0.0,-174.0,close
2026-06-04,2026,0.01,0.005,-234.375,stop
2026-06-04,2026,0.01,0.0075,-174.0,close
2026-06-04,2026,0.01,0.01,-174.0,close
2026-06-04,2026,0.01,0.015,-174.0,close
2026-06-04,2026,0.01,0.0,-174.0,close
2026-06-04,2026,0.015,0.005,-234.375,stop
2026-06-04,2026,0.015,0.0075,-174.0,close
2026-06-04,2026,0.015,0.01,-174.0,close
2026-06-04,2026,0.015,0.015,-174.0,close
2026-06-04,2026,0.015,0.0,-174.0,close
2026-06-04,2026,0.0,0.005,-234.375,stop
2026-06-04,2026,0.0,0.0075,-174.0,close
2026-06-04,2026,0.0,0.01,-174.0,close
2026-06-04,2026,0.0,0.015,-174.0,close
2026-06-04,2026,0.0,0.0,-174.0,close
2026-06-09,2026,0.0075,0.005,-223.07,stop
2026-06-09,2026,0.0075,0.0075,-333.60499999999996,stop
2026-06-09,2026,0.0075,0.01,-444.14,stop
2026-06-09,2026,0.0075,0.015,-460.0,close
2026-06-09,2026,0.0075,0.0,-460.0,close
2026-06-09,2026,0.01,0.005,-223.07,stop
2026-06-09,2026,0.01,0.0075,-333.60499999999996,stop
2026-06-09,2026,0.01,0.01,-444.14,stop
2026-06-09,2026,0.01,0.015,-460.0,close
2026-06-09,2026,0.01,0.0,-460.0,close
2026-06-09,2026,0.015,0.005,-223.07,stop
2026-06-09,2026,0.015,0.0075,-333.60499999999996,stop
2026-06-09,2026,0.015,0.01,-444.14,stop
2026-06-09,2026,0.015,0.015,-460.0,close
2026-06-09,2026,0.015,0.0,-460.0,close
2026-06-09,2026,0.0,0.005,-223.07,stop
2026-06-09,2026,0.0,0.0075,-333.60499999999996,stop
2026-06-09,2026,0.0,0.01,-444.14,stop
2026-06-09,2026,0.0,0.015,-460.0,close
2026-06-09,2026,0.0,0.0,-460.0,close
2026-06-10,2026,0.0075,0.005,-221.19,stop
2026-06-10,2026,0.0075,0.0075,-330.78499999999997,stop
2026-06-10,2026,0.0075,0.01,-440.38,stop
2026-06-10,2026,0.0075,0.015,326.78499999999997,target
2026-06-10,2026,0.0075,0.0,326.78499999999997,target
2026-06-10,2026,0.01,0.005,-221.19,stop
2026-06-10,2026,0.01,0.0075,-330.78499999999997,stop
2026-06-10,2026,0.01,0.01,-440.38,stop
2026-06-10,2026,0.01,0.015,436.38,target
2026-06-10,2026,0.01,0.0,436.38,target
2026-06-10,2026,0.015,0.005,-221.19,stop
2026-06-10,2026,0.015,0.0075,-330.78499999999997,stop
2026-06-10,2026,0.015,0.01,-440.38,stop
2026-06-10,2026,0.015,0.015,655.5699999999999,target
2026-06-10,2026,0.015,0.0,655.5699999999999,target
2026-06-10,2026,0.0,0.005,-221.19,stop
2026-06-10,2026,0.0,0.0075,-330.78499999999997,stop
2026-06-10,2026,0.0,0.01,-440.38,stop
2026-06-10,2026,0.0,0.015,417.0,close
2026-06-10,2026,0.0,0.0,417.0,close
2026-06-12,2026,0.0075,0.005,143.0,close
2026-06-12,2026,0.0075,0.0075,143.0,close
2026-06-12,2026,0.0075,0.01,143.0,close
2026-06-12,2026,0.0075,0.015,143.0,close
2026-06-12,2026,0.0075,0.0,143.0,close
2026-06-12,2026,0.01,0.005,143.0,close
2026-06-12,2026,0.01,0.0075,143.0,close
2026-06-12,2026,0.01,0.01,143.0,close
2026-06-12,2026,0.01,0.015,143.0,close
2026-06-12,2026,0.01,0.0,143.0,close
2026-06-12,2026,0.015,0.005,143.0,close
2026-06-12,2026,0.015,0.0075,143.0,close
2026-06-12,2026,0.015,0.01,143.0,close
2026-06-12,2026,0.015,0.015,143.0,close
2026-06-12,2026,0.015,0.0,143.0,close
2026-06-12,2026,0.0,0.005,143.0,close
2026-06-12,2026,0.0,0.0075,143.0,close
2026-06-12,2026,0.0,0.01,143.0,close
2026-06-12,2026,0.0,0.015,143.0,close
2026-06-12,2026,0.0,0.0,143.0,close
2026-06-15,2026,0.0075,0.005,-230.54500000000002,stop
2026-06-15,2026,0.0075,0.0075,-344.8175,stop
2026-06-15,2026,0.0075,0.01,-117.0,close
2026-06-15,2026,0.0075,0.015,-117.0,close
2026-06-15,2026,0.0075,0.0,-117.0,close
2026-06-15,2026,0.01,0.005,-230.54500000000002,stop
2026-06-15,2026,0.01,0.0075,-344.8175,stop
2026-06-15,2026,0.01,0.01,-117.0,close
2026-06-15,2026,0.01,0.015,-117.0,close
2026-06-15,2026,0.01,0.0,-117.0,close
2026-06-15,2026,0.015,0.005,-230.54500000000002,stop
2026-06-15,2026,0.015,0.0075,-344.8175,stop
2026-06-15,2026,0.015,0.01,-117.0,close
2026-06-15,2026,0.015,0.015,-117.0,close
2026-06-15,2026,0.015,0.0,-117.0,close
2026-06-15,2026,0.0,0.005,-230.54500000000002,stop
2026-06-15,2026,0.0,0.0075,-344.8175,stop
2026-06-15,2026,0.0,0.01,-117.0,close
2026-06-15,2026,0.0,0.015,-117.0,close
2026-06-15,2026,0.0,0.0,-117.0,close
2026-06-16,2026,0.0075,0.005,-39.0,close
2026-06-16,2026,0.0075,0.0075,-39.0,close
2026-06-16,2026,0.0075,0.01,-39.0,close
2026-06-16,2026,0.0075,0.015,-39.0,close
2026-06-16,2026,0.0075,0.0,-39.0,close
2026-06-16,2026,0.01,0.005,-39.0,close
2026-06-16,2026,0.01,0.0075,-39.0,close
2026-06-16,2026,0.01,0.01,-39.0,close
2026-06-16,2026,0.01,0.015,-39.0,close
2026-06-16,2026,0.01,0.0,-39.0,close
2026-06-16,2026,0.015,0.005,-39.0,close
2026-06-16,2026,0.015,0.0075,-39.0,close
2026-06-16,2026,0.015,0.01,-39.0,close
2026-06-16,2026,0.015,0.015,-39.0,close
2026-06-16,2026,0.015,0.0,-39.0,close
2026-06-16,2026,0.0,0.005,-39.0,close
2026-06-16,2026,0.0,0.0075,-39.0,close
2026-06-16,2026,0.0,0.01,-39.0,close
2026-06-16,2026,0.0,0.015,-39.0,close
2026-06-16,2026,0.0,0.0,-39.0,close
2026-06-18,2026,0.0075,0.005,286.0,close
2026-06-18,2026,0.0075,0.0075,286.0,close
2026-06-18,2026,0.0075,0.01,286.0,close
2026-06-18,2026,0.0075,0.015,286.0,close
2026-06-18,2026,0.0075,0.0,286.0,close
2026-06-18,2026,0.01,0.005,286.0,close
2026-06-18,2026,0.01,0.0075,286.0,close
2026-06-18,2026,0.01,0.01,286.0,close
2026-06-18,2026,0.01,0.015,286.0,close
2026-06-18,2026,0.01,0.0,286.0,close
2026-06-18,2026,0.015,0.005,286.0,close
2026-06-18,2026,0.015,0.0075,286.0,close
2026-06-18,2026,0.015,0.01,286.0,close
2026-06-18,2026,0.015,0.015,286.0,close
2026-06-18,2026,0.015,0.0,286.0,close
2026-06-18,2026,0.0,0.005,286.0,close
2026-06-18,2026,0.0,0.0075,286.0,close
2026-06-18,2026,0.0,0.01,286.0,close
2026-06-18,2026,0.0,0.015,286.0,close
2026-06-18,2026,0.0,0.0,286.0,close
2026-06-22,2026,0.0075,0.005,-242.42000000000002,stop
2026-06-22,2026,0.0075,0.0075,-362.63,stop
2026-06-22,2026,0.0075,0.01,-363.0,close
2026-06-22,2026,0.0075,0.015,-363.0,close
2026-06-22,2026,0.0075,0.0,-363.0,close
2026-06-22,2026,0.01,0.005,-242.42000000000002,stop
2026-06-22,2026,0.01,0.0075,-362.63,stop
2026-06-22,2026,0.01,0.01,-363.0,close
2026-06-22,2026,0.01,0.015,-363.0,close
2026-06-22,2026,0.01,0.0,-363.0,close
2026-06-22,2026,0.015,0.005,-242.42000000000002,stop
2026-06-22,2026,0.015,0.0075,-362.63,stop
2026-06-22,2026,0.015,0.01,-363.0,close
2026-06-22,2026,0.015,0.015,-363.0,close
2026-06-22,2026,0.015,0.0,-363.0,close
2026-06-22,2026,0.0,0.005,-242.42000000000002,stop
2026-06-22,2026,0.0,0.0075,-362.63,stop
2026-06-22,2026,0.0,0.01,-363.0,close
2026-06-22,2026,0.0,0.015,-363.0,close
2026-06-22,2026,0.0,0.0,-363.0,close
2026-06-23,2026,0.0075,0.005,359.3275,target
2026-06-23,2026,0.0075,0.0075,359.3275,target
2026-06-23,2026,0.0075,0.01,359.3275,target
2026-06-23,2026,0.0075,0.015,359.3275,target
2026-06-23,2026,0.0075,0.0,359.3275,target
2026-06-23,2026,0.01,0.005,479.77,target
2026-06-23,2026,0.01,0.0075,479.77,target
2026-06-23,2026,0.01,0.01,479.77,target
2026-06-23,2026,0.01,0.015,479.77,target
2026-06-23,2026,0.01,0.0,479.77,target
2026-06-23,2026,0.015,0.005,720.655,target
2026-06-23,2026,0.015,0.0075,720.655,target
2026-06-23,2026,0.015,0.01,720.655,target
2026-06-23,2026,0.015,0.015,720.655,target
2026-06-23,2026,0.015,0.0,720.655,target
2026-06-23,2026,0.0,0.005,735.0,close
2026-06-23,2026,0.0,0.0075,735.0,close
2026-06-23,2026,0.0,0.01,735.0,close
2026-06-23,2026,0.0,0.015,735.0,close
2026-06-23,2026,0.0,0.0,735.0,close
2026-06-26,2026,0.0075,0.005,338.47749999999996,target
2026-06-26,2026,0.0075,0.0075,338.47749999999996,target
2026-06-26,2026,0.0075,0.01,338.47749999999996,target
2026-06-26,2026,0.0075,0.015,338.47749999999996,target
2026-06-26,2026,0.0075,0.0,338.47749999999996,target
2026-06-26,2026,0.01,0.005,451.97,target
2026-06-26,2026,0.01,0.0075,451.97,target
2026-06-26,2026,0.01,0.01,451.97,target
2026-06-26,2026,0.01,0.015,451.97,target
2026-06-26,2026,0.01,0.0,451.97,target
2026-06-26,2026,0.015,0.005,678.9549999999999,target
2026-06-26,2026,0.015,0.0075,678.9549999999999,target
2026-06-26,2026,0.015,0.01,678.9549999999999,target
2026-06-26,2026,0.015,0.015,678.9549999999999,target
2026-06-26,2026,0.015,0.0,678.9549999999999,target
2026-06-26,2026,0.0,0.005,995.0,close
2026-06-26,2026,0.0,0.0075,995.0,close
2026-06-26,2026,0.0,0.01,995.0,close
2026-06-26,2026,0.0,0.015,995.0,close
2026-06-26,2026,0.0,0.0,995.0,close
2026-06-30,2026,0.0075,0.005,347.28249999999997,target
2026-06-30,2026,0.0075,0.0075,347.28249999999997,target
2026-06-30,2026,0.0075,0.01,347.28249999999997,target
2026-06-30,2026,0.0075,0.015,347.28249999999997,target
2026-06-30,2026,0.0075,0.0,347.28249999999997,target
2026-06-30,2026,0.01,0.005,-234.85500000000002,stop
2026-06-30,2026,0.01,0.0075,-201.0,close
2026-06-30,2026,0.01,0.01,-201.0,close
2026-06-30,2026,0.01,0.015,-201.0,close
2026-06-30,2026,0.01,0.0,-201.0,close
2026-06-30,2026,0.015,0.005,-234.85500000000002,stop
2026-06-30,2026,0.015,0.0075,-201.0,close
2026-06-30,2026,0.015,0.01,-201.0,close
2026-06-30,2026,0.015,0.015,-201.0,close
2026-06-30,2026,0.015,0.0,-201.0,close
2026-06-30,2026,0.0,0.005,-234.85500000000002,stop
2026-06-30,2026,0.0,0.0075,-201.0,close
2026-06-30,2026,0.0,0.01,-201.0,close
2026-06-30,2026,0.0,0.015,-201.0,close
2026-06-30,2026,0.0,0.0,-201.0,close
2026-07-01,2026,0.0075,0.005,-237.395,stop
2026-07-01,2026,0.0075,0.0075,-153.0,close
2026-07-01,2026,0.0075,0.01,-153.0,close
2026-07-01,2026,0.0075,0.015,-153.0,close
2026-07-01,2026,0.0075,0.0,-153.0,close
2026-07-01,2026,0.01,0.005,-237.395,stop
2026-07-01,2026,0.01,0.0075,-153.0,close
2026-07-01,2026,0.01,0.01,-153.0,close
2026-07-01,2026,0.01,0.015,-153.0,close
2026-07-01,2026,0.01,0.0,-153.0,close
2026-07-01,2026,0.015,0.005,-237.395,stop
2026-07-01,2026,0.015,0.0075,-153.0,close
2026-07-01,2026,0.015,0.01,-153.0,close
2026-07-01,2026,0.015,0.015,-153.0,close
2026-07-01,2026,0.015,0.0,-153.0,close
2026-07-01,2026,0.0,0.005,-237.395,stop
2026-07-01,2026,0.0,0.0075,-153.0,close
2026-07-01,2026,0.0,0.01,-153.0,close
2026-07-01,2026,0.0,0.015,-153.0,close
2026-07-01,2026,0.0,0.0,-153.0,close
2026-07-07,2026,0.0075,0.005,350.1775,target
2026-07-07,2026,0.0075,0.0075,350.1775,target
2026-07-07,2026,0.0075,0.01,350.1775,target
2026-07-07,2026,0.0075,0.015,350.1775,target
2026-07-07,2026,0.0075,0.0,350.1775,target
2026-07-07,2026,0.01,0.005,467.57,target
2026-07-07,2026,0.01,0.0075,467.57,target
2026-07-07,2026,0.01,0.01,467.57,target
2026-07-07,2026,0.01,0.015,467.57,target
2026-07-07,2026,0.01,0.0,467.57,target
2026-07-07,2026,0.015,0.005,702.355,target
2026-07-07,2026,0.015,0.0075,702.355,target
2026-07-07,2026,0.015,0.01,702.355,target
2026-07-07,2026,0.015,0.015,702.355,target
2026-07-07,2026,0.015,0.0,702.355,target
2026-07-07,2026,0.0,0.005,1196.0,close
2026-07-07,2026,0.0,0.0075,1196.0,close
2026-07-07,2026,0.0,0.01,1196.0,close
2026-07-07,2026,0.0,0.015,1196.0,close
2026-07-07,2026,0.0,0.0,1196.0,close
2026-07-09,2026,0.0075,0.005,-230.37,stop
2026-07-09,2026,0.0075,0.0075,-344.555,stop
2026-07-09,2026,0.0075,0.01,340.555,target
2026-07-09,2026,0.0075,0.015,340.555,target
2026-07-09,2026,0.0075,0.0,340.555,target
2026-07-09,2026,0.01,0.005,-230.37,stop
2026-07-09,2026,0.01,0.0075,-344.555,stop
2026-07-09,2026,0.01,0.01,-9.0,close
2026-07-09,2026,0.01,0.015,-9.0,close
2026-07-09,2026,0.01,0.0,-9.0,close
2026-07-09,2026,0.015,0.005,-230.37,stop
2026-07-09,2026,0.015,0.0075,-344.555,stop
2026-07-09,2026,0.015,0.01,-9.0,close
2026-07-09,2026,0.015,0.015,-9.0,close
2026-07-09,2026,0.015,0.0,-9.0,close
2026-07-09,2026,0.0,0.005,-230.37,stop
2026-07-09,2026,0.0,0.0075,-344.555,stop
2026-07-09,2026,0.0,0.01,-9.0,close
2026-07-09,2026,0.0,0.015,-9.0,close
2026-07-09,2026,0.0,0.0,-9.0,close
2026-07-13,2026,0.0075,0.005,-233.5,stop
2026-07-13,2026,0.0075,0.0075,-349.25,stop
2026-07-13,2026,0.0075,0.01,-465.0,stop
2026-07-13,2026,0.0075,0.015,-696.5,stop
2026-07-13,2026,0.0075,0.0,-704.0,close
2026-07-13,2026,0.01,0.005,-233.5,stop
2026-07-13,2026,0.01,0.0075,-349.25,stop
2026-07-13,2026,0.01,0.01,-465.0,stop
2026-07-13,2026,0.01,0.015,-696.5,stop
2026-07-13,2026,0.01,0.0,-704.0,close
2026-07-13,2026,0.015,0.005,-233.5,stop
2026-07-13,2026,0.015,0.0075,-349.25,stop
2026-07-13,2026,0.015,0.01,-465.0,stop
2026-07-13,2026,0.015,0.015,-696.5,stop
2026-07-13,2026,0.015,0.0,-704.0,close
2026-07-13,2026,0.0,0.005,-233.5,stop
2026-07-13,2026,0.0,0.0075,-349.25,stop
2026-07-13,2026,0.0,0.01,-465.0,stop
2026-07-13,2026,0.0,0.015,-696.5,stop
2026-07-13,2026,0.0,0.0,-704.0,close
2026-07-15,2026,0.0075,0.005,-231.44,stop
2026-07-15,2026,0.0075,0.0075,-180.0,close
2026-07-15,2026,0.0075,0.01,-180.0,close
2026-07-15,2026,0.0075,0.015,-180.0,close
2026-07-15,2026,0.0075,0.0,-180.0,close
2026-07-15,2026,0.01,0.005,-231.44,stop
2026-07-15,2026,0.01,0.0075,-180.0,close
2026-07-15,2026,0.01,0.01,-180.0,close
2026-07-15,2026,0.01,0.015,-180.0,close
2026-07-15,2026,0.01,0.0,-180.0,close
2026-07-15,2026,0.015,0.005,-231.44,stop
2026-07-15,2026,0.015,0.0075,-180.0,close
2026-07-15,2026,0.015,0.01,-180.0,close
2026-07-15,2026,0.015,0.015,-180.0,close
2026-07-15,2026,0.015,0.0,-180.0,close
2026-07-15,2026,0.0,0.005,-231.44,stop
2026-07-15,2026,0.0,0.0075,-180.0,close
2026-07-15,2026,0.0,0.01,-180.0,close
2026-07-15,2026,0.0,0.015,-180.0,close
2026-07-15,2026,0.0,0.0,-180.0,close
2026-07-20,2026,0.0075,0.005,323.875,target
2026-07-20,2026,0.0075,0.0075,323.875,target
2026-07-20,2026,0.0075,0.01,323.875,target
2026-07-20,2026,0.0075,0.015,323.875,target
2026-07-20,2026,0.0075,0.0,323.875,target
2026-07-20,2026,0.01,0.005,432.5,target
2026-07-20,2026,0.01,0.0075,432.5,target
2026-07-20,2026,0.01,0.01,432.5,target
2026-07-20,2026,0.01,0.015,432.5,target
2026-07-20,2026,0.01,0.0,432.5,target
2026-07-20,2026,0.015,0.005,649.75,target
2026-07-20,2026,0.015,0.0075,649.75,target
2026-07-20,2026,0.015,0.01,649.75,target
2026-07-20,2026,0.015,0.015,649.75,target
2026-07-20,2026,0.015,0.0,649.75,target
2026-07-20,2026,0.0,0.005,800.0,close
2026-07-20,2026,0.0,0.0075,800.0,close
2026-07-20,2026,0.0,0.01,800.0,close
2026-07-20,2026,0.0,0.015,800.0,close
2026-07-20,2026,0.0,0.0,800.0,close
2026-07-21,2026,0.0075,0.005,322.47249999999997,target
2026-07-21,2026,0.0075,0.0075,322.47249999999997,target
2026-07-21,2026,0.0075,0.01,322.47249999999997,target
2026-07-21,2026,0.0075,0.015,322.47249999999997,target
2026-07-21,2026,0.0075,0.0,322.47249999999997,target
2026-07-21,2026,0.01,0.005,430.63,target
2026-07-21,2026,0.01,0.0075,430.63,target
2026-07-21,2026,0.01,0.01,430.63,target
2026-07-21,2026,0.01,0.015,430.63,target
2026-07-21,2026,0.01,0.0,430.63,target
2026-07-21,2026,0.015,0.005,646.9449999999999,target
2026-07-21,2026,0.015,0.0075,646.9449999999999,target
2026-07-21,2026,0.015,0.01,646.9449999999999,target
2026-07-21,2026,0.015,0.015,646.9449999999999,target
2026-07-21,2026,0.015,0.0,646.9449999999999,target
2026-07-21,2026,0.0,0.005,1124.0,close
2026-07-21,2026,0.0,0.0075,1124.0,close
2026-07-21,2026,0.0,0.01,1124.0,close
2026-07-21,2026,0.0,0.015,1124.0,close
2026-07-21,2026,0.0,0.0,1124.0,close
2026-07-22,2026,0.0075,0.005,308.0,close
2026-07-22,2026,0.0075,0.0075,308.0,close
2026-07-22,2026,0.0075,0.01,308.0,close
2026-07-22,2026,0.0075,0.015,308.0,close
2026-07-22,2026,0.0075,0.0,308.0,close
2026-07-22,2026,0.01,0.005,308.0,close
2026-07-22,2026,0.01,0.0075,308.0,close
2026-07-22,2026,0.01,0.01,308.0,close
2026-07-22,2026,0.01,0.015,308.0,close
2026-07-22,2026,0.01,0.0,308.0,close
2026-07-22,2026,0.015,0.005,308.0,close
2026-07-22,2026,0.015,0.0075,308.0,close
2026-07-22,2026,0.015,0.01,308.0,close
2026-07-22,2026,0.015,0.015,308.0,close
2026-07-22,2026,0.015,0.0,308.0,close
2026-07-22,2026,0.0,0.005,308.0,close
2026-07-22,2026,0.0,0.0075,308.0,close
2026-07-22,2026,0.0,0.01,308.0,close
2026-07-22,2026,0.0,0.015,308.0,close
2026-07-22,2026,0.0,0.0,308.0,close
2026-07-23,2026,0.0075,0.005,-228.75,stop
2026-07-23,2026,0.0075,0.0075,-342.125,stop
2026-07-23,2026,0.0075,0.01,-455.5,stop
2026-07-23,2026,0.0075,0.015,-682.25,stop
2026-07-23,2026,0.0075,0.0,-417.0,close
2026-07-23,2026,0.01,0.005,-228.75,stop
2026-07-23,2026,0.01,0.0075,-342.125,stop
2026-07-23,2026,0.01,0.01,-455.5,stop
2026-07-23,2026,0.01,0.015,-682.25,stop
2026-07-23,2026,0.01,0.0,-417.0,close
2026-07-23,2026,0.015,0.005,-228.75,stop
2026-07-23,2026,0.015,0.0075,-342.125,stop
2026-07-23,2026,0.015,0.01,-455.5,stop
2026-07-23,2026,0.015,0.015,-682.25,stop
2026-07-23,2026,0.015,0.0,-417.0,close
2026-07-23,2026,0.0,0.005,-228.75,stop
2026-07-23,2026,0.0,0.0075,-342.125,stop
2026-07-23,2026,0.0,0.01,-455.5,stop
2026-07-23,2026,0.0,0.015,-682.25,stop
2026-07-23,2026,0.0,0.0,-417.0,close
2026-07-31,2026,0.0075,0.005,-219.01500000000001,stop
2026-07-31,2026,0.0075,0.0075,-327.5225,stop
2026-07-31,2026,0.0075,0.01,-436.03000000000003,stop
2026-07-31,2026,0.0075,0.015,-278.0,close
2026-07-31,2026,0.0075,0.0,-278.0,close
2026-07-31,2026,0.01,0.005,-219.01500000000001,stop
2026-07-31,2026,0.01,0.0075,-327.5225,stop
2026-07-31,2026,0.01,0.01,-436.03000000000003,stop
2026-07-31,2026,0.01,0.015,-278.0,close
2026-07-31,2026,0.01,0.0,-278.0,close
2026-07-31,2026,0.015,0.005,-219.01500000000001,stop
2026-07-31,2026,0.015,0.0075,-327.5225,stop
2026-07-31,2026,0.015,0.01,-436.03000000000003,stop
2026-07-31,2026,0.015,0.015,-278.0,close
2026-07-31,2026,0.015,0.0,-278.0,close
2026-07-31,2026,0.0,0.005,-219.01500000000001,stop
2026-07-31,2026,0.0,0.0075,-327.5225,stop
2026-07-31,2026,0.0,0.01,-436.03000000000003,stop
2026-07-31,2026,0.0,0.015,-278.0,close
2026-07-31,2026,0.0,0.0,-278.0,close
2026-08-03,2026,0.0075,0.005,321.8875,target
2026-08-03,2026,0.0075,0.0075,321.8875,target
2026-08-03,2026,0.0075,0.01,321.8875,target
2026-08-03,2026,0.0075,0.015,321.8875,target
2026-08-03,2026,0.0075,0.0,321.8875,target
2026-08-03,2026,0.01,0.005,429.85,target
2026-08-03,2026,0.01,0.0075,429.85,target
2026-08-03,2026,0.01,0.01,429.85,target
2026-08-03,2026,0.01,0.015,429.85,target
2026-08-03,2026,0.01,0.0,429.85,target
2026-08-03,2026,0.015,0.005,645.775,target
2026-08-03,2026,0.015,0.0075,645.775,target
2026-08-03,2026,0.015,0.01,645.775,target
2026-08-03,2026,0.015,0.015,645.775,target
2026-08-03,2026,0.015,0.0,645.775,target
2026-08-03,2026,0.0,0.005,44.0,close
2026-08-03,2026,0.0,0.0075,44.0,close
2026-08-03,2026,0.0,0.01,44.0,close
2026-08-03,2026,0.0,0.015,44.0,close
2026-08-03,2026,0.0,0.0,44.0,close
2026-08-04,2026,0.0075,0.005,318.25,target
2026-08-04,2026,0.0075,0.0075,318.25,target
2026-08-04,2026,0.0075,0.01,318.25,target
2026-08-04,2026,0.0075,0.015,318.25,target
2026-08-04,2026,0.0075,0.0,318.25,target
2026-08-04,2026,0.01,0.005,425.0,target
2026-08-04,2026,0.01,0.0075,425.0,target
2026-08-04,2026,0.01,0.01,425.0,target
2026-08-04,2026,0.01,0.015,425.0,target
2026-08-04,2026,0.01,0.0,425.0,target
2026-08-04,2026,0.015,0.005,638.5,target
2026-08-04,2026,0.015,0.0075,638.5,target
2026-08-04,2026,0.015,0.01,638.5,target
2026-08-04,2026,0.015,0.015,638.5,target
2026-08-04,2026,0.015,0.0,638.5,target
2026-08-04,2026,0.0,0.005,659.0,close
2026-08-04,2026,0.0,0.0075,659.0,close
2026-08-04,2026,0.0,0.01,659.0,close
2026-08-04,2026,0.0,0.015,659.0,close
2026-08-04,2026,0.0,0.0,659.0,close
2026-08-05,2026,0.0075,0.005,333.88,target
2026-08-05,2026,0.0075,0.0075,333.88,target
2026-08-05,2026,0.0075,0.01,333.88,target
2026-08-05,2026,0.0075,0.015,333.88,target
2026-08-05,2026,0.0075,0.0,333.88,target
2026-08-05,2026,0.01,0.005,256.0,close
2026-08-05,2026,0.01,0.0075,256.0,close
2026-08-05,2026,0.01,0.01,256.0,close
2026-08-05,2026,0.01,0.015,256.0,close
2026-08-05,2026,0.01,0.0,256.0,close
2026-08-05,2026,0.015,0.005,256.0,close
2026-08-05,2026,0.015,0.0075,256.0,close
2026-08-05,2026,0.015,0.01,256.0,close
2026-08-05,2026,0.015,0.015,256.0,close
2026-08-05,2026,0.015,0.0,256.0,close
2026-08-05,2026,0.0,0.005,256.0,close
2026-08-05,2026,0.0,0.0075,256.0,close
2026-08-05,2026,0.0,0.01,256.0,close
2026-08-05,2026,0.0,0.015,256.0,close
2026-08-05,2026,0.0,0.0,256.0,close
2026-08-06,2026,0.0075,0.005,-222.71,stop
2026-08-06,2026,0.0075,0.0075,-333.065,stop
2026-08-06,2026,0.0075,0.01,-134.0,close
2026-08-06,2026,0.0075,0.015,-134.0,close
2026-08-06,2026,0.0075,0.0,-134.0,close
2026-08-06,2026,0.01,0.005,-222.71,stop
2026-08-06,2026,0.01,0.0075,-333.065,stop
2026-08-06,2026,0.01,0.01,-134.0,close
2026-08-06,2026,0.01,0.015,-134.0,close
2026-08-06,2026,0.01,0.0,-134.0,close
2026-08-06,2026,0.015,0.005,-222.71,stop
2026-08-06,2026,0.015,0.0075,-333.065,stop
2026-08-06,2026,0.015,0.01,-134.0,close
2026-08-06,2026,0.015,0.015,-134.0,close
2026-08-06,2026,0.015,0.0,-134.0,close
2026-08-06,2026,0.0,0.005,-222.71,stop
2026-08-06,2026,0.0,0.0075,-333.065,stop
2026-08-06,2026,0.0,0.01,-134.0,close
2026-08-06,2026,0.0,0.015,-134.0,close
2026-08-06,2026,0.0,0.0,-134.0,close
2026-08-07,2026,0.0075,0.005,-225.0,stop
2026-08-07,2026,0.0075,0.0075,-336.5,stop
2026-08-07,2026,0.0075,0.01,-448.0,stop
2026-08-07,2026,0.0075,0.015,-254.0,close
2026-08-07,2026,0.0075,0.0,-254.0,close
2026-08-07,2026,0.01,0.005,-225.0,stop
2026-08-07,2026,0.01,0.0075,-336.5,stop
2026-08-07,2026,0.01,0.01,-448.0,stop
2026-08-07,2026,0.01,0.015,-254.0,close
2026-08-07,2026,0.01,0.0,-254.0,close
2026-08-07,2026,0.015,0.005,-225.0,stop
2026-08-07,2026,0.015,0.0075,-336.5,stop
2026-08-07,2026,0.015,0.01,-448.0,stop
2026-08-07,2026,0.015,0.015,-254.0,close
2026-08-07,2026,0.015,0.0,-254.0,close
2026-08-07,2026,0.0,0.005,-225.0,stop
2026-08-07,2026,0.0,0.0075,-336.5,stop
2026-08-07,2026,0.0,0.01,-448.0,stop
2026-08-07,2026,0.0,0.015,-254.0,close
2026-08-07,2026,0.0,0.0,-254.0,close
2026-08-10,2026,0.0075,0.005,336.78249999999997,target
2026-08-10,2026,0.0075,0.0075,336.78249999999997,target
2026-08-10,2026,0.0075,0.01,336.78249999999997,target
2026-08-10,2026,0.0075,0.015,336.78249999999997,target
2026-08-10,2026,0.0075,0.0,336.78249999999997,target
2026-08-10,2026,0.01,0.005,169.0,close
2026-08-10,2026,0.01,0.0075,169.0,close
2026-08-10,2026,0.01,0.01,169.0,close
2026-08-10,2026,0.01,0.015,169.0,close
2026-08-10,2026,0.01,0.0,169.0,close
2026-08-10,2026,0.015,0.005,169.0,close
2026-08-10,2026,0.015,0.0075,169.0,close
2026-08-10,2026,0.015,0.01,169.0,close
2026-08-10,2026,0.015,0.015,169.0,close
2026-08-10,2026,0.015,0.0,169.0,close
2026-08-10,2026,0.0,0.005,169.0,close
2026-08-10,2026,0.0,0.0075,169.0,close
2026-08-10,2026,0.0,0.01,169.0,close
2026-08-10,2026,0.0,0.015,169.0,close
2026-08-10,2026,0.0,0.0,169.0,close
2026-08-12,2026,0.0075,0.005,142.0,close
2026-08-12,2026,0.0075,0.0075,142.0,close
2026-08-12,2026,0.0075,0.01,142.0,close
2026-08-12,2026,0.0075,0.015,142.0,close
2026-08-12,2026,0.0075,0.0,142.0,close
2026-08-12,2026,0.01,0.005,142.0,close
2026-08-12,2026,0.01,0.0075,142.0,close
2026-08-12,2026,0.01,0.01,142.0,close
2026-08-12,2026,0.01,0.015,142.0,close
2026-08-12,2026,0.01,0.0,142.0,close
2026-08-12,2026,0.015,0.005,142.0,close
2026-08-12,2026,0.015,0.0075,142.0,close
2026-08-12,2026,0.015,0.01,142.0,close
2026-08-12,2026,0.015,0.015,142.0,close
2026-08-12,2026,0.015,0.0,142.0,close
2026-08-12,2026,0.0,0.005,142.0,close
2026-08-12,2026,0.0,0.0075,142.0,close
2026-08-12,2026,0.0,0.01,142.0,close
2026-08-12,2026,0.0,0.015,142.0,close
2026-08-12,2026,0.0,0.0,142.0,close
2026-08-13,2026,0.0075,0.005,141.0,close
2026-08-13,2026,0.0075,0.0075,141.0,close
2026-08-13,2026,0.0075,0.01,141.0,close
2026-08-13,2026,0.0075,0.015,141.0,close
2026-08-13,2026,0.0075,0.0,141.0,close
2026-08-13,2026,0.01,0.005,141.0,close
2026-08-13,2026,0.01,0.0075,141.0,close
2026-08-13,2026,0.01,0.01,141.0,close
2026-08-13,2026,0.01,0.015,141.0,close
2026-08-13,2026,0.01,0.0,141.0,close
2026-08-13,2026,0.015,0.005,141.0,close
2026-08-13,2026,0.015,0.0075,141.0,close
2026-08-13,2026,0.015,0.01,141.0,close
2026-08-13,2026,0.015,0.015,141.0,close
2026-08-13,2026,0.015,0.0,141.0,close
2026-08-13,2026,0.0,0.005,141.0,close
2026-08-13,2026,0.0,0.0075,141.0,close
2026-08-13,2026,0.0,0.01,141.0,close
2026-08-13,2026,0.0,0.015,141.0,close
2026-08-13,2026,0.0,0.0,141.0,close
2026-08-14,2026,0.0075,0.005,-234.51500000000001,stop
2026-08-14,2026,0.0075,0.0075,-350.7725,stop
2026-08-14,2026,0.0075,0.01,-467.03000000000003,stop
2026-08-14,2026,0.0075,0.015,-699.545,stop
2026-08-14,2026,0.0075,0.0,-671.0,close
2026-08-14,2026,0.01,0.005,-234.51500000000001,stop
2026-08-14,2026,0.01,0.0075,-350.7725,stop
2026-08-14,2026,0.01,0.01,-467.03000000000003,stop
2026-08-14,2026,0.01,0.015,-699.545,stop
2026-08-14,2026,0.01,0.0,-671.0,close
2026-08-14,2026,0.015,0.005,-234.51500000000001,stop
2026-08-14,2026,0.015,0.0075,-350.7725,stop
2026-08-14,2026,0.015,0.01,-467.03000000000003,stop
2026-08-14,2026,0.015,0.015,-699.545,stop
2026-08-14,2026,0.015,0.0,-671.0,close
2026-08-14,2026,0.0,0.005,-234.51500000000001,stop
2026-08-14,2026,0.0,0.0075,-350.7725,stop
2026-08-14,2026,0.0,0.01,-467.03000000000003,stop
2026-08-14,2026,0.0,0.015,-699.545,stop
2026-08-14,2026,0.0,0.0,-671.0,close
2026-08-18,2026,0.0075,0.005,-231.85500000000002,stop
2026-08-18,2026,0.0075,0.0075,-346.78249999999997,stop
2026-08-18,2026,0.0075,0.01,-461.71000000000004,stop
2026-08-18,2026,0.0075,0.015,-691.5649999999999,stop
2026-08-18,2026,0.0075,0.0,-894.0,close
2026-08-18,2026,0.01,0.005,-231.85500000000002,stop
2026-08-18,2026,0.01,0.0075,-346.78249999999997,stop
2026-08-18,2026,0.01,0.01,-461.71000000000004,stop
2026-08-18,2026,0.01,0.015,-691.5649999999999,stop
2026-08-18,2026,0.01,0.0,-894.0,close
2026-08-18,2026,0.015,0.005,-231.85500000000002,stop
2026-08-18,2026,0.015,0.0075,-346.78249999999997,stop
2026-08-18,2026,0.015,0.01,-461.71000000000004,stop
2026-08-18,2026,0.015,0.015,-691.5649999999999,stop
2026-08-18,2026,0.015,0.0,-894.0,close
2026-08-18,2026,0.0,0.005,-231.85500000000002,stop
2026-08-18,2026,0.0,0.0075,-346.78249999999997,stop
2026-08-18,2026,0.0,0.01,-461.71000000000004,stop
2026-08-18,2026,0.0,0.015,-691.5649999999999,stop
2026-08-18,2026,0.0,0.0,-894.0,close
