side,c_min,filt,k,tgt,ex,n,winrate,avg,total,max_loss,pf,avg_h1,avg_h2
short,100,無,10,50,12:00,72,0.764,3.99,287.0,-474.0,1.12,-16.1,29.1
short,100,無,10,50,12:30,72,0.778,3.04,219.0,-288.0,1.09,-21.0,33.2
short,100,無,10,50,13:00,72,0.792,1.56,112.0,-297.0,1.04,-23.0,32.2
short,100,無,10,50,13:10,72,0.778,0.81,58.0,-372.0,1.02,-25.0,33.1
short,100,無,10,50,13:20,72,0.778,4.62,333.0,-336.0,1.14,-16.1,30.6
short,100,無,10,50,13:30,72,0.778,2.22,160.0,-435.0,1.06,-19.1,28.9
short,100,無,10,50,13:44,72,0.792,8.21,591.0,-268.0,1.28,-19.7,43.1
short,100,無,10,75,12:00,72,0.694,0.31,22.0,-474.0,1.01,-6.8,9.2
short,100,無,10,75,12:30,72,0.708,-3.18,-229.0,-529.0,0.94,-9.4,4.5
short,100,無,10,75,13:00,72,0.722,-6.72,-484.0,-514.0,0.89,-11.6,-0.6
short,100,無,10,75,13:10,72,0.708,-9.04,-651.0,-532.0,0.85,-15.2,-1.3
short,100,無,10,75,13:20,72,0.708,-1.86,-134.0,-500.0,0.97,-5.1,2.2
short,100,無,10,75,13:30,72,0.708,-3.85,-277.0,-506.0,0.93,-8.5,2.0
short,100,無,10,75,13:44,72,0.722,0.03,2.0,-505.0,1.0,-9.6,12.1
short,100,無,10,100,12:00,72,0.681,11.69,842.0,-474.0,1.24,-2.0,28.8
short,100,無,10,100,12:30,72,0.694,10.78,776.0,-529.0,1.2,-0.5,24.8
short,100,無,10,100,13:00,72,0.708,6.46,465.0,-514.0,1.11,-4.2,19.7
short,100,無,10,100,13:10,72,0.694,3.92,282.0,-532.0,1.06,-8.2,19.0
short,100,無,10,100,13:20,72,0.694,10.07,725.0,-500.0,1.18,0.2,22.5
short,100,無,10,100,13:30,72,0.694,8.15,587.0,-506.0,1.14,-3.2,22.3
short,100,無,10,100,13:44,72,0.681,10.21,735.0,-505.0,1.18,-3.5,27.3
short,100,無,10,150,12:00,72,0.583,2.44,176.0,-474.0,1.04,-12.1,20.7
short,100,無,10,150,12:30,72,0.611,9.03,650.0,-529.0,1.14,-5.4,27.1
short,100,無,10,150,13:00,72,0.597,2.82,203.0,-514.0,1.04,-9.7,18.5
short,100,無,10,150,13:10,72,0.569,-3.61,-260.0,-532.0,0.96,-12.9,8.0
short,100,無,10,150,13:20,72,0.569,4.64,334.0,-500.0,1.06,-6.7,18.8
short,100,無,10,150,13:30,72,0.611,9.65,695.0,-506.0,1.14,-9.0,32.9
short,100,無,10,150,13:44,72,0.611,12.94,932.0,-505.0,1.19,-10.6,42.3
short,100,無,10,200,12:00,72,0.583,16.28,1172.0,-474.0,1.25,-1.0,37.9
short,100,無,10,200,12:30,72,0.611,25.03,1802.0,-529.0,1.38,7.8,46.5
short,100,無,10,200,13:00,72,0.569,11.68,841.0,-514.0,1.15,1.1,24.9
short,100,無,10,200,13:10,72,0.556,6.54,471.0,-532.0,1.08,0.7,13.8
short,100,無,10,200,13:20,72,0.542,16.11,1160.0,-500.0,1.21,7.0,27.6
short,100,無,10,200,13:30,72,0.597,20.5,1476.0,-506.0,1.29,3.8,41.4
short,100,無,10,200,13:44,72,0.569,21.99,1583.0,-505.0,1.31,2.0,47.0
short,100,無,10,250,12:00,72,0.556,11.88,855.0,-474.0,1.18,-1.2,28.2
short,100,無,10,250,12:30,72,0.569,13.76,991.0,-529.0,1.19,2.8,27.5
short,100,無,10,250,13:00,72,0.528,2.85,205.0,-514.0,1.03,-0.3,6.8
short,100,無,10,250,13:10,72,0.514,-4.26,-307.0,-532.0,0.96,-0.7,-8.7
short,100,無,10,250,13:20,72,0.5,9.74,701.0,-500.0,1.12,9.1,10.6
short,100,無,10,250,13:30,72,0.542,11.57,833.0,-506.0,1.14,1.5,24.2
short,100,無,10,250,13:44,72,0.528,16.72,1204.0,-505.0,1.21,6.9,29.0
short,100,無,20,50,12:00,75,0.787,0.69,52.0,-484.0,1.02,-13.8,19.1
short,100,無,20,50,12:30,75,0.8,0.33,25.0,-429.0,1.01,-17.6,23.2
short,100,無,20,50,13:00,75,0.813,-0.01,-1.0,-415.0,1.0,-19.5,24.8
short,100,無,20,50,13:10,75,0.8,-0.25,-19.0,-390.0,0.99,-21.0,26.2
short,100,無,20,50,13:20,75,0.8,3.04,228.0,-357.0,1.09,-13.3,23.8
short,100,無,20,50,13:30,75,0.8,0.72,54.0,-445.0,1.02,-16.0,21.9
short,100,無,20,50,13:44,75,0.813,5.57,418.0,-450.0,1.17,-15.9,32.9
short,100,無,20,75,12:00,75,0.733,6.37,478.0,-484.0,1.15,-7.8,24.4
short,100,無,20,75,12:30,75,0.747,4.21,316.0,-539.0,1.09,-10.4,22.8
short,100,無,20,75,13:00,75,0.747,-0.11,-8.0,-524.0,1.0,-16.0,20.2
short,100,無,20,75,13:10,75,0.733,-2.28,-171.0,-542.0,0.96,-19.7,19.8
short,100,無,20,75,13:20,75,0.733,4.2,315.0,-510.0,1.09,-9.7,21.9
short,100,無,20,75,13:30,75,0.733,1.67,125.0,-516.0,1.03,-12.8,20.1
short,100,無,20,75,13:44,75,0.747,7.35,551.0,-515.0,1.16,-12.6,32.7
short,100,無,20,100,12:00,75,0.707,15.2,1140.0,-484.0,1.34,-5.3,41.3
short,100,無,20,100,12:30,75,0.72,16.07,1205.0,-539.0,1.32,-1.6,38.6
short,100,無,20,100,13:00,75,0.733,12.77,958.0,-524.0,1.23,-3.9,34.0
short,100,無,20,100,13:10,75,0.72,10.29,772.0,-542.0,1.18,-8.2,33.8
short,100,無,20,100,13:20,75,0.72,16.16,1212.0,-510.0,1.32,-0.1,36.8
short,100,無,20,100,13:30,75,0.72,14.39,1079.0,-516.0,1.27,-2.9,36.4
short,100,無,20,100,13:44,75,0.707,17.05,1279.0,-515.0,1.34,-3.2,42.8
short,100,無,20,150,12:00,75,0.6,-0.15,-11.0,-484.0,1.0,-14.9,18.6
short,100,無,20,150,12:30,75,0.627,7.75,581.0,-539.0,1.12,-6.5,25.9
short,100,無,20,150,13:00,75,0.587,-2.15,-161.0,-524.0,0.97,-9.5,7.2
short,100,無,20,150,13:10,75,0.573,-9.08,-681.0,-542.0,0.89,-13.0,-4.0
short,100,無,20,150,13:20,75,0.573,-0.09,-7.0,-510.0,1.0,-6.9,8.6
short,100,無,20,150,13:30,75,0.613,3.35,251.0,-516.0,1.05,-8.7,18.7
short,100,無,20,150,13:44,75,0.6,5.16,387.0,-515.0,1.07,-10.3,24.8
short,100,無,20,200,12:00,75,0.6,12.88,966.0,-484.0,1.2,-6.8,38.0
short,100,無,20,200,12:30,75,0.627,21.07,1580.0,-539.0,1.32,1.0,46.6
short,100,無,20,200,13:00,75,0.587,9.16,687.0,-524.0,1.12,-3.8,25.6
short,100,無,20,200,13:10,75,0.573,4.33,325.0,-542.0,1.05,-4.0,14.9
short,100,無,20,200,13:20,75,0.56,14.16,1062.0,-510.0,1.19,3.5,27.7
short,100,無,20,200,13:30,75,0.613,18.41,1381.0,-516.0,1.26,-0.1,42.0
short,100,無,20,200,13:44,75,0.587,20.77,1558.0,-515.0,1.29,-0.4,47.7
short,100,無,20,250,12:00,75,0.573,9.37,703.0,-484.0,1.14,-5.7,28.5
short,100,無,20,250,12:30,75,0.587,12.31,923.0,-539.0,1.17,-0.2,28.2
short,100,無,20,250,13:00,75,0.547,3.19,239.0,-524.0,1.04,-1.1,8.6
short,100,無,20,250,13:10,75,0.533,-4.52,-339.0,-542.0,0.95,-3.1,-6.3
short,100,無,20,250,13:20,75,0.52,8.28,621.0,-510.0,1.1,5.1,12.3
short,100,無,20,250,13:30,75,0.56,10.09,757.0,-516.0,1.12,-2.3,25.8
short,100,無,20,250,13:44,75,0.547,14.67,1100.0,-515.0,1.18,2.0,30.8
short,100,無,30,50,12:00,77,0.766,-2.66,-205.0,-494.0,0.93,-16.1,14.3
short,100,無,30,50,12:30,77,0.792,-2.13,-164.0,-439.0,0.95,-18.5,18.6
short,100,無,30,50,13:00,77,0.805,-4.01,-309.0,-425.0,0.9,-19.5,15.6
short,100,無,30,50,13:10,77,0.792,-4.75,-366.0,-400.0,0.89,-21.0,15.8
short,100,無,30,50,13:20,77,0.792,-0.05,-4.0,-367.0,1.0,-13.5,16.9
short,100,無,30,50,13:30,77,0.792,-2.22,-171.0,-455.0,0.94,-16.1,15.3
short,100,無,30,50,13:44,77,0.805,3.0,231.0,-460.0,1.08,-16.0,27.1
short,100,無,30,75,12:00,77,0.727,4.53,349.0,-494.0,1.1,-12.5,26.0
short,100,無,30,75,12:30,77,0.714,1.68,129.0,-549.0,1.03,-15.2,23.1
short,100,無,30,75,13:00,77,0.727,-1.75,-135.0,-534.0,0.97,-19.4,20.6
short,100,無,30,75,13:10,77,0.727,-4.01,-309.0,-552.0,0.93,-23.2,20.2
short,100,無,30,75,13:20,77,0.727,2.05,158.0,-520.0,1.04,-13.9,22.3
short,100,無,30,75,13:30,77,0.714,-0.84,-65.0,-526.0,0.98,-17.7,20.5
short,100,無,30,75,13:44,77,0.714,1.94,149.0,-525.0,1.04,-18.4,27.6
short,100,無,30,100,12:00,77,0.701,13.3,1024.0,-494.0,1.29,-8.9,41.4
short,100,無,30,100,12:30,77,0.714,15.88,1223.0,-549.0,1.32,-5.4,42.9
short,100,無,30,100,13:00,77,0.714,12.27,945.0,-534.0,1.23,-8.8,38.9
short,100,無,30,100,13:10,77,0.701,8.49,654.0,-552.0,1.15,-12.7,35.4
short,100,無,30,100,13:20,77,0.714,14.83,1142.0,-520.0,1.29,-4.6,39.4
short,100,無,30,100,13:30,77,0.701,12.69,977.0,-526.0,1.24,-8.6,39.6
short,100,無,30,100,13:44,77,0.714,16.09,1239.0,-525.0,1.32,-8.8,47.5
short,100,無,30,150,12:00,77,0.61,0.16,12.0,-494.0,1.0,-18.8,24.2
short,100,無,30,150,12:30,77,0.61,6.9,531.0,-549.0,1.11,-11.3,29.9
short,100,無,30,150,13:00,77,0.584,-1.03,-79.0,-534.0,0.99,-14.0,15.4
short,100,無,30,150,13:10,77,0.571,-8.75,-674.0,-552.0,0.89,-18.0,2.9
short,100,無,30,150,13:20,77,0.584,-0.14,-11.0,-520.0,1.0,-11.6,14.3
short,100,無,30,150,13:30,77,0.597,2.88,222.0,-526.0,1.04,-13.9,24.1
short,100,無,30,150,13:44,77,0.597,4.4,339.0,-525.0,1.06,-15.8,30.0
short,100,無,30,200,12:00,77,0.61,13.68,1053.0,-494.0,1.21,-11.3,45.3
short,100,無,30,200,12:30,77,0.61,21.39,1647.0,-549.0,1.33,-4.5,54.1
short,100,無,30,200,13:00,77,0.571,11.58,892.0,-534.0,1.15,-9.3,38.0
short,100,無,30,200,13:10,77,0.571,6.6,508.0,-552.0,1.08,-9.9,27.5
short,100,無,30,200,13:20,77,0.584,17.08,1315.0,-520.0,1.23,-2.0,41.2
short,100,無,30,200,13:30,77,0.597,19.87,1530.0,-526.0,1.28,-5.8,52.4
short,100,無,30,200,13:44,77,0.584,22.05,1698.0,-525.0,1.31,-6.5,58.2
short,100,無,30,250,12:00,77,0.558,1.78,137.0,-494.0,1.03,-19.5,28.7
short,100,無,30,250,12:30,77,0.545,2.92,225.0,-549.0,1.04,-16.2,27.1
short,100,無,30,250,13:00,77,0.506,-3.56,-274.0,-534.0,0.96,-15.0,10.9
short,100,無,30,250,13:10,77,0.506,-13.1,-1009.0,-552.0,0.87,-20.7,-3.5
short,100,無,30,250,13:20,77,0.519,0.53,41.0,-520.0,1.01,-12.3,16.8
short,100,無,30,250,13:30,77,0.519,3.12,240.0,-526.0,1.04,-17.0,28.5
short,100,無,30,250,13:44,77,0.519,8.61,663.0,-525.0,1.1,-10.5,32.7
short,100,無,40,50,12:00,78,0.769,0.42,33.0,-383.0,1.01,-18.3,24.7
short,100,無,40,50,12:30,78,0.795,-3.59,-280.0,-559.0,0.91,-18.6,15.8
short,100,無,40,50,13:00,78,0.808,-3.14,-245.0,-544.0,0.93,-18.5,16.7
short,100,無,40,50,13:10,78,0.808,-3.71,-289.0,-562.0,0.91,-19.6,16.9
short,100,無,40,50,13:20,78,0.808,1.01,79.0,-530.0,1.03,-12.7,18.8
short,100,無,40,50,13:30,78,0.808,0.08,6.0,-536.0,1.0,-15.1,19.7
short,100,無,40,50,13:44,78,0.808,-2.08,-162.0,-535.0,0.95,-16.0,15.9
short,100,無,40,75,12:00,78,0.705,1.63,127.0,-504.0,1.04,-16.5,25.1
short,100,無,40,75,12:30,78,0.705,-0.41,-32.0,-559.0,0.99,-17.9,22.2
short,100,無,40,75,13:00,78,0.718,-2.72,-212.0,-544.0,0.95,-20.0,19.7
short,100,無,40,75,13:10,78,0.731,-5.14,-401.0,-562.0,0.91,-24.1,19.4
short,100,無,40,75,13:20,78,0.705,0.21,16.0,-530.0,1.0,-16.2,21.4
short,100,無,40,75,13:30,78,0.718,-2.55,-199.0,-536.0,0.95,-19.7,19.6
short,100,無,40,75,13:44,78,0.718,0.15,12.0,-535.0,1.0,-20.4,26.8
short,100,無,40,100,12:00,78,0.667,6.85,534.0,-504.0,1.14,-10.9,29.8
short,100,無,40,100,12:30,78,0.679,8.94,697.0,-559.0,1.17,-7.2,29.9
short,100,無,40,100,13:00,78,0.692,5.72,446.0,-544.0,1.1,-10.3,26.5
short,100,無,40,100,13:10,78,0.692,0.82,64.0,-562.0,1.01,-15.4,21.8
short,100,無,40,100,13:20,78,0.667,7.32,571.0,-530.0,1.13,-8.6,27.9
short,100,無,40,100,13:30,78,0.692,5.87,458.0,-536.0,1.1,-12.2,29.3
short,100,無,40,100,13:44,78,0.705,9.37,731.0,-535.0,1.17,-12.8,38.1
short,100,無,40,150,12:00,78,0.59,-2.59,-202.0,-504.0,0.96,-20.8,20.9
short,100,無,40,150,12:30,78,0.59,4.92,384.0,-559.0,1.07,-12.1,26.9
short,100,無,40,150,13:00,78,0.564,-2.64,-206.0,-544.0,0.97,-14.3,12.5
short,100,無,40,150,13:10,78,0.564,-10.27,-801.0,-562.0,0.88,-18.2,-0.1
short,100,無,40,150,13:20,78,0.551,-1.77,-138.0,-530.0,0.98,-11.9,11.4
short,100,無,40,150,13:30,78,0.59,1.22,95.0,-536.0,1.02,-14.2,21.1
short,100,無,40,150,13:44,78,0.603,2.85,222.0,-535.0,1.04,-16.1,27.3
short,100,無,40,200,12:00,78,0.577,4.69,366.0,-504.0,1.07,-15.5,30.8
short,100,無,40,200,12:30,78,0.577,10.9,850.0,-559.0,1.16,-11.9,40.4
short,100,無,40,200,13:00,78,0.538,-0.08,-6.0,-544.0,1.0,-14.8,19.0
short,100,無,40,200,13:10,78,0.551,-6.65,-519.0,-562.0,0.93,-16.5,6.1
short,100,無,40,200,13:20,78,0.538,5.32,415.0,-530.0,1.07,-7.0,21.3
short,100,無,40,200,13:30,78,0.564,6.24,487.0,-536.0,1.08,-15.0,33.8
short,100,無,40,200,13:44,78,0.577,12.9,1006.0,-535.0,1.17,-10.5,43.2
short,100,無,40,250,12:00,78,0.538,-3.86,-301.0,-504.0,0.95,-24.7,23.1
short,100,無,40,250,12:30,78,0.526,-0.94,-73.0,-559.0,0.99,-18.5,21.8
short,100,無,40,250,13:00,78,0.487,-8.21,-640.0,-544.0,0.91,-19.4,6.2
short,100,無,40,250,13:10,78,0.5,-17.9,-1396.0,-562.0,0.82,-25.4,-8.2
short,100,無,40,250,13:20,78,0.487,-4.31,-336.0,-530.0,0.95,-17.0,12.1
short,100,無,40,250,13:30,78,0.513,-1.45,-113.0,-536.0,0.98,-21.2,24.1
short,100,無,40,250,13:44,78,0.5,3.79,296.0,-535.0,1.04,-15.4,28.6
short,100,無,50,50,12:00,84,0.774,4.85,407.0,-383.0,1.16,-18.0,33.9
short,100,無,50,50,12:30,84,0.762,0.12,10.0,-439.0,1.0,-21.3,27.4
short,100,無,50,50,13:00,84,0.786,-1.76,-148.0,-425.0,0.96,-24.7,27.3
short,100,無,50,50,13:10,84,0.798,-2.11,-177.0,-404.0,0.95,-26.0,28.2
short,100,無,50,50,13:20,84,0.798,2.38,200.0,-367.0,1.07,-18.5,28.9
short,100,無,50,50,13:30,84,0.798,1.39,117.0,-329.0,1.04,-21.2,30.1
short,100,無,50,50,13:44,84,0.798,0.24,20.0,-460.0,1.01,-20.4,26.4
short,100,無,50,75,12:00,84,0.714,12.04,1011.0,-383.0,1.34,-14.0,45.1
short,100,無,50,75,12:30,84,0.702,9.52,800.0,-439.0,1.24,-16.7,42.8
short,100,無,50,75,13:00,84,0.714,5.65,475.0,-425.0,1.12,-19.8,38.0
short,100,無,50,75,13:10,84,0.726,1.33,112.0,-404.0,1.03,-25.1,34.9
short,100,無,50,75,13:20,84,0.702,7.57,636.0,-367.0,1.17,-18.4,40.5
short,100,無,50,75,13:30,84,0.702,6.98,586.0,-329.0,1.16,-21.9,43.7
short,100,無,50,75,13:44,84,0.714,6.43,540.0,-460.0,1.14,-22.7,43.4
short,100,無,50,100,12:00,84,0.667,12.5,1050.0,-514.0,1.29,-8.9,39.7
short,100,無,50,100,12:30,84,0.655,13.68,1149.0,-439.0,1.29,-8.3,41.6
short,100,無,50,100,13:00,84,0.679,10.85,911.0,-425.0,1.2,-11.1,38.7
short,100,無,50,100,13:10,84,0.69,4.76,400.0,-404.0,1.08,-18.7,34.6
short,100,無,50,100,13:20,84,0.667,10.29,864.0,-376.0,1.2,-13.3,40.2
short,100,無,50,100,13:30,84,0.667,9.89,831.0,-475.0,1.19,-15.3,41.8
short,100,無,50,100,13:44,84,0.679,12.86,1080.0,-460.0,1.26,-16.2,49.8
short,100,無,50,150,12:00,84,0.583,1.29,108.0,-514.0,1.02,-13.8,20.4
short,100,無,50,150,12:30,84,0.56,4.35,365.0,-569.0,1.06,-8.9,21.2
short,100,無,50,150,13:00,84,0.56,-3.33,-280.0,-554.0,0.96,-12.4,8.2
short,100,無,50,150,13:10,84,0.56,-10.17,-854.0,-572.0,0.88,-15.3,-3.6
short,100,無,50,150,13:20,84,0.548,-1.77,-149.0,-540.0,0.98,-10.4,9.2
short,100,無,50,150,13:30,84,0.571,0.76,64.0,-546.0,1.01,-13.1,18.3
short,100,無,50,150,13:44,84,0.583,2.31,194.0,-545.0,1.03,-14.9,24.2
short,100,無,50,200,12:00,84,0.56,0.89,75.0,-514.0,1.01,-12.0,17.3
short,100,無,50,200,12:30,84,0.512,-1.14,-96.0,-569.0,0.98,-13.7,14.8
short,100,無,50,200,13:00,84,0.5,-11.27,-947.0,-554.0,0.87,-15.3,-6.1
short,100,無,50,200,13:10,84,0.512,-17.77,-1493.0,-572.0,0.81,-17.7,-17.8
short,100,無,50,200,13:20,84,0.5,-6.12,-514.0,-540.0,0.93,-10.8,-0.2
short,100,無,50,200,13:30,84,0.512,-3.73,-313.0,-546.0,0.95,-18.4,14.9
short,100,無,50,200,13:44,84,0.524,0.58,49.0,-545.0,1.01,-15.9,21.5
short,100,無,50,250,12:00,84,0.536,-0.98,-82.0,-514.0,0.99,-19.9,23.1
short,100,無,50,250,12:30,84,0.488,-2.42,-203.0,-569.0,0.97,-17.8,17.1
short,100,無,50,250,13:00,84,0.476,-8.76,-736.0,-554.0,0.9,-18.4,3.5
short,100,無,50,250,13:10,84,0.488,-18.86,-1584.0,-572.0,0.81,-25.8,-10.0
short,100,無,50,250,13:20,84,0.476,-6.31,-530.0,-540.0,0.93,-19.8,10.9
short,100,無,50,250,13:30,84,0.488,-3.88,-326.0,-546.0,0.96,-24.9,22.8
short,100,無,50,250,13:44,84,0.476,0.33,28.0,-545.0,1.0,-21.0,27.5
short,100,無,60,50,12:00,89,0.764,3.9,347.0,-383.0,1.12,-16.9,29.4
short,100,無,60,50,12:30,89,0.764,-0.62,-55.0,-439.0,0.98,-20.4,23.6
short,100,無,60,50,13:00,89,0.798,-1.74,-155.0,-425.0,0.96,-19.5,20.0
short,100,無,60,50,13:10,89,0.809,-2.04,-182.0,-404.0,0.95,-19.9,19.9
short,100,無,60,50,13:20,89,0.787,2.57,229.0,-367.0,1.07,-14.4,23.4
short,100,無,60,50,13:30,89,0.787,1.76,157.0,-329.0,1.05,-16.9,24.6
short,100,無,60,50,13:44,89,0.787,0.06,5.0,-460.0,1.0,-17.8,22.0
short,100,無,60,75,12:00,89,0.719,15.88,1413.0,-383.0,1.46,-10.4,48.1
short,100,無,60,75,12:30,89,0.719,13.55,1206.0,-439.0,1.35,-11.4,44.1
short,100,無,60,75,13:00,89,0.753,9.83,875.0,-425.0,1.22,-14.7,39.9
short,100,無,60,75,13:10,89,0.764,6.21,553.0,-404.0,1.13,-18.9,37.0
short,100,無,60,75,13:20,89,0.73,11.84,1054.0,-367.0,1.29,-12.9,42.2
short,100,無,60,75,13:30,89,0.742,11.93,1062.0,-329.0,1.29,-15.2,45.1
short,100,無,60,75,13:44,89,0.73,10.7,952.0,-460.0,1.26,-15.8,43.1
short,100,無,60,100,12:00,89,0.652,7.8,694.0,-524.0,1.16,-6.4,25.2
short,100,無,60,100,12:30,89,0.629,6.69,595.0,-579.0,1.13,-6.5,22.9
short,100,無,60,100,13:00,89,0.674,3.52,313.0,-564.0,1.06,-10.5,20.7
short,100,無,60,100,13:10,89,0.685,-3.85,-343.0,-582.0,0.94,-17.7,13.0
short,100,無,60,100,13:20,89,0.652,2.35,209.0,-550.0,1.04,-12.3,20.3
short,100,無,60,100,13:30,89,0.663,3.53,314.0,-556.0,1.06,-14.8,26.0
short,100,無,60,100,13:44,89,0.663,7.73,688.0,-555.0,1.14,-15.2,35.8
short,100,無,60,150,12:00,89,0.584,6.27,558.0,-524.0,1.1,-8.4,24.2
short,100,無,60,150,12:30,89,0.562,8.96,797.0,-579.0,1.14,-4.3,25.2
short,100,無,60,150,13:00,89,0.573,0.13,12.0,-564.0,1.0,-9.1,11.5
short,100,無,60,150,13:10,89,0.584,-4.75,-423.0,-582.0,0.94,-11.7,3.8
short,100,無,60,150,13:20,89,0.562,3.71,330.0,-550.0,1.05,-7.0,16.8
short,100,無,60,150,13:30,89,0.573,6.22,554.0,-556.0,1.09,-9.6,25.6
short,100,無,60,150,13:44,89,0.573,7.8,694.0,-555.0,1.11,-11.3,31.2
short,100,無,60,200,12:00,89,0.551,4.45,396.0,-524.0,1.07,-4.3,15.2
short,100,無,60,200,12:30,89,0.506,1.88,167.0,-579.0,1.03,-6.7,12.3
short,100,無,60,200,13:00,89,0.517,-8.3,-739.0,-564.0,0.9,-10.1,-6.1
short,100,無,60,200,13:10,89,0.517,-15.51,-1380.0,-582.0,0.84,-12.9,-18.7
short,100,無,60,200,13:20,89,0.506,-3.13,-279.0,-550.0,0.96,-6.2,0.6
short,100,無,60,200,13:30,89,0.506,-2.48,-221.0,-556.0,0.97,-13.2,10.7
short,100,無,60,200,13:44,89,0.506,0.71,63.0,-555.0,1.01,-10.8,14.8
short,100,無,60,250,12:00,89,0.528,10.73,955.0,-524.0,1.16,-9.2,35.2
short,100,無,60,250,12:30,89,0.494,9.07,807.0,-579.0,1.12,-7.9,29.9
short,100,無,60,250,13:00,89,0.506,2.18,194.0,-564.0,1.02,-10.4,17.6
short,100,無,60,250,13:10,89,0.506,-6.73,-599.0,-582.0,0.93,-16.4,5.1
short,100,無,60,250,13:20,89,0.494,5.75,512.0,-550.0,1.07,-9.5,24.4
short,100,無,60,250,13:30,89,0.494,8.66,771.0,-556.0,1.1,-13.4,35.7
short,100,無,60,250,13:44,89,0.483,13.29,1183.0,-555.0,1.15,-8.7,40.3
short,100,無,70,50,12:00,93,0.806,12.62,1174.0,-383.0,1.49,-4.9,35.8
short,100,無,70,50,12:30,93,0.828,9.24,859.0,-439.0,1.3,-7.0,30.8
short,100,無,70,50,13:00,93,0.849,7.91,736.0,-425.0,1.24,-7.5,28.4
short,100,無,70,50,13:10,93,0.849,7.66,712.0,-404.0,1.23,-8.6,29.2
short,100,無,70,50,13:20,93,0.839,11.01,1024.0,-367.0,1.38,-3.2,29.8
short,100,無,70,50,13:30,93,0.839,10.12,941.0,-329.0,1.34,-5.6,30.9
short,100,無,70,50,13:44,93,0.839,7.97,741.0,-460.0,1.25,-6.8,27.6
short,100,無,70,75,12:00,93,0.742,16.69,1552.0,-534.0,1.45,3.6,34.1
short,100,無,70,75,12:30,93,0.763,15.83,1472.0,-439.0,1.4,1.8,34.4
short,100,無,70,75,13:00,93,0.785,13.56,1261.0,-425.0,1.32,1.6,29.4
short,100,無,70,75,13:10,93,0.796,11.27,1048.0,-404.0,1.25,-0.7,27.1
short,100,無,70,75,13:20,93,0.763,14.52,1350.0,-396.0,1.36,4.1,28.4
short,100,無,70,75,13:30,93,0.763,13.58,1263.0,-495.0,1.33,1.4,29.7
short,100,無,70,75,13:44,93,0.753,15.41,1433.0,-460.0,1.39,-0.4,36.3
short,100,無,70,100,12:00,93,0.656,12.57,1169.0,-534.0,1.26,-1.3,31.0
short,100,無,70,100,12:30,93,0.667,12.48,1161.0,-589.0,1.25,-0.5,29.7
short,100,無,70,100,13:00,93,0.688,7.37,685.0,-574.0,1.13,-2.0,19.8
short,100,無,70,100,13:10,93,0.699,0.73,68.0,-592.0,1.01,-8.3,12.7
short,100,無,70,100,13:20,93,0.677,5.46,508.0,-560.0,1.09,-3.7,17.6
short,100,無,70,100,13:30,93,0.667,5.49,511.0,-566.0,1.1,-5.5,20.1
short,100,無,70,100,13:44,93,0.667,8.33,775.0,-565.0,1.15,-5.5,26.7
short,100,無,70,150,12:00,93,0.581,11.14,1036.0,-534.0,1.18,3.1,21.8
short,100,無,70,150,12:30,93,0.581,11.84,1101.0,-589.0,1.18,5.6,20.1
short,100,無,70,150,13:00,93,0.602,3.45,321.0,-574.0,1.05,1.0,6.6
short,100,無,70,150,13:10,93,0.613,-1.25,-116.0,-592.0,0.98,-0.3,-2.6
short,100,無,70,150,13:20,93,0.591,7.28,677.0,-560.0,1.1,4.3,11.2
short,100,無,70,150,13:30,93,0.591,10.35,963.0,-566.0,1.15,2.3,21.1
short,100,無,70,150,13:44,93,0.591,11.73,1091.0,-565.0,1.17,1.2,25.7
short,100,無,70,200,12:00,93,0.538,14.14,1315.0,-534.0,1.21,12.7,16.0
short,100,無,70,200,12:30,93,0.527,11.91,1108.0,-589.0,1.16,13.5,9.8
short,100,無,70,200,13:00,93,0.548,0.87,81.0,-574.0,1.01,9.4,-10.4
short,100,無,70,200,13:10,93,0.559,-4.84,-450.0,-592.0,0.95,8.8,-22.9
short,100,無,70,200,13:20,93,0.538,6.03,561.0,-560.0,1.07,13.3,-3.6
short,100,無,70,200,13:30,93,0.538,9.6,893.0,-566.0,1.12,11.8,6.7
short,100,無,70,200,13:44,93,0.527,10.56,982.0,-565.0,1.13,10.8,10.3
short,100,無,70,250,12:00,93,0.495,14.69,1366.0,-534.0,1.21,8.7,22.6
short,100,無,70,250,12:30,93,0.505,17.17,1597.0,-589.0,1.23,11.9,24.1
short,100,無,70,250,13:00,93,0.527,8.6,800.0,-574.0,1.1,8.4,8.9
short,100,無,70,250,13:10,93,0.516,-0.3,-28.0,-592.0,1.0,4.5,-6.6
short,100,無,70,250,13:20,93,0.505,10.2,949.0,-560.0,1.12,9.5,11.2
short,100,無,70,250,13:30,93,0.505,15.12,1406.0,-566.0,1.18,10.2,21.6
short,100,無,70,250,13:44,93,0.484,16.38,1523.0,-565.0,1.19,11.0,23.5
short,100,無,80,50,12:00,93,0.785,10.28,956.0,-383.0,1.38,-6.1,31.9
short,100,無,80,50,12:30,93,0.817,7.85,730.0,-439.0,1.25,-7.8,28.6
short,100,無,80,50,13:00,93,0.828,6.13,570.0,-425.0,1.18,-8.1,25.0
short,100,無,80,50,13:10,93,0.828,4.69,436.0,-404.0,1.13,-9.2,23.0
short,100,無,80,50,13:20,93,0.828,8.78,817.0,-367.0,1.28,-3.8,25.4
short,100,無,80,50,13:30,93,0.828,8.6,800.0,-329.0,1.28,-6.2,28.2
short,100,無,80,50,13:44,93,0.828,6.74,627.0,-460.0,1.2,-7.4,25.4
short,100,無,80,75,12:00,93,0.688,7.58,705.0,-544.0,1.18,-2.9,21.5
short,100,無,80,75,12:30,93,0.71,8.0,744.0,-439.0,1.19,-5.6,26.1
short,100,無,80,75,13:00,93,0.731,6.44,599.0,-425.0,1.14,-7.0,24.2
short,100,無,80,75,13:10,93,0.731,1.09,101.0,-404.0,1.02,-12.0,18.4
short,100,無,80,75,13:20,93,0.72,4.44,413.0,-406.0,1.09,-7.8,20.7
short,100,無,80,75,13:30,93,0.72,5.94,552.0,-505.0,1.13,-9.5,26.4
short,100,無,80,75,13:44,93,0.72,8.84,822.0,-460.0,1.2,-11.2,35.4
short,100,無,80,100,12:00,93,0.624,6.52,606.0,-544.0,1.13,-4.0,20.4
short,100,無,80,100,12:30,93,0.645,5.91,550.0,-599.0,1.11,-3.0,17.8
short,100,無,80,100,13:00,93,0.667,-0.08,-7.0,-584.0,1.0,-4.3,5.6
short,100,無,80,100,13:10,93,0.656,-7.68,-714.0,-602.0,0.89,-10.6,-3.8
short,100,無,80,100,13:20,93,0.656,-1.68,-156.0,-570.0,0.97,-6.0,4.0
short,100,無,80,100,13:30,93,0.656,-1.11,-103.0,-576.0,0.98,-7.8,7.8
short,100,無,80,100,13:44,93,0.645,1.71,159.0,-575.0,1.03,-7.8,14.4
short,100,無,80,150,12:00,93,0.548,8.26,768.0,-544.0,1.13,0.4,18.6
short,100,無,80,150,12:30,93,0.581,8.96,833.0,-599.0,1.13,2.9,16.9
short,100,無,80,150,13:00,93,0.581,0.57,53.0,-584.0,1.01,-1.6,3.5
short,100,無,80,150,13:10,93,0.591,-4.13,-384.0,-602.0,0.95,-2.9,-5.7
short,100,無,80,150,13:20,93,0.591,4.51,419.0,-570.0,1.06,1.8,8.0
short,100,無,80,150,13:30,93,0.591,7.8,725.0,-576.0,1.11,-0.2,18.4
short,100,無,80,150,13:44,93,0.591,9.28,863.0,-575.0,1.13,-1.3,23.3
short,100,無,80,200,12:00,93,0.505,8.94,831.0,-544.0,1.13,2.9,16.9
short,100,無,80,200,12:30,93,0.527,8.33,775.0,-599.0,1.11,2.7,15.8
short,100,無,80,200,13:00,93,0.527,-1.62,-151.0,-584.0,0.98,0.5,-4.5
short,100,無,80,200,13:10,93,0.538,-8.01,-745.0,-602.0,0.92,-1.0,-17.3
short,100,無,80,200,13:20,93,0.538,2.62,244.0,-570.0,1.03,3.5,1.5
short,100,無,80,200,13:30,93,0.538,6.48,603.0,-576.0,1.08,3.4,10.6
short,100,無,80,200,13:44,93,0.527,9.25,860.0,-575.0,1.11,3.6,16.7
short,100,無,80,250,12:00,93,0.473,12.62,1174.0,-544.0,1.18,3.6,24.5
short,100,無,80,250,12:30,93,0.516,17.48,1626.0,-599.0,1.23,7.2,31.1
short,100,無,80,250,13:00,93,0.516,8.37,778.0,-584.0,1.1,2.8,15.8
short,100,無,80,250,13:10,93,0.505,-0.57,-53.0,-602.0,0.99,-1.0,0.0
short,100,無,80,250,13:20,93,0.505,9.35,870.0,-570.0,1.11,3.4,17.3
short,100,無,80,250,13:30,93,0.505,14.09,1310.0,-576.0,1.16,4.7,26.6
short,100,無,80,250,13:44,93,0.495,16.47,1532.0,-575.0,1.19,5.6,30.9
short,100,無,90,50,12:00,94,0.777,8.2,771.0,-383.0,1.28,-9.0,31.4
short,100,無,90,50,12:30,94,0.809,5.47,514.0,-439.0,1.17,-11.3,28.1
short,100,無,90,50,13:00,94,0.819,4.9,461.0,-425.0,1.14,-9.6,24.5
short,100,無,90,50,13:10,94,0.819,3.09,290.0,-404.0,1.09,-11.3,22.6
short,100,無,90,50,13:20,94,0.819,7.28,684.0,-367.0,1.23,-5.8,24.9
short,100,無,90,50,13:30,94,0.819,6.96,654.0,-329.0,1.21,-8.4,27.6
short,100,無,90,50,13:44,94,0.819,5.26,494.0,-460.0,1.15,-9.3,25.0
short,100,無,90,75,12:00,94,0.681,2.13,200.0,-554.0,1.05,-3.2,9.4
short,100,無,90,75,12:30,94,0.702,-0.03,-3.0,-609.0,1.0,-5.8,7.8
short,100,無,90,75,13:00,94,0.723,-1.31,-123.0,-594.0,0.98,-7.1,6.5
short,100,無,90,75,13:10,94,0.713,-6.8,-639.0,-612.0,0.88,-12.1,0.3
short,100,無,90,75,13:20,94,0.713,-3.14,-295.0,-580.0,0.94,-8.0,3.4
short,100,無,90,75,13:30,94,0.713,-1.72,-162.0,-586.0,0.97,-9.6,8.9
short,100,無,90,75,13:44,94,0.713,1.27,119.0,-585.0,1.03,-11.2,18.2
short,100,無,90,100,12:00,94,0.638,8.49,798.0,-554.0,1.16,-0.4,20.6
short,100,無,90,100,12:30,94,0.66,7.27,683.0,-609.0,1.13,-0.3,17.5
short,100,無,90,100,13:00,94,0.691,4.23,398.0,-594.0,1.07,0.9,8.7
short,100,無,90,100,13:10,94,0.67,-2.99,-281.0,-612.0,0.96,-3.8,-1.9
short,100,無,90,100,13:20,94,0.67,1.99,187.0,-580.0,1.03,0.5,4.0
short,100,無,90,100,13:30,94,0.681,3.1,291.0,-586.0,1.05,-1.4,9.2
short,100,無,90,100,13:44,94,0.67,6.07,571.0,-585.0,1.1,-2.5,17.6
short,100,無,90,150,12:00,94,0.553,8.28,778.0,-554.0,1.13,5.7,11.7
short,100,無,90,150,12:30,94,0.585,8.38,788.0,-609.0,1.12,7.3,9.8
short,100,無,90,150,13:00,94,0.596,0.39,37.0,-594.0,1.01,5.2,-6.1
short,100,無,90,150,13:10,94,0.585,-4.8,-451.0,-612.0,0.94,5.3,-18.4
short,100,無,90,150,13:20,94,0.596,3.22,303.0,-580.0,1.04,9.6,-5.4
short,100,無,90,150,13:30,94,0.606,7.82,735.0,-586.0,1.11,7.8,7.8
short,100,無,90,150,13:44,94,0.596,10.67,1003.0,-585.0,1.15,5.8,17.3
short,100,無,90,200,12:00,94,0.511,8.89,836.0,-554.0,1.12,5.7,13.2
short,100,無,90,200,12:30,94,0.543,9.17,862.0,-609.0,1.12,6.9,12.3
short,100,無,90,200,13:00,94,0.532,-0.26,-24.0,-594.0,1.0,5.5,-8.0
short,100,無,90,200,13:10,94,0.521,-5.99,-563.0,-612.0,0.94,5.0,-20.8
short,100,無,90,200,13:20,94,0.543,4.52,425.0,-580.0,1.05,9.3,-2.0
short,100,無,90,200,13:30,94,0.543,8.4,790.0,-586.0,1.1,9.2,7.4
short,100,無,90,200,13:44,94,0.521,10.3,968.0,-585.0,1.12,7.8,13.7
short,100,無,90,250,12:00,94,0.468,9.24,869.0,-554.0,1.13,0.9,20.5
short,100,無,90,250,12:30,94,0.521,14.64,1376.0,-609.0,1.19,5.2,27.3
short,100,無,90,250,13:00,94,0.511,6.57,618.0,-594.0,1.07,2.5,12.0
short,100,無,90,250,13:10,94,0.489,-2.85,-268.0,-612.0,0.97,-2.2,-3.8
short,100,無,90,250,13:20,94,0.511,6.36,598.0,-580.0,1.07,1.0,13.6
short,100,無,90,250,13:30,94,0.5,10.72,1008.0,-586.0,1.12,1.6,23.0
short,100,無,90,250,13:44,94,0.479,12.79,1202.0,-585.0,1.14,1.8,27.6
short,100,無,100,50,12:00,95,0.758,0.97,92.0,-564.0,1.03,-11.3,17.8
short,100,無,100,50,12:30,95,0.789,0.96,91.0,-439.0,1.03,-15.0,22.8
short,100,無,100,50,13:00,95,0.8,1.93,183.0,-425.0,1.05,-13.3,22.9
short,100,無,100,50,13:10,95,0.8,-1.18,-112.0,-404.0,0.97,-17.5,21.3
short,100,無,100,50,13:20,95,0.8,1.41,134.0,-426.0,1.04,-12.9,21.1
short,100,無,100,50,13:30,95,0.8,0.71,67.0,-525.0,1.02,-14.2,21.2
short,100,無,100,50,13:44,95,0.8,2.49,237.0,-460.0,1.07,-15.5,27.2
short,100,無,100,75,12:00,95,0.663,-2.24,-213.0,-564.0,0.96,-10.4,8.9
short,100,無,100,75,12:30,95,0.684,-3.81,-362.0,-619.0,0.93,-13.4,9.3
short,100,無,100,75,13:00,95,0.705,-4.38,-416.0,-604.0,0.92,-12.7,7.0
short,100,無,100,75,13:10,95,0.695,-11.21,-1065.0,-622.0,0.82,-17.3,-2.8
short,100,無,100,75,13:20,95,0.695,-7.34,-697.0,-590.0,0.87,-12.9,0.4
short,100,無,100,75,13:30,95,0.684,-6.06,-576.0,-596.0,0.89,-14.3,5.3
short,100,無,100,75,13:44,95,0.695,-3.78,-359.0,-595.0,0.93,-15.8,12.8
short,100,無,100,100,12:00,95,0.642,9.13,867.0,-564.0,1.17,-0.4,22.2
short,100,無,100,100,12:30,95,0.674,9.46,899.0,-619.0,1.17,-0.3,22.8
short,100,無,100,100,13:00,95,0.695,6.88,654.0,-604.0,1.12,-0.3,16.7
short,100,無,100,100,13:10,95,0.684,0.48,46.0,-622.0,1.01,-3.5,6.0
short,100,無,100,100,13:20,95,0.684,5.49,522.0,-590.0,1.09,0.8,12.0
short,100,無,100,100,13:30,95,0.674,6.53,620.0,-596.0,1.11,-1.2,17.1
short,100,無,100,100,13:44,95,0.684,9.62,914.0,-595.0,1.17,-2.2,25.9
short,100,無,100,150,12:00,95,0.537,6.58,625.0,-564.0,1.1,6.6,6.6
short,100,無,100,150,12:30,95,0.579,7.69,731.0,-619.0,1.11,8.1,7.1
short,100,無,100,150,13:00,95,0.589,0.23,22.0,-604.0,1.0,6.1,-7.8
short,100,無,100,150,13:10,95,0.589,-4.93,-468.0,-622.0,0.94,6.2,-20.2
short,100,無,100,150,13:20,95,0.6,3.41,324.0,-590.0,1.04,10.4,-6.2
short,100,無,100,150,13:30,95,0.589,8.33,791.0,-596.0,1.11,8.8,7.6
short,100,無,100,150,13:44,95,0.6,11.35,1078.0,-595.0,1.16,6.8,17.6
short,100,無,100,200,12:00,95,0.505,10.68,1015.0,-564.0,1.15,7.3,15.3
short,100,無,100,200,12:30,95,0.547,12.61,1198.0,-619.0,1.17,8.4,18.4
short,100,無,100,200,13:00,95,0.537,4.43,421.0,-604.0,1.05,7.1,0.8
short,100,無,100,200,13:10,95,0.537,-1.33,-126.0,-622.0,0.99,6.6,-12.2
short,100,無,100,200,13:20,95,0.558,9.16,870.0,-590.0,1.11,10.9,6.8
short,100,無,100,200,13:30,95,0.537,12.68,1205.0,-596.0,1.16,10.1,16.3
short,100,無,100,200,13:44,95,0.537,14.64,1391.0,-595.0,1.18,8.6,22.9
short,100,無,100,250,12:00,95,0.463,9.56,908.0,-564.0,1.13,-0.7,23.7
short,100,無,100,250,12:30,95,0.516,16.04,1524.0,-619.0,1.21,2.7,34.4
short,100,無,100,250,13:00,95,0.505,8.67,824.0,-604.0,1.1,-0.9,21.8
short,100,無,100,250,13:10,95,0.495,-0.38,-36.0,-622.0,1.0,-4.9,5.8
short,100,無,100,250,13:20,95,0.516,8.79,835.0,-590.0,1.1,-1.8,23.4
short,100,無,100,250,13:30,95,0.484,12.03,1143.0,-596.0,1.14,-3.2,33.0
short,100,無,100,250,13:44,95,0.484,12.22,1161.0,-595.0,1.13,-6.4,37.9
short,100,無,110,50,12:00,97,0.732,-7.51,-728.0,-574.0,0.82,-10.0,-4.0
short,100,無,110,50,12:30,97,0.763,-7.75,-752.0,-629.0,0.82,-12.8,-0.9
short,100,無,110,50,13:00,97,0.773,-6.82,-662.0,-614.0,0.84,-13.7,2.6
short,100,無,110,50,13:10,97,0.784,-11.2,-1086.0,-632.0,0.77,-17.4,-2.7
short,100,無,110,50,13:20,97,0.784,-7.9,-766.0,-600.0,0.83,-12.8,-1.2
short,100,無,110,50,13:30,97,0.773,-6.89,-668.0,-606.0,0.84,-14.1,3.0
short,100,無,110,50,13:44,97,0.794,-3.98,-386.0,-605.0,0.9,-15.2,11.3
short,100,無,110,75,12:00,97,0.66,-2.46,-239.0,-574.0,0.95,-10.5,8.5
short,100,無,110,75,12:30,97,0.691,-3.76,-365.0,-629.0,0.93,-13.4,9.4
short,100,無,110,75,13:00,97,0.701,-4.22,-409.0,-614.0,0.92,-12.5,7.1
short,100,無,110,75,13:10,97,0.701,-10.91,-1058.0,-632.0,0.82,-17.1,-2.4
short,100,無,110,75,13:20,97,0.701,-7.11,-690.0,-600.0,0.88,-12.8,0.7
short,100,無,110,75,13:30,97,0.691,-5.87,-569.0,-606.0,0.89,-14.2,5.5
short,100,無,110,75,13:44,97,0.701,-3.53,-342.0,-605.0,0.93,-15.6,13.0
short,100,無,110,100,12:00,97,0.619,6.07,589.0,-574.0,1.11,-0.2,14.7
short,100,無,110,100,12:30,97,0.649,5.07,492.0,-629.0,1.09,-0.1,12.1
short,100,無,110,100,13:00,97,0.67,3.48,338.0,-614.0,1.06,-0.1,8.4
short,100,無,110,100,13:10,97,0.68,-1.24,-120.0,-632.0,0.98,-3.1,1.3
short,100,無,110,100,13:20,97,0.691,5.37,521.0,-600.0,1.09,1.1,11.2
short,100,無,110,100,13:30,97,0.68,6.98,677.0,-606.0,1.12,-0.8,17.6
short,100,無,110,100,13:44,97,0.691,10.11,981.0,-605.0,1.18,-1.8,26.4
short,100,無,110,150,12:00,97,0.526,1.86,180.0,-574.0,1.03,7.5,-5.9
short,100,無,110,150,12:30,97,0.567,1.8,175.0,-629.0,1.02,9.1,-8.1
short,100,無,110,150,13:00,97,0.567,-4.87,-472.0,-614.0,0.94,7.0,-21.1
short,100,無,110,150,13:10,97,0.577,-10.34,-1003.0,-632.0,0.88,7.1,-34.2
short,100,無,110,150,13:20,97,0.598,-0.66,-64.0,-600.0,0.99,11.3,-17.0
short,100,無,110,150,13:30,97,0.588,3.09,300.0,-606.0,1.04,9.9,-6.2
short,100,無,110,150,13:44,97,0.598,5.78,561.0,-605.0,1.07,7.9,2.9
short,100,無,110,200,12:00,97,0.495,10.68,1036.0,-574.0,1.15,9.0,13.0
short,100,無,110,200,12:30,97,0.546,11.74,1139.0,-629.0,1.15,10.0,14.1
short,100,無,110,200,13:00,97,0.526,4.11,399.0,-614.0,1.05,8.7,-2.2
short,100,無,110,200,13:10,97,0.536,-1.23,-119.0,-632.0,0.99,8.2,-14.1
short,100,無,110,200,13:20,97,0.557,9.3,902.0,-600.0,1.11,12.4,5.0
short,100,無,110,200,13:30,97,0.546,13.32,1292.0,-606.0,1.16,11.7,15.6
short,100,無,110,200,13:44,97,0.546,16.31,1582.0,-605.0,1.2,10.2,24.6
short,100,無,110,250,12:00,97,0.454,9.78,949.0,-574.0,1.13,1.6,21.0
short,100,無,110,250,12:30,97,0.515,15.31,1485.0,-629.0,1.19,4.9,29.5
short,100,無,110,250,13:00,97,0.495,8.47,822.0,-614.0,1.1,1.4,18.1
short,100,無,110,250,13:10,97,0.495,-0.09,-9.0,-632.0,1.0,-2.5,3.2
short,100,無,110,250,13:20,97,0.515,9.14,887.0,-600.0,1.1,0.5,20.9
short,100,無,110,250,13:30,97,0.495,12.37,1200.0,-606.0,1.14,-0.8,30.4
short,100,無,110,250,13:44,97,0.495,14.14,1372.0,-605.0,1.15,-4.0,39.0
short,100,無,120,50,12:00,98,0.724,-6.35,-622.0,-394.0,0.85,-18.3,10.3
short,100,無,120,50,12:30,98,0.755,-8.91,-873.0,-639.0,0.8,-21.6,8.8
short,100,無,120,50,13:00,98,0.776,-6.23,-611.0,-624.0,0.86,-19.0,11.5
short,100,無,120,50,13:10,98,0.776,-10.14,-994.0,-642.0,0.79,-21.5,5.7
short,100,無,120,50,13:20,98,0.786,-5.37,-526.0,-610.0,0.87,-16.4,9.9
short,100,無,120,50,13:30,98,0.776,-4.36,-427.0,-616.0,0.9,-19.4,16.5
short,100,無,120,50,13:44,98,0.786,-4.5,-441.0,-615.0,0.89,-19.7,16.7
short,100,無,120,75,12:00,98,0.663,-3.17,-311.0,-584.0,0.94,-10.4,6.9
short,100,無,120,75,12:30,98,0.694,-4.36,-427.0,-639.0,0.92,-13.3,8.1
short,100,無,120,75,13:00,98,0.704,-4.7,-461.0,-624.0,0.91,-12.3,5.8
short,100,無,120,75,13:10,98,0.694,-11.33,-1110.0,-642.0,0.82,-16.8,-3.7
short,100,無,120,75,13:20,98,0.704,-7.57,-742.0,-610.0,0.87,-12.5,-0.7
short,100,無,120,75,13:30,98,0.694,-6.34,-621.0,-616.0,0.89,-13.9,4.2
short,100,無,120,75,13:44,98,0.694,-3.92,-384.0,-615.0,0.93,-15.3,11.9
short,100,無,120,100,12:00,98,0.622,5.33,522.0,-584.0,1.1,0.1,12.6
short,100,無,120,100,12:30,98,0.653,4.34,425.0,-639.0,1.08,0.2,10.1
short,100,無,120,100,13:00,98,0.663,2.77,271.0,-624.0,1.05,0.2,6.3
short,100,無,120,100,13:10,98,0.673,-1.85,-181.0,-642.0,0.97,-2.6,-0.8
short,100,無,120,100,13:20,98,0.694,4.56,447.0,-610.0,1.08,1.6,8.7
short,100,無,120,100,13:30,98,0.684,6.51,638.0,-616.0,1.11,-0.3,16.0
short,100,無,120,100,13:44,98,0.684,9.84,964.0,-615.0,1.17,-1.3,25.3
short,100,無,120,150,12:00,98,0.531,1.0,98.0,-584.0,1.01,8.0,-8.7
short,100,無,120,150,12:30,98,0.571,0.51,50.0,-639.0,1.01,8.5,-10.7
short,100,無,120,150,13:00,98,0.561,-6.2,-608.0,-624.0,0.92,6.3,-23.6
short,100,無,120,150,13:10,98,0.571,-11.5,-1127.0,-642.0,0.87,6.7,-36.8
short,100,無,120,150,13:20,98,0.602,-1.29,-126.0,-610.0,0.98,11.8,-19.5
short,100,無,120,150,13:30,98,0.592,2.89,283.0,-616.0,1.04,11.1,-8.5
short,100,無,120,150,13:44,98,0.592,5.44,533.0,-615.0,1.07,9.1,0.3
short,100,無,120,200,12:00,98,0.5,5.87,575.0,-584.0,1.08,6.0,5.7
short,100,無,120,200,12:30,98,0.541,7.35,720.0,-639.0,1.09,5.3,10.2
short,100,無,120,200,13:00,98,0.51,-2.14,-210.0,-624.0,0.98,2.9,-9.1
short,100,無,120,200,13:10,98,0.51,-8.18,-802.0,-642.0,0.91,3.2,-24.0
short,100,無,120,200,13:20,98,0.541,2.22,218.0,-610.0,1.03,8.4,-6.3
short,100,無,120,200,13:30,98,0.531,4.72,463.0,-616.0,1.06,5.7,3.4
short,100,無,120,200,13:44,98,0.52,4.97,487.0,-615.0,1.06,1.5,9.8
short,100,無,120,250,12:00,98,0.459,7.09,695.0,-584.0,1.09,1.6,14.8
short,100,無,120,250,12:30,98,0.52,11.14,1092.0,-639.0,1.14,2.6,23.0
short,100,無,120,250,13:00,98,0.49,3.77,369.0,-624.0,1.04,-2.1,11.9
short,100,無,120,250,13:10,98,0.49,-4.81,-471.0,-642.0,0.95,-5.5,-3.8
short,100,無,120,250,13:20,98,0.52,4.69,460.0,-610.0,1.05,-1.1,12.8
short,100,無,120,250,13:30,98,0.5,8.37,820.0,-616.0,1.09,-2.0,22.8
short,100,無,120,250,13:44,98,0.49,9.19,901.0,-615.0,1.1,-5.1,29.1
short,100,無,130,50,12:00,100,0.73,-4.43,-443.0,-397.0,0.89,-17.6,14.5
short,100,無,130,50,12:30,100,0.76,-7.51,-751.0,-642.0,0.83,-20.6,11.3
short,100,無,130,50,13:00,100,0.79,-4.31,-431.0,-627.0,0.9,-17.9,15.2
short,100,無,130,50,13:10,100,0.79,-7.72,-772.0,-645.0,0.83,-21.5,12.1
short,100,無,130,50,13:20,100,0.79,-3.85,-385.0,-613.0,0.91,-16.7,14.7
short,100,無,130,50,13:30,100,0.79,-2.72,-272.0,-619.0,0.93,-18.3,19.6
short,100,無,130,50,13:44,100,0.8,-3.2,-320.0,-618.0,0.92,-18.9,19.4
short,100,無,130,75,12:00,100,0.67,-1.13,-113.0,-594.0,0.98,-10.1,11.8
short,100,無,130,75,12:30,100,0.69,-2.64,-264.0,-642.0,0.95,-12.9,12.2
short,100,無,130,75,13:00,100,0.71,-3.73,-373.0,-627.0,0.93,-11.9,8.0
short,100,無,130,75,13:10,100,0.72,-6.51,-651.0,-645.0,0.89,-14.9,5.6
short,100,無,130,75,13:20,100,0.72,-3.11,-311.0,-613.0,0.94,-10.8,8.0
short,100,無,130,75,13:30,100,0.72,-2.99,-299.0,-619.0,0.95,-12.1,10.1
short,100,無,130,75,13:44,100,0.72,-0.4,-40.0,-618.0,0.99,-13.5,18.4
short,100,無,130,100,12:00,100,0.64,9.07,907.0,-594.0,1.17,0.4,21.5
short,100,無,130,100,12:30,100,0.67,8.99,899.0,-642.0,1.16,0.5,21.1
short,100,無,130,100,13:00,100,0.69,7.97,797.0,-627.0,1.14,2.3,16.2
short,100,無,130,100,13:10,100,0.7,4.77,477.0,-645.0,1.08,-0.5,12.3
short,100,無,130,100,13:20,100,0.71,10.15,1015.0,-613.0,1.18,3.7,19.5
short,100,無,130,100,13:30,100,0.71,10.72,1072.0,-619.0,1.19,1.9,23.5
short,100,無,130,100,13:44,100,0.71,14.08,1408.0,-618.0,1.26,0.9,33.0
short,100,無,130,150,12:00,100,0.54,3.47,347.0,-594.0,1.05,8.7,-4.1
short,100,無,130,150,12:30,100,0.58,4.67,467.0,-642.0,1.06,9.3,-2.0
short,100,無,130,150,13:00,100,0.58,-1.74,-174.0,-627.0,0.98,9.1,-17.3
short,100,無,130,150,13:10,100,0.59,-6.43,-643.0,-645.0,0.93,9.9,-29.9
short,100,無,130,150,13:20,100,0.61,3.38,338.0,-613.0,1.04,15.0,-13.4
short,100,無,130,150,13:30,100,0.61,6.86,686.0,-619.0,1.09,14.6,-4.2
short,100,無,130,150,13:44,100,0.61,9.23,923.0,-618.0,1.12,12.7,4.2
short,100,無,130,200,12:00,100,0.5,7.21,721.0,-594.0,1.1,7.3,7.1
short,100,無,130,200,12:30,100,0.54,9.66,966.0,-642.0,1.12,6.6,14.0
short,100,無,130,200,13:00,100,0.52,1.14,114.0,-627.0,1.01,6.3,-6.2
short,100,無,130,200,13:10,100,0.52,-4.79,-479.0,-645.0,0.95,7.0,-21.8
short,100,無,130,200,13:20,100,0.54,5.74,574.0,-613.0,1.07,13.0,-4.7
short,100,無,130,200,13:30,100,0.54,7.84,784.0,-619.0,1.09,10.4,4.1
short,100,無,130,200,13:44,100,0.53,7.23,723.0,-618.0,1.08,6.4,8.4
short,100,無,130,250,12:00,100,0.46,5.93,593.0,-594.0,1.08,1.7,12.0
short,100,無,130,250,12:30,100,0.51,11.21,1121.0,-642.0,1.14,4.8,20.5
short,100,無,130,250,13:00,100,0.49,5.13,513.0,-627.0,1.06,2.2,9.4
short,100,無,130,250,13:10,100,0.5,-2.99,-299.0,-645.0,0.97,-0.7,-6.3
short,100,無,130,250,13:20,100,0.52,6.95,695.0,-613.0,1.08,4.6,10.3
short,100,無,130,250,13:30,100,0.51,11.0,1100.0,-619.0,1.12,4.5,20.3
short,100,無,130,250,13:44,100,0.5,11.91,1191.0,-618.0,1.13,1.5,26.8
short,100,無,140,50,12:00,101,0.733,-9.5,-960.0,-604.0,0.79,-16.1,-0.2
short,100,無,140,50,12:30,101,0.752,-10.96,-1107.0,-642.0,0.77,-19.6,1.2
short,100,無,140,50,13:00,101,0.792,-7.47,-754.0,-627.0,0.84,-17.0,5.9
short,100,無,140,50,13:10,101,0.792,-10.6,-1071.0,-645.0,0.78,-20.5,3.4
short,100,無,140,50,13:20,101,0.792,-7.52,-760.0,-613.0,0.83,-15.2,3.2
short,100,無,140,50,13:30,101,0.792,-7.28,-735.0,-619.0,0.84,-16.5,5.7
short,100,無,140,50,13:44,101,0.802,-4.14,-418.0,-618.0,0.9,-16.8,13.7
short,100,無,140,75,12:00,101,0.663,-2.97,-300.0,-604.0,0.94,-11.3,8.8
short,100,無,140,75,12:30,101,0.683,-4.84,-489.0,-642.0,0.91,-14.1,8.2
short,100,無,140,75,13:00,101,0.703,-4.64,-469.0,-627.0,0.92,-12.9,7.0
short,100,無,140,75,13:10,101,0.713,-7.57,-765.0,-645.0,0.87,-15.9,4.1
short,100,無,140,75,13:20,101,0.723,-3.43,-346.0,-613.0,0.94,-11.8,8.4
short,100,無,140,75,13:30,101,0.723,-2.93,-296.0,-619.0,0.95,-13.1,11.4
short,100,無,140,75,13:44,101,0.723,-0.37,-37.0,-618.0,0.99,-14.5,19.5
short,100,無,140,100,12:00,101,0.644,8.57,866.0,-604.0,1.16,-0.7,21.7
short,100,無,140,100,12:30,101,0.673,8.88,897.0,-642.0,1.16,-0.6,22.3
short,100,無,140,100,13:00,101,0.693,7.97,805.0,-627.0,1.14,1.2,17.4
short,100,無,140,100,13:10,101,0.703,4.8,485.0,-645.0,1.08,-1.5,13.7
short,100,無,140,100,13:20,101,0.713,10.13,1023.0,-613.0,1.18,2.7,20.6
short,100,無,140,100,13:30,101,0.713,10.89,1100.0,-619.0,1.19,0.8,25.0
short,100,無,140,100,13:44,101,0.713,14.22,1436.0,-618.0,1.26,-0.1,34.3
short,100,無,140,150,12:00,101,0.545,3.42,345.0,-604.0,1.05,7.4,-2.1
short,100,無,140,150,12:30,101,0.584,4.7,475.0,-642.0,1.06,7.9,0.2
short,100,無,140,150,13:00,101,0.584,-1.64,-166.0,-627.0,0.98,7.7,-14.8
short,100,無,140,150,13:10,101,0.594,-6.29,-635.0,-645.0,0.93,8.5,-27.1
short,100,無,140,150,13:20,101,0.614,3.52,356.0,-613.0,1.04,13.8,-11.0
short,100,無,140,150,13:30,101,0.614,7.17,724.0,-619.0,1.09,13.6,-1.8
short,100,無,140,150,13:44,101,0.614,9.51,961.0,-618.0,1.12,11.7,6.5
short,100,無,140,200,12:00,101,0.485,7.3,737.0,-604.0,1.1,5.7,9.5
short,100,無,140,200,12:30,101,0.545,9.82,992.0,-642.0,1.12,5.1,16.5
short,100,無,140,200,13:00,101,0.515,1.39,140.0,-627.0,1.02,4.7,-3.3
short,100,無,140,200,13:10,101,0.525,-4.49,-453.0,-645.0,0.95,5.5,-18.5
short,100,無,140,200,13:20,101,0.545,6.04,610.0,-613.0,1.07,11.6,-1.8
short,100,無,140,200,13:30,101,0.545,8.22,830.0,-619.0,1.1,9.0,7.1
short,100,無,140,200,13:44,101,0.535,7.61,769.0,-618.0,1.08,5.0,11.3
short,100,無,140,250,12:00,101,0.446,6.33,639.0,-604.0,1.08,-0.1,15.3
short,100,無,140,250,12:30,101,0.515,11.75,1187.0,-642.0,1.15,3.2,23.8
short,100,無,140,250,13:00,101,0.485,5.73,579.0,-627.0,1.06,0.6,12.9
short,100,無,140,250,13:10,101,0.495,-2.31,-233.0,-645.0,0.98,-2.2,-2.4
short,100,無,140,250,13:20,101,0.525,7.53,761.0,-613.0,1.08,3.1,13.8
short,100,無,140,250,13:30,101,0.515,11.64,1176.0,-619.0,1.13,3.2,23.6
short,100,無,140,250,13:44,101,0.505,11.52,1164.0,-618.0,1.12,0.2,27.5
short,100,無,150,50,12:00,103,0.748,-7.72,-795.0,-614.0,0.82,-13.7,0.7
short,100,無,150,50,12:30,103,0.767,-8.95,-922.0,-642.0,0.8,-16.8,2.1
short,100,無,150,50,13:00,103,0.806,-5.37,-553.0,-627.0,0.88,-14.0,6.7
short,100,無,150,50,13:10,103,0.806,-7.58,-781.0,-645.0,0.84,-16.0,4.2
short,100,無,150,50,13:20,103,0.806,-4.53,-467.0,-613.0,0.9,-10.7,4.0
short,100,無,150,50,13:30,103,0.806,-5.2,-536.0,-619.0,0.88,-13.6,6.5
short,100,無,150,50,13:44,103,0.816,-1.97,-203.0,-618.0,0.95,-13.6,14.2
short,100,無,150,75,12:00,103,0.67,-2.43,-250.0,-614.0,0.95,-11.0,9.6
short,100,無,150,75,12:30,103,0.689,-4.26,-439.0,-642.0,0.92,-13.8,9.0
short,100,無,150,75,13:00,103,0.709,-3.97,-409.0,-627.0,0.93,-12.4,7.8
short,100,無,150,75,13:10,103,0.718,-6.84,-705.0,-645.0,0.88,-15.4,5.0
short,100,無,150,75,13:20,103,0.728,-2.78,-286.0,-613.0,0.95,-11.3,9.2
short,100,無,150,75,13:30,103,0.728,-2.1,-216.0,-619.0,0.96,-12.6,12.6
short,100,無,150,75,13:44,103,0.728,0.42,43.0,-618.0,1.01,-14.0,20.5
short,100,無,150,100,12:00,103,0.641,6.3,649.0,-614.0,1.11,-0.8,16.2
short,100,無,150,100,12:30,103,0.67,5.84,602.0,-642.0,1.1,-1.1,15.6
short,100,無,150,100,13:00,103,0.689,5.0,515.0,-627.0,1.08,1.9,9.3
short,100,無,150,100,13:10,103,0.699,1.95,201.0,-645.0,1.03,-0.8,5.8
short,100,無,150,100,13:20,103,0.709,7.47,769.0,-613.0,1.13,3.3,13.3
short,100,無,150,100,13:30,103,0.709,8.51,877.0,-619.0,1.14,1.5,18.3
short,100,無,150,100,13:44,103,0.709,11.83,1218.0,-618.0,1.21,0.6,27.5
short,100,無,150,150,12:00,103,0.544,2.14,220.0,-614.0,1.03,7.0,-4.7
short,100,無,150,150,12:30,103,0.583,2.57,265.0,-642.0,1.03,7.1,-3.8
short,100,無,150,150,13:00,103,0.583,-2.94,-303.0,-627.0,0.96,7.1,-17.0
short,100,無,150,150,13:10,103,0.592,-7.91,-815.0,-645.0,0.91,8.0,-30.2
short,100,無,150,150,13:20,103,0.612,1.85,191.0,-613.0,1.02,13.5,-14.3
short,100,無,150,150,13:30,103,0.612,5.7,587.0,-619.0,1.07,12.8,-4.2
short,100,無,150,150,13:44,103,0.612,7.79,802.0,-618.0,1.1,11.2,3.0
short,100,無,150,200,12:00,103,0.495,8.01,825.0,-614.0,1.11,5.3,11.8
short,100,無,150,200,12:30,103,0.553,10.32,1063.0,-642.0,1.13,4.1,19.0
short,100,無,150,200,13:00,103,0.524,2.17,223.0,-627.0,1.03,4.0,-0.4
short,100,無,150,200,13:10,103,0.534,-3.51,-362.0,-645.0,0.96,4.9,-15.2
short,100,無,150,200,13:20,103,0.553,6.78,698.0,-613.0,1.08,10.9,1.0
short,100,無,150,200,13:30,103,0.553,9.4,968.0,-619.0,1.11,9.0,10.0
short,100,無,150,200,13:44,103,0.544,8.4,865.0,-618.0,1.09,4.3,14.1
short,100,無,150,250,12:00,103,0.447,4.09,421.0,-614.0,1.05,-0.6,10.6
short,100,無,150,250,12:30,103,0.515,7.91,815.0,-642.0,1.1,2.3,15.7
short,100,無,150,250,13:00,103,0.485,1.07,110.0,-627.0,1.01,-0.0,2.6
short,100,無,150,250,13:10,103,0.495,-6.66,-686.0,-645.0,0.93,-2.7,-12.2
short,100,無,150,250,13:20,103,0.524,2.93,302.0,-613.0,1.03,2.6,3.4
short,100,無,150,250,13:30,103,0.515,7.36,758.0,-619.0,1.08,3.2,13.1
short,100,無,150,250,13:44,103,0.505,6.8,700.0,-618.0,1.07,-0.4,16.9
short,100,前日反向,10,50,12:00,43,0.767,-1.02,-44.0,-474.0,0.97,-9.8,12.5
short,100,前日反向,10,50,12:30,43,0.767,-2.02,-87.0,-288.0,0.95,-16.5,20.1
short,100,前日反向,10,50,13:00,43,0.767,-8.77,-377.0,-297.0,0.81,-26.5,18.4
short,100,前日反向,10,50,13:10,43,0.767,-9.37,-403.0,-372.0,0.8,-28.5,19.9
short,100,前日反向,10,50,13:20,43,0.767,-5.16,-222.0,-336.0,0.88,-18.5,15.2
short,100,前日反向,10,50,13:30,43,0.767,-6.16,-265.0,-435.0,0.86,-18.1,12.1
short,100,前日反向,10,50,13:44,43,0.791,5.7,245.0,-262.0,1.18,-15.9,38.7
short,100,前日反向,10,75,12:00,43,0.767,15.84,681.0,-474.0,1.42,3.6,34.5
short,100,前日反向,10,75,12:30,43,0.767,16.0,688.0,-288.0,1.41,-1.1,42.1
short,100,前日反向,10,75,13:00,43,0.767,10.42,448.0,-297.0,1.23,-9.2,40.4
short,100,前日反向,10,75,13:10,43,0.767,9.81,422.0,-372.0,1.21,-11.2,42.0
short,100,前日反向,10,75,13:20,43,0.767,14.02,603.0,-336.0,1.33,-1.2,37.2
short,100,前日反向,10,75,13:30,43,0.767,13.02,560.0,-435.0,1.3,-0.8,34.1
short,100,前日反向,10,75,13:44,43,0.791,25.47,1095.0,-262.0,1.79,1.4,62.2
short,100,前日反向,10,100,12:00,43,0.767,30.21,1299.0,-474.0,1.8,13.0,56.6
short,100,前日反向,10,100,12:30,43,0.744,30.81,1325.0,-288.0,1.79,9.0,64.2
short,100,前日反向,10,100,13:00,43,0.767,26.91,1157.0,-297.0,1.59,3.7,62.5
short,100,前日反向,10,100,13:10,43,0.767,27.7,1191.0,-372.0,1.6,3.9,64.1
short,100,前日反向,10,100,13:20,43,0.767,29.93,1287.0,-336.0,1.71,10.7,59.3
short,100,前日反向,10,100,13:30,43,0.767,28.86,1241.0,-435.0,1.67,11.0,56.2
short,100,前日反向,10,100,13:44,43,0.744,36.98,1590.0,-262.0,2.07,12.3,74.7
short,100,前日反向,10,150,12:00,43,0.698,27.91,1200.0,-474.0,1.55,-8.5,83.5
short,100,前日反向,10,150,12:30,43,0.698,31.14,1339.0,-441.0,1.63,-10.2,94.4
short,100,前日反向,10,150,13:00,43,0.674,28.58,1229.0,-430.0,1.49,-16.4,97.4
short,100,前日反向,10,150,13:10,43,0.651,27.53,1184.0,-372.0,1.46,-15.0,92.5
short,100,前日反向,10,150,13:20,43,0.651,29.44,1266.0,-355.0,1.54,-11.3,91.8
short,100,前日反向,10,150,13:30,43,0.698,30.88,1328.0,-435.0,1.58,-9.5,92.6
short,100,前日反向,10,150,13:44,43,0.674,38.44,1653.0,-291.0,1.83,-10.1,112.7
short,100,前日反向,10,200,12:00,43,0.698,41.77,1796.0,-474.0,1.83,2.8,101.4
short,100,前日反向,10,200,12:30,43,0.698,47.95,2062.0,-441.0,1.97,3.3,116.3
short,100,前日反向,10,200,13:00,43,0.628,35.23,1515.0,-430.0,1.58,-4.5,95.9
short,100,前日反向,10,200,13:10,43,0.628,37.02,1592.0,-372.0,1.59,0.4,93.0
short,100,前日反向,10,200,13:20,43,0.628,42.77,1839.0,-355.0,1.74,4.0,102.0
short,100,前日反向,10,200,13:30,43,0.674,41.72,1794.0,-435.0,1.72,5.9,96.5
short,100,前日反向,10,200,13:44,43,0.628,45.49,1956.0,-291.0,1.87,5.3,107.0
short,100,前日反向,10,250,12:00,43,0.698,45.02,1936.0,-474.0,1.89,1.8,111.2
short,100,前日反向,10,250,12:30,43,0.674,45.26,1946.0,-441.0,1.86,0.5,113.7
short,100,前日反向,10,250,13:00,43,0.605,39.56,1701.0,-430.0,1.62,-1.9,102.9
short,100,前日反向,10,250,13:10,43,0.605,40.49,1741.0,-372.0,1.61,1.2,100.5
short,100,前日反向,10,250,13:20,43,0.605,48.79,2098.0,-355.0,1.81,8.9,109.8
short,100,前日反向,10,250,13:30,43,0.628,45.23,1945.0,-435.0,1.73,1.8,111.6
short,100,前日反向,10,250,13:44,43,0.605,52.56,2260.0,-291.0,1.94,10.5,116.9
short,100,前日反向,20,50,12:00,45,0.8,0.58,26.0,-484.0,1.02,-11.3,18.4
short,100,前日反向,20,50,12:30,45,0.8,1.22,55.0,-298.0,1.03,-17.3,29.0
short,100,前日反向,20,50,13:00,45,0.8,-2.96,-133.0,-307.0,0.93,-25.7,31.1
short,100,前日反向,20,50,13:10,45,0.8,-3.67,-165.0,-382.0,0.91,-27.6,32.3
short,100,前日反向,20,50,13:20,45,0.8,-0.31,-14.0,-346.0,0.99,-17.9,26.1
short,100,前日反向,20,50,13:30,45,0.8,-2.29,-103.0,-445.0,0.94,-17.6,20.6
short,100,前日反向,20,50,13:44,45,0.822,9.93,447.0,-272.0,1.34,-15.4,48.0
short,100,前日反向,20,75,12:00,45,0.8,18.71,842.0,-484.0,1.51,3.1,42.1
short,100,前日反向,20,75,12:30,45,0.8,20.67,930.0,-298.0,1.57,-0.6,52.6
short,100,前日反向,20,75,13:00,45,0.8,15.53,699.0,-307.0,1.38,-10.6,54.7
short,100,前日反向,20,75,13:10,45,0.8,16.33,735.0,-382.0,1.39,-10.0,55.9
short,100,前日反向,20,75,13:20,45,0.8,19.69,886.0,-346.0,1.51,-0.3,49.7
short,100,前日反向,20,75,13:30,45,0.8,17.71,797.0,-445.0,1.44,0.0,44.2
short,100,前日反向,20,75,13:44,45,0.822,30.49,1372.0,-272.0,2.03,2.1,73.0
short,100,前日反向,20,100,12:00,45,0.778,28.6,1287.0,-484.0,1.76,9.1,57.8
short,100,前日反向,20,100,12:30,45,0.756,30.42,1369.0,-298.0,1.78,7.4,64.9
short,100,前日反向,20,100,13:00,45,0.778,28.02,1261.0,-307.0,1.62,4.5,63.3
short,100,前日反向,20,100,13:10,45,0.778,28.78,1295.0,-382.0,1.63,4.7,64.8
short,100,前日反向,20,100,13:20,45,0.778,30.91,1391.0,-346.0,1.74,11.3,60.3
short,100,前日反向,20,100,13:30,45,0.778,29.89,1345.0,-445.0,1.7,11.6,57.4
short,100,前日反向,20,100,13:44,45,0.756,37.64,1694.0,-272.0,2.08,12.8,74.9
short,100,前日反向,20,150,12:00,45,0.711,25.69,1156.0,-484.0,1.51,-11.4,81.3
short,100,前日反向,20,150,12:30,45,0.711,30.09,1354.0,-451.0,1.61,-11.4,92.3
short,100,前日反向,20,150,13:00,45,0.644,21.27,957.0,-440.0,1.35,-15.3,76.2
short,100,前日反向,20,150,13:10,45,0.644,19.47,876.0,-382.0,1.31,-13.9,69.6
short,100,前日反向,20,150,13:20,45,0.644,22.87,1029.0,-365.0,1.39,-10.4,72.8
short,100,前日反向,20,150,13:30,45,0.689,21.64,974.0,-445.0,1.38,-8.6,67.1
short,100,前日反向,20,150,13:44,45,0.644,26.4,1188.0,-301.0,1.5,-9.3,79.9
short,100,前日反向,20,200,12:00,45,0.711,38.51,1733.0,-484.0,1.77,-4.4,102.8
short,100,前日反向,20,200,12:30,45,0.711,45.96,2068.0,-451.0,1.93,-1.4,116.9
short,100,前日反向,20,200,13:00,45,0.644,35.93,1617.0,-440.0,1.6,-5.3,97.7
short,100,前日反向,20,200,13:10,45,0.644,37.53,1689.0,-382.0,1.6,-0.7,94.9
short,100,前日反向,20,200,13:20,45,0.644,43.36,1951.0,-365.0,1.75,3.9,102.5
short,100,前日反向,20,200,13:30,45,0.689,42.04,1892.0,-445.0,1.73,4.2,98.8
short,100,前日反向,20,200,13:44,45,0.644,46.73,2103.0,-301.0,1.89,5.4,108.7
short,100,前日反向,20,250,12:00,45,0.711,43.49,1957.0,-484.0,1.87,-3.0,113.2
short,100,前日反向,20,250,12:30,45,0.689,45.16,2032.0,-451.0,1.86,-2.2,116.2
short,100,前日反向,20,250,13:00,45,0.622,41.93,1887.0,-440.0,1.66,-1.1,106.6
short,100,前日反向,20,250,13:10,45,0.622,41.82,1882.0,-382.0,1.64,0.2,104.3
short,100,前日反向,20,250,13:20,45,0.622,48.49,2182.0,-365.0,1.8,5.5,113.0
short,100,前日反向,20,250,13:30,45,0.644,44.64,2009.0,-445.0,1.73,-2.4,115.3
short,100,前日反向,20,250,13:44,45,0.622,50.8,2286.0,-301.0,1.91,4.5,120.3
short,100,前日反向,30,50,12:00,46,0.783,-0.54,-25.0,-494.0,0.99,-14.6,19.5
short,100,前日反向,30,50,12:30,46,0.804,0.72,33.0,-308.0,1.02,-19.5,29.5
short,100,前日反向,30,50,13:00,46,0.804,-3.15,-145.0,-317.0,0.92,-27.5,31.5
short,100,前日反向,30,50,13:10,46,0.804,-3.85,-177.0,-392.0,0.91,-29.5,32.6
short,100,前日反向,30,50,13:20,46,0.804,-0.57,-26.0,-356.0,0.99,-19.8,26.7
short,100,前日反向,30,50,13:30,46,0.804,-2.5,-115.0,-455.0,0.94,-19.4,21.5
short,100,前日反向,30,50,13:44,46,0.826,9.67,445.0,-282.0,1.32,-17.3,48.0
short,100,前日反向,30,75,12:00,46,0.783,16.37,753.0,-494.0,1.44,-2.5,43.2
short,100,前日反向,30,75,12:30,46,0.783,18.24,839.0,-308.0,1.49,-6.3,53.2
short,100,前日反向,30,75,13:00,46,0.783,14.65,674.0,-317.0,1.35,-13.9,55.2
short,100,前日反向,30,75,13:10,46,0.804,15.59,717.0,-392.0,1.37,-13.0,56.3
short,100,前日反向,30,75,13:20,46,0.804,18.11,833.0,-356.0,1.46,-4.6,50.4
short,100,前日反向,30,75,13:30,46,0.783,15.93,733.0,-455.0,1.39,-4.7,45.2
short,100,前日反向,30,75,13:44,46,0.783,24.24,1115.0,-282.0,1.74,-3.3,63.4
short,100,前日反向,30,100,12:00,46,0.761,27.2,1251.0,-494.0,1.71,4.7,59.2
short,100,前日反向,30,100,12:30,46,0.783,32.24,1483.0,-308.0,1.86,3.7,72.8
short,100,前日反向,30,100,13:00,46,0.761,29.57,1360.0,-317.0,1.7,-0.4,72.2
short,100,前日反向,30,100,13:10,46,0.783,28.41,1307.0,-392.0,1.63,0.9,67.5
short,100,前日反向,30,100,13:20,46,0.783,31.2,1435.0,-356.0,1.77,7.2,65.3
short,100,前日反向,30,100,13:30,46,0.761,29.98,1379.0,-455.0,1.73,6.3,63.6
short,100,前日反向,30,100,13:44,46,0.783,39.33,1809.0,-282.0,2.2,8.5,83.2
short,100,前日反向,30,150,12:00,46,0.717,26.93,1239.0,-494.0,1.54,-16.7,88.9
short,100,前日反向,30,150,12:30,46,0.717,31.09,1430.0,-455.0,1.65,-16.7,99.0
short,100,前日反向,30,150,13:00,46,0.652,25.67,1181.0,-444.0,1.45,-19.9,90.5
short,100,前日反向,30,150,13:10,46,0.674,22.67,1043.0,-392.0,1.38,-18.5,81.2
short,100,前日反向,30,150,13:20,46,0.674,25.41,1169.0,-369.0,1.45,-15.0,82.9
short,100,前日反向,30,150,13:30,46,0.674,24.15,1111.0,-455.0,1.43,-13.2,77.3
short,100,前日反向,30,150,13:44,46,0.652,28.59,1315.0,-305.0,1.56,-13.9,88.9
short,100,前日反向,30,200,12:00,46,0.717,39.78,1830.0,-494.0,1.8,-10.3,110.9
short,100,前日反向,30,200,12:30,46,0.717,47.13,2168.0,-455.0,1.99,-6.9,123.9
short,100,前日反向,30,200,13:00,46,0.63,40.33,1855.0,-444.0,1.7,-10.4,112.5
short,100,前日反向,30,200,13:10,46,0.674,40.65,1870.0,-392.0,1.68,-5.9,106.8
short,100,前日反向,30,200,13:20,46,0.674,45.98,2115.0,-369.0,1.82,-0.9,112.6
short,100,前日反向,30,200,13:30,46,0.674,44.85,2063.0,-455.0,1.8,-0.6,109.4
short,100,前日反向,30,200,13:44,46,0.652,49.22,2264.0,-305.0,1.96,0.6,118.3
short,100,前日反向,30,250,12:00,46,0.696,38.09,1752.0,-494.0,1.75,-9.7,105.9
short,100,前日反向,30,250,12:30,46,0.674,38.67,1779.0,-455.0,1.72,-8.5,105.7
short,100,前日反向,30,250,13:00,46,0.587,37.07,1705.0,-444.0,1.57,-7.4,100.3
short,100,前日反向,30,250,13:10,46,0.63,33.96,1562.0,-392.0,1.51,-9.3,95.5
short,100,前日反向,30,250,13:20,46,0.63,40.57,1866.0,-369.0,1.66,-4.0,103.9
short,100,前日反向,30,250,13:30,46,0.609,39.17,1802.0,-455.0,1.63,-9.9,108.8
short,100,前日反向,30,250,13:44,46,0.587,45.41,2089.0,-305.0,1.79,-1.1,111.5
short,100,前日反向,40,50,12:00,46,0.826,11.74,540.0,-310.0,1.44,-13.8,48.0
short,100,前日反向,40,50,12:30,46,0.826,10.59,487.0,-318.0,1.36,-15.7,48.0
short,100,前日反向,40,50,13:00,46,0.848,6.02,277.0,-327.0,1.17,-23.5,48.0
short,100,前日反向,40,50,13:10,46,0.848,5.52,254.0,-402.0,1.16,-24.4,48.0
short,100,前日反向,40,50,13:20,46,0.848,10.07,463.0,-290.0,1.33,-16.6,48.0
short,100,前日反向,40,50,13:30,46,0.848,10.61,488.0,-272.0,1.35,-15.7,48.0
short,100,前日反向,40,50,13:44,46,0.848,11.5,529.0,-292.0,1.39,-14.2,48.0
short,100,前日反向,40,75,12:00,46,0.761,12.13,558.0,-504.0,1.31,-9.3,42.6
short,100,前日反向,40,75,12:30,46,0.761,14.89,685.0,-318.0,1.38,-11.7,52.6
short,100,前日反向,40,75,13:00,46,0.783,12.91,594.0,-327.0,1.3,-16.4,54.6
short,100,前日反向,40,75,13:10,46,0.804,13.52,622.0,-402.0,1.31,-16.2,55.7
short,100,前日反向,40,75,13:20,46,0.761,14.96,688.0,-366.0,1.37,-9.6,49.9
short,100,前日反向,40,75,13:30,46,0.783,12.96,596.0,-465.0,1.3,-9.4,44.7
short,100,前日反向,40,75,13:44,46,0.783,21.2,975.0,-292.0,1.62,-8.1,62.8
short,100,前日反向,40,100,12:00,46,0.739,22.17,1020.0,-504.0,1.55,0.4,53.1
short,100,前日反向,40,100,12:30,46,0.739,26.76,1231.0,-318.0,1.68,-0.8,65.9
short,100,前日反向,40,100,13:00,46,0.761,26.63,1225.0,-327.0,1.6,-4.7,71.2
short,100,前日反向,40,100,13:10,46,0.783,24.33,1119.0,-402.0,1.52,-5.3,66.5
short,100,前日反向,40,100,13:20,46,0.739,26.04,1198.0,-366.0,1.62,-0.9,64.3
short,100,前日反向,40,100,13:30,46,0.761,25.04,1152.0,-465.0,1.58,-1.3,62.5
short,100,前日反向,40,100,13:44,46,0.783,34.02,1565.0,-292.0,1.99,0.2,82.1
short,100,前日反向,40,150,12:00,46,0.696,22.11,1017.0,-504.0,1.43,-23.1,86.3
short,100,前日反向,40,150,12:30,46,0.674,27.07,1245.0,-455.0,1.55,-21.7,96.4
short,100,前日反向,40,150,13:00,46,0.63,22.09,1016.0,-444.0,1.37,-24.2,87.8
short,100,前日反向,40,150,13:10,46,0.652,19.09,878.0,-402.0,1.31,-22.8,78.6
short,100,前日反向,40,150,13:20,46,0.63,21.83,1004.0,-369.0,1.38,-19.3,80.3
short,100,前日反向,40,150,13:30,46,0.652,20.57,946.0,-465.0,1.35,-17.5,74.6
short,100,前日反向,40,150,13:44,46,0.652,25.0,1150.0,-305.0,1.47,-18.1,86.3
short,100,前日反向,40,200,12:00,46,0.696,31.65,1456.0,-504.0,1.61,-17.8,101.9
short,100,前日反向,40,200,12:30,46,0.674,39.07,1797.0,-455.0,1.79,-18.1,120.3
short,100,前日反向,40,200,13:00,46,0.609,33.37,1535.0,-444.0,1.56,-19.7,108.8
short,100,前日反向,40,200,13:10,46,0.652,32.39,1490.0,-402.0,1.52,-17.4,103.2
short,100,前日反向,40,200,13:20,46,0.63,39.11,1799.0,-369.0,1.67,-10.0,108.9
short,100,前日反向,40,200,13:30,46,0.63,33.59,1545.0,-465.0,1.55,-17.6,106.3
short,100,前日反向,40,200,13:44,46,0.652,42.15,1939.0,-305.0,1.79,-9.2,115.2
short,100,前日反向,40,250,12:00,46,0.674,27.09,1246.0,-504.0,1.51,-24.3,100.2
short,100,前日反向,40,250,12:30,46,0.63,30.72,1413.0,-455.0,1.55,-18.3,100.4
short,100,前日反向,40,250,13:00,46,0.565,27.41,1261.0,-444.0,1.41,-20.6,95.6
short,100,前日反向,40,250,13:10,46,0.609,23.85,1097.0,-402.0,1.34,-23.2,90.7
short,100,前日反向,40,250,13:20,46,0.587,30.67,1411.0,-369.0,1.48,-17.5,99.2
short,100,前日反向,40,250,13:30,46,0.587,29.59,1361.0,-465.0,1.45,-23.2,104.6
short,100,前日反向,40,250,13:44,46,0.565,35.3,1624.0,-305.0,1.58,-15.3,107.3
short,100,前日反向,50,50,12:00,50,0.8,9.32,466.0,-314.0,1.35,-17.4,46.3
short,100,前日反向,50,50,12:30,50,0.78,4.1,205.0,-320.0,1.12,-21.4,39.3
short,100,前日反向,50,50,13:00,50,0.8,-2.14,-107.0,-329.0,0.95,-28.4,34.1
short,100,前日反向,50,50,13:10,50,0.82,-1.12,-56.0,-404.0,0.97,-26.9,34.5
short,100,前日反向,50,50,13:20,50,0.82,3.96,198.0,-292.0,1.11,-17.9,34.1
short,100,前日反向,50,50,13:30,50,0.82,4.28,214.0,-282.0,1.12,-17.5,34.4
short,100,前日反向,50,50,13:44,50,0.82,5.34,267.0,-294.0,1.16,-15.6,34.2
short,100,前日反向,50,75,12:00,50,0.78,22.18,1109.0,-314.0,1.78,-7.7,63.4
short,100,前日反向,50,75,12:30,50,0.74,18.54,927.0,-320.0,1.55,-11.2,59.7
short,100,前日反向,50,75,13:00,50,0.76,13.08,654.0,-329.0,1.32,-15.2,52.1
short,100,前日反向,50,75,13:10,50,0.78,10.22,511.0,-404.0,1.23,-16.6,47.3
short,100,前日反向,50,75,13:20,50,0.74,14.14,707.0,-292.0,1.35,-12.0,50.2
short,100,前日反向,50,75,13:30,50,0.74,15.2,760.0,-282.0,1.39,-12.6,53.6
short,100,前日反向,50,75,13:44,50,0.76,17.66,883.0,-294.0,1.47,-11.6,58.0
short,100,前日反向,50,100,12:00,50,0.74,21.4,1070.0,-514.0,1.55,-0.6,51.8
short,100,前日反向,50,100,12:30,50,0.68,21.06,1053.0,-324.0,1.52,-4.6,56.5
short,100,前日反向,50,100,13:00,50,0.72,19.12,956.0,-329.0,1.4,-7.9,56.5
short,100,前日反向,50,100,13:10,50,0.74,14.42,721.0,-404.0,1.28,-13.2,52.6
short,100,前日反向,50,100,13:20,50,0.7,14.94,747.0,-376.0,1.3,-10.6,50.2
short,100,前日反向,50,100,13:30,50,0.7,15.5,775.0,-475.0,1.32,-8.7,49.0
short,100,前日反向,50,100,13:44,50,0.72,23.3,1165.0,-294.0,1.57,-8.0,66.5
short,100,前日反向,50,150,12:00,50,0.7,24.04,1202.0,-514.0,1.49,-18.9,83.3
short,100,前日反向,50,150,12:30,50,0.62,24.64,1232.0,-455.0,1.49,-19.4,85.4
short,100,前日反向,50,150,13:00,50,0.62,16.58,829.0,-444.0,1.27,-23.9,72.5
short,100,前日反向,50,150,13:10,50,0.62,14.6,730.0,-404.0,1.23,-21.6,64.5
short,100,前日反向,50,150,13:20,50,0.6,16.12,806.0,-376.0,1.26,-19.8,65.7
short,100,前日反向,50,150,13:30,50,0.62,14.56,728.0,-475.0,1.23,-19.0,60.9
short,100,前日反向,50,150,13:44,50,0.62,18.5,925.0,-305.0,1.32,-19.7,71.2
short,100,前日反向,50,200,12:00,50,0.68,22.66,1133.0,-514.0,1.45,-16.3,76.5
short,100,前日反向,50,200,12:30,50,0.56,17.14,857.0,-455.0,1.3,-24.6,74.8
short,100,前日反向,50,200,13:00,50,0.54,9.42,471.0,-444.0,1.14,-24.4,56.2
short,100,前日反向,50,200,13:10,50,0.56,8.22,411.0,-404.0,1.11,-23.6,52.2
short,100,前日反向,50,200,13:20,50,0.54,13.48,674.0,-376.0,1.19,-19.8,59.4
short,100,前日反向,50,200,13:30,50,0.54,10.46,523.0,-475.0,1.15,-27.4,62.8
short,100,前日反向,50,200,13:44,50,0.56,14.3,715.0,-305.0,1.21,-22.4,65.0
short,100,前日反向,50,250,12:00,50,0.68,28.06,1403.0,-514.0,1.55,-22.5,97.9
short,100,前日反向,50,250,12:30,50,0.56,25.18,1259.0,-455.0,1.44,-22.9,91.6
short,100,前日反向,50,250,13:00,50,0.54,20.24,1012.0,-444.0,1.29,-24.8,82.4
short,100,前日反向,50,250,13:10,50,0.56,15.48,774.0,-404.0,1.21,-30.1,78.4
short,100,前日反向,50,250,13:20,50,0.54,19.82,991.0,-376.0,1.28,-27.8,85.6
short,100,前日反向,50,250,13:30,50,0.54,17.92,896.0,-475.0,1.25,-35.2,91.3
short,100,前日反向,50,250,13:44,50,0.52,21.6,1080.0,-305.0,1.31,-30.5,93.5
short,100,前日反向,60,50,12:00,52,0.769,8.4,437.0,-314.0,1.31,-19.1,45.9
short,100,前日反向,60,50,12:30,52,0.769,3.6,187.0,-320.0,1.11,-22.5,39.2
short,100,前日反向,60,50,13:00,52,0.808,-1.17,-61.0,-329.0,0.97,-27.2,34.3
short,100,前日反向,60,50,13:10,52,0.827,-0.88,-46.0,-404.0,0.98,-26.9,34.6
short,100,前日反向,60,50,13:20,52,0.788,2.37,123.0,-292.0,1.07,-21.0,34.3
short,100,前日反向,60,50,13:30,52,0.788,2.62,136.0,-292.0,1.07,-20.8,34.5
short,100,前日反向,60,50,13:44,52,0.788,3.19,166.0,-294.0,1.09,-19.7,34.4
short,100,前日反向,60,75,12:00,52,0.75,23.77,1236.0,-314.0,1.84,-4.9,62.9
short,100,前日反向,60,75,12:30,52,0.75,20.77,1080.0,-320.0,1.62,-7.5,59.4
short,100,前日反向,60,75,13:00,52,0.788,14.9,775.0,-329.0,1.37,-12.4,52.2
short,100,前日反向,60,75,13:10,52,0.808,12.6,655.0,-404.0,1.29,-13.0,47.5
short,100,前日反向,60,75,13:20,52,0.75,16.23,844.0,-292.0,1.43,-8.8,50.3
short,100,前日反向,60,75,13:30,52,0.769,17.94,933.0,-292.0,1.5,-8.2,53.6
short,100,前日反向,60,75,13:44,52,0.75,18.71,973.0,-294.0,1.54,-7.6,54.6
short,100,前日反向,60,100,12:00,52,0.712,23.19,1206.0,-524.0,1.6,2.0,52.1
short,100,前日反向,60,100,12:30,52,0.673,22.0,1144.0,-334.0,1.53,-3.3,56.5
short,100,前日反向,60,100,13:00,52,0.731,19.08,992.0,-329.0,1.4,-8.7,57.0
short,100,前日反向,60,100,13:10,52,0.75,14.73,766.0,-404.0,1.29,-13.6,53.3
short,100,前日反向,60,100,13:20,52,0.692,15.35,798.0,-386.0,1.31,-10.8,51.0
short,100,前日反向,60,100,13:30,52,0.712,15.35,798.0,-485.0,1.32,-9.9,49.8
short,100,前日反向,60,100,13:44,52,0.692,23.31,1212.0,-294.0,1.57,-8.4,66.5
short,100,前日反向,60,150,12:00,52,0.673,25.73,1338.0,-524.0,1.53,-12.9,78.5
short,100,前日反向,60,150,12:30,52,0.615,25.58,1330.0,-455.0,1.5,-14.6,80.4
short,100,前日反向,60,150,13:00,52,0.615,15.13,787.0,-444.0,1.24,-21.5,65.1
short,100,前日反向,60,150,13:10,52,0.635,15.9,827.0,-404.0,1.25,-18.9,63.4
short,100,前日反向,60,150,13:20,52,0.596,18.31,952.0,-386.0,1.29,-17.2,66.7
short,100,前日反向,60,150,13:30,52,0.615,16.81,874.0,-485.0,1.27,-16.4,62.1
short,100,前日反向,60,150,13:44,52,0.577,20.6,1071.0,-308.0,1.35,-17.1,72.0
short,100,前日反向,60,200,12:00,52,0.654,28.1,1461.0,-524.0,1.56,-7.8,77.0
short,100,前日反向,60,200,12:30,52,0.558,22.27,1158.0,-455.0,1.39,-17.0,75.9
short,100,前日反向,60,200,13:00,52,0.558,13.12,682.0,-444.0,1.19,-19.9,58.1
short,100,前日反向,60,200,13:10,52,0.558,11.48,597.0,-404.0,1.16,-19.9,54.3
short,100,前日反向,60,200,13:20,52,0.538,16.54,860.0,-386.0,1.24,-16.2,61.2
short,100,前日反向,60,200,13:30,52,0.538,14.02,729.0,-485.0,1.2,-23.2,64.8
short,100,前日反向,60,200,13:44,52,0.519,17.71,921.0,-308.0,1.26,-18.4,66.9
short,100,前日反向,60,250,12:00,52,0.635,35.98,1871.0,-524.0,1.71,-10.8,99.7
short,100,前日反向,60,250,12:30,52,0.558,32.69,1700.0,-455.0,1.57,-12.4,94.2
short,100,前日反向,60,250,13:00,52,0.558,26.21,1363.0,-444.0,1.38,-17.2,85.4
short,100,前日反向,60,250,13:10,52,0.558,22.69,1180.0,-404.0,1.31,-20.5,81.5
short,100,前日反向,60,250,13:20,52,0.538,27.96,1454.0,-386.0,1.4,-16.4,88.5
short,100,前日反向,60,250,13:30,52,0.538,27.1,1409.0,-485.0,1.38,-22.2,94.4
short,100,前日反向,60,250,13:44,52,0.5,31.56,1641.0,-308.0,1.46,-16.0,96.5
short,100,前日反向,70,50,12:00,54,0.759,10.17,549.0,-314.0,1.39,-14.1,45.5
short,100,前日反向,70,50,12:30,54,0.796,5.52,298.0,-320.0,1.17,-17.3,38.8
short,100,前日反向,70,50,13:00,54,0.833,1.44,78.0,-329.0,1.04,-20.8,33.8
short,100,前日反向,70,50,13:10,54,0.833,0.56,30.0,-404.0,1.01,-22.6,34.2
short,100,前日反向,70,50,13:20,54,0.815,4.61,249.0,-292.0,1.13,-15.5,33.8
short,100,前日反向,70,50,13:30,54,0.815,4.7,254.0,-302.0,1.14,-15.5,34.1
short,100,前日反向,70,50,13:44,54,0.815,5.31,287.0,-294.0,1.16,-14.3,33.9
short,100,前日反向,70,75,12:00,54,0.704,12.69,685.0,-534.0,1.33,-2.2,34.4
short,100,前日反向,70,75,12:30,54,0.741,13.19,712.0,-344.0,1.33,-4.9,39.5
short,100,前日反向,70,75,13:00,54,0.778,8.56,462.0,-329.0,1.19,-9.0,34.0
short,100,前日反向,70,75,13:10,54,0.796,6.72,363.0,-404.0,1.14,-9.5,30.4
short,100,前日反向,70,75,13:20,54,0.741,8.17,441.0,-396.0,1.18,-5.5,28.1
short,100,前日反向,70,75,13:30,54,0.741,7.98,431.0,-495.0,1.18,-5.0,26.9
short,100,前日反向,70,75,13:44,54,0.722,15.11,816.0,-294.0,1.4,-4.5,43.6
short,100,前日反向,70,100,12:00,54,0.667,20.65,1115.0,-534.0,1.52,2.3,47.3
short,100,前日反向,70,100,12:30,54,0.667,19.63,1060.0,-344.0,1.47,-2.9,52.4
short,100,前日反向,70,100,13:00,54,0.704,12.31,665.0,-329.0,1.24,-4.9,37.3
short,100,前日反向,70,100,13:10,54,0.722,7.46,403.0,-404.0,1.13,-9.4,32.0
short,100,前日反向,70,100,13:20,54,0.685,9.37,506.0,-396.0,1.18,-6.8,33.0
short,100,前日反向,70,100,13:30,54,0.667,7.2,389.0,-495.0,1.13,-6.0,26.4
short,100,前日反向,70,100,13:44,54,0.648,12.81,692.0,-318.0,1.26,-4.6,38.1
short,100,前日反向,70,150,12:00,54,0.63,24.52,1324.0,-534.0,1.5,-6.0,68.9
short,100,前日反向,70,150,12:30,54,0.611,25.43,1373.0,-455.0,1.5,-7.6,73.5
short,100,前日反向,70,150,13:00,54,0.63,15.54,839.0,-444.0,1.25,-14.1,58.6
short,100,前日反向,70,150,13:10,54,0.648,15.28,825.0,-404.0,1.24,-11.4,54.1
short,100,前日反向,70,150,13:20,54,0.611,18.19,982.0,-396.0,1.29,-9.7,58.7
short,100,前日反向,70,150,13:30,54,0.611,17.43,941.0,-495.0,1.28,-8.9,55.8
short,100,前日反向,70,150,13:44,54,0.574,20.11,1086.0,-318.0,1.34,-9.6,63.3
short,100,前日反向,70,200,12:00,54,0.593,31.81,1718.0,-534.0,1.63,4.2,72.0
short,100,前日反向,70,200,12:30,54,0.556,28.39,1533.0,-455.0,1.49,-1.1,71.3
short,100,前日反向,70,200,13:00,54,0.574,18.35,991.0,-444.0,1.26,-5.8,53.5
short,100,前日反向,70,200,13:10,54,0.593,18.48,998.0,-404.0,1.26,-3.0,49.7
short,100,前日反向,70,200,13:20,54,0.556,21.98,1187.0,-396.0,1.31,-1.8,56.6
short,100,前日反向,70,200,13:30,54,0.556,24.22,1308.0,-495.0,1.36,-0.9,60.7
short,100,前日反向,70,200,13:44,54,0.519,24.2,1307.0,-318.0,1.35,-2.3,62.8
short,100,前日反向,70,250,12:00,54,0.574,36.22,1956.0,-534.0,1.71,5.8,80.5
short,100,前日反向,70,250,12:30,54,0.556,40.07,2164.0,-455.0,1.69,7.6,87.3
short,100,前日反向,70,250,13:00,54,0.574,30.24,1633.0,-444.0,1.44,1.1,72.7
short,100,前日反向,70,250,13:10,54,0.556,26.2,1415.0,-404.0,1.36,0.6,63.4
short,100,前日反向,70,250,13:20,54,0.537,28.8,1555.0,-396.0,1.4,2.1,67.6
short,100,前日反向,70,250,13:30,54,0.537,31.63,1708.0,-495.0,1.45,3.9,72.0
short,100,前日反向,70,250,13:44,54,0.481,30.28,1635.0,-318.0,1.41,3.9,68.6
short,100,前日反向,80,50,12:00,54,0.741,6.5,351.0,-314.0,1.22,-15.4,38.4
short,100,前日反向,80,50,12:30,54,0.778,3.31,179.0,-320.0,1.1,-18.3,34.8
short,100,前日反向,80,50,13:00,54,0.796,-1.44,-78.0,-329.0,0.96,-21.4,27.6
short,100,前日反向,80,50,13:10,54,0.796,-4.37,-236.0,-404.0,0.9,-23.2,23.0
short,100,前日反向,80,50,13:20,54,0.796,0.96,52.0,-292.0,1.03,-16.1,25.8
short,100,前日反向,80,50,13:30,54,0.796,2.28,123.0,-302.0,1.06,-16.1,29.0
short,100,前日反向,80,50,13:44,54,0.796,3.39,183.0,-294.0,1.1,-15.0,30.1
short,100,前日反向,80,75,12:00,54,0.667,6.41,346.0,-544.0,1.16,-8.4,28.0
short,100,前日反向,80,75,12:30,54,0.685,5.15,278.0,-354.0,1.12,-13.6,32.5
short,100,前日反向,80,75,13:00,54,0.722,1.96,106.0,-329.0,1.04,-19.2,32.7
short,100,前日反向,80,75,13:10,54,0.722,-2.24,-121.0,-404.0,0.96,-23.7,29.0
short,100,前日反向,80,75,13:20,54,0.704,-1.52,-82.0,-406.0,0.97,-20.9,26.7
short,100,前日反向,80,75,13:30,54,0.704,-0.96,-52.0,-505.0,0.98,-19.2,25.5
short,100,前日反向,80,75,13:44,54,0.685,6.26,338.0,-294.0,1.15,-18.5,42.2
short,100,前日反向,80,100,12:00,54,0.648,16.85,910.0,-544.0,1.41,-0.2,41.7
short,100,前日反向,80,100,12:30,54,0.648,14.57,787.0,-354.0,1.33,-5.5,43.7
short,100,前日反向,80,100,13:00,54,0.685,8.57,463.0,-329.0,1.16,-7.1,31.4
short,100,前日反向,80,100,13:10,54,0.667,2.78,150.0,-404.0,1.05,-11.7,23.8
short,100,前日反向,80,100,13:20,54,0.667,4.74,256.0,-406.0,1.08,-9.1,24.9
short,100,前日反向,80,100,13:30,54,0.667,3.37,182.0,-505.0,1.06,-8.2,20.3
short,100,前日反向,80,100,13:44,54,0.63,8.24,445.0,-328.0,1.16,-6.8,30.1
short,100,前日反向,80,150,12:00,54,0.593,21.52,1162.0,-544.0,1.42,-8.6,65.3
short,100,前日反向,80,150,12:30,54,0.611,22.43,1211.0,-455.0,1.42,-10.2,69.8
short,100,前日反向,80,150,13:00,54,0.611,12.54,677.0,-444.0,1.2,-16.6,55.0
short,100,前日反向,80,150,13:10,54,0.611,12.28,663.0,-404.0,1.19,-14.0,50.5
short,100,前日反向,80,150,13:20,54,0.611,15.37,830.0,-406.0,1.24,-11.9,55.0
short,100,前日反向,80,150,13:30,54,0.611,14.8,799.0,-505.0,1.23,-11.2,52.6
short,100,前日反向,80,150,13:44,54,0.574,17.48,944.0,-328.0,1.29,-11.8,60.1
short,100,前日反向,80,200,12:00,54,0.574,32.19,1738.0,-544.0,1.61,1.6,76.6
short,100,前日反向,80,200,12:30,54,0.574,32.5,1755.0,-455.0,1.57,-3.7,85.1
short,100,前日反向,80,200,13:00,54,0.574,22.41,1210.0,-444.0,1.33,-8.4,67.2
short,100,前日反向,80,200,13:10,54,0.574,22.37,1208.0,-404.0,1.32,-5.6,63.0
short,100,前日反向,80,200,13:20,54,0.574,25.48,1376.0,-406.0,1.37,-4.4,69.0
short,100,前日反向,80,200,13:30,54,0.574,27.02,1459.0,-505.0,1.4,-3.1,70.9
short,100,前日反向,80,200,13:44,54,0.537,28.65,1547.0,-328.0,1.43,-4.6,77.0
short,100,前日反向,80,250,12:00,54,0.556,36.76,1985.0,-544.0,1.69,2.2,87.0
short,100,前日反向,80,250,12:30,54,0.574,44.74,2416.0,-455.0,1.79,4.7,103.0
short,100,前日反向,80,250,13:00,54,0.574,34.85,1882.0,-444.0,1.51,-1.8,88.2
short,100,前日反向,80,250,13:10,54,0.537,30.65,1655.0,-404.0,1.43,-2.2,78.5
short,100,前日反向,80,250,13:20,54,0.537,32.85,1774.0,-406.0,1.46,-0.8,81.7
short,100,前日反向,80,250,13:30,54,0.537,34.8,1879.0,-505.0,1.49,1.0,83.9
short,100,前日反向,80,250,13:44,54,0.5,35.09,1895.0,-328.0,1.48,1.0,84.6
short,100,前日反向,90,50,12:00,54,0.741,5.57,301.0,-314.0,1.19,-16.3,37.5
short,100,前日反向,90,50,12:30,54,0.778,2.35,127.0,-320.0,1.07,-19.3,33.9
short,100,前日反向,90,50,13:00,54,0.796,-2.19,-118.0,-329.0,0.95,-22.1,26.7
short,100,前日反向,90,50,13:10,54,0.796,-5.11,-276.0,-404.0,0.88,-23.8,22.1
short,100,前日反向,90,50,13:20,54,0.796,0.22,12.0,-292.0,1.01,-16.7,24.9
short,100,前日反向,90,50,13:30,54,0.796,1.54,83.0,-302.0,1.04,-16.8,28.1
short,100,前日反向,90,50,13:44,54,0.796,2.65,143.0,-294.0,1.07,-15.6,29.2
short,100,前日反向,90,75,12:00,54,0.667,4.59,248.0,-554.0,1.11,-10.2,26.2
short,100,前日反向,90,75,12:30,54,0.685,3.33,180.0,-364.0,1.07,-15.4,30.6
short,100,前日反向,90,75,13:00,54,0.722,0.33,18.0,-329.0,1.01,-21.0,31.3
short,100,前日反向,90,75,13:10,54,0.704,-3.87,-209.0,-404.0,0.93,-25.5,27.6
short,100,前日反向,90,75,13:20,54,0.704,-3.15,-170.0,-416.0,0.94,-22.8,25.4
short,100,前日反向,90,75,13:30,54,0.704,-2.59,-140.0,-515.0,0.95,-21.0,24.1
short,100,前日反向,90,75,13:44,54,0.685,4.63,250.0,-294.0,1.1,-20.3,40.9
short,100,前日反向,90,100,12:00,54,0.648,16.06,867.0,-554.0,1.37,-2.4,42.9
short,100,前日反向,90,100,12:30,54,0.648,13.52,730.0,-364.0,1.29,-7.6,44.2
short,100,前日反向,90,100,13:00,54,0.704,10.19,550.0,-329.0,1.19,-8.9,38.0
short,100,前日反向,90,100,13:10,54,0.667,3.5,189.0,-404.0,1.06,-13.5,28.2
short,100,前日反向,90,100,13:20,54,0.667,4.0,216.0,-416.0,1.07,-10.9,25.7
short,100,前日反向,90,100,13:30,54,0.685,3.72,201.0,-515.0,1.07,-10.1,23.8
short,100,前日反向,90,100,13:44,54,0.648,9.76,527.0,-338.0,1.19,-8.6,36.5
short,100,前日反向,90,150,12:00,54,0.593,20.56,1110.0,-554.0,1.39,-10.7,66.0
short,100,前日反向,90,150,12:30,54,0.611,21.93,1184.0,-455.0,1.4,-12.3,71.7
short,100,前日反向,90,150,13:00,54,0.63,14.52,784.0,-444.0,1.23,-18.8,62.9
short,100,前日反向,90,150,13:10,54,0.593,13.37,722.0,-404.0,1.2,-16.1,56.2
short,100,前日反向,90,150,13:20,54,0.611,14.81,800.0,-416.0,1.22,-14.3,57.2
short,100,前日反向,90,150,13:30,54,0.63,15.89,858.0,-515.0,1.24,-13.0,57.9
short,100,前日反向,90,150,13:44,54,0.574,19.74,1066.0,-338.0,1.32,-13.6,68.3
short,100,前日反向,90,200,12:00,54,0.556,24.8,1339.0,-554.0,1.44,-7.7,72.1
short,100,前日反向,90,200,12:30,54,0.574,27.52,1486.0,-455.0,1.47,-9.3,81.0
short,100,前日反向,90,200,13:00,54,0.556,15.8,853.0,-444.0,1.23,-16.8,63.1
short,100,前日反向,90,200,13:10,54,0.519,15.37,830.0,-404.0,1.21,-14.6,58.9
short,100,前日反向,90,200,13:20,54,0.556,18.67,1008.0,-416.0,1.26,-13.1,64.9
short,100,前日反向,90,200,13:30,54,0.556,20.46,1105.0,-515.0,1.29,-11.7,67.2
short,100,前日反向,90,200,13:44,54,0.5,21.46,1159.0,-338.0,1.3,-14.2,73.4
short,100,前日反向,90,250,12:00,54,0.537,28.46,1537.0,-554.0,1.51,-8.3,82.0
short,100,前日反向,90,250,12:30,54,0.574,37.46,2023.0,-455.0,1.64,-4.4,98.4
short,100,前日反向,90,250,13:00,54,0.556,29.24,1579.0,-444.0,1.42,-8.2,83.6
short,100,前日反向,90,250,13:10,54,0.5,24.02,1297.0,-404.0,1.32,-10.3,74.0
short,100,前日反向,90,250,13:20,54,0.537,25.17,1359.0,-416.0,1.34,-10.6,77.2
short,100,前日反向,90,250,13:30,54,0.519,26.56,1434.0,-515.0,1.36,-10.1,79.8
short,100,前日反向,90,250,13:44,54,0.463,26.15,1412.0,-338.0,1.34,-11.2,80.5
short,100,前日反向,100,50,12:00,55,0.709,-6.6,-363.0,-564.0,0.84,-19.4,12.6
short,100,前日反向,100,50,12:30,55,0.745,-5.11,-281.0,-374.0,0.87,-24.8,24.4
short,100,前日反向,100,50,13:00,55,0.764,-6.93,-381.0,-336.0,0.84,-27.5,23.9
short,100,前日反向,100,50,13:10,55,0.764,-12.05,-663.0,-404.0,0.75,-33.3,19.9
short,100,前日反向,100,50,13:20,55,0.764,-9.51,-523.0,-426.0,0.79,-27.8,18.0
short,100,前日反向,100,50,13:30,55,0.764,-8.89,-489.0,-525.0,0.8,-25.8,16.5
short,100,前日反向,100,50,13:44,55,0.764,-1.8,-99.0,-294.0,0.95,-25.2,33.4
short,100,前日反向,100,75,12:00,55,0.655,3.22,177.0,-564.0,1.07,-12.2,26.3
short,100,前日反向,100,75,12:30,55,0.673,3.29,181.0,-374.0,1.07,-17.4,34.4
short,100,前日反向,100,75,13:00,55,0.709,1.45,80.0,-336.0,1.03,-19.6,33.1
short,100,前日反向,100,75,13:10,55,0.691,-5.27,-290.0,-404.0,0.9,-24.1,22.9
short,100,前日反向,100,75,13:20,55,0.691,-4.51,-248.0,-426.0,0.91,-21.4,20.8
short,100,前日反向,100,75,13:30,55,0.673,-4.35,-239.0,-525.0,0.92,-19.6,18.6
short,100,前日反向,100,75,13:44,55,0.673,1.22,67.0,-348.0,1.03,-19.0,31.5
short,100,前日反向,100,100,12:00,55,0.655,18.02,991.0,-564.0,1.42,-1.2,46.8
short,100,前日反向,100,100,12:30,55,0.673,18.2,1001.0,-374.0,1.41,-6.2,54.8
short,100,前日反向,100,100,13:00,55,0.709,15.65,861.0,-336.0,1.33,-9.6,53.5
short,100,前日反向,100,100,13:10,55,0.691,10.38,571.0,-404.0,1.19,-11.6,43.4
short,100,前日反向,100,100,13:20,55,0.691,11.02,606.0,-426.0,1.21,-9.1,41.2
short,100,前日反向,100,100,13:30,55,0.673,10.64,585.0,-525.0,1.2,-8.3,39.0
short,100,前日反向,100,100,13:44,55,0.673,16.64,915.0,-348.0,1.35,-6.9,52.0
short,100,前日反向,100,150,12:00,55,0.564,18.76,1032.0,-564.0,1.34,-7.7,58.5
short,100,前日反向,100,150,12:30,55,0.6,21.85,1202.0,-455.0,1.39,-9.2,68.5
short,100,前日反向,100,150,13:00,55,0.618,15.35,844.0,-444.0,1.24,-15.5,61.6
short,100,前日反向,100,150,13:10,55,0.6,14.18,780.0,-404.0,1.21,-12.9,54.9
short,100,前日反向,100,150,13:20,55,0.618,16.29,896.0,-426.0,1.25,-11.2,57.6
short,100,前日反向,100,150,13:30,55,0.6,18.44,1014.0,-525.0,1.29,-9.6,60.5
short,100,前日反向,100,150,13:44,55,0.582,21.75,1196.0,-348.0,1.36,-10.2,69.7
short,100,前日反向,100,200,12:00,55,0.545,29.15,1603.0,-564.0,1.52,-3.6,78.3
short,100,前日反向,100,200,12:30,55,0.582,34.67,1907.0,-455.0,1.61,-5.1,94.4
short,100,前日反向,100,200,13:00,55,0.564,25.15,1383.0,-444.0,1.38,-12.4,81.4
short,100,前日反向,100,200,13:10,55,0.545,24.58,1352.0,-404.0,1.36,-10.2,76.8
short,100,前日反向,100,200,13:20,55,0.582,27.96,1538.0,-426.0,1.42,-8.8,83.1
short,100,前日反向,100,200,13:30,55,0.545,29.18,1605.0,-525.0,1.44,-8.5,85.7
short,100,前日反向,100,200,13:44,55,0.527,30.13,1657.0,-348.0,1.45,-11.1,92.0
short,100,前日反向,100,250,12:00,55,0.527,30.38,1671.0,-564.0,1.54,-9.4,90.0
short,100,前日反向,100,250,12:30,55,0.564,41.2,2266.0,-455.0,1.73,-7.0,113.5
short,100,前日反向,100,250,13:00,55,0.545,34.18,1880.0,-444.0,1.51,-12.2,103.7
short,100,前日反向,100,250,13:10,55,0.509,29.53,1624.0,-404.0,1.42,-13.2,93.7
short,100,前日反向,100,250,13:20,55,0.545,30.75,1691.0,-426.0,1.44,-13.6,97.3
short,100,前日反向,100,250,13:30,55,0.491,30.25,1664.0,-525.0,1.41,-16.3,100.1
short,100,前日反向,100,250,13:44,55,0.473,26.47,1456.0,-348.0,1.33,-23.2,101.0
short,100,前日反向,110,50,12:00,56,0.696,-8.93,-500.0,-574.0,0.79,-18.9,6.5
short,100,前日反向,110,50,12:30,56,0.732,-7.71,-432.0,-384.0,0.82,-24.1,17.6
short,100,前日反向,110,50,13:00,56,0.75,-7.89,-442.0,-346.0,0.82,-27.9,23.0
short,100,前日反向,110,50,13:10,56,0.768,-12.77,-715.0,-404.0,0.74,-33.3,19.0
short,100,前日反向,110,50,13:20,56,0.768,-10.16,-569.0,-436.0,0.78,-27.8,17.0
short,100,前日反向,110,50,13:30,56,0.75,-10.05,-563.0,-535.0,0.78,-26.6,15.5
short,100,前日反向,110,50,13:44,56,0.768,-2.66,-149.0,-294.0,0.93,-25.4,32.5
short,100,前日反向,110,75,12:00,56,0.643,2.7,151.0,-574.0,1.06,-11.4,24.5
short,100,前日反向,110,75,12:30,56,0.679,2.77,155.0,-384.0,1.06,-16.5,32.5
short,100,前日反向,110,75,13:00,56,0.696,1.14,64.0,-346.0,1.02,-18.4,31.3
short,100,前日反向,110,75,13:10,56,0.696,-5.46,-306.0,-404.0,0.9,-22.6,21.1
short,100,前日反向,110,75,13:20,56,0.696,-4.71,-264.0,-436.0,0.91,-20.0,19.0
short,100,前日反向,110,75,13:30,56,0.679,-4.55,-255.0,-535.0,0.91,-18.4,16.8
short,100,前日反向,110,75,13:44,56,0.679,0.91,51.0,-358.0,1.02,-17.7,29.7
short,100,前日反向,110,100,12:00,56,0.625,15.68,878.0,-574.0,1.35,0.0,39.9
short,100,前日反向,110,100,12:30,56,0.661,15.84,887.0,-384.0,1.35,-4.9,47.9
short,100,前日反向,110,100,13:00,56,0.679,12.18,682.0,-346.0,1.25,-8.2,43.6
short,100,前日反向,110,100,13:10,56,0.696,9.48,531.0,-404.0,1.17,-9.8,39.3
short,100,前日反向,110,100,13:20,56,0.696,10.98,615.0,-436.0,1.21,-7.4,39.4
short,100,前日反向,110,100,13:30,56,0.679,10.61,594.0,-535.0,1.2,-6.6,37.2
short,100,前日反向,110,100,13:44,56,0.679,16.5,924.0,-358.0,1.35,-5.3,50.1
short,100,前日反向,110,150,12:00,56,0.554,18.75,1050.0,-574.0,1.33,-4.9,55.2
short,100,前日反向,110,150,12:30,56,0.607,21.96,1230.0,-455.0,1.38,-6.4,65.7
short,100,前日反向,110,150,13:00,56,0.607,15.57,872.0,-444.0,1.24,-12.4,58.9
short,100,前日反向,110,150,13:10,56,0.607,14.43,808.0,-404.0,1.22,-9.9,52.1
short,100,前日反向,110,150,13:20,56,0.625,16.5,924.0,-436.0,1.25,-8.3,54.8
short,100,前日反向,110,150,13:30,56,0.607,18.96,1062.0,-535.0,1.3,-6.4,58.2
short,100,前日反向,110,150,13:44,56,0.589,22.21,1244.0,-358.0,1.37,-7.0,67.4
short,100,前日反向,110,200,12:00,56,0.518,29.48,1651.0,-574.0,1.51,0.3,74.6
short,100,前日反向,110,200,12:30,56,0.589,35.09,1965.0,-455.0,1.61,-1.2,91.1
short,100,前日反向,110,200,13:00,56,0.554,25.73,1441.0,-444.0,1.39,-8.2,78.2
short,100,前日反向,110,200,13:10,56,0.554,25.18,1410.0,-404.0,1.36,-6.1,73.6
short,100,前日反向,110,200,13:20,56,0.571,28.5,1596.0,-436.0,1.42,-4.8,79.9
short,100,前日反向,110,200,13:30,56,0.554,29.88,1673.0,-535.0,1.44,-4.4,82.9
short,100,前日反向,110,200,13:44,56,0.536,30.8,1725.0,-358.0,1.46,-7.0,89.2
short,100,前日反向,110,250,12:00,56,0.5,31.23,1749.0,-574.0,1.54,-4.1,85.9
short,100,前日反向,110,250,12:30,56,0.571,42.04,2354.0,-455.0,1.73,-1.9,109.9
short,100,前日反向,110,250,13:00,56,0.536,35.14,1968.0,-444.0,1.52,-6.9,100.0
short,100,前日反向,110,250,13:10,56,0.518,30.57,1712.0,-404.0,1.43,-7.9,90.0
short,100,前日反向,110,250,13:20,56,0.536,31.77,1779.0,-436.0,1.45,-8.2,93.6
short,100,前日反向,110,250,13:30,56,0.5,30.57,1712.0,-535.0,1.41,-10.9,94.6
short,100,前日反向,110,250,13:44,56,0.482,27.75,1554.0,-358.0,1.35,-17.6,97.8
short,100,前日反向,120,50,12:00,56,0.714,1.43,80.0,-314.0,1.04,-19.7,34.0
short,100,前日反向,120,50,12:30,56,0.75,-0.52,-29.0,-320.0,0.99,-24.5,36.5
short,100,前日反向,120,50,13:00,56,0.786,0.59,33.0,-329.0,1.02,-25.2,40.5
short,100,前日反向,120,50,13:10,56,0.786,-3.07,-172.0,-404.0,0.92,-28.0,35.5
short,100,前日反向,120,50,13:20,56,0.804,1.57,88.0,-292.0,1.04,-22.4,38.6
short,100,前日反向,120,50,13:30,56,0.786,1.77,99.0,-302.0,1.05,-24.0,41.6
short,100,前日反向,120,50,13:44,56,0.786,3.29,184.0,-294.0,1.1,-22.3,42.8
short,100,前日反向,120,75,12:00,56,0.643,1.18,66.0,-584.0,1.03,-12.9,22.9
short,100,前日反向,120,75,12:30,56,0.679,1.25,70.0,-394.0,1.03,-18.0,31.0
short,100,前日反向,120,75,13:00,56,0.696,-0.2,-11.0,-356.0,1.0,-19.5,29.7
short,100,前日反向,120,75,13:10,56,0.679,-6.8,-381.0,-404.0,0.88,-23.8,19.5
short,100,前日反向,120,75,13:20,56,0.696,-6.05,-339.0,-446.0,0.89,-21.2,17.4
short,100,前日反向,120,75,13:30,56,0.679,-5.89,-330.0,-545.0,0.89,-19.5,15.2
short,100,前日反向,120,75,13:44,56,0.661,-0.43,-24.0,-363.0,0.99,-18.9,28.1
short,100,前日反向,120,100,12:00,56,0.625,13.98,783.0,-584.0,1.3,-1.4,37.8
short,100,前日反向,120,100,12:30,56,0.661,14.14,792.0,-394.0,1.3,-6.4,45.8
short,100,前日反向,120,100,13:00,56,0.661,10.48,587.0,-356.0,1.21,-9.6,41.6
short,100,前日反向,120,100,13:10,56,0.679,7.89,442.0,-404.0,1.14,-11.1,37.3
short,100,前日反向,120,100,13:20,56,0.696,9.16,513.0,-446.0,1.17,-8.6,36.6
short,100,前日反向,120,100,13:30,56,0.679,9.27,519.0,-545.0,1.17,-7.8,35.6
short,100,前日反向,120,100,13:44,56,0.661,15.16,849.0,-363.0,1.31,-6.4,48.5
short,100,前日反向,120,150,12:00,56,0.554,16.7,935.0,-584.0,1.29,-6.3,52.3
short,100,前日反向,120,150,12:30,56,0.607,20.09,1125.0,-455.0,1.34,-7.8,63.2
short,100,前日反向,120,150,13:00,56,0.589,13.7,767.0,-444.0,1.21,-13.9,56.4
short,100,前日反向,120,150,13:10,56,0.589,12.55,703.0,-404.0,1.18,-11.4,49.6
short,100,前日反向,120,150,13:20,56,0.625,14.62,819.0,-446.0,1.22,-9.8,52.3
short,100,前日反向,120,150,13:30,56,0.607,17.45,977.0,-545.0,1.27,-7.6,56.2
short,100,前日反向,120,150,13:44,56,0.571,20.7,1159.0,-363.0,1.33,-8.2,65.4
short,100,前日反向,120,200,12:00,56,0.518,20.66,1157.0,-584.0,1.35,-6.9,63.2
short,100,前日反向,120,200,12:30,56,0.571,27.96,1566.0,-455.0,1.47,-9.8,86.3
short,100,前日反向,120,200,13:00,56,0.518,15.41,863.0,-444.0,1.22,-18.3,67.5
short,100,前日反向,120,200,13:10,56,0.5,13.32,746.0,-404.0,1.18,-15.2,57.5
short,100,前日反向,120,200,13:20,56,0.536,15.52,869.0,-446.0,1.21,-13.9,61.0
short,100,前日反向,120,200,13:30,56,0.518,14.39,806.0,-545.0,1.19,-16.7,62.5
short,100,前日反向,120,200,13:44,56,0.482,9.8,549.0,-363.0,1.12,-24.9,63.4
short,100,前日反向,120,250,12:00,56,0.5,26.18,1466.0,-584.0,1.44,-6.5,76.6
short,100,前日反向,120,250,12:30,56,0.571,35.45,1985.0,-455.0,1.59,-6.4,100.0
short,100,前日反向,120,250,13:00,56,0.518,27.68,1550.0,-444.0,1.39,-13.1,90.7
short,100,前日反向,120,250,13:10,56,0.5,22.73,1273.0,-404.0,1.31,-13.8,79.1
short,100,前日反向,120,250,13:20,56,0.536,23.45,1313.0,-446.0,1.32,-13.6,80.7
short,100,前日反向,120,250,13:30,56,0.5,23.18,1298.0,-545.0,1.3,-15.3,82.7
short,100,前日反向,120,250,13:44,56,0.464,19.36,1084.0,-363.0,1.24,-22.9,84.7
short,100,前日反向,130,50,12:00,57,0.719,2.84,162.0,-314.0,1.09,-22.1,42.5
short,100,前日反向,130,50,12:30,57,0.737,-0.63,-36.0,-320.0,0.98,-27.3,41.9
short,100,前日反向,130,50,13:00,57,0.789,1.33,76.0,-329.0,1.04,-28.0,48.0
short,100,前日反向,130,50,13:10,57,0.789,-1.89,-108.0,-404.0,0.95,-33.3,48.0
short,100,前日反向,130,50,13:20,57,0.789,1.4,80.0,-292.0,1.04,-27.9,48.0
short,100,前日反向,130,50,13:30,57,0.789,2.09,119.0,-302.0,1.06,-26.8,48.0
short,100,前日反向,130,50,13:44,57,0.789,2.82,161.0,-294.0,1.08,-25.6,48.0
short,100,前日反向,130,75,12:00,57,0.667,4.81,274.0,-594.0,1.11,-11.8,31.2
short,100,前日反向,130,75,12:30,57,0.684,4.84,276.0,-404.0,1.11,-16.7,39.1
short,100,前日反向,130,75,13:00,57,0.702,0.77,44.0,-366.0,1.02,-20.3,34.4
short,100,前日反向,130,75,13:10,57,0.719,0.79,45.0,-404.0,1.02,-22.2,37.4
short,100,前日反向,130,75,13:20,57,0.719,1.04,59.0,-456.0,1.02,-19.7,34.0
short,100,前日反向,130,75,13:30,57,0.719,-0.72,-41.0,-555.0,0.99,-18.0,26.8
short,100,前日反向,130,75,13:44,57,0.702,4.88,278.0,-363.0,1.11,-17.4,40.3
short,100,前日反向,130,100,12:00,57,0.667,20.4,1163.0,-594.0,1.47,0.1,52.8
short,100,前日反向,130,100,12:30,57,0.684,20.54,1171.0,-404.0,1.46,-4.7,60.7
short,100,前日反向,130,100,13:00,57,0.702,16.74,954.0,-366.0,1.34,-7.9,56.0
short,100,前日反向,130,100,13:10,57,0.719,17.02,970.0,-404.0,1.34,-9.3,59.0
short,100,前日反向,130,100,13:20,57,0.719,17.12,976.0,-456.0,1.34,-6.7,55.0
short,100,前日反向,130,100,13:30,57,0.719,15.49,883.0,-555.0,1.3,-5.9,49.5
short,100,前日反向,130,100,13:44,57,0.702,21.51,1226.0,-363.0,1.46,-4.6,63.0
short,100,前日反向,130,150,12:00,57,0.579,20.16,1149.0,-594.0,1.34,-3.3,57.4
short,100,前日反向,130,150,12:30,57,0.614,24.86,1417.0,-455.0,1.43,-4.7,71.9
short,100,前日反向,130,150,13:00,57,0.614,17.51,998.0,-444.0,1.27,-10.6,62.3
short,100,前日反向,130,150,13:10,57,0.614,17.28,985.0,-404.0,1.26,-8.2,57.8
short,100,前日反向,130,150,13:20,57,0.632,19.26,1098.0,-456.0,1.29,-6.6,60.4
short,100,前日反向,130,150,13:30,57,0.632,21.58,1230.0,-555.0,1.33,-4.3,62.8
short,100,前日反向,130,150,13:44,57,0.596,25.47,1452.0,-363.0,1.42,-4.9,73.8
short,100,前日反向,130,200,12:00,57,0.526,21.37,1218.0,-594.0,1.35,-2.9,60.0
short,100,前日反向,130,200,12:30,57,0.561,28.72,1637.0,-455.0,1.47,-5.7,83.5
short,100,前日反向,130,200,13:00,57,0.526,16.39,934.0,-444.0,1.23,-14.0,64.8
short,100,前日反向,130,200,13:10,57,0.509,14.33,817.0,-404.0,1.19,-11.1,54.7
short,100,前日反向,130,200,13:20,57,0.526,16.49,940.0,-456.0,1.22,-9.8,58.3
short,100,前日反向,130,200,13:30,57,0.526,15.56,887.0,-555.0,1.2,-12.5,60.2
short,100,前日反向,130,200,13:44,57,0.491,11.05,630.0,-363.0,1.14,-20.4,61.1
short,100,前日反向,130,250,12:00,57,0.509,27.51,1568.0,-594.0,1.45,-1.4,73.5
short,100,前日反向,130,250,12:30,57,0.561,36.79,2097.0,-455.0,1.61,-1.3,97.3
short,100,前日反向,130,250,13:00,57,0.526,29.16,1662.0,-444.0,1.41,-7.8,88.0
short,100,前日反向,130,250,13:10,57,0.509,24.3,1385.0,-404.0,1.33,-8.5,76.4
short,100,前日反向,130,250,13:20,57,0.526,25.0,1425.0,-456.0,1.34,-8.3,78.0
short,100,前日反向,130,250,13:30,57,0.509,24.74,1410.0,-555.0,1.32,-10.0,80.0
short,100,前日反向,130,250,13:44,57,0.474,21.16,1206.0,-363.0,1.26,-17.4,82.5
short,100,前日反向,140,50,12:00,57,0.719,-6.54,-373.0,-604.0,0.84,-18.7,12.9
short,100,前日反向,140,50,12:30,57,0.737,-6.3,-359.0,-414.0,0.85,-23.4,20.9
short,100,前日反向,140,50,13:00,57,0.789,-4.82,-275.0,-376.0,0.89,-25.9,28.7
short,100,前日反向,140,50,13:10,57,0.789,-7.63,-435.0,-404.0,0.83,-31.1,29.7
short,100,前日反向,140,50,13:20,57,0.789,-5.67,-323.0,-466.0,0.87,-24.7,24.6
short,100,前日反向,140,50,13:30,57,0.789,-6.53,-372.0,-565.0,0.85,-23.3,20.1
short,100,前日反向,140,50,13:44,57,0.789,0.61,35.0,-294.0,1.02,-21.5,35.8
short,100,前日反向,140,75,12:00,57,0.667,3.75,214.0,-604.0,1.08,-12.9,30.3
short,100,前日反向,140,75,12:30,57,0.684,3.79,216.0,-414.0,1.08,-17.9,38.2
short,100,前日反向,140,75,13:00,57,0.702,-0.28,-16.0,-376.0,0.99,-21.5,33.5
short,100,前日反向,140,75,13:10,57,0.719,-0.26,-15.0,-404.0,0.99,-23.3,36.5
short,100,前日反向,140,75,13:20,57,0.719,-0.23,-13.0,-466.0,1.0,-20.8,32.5
short,100,前日反向,140,75,13:30,57,0.719,-1.6,-91.0,-565.0,0.97,-19.2,26.4
short,100,前日反向,140,75,13:44,57,0.702,4.0,228.0,-363.0,1.08,-18.5,39.9
short,100,前日反向,140,100,12:00,57,0.667,18.67,1064.0,-604.0,1.42,-1.1,50.1
short,100,前日反向,140,100,12:30,57,0.684,19.49,1111.0,-414.0,1.43,-5.9,59.8
short,100,前日反向,140,100,13:00,57,0.702,15.68,894.0,-376.0,1.31,-9.1,55.0
short,100,前日反向,140,100,13:10,57,0.719,15.96,910.0,-404.0,1.31,-10.5,58.0
short,100,前日反向,140,100,13:20,57,0.719,16.07,916.0,-466.0,1.31,-7.8,54.1
short,100,前日反向,140,100,13:30,57,0.719,14.61,833.0,-565.0,1.28,-7.1,49.1
short,100,前日反向,140,100,13:44,57,0.702,20.63,1176.0,-363.0,1.44,-5.7,62.6
short,100,前日反向,140,150,12:00,57,0.579,18.58,1059.0,-604.0,1.31,-4.4,55.1
short,100,前日反向,140,150,12:30,57,0.614,23.46,1337.0,-455.0,1.4,-5.9,70.1
short,100,前日反向,140,150,13:00,57,0.614,16.11,918.0,-444.0,1.24,-11.8,60.5
short,100,前日反向,140,150,13:10,57,0.614,15.88,905.0,-404.0,1.23,-9.3,56.0
short,100,前日反向,140,150,13:20,57,0.632,17.86,1018.0,-466.0,1.27,-7.7,58.6
short,100,前日反向,140,150,13:30,57,0.632,20.35,1160.0,-565.0,1.31,-5.5,61.4
short,100,前日反向,140,150,13:44,57,0.596,24.25,1382.0,-363.0,1.39,-6.0,72.4
short,100,前日反向,140,200,12:00,57,0.491,19.23,1096.0,-604.0,1.31,-4.4,56.9
short,100,前日反向,140,200,12:30,57,0.561,26.75,1525.0,-455.0,1.43,-7.2,80.8
short,100,前日反向,140,200,13:00,57,0.509,14.42,822.0,-444.0,1.2,-15.5,62.0
short,100,前日反向,140,200,13:10,57,0.509,12.37,705.0,-404.0,1.16,-12.5,52.0
short,100,前日反向,140,200,13:20,57,0.526,14.53,828.0,-466.0,1.19,-11.3,55.6
short,100,前日反向,140,200,13:30,57,0.526,13.77,785.0,-565.0,1.18,-14.0,58.0
short,100,前日反向,140,200,13:44,57,0.491,9.26,528.0,-370.0,1.11,-21.9,58.9
short,100,前日反向,140,250,12:00,57,0.474,25.37,1446.0,-604.0,1.4,-2.9,70.3
short,100,前日反向,140,250,12:30,57,0.561,34.82,1985.0,-455.0,1.56,-2.7,94.6
short,100,前日反向,140,250,13:00,57,0.509,27.19,1550.0,-444.0,1.37,-9.3,85.3
short,100,前日反向,140,250,13:10,57,0.509,22.33,1273.0,-404.0,1.29,-9.9,73.7
short,100,前日反向,140,250,13:20,57,0.526,23.04,1313.0,-466.0,1.31,-9.8,75.2
short,100,前日反向,140,250,13:30,57,0.509,22.77,1298.0,-565.0,1.29,-11.5,77.2
short,100,前日反向,140,250,13:44,57,0.474,17.39,991.0,-370.0,1.21,-18.9,75.0
short,100,前日反向,150,50,12:00,58,0.741,-3.9,-226.0,-614.0,0.9,-15.6,14.0
short,100,前日反向,150,50,12:30,58,0.759,-3.31,-192.0,-424.0,0.92,-19.7,21.6
short,100,前日反向,150,50,13:00,58,0.81,-1.76,-102.0,-386.0,0.96,-22.1,29.1
short,100,前日反向,150,50,13:10,58,0.81,-2.98,-173.0,-404.0,0.93,-24.7,30.0
short,100,前日反向,150,50,13:20,58,0.81,-1.0,-58.0,-476.0,0.97,-18.2,25.2
short,100,前日反向,150,50,13:30,58,0.81,-3.47,-201.0,-575.0,0.92,-19.5,20.9
short,100,前日反向,150,50,13:44,58,0.81,3.83,222.0,-294.0,1.11,-17.3,35.9
short,100,前日反向,150,75,12:00,58,0.672,3.98,231.0,-614.0,1.09,-13.9,31.3
short,100,前日反向,150,75,12:30,58,0.69,4.02,233.0,-424.0,1.09,-18.9,38.9
short,100,前日反向,150,75,13:00,58,0.707,0.02,1.0,-386.0,1.0,-22.5,34.3
short,100,前日反向,150,75,13:10,58,0.724,0.03,2.0,-404.0,1.0,-24.4,37.2
short,100,前日反向,150,75,13:20,58,0.724,0.07,4.0,-476.0,1.0,-21.8,33.4
short,100,前日反向,150,75,13:30,58,0.724,-1.1,-64.0,-575.0,0.98,-20.2,28.0
short,100,前日反向,150,75,13:44,58,0.707,4.4,255.0,-363.0,1.09,-19.6,40.9
short,100,前日反向,150,100,12:00,58,0.655,14.21,824.0,-614.0,1.3,-2.1,39.0
short,100,前日反向,150,100,12:30,58,0.672,14.14,820.0,-424.0,1.28,-6.9,46.1
short,100,前日反向,150,100,13:00,58,0.69,9.24,536.0,-386.0,1.17,-10.1,38.7
short,100,前日反向,150,100,13:10,58,0.707,9.62,558.0,-404.0,1.17,-11.5,41.8
short,100,前日反向,150,100,13:20,58,0.707,10.24,594.0,-476.0,1.18,-8.9,39.3
short,100,前日反向,150,100,13:30,58,0.707,9.78,567.0,-575.0,1.17,-8.1,37.0
short,100,前日反向,150,100,13:44,58,0.69,15.17,880.0,-363.0,1.29,-6.8,48.6
short,100,前日反向,150,150,12:00,58,0.569,16.0,928.0,-614.0,1.26,-5.4,48.6
short,100,前日反向,150,150,12:30,58,0.603,19.79,1148.0,-455.0,1.32,-6.9,60.4
short,100,前日反向,150,150,13:00,58,0.603,13.62,790.0,-444.0,1.2,-12.8,53.8
short,100,前日反向,150,150,13:10,58,0.603,12.52,726.0,-404.0,1.18,-10.4,47.3
short,100,前日反向,150,150,13:20,58,0.621,14.52,842.0,-476.0,1.21,-8.8,50.0
short,100,前日反向,150,150,13:30,58,0.621,17.88,1037.0,-575.0,1.27,-6.5,55.0
short,100,前日反向,150,150,13:44,58,0.586,21.02,1219.0,-363.0,1.33,-7.1,63.7
short,100,前日反向,150,200,12:00,58,0.5,20.31,1178.0,-614.0,1.32,-5.7,60.0
short,100,前日反向,150,200,12:30,58,0.569,27.88,1617.0,-455.0,1.44,-8.5,83.3
short,100,前日反向,150,200,13:00,58,0.517,15.76,914.0,-444.0,1.21,-16.8,65.3
short,100,前日反向,150,200,13:10,58,0.517,13.74,797.0,-404.0,1.18,-13.9,55.7
short,100,前日反向,150,200,13:20,58,0.534,15.86,920.0,-476.0,1.21,-12.6,59.2
short,100,前日反向,150,200,13:30,58,0.534,15.29,887.0,-575.0,1.2,-15.3,61.9
short,100,前日反向,150,200,13:44,58,0.5,10.86,630.0,-380.0,1.13,-23.2,62.7
short,100,前日反向,150,250,12:00,58,0.466,21.41,1242.0,-614.0,1.33,-4.2,60.3
short,100,前日反向,150,250,12:30,58,0.552,28.34,1644.0,-455.0,1.42,-4.1,77.7
short,100,前日反向,150,250,13:00,58,0.5,18.97,1100.0,-444.0,1.24,-10.6,64.0
short,100,前日反向,150,250,13:10,58,0.5,14.33,831.0,-404.0,1.17,-11.3,53.3
short,100,前日反向,150,250,13:20,58,0.517,14.88,863.0,-476.0,1.18,-11.1,54.4
short,100,前日反向,150,250,13:30,58,0.5,14.72,854.0,-575.0,1.17,-12.8,56.6
short,100,前日反向,150,250,13:44,58,0.466,9.36,543.0,-380.0,1.1,-20.2,54.3
short,200,無,10,50,12:00,66,0.773,5.45,360.0,-474.0,1.17,-16.8,29.1
short,200,無,10,50,12:30,66,0.788,5.88,388.0,-288.0,1.18,-19.8,33.2
short,200,無,10,50,13:00,66,0.803,4.68,309.0,-297.0,1.14,-21.3,32.2
short,200,無,10,50,13:10,66,0.788,3.7,244.0,-372.0,1.11,-24.0,33.1
short,200,無,10,50,13:20,66,0.788,7.11,469.0,-336.0,1.23,-15.0,30.6
short,200,無,10,50,13:30,66,0.788,5.47,361.0,-435.0,1.17,-16.6,28.9
short,200,無,10,50,13:44,66,0.803,12.08,797.0,-262.0,1.46,-17.1,43.1
short,200,無,10,75,12:00,66,0.697,0.45,30.0,-474.0,1.01,-7.8,9.2
short,200,無,10,75,12:30,66,0.712,-2.42,-160.0,-529.0,0.95,-9.0,4.5
short,200,無,10,75,13:00,66,0.727,-5.86,-387.0,-514.0,0.9,-10.8,-0.6
short,200,無,10,75,13:10,66,0.712,-8.56,-565.0,-532.0,0.86,-15.4,-1.3
short,200,無,10,75,13:20,66,0.712,-1.48,-98.0,-500.0,0.97,-4.9,2.2
short,200,無,10,75,13:30,66,0.712,-2.67,-176.0,-506.0,0.95,-7.1,2.0
short,200,無,10,75,13:44,66,0.727,1.64,108.0,-505.0,1.03,-8.2,12.1
short,200,無,10,100,12:00,66,0.682,12.95,855.0,-474.0,1.26,-1.9,28.8
short,200,無,10,100,12:30,66,0.697,12.27,810.0,-529.0,1.23,0.4,24.8
short,200,無,10,100,13:00,66,0.712,7.0,462.0,-514.0,1.12,-5.0,19.7
short,200,無,10,100,13:10,66,0.697,4.06,268.0,-532.0,1.06,-10.0,19.0
short,200,無,10,100,13:20,66,0.697,10.02,661.0,-500.0,1.18,-1.7,22.5
short,200,無,10,100,13:30,66,0.697,8.91,588.0,-506.0,1.16,-3.7,22.3
short,200,無,10,100,13:44,66,0.682,11.23,741.0,-505.0,1.21,-3.9,27.3
short,200,無,10,150,12:00,66,0.576,3.41,225.0,-474.0,1.05,-12.8,20.7
short,200,無,10,150,12:30,66,0.606,9.79,646.0,-529.0,1.15,-6.5,27.1
short,200,無,10,150,13:00,66,0.591,2.62,173.0,-514.0,1.03,-12.3,18.5
short,200,無,10,150,13:10,66,0.561,-4.82,-318.0,-532.0,0.94,-16.9,8.0
short,200,無,10,150,13:20,66,0.561,3.82,252.0,-500.0,1.05,-10.3,18.8
short,200,無,10,150,13:30,66,0.606,11.21,740.0,-506.0,1.16,-9.2,32.9
short,200,無,10,150,13:44,66,0.606,14.3,944.0,-505.0,1.21,-12.1,42.3
short,200,無,10,200,12:00,66,0.576,18.5,1221.0,-474.0,1.28,0.2,37.9
short,200,無,10,200,12:30,66,0.606,26.48,1748.0,-529.0,1.4,7.6,46.5
short,200,無,10,200,13:00,66,0.561,11.53,761.0,-514.0,1.15,-1.1,24.9
short,200,無,10,200,13:10,66,0.545,5.5,363.0,-532.0,1.06,-2.4,13.8
short,200,無,10,200,13:20,66,0.53,15.58,1028.0,-500.0,1.2,4.3,27.6
short,200,無,10,200,13:30,66,0.591,22.29,1471.0,-506.0,1.31,4.3,41.4
short,200,無,10,200,13:44,66,0.561,23.41,1545.0,-505.0,1.33,1.2,47.0
short,200,無,10,250,12:00,66,0.545,13.7,904.0,-474.0,1.2,0.1,28.2
short,200,無,10,250,12:30,66,0.561,15.92,1051.0,-529.0,1.22,5.0,27.5
short,200,無,10,250,13:00,66,0.515,3.92,259.0,-514.0,1.04,1.3,6.8
short,200,無,10,250,13:10,66,0.5,-4.77,-315.0,-532.0,0.95,-1.1,-8.7
short,200,無,10,250,13:20,66,0.485,9.77,645.0,-500.0,1.11,9.0,10.6
short,200,無,10,250,13:30,66,0.53,13.8,911.0,-506.0,1.17,4.0,24.2
short,200,無,10,250,13:44,66,0.515,18.76,1238.0,-505.0,1.23,9.1,29.0
short,200,無,20,50,12:00,68,0.794,1.13,77.0,-484.0,1.03,-15.8,19.1
short,200,無,20,50,12:30,68,0.809,2.15,146.0,-429.0,1.06,-17.7,23.2
short,200,無,20,50,13:00,68,0.824,2.18,148.0,-415.0,1.06,-19.1,24.8
short,200,無,20,50,13:10,68,0.809,1.75,119.0,-390.0,1.05,-21.3,26.2
short,200,無,20,50,13:20,68,0.809,4.65,316.0,-357.0,1.14,-13.4,23.8
short,200,無,20,50,13:30,68,0.809,3.04,207.0,-445.0,1.09,-14.8,21.9
short,200,無,20,50,13:44,68,0.824,8.47,576.0,-450.0,1.27,-14.6,32.9
short,200,無,20,75,12:00,68,0.735,7.21,490.0,-484.0,1.16,-9.0,24.4
short,200,無,20,75,12:30,68,0.75,5.15,350.0,-539.0,1.11,-11.5,22.8
short,200,無,20,75,13:00,68,0.75,0.24,16.0,-524.0,1.0,-18.6,20.2
short,200,無,20,75,13:10,68,0.735,-2.32,-158.0,-542.0,0.96,-23.2,19.8
short,200,無,20,75,13:20,68,0.735,4.09,278.0,-510.0,1.08,-12.7,21.9
short,200,無,20,75,13:30,68,0.735,2.25,153.0,-516.0,1.04,-14.6,20.1
short,200,無,20,75,13:44,68,0.75,8.59,584.0,-515.0,1.19,-14.2,32.7
short,200,無,20,100,12:00,68,0.706,17.84,1213.0,-484.0,1.39,-4.3,41.3
short,200,無,20,100,12:30,68,0.721,18.44,1254.0,-539.0,1.37,-0.5,38.6
short,200,無,20,100,13:00,68,0.735,13.65,928.0,-524.0,1.25,-5.5,34.0
short,200,無,20,100,13:10,68,0.721,11.06,752.0,-542.0,1.19,-10.4,33.8
short,200,無,20,100,13:20,68,0.721,16.66,1133.0,-510.0,1.32,-2.3,36.8
short,200,無,20,100,13:30,68,0.721,15.46,1051.0,-516.0,1.29,-4.3,36.4
short,200,無,20,100,13:44,68,0.706,18.47,1256.0,-515.0,1.37,-4.5,42.8
short,200,無,20,150,12:00,68,0.588,0.91,62.0,-484.0,1.01,-15.8,18.6
short,200,無,20,150,12:30,68,0.618,8.41,572.0,-539.0,1.12,-8.1,25.9
short,200,無,20,150,13:00,68,0.574,-2.76,-188.0,-524.0,0.97,-12.1,7.2
short,200,無,20,150,13:10,68,0.559,-10.51,-715.0,-542.0,0.88,-16.6,-4.0
short,200,無,20,150,13:20,68,0.559,-1.09,-74.0,-510.0,0.99,-10.2,8.6
short,200,無,20,150,13:30,68,0.603,4.37,297.0,-516.0,1.06,-9.2,18.7
short,200,無,20,150,13:44,68,0.588,5.88,400.0,-515.0,1.08,-11.9,24.8
short,200,無,20,200,12:00,68,0.588,15.28,1039.0,-484.0,1.23,-6.1,38.0
short,200,無,20,200,12:30,68,0.618,24.19,1645.0,-539.0,1.36,3.1,46.6
short,200,無,20,200,13:00,68,0.574,11.09,754.0,-524.0,1.14,-2.6,25.6
short,200,無,20,200,13:10,68,0.559,5.16,351.0,-542.0,1.06,-4.0,14.9
short,200,無,20,200,13:20,68,0.544,15.16,1031.0,-510.0,1.19,3.3,27.7
short,200,無,20,200,13:30,68,0.603,21.62,1470.0,-516.0,1.3,2.4,42.0
short,200,無,20,200,13:44,68,0.574,23.57,1603.0,-515.0,1.33,0.9,47.7
short,200,無,20,250,12:00,68,0.559,11.41,776.0,-484.0,1.16,-4.7,28.5
short,200,無,20,250,12:30,68,0.574,14.53,988.0,-539.0,1.2,1.7,28.2
short,200,無,20,250,13:00,68,0.529,4.5,306.0,-524.0,1.05,0.6,8.6
short,200,無,20,250,13:10,68,0.515,-4.6,-313.0,-542.0,0.95,-3.0,-6.3
short,200,無,20,250,13:20,68,0.5,8.68,590.0,-510.0,1.1,5.2,12.3
short,200,無,20,250,13:30,68,0.544,12.44,846.0,-516.0,1.15,-0.2,25.8
short,200,無,20,250,13:44,68,0.529,16.84,1145.0,-515.0,1.2,3.7,30.8
short,200,無,30,50,12:00,70,0.771,-1.71,-120.0,-494.0,0.96,-16.9,14.3
short,200,無,30,50,12:30,70,0.8,-0.29,-20.0,-439.0,0.99,-18.1,18.6
short,200,無,30,50,13:00,70,0.814,-2.29,-160.0,-425.0,0.94,-19.2,15.6
short,200,無,30,50,13:10,70,0.8,-3.26,-228.0,-400.0,0.92,-21.3,15.8
short,200,無,30,50,13:20,70,0.8,1.2,84.0,-367.0,1.03,-13.6,16.9
short,200,無,30,50,13:30,70,0.8,-0.26,-18.0,-455.0,0.99,-15.0,15.3
short,200,無,30,50,13:44,70,0.814,5.56,389.0,-460.0,1.17,-14.8,27.1
short,200,無,30,75,12:00,70,0.729,5.59,391.0,-494.0,1.12,-13.7,26.0
short,200,無,30,75,12:30,70,0.714,2.47,173.0,-549.0,1.05,-17.0,23.1
short,200,無,30,75,13:00,70,0.729,-1.59,-111.0,-534.0,0.97,-22.5,20.6
short,200,無,30,75,13:10,70,0.729,-4.23,-296.0,-552.0,0.93,-27.3,20.2
short,200,無,30,75,13:20,70,0.729,1.73,121.0,-520.0,1.03,-17.7,22.3
short,200,無,30,75,13:30,70,0.714,-0.53,-37.0,-526.0,0.99,-20.4,20.5
short,200,無,30,75,13:44,70,0.714,2.6,182.0,-525.0,1.05,-21.1,27.6
short,200,無,30,100,12:00,70,0.7,16.39,1147.0,-494.0,1.35,-7.2,41.4
short,200,無,30,100,12:30,70,0.714,18.6,1302.0,-549.0,1.38,-4.3,42.9
short,200,無,30,100,13:00,70,0.714,14.11,988.0,-534.0,1.26,-9.3,38.9
short,200,無,30,100,13:10,70,0.714,9.69,678.0,-552.0,1.16,-14.6,35.4
short,200,無,30,100,13:20,70,0.714,15.91,1114.0,-520.0,1.31,-6.3,39.4
short,200,無,30,100,13:30,70,0.7,14.71,1030.0,-526.0,1.28,-8.8,39.6
short,200,無,30,100,13:44,70,0.714,18.19,1273.0,-525.0,1.37,-9.5,47.5
short,200,無,30,150,12:00,70,0.6,1.93,135.0,-494.0,1.03,-19.1,24.2
short,200,無,30,150,12:30,70,0.6,8.03,562.0,-549.0,1.12,-12.6,29.9
short,200,無,30,150,13:00,70,0.571,-0.94,-66.0,-534.0,0.99,-16.4,15.4
short,200,無,30,150,13:10,70,0.571,-9.54,-668.0,-552.0,0.89,-21.3,2.9
short,200,無,30,150,13:20,70,0.571,-0.54,-38.0,-520.0,0.99,-14.6,14.3
short,200,無,30,150,13:30,70,0.586,4.4,308.0,-526.0,1.06,-14.2,24.1
short,200,無,30,150,13:44,70,0.586,5.6,392.0,-525.0,1.08,-17.4,30.0
short,200,無,30,200,12:00,70,0.6,16.8,1176.0,-494.0,1.25,-10.1,45.3
short,200,無,30,200,12:30,70,0.6,25.17,1762.0,-549.0,1.38,-2.2,54.1
short,200,無,30,200,13:00,70,0.557,14.41,1009.0,-534.0,1.19,-7.9,38.0
short,200,無,30,200,13:10,70,0.571,8.34,584.0,-552.0,1.1,-9.8,27.5
short,200,無,30,200,13:20,70,0.571,19.06,1334.0,-520.0,1.25,-1.9,41.2
short,200,無,30,200,13:30,70,0.586,23.84,1669.0,-526.0,1.33,-3.1,52.4
short,200,無,30,200,13:44,70,0.571,25.61,1793.0,-525.0,1.36,-5.1,58.2
short,200,無,30,250,12:00,70,0.543,3.71,260.0,-494.0,1.05,-19.9,28.7
short,200,無,30,250,12:30,70,0.529,4.86,340.0,-549.0,1.06,-16.1,27.1
short,200,無,30,250,13:00,70,0.486,-2.24,-157.0,-534.0,0.98,-14.7,10.9
short,200,無,30,250,13:10,70,0.5,-13.33,-933.0,-552.0,0.87,-22.6,-3.5
short,200,無,30,250,13:20,70,0.5,0.86,60.0,-520.0,1.01,-14.2,16.8
short,200,無,30,250,13:30,70,0.5,5.41,379.0,-526.0,1.06,-16.4,28.5
short,200,無,30,250,13:44,70,0.5,10.83,758.0,-525.0,1.13,-9.9,32.7
short,200,無,40,50,12:00,71,0.789,2.18,155.0,-383.0,1.06,-18.5,24.7
short,200,無,40,50,12:30,71,0.803,-1.77,-126.0,-559.0,0.96,-17.9,15.8
short,200,無,40,50,13:00,71,0.817,-1.35,-96.0,-544.0,0.97,-17.9,16.7
short,200,無,40,50,13:10,71,0.817,-2.13,-151.0,-562.0,0.95,-19.6,16.9
short,200,無,40,50,13:20,71,0.817,2.35,167.0,-530.0,1.06,-12.8,18.8
short,200,無,40,50,13:30,71,0.817,2.24,159.0,-536.0,1.06,-13.8,19.7
short,200,無,40,50,13:44,71,0.817,-0.06,-4.0,-535.0,1.0,-14.7,15.9
short,200,無,40,75,12:00,71,0.718,3.65,259.0,-504.0,1.08,-16.1,25.1
short,200,無,40,75,12:30,71,0.704,1.3,92.0,-559.0,1.03,-17.9,22.2
short,200,無,40,75,13:00,71,0.718,-2.65,-188.0,-544.0,0.95,-23.2,19.7
short,200,無,40,75,13:10,71,0.732,-5.46,-388.0,-562.0,0.91,-28.3,19.4
short,200,無,40,75,13:20,71,0.704,-0.3,-21.0,-530.0,0.99,-20.2,21.4
short,200,無,40,75,13:30,71,0.718,-2.41,-171.0,-536.0,0.96,-22.6,19.6
short,200,無,40,75,13:44,71,0.718,0.63,45.0,-535.0,1.01,-23.4,26.8
short,200,無,40,100,12:00,71,0.676,9.89,702.0,-504.0,1.2,-8.4,29.8
short,200,無,40,100,12:30,71,0.676,11.45,813.0,-559.0,1.22,-5.5,29.9
short,200,無,40,100,13:00,71,0.69,7.24,514.0,-544.0,1.12,-10.5,26.5
short,200,無,40,100,13:10,71,0.704,1.89,134.0,-562.0,1.03,-16.4,21.8
short,200,無,40,100,13:20,71,0.676,8.65,614.0,-530.0,1.15,-9.0,27.9
short,200,無,40,100,13:30,71,0.69,8.25,586.0,-536.0,1.14,-11.1,29.3
short,200,無,40,100,13:44,71,0.704,11.97,850.0,-535.0,1.22,-12.0,38.1
short,200,無,40,150,12:00,71,0.592,-0.48,-34.0,-504.0,0.99,-20.2,20.9
short,200,無,40,150,12:30,71,0.577,6.34,450.0,-559.0,1.09,-12.6,26.9
short,200,無,40,150,13:00,71,0.549,-2.23,-158.0,-544.0,0.97,-15.8,12.5
short,200,無,40,150,13:10,71,0.563,-10.7,-760.0,-562.0,0.88,-20.5,-0.1
short,200,無,40,150,13:20,71,0.549,-1.83,-130.0,-530.0,0.98,-14.0,11.4
short,200,無,40,150,13:30,71,0.577,3.04,216.0,-536.0,1.04,-13.6,21.1
short,200,無,40,150,13:44,71,0.592,4.37,310.0,-535.0,1.06,-16.7,27.3
short,200,無,40,200,12:00,71,0.577,7.52,534.0,-504.0,1.11,-13.8,30.8
short,200,無,40,200,12:30,71,0.563,14.23,1010.0,-559.0,1.2,-9.8,40.4
short,200,無,40,200,13:00,71,0.521,2.2,156.0,-544.0,1.03,-13.2,19.0
short,200,無,40,200,13:10,71,0.549,-5.61,-398.0,-562.0,0.94,-16.4,6.1
short,200,無,40,200,13:20,71,0.535,6.75,479.0,-530.0,1.08,-6.6,21.3
short,200,無,40,200,13:30,71,0.549,9.45,671.0,-536.0,1.12,-12.9,33.8
short,200,無,40,200,13:44,71,0.563,16.14,1146.0,-535.0,1.21,-8.7,43.2
short,200,無,40,250,12:00,71,0.535,-1.87,-133.0,-504.0,0.98,-24.8,23.1
short,200,無,40,250,12:30,71,0.507,1.23,87.0,-559.0,1.02,-17.6,21.8
short,200,無,40,250,13:00,71,0.465,-6.73,-478.0,-544.0,0.93,-18.6,6.2
short,200,無,40,250,13:10,71,0.493,-17.96,-1275.0,-562.0,0.83,-26.9,-8.2
short,200,無,40,250,13:20,71,0.479,-3.83,-272.0,-530.0,0.96,-18.4,12.1
short,200,無,40,250,13:30,71,0.493,1.0,71.0,-536.0,1.01,-20.2,24.1
short,200,無,40,250,13:44,71,0.479,6.14,436.0,-535.0,1.07,-14.5,28.6
short,200,無,50,50,12:00,75,0.787,6.17,463.0,-383.0,1.2,-20.8,33.9
short,200,無,50,50,12:30,75,0.76,1.04,78.0,-439.0,1.03,-24.6,27.4
short,200,無,50,50,13:00,75,0.787,-1.27,-95.0,-425.0,0.97,-29.1,27.3
short,200,無,50,50,13:10,75,0.8,-1.8,-135.0,-404.0,0.96,-31.0,28.2
short,200,無,50,50,13:20,75,0.8,2.56,192.0,-367.0,1.07,-23.1,28.9
short,200,無,50,50,13:30,75,0.8,2.32,174.0,-329.0,1.06,-24.7,30.1
short,200,無,50,50,13:44,75,0.8,1.09,82.0,-460.0,1.03,-23.6,26.4
short,200,無,50,75,12:00,75,0.72,14.17,1063.0,-383.0,1.4,-15.9,45.1
short,200,無,50,75,12:30,75,0.72,11.8,885.0,-439.0,1.3,-18.4,42.8
short,200,無,50,75,13:00,75,0.733,6.96,522.0,-425.0,1.15,-23.3,38.0
short,200,無,50,75,13:10,75,0.747,2.89,217.0,-404.0,1.06,-28.2,34.9
short,200,無,50,75,13:20,75,0.72,9.65,724.0,-367.0,1.22,-20.4,40.5
short,200,無,50,75,13:30,75,0.72,10.01,751.0,-329.0,1.24,-22.8,43.7
short,200,無,50,75,13:44,75,0.733,9.51,713.0,-460.0,1.22,-23.5,43.4
short,200,無,50,100,12:00,75,0.667,14.84,1113.0,-514.0,1.33,-9.3,39.7
short,200,無,50,100,12:30,75,0.667,16.15,1211.0,-439.0,1.34,-8.7,41.6
short,200,無,50,100,13:00,75,0.693,12.28,921.0,-425.0,1.23,-13.4,38.7
short,200,無,50,100,13:10,75,0.707,6.13,460.0,-404.0,1.1,-21.6,34.6
short,200,無,50,100,13:20,75,0.68,12.52,939.0,-376.0,1.24,-14.4,40.2
short,200,無,50,100,13:30,75,0.68,13.56,1017.0,-475.0,1.26,-14.0,41.8
short,200,無,50,100,13:44,75,0.693,16.8,1260.0,-460.0,1.34,-15.3,49.8
short,200,無,50,150,12:00,75,0.573,1.61,121.0,-514.0,1.02,-16.7,20.4
short,200,無,50,150,12:30,75,0.56,4.36,327.0,-569.0,1.06,-12.1,21.2
short,200,無,50,150,13:00,75,0.56,-4.4,-330.0,-554.0,0.95,-16.7,8.2
short,200,無,50,150,13:10,75,0.56,-11.51,-863.0,-572.0,0.87,-19.2,-3.6
short,200,無,50,150,13:20,75,0.547,-1.99,-149.0,-540.0,0.98,-12.9,9.2
short,200,無,50,150,13:30,75,0.573,2.71,203.0,-546.0,1.04,-12.5,18.3
short,200,無,50,150,13:44,75,0.587,4.04,303.0,-545.0,1.05,-15.6,24.2
short,200,無,50,200,12:00,75,0.547,1.72,129.0,-514.0,1.02,-13.4,17.3
short,200,無,50,200,12:30,75,0.52,1.79,134.0,-569.0,1.02,-10.8,14.8
short,200,無,50,200,13:00,75,0.507,-9.63,-722.0,-554.0,0.89,-13.0,-6.1
short,200,無,50,200,13:10,75,0.52,-16.36,-1227.0,-572.0,0.83,-14.9,-17.8
short,200,無,50,200,13:20,75,0.507,-2.88,-216.0,-540.0,0.97,-5.5,-0.2
short,200,無,50,200,13:30,75,0.52,1.76,132.0,-546.0,1.02,-11.1,14.9
short,200,無,50,200,13:44,75,0.533,7.05,529.0,-545.0,1.09,-7.0,21.5
short,200,無,50,250,12:00,75,0.52,-0.37,-28.0,-514.0,1.0,-23.2,23.1
short,200,無,50,250,12:30,75,0.493,0.36,27.0,-569.0,1.0,-15.9,17.1
short,200,無,50,250,13:00,75,0.48,-6.81,-511.0,-554.0,0.93,-16.9,3.5
short,200,無,50,250,13:10,75,0.493,-17.57,-1318.0,-572.0,0.83,-24.9,-10.0
short,200,無,50,250,13:20,75,0.48,-3.09,-232.0,-540.0,0.97,-16.7,10.9
short,200,無,50,250,13:30,75,0.493,1.59,119.0,-546.0,1.02,-19.1,22.8
short,200,無,50,250,13:44,75,0.48,6.77,508.0,-545.0,1.08,-13.4,27.5
short,200,無,60,50,12:00,80,0.788,5.2,416.0,-383.0,1.17,-19.0,29.4
short,200,無,60,50,12:30,80,0.775,0.44,35.0,-439.0,1.01,-22.8,23.6
short,200,無,60,50,13:00,80,0.8,-1.27,-102.0,-425.0,0.97,-22.6,20.0
short,200,無,60,50,13:10,80,0.812,-1.75,-140.0,-404.0,0.96,-23.4,19.9
short,200,無,60,50,13:20,80,0.788,2.76,221.0,-367.0,1.08,-17.8,23.4
short,200,無,60,50,13:30,80,0.788,2.68,214.0,-329.0,1.08,-19.3,24.6
short,200,無,60,50,13:44,80,0.788,0.84,67.0,-460.0,1.02,-20.3,22.0
short,200,無,60,75,12:00,80,0.75,18.49,1479.0,-383.0,1.54,-11.2,48.1
short,200,無,60,75,12:30,80,0.738,15.3,1224.0,-439.0,1.4,-13.5,44.1
short,200,無,60,75,13:00,80,0.762,10.9,872.0,-425.0,1.25,-18.1,39.9
short,200,無,60,75,13:10,80,0.775,6.91,553.0,-404.0,1.15,-23.2,37.0
short,200,無,60,75,13:20,80,0.738,12.75,1020.0,-367.0,1.31,-16.7,42.2
short,200,無,60,75,13:30,80,0.75,13.54,1083.0,-329.0,1.34,-18.0,45.1
short,200,無,60,75,13:44,80,0.738,12.35,988.0,-460.0,1.3,-18.4,43.1
short,200,無,60,100,12:00,80,0.675,10.09,807.0,-524.0,1.2,-5.0,25.2
short,200,無,60,100,12:30,80,0.65,8.71,697.0,-579.0,1.16,-5.4,22.9
short,200,無,60,100,13:00,80,0.688,5.04,403.0,-564.0,1.08,-10.6,20.7
short,200,無,60,100,13:10,80,0.7,-2.65,-212.0,-582.0,0.96,-18.4,13.0
short,200,無,60,100,13:20,80,0.662,4.36,349.0,-550.0,1.07,-11.6,20.3
short,200,無,60,100,13:30,80,0.675,7.41,593.0,-556.0,1.13,-11.1,26.0
short,200,無,60,100,13:44,80,0.675,11.71,937.0,-555.0,1.22,-12.4,35.8
short,200,無,60,150,12:00,80,0.6,7.76,621.0,-524.0,1.12,-8.7,24.2
short,200,無,60,150,12:30,80,0.575,9.99,799.0,-579.0,1.15,-5.2,25.2
short,200,無,60,150,13:00,80,0.575,0.02,2.0,-564.0,1.0,-11.4,11.5
short,200,無,60,150,13:10,80,0.588,-4.9,-392.0,-582.0,0.94,-13.6,3.8
short,200,無,60,150,13:20,80,0.562,4.62,370.0,-550.0,1.06,-7.6,16.8
short,200,無,60,150,13:30,80,0.575,9.16,733.0,-556.0,1.13,-7.2,25.6
short,200,無,60,150,13:44,80,0.575,10.54,843.0,-555.0,1.14,-10.1,31.2
short,200,無,60,200,12:00,80,0.562,6.25,500.0,-524.0,1.09,-2.7,15.2
short,200,無,60,200,12:30,80,0.525,5.59,447.0,-579.0,1.07,-1.2,12.3
short,200,無,60,200,13:00,80,0.525,-5.8,-464.0,-564.0,0.94,-5.5,-6.1
short,200,無,60,200,13:10,80,0.525,-13.3,-1064.0,-582.0,0.87,-7.9,-18.7
short,200,無,60,200,13:20,80,0.512,0.86,69.0,-550.0,1.01,1.1,0.6
short,200,無,60,200,13:30,80,0.512,3.42,274.0,-556.0,1.04,-3.8,10.7
short,200,無,60,200,13:44,80,0.512,7.41,593.0,-555.0,1.09,0.0,14.8
short,200,無,60,250,12:00,80,0.538,13.24,1059.0,-524.0,1.18,-8.7,35.2
short,200,無,60,250,12:30,80,0.512,13.59,1087.0,-579.0,1.17,-2.7,29.9
short,200,無,60,250,13:00,80,0.512,5.86,469.0,-564.0,1.06,-5.9,17.6
short,200,無,60,250,13:10,80,0.512,-3.54,-283.0,-582.0,0.97,-12.2,5.1
short,200,無,60,250,13:20,80,0.5,10.75,860.0,-550.0,1.12,-2.9,24.4
short,200,無,60,250,13:30,80,0.5,15.82,1266.0,-556.0,1.18,-4.0,35.7
short,200,無,60,250,13:44,80,0.488,21.41,1713.0,-555.0,1.25,2.6,40.3
short,200,無,70,50,12:00,84,0.833,15.15,1273.0,-383.0,1.61,-3.6,35.8
short,200,無,70,50,12:30,84,0.845,11.42,959.0,-439.0,1.39,-6.2,30.8
short,200,無,70,50,13:00,84,0.857,9.39,789.0,-425.0,1.3,-7.9,28.4
short,200,無,70,50,13:10,84,0.857,8.98,754.0,-404.0,1.28,-9.4,29.2
short,200,無,70,50,13:20,84,0.845,12.1,1016.0,-367.0,1.42,-4.0,29.8
short,200,無,70,50,13:30,84,0.845,11.88,998.0,-329.0,1.41,-5.4,30.9
short,200,無,70,50,13:44,84,0.845,9.56,803.0,-460.0,1.31,-6.8,27.6
short,200,無,70,75,12:00,84,0.762,18.46,1551.0,-534.0,1.5,4.3,34.1
short,200,無,70,75,12:30,84,0.774,17.13,1439.0,-439.0,1.44,1.5,34.4
short,200,無,70,75,13:00,84,0.786,14.07,1182.0,-425.0,1.33,0.1,29.4
short,200,無,70,75,13:10,84,0.798,11.32,951.0,-404.0,1.25,-3.0,27.1
short,200,無,70,75,13:20,84,0.762,14.62,1228.0,-396.0,1.36,2.1,28.4
short,200,無,70,75,13:30,84,0.762,14.4,1210.0,-495.0,1.35,0.5,29.7
short,200,無,70,75,13:44,84,0.762,16.61,1395.0,-460.0,1.43,-1.3,36.3
short,200,無,70,100,12:00,84,0.679,15.86,1332.0,-534.0,1.33,2.1,31.0
short,200,無,70,100,12:30,84,0.69,15.51,1303.0,-589.0,1.31,2.6,29.7
short,200,無,70,100,13:00,84,0.702,9.7,815.0,-574.0,1.17,0.5,19.8
short,200,無,70,100,13:10,84,0.714,2.85,239.0,-592.0,1.04,-6.1,12.7
short,200,無,70,100,13:20,84,0.69,8.19,688.0,-560.0,1.14,-0.3,17.6
short,200,無,70,100,13:30,84,0.679,9.88,830.0,-566.0,1.17,0.6,20.1
short,200,無,70,100,13:44,84,0.69,12.67,1064.0,-565.0,1.23,-0.1,26.7
short,200,無,70,150,12:00,84,0.595,13.68,1149.0,-534.0,1.21,6.3,21.8
short,200,無,70,150,12:30,84,0.595,15.08,1267.0,-589.0,1.23,10.5,20.1
short,200,無,70,150,13:00,84,0.607,5.89,495.0,-574.0,1.08,5.2,6.6
short,200,無,70,150,13:10,84,0.619,0.77,65.0,-592.0,1.01,3.8,-2.6
short,200,無,70,150,13:20,84,0.595,10.04,843.0,-560.0,1.13,9.0,11.2
short,200,無,70,150,13:30,84,0.595,15.18,1275.0,-566.0,1.22,9.8,21.1
short,200,無,70,150,13:44,84,0.607,16.21,1362.0,-565.0,1.23,7.6,25.7
short,200,無,70,200,12:00,84,0.548,17.49,1469.0,-534.0,1.25,18.8,16.0
short,200,無,70,200,12:30,84,0.548,17.12,1438.0,-589.0,1.23,23.7,9.8
short,200,無,70,200,13:00,84,0.56,4.83,406.0,-574.0,1.05,18.7,-10.4
short,200,無,70,200,13:10,84,0.571,-1.0,-84.0,-592.0,0.99,18.9,-22.9
short,200,無,70,200,13:20,84,0.548,11.42,959.0,-560.0,1.13,25.1,-3.6
short,200,無,70,200,13:30,84,0.548,17.12,1438.0,-566.0,1.21,26.6,6.7
short,200,無,70,200,13:44,84,0.548,18.6,1562.0,-565.0,1.22,26.2,10.3
short,200,無,70,250,12:00,84,0.5,18.1,1520.0,-534.0,1.25,14.0,22.6
short,200,無,70,250,12:30,84,0.524,22.94,1927.0,-589.0,1.29,21.9,24.1
short,200,無,70,250,13:00,84,0.536,13.39,1125.0,-574.0,1.15,17.5,8.9
short,200,無,70,250,13:10,84,0.524,4.02,338.0,-592.0,1.04,13.7,-6.6
short,200,無,70,250,13:20,84,0.512,16.04,1347.0,-560.0,1.18,20.5,11.2
short,200,無,70,250,13:30,84,0.512,23.23,1951.0,-566.0,1.27,24.7,21.6
short,200,無,70,250,13:44,84,0.5,25.04,2103.0,-565.0,1.28,26.5,23.5
short,200,無,80,50,12:00,84,0.821,12.85,1079.0,-383.0,1.48,-4.5,31.9
short,200,無,80,50,12:30,84,0.833,9.93,834.0,-439.0,1.33,-7.0,28.6
short,200,無,80,50,13:00,84,0.833,7.42,623.0,-425.0,1.23,-8.5,25.0
short,200,無,80,50,13:10,84,0.833,5.69,478.0,-404.0,1.17,-10.1,23.0
short,200,無,80,50,13:20,84,0.833,9.63,809.0,-367.0,1.32,-4.7,25.4
short,200,無,80,50,13:30,84,0.833,10.2,857.0,-329.0,1.34,-6.1,28.2
short,200,無,80,50,13:44,84,0.833,8.2,689.0,-460.0,1.26,-7.5,25.4
short,200,無,80,75,12:00,84,0.726,10.73,901.0,-544.0,1.25,0.9,21.5
short,200,無,80,75,12:30,84,0.738,11.19,940.0,-439.0,1.27,-2.3,26.1
short,200,無,80,75,13:00,84,0.75,9.5,798.0,-425.0,1.21,-3.9,24.2
short,200,無,80,75,13:10,84,0.75,4.07,342.0,-404.0,1.08,-9.0,18.4
short,200,無,80,75,13:20,84,0.738,7.81,656.0,-406.0,1.17,-3.9,20.7
short,200,無,80,75,13:30,84,0.738,10.76,904.0,-505.0,1.25,-3.4,26.4
short,200,無,80,75,13:44,84,0.75,13.9,1168.0,-460.0,1.34,-5.6,35.4
short,200,無,80,100,12:00,84,0.655,9.68,813.0,-544.0,1.18,-0.1,20.4
short,200,無,80,100,12:30,84,0.667,8.64,726.0,-599.0,1.16,0.4,17.8
short,200,無,80,100,13:00,84,0.679,1.87,157.0,-584.0,1.03,-1.5,5.6
short,200,無,80,100,13:10,84,0.667,-6.06,-509.0,-602.0,0.91,-8.1,-3.8
short,200,無,80,100,13:20,84,0.667,0.69,58.0,-570.0,1.01,-2.3,4.0
short,200,無,80,100,13:30,84,0.667,2.98,250.0,-576.0,1.05,-1.4,7.8
short,200,無,80,100,13:44,84,0.667,5.74,482.0,-575.0,1.1,-2.1,14.4
short,200,無,80,150,12:00,84,0.571,11.01,925.0,-544.0,1.17,4.1,18.6
short,200,無,80,150,12:30,84,0.595,12.42,1043.0,-599.0,1.18,8.3,16.9
short,200,無,80,150,13:00,84,0.595,3.23,271.0,-584.0,1.04,3.0,3.5
short,200,無,80,150,13:10,84,0.595,-1.89,-159.0,-602.0,0.98,1.6,-5.7
short,200,無,80,150,13:20,84,0.595,7.49,629.0,-570.0,1.1,7.0,8.0
short,200,無,80,150,13:30,84,0.595,12.87,1081.0,-576.0,1.18,7.8,18.4
short,200,無,80,150,13:44,84,0.607,14.02,1178.0,-575.0,1.19,5.6,23.3
short,200,無,80,200,12:00,84,0.524,12.25,1029.0,-544.0,1.16,8.0,16.9
short,200,無,80,200,12:30,84,0.548,13.68,1149.0,-599.0,1.17,11.8,15.8
short,200,無,80,200,13:00,84,0.548,2.6,218.0,-584.0,1.03,9.0,-4.5
short,200,無,80,200,13:10,84,0.548,-3.99,-335.0,-602.0,0.96,8.1,-17.3
short,200,無,80,200,13:20,84,0.548,8.17,686.0,-570.0,1.09,14.2,1.5
short,200,無,80,200,13:30,84,0.548,14.19,1192.0,-576.0,1.17,17.4,10.6
short,200,無,80,200,13:44,84,0.548,17.67,1484.0,-575.0,1.21,18.6,16.7
short,200,無,80,250,12:00,84,0.488,16.33,1372.0,-544.0,1.22,8.9,24.5
short,200,無,80,250,12:30,84,0.536,23.81,2000.0,-599.0,1.3,17.2,31.1
short,200,無,80,250,13:00,84,0.536,13.65,1147.0,-584.0,1.15,11.7,15.8
short,200,無,80,250,13:10,84,0.512,4.25,357.0,-602.0,1.04,8.1,0.0
short,200,無,80,250,13:20,84,0.512,15.62,1312.0,-570.0,1.17,14.1,17.3
short,200,無,80,250,13:30,84,0.512,22.61,1899.0,-576.0,1.26,19.0,26.6
short,200,無,80,250,13:44,84,0.512,25.67,2156.0,-575.0,1.29,20.9,30.9
short,200,無,90,50,12:00,85,0.812,10.67,907.0,-383.0,1.38,-7.8,31.4
short,200,無,90,50,12:30,85,0.824,7.41,630.0,-439.0,1.23,-11.0,28.1
short,200,無,90,50,13:00,85,0.824,6.05,514.0,-425.0,1.18,-10.3,24.5
short,200,無,90,50,13:10,85,0.824,3.91,332.0,-404.0,1.11,-12.7,22.6
short,200,無,90,50,13:20,85,0.824,7.95,676.0,-367.0,1.25,-7.1,24.9
short,200,無,90,50,13:30,85,0.824,8.36,711.0,-329.0,1.27,-8.8,27.6
short,200,無,90,50,13:44,85,0.824,6.54,556.0,-460.0,1.2,-9.8,25.0
short,200,無,90,75,12:00,85,0.718,5.05,429.0,-554.0,1.11,1.2,9.4
short,200,無,90,75,12:30,85,0.729,2.62,223.0,-609.0,1.05,-2.0,7.8
short,200,無,90,75,13:00,85,0.741,1.25,106.0,-594.0,1.02,-3.4,6.5
short,200,無,90,75,13:10,85,0.729,-4.33,-368.0,-612.0,0.92,-8.5,0.3
short,200,無,90,75,13:20,85,0.729,-0.26,-22.0,-580.0,1.0,-3.5,3.4
short,200,無,90,75,13:30,85,0.729,2.59,220.0,-586.0,1.05,-3.0,8.9
short,200,無,90,75,13:44,85,0.741,5.82,495.0,-585.0,1.12,-5.1,18.2
short,200,無,90,100,12:00,85,0.671,12.21,1038.0,-554.0,1.23,4.8,20.6
short,200,無,90,100,12:30,85,0.682,10.46,889.0,-609.0,1.19,4.2,17.5
short,200,無,90,100,13:00,85,0.706,6.96,592.0,-594.0,1.12,5.4,8.7
short,200,無,90,100,13:10,85,0.682,-0.54,-46.0,-612.0,0.99,0.6,-1.9
short,200,無,90,100,13:20,85,0.682,5.07,431.0,-580.0,1.08,6.1,4.0
short,200,無,90,100,13:30,85,0.694,7.93,674.0,-586.0,1.13,6.8,9.2
short,200,無,90,100,13:44,85,0.694,10.87,924.0,-585.0,1.19,4.9,17.6
short,200,無,90,150,12:00,85,0.576,11.39,968.0,-554.0,1.17,11.1,11.7
short,200,無,90,150,12:30,85,0.6,12.13,1031.0,-609.0,1.17,14.2,9.8
short,200,無,90,150,13:00,85,0.612,3.39,288.0,-594.0,1.04,11.8,-6.1
short,200,無,90,150,13:10,85,0.588,-2.27,-193.0,-612.0,0.97,12.1,-18.4
short,200,無,90,150,13:20,85,0.6,6.42,546.0,-580.0,1.08,17.0,-5.4
short,200,無,90,150,13:30,85,0.612,13.22,1124.0,-586.0,1.18,18.0,7.8
short,200,無,90,150,13:44,85,0.612,15.89,1351.0,-585.0,1.22,14.6,17.3
short,200,無,90,200,12:00,85,0.529,12.55,1067.0,-554.0,1.17,12.0,13.2
short,200,無,90,200,12:30,85,0.565,14.93,1269.0,-609.0,1.19,17.3,12.3
short,200,無,90,200,13:00,85,0.553,4.45,378.0,-594.0,1.05,15.5,-8.0
short,200,無,90,200,13:10,85,0.529,-1.41,-120.0,-612.0,0.99,15.8,-20.8
short,200,無,90,200,13:20,85,0.553,10.59,900.0,-580.0,1.12,21.8,-2.0
short,200,無,90,200,13:30,85,0.553,16.61,1412.0,-586.0,1.2,24.8,7.4
short,200,無,90,200,13:44,85,0.541,19.12,1625.0,-585.0,1.23,24.0,13.7
short,200,無,90,250,12:00,85,0.482,12.94,1100.0,-554.0,1.17,6.2,20.5
short,200,無,90,250,12:30,85,0.541,20.98,1783.0,-609.0,1.26,15.3,27.3
short,200,無,90,250,13:00,85,0.529,12.0,1020.0,-594.0,1.13,12.0,12.0
short,200,無,90,250,13:10,85,0.494,2.06,175.0,-612.0,1.02,7.2,-3.8
short,200,無,90,250,13:20,85,0.518,12.62,1073.0,-580.0,1.14,11.8,13.6
short,200,無,90,250,13:30,85,0.506,19.18,1630.0,-586.0,1.21,15.7,23.0
short,200,無,90,250,13:44,85,0.494,21.87,1859.0,-585.0,1.24,16.8,27.6
short,200,無,100,50,12:00,86,0.802,3.36,289.0,-564.0,1.1,-9.2,17.8
short,200,無,100,50,12:30,86,0.814,3.83,329.0,-439.0,1.11,-12.7,22.8
short,200,無,100,50,13:00,86,0.814,4.12,354.0,-425.0,1.12,-12.2,22.9
short,200,無,100,50,13:10,86,0.814,1.12,96.0,-404.0,1.03,-16.5,21.3
short,200,無,100,50,13:20,86,0.814,3.88,334.0,-426.0,1.11,-11.1,21.1
short,200,無,100,50,13:30,86,0.814,4.16,358.0,-525.0,1.12,-10.7,21.2
short,200,無,100,50,13:44,86,0.814,6.23,536.0,-460.0,1.19,-12.0,27.2
short,200,無,100,75,12:00,86,0.709,0.53,46.0,-564.0,1.01,-6.8,8.9
short,200,無,100,75,12:30,86,0.709,-1.23,-106.0,-619.0,0.98,-10.4,9.3
short,200,無,100,75,13:00,86,0.721,-1.83,-157.0,-604.0,0.97,-9.5,7.0
short,200,無,100,75,13:10,86,0.709,-8.88,-764.0,-622.0,0.85,-14.2,-2.8
short,200,無,100,75,13:20,86,0.709,-4.58,-394.0,-590.0,0.92,-8.9,0.4
short,200,無,100,75,13:30,86,0.709,-1.91,-164.0,-596.0,0.96,-8.2,5.3
short,200,無,100,75,13:44,86,0.721,0.55,47.0,-595.0,1.01,-10.1,12.8
short,200,無,100,100,12:00,86,0.686,13.22,1137.0,-564.0,1.25,5.4,22.2
short,200,無,100,100,12:30,86,0.698,13.2,1135.0,-619.0,1.24,4.8,22.8
short,200,無,100,100,13:00,86,0.709,10.21,878.0,-604.0,1.18,4.5,16.7
short,200,無,100,100,13:10,86,0.698,3.62,311.0,-622.0,1.06,1.6,6.0
short,200,無,100,100,13:20,86,0.698,9.26,796.0,-590.0,1.16,6.9,12.0
short,200,無,100,100,13:30,86,0.698,12.01,1033.0,-596.0,1.21,7.6,17.1
short,200,無,100,100,13:44,86,0.709,15.08,1297.0,-595.0,1.28,5.7,25.9
short,200,無,100,150,12:00,86,0.57,9.83,845.0,-564.0,1.14,12.7,6.6
short,200,無,100,150,12:30,86,0.593,11.67,1004.0,-619.0,1.16,15.7,7.1
short,200,無,100,150,13:00,86,0.605,3.52,303.0,-604.0,1.04,13.3,-7.8
short,200,無,100,150,13:10,86,0.593,-2.09,-180.0,-622.0,0.98,13.7,-20.2
short,200,無,100,150,13:20,86,0.605,6.94,597.0,-590.0,1.09,18.4,-6.2
short,200,無,100,150,13:30,86,0.605,14.07,1210.0,-596.0,1.19,19.7,7.6
short,200,無,100,150,13:44,86,0.616,16.93,1456.0,-595.0,1.23,16.3,17.6
short,200,無,100,200,12:00,86,0.535,14.84,1276.0,-564.0,1.2,14.4,15.3
short,200,無,100,200,12:30,86,0.57,19.01,1635.0,-619.0,1.24,19.6,18.4
short,200,無,100,200,13:00,86,0.558,9.92,853.0,-604.0,1.11,17.8,0.8
short,200,無,100,200,13:10,86,0.547,4.03,347.0,-622.0,1.04,18.1,-12.2
short,200,無,100,200,13:20,86,0.57,15.99,1375.0,-590.0,1.19,24.0,6.8
short,200,無,100,200,13:30,86,0.558,21.59,1857.0,-596.0,1.27,26.2,16.3
short,200,無,100,200,13:44,86,0.558,24.16,2078.0,-595.0,1.3,25.2,22.9
short,200,無,100,250,12:00,86,0.488,13.59,1169.0,-564.0,1.17,4.8,23.7
short,200,無,100,250,12:30,86,0.535,22.8,1961.0,-619.0,1.29,12.7,34.4
short,200,無,100,250,13:00,86,0.523,14.6,1256.0,-604.0,1.16,8.3,21.8
short,200,無,100,250,13:10,86,0.5,5.08,437.0,-622.0,1.05,4.4,5.8
short,200,無,100,250,13:20,86,0.523,15.58,1340.0,-590.0,1.17,8.8,23.4
short,200,無,100,250,13:30,86,0.5,20.87,1795.0,-596.0,1.23,10.4,33.0
short,200,無,100,250,13:44,86,0.5,21.49,1848.0,-595.0,1.23,7.2,37.9
short,200,無,110,50,12:00,88,0.784,-4.43,-390.0,-574.0,0.89,-4.8,-4.0
short,200,無,110,50,12:30,88,0.795,-4.45,-392.0,-629.0,0.9,-7.6,-0.9
short,200,無,110,50,13:00,88,0.807,-3.65,-321.0,-614.0,0.91,-9.1,2.6
short,200,無,110,50,13:10,88,0.807,-7.91,-696.0,-632.0,0.83,-12.4,-2.7
short,200,無,110,50,13:20,88,0.807,-4.53,-399.0,-600.0,0.9,-7.5,-1.2
short,200,無,110,50,13:30,88,0.807,-2.23,-196.0,-606.0,0.95,-6.8,3.0
short,200,無,110,50,13:44,88,0.818,0.8,70.0,-605.0,1.02,-8.4,11.3
short,200,無,110,75,12:00,88,0.705,0.56,49.0,-574.0,1.01,-6.3,8.5
short,200,無,110,75,12:30,88,0.716,-0.91,-80.0,-629.0,0.98,-9.9,9.4
short,200,無,110,75,13:00,88,0.727,-1.38,-121.0,-614.0,0.97,-8.8,7.1
short,200,無,110,75,13:10,88,0.716,-8.27,-728.0,-632.0,0.86,-13.4,-2.4
short,200,無,110,75,13:20,88,0.716,-4.07,-358.0,-600.0,0.93,-8.2,0.7
short,200,無,110,75,13:30,88,0.716,-1.45,-128.0,-606.0,0.97,-7.5,5.5
short,200,無,110,75,13:44,88,0.727,1.06,93.0,-605.0,1.02,-9.4,13.0
short,200,無,110,100,12:00,88,0.659,10.09,888.0,-574.0,1.19,6.1,14.7
short,200,無,110,100,12:30,88,0.67,8.6,757.0,-629.0,1.15,5.5,12.1
short,200,無,110,100,13:00,88,0.693,6.72,591.0,-614.0,1.11,5.3,8.4
short,200,無,110,100,13:10,88,0.693,1.98,174.0,-632.0,1.03,2.6,1.3
short,200,無,110,100,13:20,88,0.705,9.36,824.0,-600.0,1.16,7.7,11.2
short,200,無,110,100,13:30,88,0.705,12.72,1119.0,-606.0,1.23,8.4,17.6
short,200,無,110,100,13:44,88,0.716,15.83,1393.0,-605.0,1.29,6.6,26.4
short,200,無,110,150,12:00,88,0.557,4.88,429.0,-574.0,1.07,14.3,-5.9
short,200,無,110,150,12:30,88,0.58,5.42,477.0,-629.0,1.07,17.2,-8.1
short,200,無,110,150,13:00,88,0.591,-1.84,-162.0,-614.0,0.98,14.9,-21.1
short,200,無,110,150,13:10,88,0.58,-7.8,-686.0,-632.0,0.91,15.2,-34.2
short,200,無,110,150,13:20,88,0.602,2.7,238.0,-600.0,1.03,19.9,-17.0
short,200,無,110,150,13:30,88,0.602,8.5,748.0,-606.0,1.11,21.3,-6.2
short,200,無,110,150,13:44,88,0.614,11.0,968.0,-605.0,1.14,18.1,2.9
short,200,無,110,200,12:00,88,0.523,15.07,1326.0,-574.0,1.2,16.9,13.0
short,200,無,110,200,12:30,88,0.568,18.24,1605.0,-629.0,1.23,21.9,14.1
short,200,無,110,200,13:00,88,0.557,9.77,860.0,-614.0,1.11,20.2,-2.2
short,200,無,110,200,13:10,88,0.545,4.35,383.0,-632.0,1.05,20.5,-14.1
short,200,無,110,200,13:20,88,0.568,16.32,1436.0,-600.0,1.19,26.2,5.0
short,200,無,110,200,13:30,88,0.568,22.42,1973.0,-606.0,1.28,28.4,15.6
short,200,無,110,200,13:44,88,0.568,26.11,2298.0,-605.0,1.32,27.4,24.6
short,200,無,110,250,12:00,88,0.477,14.08,1239.0,-574.0,1.18,8.1,21.0
short,200,無,110,250,12:30,88,0.534,22.17,1951.0,-629.0,1.28,15.8,29.5
short,200,無,110,250,13:00,88,0.523,14.58,1283.0,-614.0,1.16,11.5,18.1
short,200,無,110,250,13:10,88,0.5,5.6,493.0,-632.0,1.06,7.7,3.2
short,200,無,110,250,13:20,88,0.523,16.15,1421.0,-600.0,1.18,12.0,20.9
short,200,無,110,250,13:30,88,0.511,21.38,1881.0,-606.0,1.24,13.5,30.4
short,200,無,110,250,13:44,88,0.511,23.73,2088.0,-605.0,1.26,10.4,39.0
short,200,無,120,50,12:00,89,0.775,-2.97,-264.0,-394.0,0.93,-14.3,10.3
short,200,無,120,50,12:30,89,0.787,-5.54,-493.0,-639.0,0.87,-17.8,8.8
short,200,無,120,50,13:00,89,0.809,-2.81,-250.0,-624.0,0.93,-15.0,11.5
short,200,無,120,50,13:10,89,0.809,-6.56,-584.0,-642.0,0.86,-17.0,5.7
short,200,無,120,50,13:20,89,0.809,-1.56,-139.0,-610.0,0.96,-11.4,9.9
short,200,無,120,50,13:30,89,0.809,0.73,65.0,-616.0,1.02,-12.7,16.5
short,200,無,120,50,13:44,89,0.82,0.39,35.0,-615.0,1.01,-13.5,16.7
short,200,無,120,75,12:00,89,0.708,-0.03,-3.0,-584.0,1.0,-5.9,6.9
short,200,無,120,75,12:30,89,0.719,-1.37,-122.0,-639.0,0.97,-9.4,8.1
short,200,無,120,75,13:00,89,0.73,-1.72,-153.0,-624.0,0.97,-8.1,5.8
short,200,無,120,75,13:10,89,0.719,-8.54,-760.0,-642.0,0.86,-12.6,-3.7
short,200,無,120,75,13:20,89,0.719,-4.38,-390.0,-610.0,0.92,-7.6,-0.7
short,200,無,120,75,13:30,89,0.719,-1.8,-160.0,-616.0,0.97,-6.9,4.2
short,200,無,120,75,13:44,89,0.73,0.8,71.0,-615.0,1.02,-8.7,11.9
short,200,無,120,100,12:00,89,0.663,9.45,841.0,-584.0,1.17,6.8,12.6
short,200,無,120,100,12:30,89,0.674,7.98,710.0,-639.0,1.14,6.2,10.1
short,200,無,120,100,13:00,89,0.685,6.11,544.0,-624.0,1.1,5.9,6.3
short,200,無,120,100,13:10,89,0.697,1.49,133.0,-642.0,1.02,3.4,-0.8
short,200,無,120,100,13:20,89,0.708,8.65,770.0,-610.0,1.15,8.6,8.7
short,200,無,120,100,13:30,89,0.708,12.36,1100.0,-616.0,1.22,9.2,16.0
short,200,無,120,100,13:44,89,0.719,15.69,1396.0,-615.0,1.29,7.5,25.3
short,200,無,120,150,12:00,89,0.562,4.12,367.0,-584.0,1.06,15.1,-8.7
short,200,無,120,150,12:30,89,0.584,4.18,372.0,-639.0,1.05,16.9,-10.7
short,200,無,120,150,13:00,89,0.584,-3.12,-278.0,-624.0,0.96,14.4,-23.6
short,200,無,120,150,13:10,89,0.584,-8.88,-790.0,-642.0,0.9,14.9,-36.8
short,200,無,120,150,13:20,89,0.607,2.2,196.0,-610.0,1.03,20.8,-19.5
short,200,無,120,150,13:30,89,0.607,8.44,751.0,-616.0,1.11,22.9,-8.5
short,200,無,120,150,13:44,89,0.618,10.79,960.0,-615.0,1.14,19.8,0.3
short,200,無,120,200,12:00,89,0.528,9.94,885.0,-584.0,1.13,13.6,5.7
short,200,無,120,200,12:30,89,0.562,13.55,1206.0,-639.0,1.17,16.4,10.2
short,200,無,120,200,13:00,89,0.539,3.04,271.0,-624.0,1.03,13.4,-9.1
short,200,無,120,200,13:10,89,0.528,-3.15,-280.0,-642.0,0.97,14.7,-24.0
short,200,無,120,200,13:20,89,0.551,8.67,772.0,-610.0,1.1,21.5,-6.3
short,200,無,120,200,13:30,89,0.551,13.08,1164.0,-616.0,1.15,21.3,3.4
short,200,無,120,200,13:44,89,0.551,13.74,1223.0,-615.0,1.15,17.1,9.8
short,200,無,120,250,12:00,89,0.483,11.29,1005.0,-584.0,1.14,8.3,14.8
short,200,無,120,250,12:30,89,0.539,17.73,1578.0,-639.0,1.22,13.2,23.0
short,200,無,120,250,13:00,89,0.517,9.55,850.0,-624.0,1.1,7.6,11.9
short,200,無,120,250,13:10,89,0.506,0.57,51.0,-642.0,1.01,4.3,-3.8
short,200,無,120,250,13:20,89,0.528,11.39,1014.0,-610.0,1.12,10.2,12.8
short,200,無,120,250,13:30,89,0.517,17.09,1521.0,-616.0,1.19,12.2,22.8
short,200,無,120,250,13:44,89,0.517,18.39,1637.0,-615.0,1.2,9.3,29.1
short,200,無,130,50,12:00,91,0.769,-2.27,-207.0,-397.0,0.94,-16.0,14.5
short,200,無,130,50,12:30,91,0.791,-5.21,-474.0,-642.0,0.88,-18.8,11.3
short,200,無,130,50,13:00,91,0.813,-1.99,-181.0,-627.0,0.95,-16.1,15.2
short,200,無,130,50,13:10,91,0.813,-5.43,-494.0,-645.0,0.88,-19.8,12.1
short,200,無,130,50,13:20,91,0.813,-1.33,-121.0,-613.0,0.97,-14.4,14.7
short,200,無,130,50,13:30,91,0.813,1.22,111.0,-619.0,1.03,-13.9,19.6
short,200,無,130,50,13:44,91,0.824,0.52,47.0,-618.0,1.01,-14.9,19.4
short,200,無,130,75,12:00,91,0.714,2.34,213.0,-594.0,1.05,-5.4,11.8
short,200,無,130,75,12:30,91,0.725,0.65,59.0,-642.0,1.01,-8.8,12.2
short,200,無,130,75,13:00,91,0.736,-0.52,-47.0,-627.0,0.99,-7.5,8.0
short,200,無,130,75,13:10,91,0.747,-3.11,-283.0,-645.0,0.95,-10.2,5.6
short,200,無,130,75,13:20,91,0.747,0.65,59.0,-613.0,1.01,-5.3,8.0
short,200,無,130,75,13:30,91,0.747,1.98,180.0,-619.0,1.04,-4.7,10.1
short,200,無,130,75,13:44,91,0.758,4.76,433.0,-618.0,1.09,-6.4,18.4
short,200,無,130,100,12:00,91,0.681,13.67,1244.0,-594.0,1.26,7.3,21.5
short,200,無,130,100,12:30,91,0.703,13.21,1202.0,-642.0,1.24,6.7,21.1
short,200,無,130,100,13:00,91,0.714,11.96,1088.0,-627.0,1.21,8.5,16.2
short,200,無,130,100,13:10,91,0.725,8.89,809.0,-645.0,1.15,6.1,12.3
short,200,無,130,100,13:20,91,0.736,14.9,1356.0,-613.0,1.26,11.2,19.5
short,200,無,130,100,13:30,91,0.736,17.05,1552.0,-619.0,1.31,11.8,23.5
short,200,無,130,100,13:44,91,0.747,20.42,1858.0,-618.0,1.39,10.1,33.0
short,200,無,130,150,12:00,91,0.571,6.97,634.0,-594.0,1.09,16.0,-4.1
short,200,無,130,150,12:30,91,0.604,8.87,807.0,-642.0,1.12,17.7,-2.0
short,200,無,130,150,13:00,91,0.604,1.91,174.0,-627.0,1.02,17.7,-17.3
short,200,無,130,150,13:10,91,0.604,-3.16,-288.0,-645.0,0.96,18.8,-29.9
short,200,無,130,150,13:20,91,0.626,7.45,678.0,-613.0,1.09,24.5,-13.4
short,200,無,130,150,13:30,91,0.626,12.88,1172.0,-619.0,1.17,26.9,-4.2
short,200,無,130,150,13:44,91,0.637,15.03,1368.0,-618.0,1.19,23.9,4.2
short,200,無,130,200,12:00,91,0.527,11.53,1049.0,-594.0,1.15,15.2,7.1
short,200,無,130,200,12:30,91,0.571,16.15,1470.0,-642.0,1.2,17.9,14.0
short,200,無,130,200,13:00,91,0.549,6.74,613.0,-627.0,1.08,17.4,-6.2
short,200,無,130,200,13:10,91,0.538,0.67,61.0,-645.0,1.01,19.1,-21.8
short,200,無,130,200,13:20,91,0.56,12.59,1146.0,-613.0,1.14,26.8,-4.7
short,200,無,130,200,13:30,91,0.56,16.52,1503.0,-619.0,1.19,26.7,4.1
short,200,無,130,200,13:44,91,0.56,16.23,1477.0,-618.0,1.18,22.6,8.4
short,200,無,130,250,12:00,91,0.484,10.12,921.0,-594.0,1.13,8.5,12.0
short,200,無,130,250,12:30,91,0.538,17.86,1625.0,-642.0,1.22,15.7,20.5
short,200,無,130,250,13:00,91,0.516,11.12,1012.0,-627.0,1.12,12.5,9.4
short,200,無,130,250,13:10,91,0.516,2.65,241.0,-645.0,1.03,10.0,-6.3
short,200,無,130,250,13:20,91,0.538,13.92,1267.0,-613.0,1.15,16.9,10.3
short,200,無,130,250,13:30,91,0.527,19.99,1819.0,-619.0,1.22,19.7,20.3
short,200,無,130,250,13:44,91,0.527,21.37,1945.0,-618.0,1.23,16.9,26.8
short,200,無,140,50,12:00,92,0.772,-7.76,-714.0,-604.0,0.83,-14.1,-0.2
short,200,無,140,50,12:30,92,0.783,-8.91,-820.0,-642.0,0.81,-17.4,1.2
short,200,無,140,50,13:00,92,0.815,-5.37,-494.0,-627.0,0.88,-14.9,5.9
short,200,無,140,50,13:10,92,0.815,-8.51,-783.0,-645.0,0.82,-18.5,3.4
short,200,無,140,50,13:20,92,0.815,-5.28,-486.0,-613.0,0.88,-12.4,3.2
short,200,無,140,50,13:30,92,0.815,-3.72,-342.0,-619.0,0.91,-11.6,5.7
short,200,無,140,50,13:44,92,0.826,-0.45,-41.0,-618.0,0.99,-12.3,13.7
short,200,無,140,75,12:00,92,0.707,0.39,36.0,-604.0,1.01,-6.6,8.8
short,200,無,140,75,12:30,92,0.717,-1.7,-156.0,-642.0,0.97,-10.0,8.2
short,200,無,140,75,13:00,92,0.728,-1.45,-133.0,-627.0,0.97,-8.5,7.0
short,200,無,140,75,13:10,92,0.739,-4.21,-387.0,-645.0,0.93,-11.2,4.1
short,200,無,140,75,13:20,92,0.75,0.37,34.0,-613.0,1.01,-6.3,8.4
short,200,無,140,75,13:30,92,0.75,2.1,193.0,-619.0,1.04,-5.7,11.4
short,200,無,140,75,13:44,92,0.761,4.85,446.0,-618.0,1.1,-7.4,19.5
short,200,無,140,100,12:00,92,0.685,13.18,1213.0,-604.0,1.25,6.1,21.7
short,200,無,140,100,12:30,92,0.707,13.15,1210.0,-642.0,1.24,5.5,22.3
short,200,無,140,100,13:00,92,0.717,12.02,1106.0,-627.0,1.21,7.5,17.4
short,200,無,140,100,13:10,92,0.728,8.99,827.0,-645.0,1.15,5.1,13.7
short,200,無,140,100,13:20,92,0.739,14.93,1374.0,-613.0,1.26,10.2,20.6
short,200,無,140,100,13:30,92,0.739,17.28,1590.0,-619.0,1.31,10.8,25.0
short,200,無,140,100,13:44,92,0.75,20.61,1896.0,-618.0,1.39,9.1,34.3
short,200,無,140,150,12:00,92,0.576,6.98,642.0,-604.0,1.09,14.6,-2.1
short,200,無,140,150,12:30,92,0.609,8.97,825.0,-642.0,1.12,16.3,0.2
short,200,無,140,150,13:00,92,0.609,2.09,192.0,-627.0,1.02,16.3,-14.8
short,200,無,140,150,13:10,92,0.609,-2.93,-270.0,-645.0,0.97,17.4,-27.1
short,200,無,140,150,13:20,92,0.63,7.67,706.0,-613.0,1.09,23.3,-11.0
short,200,無,140,150,13:30,92,0.63,13.26,1220.0,-619.0,1.17,25.9,-1.8
short,200,無,140,150,13:44,92,0.641,15.39,1416.0,-618.0,1.2,22.9,6.5
short,200,無,140,200,12:00,92,0.511,11.68,1075.0,-604.0,1.15,13.5,9.5
short,200,無,140,200,12:30,92,0.576,16.37,1506.0,-642.0,1.2,16.2,16.5
short,200,無,140,200,13:00,92,0.543,7.05,649.0,-627.0,1.08,15.7,-3.3
short,200,無,140,200,13:10,92,0.543,1.05,97.0,-645.0,1.01,17.5,-18.5
short,200,無,140,200,13:20,92,0.565,12.96,1192.0,-613.0,1.15,25.4,-1.8
short,200,無,140,200,13:30,92,0.565,16.95,1559.0,-619.0,1.2,25.2,7.1
short,200,無,140,200,13:44,92,0.565,16.66,1533.0,-618.0,1.19,21.2,11.3
short,200,無,140,250,12:00,92,0.467,10.62,977.0,-604.0,1.13,6.7,15.3
short,200,無,140,250,12:30,92,0.543,18.49,1701.0,-642.0,1.22,14.1,23.8
short,200,無,140,250,13:00,92,0.511,11.83,1088.0,-627.0,1.13,10.9,12.9
short,200,無,140,250,13:10,92,0.511,3.45,317.0,-645.0,1.03,8.4,-2.4
short,200,無,140,250,13:20,92,0.543,14.6,1343.0,-613.0,1.16,15.3,13.8
short,200,無,140,250,13:30,92,0.533,20.71,1905.0,-619.0,1.23,18.3,23.6
short,200,無,140,250,13:44,92,0.533,20.96,1928.0,-618.0,1.22,15.5,27.5
short,200,無,150,50,12:00,94,0.787,-5.78,-543.0,-614.0,0.87,-11.2,0.7
short,200,無,150,50,12:30,94,0.798,-6.69,-629.0,-642.0,0.85,-14.1,2.1
short,200,無,150,50,13:00,94,0.83,-3.05,-287.0,-627.0,0.93,-11.3,6.7
short,200,無,150,50,13:10,94,0.83,-5.18,-487.0,-645.0,0.88,-13.1,4.2
short,200,無,150,50,13:20,94,0.83,-1.99,-187.0,-613.0,0.95,-7.1,4.0
short,200,無,150,50,13:30,94,0.83,-1.46,-137.0,-619.0,0.96,-8.1,6.5
short,200,無,150,50,13:44,94,0.84,1.91,180.0,-618.0,1.05,-8.5,14.2
short,200,無,150,75,12:00,94,0.713,0.98,92.0,-614.0,1.02,-6.3,9.6
short,200,無,150,75,12:30,94,0.723,-1.06,-100.0,-642.0,0.98,-9.5,9.0
short,200,無,150,75,13:00,94,0.734,-0.71,-67.0,-627.0,0.99,-7.9,7.8
short,200,無,150,75,13:10,94,0.745,-3.41,-321.0,-645.0,0.94,-10.5,5.0
short,200,無,150,75,13:20,94,0.755,1.06,100.0,-613.0,1.02,-5.8,9.2
short,200,無,150,75,13:30,94,0.755,2.97,279.0,-619.0,1.06,-5.1,12.6
short,200,無,150,75,13:44,94,0.766,5.66,532.0,-618.0,1.11,-6.8,20.5
short,200,無,150,100,12:00,94,0.681,10.66,1002.0,-614.0,1.19,6.0,16.2
short,200,無,150,100,12:30,94,0.702,9.8,921.0,-642.0,1.17,4.9,15.6
short,200,無,150,100,13:00,94,0.713,8.74,822.0,-627.0,1.14,8.3,9.3
short,200,無,150,100,13:10,94,0.723,5.84,549.0,-645.0,1.09,5.9,5.8
short,200,無,150,100,13:20,94,0.734,11.98,1126.0,-613.0,1.2,10.9,13.3
short,200,無,150,100,13:30,94,0.734,14.61,1373.0,-619.0,1.26,11.5,18.3
short,200,無,150,100,13:44,94,0.745,17.91,1684.0,-618.0,1.33,9.8,27.5
short,200,無,150,150,12:00,94,0.574,5.56,523.0,-614.0,1.07,14.2,-4.7
short,200,無,150,150,12:30,94,0.606,6.61,621.0,-642.0,1.09,15.4,-3.8
short,200,無,150,150,13:00,94,0.606,0.65,61.0,-627.0,1.01,15.5,-17.0
short,200,無,150,150,13:10,94,0.606,-4.72,-444.0,-645.0,0.95,16.7,-30.2
short,200,無,150,150,13:20,94,0.628,5.82,547.0,-613.0,1.07,22.8,-14.3
short,200,無,150,150,13:30,94,0.628,11.59,1089.0,-619.0,1.15,24.9,-4.2
short,200,無,150,150,13:44,94,0.638,13.44,1263.0,-618.0,1.17,22.3,3.0
short,200,無,150,200,12:00,94,0.521,12.44,1169.0,-614.0,1.16,12.9,11.8
short,200,無,150,200,12:30,94,0.585,16.84,1583.0,-642.0,1.21,15.1,19.0
short,200,無,150,200,13:00,94,0.553,7.85,738.0,-627.0,1.09,14.8,-0.4
short,200,無,150,200,13:10,94,0.553,2.06,194.0,-645.0,1.02,16.6,-15.2
short,200,無,150,200,13:20,94,0.574,13.68,1286.0,-613.0,1.16,24.3,1.0
short,200,無,150,200,13:30,94,0.574,18.12,1703.0,-619.0,1.21,25.0,10.0
short,200,無,150,200,13:44,94,0.574,17.39,1635.0,-618.0,1.2,20.2,14.1
short,200,無,150,250,12:00,94,0.468,8.14,765.0,-614.0,1.1,6.0,10.6
short,200,無,150,250,12:30,94,0.543,14.2,1335.0,-642.0,1.17,12.9,15.7
short,200,無,150,250,13:00,94,0.511,6.65,625.0,-627.0,1.07,10.1,2.6
short,200,無,150,250,13:10,94,0.511,-1.38,-130.0,-645.0,0.99,7.7,-12.2
short,200,無,150,250,13:20,94,0.543,9.47,890.0,-613.0,1.1,14.5,3.4
short,200,無,150,250,13:30,94,0.532,15.88,1493.0,-619.0,1.17,18.2,13.1
short,200,無,150,250,13:44,94,0.532,15.64,1470.0,-618.0,1.16,14.6,16.9
short,200,前日反向,10,50,12:00,40,0.75,-4.7,-188.0,-474.0,0.88,-17.4,12.5
short,200,前日反向,10,50,12:30,40,0.75,-5.78,-231.0,-288.0,0.86,-24.9,20.1
short,200,前日反向,10,50,13:00,40,0.75,-13.02,-521.0,-297.0,0.73,-36.2,18.4
short,200,前日反向,10,50,13:10,40,0.75,-13.68,-547.0,-372.0,0.72,-38.5,19.9
short,200,前日反向,10,50,13:20,40,0.75,-9.15,-366.0,-336.0,0.8,-27.1,15.2
short,200,前日反向,10,50,13:30,40,0.75,-10.22,-409.0,-435.0,0.78,-26.7,12.1
short,200,前日反向,10,50,13:44,40,0.775,2.52,101.0,-262.0,1.07,-24.2,38.7
short,200,前日反向,10,75,12:00,40,0.75,12.12,485.0,-474.0,1.3,-4.4,34.5
short,200,前日反向,10,75,12:30,40,0.75,11.72,469.0,-288.0,1.28,-10.7,42.1
short,200,前日反向,10,75,13:00,40,0.75,5.72,229.0,-297.0,1.12,-19.9,40.4
short,200,前日反向,10,75,13:10,40,0.75,5.08,203.0,-372.0,1.1,-22.2,42.0
short,200,前日反向,10,75,13:20,40,0.75,9.6,384.0,-336.0,1.21,-10.8,37.2
short,200,前日反向,10,75,13:30,40,0.75,8.52,341.0,-435.0,1.18,-10.4,34.1
short,200,前日反向,10,75,13:44,40,0.775,21.9,876.0,-262.0,1.63,-7.9,62.2
short,200,前日反向,10,100,12:00,40,0.75,27.7,1108.0,-474.0,1.68,6.3,56.6
short,200,前日反向,10,100,12:30,40,0.725,27.4,1096.0,-288.0,1.66,0.2,64.2
short,200,前日反向,10,100,13:00,40,0.75,21.58,863.0,-297.0,1.44,-8.7,62.5
short,200,前日反向,10,100,13:10,40,0.75,22.42,897.0,-372.0,1.45,-8.3,64.1
short,200,前日反向,10,100,13:20,40,0.75,24.82,993.0,-336.0,1.55,-0.7,59.3
short,200,前日反向,10,100,13:30,40,0.75,23.68,947.0,-435.0,1.51,-0.3,56.2
short,200,前日反向,10,100,13:44,40,0.725,32.4,1296.0,-262.0,1.88,1.1,74.7
short,200,前日反向,10,150,12:00,40,0.675,26.12,1045.0,-474.0,1.48,-16.3,83.5
short,200,前日反向,10,150,12:30,40,0.675,28.05,1122.0,-441.0,1.53,-21.0,94.4
short,200,前日反向,10,150,13:00,40,0.65,23.95,958.0,-430.0,1.38,-30.3,97.4
short,200,前日反向,10,150,13:10,40,0.625,22.4,896.0,-372.0,1.35,-29.4,92.5
short,200,前日反向,10,150,13:20,40,0.625,25.1,1004.0,-355.0,1.43,-24.2,91.8
short,200,前日反向,10,150,13:30,40,0.675,28.2,1128.0,-435.0,1.49,-19.4,92.6
short,200,前日反向,10,150,13:44,40,0.65,35.38,1415.0,-291.0,1.71,-21.8,112.7
short,200,前日反向,10,200,12:00,40,0.675,41.02,1641.0,-474.0,1.76,-3.6,101.4
short,200,前日反向,10,200,12:30,40,0.675,46.12,1845.0,-441.0,1.87,-5.7,116.3
short,200,前日反向,10,200,13:00,40,0.6,31.1,1244.0,-430.0,1.48,-16.8,95.9
short,200,前日反向,10,200,13:10,40,0.6,32.6,1304.0,-372.0,1.48,-12.0,93.0
short,200,前日反向,10,200,13:20,40,0.6,39.42,1577.0,-355.0,1.63,-6.8,102.0
short,200,前日反向,10,200,13:30,40,0.65,39.85,1594.0,-435.0,1.64,-2.0,96.5
short,200,前日反向,10,200,13:44,40,0.6,42.95,1718.0,-291.0,1.76,-4.4,107.0
short,200,前日反向,10,250,12:00,40,0.675,44.52,1781.0,-474.0,1.82,-4.7,111.2
short,200,前日反向,10,250,12:30,40,0.65,43.22,1729.0,-441.0,1.76,-8.9,113.7
short,200,前日反向,10,250,13:00,40,0.575,35.75,1430.0,-430.0,1.53,-13.9,102.9
short,200,前日反向,10,250,13:10,40,0.575,36.33,1453.0,-372.0,1.51,-11.1,100.5
short,200,前日反向,10,250,13:20,40,0.575,45.9,1836.0,-355.0,1.71,-1.3,109.8
short,200,前日反向,10,250,13:30,40,0.6,43.62,1745.0,-435.0,1.66,-6.6,111.6
short,200,前日反向,10,250,13:44,40,0.575,50.55,2022.0,-291.0,1.84,1.5,116.9
short,200,前日反向,20,50,12:00,42,0.786,-2.81,-118.0,-484.0,0.93,-18.8,18.4
short,200,前日反向,20,50,12:30,42,0.786,-2.12,-89.0,-298.0,0.95,-25.5,29.0
short,200,前日反向,20,50,13:00,42,0.786,-6.6,-277.0,-307.0,0.85,-34.9,31.1
short,200,前日反向,20,50,13:10,42,0.786,-7.36,-309.0,-382.0,0.84,-37.1,32.3
short,200,前日反向,20,50,13:20,42,0.786,-3.76,-158.0,-346.0,0.91,-26.2,26.1
short,200,前日反向,20,50,13:30,42,0.786,-5.88,-247.0,-445.0,0.87,-25.8,20.6
short,200,前日反向,20,50,13:44,42,0.81,7.21,303.0,-272.0,1.23,-23.4,48.0
short,200,前日反向,20,75,12:00,42,0.786,15.62,656.0,-484.0,1.4,-4.2,42.1
short,200,前日反向,20,75,12:30,42,0.786,16.93,711.0,-298.0,1.43,-9.8,52.6
short,200,前日反向,20,75,13:00,42,0.786,11.43,480.0,-307.0,1.26,-21.0,54.7
short,200,前日反向,20,75,13:10,42,0.786,12.29,516.0,-382.0,1.27,-20.4,55.9
short,200,前日反向,20,75,13:20,42,0.786,15.88,667.0,-346.0,1.38,-9.5,49.7
short,200,前日反向,20,75,13:30,42,0.786,13.76,578.0,-445.0,1.32,-9.1,44.2
short,200,前日反向,20,75,13:44,42,0.81,27.45,1153.0,-272.0,1.87,-6.7,73.0
short,200,前日反向,20,100,12:00,42,0.762,27.67,1162.0,-484.0,1.68,5.1,57.8
short,200,前日反向,20,100,12:30,42,0.738,28.33,1190.0,-298.0,1.68,0.9,64.9
short,200,前日反向,20,100,13:00,42,0.762,23.02,967.0,-307.0,1.48,-7.2,63.3
short,200,前日反向,20,100,13:10,42,0.762,23.83,1001.0,-382.0,1.49,-6.9,64.8
short,200,前日反向,20,100,13:20,42,0.762,26.12,1097.0,-346.0,1.58,0.5,60.3
short,200,前日反向,20,100,13:30,42,0.762,25.02,1051.0,-445.0,1.55,0.8,57.4
short,200,前日反向,20,100,13:44,42,0.738,33.33,1400.0,-272.0,1.9,2.2,74.9
short,200,前日反向,20,150,12:00,42,0.69,24.55,1031.0,-484.0,1.46,-18.0,81.3
short,200,前日反向,20,150,12:30,42,0.69,27.79,1167.0,-451.0,1.53,-20.6,92.3
short,200,前日反向,20,150,13:00,42,0.619,17.05,716.0,-440.0,1.26,-27.3,76.2
short,200,前日反向,20,150,13:10,42,0.619,14.71,618.0,-382.0,1.22,-26.4,69.6
short,200,前日反向,20,150,13:20,42,0.619,18.98,797.0,-365.0,1.3,-21.4,72.8
short,200,前日反向,20,150,13:30,42,0.667,19.14,804.0,-445.0,1.31,-16.8,67.1
short,200,前日反向,20,150,13:44,42,0.619,23.33,980.0,-301.0,1.41,-19.1,79.9
short,200,前日反向,20,200,12:00,42,0.69,38.29,1608.0,-484.0,1.71,-10.1,102.8
short,200,前日反向,20,200,12:30,42,0.69,44.79,1881.0,-451.0,1.85,-9.3,116.9
short,200,前日反向,20,200,13:00,42,0.619,32.76,1376.0,-440.0,1.51,-16.0,97.7
short,200,前日反向,20,200,13:10,42,0.619,34.07,1431.0,-382.0,1.51,-11.6,94.9
short,200,前日反向,20,200,13:20,42,0.619,40.93,1719.0,-365.0,1.66,-5.2,102.5
short,200,前日反向,20,200,13:30,42,0.667,41.0,1722.0,-445.0,1.67,-2.3,98.8
short,200,前日反向,20,200,13:44,42,0.619,45.12,1895.0,-301.0,1.8,-2.6,108.7
short,200,前日反向,20,250,12:00,42,0.69,43.62,1832.0,-484.0,1.81,-8.6,113.2
short,200,前日反向,20,250,12:30,42,0.667,43.93,1845.0,-451.0,1.78,-10.2,116.2
short,200,前日反向,20,250,13:00,42,0.595,39.19,1646.0,-440.0,1.58,-11.3,106.6
short,200,前日反向,20,250,13:10,42,0.595,38.67,1624.0,-382.0,1.55,-10.5,104.3
short,200,前日反向,20,250,13:20,42,0.595,46.43,1950.0,-365.0,1.71,-3.5,113.0
short,200,前日反向,20,250,13:30,42,0.619,43.79,1839.0,-445.0,1.66,-9.8,115.3
short,200,前日反向,20,250,13:44,42,0.595,49.48,2078.0,-301.0,1.82,-3.6,120.3
short,200,前日反向,30,50,12:00,43,0.767,-3.51,-151.0,-494.0,0.91,-21.7,19.5
short,200,前日反向,30,50,12:30,43,0.791,-2.58,-111.0,-308.0,0.93,-28.0,29.5
short,200,前日反向,30,50,13:00,43,0.791,-6.72,-289.0,-317.0,0.85,-37.0,31.5
short,200,前日反向,30,50,13:10,43,0.791,-7.47,-321.0,-392.0,0.84,-39.2,32.6
short,200,前日反向,30,50,13:20,43,0.791,-3.95,-170.0,-356.0,0.91,-28.2,26.7
short,200,前日反向,30,50,13:30,43,0.791,-6.02,-259.0,-455.0,0.86,-27.8,21.5
short,200,前日反向,30,50,13:44,43,0.814,7.0,301.0,-282.0,1.22,-25.5,48.0
short,200,前日反向,30,75,12:00,43,0.767,13.42,577.0,-494.0,1.33,-10.1,43.2
short,200,前日反向,30,75,12:30,43,0.767,14.42,620.0,-308.0,1.36,-16.2,53.2
short,200,前日反向,30,75,13:00,43,0.767,10.58,455.0,-317.0,1.24,-24.7,55.2
short,200,前日反向,30,75,13:10,43,0.791,11.58,498.0,-392.0,1.25,-23.8,56.3
short,200,前日反向,30,75,13:20,43,0.791,14.28,614.0,-356.0,1.34,-14.3,50.4
short,200,前日反向,30,75,13:30,43,0.767,11.95,514.0,-455.0,1.27,-14.4,45.2
short,200,前日反向,30,75,13:44,43,0.767,20.84,896.0,-282.0,1.59,-12.8,63.4
short,200,前日反向,30,100,12:00,43,0.744,26.88,1156.0,-494.0,1.65,1.3,59.2
short,200,前日反向,30,100,12:30,43,0.767,30.79,1324.0,-308.0,1.77,-2.5,72.8
short,200,前日反向,30,100,13:00,43,0.744,26.26,1129.0,-317.0,1.58,-10.1,72.2
short,200,前日反向,30,100,13:10,43,0.767,24.35,1047.0,-392.0,1.5,-9.8,67.5
short,200,前日反向,30,100,13:20,43,0.767,27.49,1182.0,-356.0,1.63,-2.5,65.3
short,200,前日反向,30,100,13:30,43,0.744,26.88,1156.0,-455.0,1.61,-2.2,63.6
short,200,前日反向,30,100,13:44,43,0.767,36.33,1562.0,-282.0,2.03,-0.8,83.2
short,200,前日反向,30,150,12:00,43,0.698,26.6,1144.0,-494.0,1.5,-22.8,88.9
short,200,前日反向,30,150,12:30,43,0.698,29.6,1273.0,-455.0,1.58,-25.3,99.0
short,200,前日反向,30,150,13:00,43,0.628,22.56,970.0,-444.0,1.37,-31.2,90.5
short,200,前日反向,30,150,13:10,43,0.651,18.95,815.0,-392.0,1.3,-30.3,81.2
short,200,前日反向,30,150,13:20,43,0.651,22.49,967.0,-369.0,1.38,-25.3,82.9
short,200,前日反向,30,150,13:30,43,0.651,22.58,971.0,-455.0,1.38,-20.7,77.3
short,200,前日反向,30,150,13:44,43,0.628,26.44,1137.0,-305.0,1.48,-23.0,88.9
short,200,前日反向,30,200,12:00,43,0.698,40.35,1735.0,-494.0,1.76,-15.5,110.9
short,200,前日反向,30,200,12:30,43,0.698,46.77,2011.0,-455.0,1.92,-14.3,123.9
short,200,前日反向,30,200,13:00,43,0.605,38.23,1644.0,-444.0,1.62,-20.5,112.5
short,200,前日反向,30,200,13:10,43,0.651,38.19,1642.0,-392.0,1.6,-16.2,106.8
short,200,前日反向,30,200,13:20,43,0.651,44.49,1913.0,-369.0,1.74,-9.4,112.6
short,200,前日反向,30,200,13:30,43,0.651,44.72,1923.0,-455.0,1.75,-6.5,109.4
short,200,前日反向,30,200,13:44,43,0.628,48.51,2086.0,-305.0,1.89,-6.8,118.3
short,200,前日反向,30,250,12:00,43,0.674,38.53,1657.0,-494.0,1.71,-14.8,105.9
short,200,前日反向,30,250,12:30,43,0.651,37.72,1622.0,-455.0,1.66,-16.1,105.7
short,200,前日反向,30,250,13:00,43,0.558,34.74,1494.0,-444.0,1.5,-17.2,100.3
short,200,前日反向,30,250,13:10,43,0.605,31.02,1334.0,-392.0,1.43,-20.0,95.5
short,200,前日反向,30,250,13:20,43,0.605,38.7,1664.0,-369.0,1.59,-12.9,103.9
short,200,前日反向,30,250,13:30,43,0.581,38.65,1662.0,-455.0,1.58,-16.9,108.8
short,200,前日反向,30,250,13:44,43,0.558,44.44,1911.0,-305.0,1.72,-8.6,111.5
short,200,前日反向,40,50,12:00,43,0.814,9.86,424.0,-310.0,1.34,-20.3,48.0
short,200,前日反向,40,50,12:30,43,0.814,7.98,343.0,-318.0,1.26,-23.7,48.0
short,200,前日反向,40,50,13:00,43,0.837,3.09,133.0,-327.0,1.08,-32.5,48.0
short,200,前日反向,40,50,13:10,43,0.837,2.56,110.0,-402.0,1.07,-33.4,48.0
short,200,前日反向,40,50,13:20,43,0.837,7.42,319.0,-290.0,1.23,-24.7,48.0
short,200,前日反向,40,50,13:30,43,0.837,8.0,344.0,-272.0,1.25,-23.7,48.0
short,200,前日反向,40,50,13:44,43,0.837,8.95,385.0,-292.0,1.29,-22.0,48.0
short,200,前日反向,40,75,12:00,43,0.744,10.51,452.0,-504.0,1.25,-14.9,42.6
short,200,前日反向,40,75,12:30,43,0.744,12.47,536.0,-318.0,1.3,-19.3,52.6
short,200,前日反向,40,75,13:00,43,0.767,8.72,375.0,-327.0,1.19,-27.6,54.6
short,200,前日反向,40,75,13:10,43,0.791,9.37,403.0,-402.0,1.2,-27.3,55.7
short,200,前日反向,40,75,13:20,43,0.744,10.91,469.0,-366.0,1.25,-20.0,49.9
short,200,前日反向,40,75,13:30,43,0.767,8.77,377.0,-465.0,1.19,-19.7,44.7
short,200,前日反向,40,75,13:44,43,0.767,17.58,756.0,-292.0,1.48,-18.2,62.8
short,200,前日反向,40,100,12:00,43,0.721,22.09,950.0,-504.0,1.51,-2.4,53.1
short,200,前日反向,40,100,12:30,43,0.721,25.56,1099.0,-318.0,1.61,-6.4,65.9
short,200,前日反向,40,100,13:00,43,0.744,23.47,1009.0,-327.0,1.5,-14.3,71.2
short,200,前日反向,40,100,13:10,43,0.767,20.81,895.0,-402.0,1.41,-15.3,66.5
short,200,前日反向,40,100,13:20,43,0.721,23.4,1006.0,-366.0,1.52,-9.0,64.3
short,200,前日反向,40,100,13:30,43,0.744,23.12,994.0,-465.0,1.5,-8.1,62.5
short,200,前日反向,40,100,13:44,43,0.767,32.4,1393.0,-292.0,1.88,-7.0,82.1
short,200,前日反向,40,150,12:00,43,0.674,22.02,947.0,-504.0,1.4,-28.9,86.3
short,200,前日反向,40,150,12:30,43,0.651,25.88,1113.0,-455.0,1.49,-29.9,96.4
short,200,前日反向,40,150,13:00,43,0.605,19.3,830.0,-444.0,1.3,-35.0,87.8
short,200,前日反向,40,150,13:10,43,0.628,15.7,675.0,-402.0,1.24,-34.1,78.6
short,200,前日反向,40,150,13:20,43,0.605,19.23,827.0,-369.0,1.31,-29.1,80.3
short,200,前日反向,40,150,13:30,43,0.628,19.33,831.0,-465.0,1.31,-24.5,74.6
short,200,前日反向,40,150,13:44,43,0.628,23.19,997.0,-305.0,1.41,-26.8,86.3
short,200,前日反向,40,200,12:00,43,0.674,32.23,1386.0,-504.0,1.58,-23.0,101.9
short,200,前日反向,40,200,12:30,43,0.651,38.72,1665.0,-455.0,1.73,-25.8,120.3
short,200,前日反向,40,200,13:00,43,0.581,31.37,1349.0,-444.0,1.49,-29.9,108.8
short,200,前日反向,40,200,13:10,43,0.628,29.93,1287.0,-402.0,1.45,-28.0,103.2
short,200,前日反向,40,200,13:20,43,0.605,37.72,1622.0,-369.0,1.61,-18.6,108.9
short,200,前日反向,40,200,13:30,43,0.605,33.26,1430.0,-465.0,1.51,-24.5,106.3
short,200,前日反向,40,200,13:44,43,0.628,41.53,1786.0,-305.0,1.73,-16.8,115.2
short,200,前日反向,40,250,12:00,43,0.651,27.35,1176.0,-504.0,1.48,-30.3,100.2
short,200,前日反向,40,250,12:30,43,0.605,29.79,1281.0,-455.0,1.5,-26.1,100.4
short,200,前日反向,40,250,13:00,43,0.535,25.0,1075.0,-444.0,1.35,-30.9,95.6
short,200,前日反向,40,250,13:10,43,0.581,20.79,894.0,-402.0,1.28,-34.6,90.7
short,200,前日反向,40,250,13:20,43,0.558,28.7,1234.0,-369.0,1.42,-27.1,99.2
short,200,前日反向,40,250,13:30,43,0.558,28.98,1246.0,-465.0,1.42,-30.9,104.6
short,200,前日反向,40,250,13:44,43,0.535,34.21,1471.0,-305.0,1.53,-23.6,107.3
short,200,前日反向,50,50,12:00,45,0.778,5.87,264.0,-314.0,1.2,-29.5,46.3
short,200,前日反向,50,50,12:30,45,0.756,-0.78,-35.0,-320.0,0.98,-35.8,39.3
short,200,前日反向,50,50,13:00,45,0.778,-7.71,-347.0,-329.0,0.83,-44.3,34.1
short,200,前日反向,50,50,13:10,45,0.8,-6.58,-296.0,-404.0,0.85,-42.5,34.5
short,200,前日反向,50,50,13:20,45,0.8,-0.93,-42.0,-292.0,0.98,-31.6,34.1
short,200,前日反向,50,50,13:30,45,0.8,-0.58,-26.0,-282.0,0.99,-31.2,34.4
short,200,前日反向,50,50,13:44,45,0.8,0.6,27.0,-294.0,1.02,-28.8,34.2
short,200,前日反向,50,75,12:00,45,0.756,20.07,903.0,-314.0,1.64,-17.8,63.4
short,200,前日反向,50,75,12:30,45,0.756,16.2,729.0,-320.0,1.44,-21.8,59.7
short,200,前日反向,50,75,13:00,45,0.756,8.49,382.0,-329.0,1.19,-29.7,52.1
short,200,前日反向,50,75,13:10,45,0.778,6.38,287.0,-404.0,1.13,-29.4,47.3
short,200,前日反向,50,75,13:20,45,0.733,11.67,525.0,-292.0,1.28,-22.0,50.2
short,200,前日反向,50,75,13:30,45,0.733,13.42,604.0,-282.0,1.33,-21.8,53.6
short,200,前日反向,50,75,13:44,45,0.756,16.22,730.0,-294.0,1.42,-20.3,58.0
short,200,前日反向,50,100,12:00,45,0.711,19.44,875.0,-514.0,1.45,-8.9,51.8
short,200,前日反向,50,100,12:30,45,0.689,19.04,857.0,-324.0,1.42,-13.7,56.5
short,200,前日反向,50,100,13:00,45,0.711,14.93,672.0,-329.0,1.29,-21.4,56.5
short,200,前日反向,50,100,13:10,45,0.733,10.6,477.0,-404.0,1.19,-26.2,52.6
short,200,前日反向,50,100,13:20,45,0.689,12.82,577.0,-376.0,1.24,-19.9,50.2
short,200,前日反向,50,100,13:30,45,0.689,14.78,665.0,-475.0,1.29,-15.1,49.0
short,200,前日反向,50,100,13:44,45,0.711,23.2,1044.0,-294.0,1.55,-14.7,66.5
short,200,前日反向,50,150,12:00,45,0.667,21.27,957.0,-514.0,1.39,-33.0,83.3
short,200,前日反向,50,150,12:30,45,0.622,21.91,986.0,-455.0,1.39,-33.7,85.4
short,200,前日反向,50,150,13:00,45,0.6,11.89,535.0,-444.0,1.17,-41.2,72.5
short,200,前日反向,50,150,13:10,45,0.6,10.38,467.0,-404.0,1.15,-37.0,64.5
short,200,前日反向,50,150,13:20,45,0.578,13.58,611.0,-376.0,1.2,-32.0,65.7
short,200,前日反向,50,150,13:30,45,0.6,13.8,621.0,-475.0,1.21,-27.4,60.9
short,200,前日反向,50,150,13:44,45,0.6,17.4,783.0,-305.0,1.28,-29.7,71.2
short,200,前日反向,50,200,12:00,45,0.644,20.64,929.0,-514.0,1.37,-28.2,76.5
short,200,前日反向,50,200,12:30,45,0.578,17.22,775.0,-455.0,1.28,-33.2,74.8
short,200,前日反向,50,200,13:00,45,0.533,7.29,328.0,-444.0,1.09,-35.5,56.2
short,200,前日反向,50,200,13:10,45,0.556,7.4,333.0,-404.0,1.09,-31.8,52.2
short,200,前日反向,50,200,13:20,45,0.533,15.8,711.0,-376.0,1.21,-22.4,59.4
short,200,前日反向,50,200,13:30,45,0.533,14.42,649.0,-475.0,1.19,-27.9,62.8
short,200,前日反向,50,200,13:44,45,0.556,19.6,882.0,-305.0,1.28,-20.1,65.0
short,200,前日反向,50,250,12:00,45,0.644,26.64,1199.0,-514.0,1.47,-35.7,97.9
short,200,前日反向,50,250,12:30,45,0.578,26.16,1177.0,-455.0,1.42,-31.1,91.6
short,200,前日反向,50,250,13:00,45,0.533,19.31,869.0,-444.0,1.25,-35.9,82.4
short,200,前日反向,50,250,13:10,45,0.556,15.47,696.0,-404.0,1.2,-39.6,78.4
short,200,前日反向,50,250,13:20,45,0.533,22.84,1028.0,-376.0,1.31,-32.1,85.6
short,200,前日反向,50,250,13:30,45,0.533,22.71,1022.0,-475.0,1.3,-37.3,91.3
short,200,前日反向,50,250,13:44,45,0.511,27.71,1247.0,-305.0,1.4,-29.9,93.5
short,200,前日反向,60,50,12:00,47,0.787,6.38,300.0,-314.0,1.22,-28.4,45.9
short,200,前日反向,60,50,12:30,47,0.766,0.26,12.0,-320.0,1.01,-34.0,39.2
short,200,前日反向,60,50,13:00,47,0.787,-6.4,-301.0,-329.0,0.85,-42.2,34.3
short,200,前日反向,60,50,13:10,47,0.809,-6.09,-286.0,-404.0,0.86,-41.9,34.6
short,200,前日反向,60,50,13:20,47,0.766,-2.49,-117.0,-292.0,0.94,-34.8,34.3
short,200,前日反向,60,50,13:30,47,0.766,-2.21,-104.0,-292.0,0.94,-34.6,34.5
short,200,前日反向,60,50,13:44,47,0.766,-1.57,-74.0,-294.0,0.96,-33.2,34.4
short,200,前日反向,60,75,12:00,47,0.766,21.79,1024.0,-314.0,1.7,-14.4,62.9
short,200,前日反向,60,75,12:30,47,0.745,17.13,805.0,-320.0,1.47,-20.0,59.4
short,200,前日反向,60,75,13:00,47,0.766,9.43,443.0,-329.0,1.21,-28.2,52.2
short,200,前日反向,60,75,13:10,47,0.787,6.72,316.0,-404.0,1.14,-29.2,47.5
short,200,前日反向,60,75,13:20,47,0.723,11.28,530.0,-292.0,1.27,-23.1,50.3
short,200,前日反向,60,75,13:30,47,0.745,13.26,623.0,-292.0,1.33,-22.2,53.6
short,200,前日反向,60,75,13:44,47,0.723,14.32,673.0,-294.0,1.37,-21.2,54.6
short,200,前日反向,60,100,12:00,47,0.723,22.15,1041.0,-524.0,1.52,-4.2,52.1
short,200,前日反向,60,100,12:30,47,0.681,20.81,978.0,-334.0,1.46,-10.6,56.5
short,200,前日反向,60,100,13:00,47,0.723,16.55,778.0,-329.0,1.32,-19.0,57.0
short,200,前日反向,60,100,13:10,47,0.745,12.4,583.0,-404.0,1.22,-23.6,53.3
short,200,前日反向,60,100,13:20,47,0.681,14.53,683.0,-386.0,1.28,-17.6,51.0
short,200,前日反向,60,100,13:30,47,0.702,16.4,771.0,-485.0,1.33,-13.0,49.8
short,200,前日反向,60,100,13:44,47,0.681,24.47,1150.0,-294.0,1.58,-12.6,66.5
short,200,前日反向,60,150,12:00,47,0.681,23.89,1123.0,-524.0,1.44,-24.1,78.5
short,200,前日反向,60,150,12:30,47,0.617,23.7,1114.0,-455.0,1.43,-26.2,80.4
short,200,前日反向,60,150,13:00,47,0.596,11.13,523.0,-444.0,1.16,-36.4,65.1
short,200,前日反向,60,150,13:10,47,0.617,12.64,594.0,-404.0,1.18,-32.0,63.4
short,200,前日反向,60,150,13:20,47,0.574,16.74,787.0,-386.0,1.25,-27.2,66.7
short,200,前日反向,60,150,13:30,47,0.596,16.96,797.0,-485.0,1.26,-22.8,62.1
short,200,前日反向,60,150,13:44,47,0.553,20.4,959.0,-308.0,1.33,-25.0,72.0
short,200,前日反向,60,200,12:00,47,0.66,27.38,1287.0,-524.0,1.49,-16.3,77.0
short,200,前日反向,60,200,12:30,47,0.574,23.53,1106.0,-455.0,1.38,-22.5,75.9
short,200,前日反向,60,200,13:00,47,0.553,12.11,569.0,-444.0,1.16,-28.4,58.1
short,200,前日反向,60,200,13:10,47,0.553,11.68,549.0,-404.0,1.15,-25.8,54.3
short,200,前日反向,60,200,13:20,47,0.532,19.72,927.0,-386.0,1.27,-16.8,61.2
short,200,前日反向,60,200,13:30,47,0.532,18.83,885.0,-485.0,1.25,-21.6,64.8
short,200,前日反向,60,200,13:44,47,0.511,23.79,1118.0,-308.0,1.35,-14.2,66.9
short,200,前日反向,60,250,12:00,47,0.638,36.11,1697.0,-524.0,1.65,-19.9,99.7
short,200,前日反向,60,250,12:30,47,0.574,35.06,1648.0,-455.0,1.56,-17.0,94.2
short,200,前日反向,60,250,13:00,47,0.553,26.6,1250.0,-444.0,1.35,-25.1,85.4
short,200,前日反向,60,250,13:10,47,0.553,24.09,1132.0,-404.0,1.31,-26.5,81.5
short,200,前日反向,60,250,13:20,47,0.532,32.36,1521.0,-386.0,1.44,-17.0,88.5
short,200,前日反向,60,250,13:30,47,0.532,33.3,1565.0,-485.0,1.45,-20.4,94.4
short,200,前日反向,60,250,13:44,47,0.489,39.11,1838.0,-308.0,1.56,-11.4,96.5
short,200,前日反向,70,50,12:00,49,0.776,8.82,432.0,-314.0,1.31,-21.0,45.5
short,200,前日反向,70,50,12:30,49,0.796,2.71,133.0,-320.0,1.08,-26.7,38.8
short,200,前日反向,70,50,13:00,49,0.816,-3.31,-162.0,-329.0,0.92,-33.6,33.8
short,200,前日反向,70,50,13:10,49,0.816,-4.29,-210.0,-404.0,0.9,-35.6,34.2
short,200,前日反向,70,50,13:20,49,0.796,0.18,9.0,-292.0,1.0,-27.2,33.8
short,200,前日反向,70,50,13:30,49,0.796,0.29,14.0,-302.0,1.01,-27.3,34.1
short,200,前日反向,70,50,13:44,49,0.796,0.96,47.0,-294.0,1.03,-25.9,33.9
short,200,前日反向,70,75,12:00,49,0.714,10.06,493.0,-534.0,1.24,-9.8,34.4
short,200,前日反向,70,75,12:30,49,0.735,9.47,464.0,-344.0,1.22,-15.0,39.5
short,200,前日反向,70,75,13:00,49,0.755,2.86,140.0,-329.0,1.06,-22.6,34.0
short,200,前日反向,70,75,13:10,49,0.776,0.69,34.0,-404.0,1.01,-23.5,30.4
short,200,前日反向,70,75,13:20,49,0.714,2.8,137.0,-396.0,1.06,-17.8,28.1
short,200,前日反向,70,75,13:30,49,0.714,2.67,131.0,-495.0,1.05,-17.0,26.9
short,200,前日反向,70,75,13:44,49,0.714,10.73,526.0,-294.0,1.26,-16.0,43.6
short,200,前日反向,70,100,12:00,49,0.673,20.0,980.0,-534.0,1.47,-2.3,47.3
short,200,前日反向,70,100,12:30,49,0.673,18.86,924.0,-344.0,1.42,-8.5,52.4
short,200,前日反向,70,100,13:00,49,0.694,9.82,481.0,-329.0,1.18,-12.6,37.3
short,200,前日反向,70,100,13:10,49,0.714,5.1,250.0,-404.0,1.09,-16.8,32.0
short,200,前日反向,70,100,13:20,49,0.673,8.59,421.0,-396.0,1.15,-11.3,33.0
short,200,前日反向,70,100,13:30,49,0.653,8.0,392.0,-495.0,1.14,-7.0,26.4
short,200,前日反向,70,100,13:44,49,0.653,13.47,660.0,-318.0,1.27,-6.6,38.1
short,200,前日反向,70,150,12:00,49,0.633,23.24,1139.0,-534.0,1.43,-14.0,68.9
short,200,前日反向,70,150,12:30,49,0.612,24.22,1187.0,-455.0,1.44,-15.9,73.5
short,200,前日反向,70,150,13:00,49,0.612,12.35,605.0,-444.0,1.18,-25.3,58.6
short,200,前日反向,70,150,13:10,49,0.633,12.69,622.0,-404.0,1.19,-21.0,54.1
short,200,前日反向,70,150,13:20,49,0.592,17.29,847.0,-396.0,1.26,-16.4,58.7
short,200,前日反向,70,150,13:30,49,0.592,18.24,894.0,-495.0,1.28,-12.3,55.8
short,200,前日反向,70,150,13:44,49,0.571,20.49,1004.0,-318.0,1.33,-14.4,63.3
short,200,前日反向,70,200,12:00,49,0.592,32.12,1574.0,-534.0,1.58,-0.4,72.0
short,200,前日反向,70,200,12:30,49,0.571,30.84,1511.0,-455.0,1.49,-2.1,71.3
short,200,前日反向,70,200,13:00,49,0.571,18.53,908.0,-444.0,1.25,-10.0,53.5
short,200,前日反向,70,200,13:10,49,0.592,20.0,980.0,-404.0,1.26,-4.2,49.7
short,200,前日反向,70,200,13:20,49,0.551,26.2,1284.0,-396.0,1.36,1.4,56.6
short,200,前日反向,70,200,13:30,49,0.551,30.49,1494.0,-495.0,1.43,5.9,60.7
short,200,前日反向,70,200,13:44,49,0.531,31.31,1534.0,-318.0,1.45,5.6,62.8
short,200,前日反向,70,250,12:00,49,0.571,36.98,1812.0,-534.0,1.66,1.5,80.5
short,200,前日反向,70,250,12:30,49,0.571,43.71,2142.0,-455.0,1.7,8.2,87.3
short,200,前日反向,70,250,13:00,49,0.571,31.63,1550.0,-444.0,1.42,-1.8,72.7
short,200,前日反向,70,250,13:10,49,0.551,28.51,1397.0,-404.0,1.37,0.1,63.4
short,200,前日反向,70,250,13:20,49,0.531,33.71,1652.0,-396.0,1.45,6.1,67.6
short,200,前日反向,70,250,13:30,49,0.531,38.65,1894.0,-495.0,1.53,11.5,72.0
short,200,前日反向,70,250,13:44,49,0.49,38.0,1862.0,-318.0,1.51,13.0,68.6
short,200,前日反向,80,50,12:00,49,0.755,5.06,248.0,-314.0,1.16,-22.1,38.4
short,200,前日反向,80,50,12:30,49,0.776,0.37,18.0,-320.0,1.01,-27.7,34.8
short,200,前日反向,80,50,13:00,49,0.776,-6.49,-318.0,-329.0,0.85,-34.3,27.6
short,200,前日反向,80,50,13:10,49,0.776,-9.71,-476.0,-404.0,0.79,-36.4,23.0
short,200,前日反向,80,50,13:20,49,0.776,-3.84,-188.0,-292.0,0.91,-28.0,25.8
short,200,前日反向,80,50,13:30,49,0.776,-2.39,-117.0,-302.0,0.94,-28.0,29.0
short,200,前日反向,80,50,13:44,49,0.776,-1.16,-57.0,-294.0,0.97,-26.6,30.1
short,200,前日反向,80,75,12:00,49,0.673,4.57,224.0,-544.0,1.1,-14.5,28.0
short,200,前日反向,80,75,12:30,49,0.694,3.29,161.0,-354.0,1.07,-20.5,32.5
short,200,前日反向,80,75,13:00,49,0.714,-0.9,-44.0,-329.0,0.98,-28.3,32.7
short,200,前日反向,80,75,13:10,49,0.714,-4.88,-239.0,-404.0,0.91,-32.5,29.0
short,200,前日反向,80,75,13:20,49,0.694,-2.84,-139.0,-406.0,0.95,-26.9,26.7
short,200,前日反向,80,75,13:30,49,0.694,-1.04,-51.0,-505.0,0.98,-22.7,25.5
short,200,前日反向,80,75,13:44,49,0.694,6.69,328.0,-294.0,1.15,-22.3,42.2
short,200,前日反向,80,100,12:00,49,0.653,16.31,799.0,-544.0,1.37,-4.4,41.7
short,200,前日反向,80,100,12:30,49,0.653,13.78,675.0,-354.0,1.29,-10.6,43.7
short,200,前日反向,80,100,13:00,49,0.673,6.18,303.0,-329.0,1.11,-14.4,31.4
short,200,前日反向,80,100,13:10,49,0.653,0.43,21.0,-404.0,1.01,-18.6,23.8
short,200,前日反向,80,100,13:20,49,0.653,3.98,195.0,-406.0,1.07,-13.0,24.9
short,200,前日反向,80,100,13:30,49,0.653,4.27,209.0,-505.0,1.07,-8.8,20.3
short,200,前日反向,80,100,13:44,49,0.633,8.92,437.0,-328.0,1.17,-8.4,30.1
short,200,前日反向,80,150,12:00,49,0.592,20.43,1001.0,-544.0,1.37,-16.1,65.3
short,200,前日反向,80,150,12:30,49,0.612,21.41,1049.0,-455.0,1.37,-18.0,69.8
short,200,前日反向,80,150,13:00,49,0.592,9.53,467.0,-444.0,1.14,-27.5,55.0
short,200,前日反向,80,150,13:10,49,0.592,9.88,484.0,-404.0,1.14,-23.2,50.5
short,200,前日反向,80,150,13:20,49,0.592,14.67,719.0,-406.0,1.22,-18.2,55.0
short,200,前日反向,80,150,13:30,49,0.592,15.84,776.0,-505.0,1.24,-14.1,52.6
short,200,前日反向,80,150,13:44,49,0.571,18.08,886.0,-328.0,1.28,-16.1,60.1
short,200,前日反向,80,200,12:00,49,0.571,33.02,1618.0,-544.0,1.57,-2.5,76.6
short,200,前日反向,80,200,12:30,49,0.592,35.86,1757.0,-455.0,1.59,-4.3,85.1
short,200,前日反向,80,200,13:00,49,0.571,23.49,1151.0,-444.0,1.32,-12.1,67.2
short,200,前日反向,80,200,13:10,49,0.571,24.78,1214.0,-404.0,1.33,-6.4,63.0
short,200,前日反向,80,200,13:20,49,0.571,30.55,1497.0,-406.0,1.43,-0.7,69.0
short,200,前日反向,80,200,13:30,49,0.571,34.06,1669.0,-505.0,1.48,4.1,70.9
short,200,前日反向,80,200,13:44,49,0.551,36.69,1798.0,-328.0,1.55,3.9,77.0
short,200,前日反向,80,250,12:00,49,0.551,38.06,1865.0,-544.0,1.66,-1.8,87.0
short,200,前日反向,80,250,12:30,49,0.592,49.35,2418.0,-455.0,1.81,5.7,103.0
short,200,前日反向,80,250,13:00,49,0.571,37.2,1823.0,-444.0,1.5,-4.3,88.2
short,200,前日反向,80,250,13:10,49,0.531,33.9,1661.0,-404.0,1.44,-2.4,78.5
short,200,前日反向,80,250,13:20,49,0.531,38.67,1895.0,-406.0,1.52,3.6,81.7
short,200,前日反向,80,250,13:30,49,0.531,42.63,2089.0,-505.0,1.58,9.0,83.9
short,200,前日反向,80,250,13:44,49,0.51,43.8,2146.0,-328.0,1.59,10.5,84.6
short,200,前日反向,90,50,12:00,49,0.755,4.24,208.0,-314.0,1.13,-22.8,37.5
short,200,前日反向,90,50,12:30,49,0.776,-0.45,-22.0,-320.0,0.99,-28.4,33.9
short,200,前日反向,90,50,13:00,49,0.776,-7.31,-358.0,-329.0,0.84,-35.0,26.7
short,200,前日反向,90,50,13:10,49,0.776,-10.53,-516.0,-404.0,0.78,-37.1,22.1
short,200,前日反向,90,50,13:20,49,0.776,-4.65,-228.0,-292.0,0.89,-28.7,24.9
short,200,前日反向,90,50,13:30,49,0.776,-3.2,-157.0,-302.0,0.92,-28.7,28.1
short,200,前日反向,90,50,13:44,49,0.776,-1.98,-97.0,-294.0,0.95,-27.4,29.2
short,200,前日反向,90,75,12:00,49,0.673,2.98,146.0,-554.0,1.06,-15.9,26.2
short,200,前日反向,90,75,12:30,49,0.694,1.69,83.0,-364.0,1.04,-21.9,30.6
short,200,前日反向,90,75,13:00,49,0.714,-2.29,-112.0,-329.0,0.96,-29.7,31.3
short,200,前日反向,90,75,13:10,49,0.694,-6.27,-307.0,-404.0,0.89,-33.9,27.6
short,200,前日反向,90,75,13:20,49,0.694,-4.22,-207.0,-416.0,0.92,-28.3,25.4
short,200,前日反向,90,75,13:30,49,0.694,-2.43,-119.0,-515.0,0.95,-24.1,24.1
short,200,前日反向,90,75,13:44,49,0.694,5.31,260.0,-294.0,1.12,-23.7,40.9
short,200,前日反向,90,100,12:00,49,0.653,15.84,776.0,-554.0,1.34,-6.2,42.9
short,200,前日反向,90,100,12:30,49,0.653,13.02,638.0,-364.0,1.26,-12.4,44.2
short,200,前日反向,90,100,13:00,49,0.694,8.37,410.0,-329.0,1.15,-15.8,38.0
short,200,前日反向,90,100,13:10,49,0.653,1.63,80.0,-404.0,1.03,-20.0,28.2
short,200,前日反向,90,100,13:20,49,0.653,3.57,175.0,-416.0,1.06,-14.4,25.7
short,200,前日反向,90,100,13:30,49,0.673,5.06,248.0,-515.0,1.09,-10.2,23.8
short,200,前日反向,90,100,13:44,49,0.653,11.0,539.0,-338.0,1.21,-9.8,36.5
short,200,前日反向,90,150,12:00,49,0.592,19.78,969.0,-554.0,1.34,-17.9,66.0
short,200,前日反向,90,150,12:30,49,0.612,21.27,1042.0,-455.0,1.36,-19.8,71.7
short,200,前日反向,90,150,13:00,49,0.612,12.12,594.0,-444.0,1.18,-29.3,62.9
short,200,前日反向,90,150,13:10,49,0.571,11.49,563.0,-404.0,1.16,-25.0,56.2
short,200,前日反向,90,150,13:20,49,0.592,14.47,709.0,-416.0,1.21,-20.4,57.2
short,200,前日反向,90,150,13:30,49,0.612,17.45,855.0,-515.0,1.26,-15.5,57.9
short,200,前日反向,90,150,13:44,49,0.571,20.98,1028.0,-338.0,1.33,-17.6,68.3
short,200,前日反向,90,200,12:00,49,0.551,25.29,1239.0,-554.0,1.42,-12.9,72.1
short,200,前日反向,90,200,12:30,49,0.592,30.78,1508.0,-455.0,1.49,-10.2,81.0
short,200,前日反向,90,200,13:00,49,0.551,16.61,814.0,-444.0,1.22,-21.3,63.1
short,200,前日反向,90,200,13:10,49,0.51,17.47,856.0,-404.0,1.23,-16.3,58.9
short,200,前日反向,90,200,13:20,49,0.551,23.45,1149.0,-416.0,1.32,-10.3,64.9
short,200,前日反向,90,200,13:30,49,0.551,27.24,1335.0,-515.0,1.38,-5.3,67.2
short,200,前日反向,90,200,13:44,49,0.51,29.18,1430.0,-338.0,1.41,-6.8,73.4
short,200,前日反向,90,250,12:00,49,0.531,29.33,1437.0,-554.0,1.48,-13.6,82.0
short,200,前日反向,90,250,12:30,49,0.592,41.73,2045.0,-455.0,1.66,-4.4,98.4
short,200,前日反向,90,250,13:00,49,0.551,31.43,1540.0,-444.0,1.41,-11.1,83.6
short,200,前日反向,90,250,13:10,49,0.49,27.0,1323.0,-404.0,1.34,-11.3,74.0
short,200,前日反向,90,250,13:20,49,0.531,30.61,1500.0,-416.0,1.4,-7.3,77.2
short,200,前日反向,90,250,13:30,49,0.51,33.96,1664.0,-515.0,1.44,-3.4,79.8
short,200,前日反向,90,250,13:44,49,0.469,34.35,1683.0,-338.0,1.44,-3.3,80.5
short,200,前日反向,100,50,12:00,50,0.74,-7.9,-395.0,-564.0,0.82,-24.0,12.6
short,200,前日反向,100,50,12:30,50,0.76,-6.16,-308.0,-374.0,0.85,-30.2,24.4
short,200,前日反向,100,50,13:00,50,0.76,-10.06,-503.0,-336.0,0.78,-36.8,23.9
short,200,前日反向,100,50,13:10,50,0.76,-14.74,-737.0,-404.0,0.71,-41.9,19.9
short,200,前日反向,100,50,13:20,50,0.76,-11.1,-555.0,-426.0,0.77,-33.9,18.0
short,200,前日反向,100,50,13:30,50,0.76,-9.9,-495.0,-525.0,0.79,-30.6,16.5
short,200,前日反向,100,50,13:44,50,0.76,-2.04,-102.0,-294.0,0.95,-29.9,33.4
short,200,前日反向,100,75,12:00,50,0.68,1.9,95.0,-564.0,1.04,-17.3,26.3
short,200,前日反向,100,75,12:30,50,0.68,2.08,104.0,-374.0,1.04,-23.3,34.4
short,200,前日反向,100,75,13:00,50,0.7,-0.6,-30.0,-336.0,0.99,-27.1,33.1
short,200,前日反向,100,75,13:10,50,0.68,-7.36,-368.0,-404.0,0.87,-31.1,22.9
short,200,前日反向,100,75,13:20,50,0.68,-5.3,-265.0,-426.0,0.9,-25.8,20.8
short,200,前日反向,100,75,13:30,50,0.68,-3.96,-198.0,-525.0,0.93,-21.7,18.6
short,200,前日反向,100,75,13:44,50,0.68,1.94,97.0,-348.0,1.04,-21.3,31.5
short,200,前日反向,100,100,12:00,50,0.68,18.4,920.0,-564.0,1.4,-3.9,46.8
short,200,前日反向,100,100,12:30,50,0.68,18.58,929.0,-374.0,1.4,-9.9,54.8
short,200,前日反向,100,100,13:00,50,0.7,14.82,741.0,-336.0,1.29,-15.6,53.5
short,200,前日反向,100,100,13:10,50,0.68,9.64,482.0,-404.0,1.17,-16.9,43.4
short,200,前日反向,100,100,13:20,50,0.68,11.7,585.0,-426.0,1.21,-11.5,41.2
short,200,前日反向,100,100,13:30,50,0.68,13.04,652.0,-525.0,1.24,-7.4,39.0
short,200,前日反向,100,100,13:44,50,0.68,18.94,947.0,-348.0,1.4,-7.0,52.0
short,200,前日反向,100,150,12:00,50,0.58,18.22,911.0,-564.0,1.3,-13.4,58.5
short,200,前日反向,100,150,12:30,50,0.6,21.6,1080.0,-455.0,1.36,-15.2,68.5
short,200,前日反向,100,150,13:00,50,0.6,13.48,674.0,-444.0,1.2,-24.4,61.6
short,200,前日反向,100,150,13:10,50,0.58,12.82,641.0,-404.0,1.18,-20.2,54.9
short,200,前日反向,100,150,13:20,50,0.6,16.5,825.0,-426.0,1.24,-15.8,57.6
short,200,前日反向,100,150,13:30,50,0.6,20.62,1031.0,-525.0,1.31,-10.8,60.5
short,200,前日反向,100,150,13:44,50,0.58,23.56,1178.0,-348.0,1.38,-12.7,69.7
short,200,前日反向,100,200,12:00,50,0.56,30.46,1523.0,-564.0,1.5,-7.1,78.3
short,200,前日反向,100,200,12:30,50,0.6,38.98,1949.0,-455.0,1.65,-4.5,94.4
short,200,前日反向,100,200,13:00,50,0.56,27.28,1364.0,-444.0,1.38,-15.2,81.4
short,200,前日反向,100,200,13:10,50,0.54,27.96,1398.0,-404.0,1.39,-10.4,76.8
short,200,前日反向,100,200,13:20,50,0.58,33.98,1699.0,-426.0,1.5,-4.6,83.1
short,200,前日反向,100,200,13:30,50,0.56,37.1,1855.0,-525.0,1.55,-1.1,85.7
short,200,前日反向,100,200,13:44,50,0.54,38.96,1948.0,-348.0,1.59,-2.7,92.0
short,200,前日反向,100,250,12:00,50,0.54,31.82,1591.0,-564.0,1.52,-13.9,90.0
short,200,前日反向,100,250,12:30,50,0.58,46.16,2308.0,-455.0,1.77,-6.8,113.5
short,200,前日反向,100,250,13:00,50,0.54,37.22,1861.0,-444.0,1.52,-15.0,103.7
short,200,前日反向,100,250,13:10,50,0.5,33.4,1670.0,-404.0,1.45,-14.0,93.7
short,200,前日反向,100,250,13:20,50,0.54,37.04,1852.0,-426.0,1.51,-10.3,97.3
short,200,前日反向,100,250,13:30,50,0.5,38.28,1914.0,-525.0,1.51,-10.3,100.1
short,200,前日反向,100,250,13:44,50,0.48,34.94,1747.0,-348.0,1.44,-17.0,101.0
short,200,前日反向,110,50,12:00,51,0.725,-10.06,-513.0,-574.0,0.78,-22.6,6.5
short,200,前日反向,110,50,12:30,51,0.745,-8.63,-440.0,-384.0,0.8,-28.5,17.6
short,200,前日反向,110,50,13:00,51,0.765,-9.9,-505.0,-346.0,0.79,-34.9,23.0
short,200,前日反向,110,50,13:10,51,0.765,-14.49,-739.0,-404.0,0.72,-39.9,19.0
short,200,前日反向,110,50,13:20,51,0.765,-10.92,-557.0,-436.0,0.77,-32.1,17.0
short,200,前日反向,110,50,13:30,51,0.765,-9.75,-497.0,-535.0,0.79,-28.9,15.5
short,200,前日反向,110,50,13:44,51,0.765,-2.04,-104.0,-294.0,0.95,-28.2,32.5
short,200,前日反向,110,75,12:00,51,0.667,1.73,88.0,-574.0,1.04,-15.6,24.5
short,200,前日反向,110,75,12:30,51,0.686,1.9,97.0,-384.0,1.04,-21.3,32.5
short,200,前日反向,110,75,13:00,51,0.706,-0.53,-27.0,-346.0,0.99,-24.7,31.3
short,200,前日反向,110,75,13:10,51,0.686,-7.16,-365.0,-404.0,0.88,-28.6,21.1
short,200,前日反向,110,75,13:20,51,0.686,-5.14,-262.0,-436.0,0.91,-23.4,19.0
short,200,前日反向,110,75,13:30,51,0.686,-3.82,-195.0,-535.0,0.93,-19.4,16.8
short,200,前日反向,110,75,13:44,51,0.686,1.96,100.0,-358.0,1.04,-19.1,29.7
short,200,前日反向,110,100,12:00,51,0.647,16.2,826.0,-574.0,1.34,-1.8,39.9
short,200,前日反向,110,100,12:30,51,0.667,16.35,834.0,-384.0,1.34,-7.6,47.9
short,200,前日反向,110,100,13:00,51,0.686,11.39,581.0,-346.0,1.22,-13.1,43.6
short,200,前日反向,110,100,13:10,51,0.686,9.04,461.0,-404.0,1.16,-13.9,39.3
short,200,前日反向,110,100,13:20,51,0.686,12.02,613.0,-436.0,1.22,-8.8,39.4
short,200,前日反向,110,100,13:30,51,0.686,13.33,680.0,-535.0,1.25,-4.8,37.2
short,200,前日反向,110,100,13:44,51,0.686,19.12,975.0,-358.0,1.4,-4.4,50.1
short,200,前日反向,110,150,12:00,51,0.569,18.59,948.0,-574.0,1.31,-9.2,55.2
short,200,前日反向,110,150,12:30,51,0.608,22.1,1127.0,-455.0,1.36,-11.0,65.7
short,200,前日反向,110,150,13:00,51,0.608,14.14,721.0,-444.0,1.21,-19.8,58.9
short,200,前日反向,110,150,13:10,51,0.588,13.49,688.0,-404.0,1.19,-15.8,52.1
short,200,前日反向,110,150,13:20,51,0.608,17.1,872.0,-436.0,1.25,-11.5,54.8
short,200,前日反向,110,150,13:30,51,0.608,21.53,1098.0,-535.0,1.32,-6.3,58.2
short,200,前日反向,110,150,13:44,51,0.588,24.41,1245.0,-358.0,1.39,-8.2,67.4
short,200,前日反向,110,200,12:00,51,0.529,31.18,1590.0,-574.0,1.51,-1.8,74.6
short,200,前日反向,110,200,12:30,51,0.608,39.73,2026.0,-455.0,1.65,0.7,91.1
short,200,前日反向,110,200,13:00,51,0.569,28.25,1441.0,-444.0,1.39,-9.6,78.2
short,200,前日反向,110,200,13:10,51,0.549,28.92,1475.0,-404.0,1.4,-5.0,73.6
short,200,前日反向,110,200,13:20,51,0.569,34.82,1776.0,-436.0,1.5,0.6,79.9
short,200,前日反向,110,200,13:30,51,0.569,38.08,1942.0,-535.0,1.56,4.1,82.9
short,200,前日反向,110,200,13:44,51,0.549,39.9,2035.0,-358.0,1.6,2.5,89.2
short,200,前日反向,110,250,12:00,51,0.51,33.1,1688.0,-574.0,1.53,-6.9,85.9
short,200,前日反向,110,250,12:30,51,0.588,47.35,2415.0,-455.0,1.77,-0.1,109.9
short,200,前日反向,110,250,13:00,51,0.549,38.59,1968.0,-444.0,1.53,-8.0,100.0
short,200,前日反向,110,250,13:10,51,0.51,34.84,1777.0,-404.0,1.46,-7.0,90.0
short,200,前日反向,110,250,13:20,51,0.529,38.41,1959.0,-436.0,1.53,-3.4,93.6
short,200,前日反向,110,250,13:30,51,0.51,38.84,1981.0,-535.0,1.51,-3.4,94.6
short,200,前日反向,110,250,13:44,51,0.49,36.55,1864.0,-358.0,1.45,-9.9,97.8
short,200,前日反向,120,50,12:00,51,0.745,1.51,77.0,-314.0,1.04,-23.2,34.0
short,200,前日反向,120,50,12:30,51,0.765,-0.53,-27.0,-320.0,0.99,-28.7,36.5
short,200,前日反向,120,50,13:00,51,0.804,-0.39,-20.0,-329.0,0.99,-31.4,40.5
short,200,前日反向,120,50,13:10,51,0.804,-3.65,-186.0,-404.0,0.91,-33.3,35.5
short,200,前日反向,120,50,13:20,51,0.804,2.16,110.0,-292.0,1.06,-25.5,38.6
short,200,前日反向,120,50,13:30,51,0.804,3.43,175.0,-302.0,1.1,-25.5,41.6
short,200,前日反向,120,50,13:44,51,0.804,4.69,239.0,-294.0,1.14,-24.2,42.8
short,200,前日反向,120,75,12:00,51,0.667,0.25,13.0,-584.0,1.01,-16.9,22.9
short,200,前日反向,120,75,12:30,51,0.686,0.43,22.0,-394.0,1.01,-22.7,31.0
short,200,前日反向,120,75,13:00,51,0.706,-1.8,-92.0,-356.0,0.97,-25.7,29.7
short,200,前日反向,120,75,13:10,51,0.686,-8.43,-430.0,-404.0,0.86,-29.6,19.5
short,200,前日反向,120,75,13:20,51,0.686,-6.41,-327.0,-446.0,0.89,-24.4,17.4
short,200,前日反向,120,75,13:30,51,0.686,-5.1,-260.0,-545.0,0.91,-20.5,15.2
short,200,前日反向,120,75,13:44,51,0.686,0.69,35.0,-363.0,1.01,-20.1,28.1
short,200,前日反向,120,100,12:00,51,0.647,14.53,741.0,-584.0,1.3,-3.1,37.8
short,200,前日反向,120,100,12:30,51,0.667,14.69,749.0,-394.0,1.3,-8.9,45.8
short,200,前日反向,120,100,13:00,51,0.667,9.73,496.0,-356.0,1.18,-14.4,41.6
short,200,前日反向,120,100,13:10,51,0.686,7.49,382.0,-404.0,1.13,-15.1,37.3
short,200,前日反向,120,100,13:20,51,0.686,10.22,521.0,-446.0,1.18,-9.8,36.6
short,200,前日反向,120,100,13:30,51,0.686,12.06,615.0,-545.0,1.22,-5.8,35.6
short,200,前日反向,120,100,13:44,51,0.686,17.84,910.0,-363.0,1.36,-5.4,48.5
short,200,前日反向,120,150,12:00,51,0.569,16.53,843.0,-584.0,1.26,-10.6,52.3
short,200,前日反向,120,150,12:30,51,0.608,20.24,1032.0,-455.0,1.32,-12.4,63.2
short,200,前日反向,120,150,13:00,51,0.588,12.27,626.0,-444.0,1.17,-21.2,56.4
short,200,前日反向,120,150,13:10,51,0.588,11.63,593.0,-404.0,1.16,-17.2,49.6
short,200,前日反向,120,150,13:20,51,0.608,15.24,777.0,-446.0,1.22,-12.9,52.3
short,200,前日反向,120,150,13:30,51,0.608,20.06,1023.0,-545.0,1.3,-7.3,56.2
short,200,前日反向,120,150,13:44,51,0.588,22.94,1170.0,-363.0,1.36,-9.2,65.4
short,200,前日反向,120,200,12:00,51,0.529,21.69,1106.0,-584.0,1.34,-9.8,63.2
short,200,前日反向,120,200,12:30,51,0.588,32.1,1637.0,-455.0,1.51,-9.0,86.3
short,200,前日反向,120,200,13:00,51,0.529,17.12,873.0,-444.0,1.23,-21.1,67.5
short,200,前日反向,120,200,13:10,51,0.51,16.1,821.0,-404.0,1.21,-15.3,57.5
short,200,前日反向,120,200,13:20,51,0.529,20.76,1059.0,-446.0,1.28,-9.8,61.0
short,200,前日反向,120,200,13:30,51,0.529,21.27,1085.0,-545.0,1.28,-10.0,62.5
short,200,前日反向,120,200,13:44,51,0.51,17.04,869.0,-363.0,1.21,-18.1,63.4
short,200,前日反向,120,250,12:00,51,0.51,27.75,1415.0,-584.0,1.43,-9.3,76.6
short,200,前日反向,120,250,12:30,51,0.588,40.31,2056.0,-455.0,1.64,-5.0,100.0
short,200,前日反向,120,250,13:00,51,0.529,30.59,1560.0,-444.0,1.41,-15.0,90.7
short,200,前日反向,120,250,13:10,51,0.51,26.43,1348.0,-404.0,1.34,-13.6,79.1
short,200,前日反向,120,250,13:20,51,0.529,29.47,1503.0,-446.0,1.39,-9.4,80.7
short,200,前日反向,120,250,13:30,51,0.51,30.92,1577.0,-545.0,1.4,-8.3,82.7
short,200,前日反向,120,250,13:44,51,0.49,27.53,1404.0,-363.0,1.33,-15.9,84.7
short,200,前日反向,130,50,12:00,52,0.75,3.25,169.0,-314.0,1.1,-25.5,42.5
short,200,前日反向,130,50,12:30,52,0.769,-0.46,-24.0,-320.0,0.99,-31.5,41.9
short,200,前日反向,130,50,13:00,52,0.808,0.63,33.0,-329.0,1.02,-34.1,48.0
short,200,前日反向,130,50,13:10,52,0.808,-2.15,-112.0,-404.0,0.95,-38.9,48.0
short,200,前日反向,130,50,13:20,52,0.808,2.15,112.0,-292.0,1.06,-31.5,48.0
short,200,前日反向,130,50,13:30,52,0.808,3.94,205.0,-302.0,1.11,-28.4,48.0
short,200,前日反向,130,50,13:44,52,0.808,4.35,226.0,-294.0,1.13,-27.7,48.0
short,200,前日反向,130,75,12:00,52,0.692,4.44,231.0,-594.0,1.1,-15.2,31.2
short,200,前日反向,130,75,12:30,52,0.712,4.58,238.0,-404.0,1.1,-20.8,39.1
short,200,前日反向,130,75,13:00,52,0.712,-0.52,-27.0,-366.0,0.99,-26.1,34.4
short,200,前日反向,130,75,13:10,52,0.731,0.12,6.0,-404.0,1.0,-27.2,37.4
short,200,前日反向,130,75,13:20,52,0.731,1.56,81.0,-456.0,1.03,-22.2,34.0
short,200,前日反向,130,75,13:30,52,0.731,0.75,39.0,-555.0,1.01,-18.4,26.8
short,200,前日反向,130,75,13:44,52,0.731,6.67,347.0,-363.0,1.14,-18.0,40.3
short,200,前日反向,130,100,12:00,52,0.692,21.75,1131.0,-594.0,1.47,-1.0,52.8
short,200,前日反向,130,100,12:30,52,0.712,21.88,1138.0,-404.0,1.47,-6.6,60.7
short,200,前日反向,130,100,13:00,52,0.712,16.79,873.0,-366.0,1.33,-11.9,56.0
short,200,前日反向,130,100,13:10,52,0.731,17.69,920.0,-404.0,1.34,-12.6,59.0
short,200,前日反向,130,100,13:20,52,0.731,19.12,994.0,-456.0,1.37,-7.2,55.0
short,200,前日反向,130,100,13:30,52,0.731,19.02,989.0,-555.0,1.36,-3.4,49.5
short,200,前日反向,130,100,13:44,52,0.731,24.94,1297.0,-363.0,1.53,-3.0,63.0
short,200,前日反向,130,150,12:00,52,0.596,20.52,1067.0,-594.0,1.33,-6.5,57.4
short,200,前日反向,130,150,12:30,52,0.635,25.65,1334.0,-455.0,1.42,-8.3,71.9
short,200,前日反向,130,150,13:00,52,0.615,16.67,867.0,-444.0,1.24,-16.8,62.3
short,200,前日反向,130,150,13:10,52,0.615,17.02,885.0,-404.0,1.24,-12.9,57.8
short,200,前日反向,130,150,13:20,52,0.635,20.5,1066.0,-456.0,1.3,-8.8,60.4
short,200,前日反向,130,150,13:30,52,0.635,24.73,1286.0,-555.0,1.37,-3.2,62.8
short,200,前日反向,130,150,13:44,52,0.615,28.33,1473.0,-363.0,1.45,-5.0,73.8
short,200,前日反向,130,200,12:00,52,0.538,22.63,1177.0,-594.0,1.35,-4.8,60.0
short,200,前日反向,130,200,12:30,52,0.596,33.04,1718.0,-455.0,1.52,-4.0,83.5
short,200,前日反向,130,200,13:00,52,0.538,18.35,954.0,-444.0,1.24,-15.7,64.8
short,200,前日反向,130,200,13:10,52,0.519,17.35,902.0,-404.0,1.22,-10.1,54.7
short,200,前日反向,130,200,13:20,52,0.538,21.92,1140.0,-456.0,1.29,-4.8,58.3
short,200,前日反向,130,200,13:30,52,0.538,22.62,1176.0,-555.0,1.29,-5.0,60.2
short,200,前日反向,130,200,13:44,52,0.519,18.46,960.0,-363.0,1.23,-12.8,61.1
short,200,前日反向,130,250,12:00,52,0.519,29.37,1527.0,-594.0,1.45,-3.0,73.5
short,200,前日反向,130,250,12:30,52,0.596,41.88,2178.0,-455.0,1.66,1.2,97.3
short,200,前日反向,130,250,13:00,52,0.538,32.35,1682.0,-444.0,1.43,-8.5,88.0
short,200,前日反向,130,250,13:10,52,0.519,28.27,1470.0,-404.0,1.36,-7.0,76.4
short,200,前日反向,130,250,13:20,52,0.538,31.25,1625.0,-456.0,1.41,-3.0,78.0
short,200,前日反向,130,250,13:30,52,0.519,32.67,1699.0,-555.0,1.42,-2.0,80.0
short,200,前日反向,130,250,13:44,52,0.5,29.54,1536.0,-363.0,1.36,-9.3,82.5
short,200,前日反向,140,50,12:00,52,0.75,-6.85,-356.0,-604.0,0.84,-21.3,12.9
short,200,前日反向,140,50,12:30,52,0.769,-6.48,-337.0,-414.0,0.85,-26.5,20.9
short,200,前日反向,140,50,13:00,52,0.808,-5.92,-308.0,-376.0,0.87,-31.3,28.7
short,200,前日反向,140,50,13:10,52,0.808,-8.25,-429.0,-404.0,0.82,-36.1,29.7
short,200,前日反向,140,50,13:20,52,0.808,-5.4,-281.0,-466.0,0.88,-27.4,24.6
short,200,前日反向,140,50,13:30,52,0.808,-5.31,-276.0,-565.0,0.88,-24.0,20.1
short,200,前日反向,140,50,13:44,52,0.808,2.12,110.0,-294.0,1.06,-22.6,35.8
short,200,前日反向,140,75,12:00,52,0.692,3.48,181.0,-604.0,1.07,-16.2,30.3
short,200,前日反向,140,75,12:30,52,0.712,3.62,188.0,-414.0,1.08,-21.8,38.2
short,200,前日反向,140,75,13:00,52,0.712,-1.48,-77.0,-376.0,0.97,-27.1,33.5
short,200,前日反向,140,75,13:10,52,0.731,-0.85,-44.0,-404.0,0.98,-28.2,36.5
short,200,前日反向,140,75,13:20,52,0.731,0.37,19.0,-466.0,1.01,-23.2,32.5
short,200,前日反向,140,75,13:30,52,0.731,-0.02,-1.0,-565.0,1.0,-19.4,26.4
short,200,前日反向,140,75,13:44,52,0.731,5.9,307.0,-363.0,1.12,-19.0,39.9
short,200,前日反向,140,100,12:00,52,0.692,20.04,1042.0,-604.0,1.43,-2.0,50.1
short,200,前日反向,140,100,12:30,52,0.712,20.92,1088.0,-414.0,1.44,-7.6,59.8
short,200,前日反向,140,100,13:00,52,0.712,15.83,823.0,-376.0,1.3,-12.9,55.0
short,200,前日反向,140,100,13:10,52,0.731,16.73,870.0,-404.0,1.31,-13.6,58.0
short,200,前日反向,140,100,13:20,52,0.731,18.15,944.0,-466.0,1.35,-8.2,54.1
short,200,前日反向,140,100,13:30,52,0.731,18.25,949.0,-565.0,1.34,-4.4,49.1
short,200,前日反向,140,100,13:44,52,0.731,24.17,1257.0,-363.0,1.51,-4.0,62.6
short,200,前日反向,140,150,12:00,52,0.596,18.98,987.0,-604.0,1.3,-7.5,55.1
short,200,前日反向,140,150,12:30,52,0.635,24.31,1264.0,-455.0,1.39,-9.3,70.1
short,200,前日反向,140,150,13:00,52,0.615,15.33,797.0,-444.0,1.21,-17.8,60.5
short,200,前日反向,140,150,13:10,52,0.615,15.67,815.0,-404.0,1.22,-13.9,56.0
short,200,前日反向,140,150,13:20,52,0.635,19.15,996.0,-466.0,1.28,-9.8,58.6
short,200,前日反向,140,150,13:30,52,0.635,23.58,1226.0,-565.0,1.35,-4.2,61.4
short,200,前日反向,140,150,13:44,52,0.615,27.17,1413.0,-363.0,1.43,-6.0,72.4
short,200,前日反向,140,200,12:00,52,0.5,20.48,1065.0,-604.0,1.31,-6.2,56.9
short,200,前日反向,140,200,12:30,52,0.596,31.08,1616.0,-455.0,1.47,-5.4,80.8
short,200,前日反向,140,200,13:00,52,0.519,16.38,852.0,-444.0,1.21,-17.1,62.0
short,200,前日反向,140,200,13:10,52,0.519,15.38,800.0,-404.0,1.19,-11.5,52.0
short,200,前日反向,140,200,13:20,52,0.538,19.96,1038.0,-466.0,1.26,-6.2,55.6
short,200,前日反向,140,200,13:30,52,0.538,20.85,1084.0,-565.0,1.26,-6.4,58.0
short,200,前日反向,140,200,13:44,52,0.519,16.69,868.0,-370.0,1.2,-14.2,58.9
short,200,前日反向,140,250,12:00,52,0.481,27.21,1415.0,-604.0,1.41,-4.4,70.3
short,200,前日反向,140,250,12:30,52,0.596,39.92,2076.0,-455.0,1.61,-0.2,94.6
short,200,前日反向,140,250,13:00,52,0.519,30.38,1580.0,-444.0,1.39,-9.9,85.3
short,200,前日反向,140,250,13:10,52,0.519,26.31,1368.0,-404.0,1.33,-8.4,73.7
short,200,前日反向,140,250,13:20,52,0.538,29.29,1523.0,-466.0,1.38,-4.4,75.2
short,200,前日反向,140,250,13:30,52,0.519,30.71,1597.0,-565.0,1.38,-3.4,77.2
short,200,前日反向,140,250,13:44,52,0.5,25.6,1331.0,-370.0,1.3,-10.7,75.0
short,200,前日反向,150,50,12:00,53,0.774,-3.83,-203.0,-614.0,0.91,-17.5,14.0
short,200,前日反向,150,50,12:30,53,0.792,-3.09,-164.0,-424.0,0.92,-22.0,21.6
short,200,前日反向,150,50,13:00,53,0.83,-2.43,-129.0,-386.0,0.94,-26.6,29.1
short,200,前日反向,150,50,13:10,53,0.83,-3.04,-161.0,-404.0,0.93,-28.4,30.0
short,200,前日反向,150,50,13:20,53,0.83,-0.19,-10.0,-476.0,1.0,-19.7,25.2
short,200,前日反向,150,50,13:30,53,0.83,-1.87,-99.0,-575.0,0.96,-19.3,20.9
short,200,前日反向,150,50,13:44,53,0.83,5.72,303.0,-294.0,1.17,-17.4,35.9
short,200,前日反向,150,75,12:00,53,0.698,3.85,204.0,-614.0,1.08,-17.2,31.3
short,200,前日反向,150,75,12:30,53,0.717,3.98,211.0,-424.0,1.08,-22.8,38.9
short,200,前日反向,150,75,13:00,53,0.717,-1.02,-54.0,-386.0,0.98,-28.1,34.3
short,200,前日反向,150,75,13:10,53,0.736,-0.4,-21.0,-404.0,0.99,-29.2,37.2
short,200,前日反向,150,75,13:20,53,0.736,0.79,42.0,-476.0,1.02,-24.2,33.4
short,200,前日反向,150,75,13:30,53,0.736,0.6,32.0,-575.0,1.01,-20.4,28.0
short,200,前日反向,150,75,13:44,53,0.736,6.42,340.0,-363.0,1.14,-20.0,40.9
short,200,前日反向,150,100,12:00,53,0.679,15.25,808.0,-614.0,1.3,-3.0,39.0
short,200,前日反向,150,100,12:30,53,0.698,15.15,803.0,-424.0,1.29,-8.6,46.1
short,200,前日反向,150,100,13:00,53,0.698,8.89,471.0,-386.0,1.15,-13.9,38.7
short,200,前日反向,150,100,13:10,53,0.717,9.89,524.0,-404.0,1.17,-14.6,41.8
short,200,前日反向,150,100,13:20,53,0.717,11.85,628.0,-476.0,1.21,-9.2,39.3
short,200,前日反向,150,100,13:30,53,0.717,13.0,689.0,-575.0,1.23,-5.4,37.0
short,200,前日反向,150,100,13:44,53,0.717,18.25,967.0,-363.0,1.35,-5.0,48.6
short,200,前日反向,150,150,12:00,53,0.585,16.26,862.0,-614.0,1.25,-8.5,48.6
short,200,前日反向,150,150,12:30,53,0.623,20.4,1081.0,-455.0,1.31,-10.3,60.4
short,200,前日反向,150,150,13:00,53,0.604,12.74,675.0,-444.0,1.18,-18.8,53.8
short,200,前日反向,150,150,13:10,53,0.604,12.11,642.0,-404.0,1.16,-14.9,47.3
short,200,前日反向,150,150,13:20,53,0.623,15.58,826.0,-476.0,1.22,-10.8,50.0
short,200,前日反向,150,150,13:30,53,0.623,20.92,1109.0,-575.0,1.3,-5.2,55.0
short,200,前日反向,150,150,13:44,53,0.604,23.7,1256.0,-363.0,1.36,-7.0,63.7
short,200,前日反向,150,200,12:00,53,0.509,21.75,1153.0,-614.0,1.33,-7.5,60.0
short,200,前日反向,150,200,12:30,53,0.604,32.34,1714.0,-455.0,1.49,-6.7,83.3
short,200,前日反向,150,200,13:00,53,0.528,17.92,950.0,-444.0,1.23,-18.4,65.3
short,200,前日反向,150,200,13:10,53,0.528,16.94,898.0,-404.0,1.21,-12.8,55.7
short,200,前日反向,150,200,13:20,53,0.547,21.43,1136.0,-476.0,1.28,-7.5,59.2
short,200,前日反向,150,200,13:30,53,0.547,22.49,1192.0,-575.0,1.28,-7.7,61.9
short,200,前日反向,150,200,13:44,53,0.528,18.42,976.0,-380.0,1.22,-15.6,62.7
short,200,前日反向,150,250,12:00,53,0.472,22.96,1217.0,-614.0,1.33,-5.7,60.3
short,200,前日反向,150,250,12:30,53,0.585,32.85,1741.0,-455.0,1.47,-1.5,77.7
short,200,前日反向,150,250,13:00,53,0.509,21.43,1136.0,-444.0,1.25,-11.2,64.0
short,200,前日反向,150,250,13:10,53,0.509,17.58,932.0,-404.0,1.2,-9.8,53.3
short,200,前日反向,150,250,13:20,53,0.528,20.36,1079.0,-476.0,1.24,-5.7,54.4
short,200,前日反向,150,250,13:30,53,0.509,21.87,1159.0,-575.0,1.25,-4.7,56.6
short,200,前日反向,150,250,13:44,53,0.491,16.77,889.0,-380.0,1.18,-12.0,54.3
short,300,無,10,50,12:00,54,0.833,16.78,906.0,-474.0,1.72,1.0,28.5
short,300,無,10,50,12:30,54,0.852,19.3,1042.0,-288.0,1.89,1.3,32.7
short,300,無,10,50,13:00,54,0.87,21.35,1153.0,-297.0,2.07,7.3,31.7
short,300,無,10,50,13:10,54,0.852,18.41,994.0,-372.0,1.82,-0.7,32.6
short,300,無,10,50,13:20,54,0.852,22.15,1196.0,-336.0,2.18,11.6,30.0
short,300,無,10,50,13:30,54,0.852,19.44,1050.0,-435.0,1.91,7.5,28.3
short,300,無,10,50,13:44,54,0.87,25.72,1389.0,-262.0,2.6,2.6,42.9
short,300,無,10,75,12:00,54,0.741,9.02,487.0,-474.0,1.2,11.5,7.2
short,300,無,10,75,12:30,54,0.759,7.3,394.0,-529.0,1.15,14.0,2.3
short,300,無,10,75,13:00,54,0.778,5.69,307.0,-514.0,1.11,17.3,-3.0
short,300,無,10,75,13:10,54,0.759,0.65,35.0,-532.0,1.01,6.5,-3.7
short,300,無,10,75,13:20,54,0.759,8.87,479.0,-500.0,1.19,21.0,-0.1
short,300,無,10,75,13:30,54,0.759,6.72,363.0,-506.0,1.14,16.2,-0.3
short,300,無,10,75,13:44,54,0.778,10.19,550.0,-505.0,1.22,10.2,10.2
short,300,無,10,100,12:00,54,0.722,23.41,1264.0,-474.0,1.52,19.2,26.5
short,300,無,10,100,12:30,54,0.759,24.78,1338.0,-529.0,1.51,27.9,22.5
short,300,無,10,100,13:00,54,0.759,20.78,1122.0,-514.0,1.4,25.6,17.2
short,300,無,10,100,13:10,54,0.741,14.33,774.0,-532.0,1.25,11.5,16.5
short,300,無,10,100,13:20,54,0.741,22.76,1229.0,-500.0,1.46,26.4,20.0
short,300,無,10,100,13:30,54,0.741,20.76,1121.0,-506.0,1.4,22.0,19.9
short,300,無,10,100,13:44,54,0.741,22.22,1200.0,-505.0,1.44,18.4,25.1
short,300,無,10,150,12:00,54,0.593,10.63,574.0,-474.0,1.16,2.7,16.5
short,300,無,10,150,12:30,54,0.648,20.43,1103.0,-529.0,1.32,16.7,23.2
short,300,無,10,150,13:00,54,0.63,15.2,821.0,-514.0,1.21,16.4,14.3
short,300,無,10,150,13:10,54,0.593,3.3,178.0,-532.0,1.04,3.0,3.5
short,300,無,10,150,13:20,54,0.593,14.81,800.0,-500.0,1.21,15.0,14.6
short,300,無,10,150,13:30,54,0.648,23.26,1256.0,-506.0,1.36,15.2,29.2
short,300,無,10,150,13:44,54,0.667,28.22,1524.0,-505.0,1.46,13.8,38.9
short,300,無,10,200,12:00,54,0.593,27.35,1477.0,-474.0,1.42,20.0,32.8
short,300,無,10,200,12:30,54,0.648,38.06,2055.0,-529.0,1.59,33.3,41.6
short,300,無,10,200,13:00,54,0.593,23.31,1259.0,-514.0,1.31,28.7,19.3
short,300,無,10,200,13:10,54,0.574,13.13,709.0,-532.0,1.15,20.2,7.9
short,300,無,10,200,13:20,54,0.556,26.41,1426.0,-500.0,1.35,32.3,22.1
short,300,無,10,200,13:30,54,0.63,34.02,1837.0,-506.0,1.5,30.8,36.4
short,300,無,10,200,13:44,54,0.611,36.57,1975.0,-505.0,1.55,29.1,42.1
short,300,無,10,250,12:00,54,0.556,20.11,1086.0,-474.0,1.29,18.8,21.1
short,300,無,10,250,12:30,54,0.593,23.96,1294.0,-529.0,1.33,28.7,20.4
short,300,無,10,250,13:00,54,0.537,12.06,651.0,-514.0,1.14,29.7,-1.0
short,300,無,10,250,13:10,54,0.519,-2.2,-119.0,-532.0,0.98,17.7,-17.0
short,300,無,10,250,13:20,54,0.5,16.54,893.0,-500.0,1.19,34.9,2.9
short,300,無,10,250,13:30,54,0.556,20.87,1127.0,-506.0,1.25,26.1,17.0
short,300,無,10,250,13:44,54,0.556,28.11,1518.0,-505.0,1.35,36.5,21.9
short,300,無,20,50,12:00,55,0.855,12.05,663.0,-484.0,1.42,3.5,18.2
short,300,無,20,50,12:30,55,0.873,15.07,829.0,-429.0,1.56,4.9,22.4
short,300,無,20,50,13:00,55,0.891,17.93,986.0,-415.0,1.74,9.4,24.0
short,300,無,20,50,13:10,55,0.873,15.69,863.0,-390.0,1.6,2.1,25.5
short,300,無,20,50,13:20,55,0.873,18.85,1037.0,-357.0,1.82,13.0,23.0
short,300,無,20,50,13:30,55,0.873,16.18,890.0,-445.0,1.63,9.3,21.1
short,300,無,20,50,13:44,55,0.891,21.13,1162.0,-450.0,1.98,5.4,32.4
short,300,無,20,75,12:00,55,0.782,16.84,926.0,-484.0,1.43,8.5,22.8
short,300,無,20,75,12:30,55,0.8,16.05,883.0,-539.0,1.39,8.9,21.2
short,300,無,20,75,13:00,55,0.8,13.58,747.0,-524.0,1.31,6.7,18.5
short,300,無,20,75,13:10,55,0.782,7.47,411.0,-542.0,1.15,-7.4,18.2
short,300,無,20,75,13:20,55,0.782,14.98,824.0,-510.0,1.36,7.5,20.3
short,300,無,20,75,13:30,55,0.782,12.02,661.0,-516.0,1.27,3.0,18.5
short,300,無,20,75,13:44,55,0.8,18.09,995.0,-515.0,1.45,-0.5,31.5
short,300,無,20,100,12:00,55,0.745,29.56,1626.0,-484.0,1.73,15.7,39.5
short,300,無,20,100,12:30,55,0.782,31.75,1746.0,-539.0,1.74,24.8,36.7
short,300,無,20,100,13:00,55,0.782,28.22,1552.0,-524.0,1.6,23.0,32.0
short,300,無,20,100,13:10,55,0.764,22.22,1222.0,-542.0,1.42,8.9,31.8
short,300,無,20,100,13:20,55,0.764,30.27,1665.0,-510.0,1.68,23.8,34.9
short,300,無,20,100,13:30,55,0.764,28.15,1548.0,-516.0,1.6,19.3,34.5
short,300,無,20,100,13:44,55,0.764,30.53,1679.0,-515.0,1.69,15.8,41.1
short,300,無,20,150,12:00,55,0.6,7.6,418.0,-484.0,1.11,-2.1,14.6
short,300,無,20,150,12:30,55,0.655,18.02,991.0,-539.0,1.27,12.3,22.1
short,300,無,20,150,13:00,55,0.6,6.85,377.0,-524.0,1.09,12.5,2.8
short,300,無,20,150,13:10,55,0.582,-5.49,-302.0,-542.0,0.94,-0.9,-8.8
short,300,無,20,150,13:20,55,0.582,7.11,391.0,-510.0,1.09,11.1,4.2
short,300,無,20,150,13:30,55,0.636,13.27,730.0,-516.0,1.19,11.3,14.7
short,300,無,20,150,13:44,55,0.636,16.31,897.0,-515.0,1.24,9.9,20.9
short,300,無,20,200,12:00,55,0.6,23.85,1312.0,-484.0,1.35,11.2,33.0
short,300,無,20,200,12:30,55,0.655,34.8,1914.0,-539.0,1.53,25.0,41.8
short,300,無,20,200,13:00,55,0.6,20.35,1119.0,-524.0,1.27,20.5,20.2
short,300,無,20,200,13:10,55,0.582,10.25,564.0,-542.0,1.12,11.7,9.2
short,300,無,20,200,13:20,55,0.564,23.56,1296.0,-510.0,1.31,25.2,22.4
short,300,無,20,200,13:30,55,0.636,30.96,1703.0,-516.0,1.44,22.4,37.1
short,300,無,20,200,13:44,55,0.618,34.55,1900.0,-515.0,1.5,22.8,43.0
short,300,無,20,250,12:00,55,0.564,17.91,985.0,-484.0,1.25,12.7,21.7
short,300,無,20,250,12:30,55,0.6,21.87,1203.0,-539.0,1.3,22.7,21.3
short,300,無,20,250,13:00,55,0.545,10.55,580.0,-524.0,1.12,23.6,1.2
short,300,無,20,250,13:10,55,0.527,-3.45,-190.0,-542.0,0.97,11.6,-14.3
short,300,無,20,250,13:20,55,0.509,14.95,822.0,-510.0,1.17,28.8,5.0
short,300,無,20,250,13:30,55,0.564,19.75,1086.0,-516.0,1.23,20.9,18.9
short,300,無,20,250,13:44,55,0.564,27.04,1487.0,-515.0,1.33,31.3,24.0
short,300,無,30,50,12:00,56,0.839,8.36,468.0,-494.0,1.26,3.2,12.2
short,300,無,30,50,12:30,56,0.857,11.88,665.0,-439.0,1.41,5.4,16.7
short,300,無,30,50,13:00,56,0.875,11.96,670.0,-425.0,1.41,9.8,13.6
short,300,無,30,50,13:10,56,0.857,9.07,508.0,-400.0,1.28,2.8,13.8
short,300,無,30,50,13:20,56,0.857,14.23,797.0,-367.0,1.53,13.2,15.0
short,300,無,30,50,13:30,56,0.857,11.73,657.0,-455.0,1.4,9.7,13.3
short,300,無,30,50,13:44,56,0.875,17.27,967.0,-460.0,1.7,5.9,25.8
short,300,無,30,75,12:00,56,0.786,15.64,876.0,-494.0,1.39,5.7,23.1
short,300,無,30,75,12:30,56,0.768,13.88,777.0,-549.0,1.33,5.8,19.9
short,300,無,30,75,13:00,56,0.786,11.16,625.0,-534.0,1.25,3.0,17.3
short,300,無,30,75,13:10,56,0.768,4.84,271.0,-552.0,1.09,-11.3,16.9
short,300,無,30,75,13:20,56,0.768,12.5,700.0,-520.0,1.29,3.7,19.1
short,300,無,30,75,13:30,56,0.768,9.2,515.0,-526.0,1.2,-1.5,17.2
short,300,無,30,75,13:44,56,0.768,11.73,657.0,-525.0,1.26,-5.7,24.8
short,300,無,30,100,12:00,56,0.75,27.36,1532.0,-494.0,1.66,13.4,37.8
short,300,無,30,100,12:30,56,0.768,31.36,1756.0,-549.0,1.74,20.6,39.4
short,300,無,30,100,13:00,56,0.768,28.11,1574.0,-534.0,1.62,18.6,35.2
short,300,無,30,100,13:10,56,0.75,19.82,1110.0,-552.0,1.37,4.3,31.4
short,300,無,30,100,13:20,56,0.75,28.71,1608.0,-520.0,1.64,19.3,35.8
short,300,無,30,100,13:30,56,0.75,26.59,1489.0,-526.0,1.57,14.1,35.9
short,300,無,30,100,13:44,56,0.768,29.61,1658.0,-525.0,1.67,9.9,44.4
short,300,無,30,150,12:00,56,0.625,8.68,486.0,-494.0,1.13,-4.7,18.7
short,300,無,30,150,12:30,56,0.625,18.64,1044.0,-549.0,1.29,7.6,26.9
short,300,無,30,150,13:00,56,0.607,8.77,491.0,-534.0,1.12,7.6,9.7
short,300,無,30,150,13:10,56,0.589,-3.79,-212.0,-552.0,0.96,-6.0,-2.1
short,300,無,30,150,13:20,56,0.589,8.34,467.0,-520.0,1.11,6.2,10.0
short,300,無,30,150,13:30,56,0.625,13.18,738.0,-526.0,1.19,5.4,19.0
short,300,無,30,150,13:44,56,0.625,16.54,926.0,-525.0,1.24,3.2,26.5
short,300,無,30,200,12:00,56,0.625,25.96,1454.0,-494.0,1.38,7.8,39.6
short,300,無,30,200,12:30,56,0.625,37.39,2094.0,-549.0,1.58,19.1,51.1
short,300,無,30,200,13:00,56,0.589,24.39,1366.0,-534.0,1.33,14.1,32.1
short,300,無,30,200,13:10,56,0.589,15.0,840.0,-552.0,1.17,5.0,22.5
short,300,無,30,200,13:20,56,0.589,29.27,1639.0,-520.0,1.39,19.0,37.0
short,300,無,30,200,13:30,56,0.625,33.91,1899.0,-526.0,1.48,15.8,47.5
short,300,無,30,200,13:44,56,0.607,37.98,2127.0,-525.0,1.55,15.4,54.9
short,300,無,30,250,12:00,56,0.554,8.64,484.0,-494.0,1.11,-7.0,20.4
short,300,無,30,250,12:30,56,0.536,11.21,628.0,-549.0,1.14,-1.5,20.8
short,300,無,30,250,13:00,56,0.5,2.3,129.0,-534.0,1.03,3.0,1.8
short,300,無,30,250,13:10,56,0.5,-11.79,-660.0,-552.0,0.89,-11.5,-12.0
short,300,無,30,250,13:20,56,0.5,7.82,438.0,-520.0,1.09,5.7,9.4
short,300,無,30,250,13:30,56,0.518,12.07,676.0,-526.0,1.14,0.7,20.6
short,300,無,30,250,13:44,56,0.536,20.48,1147.0,-525.0,1.24,12.7,26.3
short,300,無,40,50,12:00,57,0.842,12.11,690.0,-383.0,1.43,-2.1,23.2
short,300,無,40,50,12:30,57,0.86,7.84,447.0,-559.0,1.23,0.2,13.8
short,300,無,40,50,13:00,57,0.86,10.81,616.0,-544.0,1.35,5.8,14.7
short,300,無,40,50,13:10,57,0.86,7.67,437.0,-562.0,1.23,-1.6,14.9
short,300,無,40,50,13:20,57,0.86,13.77,785.0,-530.0,1.5,9.7,17.0
short,300,無,40,50,13:30,57,0.86,12.7,724.0,-536.0,1.44,6.0,18.0
short,300,無,40,50,13:44,57,0.86,8.42,480.0,-535.0,1.26,1.4,13.9
short,300,無,40,75,12:00,57,0.789,14.72,839.0,-504.0,1.36,5.2,22.2
short,300,無,40,75,12:30,57,0.772,13.26,756.0,-559.0,1.31,5.9,19.0
short,300,無,40,75,13:00,57,0.772,10.67,608.0,-544.0,1.23,3.4,16.3
short,300,無,40,75,13:10,57,0.772,4.46,254.0,-562.0,1.09,-10.3,16.0
short,300,無,40,75,13:20,57,0.772,11.98,683.0,-530.0,1.27,4.1,18.2
short,300,無,40,75,13:30,57,0.772,8.74,498.0,-536.0,1.18,-0.9,16.3
short,300,無,40,75,13:44,57,0.772,11.23,640.0,-535.0,1.25,-5.0,23.9
short,300,無,40,100,12:00,57,0.737,20.3,1157.0,-504.0,1.45,13.6,25.5
short,300,無,40,100,12:30,57,0.737,23.54,1342.0,-559.0,1.5,20.9,25.6
short,300,無,40,100,13:00,57,0.737,20.35,1160.0,-544.0,1.4,18.2,22.0
short,300,無,40,100,13:10,57,0.737,10.98,626.0,-562.0,1.18,3.2,17.1
short,300,無,40,100,13:20,57,0.737,20.49,1168.0,-530.0,1.41,16.6,23.5
short,300,無,40,100,13:30,57,0.737,19.39,1105.0,-536.0,1.38,12.2,25.0
short,300,無,40,100,13:44,57,0.754,22.72,1295.0,-535.0,1.47,7.9,34.3
short,300,無,40,150,12:00,57,0.632,7.61,434.0,-504.0,1.11,-2.6,15.6
short,300,無,40,150,12:30,57,0.632,17.75,1012.0,-559.0,1.27,9.6,24.1
short,300,無,40,150,13:00,57,0.579,8.23,469.0,-544.0,1.11,10.0,6.8
short,300,無,40,150,13:10,57,0.579,-4.11,-234.0,-562.0,0.95,-3.1,-4.9
short,300,無,40,150,13:20,57,0.596,7.81,445.0,-530.0,1.1,8.6,7.2
short,300,無,40,150,13:30,57,0.614,12.56,716.0,-536.0,1.18,7.9,16.2
short,300,無,40,150,13:44,57,0.632,16.04,914.0,-535.0,1.23,5.8,24.0
short,300,無,40,200,12:00,57,0.614,15.82,902.0,-504.0,1.23,4.8,24.5
short,300,無,40,200,12:30,57,0.614,24.95,1422.0,-559.0,1.37,9.7,36.8
short,300,無,40,200,13:00,57,0.544,10.67,608.0,-544.0,1.13,8.8,12.2
short,300,無,40,200,13:10,57,0.561,-1.26,-72.0,-562.0,0.99,-3.0,0.1
short,300,無,40,200,13:20,57,0.579,14.98,854.0,-530.0,1.18,13.5,16.2
short,300,無,40,200,13:30,57,0.579,17.04,971.0,-536.0,1.21,2.9,28.1
short,300,無,40,200,13:44,57,0.596,27.19,1550.0,-535.0,1.37,11.7,39.3
short,300,無,40,250,12:00,57,0.561,3.35,191.0,-504.0,1.04,-11.3,14.8
short,300,無,40,250,12:30,57,0.544,8.16,465.0,-559.0,1.1,-1.2,15.5
short,300,無,40,250,13:00,57,0.474,-1.79,-102.0,-544.0,0.98,-0.3,-2.9
short,300,無,40,250,13:10,57,0.491,-16.0,-912.0,-562.0,0.85,-15.1,-16.7
short,300,無,40,250,13:20,57,0.509,3.44,196.0,-530.0,1.04,1.8,4.8
short,300,無,40,250,13:30,57,0.509,8.04,458.0,-536.0,1.09,-2.4,16.2
short,300,無,40,250,13:44,57,0.509,15.88,905.0,-535.0,1.18,7.7,22.2
short,300,無,50,50,12:00,60,0.867,19.4,1164.0,-383.0,1.94,2.1,32.6
short,300,無,50,50,12:30,60,0.833,14.97,898.0,-439.0,1.6,1.1,25.6
short,300,無,50,50,13:00,60,0.85,14.28,857.0,-425.0,1.54,-0.4,25.5
short,300,無,50,50,13:10,60,0.85,10.45,627.0,-404.0,1.34,-10.5,26.5
short,300,無,50,50,13:20,60,0.85,15.52,931.0,-367.0,1.61,0.2,27.2
short,300,無,50,50,13:30,60,0.85,14.58,875.0,-329.0,1.56,-3.6,28.5
short,300,無,50,50,13:44,60,0.85,11.43,686.0,-460.0,1.39,-5.7,24.5
short,300,無,50,75,12:00,60,0.783,27.23,1634.0,-383.0,2.01,7.1,42.6
short,300,無,50,75,12:30,60,0.783,25.5,1530.0,-439.0,1.84,6.3,40.1
short,300,無,50,75,13:00,60,0.783,21.65,1299.0,-425.0,1.61,4.3,34.9
short,300,無,50,75,13:10,60,0.783,14.0,840.0,-404.0,1.32,-8.9,31.5
short,300,無,50,75,13:20,60,0.783,23.48,1409.0,-367.0,1.7,5.0,37.6
short,300,無,50,75,13:30,60,0.783,23.35,1401.0,-329.0,1.69,0.2,41.1
short,300,無,50,75,13:44,60,0.8,21.48,1289.0,-460.0,1.58,-3.7,40.8
short,300,無,50,100,12:00,60,0.717,25.57,1534.0,-514.0,1.65,13.8,34.5
short,300,無,50,100,12:30,60,0.717,28.43,1706.0,-439.0,1.72,17.7,36.6
short,300,無,50,100,13:00,60,0.733,25.38,1523.0,-425.0,1.56,14.8,33.4
short,300,無,50,100,13:10,60,0.733,15.13,908.0,-404.0,1.28,-3.0,29.0
short,300,無,50,100,13:20,60,0.733,24.15,1449.0,-376.0,1.52,9.8,35.1
short,300,無,50,100,13:30,60,0.733,24.87,1492.0,-475.0,1.54,9.2,36.9
short,300,無,50,100,13:44,60,0.75,27.68,1661.0,-460.0,1.65,4.4,45.5
short,300,無,50,150,12:00,60,0.6,8.75,525.0,-514.0,1.13,4.6,11.9
short,300,無,50,150,12:30,60,0.6,13.58,815.0,-569.0,1.2,12.0,14.8
short,300,無,50,150,13:00,60,0.583,3.55,213.0,-554.0,1.05,9.7,-1.2
short,300,無,50,150,13:10,60,0.583,-7.02,-421.0,-572.0,0.92,0.2,-12.5
short,300,無,50,150,13:20,60,0.6,5.7,342.0,-540.0,1.07,11.5,1.3
short,300,無,50,150,13:30,60,0.617,10.32,619.0,-546.0,1.14,10.8,10.0
short,300,無,50,150,13:44,60,0.633,13.72,823.0,-545.0,1.19,8.8,17.5
short,300,無,50,200,12:00,60,0.567,6.65,399.0,-514.0,1.1,8.1,5.5
short,300,無,50,200,12:30,60,0.55,8.3,498.0,-569.0,1.11,12.9,4.8
short,300,無,50,200,13:00,60,0.517,-6.0,-360.0,-554.0,0.93,12.0,-19.7
short,300,無,50,200,13:10,60,0.533,-17.25,-1035.0,-572.0,0.83,0.7,-30.9
short,300,無,50,200,13:20,60,0.55,0.42,25.0,-540.0,1.0,16.5,-11.9
short,300,無,50,200,13:30,60,0.55,4.97,298.0,-546.0,1.06,7.1,3.3
short,300,無,50,200,13:44,60,0.567,13.32,799.0,-545.0,1.16,15.5,11.6
short,300,無,50,250,12:00,60,0.533,2.37,142.0,-514.0,1.03,-6.2,8.9
short,300,無,50,250,12:30,60,0.517,4.02,241.0,-569.0,1.05,3.5,4.4
short,300,無,50,250,13:00,60,0.483,-4.98,-299.0,-554.0,0.95,4.4,-12.1
short,300,無,50,250,13:10,60,0.5,-18.65,-1119.0,-572.0,0.83,-9.8,-25.4
short,300,無,50,250,13:20,60,0.517,1.2,72.0,-540.0,1.01,6.4,-2.8
short,300,無,50,250,13:30,60,0.517,5.7,342.0,-546.0,1.06,1.4,9.0
short,300,無,50,250,13:44,60,0.517,13.38,803.0,-545.0,1.15,11.0,15.2
short,300,無,60,50,12:00,64,0.859,17.48,1119.0,-383.0,1.78,3.2,27.9
short,300,無,60,50,12:30,64,0.844,13.39,857.0,-439.0,1.49,2.1,21.6
short,300,無,60,50,13:00,64,0.859,13.31,852.0,-425.0,1.48,7.2,17.8
short,300,無,60,50,13:10,64,0.859,10.31,660.0,-404.0,1.33,0.3,17.6
short,300,無,60,50,13:20,64,0.859,16.92,1083.0,-367.0,1.7,10.8,21.4
short,300,無,60,50,13:30,64,0.859,16.27,1041.0,-329.0,1.65,7.4,22.8
short,300,無,60,50,13:44,64,0.859,12.81,820.0,-460.0,1.45,3.1,19.9
short,300,無,60,75,12:00,64,0.812,30.97,1982.0,-383.0,2.18,10.2,46.1
short,300,無,60,75,12:30,64,0.797,28.84,1846.0,-439.0,2.0,11.2,41.7
short,300,無,60,75,13:00,64,0.812,25.41,1626.0,-425.0,1.76,9.3,37.2
short,300,無,60,75,13:10,64,0.812,18.02,1153.0,-404.0,1.45,-4.0,34.1
short,300,無,60,75,13:20,64,0.797,26.28,1682.0,-367.0,1.82,7.9,39.7
short,300,無,60,75,13:30,64,0.812,26.72,1710.0,-329.0,1.85,4.6,42.9
short,300,無,60,75,13:44,64,0.797,24.08,1541.0,-460.0,1.71,1.3,40.7
short,300,無,60,100,12:00,64,0.719,17.34,1110.0,-524.0,1.37,14.7,19.2
short,300,無,60,100,12:30,64,0.688,17.48,1119.0,-579.0,1.36,18.4,16.8
short,300,無,60,100,13:00,64,0.719,14.95,957.0,-564.0,1.28,15.7,14.4
short,300,無,60,100,13:10,64,0.719,2.94,188.0,-582.0,1.04,-1.5,6.2
short,300,無,60,100,13:20,64,0.703,12.67,811.0,-550.0,1.23,10.9,14.0
short,300,無,60,100,13:30,64,0.719,15.94,1020.0,-556.0,1.3,10.2,20.1
short,300,無,60,100,13:44,64,0.719,20.16,1290.0,-555.0,1.4,5.6,30.8
short,300,無,60,150,12:00,64,0.625,12.89,825.0,-524.0,1.2,7.3,16.9
short,300,無,60,150,12:30,64,0.609,17.56,1124.0,-579.0,1.27,14.5,19.8
short,300,無,60,150,13:00,64,0.594,7.14,457.0,-564.0,1.09,12.3,3.4
short,300,無,60,150,13:10,64,0.609,-0.59,-38.0,-582.0,0.99,3.4,-3.5
short,300,無,60,150,13:20,64,0.609,12.08,773.0,-550.0,1.16,14.3,10.5
short,300,無,60,150,13:30,64,0.609,16.58,1061.0,-556.0,1.23,13.6,18.7
short,300,無,60,150,13:44,64,0.625,19.92,1275.0,-555.0,1.28,11.7,25.9
short,300,無,60,200,12:00,64,0.578,7.5,480.0,-524.0,1.1,11.6,4.5
short,300,無,60,200,12:30,64,0.547,8.72,558.0,-579.0,1.11,16.2,3.2
short,300,無,60,200,13:00,64,0.531,-4.14,-265.0,-564.0,0.96,15.3,-18.4
short,300,無,60,200,13:10,64,0.531,-15.78,-1010.0,-582.0,0.85,4.4,-30.5
short,300,無,60,200,13:20,64,0.547,2.69,172.0,-550.0,1.03,19.7,-9.7
short,300,無,60,200,13:30,64,0.531,4.72,302.0,-556.0,1.05,11.2,-0.0
short,300,無,60,200,13:44,64,0.547,11.33,725.0,-555.0,1.13,19.3,5.5
short,300,無,60,250,12:00,64,0.547,13.11,839.0,-524.0,1.18,-1.0,23.4
short,300,無,60,250,12:30,64,0.531,14.81,948.0,-579.0,1.18,8.3,19.5
short,300,無,60,250,13:00,64,0.516,6.53,418.0,-564.0,1.07,9.1,4.6
short,300,無,60,250,13:10,64,0.516,-6.28,-402.0,-582.0,0.94,-4.5,-7.6
short,300,無,60,250,13:20,64,0.531,12.33,789.0,-550.0,1.13,11.1,13.2
short,300,無,60,250,13:30,64,0.516,16.78,1074.0,-556.0,1.19,6.5,24.3
short,300,無,60,250,13:44,64,0.516,24.14,1545.0,-555.0,1.28,15.7,30.3
short,300,無,70,50,12:00,68,0.882,24.82,1688.0,-383.0,2.42,12.9,34.8
short,300,無,70,50,12:30,68,0.897,21.85,1486.0,-439.0,2.04,12.9,29.4
short,300,無,70,50,13:00,68,0.897,21.25,1445.0,-425.0,1.97,14.6,26.8
short,300,無,70,50,13:10,68,0.897,19.54,1329.0,-404.0,1.83,9.8,27.7
short,300,無,70,50,13:20,68,0.897,23.88,1624.0,-367.0,2.25,18.5,28.4
short,300,無,70,50,13:30,68,0.897,23.35,1588.0,-329.0,2.19,16.0,29.5
short,300,無,70,50,13:44,68,0.897,19.5,1326.0,-460.0,1.83,11.9,25.9
short,300,無,70,75,12:00,68,0.809,27.01,1837.0,-534.0,1.84,22.4,30.9
short,300,無,70,75,12:30,68,0.824,26.85,1826.0,-439.0,1.82,21.6,31.2
short,300,無,70,75,13:00,68,0.824,25.09,1706.0,-425.0,1.73,24.1,25.9
short,300,無,70,75,13:10,68,0.824,19.57,1331.0,-404.0,1.49,15.0,23.4
short,300,無,70,75,13:20,68,0.809,24.87,1691.0,-396.0,1.73,25.0,24.8
short,300,無,70,75,13:30,68,0.809,24.22,1647.0,-495.0,1.7,21.9,26.2
short,300,無,70,75,13:44,68,0.809,26.0,1768.0,-460.0,1.79,17.2,33.4
short,300,無,70,100,12:00,68,0.721,24.78,1685.0,-534.0,1.57,23.9,25.5
short,300,無,70,100,12:30,68,0.735,26.1,1775.0,-589.0,1.59,28.4,24.2
short,300,無,70,100,13:00,68,0.735,20.87,1419.0,-574.0,1.41,29.7,13.5
short,300,無,70,100,13:10,68,0.735,10.13,689.0,-592.0,1.17,15.3,5.8
short,300,無,70,100,13:20,68,0.735,17.65,1200.0,-560.0,1.33,25.5,11.0
short,300,無,70,100,13:30,68,0.721,19.22,1307.0,-566.0,1.37,25.7,13.8
short,300,無,70,100,13:44,68,0.735,21.57,1467.0,-565.0,1.43,22.3,20.9
short,300,無,70,150,12:00,68,0.618,20.78,1413.0,-534.0,1.33,28.2,14.6
short,300,無,70,150,12:30,68,0.632,24.29,1652.0,-589.0,1.38,35.9,14.6
short,300,無,70,150,13:00,68,0.632,14.85,1010.0,-574.0,1.2,34.5,-1.6
short,300,無,70,150,13:10,68,0.647,7.04,479.0,-592.0,1.09,27.5,-10.1
short,300,無,70,150,13:20,68,0.647,19.21,1306.0,-560.0,1.26,36.6,4.6
short,300,無,70,150,13:30,68,0.632,24.46,1663.0,-566.0,1.36,36.7,14.2
short,300,無,70,150,13:44,68,0.662,27.26,1854.0,-565.0,1.41,35.7,20.2
short,300,無,70,200,12:00,68,0.559,22.29,1516.0,-534.0,1.32,42.2,5.6
short,300,無,70,200,12:30,68,0.574,23.76,1616.0,-589.0,1.32,51.1,0.8
short,300,無,70,200,13:00,68,0.574,9.88,672.0,-574.0,1.11,48.7,-22.7
short,300,無,70,200,13:10,68,0.588,0.44,30.0,-592.0,1.0,42.6,-34.9
short,300,無,70,200,13:20,68,0.588,16.5,1122.0,-560.0,1.19,53.0,-14.1
short,300,無,70,200,13:30,68,0.574,22.44,1526.0,-566.0,1.27,54.1,-4.1
short,300,無,70,200,13:44,68,0.588,25.79,1754.0,-565.0,1.31,55.5,0.9
short,300,無,70,250,12:00,68,0.5,22.81,1551.0,-534.0,1.31,32.0,15.1
short,300,無,70,250,12:30,68,0.544,28.03,1906.0,-589.0,1.36,43.6,14.9
short,300,無,70,250,13:00,68,0.544,19.41,1320.0,-574.0,1.21,42.2,0.3
short,300,無,70,250,13:10,68,0.544,8.6,585.0,-592.0,1.08,33.1,-11.9
short,300,無,70,250,13:20,68,0.559,25.03,1702.0,-560.0,1.28,44.3,8.9
short,300,無,70,250,13:30,68,0.544,32.78,2229.0,-566.0,1.38,47.7,20.2
short,300,無,70,250,13:44,68,0.544,37.01,2517.0,-565.0,1.43,49.5,26.5
short,300,無,80,50,12:00,68,0.868,22.26,1514.0,-383.0,2.15,12.3,30.6
short,300,無,80,50,12:30,68,0.882,20.31,1381.0,-439.0,1.93,12.3,27.0
short,300,無,80,50,13:00,68,0.882,19.1,1299.0,-425.0,1.82,14.3,23.1
short,300,無,80,50,13:10,68,0.882,15.78,1073.0,-404.0,1.59,9.5,21.0
short,300,無,80,50,13:20,68,0.882,21.13,1437.0,-367.0,2.0,18.2,23.6
short,300,無,80,50,13:30,68,0.882,21.57,1467.0,-329.0,2.04,15.6,26.5
short,300,無,80,50,13:44,68,0.882,18.12,1232.0,-460.0,1.75,11.5,23.6
short,300,無,80,75,12:00,68,0.765,17.9,1217.0,-544.0,1.47,18.5,17.4
short,300,無,80,75,12:30,68,0.779,19.96,1357.0,-439.0,1.55,17.2,22.3
short,300,無,80,75,13:00,68,0.794,19.88,1352.0,-425.0,1.53,19.5,20.2
short,300,無,80,75,13:10,68,0.779,11.06,752.0,-404.0,1.24,7.5,14.0
short,300,無,80,75,13:20,68,0.779,16.9,1149.0,-406.0,1.42,17.4,16.5
short,300,無,80,75,13:30,68,0.779,20.16,1371.0,-505.0,1.55,17.3,22.6
short,300,無,80,75,13:44,68,0.794,23.1,1571.0,-460.0,1.66,12.1,32.3
short,300,無,80,100,12:00,68,0.691,18.81,1279.0,-544.0,1.39,22.0,16.1
short,300,無,80,100,12:30,68,0.721,20.28,1379.0,-599.0,1.42,26.5,15.1
short,300,無,80,100,13:00,68,0.721,12.96,881.0,-584.0,1.23,28.2,0.2
short,300,無,80,100,13:10,68,0.706,1.65,112.0,-602.0,1.02,13.8,-8.5
short,300,無,80,100,13:20,68,0.721,10.85,738.0,-570.0,1.18,24.0,-0.2
short,300,無,80,100,13:30,68,0.706,12.53,852.0,-576.0,1.22,24.2,2.8
short,300,無,80,100,13:44,68,0.721,15.44,1050.0,-575.0,1.28,20.8,11.0
short,300,無,80,150,12:00,68,0.588,18.22,1239.0,-544.0,1.28,26.3,11.5
short,300,無,80,150,12:30,68,0.632,21.74,1478.0,-599.0,1.33,34.0,11.5
short,300,無,80,150,13:00,68,0.632,12.29,836.0,-584.0,1.16,32.6,-4.7
short,300,無,80,150,13:10,68,0.632,4.49,305.0,-602.0,1.05,25.7,-13.3
short,300,無,80,150,13:20,68,0.647,16.79,1142.0,-570.0,1.22,35.1,1.5
short,300,無,80,150,13:30,68,0.632,22.34,1519.0,-576.0,1.32,35.2,11.6
short,300,無,80,150,13:44,68,0.662,25.29,1720.0,-575.0,1.37,34.1,17.9
short,300,無,80,200,12:00,68,0.529,16.56,1126.0,-544.0,1.22,28.1,6.9
short,300,無,80,200,12:30,68,0.574,20.25,1377.0,-599.0,1.26,35.4,7.5
short,300,無,80,200,13:00,68,0.574,7.85,534.0,-584.0,1.09,36.4,-16.1
short,300,無,80,200,13:10,68,0.574,-2.51,-171.0,-602.0,0.98,28.5,-28.5
short,300,無,80,200,13:20,68,0.588,13.22,899.0,-570.0,1.15,38.8,-8.2
short,300,無,80,200,13:30,68,0.574,19.56,1330.0,-576.0,1.23,42.4,0.4
short,300,無,80,200,13:44,68,0.588,25.38,1726.0,-575.0,1.31,46.1,8.1
short,300,無,80,250,12:00,68,0.485,21.51,1463.0,-544.0,1.29,26.1,17.7
short,300,無,80,250,12:30,68,0.559,29.99,2039.0,-599.0,1.38,38.3,23.0
short,300,無,80,250,13:00,68,0.559,20.62,1402.0,-584.0,1.23,35.4,8.3
short,300,無,80,250,13:10,68,0.544,9.76,664.0,-602.0,1.09,26.4,-4.2
short,300,無,80,250,13:20,68,0.559,25.4,1727.0,-570.0,1.28,36.5,16.1
short,300,無,80,250,13:30,68,0.544,32.9,2237.0,-576.0,1.38,41.0,26.1
short,300,無,80,250,13:44,68,0.559,38.68,2630.0,-575.0,1.45,43.0,35.1
short,300,無,90,50,12:00,69,0.855,19.74,1362.0,-383.0,1.93,7.8,30.1
short,300,無,90,50,12:30,69,0.87,17.35,1197.0,-439.0,1.72,6.8,26.5
short,300,無,90,50,13:00,69,0.87,17.54,1210.0,-425.0,1.72,11.7,22.6
short,300,無,90,50,13:10,69,0.87,13.72,947.0,-404.0,1.49,5.9,20.5
short,300,無,90,50,13:20,69,0.87,19.19,1324.0,-367.0,1.85,14.8,23.0
short,300,無,90,50,13:30,69,0.87,19.43,1341.0,-329.0,1.87,11.8,26.0
short,300,無,90,50,13:44,69,0.87,16.22,1119.0,-460.0,1.64,8.3,23.1
short,300,無,90,75,12:00,69,0.754,11.2,773.0,-554.0,1.26,19.3,4.2
short,300,無,90,75,12:30,69,0.768,9.68,668.0,-609.0,1.21,18.0,2.5
short,300,無,90,75,13:00,69,0.783,9.97,688.0,-594.0,1.21,20.2,1.1
short,300,無,90,75,13:10,69,0.768,1.01,70.0,-612.0,1.02,8.6,-5.6
short,300,無,90,75,13:20,69,0.768,7.23,499.0,-580.0,1.15,18.2,-2.2
short,300,無,90,75,13:30,69,0.768,10.36,715.0,-586.0,1.23,18.1,3.7
short,300,無,90,75,13:44,69,0.783,13.42,926.0,-585.0,1.31,13.1,13.7
short,300,無,90,100,12:00,69,0.71,22.49,1552.0,-554.0,1.48,29.4,16.5
short,300,無,90,100,12:30,69,0.739,23.04,1590.0,-609.0,1.48,32.2,15.1
short,300,無,90,100,13:00,69,0.754,19.77,1364.0,-594.0,1.37,38.2,3.9
short,300,無,90,100,13:10,69,0.739,9.03,623.0,-612.0,1.14,26.6,-6.2
short,300,無,90,100,13:20,69,0.739,16.8,1159.0,-580.0,1.3,36.2,0.1
short,300,無,90,100,13:30,69,0.739,19.19,1324.0,-586.0,1.36,36.1,4.6
short,300,無,90,100,13:44,69,0.754,22.32,1540.0,-585.0,1.43,31.1,14.8
short,300,無,90,150,12:00,69,0.594,19.28,1330.0,-554.0,1.29,36.7,4.2
short,300,無,90,150,12:30,69,0.638,21.94,1514.0,-609.0,1.33,42.6,4.1
short,300,無,90,150,13:00,69,0.652,13.06,901.0,-594.0,1.17,45.2,-14.8
short,300,無,90,150,13:10,69,0.638,4.62,319.0,-612.0,1.05,40.9,-26.8
short,300,無,90,150,13:20,69,0.652,16.04,1107.0,-580.0,1.21,49.4,-12.8
short,300,無,90,150,13:30,69,0.652,23.33,1610.0,-586.0,1.33,49.9,0.4
short,300,無,90,150,13:44,69,0.667,28.13,1941.0,-585.0,1.41,47.1,11.7
short,300,無,90,200,12:00,69,0.536,17.57,1212.0,-554.0,1.24,34.3,3.1
short,300,無,90,200,12:30,69,0.594,22.39,1545.0,-609.0,1.29,43.6,4.0
short,300,無,90,200,13:00,69,0.58,10.75,742.0,-594.0,1.12,45.8,-19.6
short,300,無,90,200,13:10,69,0.565,1.33,92.0,-612.0,1.01,39.9,-32.0
short,300,無,90,200,13:20,69,0.594,16.83,1161.0,-580.0,1.19,49.9,-11.8
short,300,無,90,200,13:30,69,0.58,23.16,1598.0,-586.0,1.28,53.2,-2.8
short,300,無,90,200,13:44,69,0.58,27.75,1915.0,-585.0,1.34,54.0,5.1
short,300,無,90,250,12:00,69,0.493,21.87,1509.0,-554.0,1.28,31.1,13.9
short,300,無,90,250,12:30,69,0.565,30.36,2095.0,-609.0,1.38,42.9,19.5
short,300,無,90,250,13:00,69,0.551,21.13,1458.0,-594.0,1.23,40.1,4.8
short,300,無,90,250,13:10,69,0.536,10.43,720.0,-612.0,1.1,31.4,-7.7
short,300,無,90,250,13:20,69,0.565,25.84,1783.0,-580.0,1.28,41.2,12.6
short,300,無,90,250,13:30,69,0.551,33.38,2303.0,-586.0,1.38,45.5,22.9
short,300,無,90,250,13:44,69,0.551,39.22,2706.0,-585.0,1.46,47.4,32.1
short,300,無,100,50,12:00,70,0.843,10.91,764.0,-564.0,1.37,6.0,15.3
short,300,無,100,50,12:30,70,0.857,13.09,916.0,-439.0,1.47,4.4,20.8
short,300,無,100,50,13:00,70,0.857,15.29,1070.0,-425.0,1.59,9.0,20.9
short,300,無,100,50,13:10,70,0.857,10.44,731.0,-404.0,1.34,0.7,19.2
short,300,無,100,50,13:20,70,0.857,14.31,1002.0,-426.0,1.53,9.2,18.9
short,300,無,100,50,13:30,70,0.857,14.4,1008.0,-525.0,1.54,9.2,19.1
short,300,無,100,50,13:44,70,0.857,15.99,1119.0,-460.0,1.64,5.2,25.6
short,300,無,100,75,12:00,70,0.757,11.07,775.0,-564.0,1.25,17.2,5.6
short,300,無,100,75,12:30,70,0.771,11.57,810.0,-619.0,1.26,15.8,7.8
short,300,無,100,75,13:00,70,0.786,11.86,830.0,-604.0,1.26,21.0,3.7
short,300,無,100,75,13:10,70,0.771,1.71,120.0,-622.0,1.03,9.8,-5.5
short,300,無,100,75,13:20,70,0.771,7.84,549.0,-590.0,1.16,19.1,-2.2
short,300,無,100,75,13:30,70,0.771,10.01,701.0,-596.0,1.22,19.0,2.0
short,300,無,100,75,13:44,70,0.786,12.54,878.0,-595.0,1.28,14.2,11.1
short,300,無,100,100,12:00,70,0.729,24.16,1691.0,-564.0,1.51,30.4,18.6
short,300,無,100,100,12:30,70,0.757,26.8,1876.0,-619.0,1.58,33.2,21.1
short,300,無,100,100,13:00,70,0.771,24.14,1690.0,-604.0,1.49,36.8,12.8
short,300,無,100,100,13:10,70,0.757,14.57,1020.0,-622.0,1.24,28.0,2.6
short,300,無,100,100,13:20,70,0.757,22.34,1564.0,-590.0,1.43,37.3,9.0
short,300,無,100,100,13:30,70,0.757,24.61,1723.0,-596.0,1.5,37.2,13.4
short,300,無,100,100,13:44,70,0.771,27.9,1953.0,-595.0,1.58,32.3,23.9
short,300,無,100,150,12:00,70,0.586,17.81,1247.0,-564.0,1.26,39.0,-1.1
short,300,無,100,150,12:30,70,0.629,21.81,1527.0,-619.0,1.32,44.8,1.4
short,300,無,100,150,13:00,70,0.657,13.66,956.0,-604.0,1.18,47.3,-16.4
short,300,無,100,150,13:10,70,0.643,5.31,372.0,-622.0,1.06,43.1,-28.4
short,300,無,100,150,13:20,70,0.657,17.11,1198.0,-590.0,1.22,51.3,-13.4
short,300,無,100,150,13:30,70,0.657,24.8,1736.0,-596.0,1.35,52.1,0.5
short,300,無,100,150,13:44,70,0.671,29.8,2086.0,-595.0,1.44,49.4,12.3
short,300,無,100,200,12:00,70,0.543,20.87,1461.0,-564.0,1.28,37.9,5.7
short,300,無,100,200,12:30,70,0.6,27.87,1951.0,-619.0,1.37,46.9,10.9
short,300,無,100,200,13:00,70,0.6,17.96,1257.0,-604.0,1.21,49.1,-9.8
short,300,無,100,200,13:10,70,0.586,8.56,599.0,-622.0,1.09,43.3,-22.4
short,300,無,100,200,13:20,70,0.614,23.94,1676.0,-590.0,1.29,53.0,-2.0
short,300,無,100,200,13:30,70,0.6,29.76,2083.0,-596.0,1.38,55.2,7.1
short,300,無,100,200,13:44,70,0.6,34.4,2408.0,-595.0,1.44,55.8,15.4
short,300,無,100,250,12:00,70,0.5,23.34,1634.0,-564.0,1.3,29.5,17.8
short,300,無,100,250,12:30,70,0.557,33.27,2329.0,-619.0,1.43,39.5,27.7
short,300,無,100,250,13:00,70,0.557,25.0,1750.0,-604.0,1.28,35.2,15.9
short,300,無,100,250,13:10,70,0.543,14.83,1038.0,-622.0,1.15,27.8,3.2
short,300,無,100,250,13:20,70,0.571,30.09,2106.0,-590.0,1.34,37.2,23.7
short,300,無,100,250,13:30,70,0.557,36.06,2524.0,-596.0,1.42,38.2,34.1
short,300,無,100,250,13:44,70,0.557,39.3,2751.0,-595.0,1.45,34.3,43.7
short,300,無,110,50,12:00,72,0.819,1.46,105.0,-574.0,1.04,12.2,-8.2
short,300,無,110,50,12:30,72,0.833,2.99,215.0,-629.0,1.08,11.6,-4.8
short,300,無,110,50,13:00,72,0.847,5.76,415.0,-614.0,1.17,13.3,-1.0
short,300,無,110,50,13:10,72,0.847,-0.57,-41.0,-632.0,0.99,6.3,-6.7
short,300,無,110,50,13:20,72,0.847,4.01,289.0,-600.0,1.11,14.1,-5.1
short,300,無,110,50,13:30,72,0.847,6.58,474.0,-606.0,1.19,14.6,-0.6
short,300,無,110,50,13:44,72,0.861,9.35,673.0,-605.0,1.29,10.4,8.4
short,300,無,110,75,12:00,72,0.764,11.36,818.0,-574.0,1.26,18.0,5.4
short,300,無,110,75,12:30,72,0.778,12.17,876.0,-629.0,1.28,16.6,8.2
short,300,無,110,75,13:00,72,0.792,12.58,906.0,-614.0,1.28,22.0,4.2
short,300,無,110,75,13:10,72,0.778,2.72,196.0,-632.0,1.05,11.1,-4.8
short,300,無,110,75,13:20,72,0.778,8.68,625.0,-600.0,1.18,20.1,-1.5
short,300,無,110,75,13:30,72,0.778,10.79,777.0,-606.0,1.23,20.0,2.6
short,300,無,110,75,13:44,72,0.792,13.39,964.0,-605.0,1.3,15.3,11.7
short,300,無,110,100,12:00,72,0.708,20.58,1482.0,-574.0,1.43,31.5,10.8
short,300,無,110,100,12:30,72,0.722,21.36,1538.0,-629.0,1.44,34.2,9.9
short,300,無,110,100,13:00,72,0.75,20.04,1443.0,-614.0,1.4,37.7,4.2
short,300,無,110,100,13:10,72,0.75,12.82,923.0,-632.0,1.22,29.5,-2.1
short,300,無,110,100,13:20,72,0.764,22.67,1632.0,-600.0,1.44,38.5,8.5
short,300,無,110,100,13:30,72,0.764,25.68,1849.0,-606.0,1.52,38.4,14.3
short,300,無,110,100,13:44,72,0.778,29.01,2089.0,-605.0,1.61,33.7,24.8
short,300,無,110,150,12:00,72,0.583,12.1,871.0,-574.0,1.17,41.3,-14.0
short,300,無,110,150,12:30,72,0.611,14.44,1040.0,-629.0,1.2,46.9,-14.6
short,300,無,110,150,13:00,72,0.639,7.38,531.0,-614.0,1.09,49.4,-30.2
short,300,無,110,150,13:10,72,0.625,-1.31,-94.0,-632.0,0.99,45.3,-43.0
short,300,無,110,150,13:20,72,0.653,12.21,879.0,-600.0,1.15,53.3,-24.5
short,300,無,110,150,13:30,72,0.653,18.25,1314.0,-606.0,1.24,54.3,-14.0
short,300,無,110,150,13:44,72,0.667,22.75,1638.0,-605.0,1.31,51.7,-3.2
short,300,無,110,200,12:00,72,0.542,21.54,1551.0,-574.0,1.29,41.4,3.8
short,300,無,110,200,12:30,72,0.597,27.24,1961.0,-629.0,1.36,50.2,6.7
short,300,無,110,200,13:00,72,0.597,18.11,1304.0,-614.0,1.22,52.3,-12.4
short,300,無,110,200,13:10,72,0.583,9.38,675.0,-632.0,1.1,46.7,-24.0
short,300,無,110,200,13:20,72,0.611,24.68,1777.0,-600.0,1.3,56.1,-3.4
short,300,無,110,200,13:30,72,0.611,31.1,2239.0,-606.0,1.4,58.2,6.8
short,300,無,110,200,13:44,72,0.611,37.06,2668.0,-605.0,1.48,58.8,17.6
short,300,無,110,250,12:00,72,0.5,24.36,1754.0,-574.0,1.31,34.2,15.6
short,300,無,110,250,12:30,72,0.556,32.9,2369.0,-629.0,1.42,43.9,23.1
short,300,無,110,250,13:00,72,0.556,25.38,1827.0,-614.0,1.29,39.7,12.6
short,300,無,110,250,13:10,72,0.542,15.89,1144.0,-632.0,1.16,32.5,1.0
short,300,無,110,250,13:20,72,0.569,31.07,2237.0,-600.0,1.36,41.7,21.6
short,300,無,110,250,13:30,72,0.569,36.94,2660.0,-606.0,1.43,42.6,31.8
short,300,無,110,250,13:44,72,0.569,42.24,3041.0,-605.0,1.49,38.9,45.3
short,300,無,120,50,12:00,73,0.822,7.44,543.0,-394.0,1.23,7.6,7.3
short,300,無,120,50,12:30,73,0.836,6.08,444.0,-639.0,1.18,6.5,5.7
short,300,無,120,50,13:00,73,0.863,11.11,811.0,-624.0,1.37,13.8,8.6
short,300,無,120,50,13:10,73,0.863,5.29,386.0,-642.0,1.15,8.5,2.3
short,300,無,120,50,13:20,73,0.863,11.55,843.0,-610.0,1.39,16.6,6.9
short,300,無,120,50,13:30,73,0.863,13.97,1020.0,-616.0,1.51,13.9,14.0
short,300,無,120,50,13:44,73,0.877,12.51,913.0,-615.0,1.42,10.7,14.2
short,300,無,120,75,12:00,73,0.767,11.04,806.0,-584.0,1.25,18.7,4.0
short,300,無,120,75,12:30,73,0.781,11.97,874.0,-639.0,1.27,17.3,7.1
short,300,無,120,75,13:00,73,0.795,12.52,914.0,-624.0,1.28,22.9,3.0
short,300,無,120,75,13:10,73,0.781,2.79,204.0,-642.0,1.05,12.3,-5.9
short,300,無,120,75,13:20,73,0.781,8.67,633.0,-610.0,1.18,21.0,-2.7
short,300,無,120,75,13:30,73,0.781,10.75,785.0,-616.0,1.23,20.9,1.4
short,300,無,120,75,13:44,73,0.795,13.45,982.0,-615.0,1.3,16.4,10.8
short,300,無,120,100,12:00,73,0.712,20.21,1475.0,-584.0,1.41,32.6,8.8
short,300,無,120,100,12:30,73,0.726,20.97,1531.0,-639.0,1.43,35.2,7.9
short,300,無,120,100,13:00,73,0.74,19.67,1436.0,-624.0,1.39,38.6,2.2
short,300,無,120,100,13:10,73,0.753,12.63,922.0,-642.0,1.21,30.7,-4.1
short,300,無,120,100,13:20,73,0.767,22.16,1618.0,-610.0,1.43,39.6,6.1
short,300,無,120,100,13:30,73,0.767,25.62,1870.0,-616.0,1.52,39.5,12.8
short,300,無,120,100,13:44,73,0.781,29.21,2132.0,-615.0,1.62,34.9,23.9
short,300,無,120,150,12:00,73,0.589,11.63,849.0,-584.0,1.16,42.5,-16.8
short,300,無,120,150,12:30,73,0.616,13.36,975.0,-639.0,1.18,46.4,-17.1
short,300,無,120,150,13:00,73,0.63,6.23,455.0,-624.0,1.08,48.5,-32.7
short,300,無,120,150,13:10,73,0.63,-2.16,-158.0,-642.0,0.98,44.9,-45.5
short,300,無,120,150,13:20,73,0.658,12.01,877.0,-610.0,1.15,54.4,-27.0
short,300,無,120,150,13:30,73,0.658,18.59,1357.0,-616.0,1.25,56.4,-16.3
short,300,無,120,150,13:44,73,0.671,22.88,1670.0,-615.0,1.31,53.9,-5.7
short,300,無,120,200,12:00,73,0.548,18.27,1334.0,-584.0,1.24,37.1,1.0
short,300,無,120,200,12:30,73,0.589,22.64,1653.0,-639.0,1.29,42.7,4.2
short,300,無,120,200,13:00,73,0.575,12.79,934.0,-624.0,1.15,42.9,-15.0
short,300,無,120,200,13:10,73,0.575,4.81,351.0,-642.0,1.05,38.8,-26.5
short,300,無,120,200,13:20,73,0.603,20.71,1512.0,-610.0,1.25,49.7,-5.9
short,300,無,120,200,13:30,73,0.603,25.66,1873.0,-616.0,1.32,48.5,4.6
short,300,無,120,200,13:44,73,0.603,29.52,2155.0,-615.0,1.36,44.6,15.6
short,300,無,120,250,12:00,73,0.507,21.64,1580.0,-584.0,1.28,34.9,9.4
short,300,無,120,250,12:30,73,0.562,29.16,2129.0,-639.0,1.37,42.8,16.6
short,300,無,120,250,13:00,73,0.548,21.74,1587.0,-624.0,1.24,38.4,6.4
short,300,無,120,250,13:10,73,0.548,12.08,882.0,-642.0,1.12,31.8,-6.1
short,300,無,120,250,13:20,73,0.575,27.29,1992.0,-610.0,1.31,42.5,13.3
short,300,無,120,250,13:30,73,0.575,33.32,2432.0,-616.0,1.39,43.3,24.2
short,300,無,120,250,13:44,73,0.575,37.71,2753.0,-615.0,1.43,40.5,35.1
short,300,無,130,50,12:00,75,0.813,8.4,630.0,-397.0,1.27,4.8,11.9
short,300,無,130,50,12:30,75,0.84,6.57,493.0,-642.0,1.2,4.6,8.4
short,300,無,130,50,13:00,75,0.867,12.13,910.0,-627.0,1.41,11.6,12.7
short,300,無,130,50,13:10,75,0.867,6.75,506.0,-645.0,1.19,4.2,9.3
short,300,無,130,50,13:20,75,0.867,11.88,891.0,-613.0,1.4,11.7,12.0
short,300,無,130,50,13:30,75,0.867,14.61,1096.0,-619.0,1.54,11.8,17.4
short,300,無,130,50,13:44,75,0.88,12.73,955.0,-618.0,1.43,8.2,17.1
short,300,無,130,75,12:00,75,0.76,12.85,964.0,-594.0,1.3,18.9,7.0
short,300,無,130,75,12:30,75,0.773,12.39,929.0,-642.0,1.28,17.5,7.4
short,300,無,130,75,13:00,75,0.787,12.73,955.0,-627.0,1.29,22.8,2.9
short,300,無,130,75,13:10,75,0.8,7.53,565.0,-645.0,1.15,15.0,0.2
short,300,無,130,75,13:20,75,0.8,12.92,969.0,-613.0,1.28,23.3,2.8
short,300,無,130,75,13:30,75,0.8,14.07,1055.0,-619.0,1.32,23.2,5.2
short,300,無,130,75,13:44,75,0.813,16.45,1234.0,-618.0,1.38,18.9,14.1
short,300,無,130,100,12:00,75,0.72,23.93,1795.0,-594.0,1.51,32.6,15.4
short,300,無,130,100,12:30,75,0.747,24.96,1872.0,-642.0,1.53,35.1,15.1
short,300,無,130,100,13:00,75,0.76,25.2,1890.0,-627.0,1.52,41.1,9.7
short,300,無,130,100,13:10,75,0.773,19.43,1457.0,-645.0,1.35,33.6,5.6
short,300,無,130,100,13:20,75,0.787,27.55,2066.0,-613.0,1.57,42.2,13.3
short,300,無,130,100,13:30,75,0.787,29.69,2227.0,-619.0,1.63,42.1,17.6
short,300,無,130,100,13:44,75,0.8,32.79,2459.0,-618.0,1.72,37.8,27.9
short,300,無,130,150,12:00,75,0.587,13.11,983.0,-594.0,1.18,43.1,-16.1
short,300,無,130,150,12:30,75,0.627,16.12,1209.0,-642.0,1.22,46.8,-13.8
short,300,無,130,150,13:00,75,0.64,10.23,767.0,-627.0,1.13,51.9,-30.4
short,300,無,130,150,13:10,75,0.64,2.04,153.0,-645.0,1.02,49.3,-43.9
short,300,無,130,150,13:20,75,0.667,15.61,1171.0,-613.0,1.2,58.5,-26.1
short,300,無,130,150,13:30,75,0.667,21.77,1633.0,-619.0,1.29,60.8,-16.3
short,300,無,130,150,13:44,75,0.68,25.24,1893.0,-618.0,1.35,58.5,-7.1
short,300,無,130,200,12:00,75,0.547,20.64,1548.0,-594.0,1.27,38.8,3.0
short,300,無,130,200,12:30,75,0.6,26.23,1967.0,-642.0,1.35,44.1,8.8
short,300,無,130,200,13:00,75,0.587,17.68,1326.0,-627.0,1.21,47.5,-11.3
short,300,無,130,200,13:10,75,0.587,9.89,742.0,-645.0,1.11,44.3,-23.6
short,300,無,130,200,13:20,75,0.613,25.81,1936.0,-613.0,1.32,56.1,-3.7
short,300,無,130,200,13:30,75,0.613,30.16,2262.0,-619.0,1.38,55.1,5.9
short,300,無,130,200,13:44,75,0.613,32.79,2459.0,-618.0,1.4,51.4,14.7
short,300,無,130,250,12:00,75,0.507,20.73,1555.0,-594.0,1.27,34.8,7.0
short,300,無,130,250,12:30,75,0.56,29.8,2235.0,-642.0,1.38,45.6,14.4
short,300,無,130,250,13:00,75,0.547,24.11,1808.0,-627.0,1.27,44.5,4.2
short,300,無,130,250,13:10,75,0.56,15.08,1131.0,-645.0,1.15,39.0,-8.2
short,300,無,130,250,13:20,75,0.587,30.72,2304.0,-613.0,1.35,50.8,11.2
short,300,無,130,250,13:30,75,0.587,37.19,2789.0,-619.0,1.44,52.8,22.0
short,300,無,130,250,13:44,75,0.587,41.6,3120.0,-618.0,1.49,50.2,33.2
short,300,無,140,50,12:00,76,0.803,-0.05,-4.0,-604.0,1.0,4.0,-3.9
short,300,無,140,50,12:30,76,0.816,-0.03,-2.0,-642.0,1.0,2.5,-2.4
short,300,無,140,50,13:00,76,0.855,6.76,514.0,-627.0,1.2,11.1,2.7
short,300,無,140,50,13:10,76,0.855,1.72,131.0,-645.0,1.04,3.6,-0.1
short,300,無,140,50,13:20,76,0.855,5.33,405.0,-613.0,1.15,11.2,-0.2
short,300,無,140,50,13:30,76,0.855,6.72,511.0,-619.0,1.2,11.2,2.5
short,300,無,140,50,13:44,76,0.868,9.41,715.0,-618.0,1.29,7.7,11.0
short,300,無,140,75,12:00,76,0.75,10.75,817.0,-604.0,1.24,18.1,3.8
short,300,無,140,75,12:30,76,0.763,9.79,744.0,-642.0,1.22,16.7,3.2
short,300,無,140,75,13:00,76,0.776,11.83,899.0,-627.0,1.27,22.3,1.9
short,300,無,140,75,13:10,76,0.789,6.46,491.0,-645.0,1.13,14.5,-1.2
short,300,無,140,75,13:20,76,0.803,12.82,974.0,-613.0,1.28,22.8,3.4
short,300,無,140,75,13:30,76,0.803,14.45,1098.0,-619.0,1.33,22.7,6.6
short,300,無,140,75,13:44,76,0.816,16.8,1277.0,-618.0,1.39,18.4,15.3
short,300,無,140,100,12:00,76,0.724,23.61,1794.0,-604.0,1.5,31.8,15.8
short,300,無,140,100,12:30,76,0.75,25.13,1910.0,-642.0,1.53,34.3,16.4
short,300,無,140,100,13:00,76,0.763,25.5,1938.0,-627.0,1.53,40.5,11.2
short,300,無,140,100,13:10,76,0.776,19.8,1505.0,-645.0,1.36,33.1,7.2
short,300,無,140,100,13:20,76,0.789,27.82,2114.0,-613.0,1.57,41.7,14.7
short,300,無,140,100,13:30,76,0.789,30.2,2295.0,-619.0,1.64,41.6,19.4
short,300,無,140,100,13:44,76,0.803,33.25,2527.0,-618.0,1.73,37.3,29.4
short,300,無,140,150,12:00,76,0.592,13.43,1021.0,-604.0,1.19,42.0,-13.7
short,300,無,140,150,12:30,76,0.632,16.54,1257.0,-642.0,1.23,45.8,-11.2
short,300,無,140,150,13:00,76,0.645,10.72,815.0,-627.0,1.13,50.8,-27.3
short,300,無,140,150,13:10,76,0.645,2.64,201.0,-645.0,1.03,48.2,-40.6
short,300,無,140,150,13:20,76,0.671,16.17,1229.0,-613.0,1.21,57.6,-23.2
short,300,無,140,150,13:30,76,0.671,22.51,1711.0,-619.0,1.3,60.3,-13.3
short,300,無,140,150,13:44,76,0.684,25.93,1971.0,-618.0,1.36,57.9,-4.4
short,300,無,140,200,12:00,76,0.539,21.37,1624.0,-604.0,1.28,37.4,6.2
short,300,無,140,200,12:30,76,0.605,27.01,2053.0,-642.0,1.35,42.7,12.1
short,300,無,140,200,13:00,76,0.592,18.58,1412.0,-627.0,1.22,46.1,-7.5
short,300,無,140,200,13:10,76,0.592,10.89,828.0,-645.0,1.12,42.9,-19.5
short,300,無,140,200,13:20,76,0.618,26.74,2032.0,-613.0,1.33,55.0,-0.1
short,300,無,140,200,13:30,76,0.618,31.16,2368.0,-619.0,1.39,53.9,9.5
short,300,無,140,200,13:44,76,0.618,33.75,2565.0,-618.0,1.42,50.2,18.1
short,300,無,140,250,12:00,76,0.5,21.86,1661.0,-604.0,1.28,33.1,11.2
short,300,無,140,250,12:30,76,0.566,31.07,2361.0,-642.0,1.39,44.2,18.6
short,300,無,140,250,13:00,76,0.553,25.45,1934.0,-627.0,1.29,43.1,8.7
short,300,無,140,250,13:10,76,0.553,16.54,1257.0,-645.0,1.17,37.6,-3.5
short,300,無,140,250,13:20,76,0.592,31.97,2430.0,-613.0,1.37,49.4,15.4
short,300,無,140,250,13:30,76,0.592,38.49,2925.0,-619.0,1.46,51.6,26.0
short,300,無,140,250,13:44,76,0.592,41.49,3153.0,-618.0,1.49,49.1,34.3
short,300,無,150,50,12:00,77,0.818,1.81,139.0,-614.0,1.05,7.9,-4.2
short,300,無,150,50,12:30,77,0.831,2.09,161.0,-642.0,1.06,6.9,-2.6
short,300,無,150,50,13:00,77,0.87,9.0,693.0,-627.0,1.27,15.7,2.4
short,300,無,150,50,13:10,77,0.87,5.18,399.0,-645.0,1.14,10.8,-0.3
short,300,無,150,50,13:20,77,0.87,8.78,676.0,-613.0,1.27,18.3,-0.5
short,300,無,150,50,13:30,77,0.87,8.94,688.0,-619.0,1.27,15.8,2.2
short,300,無,150,50,13:44,77,0.883,11.79,908.0,-618.0,1.39,12.8,10.8
short,300,無,150,75,12:00,77,0.753,10.78,830.0,-614.0,1.24,18.7,3.1
short,300,無,150,75,12:30,77,0.766,9.83,757.0,-642.0,1.22,17.4,2.4
short,300,無,150,75,13:00,77,0.779,11.97,922.0,-627.0,1.27,23.1,1.1
short,300,無,150,75,13:10,77,0.792,6.68,514.0,-645.0,1.13,15.5,-1.9
short,300,無,150,75,13:20,77,0.805,12.95,997.0,-613.0,1.29,23.6,2.6
short,300,無,150,75,13:30,77,0.805,14.82,1141.0,-619.0,1.34,23.5,6.4
short,300,無,150,75,13:44,77,0.818,17.14,1320.0,-618.0,1.4,19.3,15.1
short,300,無,150,100,12:00,77,0.714,19.68,1515.0,-614.0,1.4,31.9,7.8
short,300,無,150,100,12:30,77,0.74,20.17,1553.0,-642.0,1.4,33.6,7.1
short,300,無,150,100,13:00,77,0.753,20.6,1586.0,-627.0,1.39,41.5,0.2
short,300,無,150,100,13:10,77,0.766,15.05,1159.0,-645.0,1.26,34.3,-3.7
short,300,無,150,100,13:20,77,0.779,23.35,1798.0,-613.0,1.45,42.6,4.6
short,300,無,150,100,13:30,77,0.779,26.1,2010.0,-619.0,1.52,42.6,10.1
short,300,無,150,100,13:44,77,0.792,29.18,2247.0,-618.0,1.6,38.3,20.3
short,300,無,150,150,12:00,77,0.597,12.69,977.0,-614.0,1.18,41.5,-15.4
short,300,無,150,150,12:30,77,0.636,15.53,1196.0,-642.0,1.21,44.4,-12.6
short,300,無,150,150,13:00,77,0.649,9.95,766.0,-627.0,1.13,49.7,-28.8
short,300,無,150,150,13:10,77,0.649,2.08,160.0,-645.0,1.02,47.3,-42.0
short,300,無,150,150,13:20,77,0.675,15.58,1200.0,-613.0,1.2,56.9,-24.6
short,300,無,150,150,13:30,77,0.675,21.65,1667.0,-619.0,1.29,58.8,-14.5
short,300,無,150,150,13:44,77,0.688,25.26,1945.0,-618.0,1.35,56.9,-5.6
short,300,無,150,200,12:00,77,0.545,20.39,1570.0,-614.0,1.27,36.7,4.5
short,300,無,150,200,12:30,77,0.61,25.74,1982.0,-642.0,1.34,41.2,10.6
short,300,無,150,200,13:00,77,0.597,17.57,1353.0,-627.0,1.21,44.8,-8.9
short,300,無,150,200,13:10,77,0.597,10.09,777.0,-645.0,1.11,41.9,-20.9
short,300,無,150,200,13:20,77,0.623,25.69,1978.0,-613.0,1.31,53.6,-1.5
short,300,無,150,200,13:30,77,0.623,30.7,2364.0,-619.0,1.39,53.7,8.3
short,300,無,150,200,13:44,77,0.623,32.71,2519.0,-618.0,1.4,48.9,16.9
short,300,無,150,250,12:00,77,0.494,16.25,1251.0,-614.0,1.2,32.3,0.6
short,300,無,150,250,12:30,77,0.558,23.34,1797.0,-642.0,1.28,42.7,4.5
short,300,無,150,250,13:00,77,0.545,16.53,1273.0,-627.0,1.18,41.9,-8.2
short,300,無,150,250,13:10,77,0.545,7.95,612.0,-645.0,1.08,36.8,-20.2
short,300,無,150,250,13:20,77,0.584,23.1,1779.0,-613.0,1.26,48.3,-1.5
short,300,無,150,250,13:30,77,0.584,30.06,2315.0,-619.0,1.34,51.4,9.3
short,300,無,150,250,13:44,77,0.584,32.43,2497.0,-618.0,1.36,47.8,17.5
short,400,無,10,50,12:00,44,0.864,21.48,945.0,-474.0,2.08,12.8,26.4
short,400,無,10,50,12:30,44,0.864,19.98,879.0,-288.0,1.93,0.6,31.0
short,400,無,10,50,13:00,44,0.886,22.18,976.0,-297.0,2.12,8.5,30.0
short,400,無,10,50,13:10,44,0.864,20.09,884.0,-372.0,1.94,1.1,31.0
short,400,無,10,50,13:20,44,0.864,22.82,1004.0,-336.0,2.22,13.6,28.1
short,400,無,10,50,13:30,44,0.864,21.45,944.0,-435.0,2.07,13.2,26.2
short,400,無,10,50,13:44,44,0.886,30.39,1337.0,-262.0,3.5,9.4,42.4
short,400,無,10,75,12:00,44,0.773,11.55,508.0,-474.0,1.26,31.6,0.1
short,400,無,10,75,12:30,44,0.773,3.7,163.0,-529.0,1.07,19.4,-5.2
short,400,無,10,75,13:00,44,0.795,2.84,125.0,-514.0,1.05,27.2,-11.1
short,400,無,10,75,13:10,44,0.773,-0.39,-17.0,-532.0,0.99,19.8,-11.9
short,400,無,10,75,13:20,44,0.773,6.7,295.0,-500.0,1.13,32.4,-8.0
short,400,無,10,75,13:30,44,0.773,6.43,283.0,-506.0,1.13,31.9,-8.1
short,400,無,10,75,13:44,44,0.795,12.43,547.0,-505.0,1.27,28.2,3.4
short,400,無,10,100,12:00,44,0.75,26.36,1160.0,-474.0,1.59,39.5,18.9
short,400,無,10,100,12:30,44,0.773,23.02,1013.0,-529.0,1.44,38.1,14.4
short,400,無,10,100,13:00,44,0.795,22.16,975.0,-514.0,1.41,46.0,8.5
short,400,無,10,100,13:10,44,0.773,18.93,833.0,-532.0,1.33,38.6,7.7
short,400,無,10,100,13:20,44,0.773,26.02,1145.0,-500.0,1.52,51.1,11.7
short,400,無,10,100,13:30,44,0.773,25.75,1133.0,-506.0,1.52,50.7,11.5
short,400,無,10,100,13:44,44,0.773,28.05,1234.0,-505.0,1.59,46.9,17.2
short,400,無,10,150,12:00,44,0.614,9.52,419.0,-474.0,1.14,21.9,2.5
short,400,無,10,150,12:30,44,0.659,15.75,693.0,-529.0,1.22,26.1,9.9
short,400,無,10,150,13:00,44,0.659,14.45,636.0,-514.0,1.19,39.8,-0.0
short,400,無,10,150,13:10,44,0.614,5.07,223.0,-532.0,1.06,34.9,-12.0
short,400,無,10,150,13:20,44,0.614,16.18,712.0,-500.0,1.22,43.9,0.4
short,400,無,10,150,13:30,44,0.682,28.57,1257.0,-506.0,1.44,49.7,16.5
short,400,無,10,150,13:44,44,0.705,35.0,1540.0,-505.0,1.57,48.6,27.2
short,400,無,10,200,12:00,44,0.614,30.43,1339.0,-474.0,1.44,43.8,22.8
short,400,無,10,200,12:30,44,0.659,37.48,1649.0,-529.0,1.52,46.8,32.1
short,400,無,10,200,13:00,44,0.636,29.02,1277.0,-514.0,1.37,54.3,14.6
short,400,無,10,200,13:10,44,0.591,17.73,780.0,-532.0,1.2,56.4,-4.4
short,400,無,10,200,13:20,44,0.568,28.09,1236.0,-500.0,1.36,65.5,6.7
short,400,無,10,200,13:30,44,0.659,40.8,1795.0,-506.0,1.59,69.0,24.7
short,400,無,10,200,13:44,44,0.659,45.7,2011.0,-505.0,1.68,67.4,33.3
short,400,無,10,250,12:00,44,0.568,22.18,976.0,-474.0,1.3,46.8,8.1
short,400,無,10,250,12:30,44,0.591,21.73,956.0,-529.0,1.27,47.7,6.9
short,400,無,10,250,13:00,44,0.568,16.07,707.0,-514.0,1.17,61.2,-9.8
short,400,無,10,250,13:10,44,0.523,-0.45,-20.0,-532.0,1.0,57.8,-33.7
short,400,無,10,250,13:20,44,0.5,16.73,736.0,-500.0,1.18,73.4,-15.7
short,400,無,10,250,13:30,44,0.568,23.57,1037.0,-506.0,1.27,65.5,-0.4
short,400,無,10,250,13:44,44,0.591,33.41,1470.0,-505.0,1.4,79.1,7.3
short,400,無,20,50,12:00,45,0.889,16.04,722.0,-484.0,1.6,17.7,15.1
short,400,無,20,50,12:30,45,0.889,15.02,676.0,-429.0,1.54,6.4,19.8
short,400,無,20,50,13:00,45,0.911,18.2,819.0,-415.0,1.74,12.1,21.6
short,400,無,20,50,13:10,45,0.889,16.96,763.0,-390.0,1.66,5.8,23.1
short,400,無,20,50,13:20,45,0.889,19.0,855.0,-357.0,1.8,16.4,20.4
short,400,無,20,50,13:30,45,0.889,17.64,794.0,-445.0,1.71,16.4,18.3
short,400,無,20,50,13:44,45,0.911,24.89,1120.0,-450.0,2.32,14.1,30.8
short,400,無,20,75,12:00,45,0.822,21.93,987.0,-484.0,1.59,29.7,17.7
short,400,無,20,75,12:30,45,0.822,16.42,739.0,-539.0,1.38,17.5,15.8
short,400,無,20,75,13:00,45,0.844,17.33,780.0,-524.0,1.4,25.4,12.9
short,400,無,20,75,13:10,45,0.822,14.44,650.0,-542.0,1.32,17.9,12.5
short,400,無,20,75,13:20,45,0.822,20.44,920.0,-510.0,1.52,30.5,14.9
short,400,無,20,75,13:30,45,0.822,18.96,853.0,-516.0,1.46,30.1,12.8
short,400,無,20,75,13:44,45,0.844,26.87,1209.0,-515.0,1.77,26.3,27.2
short,400,無,20,100,12:00,45,0.778,34.71,1562.0,-484.0,1.89,37.0,33.4
short,400,無,20,100,12:30,45,0.8,32.47,1461.0,-539.0,1.71,36.2,30.4
short,400,無,20,100,13:00,45,0.822,31.89,1435.0,-524.0,1.68,44.1,25.1
short,400,無,20,100,13:10,45,0.8,29.13,1311.0,-542.0,1.59,36.7,25.0
short,400,無,20,100,13:20,45,0.8,35.8,1611.0,-510.0,1.84,49.2,28.4
short,400,無,20,100,13:30,45,0.8,35.33,1590.0,-516.0,1.82,48.8,27.9
short,400,無,20,100,13:44,45,0.8,38.73,1743.0,-515.0,1.98,45.1,35.2
short,400,無,20,150,12:00,45,0.622,8.18,368.0,-484.0,1.12,17.5,3.0
short,400,無,20,150,12:30,45,0.667,14.93,672.0,-539.0,1.2,22.3,10.9
short,400,無,20,150,13:00,45,0.644,9.27,417.0,-524.0,1.12,36.7,-5.9
short,400,無,20,150,13:10,45,0.6,-1.78,-80.0,-542.0,0.98,31.8,-20.3
short,400,無,20,150,13:20,45,0.6,8.91,401.0,-510.0,1.11,40.8,-8.7
short,400,無,20,150,13:30,45,0.667,19.73,888.0,-516.0,1.28,46.6,4.9
short,400,無,20,150,13:44,45,0.689,25.18,1133.0,-515.0,1.37,45.4,14.0
short,400,無,20,200,12:00,45,0.622,27.42,1234.0,-484.0,1.39,33.5,24.1
short,400,無,20,200,12:30,45,0.667,34.84,1568.0,-539.0,1.48,37.4,33.4
short,400,無,20,200,13:00,45,0.644,26.6,1197.0,-524.0,1.33,45.0,16.4
short,400,無,20,200,13:10,45,0.6,15.44,695.0,-542.0,1.17,46.8,-1.9
short,400,無,20,200,13:20,45,0.578,26.29,1183.0,-510.0,1.32,57.9,8.9
short,400,無,20,200,13:30,45,0.667,38.02,1711.0,-516.0,1.54,59.4,26.2
short,400,無,20,200,13:44,45,0.667,44.13,1986.0,-515.0,1.65,60.9,34.9
short,400,無,20,250,12:00,45,0.578,21.0,945.0,-484.0,1.27,41.2,9.9
short,400,無,20,250,12:30,45,0.6,20.78,935.0,-539.0,1.25,42.1,9.0
short,400,無,20,250,13:00,45,0.578,15.69,706.0,-524.0,1.17,55.6,-6.3
short,400,無,20,250,13:10,45,0.533,-0.47,-21.0,-542.0,1.0,52.1,-29.5
short,400,無,20,250,13:20,45,0.511,16.33,735.0,-510.0,1.17,67.8,-12.1
short,400,無,20,250,13:30,45,0.578,23.47,1056.0,-516.0,1.26,61.1,2.7
short,400,無,20,250,13:44,45,0.6,33.31,1499.0,-515.0,1.39,74.7,10.5
short,400,無,30,50,12:00,45,0.867,11.33,510.0,-494.0,1.37,16.4,8.5
short,400,無,30,50,12:30,45,0.867,10.53,474.0,-439.0,1.34,5.2,13.5
short,400,無,30,50,13:00,45,0.889,10.33,465.0,-425.0,1.33,10.9,10.0
short,400,無,30,50,13:10,45,0.867,8.22,370.0,-400.0,1.25,4.5,10.3
short,400,無,30,50,13:20,45,0.867,12.82,577.0,-367.0,1.45,15.1,11.6
short,400,無,30,50,13:30,45,0.867,11.62,523.0,-455.0,1.39,15.1,9.7
short,400,無,30,50,13:44,45,0.889,19.71,887.0,-460.0,1.86,12.9,23.5
short,400,無,30,75,12:00,45,0.822,20.82,937.0,-494.0,1.54,26.1,17.9
short,400,無,30,75,12:30,45,0.822,14.87,669.0,-549.0,1.33,15.6,14.4
short,400,無,30,75,13:00,45,0.844,15.78,710.0,-534.0,1.36,23.5,11.5
short,400,無,30,75,13:10,45,0.822,12.89,580.0,-552.0,1.27,16.1,11.1
short,400,無,30,75,13:20,45,0.822,18.89,850.0,-520.0,1.46,28.6,13.5
short,400,無,30,75,13:30,45,0.822,17.4,783.0,-526.0,1.41,28.2,11.4
short,400,無,30,75,13:44,45,0.822,21.47,966.0,-525.0,1.56,24.4,19.8
short,400,無,30,100,12:00,45,0.778,32.62,1468.0,-494.0,1.8,34.5,31.6
short,400,無,30,100,12:30,45,0.822,33.71,1517.0,-549.0,1.75,34.4,33.3
short,400,無,30,100,13:00,45,0.822,33.53,1509.0,-534.0,1.75,42.2,28.7
short,400,無,30,100,13:10,45,0.8,28.2,1269.0,-552.0,1.56,34.8,24.6
short,400,無,30,100,13:20,45,0.8,35.73,1608.0,-520.0,1.84,47.4,29.3
short,400,無,30,100,13:30,45,0.8,35.71,1607.0,-526.0,1.84,46.9,29.5
short,400,無,30,100,13:44,45,0.822,40.38,1817.0,-525.0,2.05,43.2,38.8
short,400,無,30,150,12:00,45,0.644,9.91,446.0,-494.0,1.14,13.5,7.9
short,400,無,30,150,12:30,45,0.667,17.36,781.0,-549.0,1.24,18.9,16.5
short,400,無,30,150,13:00,45,0.667,13.4,603.0,-534.0,1.17,33.9,2.1
short,400,無,30,150,13:10,45,0.622,2.22,100.0,-552.0,1.02,29.0,-12.6
short,400,無,30,150,13:20,45,0.622,12.24,551.0,-520.0,1.15,38.0,-2.0
short,400,無,30,150,13:30,45,0.667,22.04,992.0,-526.0,1.31,43.8,10.0
short,400,無,30,150,13:44,45,0.689,28.38,1277.0,-525.0,1.42,42.7,20.5
short,400,無,30,200,12:00,45,0.644,31.02,1396.0,-494.0,1.43,29.1,32.1
short,400,無,30,200,12:30,45,0.667,40.31,1814.0,-549.0,1.55,33.1,44.3
short,400,無,30,200,13:00,45,0.667,33.91,1526.0,-534.0,1.43,40.6,30.2
short,400,無,30,200,13:10,45,0.622,23.8,1071.0,-552.0,1.26,42.4,13.5
short,400,無,30,200,13:20,45,0.622,35.78,1610.0,-520.0,1.45,54.1,25.7
short,400,無,30,200,13:30,45,0.667,44.51,2003.0,-526.0,1.63,56.3,38.0
short,400,無,30,200,13:44,45,0.667,51.73,2328.0,-525.0,1.76,57.8,48.4
short,400,無,30,250,12:00,45,0.556,10.53,474.0,-494.0,1.13,13.0,9.2
short,400,無,30,250,12:30,45,0.556,9.69,436.0,-549.0,1.11,10.7,9.1
short,400,無,30,250,13:00,45,0.556,7.71,347.0,-534.0,1.08,30.8,-5.0
short,400,無,30,250,13:10,45,0.511,-8.47,-381.0,-552.0,0.93,23.9,-26.3
short,400,無,30,250,13:20,45,0.511,9.89,445.0,-520.0,1.1,39.5,-6.4
short,400,無,30,250,13:30,45,0.533,16.71,752.0,-526.0,1.18,38.1,4.9
short,400,無,30,250,13:44,45,0.578,28.53,1284.0,-525.0,1.32,56.0,13.4
short,400,無,40,50,12:00,46,0.87,16.57,762.0,-383.0,1.66,9.6,20.7
short,400,無,40,50,12:30,46,0.87,5.78,266.0,-559.0,1.16,-1.9,10.3
short,400,無,40,50,13:00,46,0.87,9.15,421.0,-544.0,1.28,5.5,11.3
short,400,無,40,50,13:10,46,0.87,6.72,309.0,-562.0,1.19,-1.5,11.5
short,400,無,40,50,13:20,46,0.87,12.5,575.0,-530.0,1.43,10.4,13.8
short,400,無,40,50,13:30,46,0.87,13.04,600.0,-536.0,1.45,9.9,14.9
short,400,無,40,50,13:44,46,0.87,8.91,410.0,-535.0,1.27,6.4,10.4
short,400,無,40,75,12:00,46,0.826,20.43,940.0,-504.0,1.52,26.5,16.9
short,400,無,40,75,12:30,46,0.826,14.83,682.0,-559.0,1.33,17.2,13.4
short,400,無,40,75,13:00,46,0.826,15.72,723.0,-544.0,1.35,24.6,10.5
short,400,無,40,75,13:10,46,0.826,12.89,593.0,-562.0,1.27,17.6,10.1
short,400,無,40,75,13:20,46,0.826,18.76,863.0,-530.0,1.45,29.5,12.5
short,400,無,40,75,13:30,46,0.826,17.3,796.0,-536.0,1.4,29.1,10.4
short,400,無,40,75,13:44,46,0.826,21.28,979.0,-535.0,1.55,25.5,18.8
short,400,無,40,100,12:00,46,0.761,24.63,1133.0,-504.0,1.55,35.9,18.0
short,400,無,40,100,12:30,46,0.783,24.85,1143.0,-559.0,1.5,36.4,18.1
short,400,無,40,100,13:00,46,0.783,25.11,1155.0,-544.0,1.49,43.8,14.2
short,400,無,40,100,13:10,46,0.783,19.07,877.0,-562.0,1.33,36.8,8.7
short,400,無,40,100,13:20,46,0.783,27.91,1284.0,-530.0,1.57,48.6,15.8
short,400,無,40,100,13:30,46,0.783,28.8,1325.0,-536.0,1.6,48.2,17.4
short,400,無,40,100,13:44,46,0.804,33.98,1563.0,-535.0,1.79,44.6,27.7
short,400,無,40,150,12:00,46,0.652,9.65,444.0,-504.0,1.13,17.9,4.8
short,400,無,40,150,12:30,46,0.674,17.37,799.0,-559.0,1.24,23.6,13.7
short,400,無,40,150,13:00,46,0.63,13.72,631.0,-544.0,1.17,38.3,-0.7
short,400,無,40,150,13:10,46,0.63,2.78,128.0,-562.0,1.03,33.6,-15.3
short,400,無,40,150,13:20,46,0.63,12.59,579.0,-530.0,1.16,42.1,-4.7
short,400,無,40,150,13:30,46,0.652,22.17,1020.0,-536.0,1.31,47.6,7.3
short,400,無,40,150,13:44,46,0.696,28.59,1315.0,-535.0,1.42,46.5,18.1
short,400,無,40,200,12:00,46,0.63,22.0,1012.0,-504.0,1.3,32.1,16.1
short,400,無,40,200,12:30,46,0.652,29.35,1350.0,-559.0,1.39,29.5,29.3
short,400,無,40,200,13:00,46,0.609,20.57,946.0,-544.0,1.24,40.5,8.9
short,400,無,40,200,13:10,46,0.609,7.11,327.0,-562.0,1.07,37.2,-10.5
short,400,無,40,200,13:20,46,0.609,21.33,981.0,-530.0,1.24,51.9,3.4
short,400,無,40,200,13:30,46,0.609,26.24,1207.0,-536.0,1.32,42.1,16.9
short,400,無,40,200,13:44,46,0.652,40.15,1847.0,-535.0,1.55,54.9,31.5
short,400,無,40,250,12:00,46,0.565,5.46,251.0,-504.0,1.07,8.5,3.7
short,400,無,40,250,12:30,46,0.565,7.46,343.0,-559.0,1.08,13.4,4.0
short,400,無,40,250,13:00,46,0.522,4.04,186.0,-544.0,1.04,27.1,-9.5
short,400,無,40,250,13:10,46,0.522,-12.24,-563.0,-562.0,0.89,19.4,-30.8
short,400,無,40,250,13:20,46,0.522,5.93,273.0,-530.0,1.06,34.7,-10.9
short,400,無,40,250,13:30,46,0.522,12.91,594.0,-536.0,1.14,34.2,0.4
short,400,無,40,250,13:44,46,0.543,23.96,1102.0,-535.0,1.27,49.1,9.2
short,400,無,50,50,12:00,47,0.915,26.64,1252.0,-383.0,2.61,16.4,32.4
short,400,無,50,50,12:30,47,0.894,18.49,869.0,-439.0,1.76,5.8,25.7
short,400,無,50,50,13:00,47,0.894,18.4,865.0,-425.0,1.75,11.2,22.5
short,400,無,50,50,13:10,47,0.894,16.94,796.0,-404.0,1.65,5.2,23.6
short,400,無,50,50,13:20,47,0.894,21.09,991.0,-367.0,1.97,15.2,24.4
short,400,無,50,50,13:30,47,0.894,22.02,1035.0,-329.0,2.06,15.2,25.9
short,400,無,50,50,13:44,47,0.894,18.38,864.0,-460.0,1.75,13.1,21.4
short,400,無,50,75,12:00,47,0.83,36.23,1703.0,-383.0,2.57,27.4,41.2
short,400,無,50,75,12:30,47,0.851,31.11,1462.0,-439.0,2.05,15.9,39.7
short,400,無,50,75,13:00,47,0.83,27.49,1292.0,-425.0,1.83,23.4,29.8
short,400,無,50,75,13:10,47,0.83,22.49,1057.0,-404.0,1.59,16.4,26.0
short,400,無,50,75,13:20,47,0.83,31.21,1467.0,-367.0,2.06,28.2,32.9
short,400,無,50,75,13:30,47,0.83,33.55,1577.0,-329.0,2.24,27.8,36.8
short,400,無,50,75,13:44,47,0.851,32.04,1506.0,-460.0,2.07,24.2,36.5
short,400,無,50,100,12:00,47,0.745,30.91,1453.0,-514.0,1.8,33.3,29.6
short,400,無,50,100,12:30,47,0.766,31.66,1488.0,-439.0,1.77,28.9,33.2
short,400,無,50,100,13:00,47,0.766,29.36,1380.0,-425.0,1.64,35.9,25.6
short,400,無,50,100,13:10,47,0.766,22.11,1039.0,-404.0,1.42,23.7,21.2
short,400,無,50,100,13:20,47,0.766,29.85,1403.0,-376.0,1.66,35.4,26.7
short,400,無,50,100,13:30,47,0.766,32.98,1550.0,-475.0,1.78,40.5,28.7
short,400,無,50,100,13:44,47,0.787,37.6,1767.0,-460.0,2.0,36.0,38.5
short,400,無,50,150,12:00,47,0.617,9.32,438.0,-514.0,1.13,22.1,2.1
short,400,無,50,150,12:30,47,0.638,11.55,543.0,-569.0,1.15,21.1,6.1
short,400,無,50,150,13:00,47,0.617,4.19,197.0,-554.0,1.05,31.8,-11.4
short,400,無,50,150,13:10,47,0.617,-4.66,-219.0,-572.0,0.95,31.8,-25.3
short,400,無,50,150,13:20,47,0.617,4.77,224.0,-540.0,1.06,40.2,-15.3
short,400,無,50,150,13:30,47,0.638,14.28,671.0,-546.0,1.18,45.7,-3.5
short,400,無,50,150,13:44,47,0.681,20.68,972.0,-545.0,1.28,44.6,7.1
short,400,無,50,200,12:00,47,0.574,8.13,382.0,-514.0,1.11,28.5,-3.4
short,400,無,50,200,12:30,47,0.574,7.17,337.0,-569.0,1.08,25.8,-3.4
short,400,無,50,200,13:00,47,0.553,-4.89,-230.0,-554.0,0.95,36.8,-28.5
short,400,無,50,200,13:10,47,0.553,-17.57,-826.0,-572.0,0.84,33.5,-46.5
short,400,無,50,200,13:20,47,0.553,-2.74,-129.0,-540.0,0.97,48.3,-31.7
short,400,無,50,200,13:30,47,0.553,4.83,227.0,-546.0,1.05,39.6,-14.9
short,400,無,50,200,13:44,47,0.596,16.04,754.0,-545.0,1.19,52.4,-4.6
short,400,無,50,250,12:00,47,0.532,0.53,25.0,-514.0,1.01,3.7,-1.3
short,400,無,50,250,12:30,47,0.532,-0.43,-20.0,-569.0,1.0,8.6,-5.5
short,400,無,50,250,13:00,47,0.511,-5.72,-269.0,-554.0,0.95,22.3,-21.6
short,400,無,50,250,13:10,47,0.511,-21.49,-1010.0,-572.0,0.82,14.6,-41.9
short,400,無,50,250,13:20,47,0.511,-3.87,-182.0,-540.0,0.96,29.9,-23.0
short,400,無,50,250,13:30,47,0.511,2.57,121.0,-546.0,1.03,28.0,-11.8
short,400,無,50,250,13:44,47,0.532,13.38,629.0,-545.0,1.14,42.5,-3.1
short,400,無,60,50,12:00,51,0.882,21.06,1074.0,-383.0,2.03,9.4,27.4
short,400,無,60,50,12:30,51,0.863,13.45,686.0,-439.0,1.48,-1.4,21.6
short,400,無,60,50,13:00,51,0.863,11.08,565.0,-425.0,1.37,5.6,14.1
short,400,無,60,50,13:10,51,0.863,8.63,440.0,-404.0,1.26,-1.1,13.9
short,400,無,60,50,13:20,51,0.863,15.31,781.0,-367.0,1.59,10.1,18.2
short,400,無,60,50,13:30,51,0.863,16.18,825.0,-329.0,1.64,9.7,19.7
short,400,無,60,50,13:44,51,0.863,12.9,658.0,-460.0,1.45,6.4,16.5
short,400,無,60,75,12:00,51,0.863,39.67,2023.0,-383.0,2.81,28.8,45.6
short,400,無,60,75,12:30,51,0.843,33.41,1704.0,-439.0,2.19,18.0,41.8
short,400,無,60,75,13:00,51,0.843,30.08,1534.0,-425.0,1.96,25.0,32.8
short,400,無,60,75,13:10,51,0.843,25.47,1299.0,-404.0,1.71,18.4,29.3
short,400,無,60,75,13:20,51,0.843,33.51,1709.0,-367.0,2.2,29.6,35.7
short,400,無,60,75,13:30,51,0.843,35.67,1819.0,-329.0,2.38,29.2,39.2
short,400,無,60,75,13:44,51,0.843,32.92,1679.0,-460.0,2.15,25.8,36.8
short,400,無,60,100,12:00,51,0.745,20.96,1069.0,-524.0,1.43,35.2,13.2
short,400,無,60,100,12:30,51,0.725,18.45,941.0,-579.0,1.35,31.1,11.6
short,400,無,60,100,13:00,51,0.745,16.75,854.0,-564.0,1.3,37.7,5.3
short,400,無,60,100,13:10,51,0.745,7.04,359.0,-582.0,1.11,26.2,-3.4
short,400,無,60,100,13:20,51,0.745,15.59,795.0,-550.0,1.27,37.2,3.8
short,400,無,60,100,13:30,51,0.745,21.73,1108.0,-556.0,1.42,42.0,10.7
short,400,無,60,100,13:44,51,0.765,27.96,1426.0,-555.0,1.6,37.8,22.6
short,400,無,60,150,12:00,51,0.647,17.65,900.0,-524.0,1.25,26.8,12.6
short,400,無,60,150,12:30,51,0.647,19.9,1015.0,-579.0,1.27,25.9,16.6
short,400,無,60,150,13:00,51,0.647,13.12,669.0,-564.0,1.16,36.0,0.6
short,400,無,60,150,13:10,51,0.647,5.16,263.0,-582.0,1.06,36.6,-12.0
short,400,無,60,150,13:20,51,0.647,13.84,706.0,-550.0,1.17,44.6,-2.9
short,400,無,60,150,13:30,51,0.647,22.61,1153.0,-556.0,1.31,49.7,7.8
short,400,無,60,150,13:44,51,0.686,28.71,1464.0,-555.0,1.41,48.7,17.8
short,400,無,60,200,12:00,51,0.588,10.45,533.0,-524.0,1.13,34.8,-2.8
short,400,無,60,200,12:30,51,0.569,9.16,467.0,-579.0,1.1,32.3,-3.5
short,400,無,60,200,13:00,51,0.569,-1.27,-65.0,-564.0,0.99,42.7,-25.3
short,400,無,60,200,13:10,51,0.549,-14.33,-731.0,-582.0,0.87,39.6,-43.8
short,400,無,60,200,13:20,51,0.569,1.73,88.0,-550.0,1.02,53.6,-26.5
short,400,無,60,200,13:30,51,0.549,5.71,291.0,-556.0,1.06,46.2,-16.4
short,400,無,60,200,13:44,51,0.588,14.31,730.0,-555.0,1.16,58.3,-9.7
short,400,無,60,250,12:00,51,0.549,15.53,792.0,-524.0,1.19,13.1,16.8
short,400,無,60,250,12:30,51,0.549,14.84,757.0,-579.0,1.16,17.7,13.3
short,400,無,60,250,13:00,51,0.549,10.16,518.0,-564.0,1.1,30.7,-1.0
short,400,無,60,250,13:10,51,0.529,-4.37,-223.0,-582.0,0.96,23.4,-19.5
short,400,無,60,250,13:20,51,0.549,11.86,605.0,-550.0,1.12,37.8,-2.3
short,400,無,60,250,13:30,51,0.529,17.9,913.0,-556.0,1.19,36.3,7.8
short,400,無,60,250,13:44,51,0.549,28.06,1431.0,-555.0,1.31,50.0,16.1
short,400,無,70,50,12:00,54,0.907,28.52,1540.0,-383.0,2.9,21.1,33.2
short,400,無,70,50,12:30,54,0.907,21.74,1174.0,-439.0,2.0,13.3,27.1
short,400,無,70,50,13:00,54,0.907,20.56,1110.0,-425.0,1.89,14.8,24.2
short,400,無,70,50,13:10,54,0.907,19.65,1061.0,-404.0,1.82,10.9,25.2
short,400,無,70,50,13:20,54,0.907,23.59,1274.0,-367.0,2.18,19.9,26.0
short,400,無,70,50,13:30,54,0.907,24.52,1324.0,-329.0,2.29,20.1,27.3
short,400,無,70,50,13:44,54,0.907,20.67,1116.0,-460.0,1.9,16.7,23.2
short,400,無,70,75,12:00,54,0.833,29.07,1570.0,-534.0,1.92,34.2,25.8
short,400,無,70,75,12:30,54,0.833,25.67,1386.0,-439.0,1.73,24.9,26.2
short,400,無,70,75,13:00,54,0.833,24.37,1316.0,-425.0,1.67,30.9,20.2
short,400,無,70,75,13:10,54,0.833,20.43,1103.0,-404.0,1.51,25.2,17.4
short,400,無,70,75,13:20,54,0.833,25.09,1355.0,-396.0,1.7,34.8,18.9
short,400,無,70,75,13:30,54,0.833,25.94,1401.0,-495.0,1.74,34.5,20.5
short,400,無,70,75,13:44,54,0.833,29.74,1606.0,-460.0,1.96,31.6,28.5
short,400,無,70,100,12:00,54,0.741,26.35,1423.0,-534.0,1.59,38.4,18.7
short,400,無,70,100,12:30,54,0.741,23.67,1278.0,-589.0,1.48,34.5,16.8
short,400,無,70,100,13:00,54,0.759,22.85,1234.0,-574.0,1.44,44.9,8.8
short,400,無,70,100,13:10,54,0.759,12.85,694.0,-592.0,1.21,35.0,-1.2
short,400,無,70,100,13:20,54,0.759,18.65,1007.0,-560.0,1.33,44.4,2.2
short,400,無,70,100,13:30,54,0.759,23.24,1255.0,-566.0,1.45,48.6,7.1
short,400,無,70,100,13:44,54,0.778,27.91,1507.0,-565.0,1.58,45.0,17.1
short,400,無,70,150,12:00,54,0.648,23.09,1247.0,-534.0,1.34,42.2,10.9
short,400,無,70,150,12:30,54,0.648,23.26,1256.0,-589.0,1.33,41.5,11.7
short,400,無,70,150,13:00,54,0.667,17.02,919.0,-574.0,1.22,50.1,-4.0
short,400,無,70,150,13:10,54,0.667,8.5,459.0,-592.0,1.1,50.9,-18.5
short,400,無,70,150,13:20,54,0.667,17.61,951.0,-560.0,1.22,57.9,-8.0
short,400,無,70,150,13:30,54,0.667,26.07,1408.0,-566.0,1.37,62.3,3.0
short,400,無,70,150,13:44,54,0.704,31.06,1677.0,-565.0,1.45,61.5,11.7
short,400,無,70,200,12:00,54,0.574,22.93,1238.0,-534.0,1.3,60.0,-0.6
short,400,無,70,200,12:30,54,0.574,21.26,1148.0,-589.0,1.25,63.0,-5.3
short,400,無,70,200,13:00,54,0.593,8.87,479.0,-574.0,1.09,68.7,-29.2
short,400,無,70,200,13:10,54,0.593,-1.89,-102.0,-592.0,0.98,70.1,-47.7
short,400,無,70,200,13:20,54,0.593,11.91,643.0,-560.0,1.12,78.5,-30.5
short,400,無,70,200,13:30,54,0.593,20.15,1088.0,-566.0,1.23,83.8,-20.3
short,400,無,70,200,13:44,54,0.611,24.89,1344.0,-565.0,1.28,84.9,-13.3
short,400,無,70,250,12:00,54,0.519,24.56,1326.0,-534.0,1.31,49.9,8.4
short,400,無,70,250,12:30,54,0.556,28.46,1537.0,-589.0,1.32,59.0,9.0
short,400,無,70,250,13:00,54,0.574,23.0,1242.0,-574.0,1.23,67.0,-5.0
short,400,無,70,250,13:10,54,0.556,10.85,586.0,-592.0,1.1,64.8,-23.5
short,400,無,70,250,13:20,54,0.574,24.81,1340.0,-560.0,1.25,73.6,-6.2
short,400,無,70,250,13:30,54,0.574,34.81,1880.0,-566.0,1.38,83.4,3.9
short,400,無,70,250,13:44,54,0.574,41.02,2215.0,-565.0,1.46,85.9,12.5
short,400,無,80,50,12:00,54,0.889,25.44,1374.0,-383.0,2.48,20.6,28.5
short,400,無,80,50,12:30,54,0.889,19.94,1077.0,-439.0,1.88,12.9,24.5
short,400,無,80,50,13:00,54,0.889,17.85,964.0,-425.0,1.72,14.3,20.1
short,400,無,80,50,13:10,54,0.889,14.91,805.0,-404.0,1.54,10.4,17.8
short,400,無,80,50,13:20,54,0.889,20.13,1087.0,-367.0,1.89,19.4,20.6
short,400,無,80,50,13:30,54,0.889,22.28,1203.0,-329.0,2.09,19.7,23.9
short,400,無,80,50,13:44,54,0.889,18.93,1022.0,-460.0,1.8,16.2,20.7
short,400,無,80,75,12:00,54,0.778,17.74,958.0,-544.0,1.45,29.0,10.6
short,400,無,80,75,12:30,54,0.778,17.13,925.0,-439.0,1.43,18.7,16.1
short,400,無,80,75,13:00,54,0.796,17.96,970.0,-425.0,1.45,24.4,13.8
short,400,無,80,75,13:10,54,0.796,9.85,532.0,-404.0,1.2,14.5,6.9
short,400,無,80,75,13:20,54,0.796,15.2,821.0,-406.0,1.35,24.0,9.6
short,400,無,80,75,13:30,54,0.796,20.98,1133.0,-505.0,1.56,28.1,16.5
short,400,無,80,75,13:44,54,0.815,26.24,1417.0,-460.0,1.79,24.5,27.4
short,400,無,80,100,12:00,54,0.704,19.35,1045.0,-544.0,1.39,36.5,8.5
short,400,無,80,100,12:30,54,0.722,16.85,910.0,-599.0,1.31,32.6,6.8
short,400,無,80,100,13:00,54,0.741,13.41,724.0,-584.0,1.23,43.5,-5.7
short,400,無,80,100,13:10,54,0.741,2.69,145.0,-602.0,1.04,33.6,-17.0
short,400,無,80,100,13:20,54,0.741,10.61,573.0,-570.0,1.17,43.0,-10.0
short,400,無,80,100,13:30,54,0.741,15.33,828.0,-576.0,1.27,47.1,-4.9
short,400,無,80,100,13:44,54,0.759,20.7,1118.0,-575.0,1.39,43.5,6.2
short,400,無,80,150,12:00,54,0.611,20.76,1121.0,-544.0,1.3,40.3,8.3
short,400,無,80,150,12:30,54,0.648,20.93,1130.0,-599.0,1.29,39.6,9.1
short,400,無,80,150,13:00,54,0.667,14.69,793.0,-584.0,1.18,48.2,-6.6
short,400,無,80,150,13:10,54,0.667,6.17,333.0,-602.0,1.07,49.0,-21.1
short,400,無,80,150,13:20,54,0.667,15.46,835.0,-570.0,1.19,56.5,-10.6
short,400,無,80,150,13:30,54,0.667,23.93,1292.0,-576.0,1.33,60.9,0.4
short,400,無,80,150,13:44,54,0.704,29.09,1571.0,-575.0,1.41,60.0,9.4
short,400,無,80,200,12:00,54,0.537,16.72,903.0,-544.0,1.2,40.4,1.7
short,400,無,80,200,12:30,54,0.574,17.85,964.0,-599.0,1.2,41.0,3.2
short,400,無,80,200,13:00,54,0.593,7.33,396.0,-584.0,1.07,51.7,-20.9
short,400,無,80,200,13:10,54,0.593,-4.59,-248.0,-602.0,0.96,50.5,-39.6
short,400,無,80,200,13:20,54,0.593,8.8,475.0,-570.0,1.09,58.9,-23.1
short,400,無,80,200,13:30,54,0.593,17.35,937.0,-576.0,1.19,67.7,-14.7
short,400,無,80,200,13:44,54,0.611,25.2,1361.0,-575.0,1.29,72.1,-4.6
short,400,無,80,250,12:00,54,0.5,23.96,1294.0,-544.0,1.29,42.4,12.2
short,400,無,80,250,12:30,54,0.574,31.96,1726.0,-599.0,1.36,52.4,19.0
short,400,無,80,250,13:00,54,0.593,25.56,1380.0,-584.0,1.26,58.0,4.9
short,400,無,80,250,13:10,54,0.574,13.35,721.0,-602.0,1.12,56.1,-13.9
short,400,無,80,250,13:20,54,0.574,26.31,1421.0,-570.0,1.26,63.4,2.7
short,400,無,80,250,13:30,54,0.574,35.81,1934.0,-576.0,1.39,74.7,11.1
short,400,無,80,250,13:44,54,0.593,43.96,2374.0,-575.0,1.5,77.5,22.6
short,400,無,90,50,12:00,55,0.873,22.22,1222.0,-383.0,2.13,13.7,27.9
short,400,無,90,50,12:30,55,0.873,16.24,893.0,-439.0,1.63,4.8,23.8
short,400,無,90,50,13:00,55,0.873,15.91,875.0,-425.0,1.61,10.5,19.5
short,400,無,90,50,13:10,55,0.873,12.35,679.0,-404.0,1.42,5.1,17.2
short,400,無,90,50,13:20,55,0.873,17.71,974.0,-367.0,1.73,14.3,20.0
short,400,無,90,50,13:30,55,0.873,19.58,1077.0,-329.0,1.88,14.0,23.3
short,400,無,90,50,13:44,55,0.873,16.53,909.0,-460.0,1.65,11.2,20.1
short,400,無,90,75,12:00,55,0.764,9.35,514.0,-554.0,1.2,29.6,-4.2
short,400,無,90,75,12:30,55,0.764,4.29,236.0,-609.0,1.08,19.8,-6.1
short,400,無,90,75,13:00,55,0.782,5.56,306.0,-594.0,1.11,25.3,-7.6
short,400,無,90,75,13:10,55,0.782,-2.73,-150.0,-612.0,0.95,15.8,-15.1
short,400,無,90,75,13:20,55,0.782,3.11,171.0,-580.0,1.06,24.8,-11.4
short,400,無,90,75,13:30,55,0.782,8.67,477.0,-586.0,1.18,28.8,-4.7
short,400,無,90,75,13:44,55,0.8,14.04,772.0,-585.0,1.32,25.3,6.5
short,400,無,90,100,12:00,55,0.709,18.96,1043.0,-554.0,1.38,37.5,6.6
short,400,無,90,100,12:30,55,0.727,16.51,908.0,-609.0,1.3,33.7,5.0
short,400,無,90,100,13:00,55,0.745,13.31,732.0,-594.0,1.22,44.6,-7.5
short,400,無,90,100,13:10,55,0.745,2.78,153.0,-612.0,1.04,35.1,-18.8
short,400,無,90,100,13:20,55,0.745,10.56,581.0,-580.0,1.17,44.1,-11.8
short,400,無,90,100,13:30,55,0.745,15.2,836.0,-586.0,1.26,48.1,-6.7
short,400,無,90,100,13:44,55,0.764,20.65,1136.0,-585.0,1.38,44.6,4.7
short,400,無,90,150,12:00,55,0.6,15.58,857.0,-554.0,1.21,43.4,-3.0
short,400,無,90,150,12:30,55,0.636,15.87,873.0,-609.0,1.21,42.7,-2.0
short,400,無,90,150,13:00,55,0.655,5.51,303.0,-594.0,1.06,50.9,-24.8
short,400,無,90,150,13:10,55,0.636,-4.29,-236.0,-612.0,0.96,51.6,-41.6
short,400,無,90,150,13:20,55,0.655,5.58,307.0,-580.0,1.06,58.4,-29.6
short,400,無,90,150,13:30,55,0.655,14.89,819.0,-586.0,1.19,63.5,-17.5
short,400,無,90,150,13:44,55,0.673,22.18,1220.0,-585.0,1.3,62.7,-4.8
short,400,無,90,200,12:00,55,0.527,13.07,719.0,-554.0,1.16,35.2,-1.7
short,400,無,90,200,12:30,55,0.582,16.55,910.0,-609.0,1.19,41.2,0.1
short,400,無,90,200,13:00,55,0.582,4.62,254.0,-594.0,1.05,47.4,-23.9
short,400,無,90,200,13:10,55,0.564,-7.47,-411.0,-612.0,0.93,45.3,-42.7
short,400,無,90,200,13:20,55,0.582,5.85,322.0,-580.0,1.06,53.8,-26.1
short,400,無,90,200,13:30,55,0.582,14.33,788.0,-586.0,1.15,62.4,-17.7
short,400,無,90,200,13:44,55,0.582,21.6,1188.0,-585.0,1.24,65.0,-7.4
short,400,無,90,250,12:00,55,0.509,25.09,1380.0,-554.0,1.3,49.4,8.9
short,400,無,90,250,12:30,55,0.582,33.13,1822.0,-609.0,1.37,58.9,15.9
short,400,無,90,250,13:00,55,0.582,26.84,1476.0,-594.0,1.27,64.3,1.8
short,400,無,90,250,13:10,55,0.564,14.85,817.0,-612.0,1.13,62.5,-16.9
short,400,無,90,250,13:20,55,0.582,27.58,1517.0,-580.0,1.27,69.5,-0.3
short,400,無,90,250,13:30,55,0.582,36.91,2030.0,-586.0,1.4,80.2,8.1
short,400,無,90,250,13:44,55,0.582,45.09,2480.0,-585.0,1.5,82.9,19.9
short,400,無,100,50,12:00,55,0.855,10.47,576.0,-564.0,1.34,9.1,11.4
short,400,無,100,50,12:30,55,0.855,10.25,564.0,-439.0,1.33,-0.6,17.5
short,400,無,100,50,13:00,55,0.855,12.49,687.0,-425.0,1.44,4.8,17.6
short,400,無,100,50,13:10,55,0.855,7.55,415.0,-404.0,1.23,-4.6,15.7
short,400,無,100,50,13:20,55,0.855,10.98,604.0,-426.0,1.37,4.4,15.4
short,400,無,100,50,13:30,55,0.855,12.65,696.0,-525.0,1.45,8.3,15.5
short,400,無,100,50,13:44,55,0.855,15.65,861.0,-460.0,1.62,4.9,22.8
short,400,無,100,75,12:00,55,0.764,8.05,443.0,-564.0,1.17,24.0,-2.6
short,400,無,100,75,12:30,55,0.764,5.55,305.0,-619.0,1.11,14.0,-0.1
short,400,無,100,75,13:00,55,0.782,6.82,375.0,-604.0,1.14,24.1,-4.7
short,400,無,100,75,13:10,55,0.782,-3.15,-173.0,-622.0,0.95,14.7,-15.0
short,400,無,100,75,13:20,55,0.782,2.69,148.0,-590.0,1.05,23.7,-11.3
short,400,無,100,75,13:30,55,0.782,7.09,390.0,-596.0,1.14,27.6,-6.6
short,400,無,100,75,13:44,55,0.8,11.84,651.0,-595.0,1.25,24.2,3.6
short,400,無,100,100,12:00,55,0.727,19.71,1084.0,-564.0,1.38,35.9,8.9
short,400,無,100,100,12:30,55,0.745,19.93,1096.0,-619.0,1.38,32.1,11.8
short,400,無,100,100,13:00,55,0.764,17.45,960.0,-604.0,1.31,39.9,2.5
short,400,無,100,100,13:10,55,0.764,8.22,452.0,-622.0,1.12,34.0,-9.0
short,400,無,100,100,13:20,55,0.764,16.15,888.0,-590.0,1.28,43.0,-1.8
short,400,無,100,100,13:30,55,0.764,20.67,1137.0,-596.0,1.38,47.0,3.2
short,400,無,100,100,13:44,55,0.782,26.38,1451.0,-595.0,1.53,43.5,15.0
short,400,無,100,150,12:00,55,0.6,11.75,646.0,-564.0,1.15,41.8,-8.3
short,400,無,100,150,12:30,55,0.636,13.78,758.0,-619.0,1.18,41.1,-4.4
short,400,無,100,150,13:00,55,0.655,4.18,230.0,-604.0,1.05,49.3,-25.9
short,400,無,100,150,13:10,55,0.636,-5.65,-311.0,-622.0,0.94,50.0,-42.8
short,400,無,100,150,13:20,55,0.655,4.91,270.0,-590.0,1.06,56.8,-29.7
short,400,無,100,150,13:30,55,0.655,15.13,832.0,-596.0,1.19,62.4,-16.4
short,400,無,100,150,13:44,55,0.673,22.13,1217.0,-595.0,1.29,61.5,-4.2
short,400,無,100,200,12:00,55,0.545,14.55,800.0,-564.0,1.17,33.1,2.2
short,400,無,100,200,12:30,55,0.6,20.87,1148.0,-619.0,1.24,39.1,8.7
short,400,無,100,200,13:00,55,0.6,10.93,601.0,-604.0,1.11,45.4,-12.0
short,400,無,100,200,13:10,55,0.582,-1.31,-72.0,-622.0,0.99,43.3,-31.0
short,400,無,100,200,13:20,55,0.6,12.16,669.0,-590.0,1.13,51.7,-14.2
short,400,無,100,200,13:30,55,0.6,19.91,1095.0,-596.0,1.22,58.8,-6.0
short,400,無,100,200,13:44,55,0.6,27.33,1503.0,-595.0,1.32,61.2,4.8
short,400,無,100,250,12:00,55,0.527,27.47,1511.0,-564.0,1.32,47.3,14.2
short,400,無,100,250,12:30,55,0.6,38.36,2110.0,-619.0,1.43,56.9,26.0
short,400,無,100,250,13:00,55,0.6,34.05,1873.0,-604.0,1.35,62.3,15.2
short,400,無,100,250,13:10,55,0.582,21.93,1206.0,-622.0,1.2,60.5,-3.8
short,400,無,100,250,13:20,55,0.6,34.8,1914.0,-590.0,1.36,67.4,13.1
short,400,無,100,250,13:30,55,0.6,44.02,2421.0,-596.0,1.49,78.1,21.3
short,400,無,100,250,13:44,55,0.6,52.45,2885.0,-595.0,1.61,80.8,33.5
short,400,無,110,50,12:00,57,0.825,-1.46,-83.0,-574.0,0.96,18.2,-14.8
short,400,無,110,50,12:30,57,0.825,-2.4,-137.0,-629.0,0.94,10.3,-11.0
short,400,無,110,50,13:00,57,0.842,0.56,32.0,-614.0,1.01,11.3,-6.7
short,400,無,110,50,13:10,57,0.842,-6.26,-357.0,-632.0,0.87,3.9,-13.1
short,400,無,110,50,13:20,57,0.842,-1.91,-109.0,-600.0,0.95,12.0,-11.3
short,400,無,110,50,13:30,57,0.842,2.84,162.0,-606.0,1.08,16.3,-6.3
short,400,無,110,50,13:44,57,0.86,7.28,415.0,-605.0,1.21,12.4,3.8
short,400,無,110,75,12:00,57,0.772,8.53,486.0,-574.0,1.18,24.9,-2.5
short,400,無,110,75,12:30,57,0.772,6.51,371.0,-629.0,1.13,15.2,0.6
short,400,無,110,75,13:00,57,0.789,7.91,451.0,-614.0,1.16,25.4,-3.9
short,400,無,110,75,13:10,57,0.789,-1.7,-97.0,-632.0,0.97,16.3,-13.9
short,400,無,110,75,13:20,57,0.789,3.93,224.0,-600.0,1.07,25.0,-10.3
short,400,無,110,75,13:30,57,0.789,8.18,466.0,-606.0,1.17,28.7,-5.7
short,400,無,110,75,13:44,57,0.807,12.93,737.0,-605.0,1.28,25.4,4.5
short,400,無,110,100,12:00,57,0.737,20.21,1152.0,-574.0,1.4,37.3,8.7
short,400,無,110,100,12:30,57,0.737,18.84,1074.0,-629.0,1.35,33.7,8.8
short,400,無,110,100,13:00,57,0.754,17.11,975.0,-614.0,1.31,41.1,0.9
short,400,無,110,100,13:10,57,0.772,8.88,506.0,-632.0,1.14,35.9,-9.4
short,400,無,110,100,13:20,57,0.772,16.96,967.0,-600.0,1.29,44.5,-1.7
short,400,無,110,100,13:30,57,0.772,22.16,1263.0,-606.0,1.41,48.3,4.5
short,400,無,110,100,13:44,57,0.789,27.84,1587.0,-605.0,1.56,45.0,16.2
short,400,無,110,150,12:00,57,0.596,5.09,290.0,-574.0,1.06,45.1,-22.0
short,400,無,110,150,12:30,57,0.614,5.11,291.0,-629.0,1.06,44.4,-21.5
short,400,無,110,150,13:00,57,0.632,-3.07,-175.0,-614.0,0.97,52.3,-40.5
short,400,無,110,150,13:10,57,0.632,-13.28,-757.0,-632.0,0.87,53.0,-58.1
short,400,無,110,150,13:20,57,0.649,-0.51,-29.0,-600.0,0.99,59.4,-41.1
short,400,無,110,150,13:30,57,0.649,7.37,420.0,-606.0,1.09,65.2,-31.8
short,400,無,110,150,13:44,57,0.667,13.49,769.0,-605.0,1.16,64.4,-21.0
short,400,無,110,200,12:00,57,0.561,16.14,920.0,-574.0,1.19,38.6,1.0
short,400,無,110,200,12:30,57,0.596,20.84,1188.0,-629.0,1.24,44.3,5.0
short,400,無,110,200,13:00,57,0.596,11.89,678.0,-614.0,1.13,50.3,-14.1
short,400,無,110,200,13:10,57,0.596,0.6,34.0,-632.0,1.01,48.3,-31.6
short,400,無,110,200,13:20,57,0.614,14.04,800.0,-600.0,1.15,56.3,-14.6
short,400,無,110,200,13:30,57,0.614,22.3,1271.0,-606.0,1.25,63.1,-5.3
short,400,無,110,200,13:44,57,0.614,31.28,1783.0,-605.0,1.37,65.4,8.2
short,400,無,110,250,12:00,57,0.544,29.49,1681.0,-574.0,1.35,54.3,12.7
short,400,無,110,250,12:30,57,0.596,38.6,2200.0,-629.0,1.44,63.4,21.8
short,400,無,110,250,13:00,57,0.596,35.09,2000.0,-614.0,1.37,68.6,12.4
short,400,無,110,250,13:10,57,0.596,23.89,1362.0,-632.0,1.22,66.9,-5.2
short,400,無,110,250,13:20,57,0.614,36.75,2095.0,-600.0,1.38,73.5,11.9
short,400,無,110,250,13:30,57,0.614,46.44,2647.0,-606.0,1.52,83.8,21.2
short,400,無,110,250,13:44,57,0.614,56.4,3215.0,-605.0,1.66,86.3,36.1
short,400,無,120,50,12:00,57,0.825,5.39,307.0,-394.0,1.16,9.7,2.5
short,400,無,120,50,12:30,57,0.825,0.77,44.0,-639.0,1.02,0.9,0.7
short,400,無,120,50,13:00,57,0.86,6.67,380.0,-624.0,1.19,10.7,4.0
short,400,無,120,50,13:10,57,0.86,0.39,22.0,-642.0,1.01,5.5,-3.1
short,400,無,120,50,13:20,57,0.86,6.96,397.0,-610.0,1.2,14.2,2.1
short,400,無,120,50,13:30,57,0.86,11.58,660.0,-616.0,1.39,13.9,10.0
short,400,無,120,50,13:44,57,0.877,10.65,607.0,-615.0,1.34,11.3,10.2
short,400,無,120,75,12:00,57,0.772,7.04,401.0,-584.0,1.14,23.6,-4.1
short,400,無,120,75,12:30,57,0.772,5.19,296.0,-639.0,1.1,13.9,-0.7
short,400,無,120,75,13:00,57,0.789,6.77,386.0,-624.0,1.13,24.5,-5.2
short,400,無,120,75,13:10,57,0.789,-2.84,-162.0,-642.0,0.95,15.5,-15.2
short,400,無,120,75,13:20,57,0.789,2.79,159.0,-610.0,1.05,24.1,-11.6
short,400,無,120,75,13:30,57,0.789,7.04,401.0,-616.0,1.14,27.9,-7.1
short,400,無,120,75,13:44,57,0.807,11.96,682.0,-615.0,1.25,24.6,3.4
short,400,無,120,100,12:00,57,0.737,18.72,1067.0,-584.0,1.36,36.0,7.1
short,400,無,120,100,12:30,57,0.737,17.35,989.0,-639.0,1.32,32.4,7.2
short,400,無,120,100,13:00,57,0.737,15.61,890.0,-624.0,1.28,39.8,-0.7
short,400,無,120,100,13:10,57,0.772,7.49,427.0,-642.0,1.11,34.9,-11.0
short,400,無,120,100,13:20,57,0.772,15.65,892.0,-610.0,1.27,43.7,-3.3
short,400,無,120,100,13:30,57,0.772,20.81,1186.0,-616.0,1.38,47.4,2.8
short,400,無,120,100,13:44,57,0.789,26.88,1532.0,-615.0,1.53,44.1,15.2
short,400,無,120,150,12:00,57,0.596,3.07,175.0,-584.0,1.04,43.8,-24.5
short,400,無,120,150,12:30,57,0.614,3.26,186.0,-639.0,1.04,43.1,-23.7
short,400,無,120,150,13:00,57,0.614,-4.91,-280.0,-624.0,0.95,51.0,-42.7
short,400,無,120,150,13:10,57,0.632,-15.12,-862.0,-642.0,0.86,51.7,-60.3
short,400,無,120,150,13:20,57,0.649,-2.35,-134.0,-610.0,0.97,58.1,-43.3
short,400,無,120,150,13:30,57,0.649,5.7,325.0,-616.0,1.07,64.3,-34.0
short,400,無,120,150,13:44,57,0.667,12.18,694.0,-615.0,1.14,63.6,-22.6
short,400,無,120,200,12:00,57,0.561,13.95,795.0,-584.0,1.16,36.8,-1.5
short,400,無,120,200,12:30,57,0.596,18.82,1073.0,-639.0,1.21,42.6,2.8
short,400,無,120,200,13:00,57,0.579,9.88,563.0,-624.0,1.1,48.5,-16.3
short,400,無,120,200,13:10,57,0.596,-1.42,-81.0,-642.0,0.99,46.5,-33.9
short,400,無,120,200,13:20,57,0.614,12.02,685.0,-610.0,1.12,54.6,-16.8
short,400,無,120,200,13:30,57,0.614,20.28,1156.0,-616.0,1.22,61.3,-7.5
short,400,無,120,200,13:44,57,0.614,29.44,1678.0,-615.0,1.34,63.7,6.3
short,400,無,120,250,12:00,57,0.544,25.07,1429.0,-584.0,1.29,52.6,6.5
short,400,無,120,250,12:30,57,0.596,33.95,1935.0,-639.0,1.38,61.7,15.2
short,400,無,120,250,13:00,57,0.579,30.63,1746.0,-624.0,1.32,66.9,6.1
short,400,無,120,250,13:10,57,0.596,18.84,1074.0,-642.0,1.17,65.1,-12.5
short,400,無,120,250,13:20,57,0.614,30.91,1762.0,-610.0,1.32,71.8,3.3
short,400,無,120,250,13:30,57,0.614,40.98,2336.0,-616.0,1.45,82.0,13.2
short,400,無,120,250,13:44,57,0.614,49.14,2801.0,-615.0,1.57,84.6,25.1
short,400,無,130,50,12:00,58,0.81,5.97,346.0,-397.0,1.18,3.6,7.6
short,400,無,130,50,12:30,58,0.828,0.78,45.0,-642.0,1.02,-3.5,3.8
short,400,無,130,50,13:00,58,0.862,7.43,431.0,-627.0,1.22,5.9,8.5
short,400,無,130,50,13:10,58,0.862,1.62,94.0,-645.0,1.04,-2.8,4.7
short,400,無,130,50,13:20,58,0.862,6.84,397.0,-613.0,1.2,5.5,7.8
short,400,無,130,50,13:30,58,0.862,11.86,688.0,-619.0,1.4,9.1,13.8
short,400,無,130,50,13:44,58,0.879,10.36,601.0,-618.0,1.33,6.0,13.5
short,400,無,130,75,12:00,58,0.776,10.22,593.0,-594.0,1.22,21.3,2.4
short,400,無,130,75,12:30,58,0.776,6.66,386.0,-642.0,1.13,12.1,2.8
short,400,無,130,75,13:00,58,0.793,9.09,527.0,-627.0,1.19,22.3,-0.3
short,400,無,130,75,13:10,58,0.81,2.93,170.0,-645.0,1.05,17.0,-7.0
short,400,無,130,75,13:20,58,0.81,7.28,422.0,-613.0,1.14,25.3,-5.4
short,400,無,130,75,13:30,58,0.81,10.31,598.0,-619.0,1.21,28.9,-2.8
short,400,無,130,75,13:44,58,0.828,14.84,861.0,-618.0,1.33,25.8,7.1
short,400,無,130,100,12:00,58,0.741,22.57,1309.0,-594.0,1.45,33.2,15.1
short,400,無,130,100,12:30,58,0.759,21.59,1252.0,-642.0,1.41,29.8,15.8
short,400,無,130,100,13:00,58,0.776,21.83,1266.0,-627.0,1.4,41.1,8.2
short,400,無,130,100,13:10,58,0.793,15.24,884.0,-645.0,1.24,36.4,0.3
short,400,無,130,100,13:20,58,0.793,21.76,1262.0,-613.0,1.39,45.1,5.3
short,400,無,130,100,13:30,58,0.793,24.91,1445.0,-619.0,1.47,48.7,8.1
short,400,無,130,100,13:44,58,0.81,30.36,1761.0,-618.0,1.62,45.5,19.6
short,400,無,130,150,12:00,58,0.586,3.29,191.0,-594.0,1.04,40.8,-23.1
short,400,無,130,150,12:30,58,0.621,5.21,302.0,-642.0,1.06,40.1,-19.4
short,400,無,130,150,13:00,58,0.638,-1.48,-86.0,-627.0,0.98,52.4,-39.5
short,400,無,130,150,13:10,58,0.638,-11.53,-669.0,-645.0,0.89,54.2,-58.0
short,400,無,130,150,13:20,58,0.655,0.72,42.0,-613.0,1.01,60.8,-41.6
short,400,無,130,150,13:30,58,0.655,7.98,463.0,-619.0,1.09,67.0,-33.7
short,400,無,130,150,13:44,58,0.672,13.43,779.0,-618.0,1.16,66.2,-23.9
short,400,無,130,200,12:00,58,0.552,14.67,851.0,-594.0,1.17,33.6,1.3
short,400,無,130,200,12:30,58,0.603,21.19,1229.0,-642.0,1.24,39.1,8.5
short,400,無,130,200,13:00,58,0.603,13.74,797.0,-627.0,1.14,49.6,-11.6
short,400,無,130,200,13:10,58,0.603,2.62,152.0,-645.0,1.02,48.9,-30.0
short,400,無,130,200,13:20,58,0.621,16.4,951.0,-613.0,1.17,59.0,-13.7
short,400,無,130,200,13:30,58,0.621,23.74,1377.0,-619.0,1.26,65.5,-5.7
short,400,無,130,200,13:44,58,0.621,31.28,1814.0,-618.0,1.36,67.7,5.6
short,400,無,130,250,12:00,58,0.534,20.62,1196.0,-594.0,1.24,43.7,4.4
short,400,無,130,250,12:30,58,0.586,31.6,1833.0,-642.0,1.35,57.5,13.4
short,400,無,130,250,13:00,58,0.586,30.33,1759.0,-627.0,1.31,67.2,4.3
short,400,無,130,250,13:10,58,0.603,19.22,1115.0,-645.0,1.18,66.7,-14.3
short,400,無,130,250,13:20,58,0.621,32.17,1866.0,-613.0,1.33,75.7,1.4
short,400,無,130,250,13:30,58,0.621,42.84,2485.0,-619.0,1.48,87.4,11.4
short,400,無,130,250,13:44,58,0.621,50.86,2950.0,-618.0,1.59,89.9,23.3
short,400,無,140,50,12:00,59,0.797,-4.88,-288.0,-604.0,0.89,2.4,-9.9
short,400,無,140,50,12:30,59,0.797,-7.63,-450.0,-642.0,0.83,-6.9,-8.1
short,400,無,140,50,13:00,59,0.847,0.59,35.0,-627.0,1.01,5.1,-2.5
short,400,無,140,50,13:10,59,0.847,-4.76,-281.0,-645.0,0.9,-3.6,-5.6
short,400,無,140,50,13:20,59,0.847,-1.51,-89.0,-613.0,0.96,4.7,-5.7
short,400,無,140,50,13:30,59,0.847,1.75,103.0,-619.0,1.04,8.3,-2.7
short,400,無,140,50,13:44,59,0.864,6.12,361.0,-618.0,1.17,5.1,6.8
short,400,無,140,75,12:00,59,0.78,10.61,626.0,-604.0,1.23,20.1,4.1
short,400,無,140,75,12:30,59,0.78,7.1,419.0,-642.0,1.14,10.8,4.5
short,400,無,140,75,13:00,59,0.797,9.66,570.0,-627.0,1.2,21.5,1.5
short,400,無,140,75,13:10,59,0.814,3.61,213.0,-645.0,1.06,16.2,-5.0
short,400,無,140,75,13:20,59,0.814,7.88,465.0,-613.0,1.15,24.5,-3.5
short,400,無,140,75,13:30,59,0.814,10.86,641.0,-619.0,1.22,28.1,-0.9
short,400,無,140,75,13:44,59,0.831,15.32,904.0,-618.0,1.34,24.9,8.7
short,400,無,140,100,12:00,59,0.746,22.51,1328.0,-604.0,1.45,32.0,16.0
short,400,無,140,100,12:30,59,0.763,22.2,1310.0,-642.0,1.42,28.5,17.9
short,400,無,140,100,13:00,59,0.78,22.61,1334.0,-627.0,1.42,40.2,10.5
short,400,無,140,100,13:10,59,0.797,16.14,952.0,-645.0,1.26,35.5,2.8
short,400,無,140,100,13:20,59,0.797,22.54,1330.0,-613.0,1.41,44.2,7.7
short,400,無,140,100,13:30,59,0.797,25.64,1513.0,-619.0,1.49,47.9,10.4
short,400,無,140,100,13:44,59,0.814,31.0,1829.0,-618.0,1.64,44.7,21.6
short,400,無,140,150,12:00,59,0.593,4.39,259.0,-604.0,1.05,39.5,-19.7
short,400,無,140,150,12:30,59,0.627,6.44,380.0,-642.0,1.08,38.8,-15.8
short,400,無,140,150,13:00,59,0.644,-0.14,-8.0,-627.0,1.0,51.2,-35.3
short,400,無,140,150,13:10,59,0.644,-10.02,-591.0,-645.0,0.9,53.0,-53.2
short,400,無,140,150,13:20,59,0.661,2.2,130.0,-613.0,1.02,59.9,-37.4
short,400,無,140,150,13:30,59,0.661,9.34,551.0,-619.0,1.11,66.2,-29.6
short,400,無,140,150,13:44,59,0.678,14.69,867.0,-618.0,1.18,65.4,-20.1
short,400,無,140,200,12:00,59,0.559,16.39,967.0,-604.0,1.19,32.3,5.5
short,400,無,140,200,12:30,59,0.61,22.97,1355.0,-642.0,1.26,37.8,12.8
short,400,無,140,200,13:00,59,0.61,15.64,923.0,-627.0,1.16,48.3,-6.7
short,400,無,140,200,13:10,59,0.61,4.71,278.0,-645.0,1.04,47.5,-24.7
short,400,無,140,200,13:20,59,0.627,18.42,1087.0,-613.0,1.19,58.1,-8.8
short,400,無,140,200,13:30,59,0.627,25.64,1513.0,-619.0,1.29,64.6,-1.1
short,400,無,140,200,13:44,59,0.627,33.05,1950.0,-618.0,1.39,66.8,9.9
short,400,無,140,250,12:00,59,0.542,22.75,1342.0,-604.0,1.26,41.9,9.6
short,400,無,140,250,12:30,59,0.593,33.88,1999.0,-642.0,1.38,56.1,18.6
short,400,無,140,250,13:00,59,0.593,32.63,1925.0,-627.0,1.34,65.9,9.8
short,400,無,140,250,13:10,59,0.593,21.71,1281.0,-645.0,1.2,65.4,-8.2
short,400,無,140,250,13:20,59,0.627,34.44,2032.0,-613.0,1.36,74.4,7.1
short,400,無,140,250,13:30,59,0.627,45.1,2661.0,-619.0,1.5,86.5,16.7
short,400,無,140,250,13:44,59,0.627,52.98,3126.0,-618.0,1.62,89.0,28.3
short,400,無,150,50,12:00,59,0.814,-3.27,-193.0,-614.0,0.92,6.8,-10.1
short,400,無,150,50,12:30,59,0.814,-5.68,-335.0,-642.0,0.87,-1.7,-8.4
short,400,無,150,50,13:00,59,0.864,2.81,166.0,-627.0,1.07,11.0,-2.8
short,400,無,150,50,13:10,59,0.864,-1.03,-61.0,-645.0,0.98,6.0,-5.9
short,400,無,150,50,13:20,59,0.864,2.27,134.0,-613.0,1.06,14.4,-6.0
short,400,無,150,50,13:30,59,0.864,3.93,232.0,-619.0,1.1,14.1,-3.0
short,400,無,150,50,13:44,59,0.881,8.58,506.0,-618.0,1.25,11.6,6.5
short,400,無,150,75,12:00,59,0.78,9.93,586.0,-614.0,1.21,18.8,3.8
short,400,無,150,75,12:30,59,0.78,6.42,379.0,-642.0,1.13,9.6,4.3
short,400,無,150,75,13:00,59,0.797,9.15,540.0,-627.0,1.19,20.7,1.3
short,400,無,150,75,13:10,59,0.814,3.1,183.0,-645.0,1.06,15.4,-5.3
short,400,無,150,75,13:20,59,0.814,7.37,435.0,-613.0,1.14,23.6,-3.8
short,400,無,150,75,13:30,59,0.814,10.36,611.0,-619.0,1.21,27.2,-1.2
short,400,無,150,75,13:44,59,0.831,14.81,874.0,-618.0,1.32,24.1,8.5
short,400,無,150,100,12:00,59,0.729,17.05,1006.0,-614.0,1.32,30.7,7.7
short,400,無,150,100,12:30,59,0.746,15.88,937.0,-642.0,1.28,27.3,8.1
short,400,無,150,100,13:00,59,0.763,15.32,904.0,-627.0,1.26,39.4,-1.2
short,400,無,150,100,13:10,59,0.78,8.95,528.0,-645.0,1.13,34.7,-8.7
short,400,無,150,100,13:20,59,0.78,15.86,936.0,-613.0,1.26,43.4,-3.0
short,400,無,150,100,13:30,59,0.78,19.75,1165.0,-619.0,1.35,47.0,1.0
short,400,無,150,100,13:44,59,0.797,24.59,1451.0,-618.0,1.46,43.9,11.4
short,400,無,150,150,12:00,59,0.593,3.08,182.0,-614.0,1.04,38.2,-21.0
short,400,無,150,150,12:30,59,0.627,5.31,313.0,-642.0,1.06,37.6,-16.8
short,400,無,150,150,13:00,59,0.644,-1.27,-75.0,-627.0,0.99,49.9,-36.4
short,400,無,150,150,13:10,59,0.644,-11.15,-658.0,-645.0,0.89,51.8,-54.3
short,400,無,150,150,13:20,59,0.661,1.24,73.0,-613.0,1.01,59.1,-38.4
short,400,無,150,150,13:30,59,0.661,8.37,494.0,-619.0,1.1,65.3,-30.7
short,400,無,150,150,13:44,59,0.678,13.73,810.0,-618.0,1.16,64.6,-21.1
short,400,無,150,200,12:00,59,0.559,15.08,890.0,-614.0,1.17,31.0,4.1
short,400,無,150,200,12:30,59,0.61,21.83,1288.0,-642.0,1.24,36.5,11.7
short,400,無,150,200,13:00,59,0.61,14.51,856.0,-627.0,1.15,47.0,-7.8
short,400,無,150,200,13:10,59,0.61,3.58,211.0,-645.0,1.03,46.3,-25.7
short,400,無,150,200,13:20,59,0.627,17.2,1015.0,-613.0,1.18,56.7,-9.9
short,400,無,150,200,13:30,59,0.627,24.68,1456.0,-619.0,1.27,63.8,-2.1
short,400,無,150,200,13:44,59,0.627,32.08,1893.0,-618.0,1.37,66.0,8.9
short,400,無,150,250,12:00,59,0.525,15.41,909.0,-614.0,1.17,40.2,-1.6
short,400,無,150,250,12:30,59,0.576,24.39,1439.0,-642.0,1.26,54.9,3.5
short,400,無,150,250,13:00,59,0.576,21.29,1256.0,-627.0,1.21,64.6,-8.4
short,400,無,150,250,13:10,59,0.576,10.51,620.0,-645.0,1.09,64.1,-26.3
short,400,無,150,250,13:20,59,0.61,23.1,1363.0,-613.0,1.22,73.1,-11.2
short,400,無,150,250,13:30,59,0.61,34.03,2008.0,-619.0,1.35,85.7,-1.4
short,400,無,150,250,13:44,59,0.61,41.85,2469.0,-618.0,1.45,88.1,10.1
long,100,無,10,50,12:00,63,0.841,21.27,1340.0,-415.0,2.11,13.6,27.4
long,100,無,10,50,12:30,63,0.873,24.48,1542.0,-258.0,2.4,26.0,23.2
long,100,無,10,50,13:00,63,0.905,27.27,1718.0,-269.0,2.69,25.4,28.7
long,100,無,10,50,13:10,63,0.921,29.71,1872.0,-270.0,3.05,27.0,31.9
long,100,無,10,50,13:20,63,0.921,29.11,1834.0,-270.0,2.93,27.1,30.7
long,100,無,10,50,13:30,63,0.921,27.27,1718.0,-328.0,2.61,24.2,29.7
long,100,無,10,50,13:44,63,0.921,24.51,1544.0,-389.0,2.25,24.2,24.7
long,100,無,10,75,12:00,63,0.746,13.32,839.0,-789.0,1.34,-14.1,35.3
long,100,無,10,75,12:30,63,0.81,20.75,1307.0,-711.0,1.57,3.6,34.5
long,100,無,10,75,13:00,63,0.825,26.97,1699.0,-476.0,1.83,13.3,37.9
long,100,無,10,75,13:10,63,0.857,29.57,1863.0,-460.0,1.96,15.8,40.6
long,100,無,10,75,13:20,63,0.841,27.86,1755.0,-539.0,1.84,12.8,39.9
long,100,無,10,75,13:30,63,0.857,24.38,1536.0,-553.0,1.65,9.6,36.2
long,100,無,10,75,13:44,63,0.841,19.02,1198.0,-585.0,1.45,5.4,29.9
long,100,無,10,100,12:00,63,0.73,24.16,1522.0,-789.0,1.55,-13.8,54.5
long,100,無,10,100,12:30,63,0.794,33.17,2090.0,-711.0,1.81,6.6,54.5
long,100,無,10,100,13:00,63,0.778,37.3,2350.0,-476.0,2.0,10.7,58.6
long,100,無,10,100,13:10,63,0.825,38.51,2426.0,-460.0,2.01,9.1,62.1
long,100,無,10,100,13:20,63,0.81,36.7,2312.0,-539.0,1.91,5.9,61.4
long,100,無,10,100,13:30,63,0.81,31.83,2005.0,-553.0,1.69,-0.4,57.6
long,100,無,10,100,13:44,63,0.794,26.16,1648.0,-585.0,1.51,-5.4,51.4
long,100,無,10,150,12:00,63,0.635,11.25,709.0,-994.0,1.15,-2.6,22.3
long,100,無,10,150,12:30,63,0.683,15.19,957.0,-1068.0,1.2,20.2,11.1
long,100,無,10,150,13:00,63,0.667,10.51,662.0,-1166.0,1.13,23.4,0.2
long,100,無,10,150,13:10,63,0.73,11.79,743.0,-1096.0,1.14,24.6,1.5
long,100,無,10,150,13:20,63,0.714,12.63,796.0,-1191.0,1.15,24.4,3.2
long,100,無,10,150,13:30,63,0.714,5.94,374.0,-1090.0,1.06,20.3,-5.5
long,100,無,10,150,13:44,63,0.698,-2.03,-128.0,-1279.0,0.98,16.9,-17.2
long,100,無,10,200,12:00,63,0.54,-3.1,-195.0,-994.0,0.96,-0.0,-5.5
long,100,無,10,200,12:30,63,0.571,-8.22,-518.0,-1068.0,0.91,16.9,-28.3
long,100,無,10,200,13:00,63,0.556,-20.17,-1271.0,-1166.0,0.82,19.9,-52.3
long,100,無,10,200,13:10,63,0.635,-18.65,-1175.0,-1096.0,0.84,20.9,-50.3
long,100,無,10,200,13:20,63,0.619,-19.05,-1200.0,-1191.0,0.84,20.5,-50.7
long,100,無,10,200,13:30,63,0.619,-24.68,-1555.0,-1090.0,0.81,12.4,-54.4
long,100,無,10,200,13:44,63,0.619,-34.97,-2203.0,-1279.0,0.75,16.2,-75.9
long,100,無,10,250,12:00,63,0.524,4.86,306.0,-994.0,1.06,3.6,5.9
long,100,無,10,250,12:30,63,0.556,-0.81,-51.0,-1068.0,0.99,14.6,-13.2
long,100,無,10,250,13:00,63,0.54,-16.19,-1020.0,-1166.0,0.86,12.9,-39.4
long,100,無,10,250,13:10,63,0.603,-14.44,-910.0,-1096.0,0.88,14.4,-37.5
long,100,無,10,250,13:20,63,0.587,-13.02,-820.0,-1191.0,0.89,17.1,-37.1
long,100,無,10,250,13:30,63,0.587,-22.03,-1388.0,-1090.0,0.83,5.4,-44.0
long,100,無,10,250,13:44,63,0.571,-29.95,-1887.0,-1279.0,0.79,12.6,-64.0
long,100,無,20,50,12:00,65,0.8,2.02,131.0,-799.0,1.06,-17.1,18.4
long,100,無,20,50,12:30,65,0.846,8.95,582.0,-721.0,1.29,-1.6,18.0
long,100,無,20,50,13:00,65,0.862,15.14,984.0,-486.0,1.58,8.1,21.1
long,100,無,20,50,13:10,65,0.862,14.38,935.0,-470.0,1.53,10.1,18.1
long,100,無,20,50,13:20,65,0.862,12.88,837.0,-549.0,1.45,7.6,17.4
long,100,無,20,50,13:30,65,0.877,9.38,610.0,-563.0,1.29,4.5,13.6
long,100,無,20,50,13:44,65,0.877,7.17,466.0,-595.0,1.21,3.4,10.4
long,100,無,20,75,12:00,65,0.754,8.48,551.0,-799.0,1.19,-21.5,34.2
long,100,無,20,75,12:30,65,0.8,14.52,944.0,-721.0,1.35,-6.7,32.7
long,100,無,20,75,13:00,65,0.785,18.49,1202.0,-486.0,1.49,-2.5,36.5
long,100,無,20,75,13:10,65,0.815,18.97,1233.0,-470.0,1.49,-5.0,39.5
long,100,無,20,75,13:20,65,0.815,17.22,1119.0,-549.0,1.42,-8.0,38.8
long,100,無,20,75,13:30,65,0.815,12.86,836.0,-563.0,1.28,-13.0,35.0
long,100,無,20,75,13:44,65,0.8,6.68,434.0,-595.0,1.13,-19.1,28.8
long,100,無,20,100,12:00,65,0.738,19.88,1292.0,-799.0,1.41,-6.5,42.5
long,100,無,20,100,12:30,65,0.785,29.48,1916.0,-721.0,1.68,9.9,46.3
long,100,無,20,100,13:00,65,0.769,33.18,2157.0,-486.0,1.82,13.7,49.9
long,100,無,20,100,13:10,65,0.8,33.82,2198.0,-470.0,1.81,12.3,52.2
long,100,無,20,100,13:20,65,0.8,32.15,2090.0,-549.0,1.73,9.5,51.5
long,100,無,20,100,13:30,65,0.8,27.12,1763.0,-563.0,1.55,3.7,47.2
long,100,無,20,100,13:44,65,0.785,22.54,1465.0,-595.0,1.42,-1.9,43.5
long,100,無,20,150,12:00,65,0.646,4.37,284.0,-1004.0,1.06,0.3,7.9
long,100,無,20,150,12:30,65,0.677,6.92,450.0,-1078.0,1.09,19.4,-3.8
long,100,無,20,150,13:00,65,0.662,2.14,139.0,-1176.0,1.03,21.2,-14.2
long,100,無,20,150,13:10,65,0.708,2.95,192.0,-1106.0,1.03,21.4,-12.9
long,100,無,20,150,13:20,65,0.708,6.45,419.0,-1201.0,1.07,20.1,-5.3
long,100,無,20,150,13:30,65,0.723,2.51,163.0,-1100.0,1.03,18.4,-11.1
long,100,無,20,150,13:44,65,0.708,-4.34,-282.0,-1289.0,0.96,16.0,-21.7
long,100,無,20,200,12:00,65,0.569,-2.4,-156.0,-1004.0,0.97,8.2,-11.5
long,100,無,20,200,12:30,65,0.585,-8.25,-536.0,-1078.0,0.92,21.4,-33.7
long,100,無,20,200,13:00,65,0.569,-21.57,-1402.0,-1176.0,0.81,19.8,-57.1
long,100,無,20,200,13:10,65,0.631,-19.95,-1297.0,-1106.0,0.83,20.7,-54.8
long,100,無,20,200,13:20,65,0.631,-20.08,-1305.0,-1201.0,0.83,20.5,-54.9
long,100,無,20,200,13:30,65,0.631,-25.08,-1630.0,-1100.0,0.8,14.0,-58.6
long,100,無,20,200,13:44,65,0.631,-35.26,-2292.0,-1289.0,0.75,17.1,-80.2
long,100,無,20,250,12:00,65,0.538,-3.32,-216.0,-1004.0,0.96,-3.8,-2.9
long,100,無,20,250,12:30,65,0.569,-7.45,-484.0,-1078.0,0.92,6.2,-19.1
long,100,無,20,250,13:00,65,0.554,-22.48,-1461.0,-1176.0,0.8,5.0,-46.0
long,100,無,20,250,13:10,65,0.6,-20.63,-1341.0,-1106.0,0.83,5.7,-43.2
long,100,無,20,250,13:20,65,0.6,-20.18,-1312.0,-1201.0,0.83,6.2,-42.8
long,100,無,20,250,13:30,65,0.6,-27.49,-1787.0,-1100.0,0.79,-2.6,-48.8
long,100,無,20,250,13:44,65,0.585,-36.42,-2367.0,-1289.0,0.75,1.4,-68.8
long,100,無,30,50,12:00,67,0.836,3.54,237.0,-809.0,1.1,-13.3,18.9
long,100,無,30,50,12:30,67,0.866,11.0,737.0,-731.0,1.37,1.2,19.9
long,100,無,30,50,13:00,67,0.866,14.93,1000.0,-496.0,1.56,9.4,20.0
long,100,無,30,50,13:10,67,0.866,14.19,951.0,-480.0,1.52,11.2,16.9
long,100,無,30,50,13:20,67,0.866,12.73,853.0,-559.0,1.44,8.9,16.2
long,100,無,30,50,13:30,67,0.881,9.34,626.0,-573.0,1.29,5.9,12.5
long,100,無,30,50,13:44,67,0.866,5.61,376.0,-605.0,1.16,4.9,6.2
long,100,無,30,75,12:00,67,0.776,8.79,589.0,-809.0,1.2,-18.8,34.0
long,100,無,30,75,12:30,67,0.821,16.43,1101.0,-731.0,1.41,-3.9,35.1
long,100,無,30,75,13:00,67,0.791,18.33,1228.0,-496.0,1.47,0.1,35.0
long,100,無,30,75,13:10,67,0.806,18.94,1269.0,-480.0,1.49,-2.3,38.3
long,100,無,30,75,13:20,67,0.806,17.24,1155.0,-559.0,1.42,-5.1,37.7
long,100,無,30,75,13:30,67,0.821,13.01,872.0,-573.0,1.28,-9.8,33.9
long,100,無,30,75,13:44,67,0.806,7.01,470.0,-605.0,1.14,-15.6,27.7
long,100,無,30,100,12:00,67,0.746,17.7,1186.0,-809.0,1.36,-6.6,39.9
long,100,無,30,100,12:30,67,0.791,28.19,1889.0,-731.0,1.65,10.6,44.3
long,100,無,30,100,13:00,67,0.746,29.07,1948.0,-496.0,1.69,8.2,48.2
long,100,無,30,100,13:10,67,0.776,30.76,2061.0,-480.0,1.73,9.2,50.5
long,100,無,30,100,13:20,67,0.791,29.81,1997.0,-559.0,1.67,7.6,50.1
long,100,無,30,100,13:30,67,0.791,24.7,1655.0,-573.0,1.5,1.7,45.8
long,100,無,30,100,13:44,67,0.791,20.97,1405.0,-605.0,1.39,-2.1,42.1
long,100,無,30,150,12:00,67,0.627,-5.1,-342.0,-1014.0,0.94,-7.3,-3.1
long,100,無,30,150,12:30,67,0.657,-3.0,-201.0,-1088.0,0.96,12.3,-17.0
long,100,無,30,150,13:00,67,0.612,-13.4,-898.0,-1186.0,0.85,9.5,-34.4
long,100,無,30,150,13:10,67,0.642,-12.73,-853.0,-1116.0,0.87,11.7,-35.1
long,100,無,30,150,13:20,67,0.687,-10.22,-685.0,-1211.0,0.89,11.1,-29.7
long,100,無,30,150,13:30,67,0.687,-13.3,-891.0,-1110.0,0.87,9.2,-33.9
long,100,無,30,150,13:44,67,0.701,-22.51,-1508.0,-1299.0,0.8,9.0,-51.3
long,100,無,30,200,12:00,67,0.567,-11.63,-779.0,-1014.0,0.87,1.4,-23.5
long,100,無,30,200,12:30,67,0.597,-14.82,-993.0,-1088.0,0.85,14.2,-41.4
long,100,無,30,200,13:00,67,0.552,-28.54,-1912.0,-1186.0,0.75,11.7,-65.3
long,100,無,30,200,13:10,67,0.582,-27.87,-1867.0,-1116.0,0.76,13.5,-65.7
long,100,無,30,200,13:20,67,0.612,-29.67,-1988.0,-1211.0,0.75,15.3,-70.8
long,100,無,30,200,13:30,67,0.612,-35.7,-2392.0,-1110.0,0.72,10.2,-77.7
long,100,無,30,200,13:44,67,0.612,-44.84,-3004.0,-1299.0,0.68,13.0,-97.7
long,100,無,30,250,12:00,67,0.537,-15.19,-1018.0,-1014.0,0.83,-21.8,-9.2
long,100,無,30,250,12:30,67,0.567,-16.19,-1085.0,-1088.0,0.84,-5.8,-25.7
long,100,無,30,250,13:00,67,0.537,-30.79,-2063.0,-1186.0,0.73,-5.1,-54.3
long,100,無,30,250,13:10,67,0.567,-27.84,-1865.0,-1116.0,0.77,-3.8,-49.8
long,100,無,30,250,13:20,67,0.582,-27.07,-1814.0,-1211.0,0.78,-3.2,-48.9
long,100,無,30,250,13:30,67,0.582,-34.3,-2298.0,-1110.0,0.74,-10.8,-55.8
long,100,無,30,250,13:44,67,0.582,-42.51,-2848.0,-1299.0,0.7,-7.3,-74.7
long,100,無,40,50,12:00,69,0.841,2.71,187.0,-819.0,1.07,-20.5,24.0
long,100,無,40,50,12:30,69,0.884,10.8,745.0,-741.0,1.35,-4.6,24.9
long,100,無,40,50,13:00,69,0.884,16.33,1127.0,-506.0,1.63,6.8,25.1
long,100,無,40,50,13:10,69,0.884,16.09,1110.0,-490.0,1.61,9.7,22.0
long,100,無,40,50,13:20,69,0.884,15.06,1039.0,-569.0,1.55,8.4,21.2
long,100,無,40,50,13:30,69,0.899,12.99,896.0,-583.0,1.44,7.6,17.9
long,100,無,40,50,13:44,69,0.884,7.46,515.0,-615.0,1.21,2.5,12.0
long,100,無,40,75,12:00,69,0.783,10.52,726.0,-819.0,1.24,-20.2,38.7
long,100,無,40,75,12:30,69,0.826,18.91,1305.0,-741.0,1.49,-5.3,41.1
long,100,無,40,75,13:00,69,0.797,19.8,1366.0,-506.0,1.53,-3.5,41.2
long,100,無,40,75,13:10,69,0.797,17.54,1210.0,-490.0,1.44,-5.0,38.2
long,100,無,40,75,13:20,69,0.812,16.26,1122.0,-569.0,1.39,-6.9,37.5
long,100,無,40,75,13:30,69,0.826,12.22,843.0,-583.0,1.26,-11.4,33.9
long,100,無,40,75,13:44,69,0.812,6.54,451.0,-615.0,1.13,-16.7,27.8
long,100,無,40,100,12:00,69,0.739,11.0,759.0,-819.0,1.2,-9.6,29.9
long,100,無,40,100,12:30,69,0.783,18.35,1266.0,-741.0,1.35,7.3,28.5
long,100,無,40,100,13:00,69,0.725,13.3,918.0,-824.0,1.24,4.7,21.2
long,100,無,40,100,13:10,69,0.739,8.04,555.0,-905.0,1.13,5.6,10.3
long,100,無,40,100,13:20,69,0.754,9.29,641.0,-873.0,1.15,4.6,13.6
long,100,無,40,100,13:30,69,0.768,0.67,46.0,-1120.0,1.01,-0.2,1.5
long,100,無,40,100,13:44,69,0.768,-5.26,-363.0,-1309.0,0.93,-4.6,-5.8
long,100,無,40,150,12:00,69,0.638,-3.36,-232.0,-1024.0,0.96,-9.9,2.6
long,100,無,40,150,12:30,69,0.652,-2.43,-168.0,-1098.0,0.97,4.2,-8.5
long,100,無,40,150,13:00,69,0.594,-10.75,-742.0,-1196.0,0.88,-0.7,-20.0
long,100,無,40,150,13:10,69,0.638,-7.64,-527.0,-1126.0,0.92,4.2,-18.5
long,100,無,40,150,13:20,69,0.667,-4.84,-334.0,-1221.0,0.95,3.9,-12.9
long,100,無,40,150,13:30,69,0.696,-8.87,-612.0,-1120.0,0.91,-2.7,-14.5
long,100,無,40,150,13:44,69,0.71,-14.93,-1030.0,-1309.0,0.86,0.2,-28.8
long,100,無,40,200,12:00,69,0.551,-15.23,-1051.0,-1024.0,0.83,-6.0,-23.7
long,100,無,40,200,12:30,69,0.609,-14.06,-970.0,-1098.0,0.86,9.3,-35.4
long,100,無,40,200,13:00,69,0.536,-22.81,-1574.0,-1196.0,0.79,10.1,-53.0
long,100,無,40,200,13:10,69,0.594,-20.32,-1402.0,-1126.0,0.82,11.5,-49.5
long,100,無,40,200,13:20,69,0.609,-21.55,-1487.0,-1221.0,0.81,13.2,-53.4
long,100,無,40,200,13:30,69,0.638,-26.19,-1807.0,-1120.0,0.78,8.8,-58.3
long,100,無,40,200,13:44,69,0.638,-32.83,-2265.0,-1309.0,0.75,10.5,-72.6
long,100,無,40,250,12:00,69,0.522,-20.14,-1390.0,-1024.0,0.78,-17.3,-22.8
long,100,無,40,250,12:30,69,0.565,-20.94,-1445.0,-1098.0,0.8,3.2,-43.1
long,100,無,40,250,13:00,69,0.522,-30.42,-2099.0,-1196.0,0.74,5.4,-63.2
long,100,無,40,250,13:10,69,0.58,-24.33,-1679.0,-1126.0,0.79,7.3,-53.3
long,100,無,40,250,13:20,69,0.58,-21.9,-1511.0,-1221.0,0.82,7.4,-48.7
long,100,無,40,250,13:30,69,0.609,-27.0,-1863.0,-1120.0,0.79,4.5,-55.9
long,100,無,40,250,13:44,69,0.609,-34.42,-2375.0,-1309.0,0.75,6.2,-71.7
long,100,無,50,50,12:00,71,0.859,15.75,1118.0,-829.0,1.62,-8.6,38.1
long,100,無,50,50,12:30,71,0.915,20.89,1483.0,-751.0,1.93,4.1,36.3
long,100,無,50,50,13:00,71,0.915,25.54,1813.0,-516.0,2.39,13.6,36.5
long,100,無,50,50,13:10,71,0.915,25.79,1831.0,-500.0,2.42,13.3,37.2
long,100,無,50,50,13:20,71,0.915,25.34,1799.0,-579.0,2.36,13.4,36.3
long,100,無,50,50,13:30,71,0.915,25.42,1805.0,-593.0,2.37,11.1,38.5
long,100,無,50,50,13:44,71,0.915,21.15,1502.0,-625.0,1.93,7.1,34.1
long,100,無,50,75,12:00,71,0.761,6.13,435.0,-829.0,1.13,-18.9,29.1
long,100,無,50,75,12:30,71,0.817,16.18,1149.0,-751.0,1.39,-3.9,34.6
long,100,無,50,75,13:00,71,0.789,15.62,1109.0,-516.0,1.38,-4.3,33.9
long,100,無,50,75,13:10,71,0.789,15.63,1110.0,-500.0,1.38,0.3,29.7
long,100,無,50,75,13:20,71,0.789,15.31,1087.0,-579.0,1.37,0.4,29.1
long,100,無,50,75,13:30,71,0.789,10.79,766.0,-593.0,1.23,-4.6,24.9
long,100,無,50,75,13:44,71,0.817,5.99,425.0,-625.0,1.12,-10.9,21.5
long,100,無,50,100,12:00,71,0.718,-4.24,-301.0,-1034.0,0.94,-7.8,-1.0
long,100,無,50,100,12:30,71,0.761,2.44,173.0,-1108.0,1.04,9.6,-4.1
long,100,無,50,100,13:00,71,0.732,-2.82,-200.0,-1206.0,0.96,9.2,-13.9
long,100,無,50,100,13:10,71,0.732,-5.15,-366.0,-1136.0,0.93,13.8,-22.6
long,100,無,50,100,13:20,71,0.732,-4.35,-309.0,-1231.0,0.94,14.8,-21.9
long,100,無,50,100,13:30,71,0.746,-9.75,-692.0,-1130.0,0.88,10.0,-27.9
long,100,無,50,100,13:44,71,0.761,-17.28,-1227.0,-1319.0,0.81,3.5,-36.4
long,100,無,50,150,12:00,71,0.606,-7.04,-500.0,-1034.0,0.91,-6.5,-7.5
long,100,無,50,150,12:30,71,0.648,-2.11,-150.0,-1108.0,0.97,7.8,-11.2
long,100,無,50,150,13:00,71,0.62,-6.31,-448.0,-1206.0,0.93,4.9,-16.6
long,100,無,50,150,13:10,71,0.648,-2.31,-164.0,-1136.0,0.97,13.3,-16.7
long,100,無,50,150,13:20,71,0.634,1.48,105.0,-1231.0,1.02,15.0,-11.0
long,100,無,50,150,13:30,71,0.69,-2.48,-176.0,-1130.0,0.97,8.5,-12.6
long,100,無,50,150,13:44,71,0.704,-9.79,-695.0,-1319.0,0.91,8.4,-26.5
long,100,無,50,200,12:00,71,0.549,-13.3,-944.0,-1034.0,0.85,-6.3,-19.7
long,100,無,50,200,12:30,71,0.606,-11.04,-784.0,-1108.0,0.89,8.8,-29.2
long,100,無,50,200,13:00,71,0.549,-22.92,-1627.0,-1206.0,0.79,9.6,-52.8
long,100,無,50,200,13:10,71,0.592,-21.21,-1506.0,-1136.0,0.81,11.0,-50.8
long,100,無,50,200,13:20,71,0.563,-20.24,-1437.0,-1231.0,0.82,12.6,-50.4
long,100,無,50,200,13:30,71,0.62,-24.61,-1747.0,-1130.0,0.8,8.6,-55.2
long,100,無,50,200,13:44,71,0.62,-31.08,-2207.0,-1319.0,0.76,10.3,-69.1
long,100,無,50,250,12:00,71,0.507,-20.93,-1486.0,-1034.0,0.78,-17.9,-23.7
long,100,無,50,250,12:30,71,0.563,-16.66,-1183.0,-1108.0,0.84,3.7,-35.4
long,100,無,50,250,13:00,71,0.535,-28.3,-2009.0,-1206.0,0.76,5.7,-59.6
long,100,無,50,250,13:10,71,0.563,-26.46,-1879.0,-1136.0,0.78,7.6,-57.8
long,100,無,50,250,13:20,71,0.521,-25.87,-1837.0,-1231.0,0.79,7.7,-56.7
long,100,無,50,250,13:30,71,0.577,-30.03,-2132.0,-1130.0,0.77,4.9,-62.1
long,100,無,50,250,13:44,71,0.577,-38.79,-2754.0,-1319.0,0.73,6.6,-80.5
long,100,無,60,50,12:00,73,0.849,13.23,966.0,-839.0,1.48,-13.8,38.1
long,100,無,60,50,12:30,73,0.904,18.55,1354.0,-761.0,1.77,-0.8,36.4
long,100,無,60,50,13:00,73,0.904,21.42,1564.0,-526.0,1.99,5.0,36.6
long,100,無,60,50,13:10,73,0.904,20.92,1527.0,-510.0,1.93,3.2,37.3
long,100,無,60,50,13:20,73,0.904,20.75,1515.0,-589.0,1.92,3.8,36.3
long,100,無,60,50,13:30,73,0.904,19.52,1425.0,-603.0,1.82,-1.1,38.5
long,100,無,60,50,13:44,73,0.904,15.9,1161.0,-635.0,1.58,-4.0,34.2
long,100,無,60,75,12:00,73,0.767,8.92,651.0,-839.0,1.19,-21.5,36.9
long,100,無,60,75,12:30,73,0.822,18.59,1357.0,-761.0,1.47,-5.3,40.6
long,100,無,60,75,13:00,73,0.808,18.66,1362.0,-526.0,1.48,-4.5,40.0
long,100,無,60,75,13:10,73,0.808,18.7,1365.0,-510.0,1.48,0.2,35.7
long,100,無,60,75,13:20,73,0.808,18.22,1330.0,-589.0,1.45,0.0,35.0
long,100,無,60,75,13:30,73,0.822,14.36,1048.0,-603.0,1.32,-4.1,31.3
long,100,無,60,75,13:44,73,0.822,9.3,679.0,-635.0,1.19,-11.1,28.1
long,100,無,60,100,12:00,73,0.671,-11.7,-854.0,-1044.0,0.84,-19.2,-4.8
long,100,無,60,100,12:30,73,0.726,-4.73,-345.0,-1118.0,0.93,-0.3,-8.8
long,100,無,60,100,13:00,73,0.699,-8.59,-627.0,-1216.0,0.88,0.0,-16.5
long,100,無,60,100,13:10,73,0.712,-9.12,-666.0,-1146.0,0.88,4.3,-21.5
long,100,無,60,100,13:20,73,0.712,-8.15,-595.0,-1241.0,0.89,5.7,-20.9
long,100,無,60,100,13:30,73,0.74,-12.32,-899.0,-1140.0,0.85,3.3,-26.7
long,100,無,60,100,13:44,73,0.753,-19.14,-1397.0,-1329.0,0.79,-2.0,-34.9
long,100,無,60,150,12:00,73,0.575,-13.89,-1014.0,-1044.0,0.84,-7.8,-19.5
long,100,無,60,150,12:30,73,0.63,-14.99,-1094.0,-1118.0,0.84,7.0,-35.3
long,100,無,60,150,13:00,73,0.603,-22.47,-1640.0,-1216.0,0.78,4.2,-47.0
long,100,無,60,150,13:10,73,0.644,-18.11,-1322.0,-1146.0,0.82,12.4,-46.2
long,100,無,60,150,13:20,73,0.616,-17.19,-1255.0,-1241.0,0.83,14.4,-46.3
long,100,無,60,150,13:30,73,0.658,-21.25,-1551.0,-1140.0,0.8,8.0,-48.2
long,100,無,60,150,13:44,73,0.671,-27.49,-2007.0,-1329.0,0.76,8.2,-60.3
long,100,無,60,200,12:00,73,0.521,-15.89,-1160.0,-1044.0,0.83,-12.8,-18.7
long,100,無,60,200,12:30,73,0.603,-14.36,-1048.0,-1118.0,0.85,0.2,-27.7
long,100,無,60,200,13:00,73,0.548,-26.73,-1951.0,-1216.0,0.76,-1.0,-50.4
long,100,無,60,200,13:10,73,0.589,-24.78,-1809.0,-1146.0,0.78,0.9,-48.4
long,100,無,60,200,13:20,73,0.562,-23.11,-1687.0,-1241.0,0.8,3.4,-47.5
long,100,無,60,200,13:30,73,0.603,-26.63,-1944.0,-1140.0,0.78,1.1,-52.2
long,100,無,60,200,13:44,73,0.603,-32.51,-2373.0,-1329.0,0.75,3.6,-65.7
long,100,無,60,250,12:00,73,0.479,-22.36,-1632.0,-1044.0,0.77,-22.7,-22.1
long,100,無,60,250,12:30,73,0.562,-18.11,-1322.0,-1118.0,0.83,-1.8,-33.2
long,100,無,60,250,13:00,73,0.534,-29.15,-2128.0,-1216.0,0.75,0.8,-56.7
long,100,無,60,250,13:10,73,0.562,-27.84,-2032.0,-1146.0,0.77,1.6,-55.0
long,100,無,60,250,13:20,73,0.521,-27.18,-1984.0,-1241.0,0.78,1.0,-53.2
long,100,無,60,250,13:30,73,0.562,-30.99,-2262.0,-1140.0,0.76,-1.5,-58.2
long,100,無,60,250,13:44,73,0.562,-39.66,-2895.0,-1329.0,0.72,-0.2,-76.0
long,100,無,70,50,12:00,75,0.827,-1.87,-140.0,-844.0,0.96,-24.7,19.2
long,100,無,70,50,12:30,75,0.88,7.68,576.0,-766.0,1.23,-8.8,22.9
long,100,無,70,50,13:00,75,0.88,10.24,768.0,-531.0,1.33,-1.7,21.3
long,100,無,70,50,13:10,75,0.88,8.31,623.0,-515.0,1.25,-0.5,16.4
long,100,無,70,50,13:20,75,0.88,8.17,613.0,-594.0,1.24,-1.0,16.6
long,100,無,70,50,13:30,75,0.88,3.85,289.0,-608.0,1.1,-4.3,11.4
long,100,無,70,50,13:44,75,0.88,1.63,122.0,-640.0,1.04,-7.9,10.4
long,100,無,70,75,12:00,75,0.733,-16.65,-1249.0,-1054.0,0.76,-21.6,-12.1
long,100,無,70,75,12:30,75,0.787,-11.6,-870.0,-1128.0,0.83,-5.5,-17.3
long,100,無,70,75,13:00,75,0.773,-16.57,-1243.0,-1226.0,0.77,-4.7,-27.5
long,100,無,70,75,13:10,75,0.773,-19.07,-1430.0,-1156.0,0.74,-0.1,-36.5
long,100,無,70,75,13:20,75,0.773,-18.24,-1368.0,-1251.0,0.75,-0.1,-35.0
long,100,無,70,75,13:30,75,0.773,-23.95,-1796.0,-1150.0,0.7,-4.0,-42.3
long,100,無,70,75,13:44,75,0.773,-30.27,-2270.0,-1339.0,0.65,-10.9,-48.2
long,100,無,70,100,12:00,75,0.64,-16.52,-1239.0,-1054.0,0.79,-22.5,-11.0
long,100,無,70,100,12:30,75,0.707,-9.83,-737.0,-1128.0,0.87,-3.5,-15.7
long,100,無,70,100,13:00,75,0.693,-13.0,-975.0,-1226.0,0.83,-1.9,-23.3
long,100,無,70,100,13:10,75,0.72,-10.52,-789.0,-1156.0,0.86,1.7,-21.8
long,100,無,70,100,13:20,75,0.72,-8.85,-664.0,-1251.0,0.89,3.1,-19.9
long,100,無,70,100,13:30,75,0.733,-12.28,-921.0,-1150.0,0.85,2.1,-25.5
long,100,無,70,100,13:44,75,0.747,-18.31,-1373.0,-1339.0,0.8,-1.8,-33.6
long,100,無,70,150,12:00,75,0.573,-14.33,-1075.0,-1054.0,0.84,-9.2,-19.1
long,100,無,70,150,12:30,75,0.627,-15.8,-1185.0,-1128.0,0.83,4.4,-34.4
long,100,無,70,150,13:00,75,0.613,-21.97,-1648.0,-1226.0,0.79,3.4,-45.4
long,100,無,70,150,13:10,75,0.64,-18.99,-1424.0,-1156.0,0.81,8.8,-44.6
long,100,無,70,150,13:20,75,0.627,-17.52,-1314.0,-1251.0,0.83,11.6,-44.4
long,100,無,70,150,13:30,75,0.653,-21.09,-1582.0,-1150.0,0.81,6.2,-46.3
long,100,無,70,150,13:44,75,0.667,-26.88,-2016.0,-1339.0,0.77,6.9,-58.1
long,100,無,70,200,12:00,75,0.507,-16.55,-1241.0,-1054.0,0.82,-15.2,-17.8
long,100,無,70,200,12:30,75,0.587,-14.25,-1069.0,-1128.0,0.86,-1.2,-26.3
long,100,無,70,200,13:00,75,0.56,-26.99,-2024.0,-1226.0,0.76,-3.2,-48.9
long,100,無,70,200,13:10,75,0.587,-24.8,-1860.0,-1156.0,0.78,-1.6,-46.2
long,100,無,70,200,13:20,75,0.573,-23.47,-1760.0,-1251.0,0.8,0.5,-45.6
long,100,無,70,200,13:30,75,0.6,-26.68,-2001.0,-1150.0,0.78,-2.1,-49.4
long,100,無,70,200,13:44,75,0.6,-32.84,-2463.0,-1339.0,0.75,-0.6,-62.6
long,100,無,70,250,12:00,75,0.467,-22.71,-1703.0,-1054.0,0.77,-25.1,-20.5
long,100,無,70,250,12:30,75,0.547,-17.64,-1323.0,-1128.0,0.83,-3.1,-31.1
long,100,無,70,250,13:00,75,0.547,-28.79,-2159.0,-1226.0,0.76,-1.4,-54.1
long,100,無,70,250,13:10,75,0.56,-27.64,-2073.0,-1156.0,0.77,-0.9,-52.3
long,100,無,70,250,13:20,75,0.533,-26.83,-2012.0,-1251.0,0.78,-1.8,-49.9
long,100,無,70,250,13:30,75,0.56,-31.41,-2356.0,-1150.0,0.76,-4.6,-56.1
long,100,無,70,250,13:44,75,0.56,-40.0,-3000.0,-1339.0,0.72,-4.4,-72.9
long,100,無,80,50,12:00,80,0.825,-1.8,-144.0,-844.0,0.96,-28.5,21.2
long,100,無,80,50,12:30,80,0.875,7.8,624.0,-766.0,1.24,-11.7,24.6
long,100,無,80,50,13:00,80,0.85,7.99,639.0,-531.0,1.24,-9.5,23.1
long,100,無,80,50,13:10,80,0.862,7.58,606.0,-515.0,1.23,-5.3,18.7
long,100,無,80,50,13:20,80,0.862,7.54,603.0,-594.0,1.22,-5.6,18.8
long,100,無,80,50,13:30,80,0.862,2.68,214.0,-608.0,1.07,-10.6,14.1
long,100,無,80,50,13:44,80,0.862,0.54,43.0,-640.0,1.01,-14.2,13.2
long,100,無,80,75,12:00,80,0.75,-5.85,-468.0,-1064.0,0.9,-23.4,9.3
long,100,無,80,75,12:30,80,0.812,3.44,275.0,-1138.0,1.06,-7.8,13.1
long,100,無,80,75,13:00,80,0.788,1.39,111.0,-1236.0,1.03,-7.8,9.3
long,100,無,80,75,13:10,80,0.8,1.85,148.0,-1166.0,1.03,-3.6,6.6
long,100,無,80,75,13:20,80,0.8,1.23,98.0,-1261.0,1.02,-2.7,4.6
long,100,無,80,75,13:30,80,0.812,0.79,63.0,-1046.0,1.01,-3.6,4.6
long,100,無,80,75,13:44,80,0.812,-3.45,-276.0,-1096.0,0.95,-10.3,2.4
long,100,無,80,100,12:00,80,0.662,-11.82,-946.0,-1064.0,0.84,-27.1,1.3
long,100,無,80,100,12:30,80,0.725,-5.58,-446.0,-1138.0,0.92,-9.1,-2.6
long,100,無,80,100,13:00,80,0.7,-11.8,-944.0,-1236.0,0.85,-10.0,-13.4
long,100,無,80,100,13:10,80,0.725,-11.04,-883.0,-1166.0,0.86,-5.7,-15.7
long,100,無,80,100,13:20,80,0.712,-12.66,-1013.0,-1261.0,0.84,-4.4,-19.7
long,100,無,80,100,13:30,80,0.725,-14.86,-1189.0,-1160.0,0.82,-5.8,-22.7
long,100,無,80,100,13:44,80,0.738,-23.46,-1877.0,-1349.0,0.75,-8.1,-36.7
long,100,無,80,150,12:00,80,0.6,-11.12,-890.0,-1064.0,0.87,-12.7,-9.7
long,100,無,80,150,12:30,80,0.638,-11.9,-952.0,-1138.0,0.87,0.1,-22.3
long,100,無,80,150,13:00,80,0.625,-16.45,-1316.0,-1236.0,0.84,-0.3,-30.3
long,100,無,80,150,13:10,80,0.65,-14.08,-1126.0,-1166.0,0.86,4.0,-29.7
long,100,無,80,150,13:20,80,0.638,-14.0,-1120.0,-1261.0,0.86,6.1,-31.3
long,100,無,80,150,13:30,80,0.638,-20.65,-1652.0,-1160.0,0.81,1.1,-39.3
long,100,無,80,150,13:44,80,0.65,-24.34,-1947.0,-1349.0,0.79,1.7,-46.8
long,100,無,80,200,12:00,80,0.525,-11.51,-921.0,-1064.0,0.87,-15.3,-8.3
long,100,無,80,200,12:30,80,0.6,-10.79,-863.0,-1138.0,0.89,-0.7,-19.5
long,100,無,80,200,13:00,80,0.562,-25.72,-2058.0,-1236.0,0.77,-2.6,-45.6
long,100,無,80,200,13:10,80,0.6,-23.7,-1896.0,-1166.0,0.79,-1.1,-43.2
long,100,無,80,200,13:20,80,0.588,-22.92,-1834.0,-1261.0,0.8,0.9,-43.5
long,100,無,80,200,13:30,80,0.6,-26.6,-2128.0,-1160.0,0.78,-1.6,-48.1
long,100,無,80,200,13:44,80,0.6,-32.49,-2599.0,-1349.0,0.76,-0.2,-60.3
long,100,無,80,250,12:00,80,0.488,-15.38,-1230.0,-1064.0,0.84,-25.1,-7.0
long,100,無,80,250,12:30,80,0.575,-9.69,-775.0,-1138.0,0.9,-2.6,-15.8
long,100,無,80,250,13:00,80,0.562,-19.1,-1528.0,-1236.0,0.83,-2.8,-33.1
long,100,無,80,250,13:10,80,0.588,-18.12,-1450.0,-1166.0,0.84,-2.2,-31.8
long,100,無,80,250,13:20,80,0.562,-17.35,-1388.0,-1261.0,0.85,-2.1,-30.4
long,100,無,80,250,13:30,80,0.575,-20.96,-1677.0,-1160.0,0.83,-4.6,-35.0
long,100,無,80,250,13:44,80,0.575,-27.7,-2216.0,-1349.0,0.8,-3.8,-48.3
long,100,無,90,50,12:00,82,0.866,7.73,634.0,-844.0,1.23,-22.0,34.7
long,100,無,90,50,12:30,82,0.915,15.27,1252.0,-766.0,1.56,-7.3,35.7
long,100,無,90,50,13:00,82,0.89,15.98,1310.0,-531.0,1.6,-4.2,34.2
long,100,無,90,50,13:10,82,0.902,16.87,1383.0,-515.0,1.64,-1.0,33.1
long,100,無,90,50,13:20,82,0.902,16.76,1374.0,-594.0,1.63,-1.2,33.1
long,100,無,90,50,13:30,82,0.902,15.04,1233.0,-608.0,1.53,-4.8,33.0
long,100,無,90,50,13:44,82,0.902,14.05,1152.0,-640.0,1.48,-7.2,33.3
long,100,無,90,75,12:00,82,0.744,-13.56,-1112.0,-1074.0,0.8,-25.5,-2.7
long,100,無,90,75,12:30,82,0.805,-6.99,-573.0,-1148.0,0.89,-8.5,-5.7
long,100,無,90,75,13:00,82,0.78,-9.13,-749.0,-1246.0,0.86,-6.5,-11.5
long,100,無,90,75,13:10,82,0.793,-8.6,-705.0,-1176.0,0.87,-2.9,-13.7
long,100,無,90,75,13:20,82,0.793,-10.16,-833.0,-1271.0,0.85,-2.7,-16.9
long,100,無,90,75,13:30,82,0.805,-11.73,-962.0,-1170.0,0.83,-5.1,-17.7
long,100,無,90,75,13:44,82,0.805,-19.0,-1558.0,-1359.0,0.76,-9.7,-27.4
long,100,無,90,100,12:00,82,0.707,-4.62,-379.0,-1074.0,0.93,-22.4,11.5
long,100,無,90,100,12:30,82,0.756,-0.43,-35.0,-1148.0,0.99,-8.7,7.1
long,100,無,90,100,13:00,82,0.732,-7.71,-632.0,-1246.0,0.9,-11.1,-4.7
long,100,無,90,100,13:10,82,0.732,-6.91,-567.0,-1176.0,0.91,-4.8,-8.8
long,100,無,90,100,13:20,82,0.72,-9.09,-745.0,-1271.0,0.88,-3.6,-14.1
long,100,無,90,100,13:30,82,0.744,-11.5,-943.0,-1170.0,0.86,-9.3,-13.5
long,100,無,90,100,13:44,82,0.756,-19.24,-1578.0,-1359.0,0.79,-8.8,-28.7
long,100,無,90,150,12:00,82,0.61,-11.12,-912.0,-1074.0,0.87,-14.5,-8.1
long,100,無,90,150,12:30,82,0.646,-10.41,-854.0,-1148.0,0.89,-0.7,-19.2
long,100,無,90,150,13:00,82,0.634,-16.39,-1344.0,-1246.0,0.84,-2.7,-28.8
long,100,無,90,150,13:10,82,0.634,-17.7,-1451.0,-1176.0,0.83,-1.9,-32.0
long,100,無,90,150,13:20,82,0.622,-17.71,-1452.0,-1271.0,0.83,-1.3,-32.6
long,100,無,90,150,13:30,82,0.646,-23.57,-1933.0,-1170.0,0.79,-6.1,-39.5
long,100,無,90,150,13:44,82,0.659,-25.62,-2101.0,-1359.0,0.78,-3.5,-45.7
long,100,無,90,200,12:00,82,0.537,-14.65,-1201.0,-1074.0,0.84,-12.2,-16.9
long,100,無,90,200,12:30,82,0.598,-15.6,-1279.0,-1148.0,0.85,3.2,-32.7
long,100,無,90,200,13:00,82,0.585,-23.54,-1930.0,-1246.0,0.79,1.5,-46.2
long,100,無,90,200,13:10,82,0.598,-22.21,-1821.0,-1176.0,0.8,3.1,-45.1
long,100,無,90,200,13:20,82,0.585,-20.35,-1669.0,-1271.0,0.83,5.9,-44.1
long,100,無,90,200,13:30,82,0.61,-23.52,-1929.0,-1170.0,0.81,3.7,-48.3
long,100,無,90,200,13:44,82,0.61,-30.02,-2462.0,-1359.0,0.77,5.9,-62.6
long,100,無,90,250,12:00,82,0.512,-14.3,-1173.0,-1074.0,0.85,-21.8,-7.5
long,100,無,90,250,12:30,82,0.573,-10.32,-846.0,-1148.0,0.9,1.7,-21.2
long,100,無,90,250,13:00,82,0.573,-21.11,-1731.0,-1246.0,0.82,0.8,-41.0
long,100,無,90,250,13:10,82,0.561,-22.37,-1834.0,-1176.0,0.81,-0.7,-42.0
long,100,無,90,250,13:20,82,0.537,-24.18,-1983.0,-1271.0,0.8,-3.8,-42.7
long,100,無,90,250,13:30,82,0.561,-27.9,-2288.0,-1170.0,0.79,-5.6,-48.1
long,100,無,90,250,13:44,82,0.561,-37.01,-3035.0,-1359.0,0.74,-5.3,-65.8
long,100,無,100,50,12:00,88,0.886,12.23,1076.0,-844.0,1.4,-17.2,37.9
long,100,無,100,50,12:30,88,0.92,17.52,1542.0,-766.0,1.68,-4.4,36.6
long,100,無,100,50,13:00,88,0.909,20.01,1761.0,-531.0,1.85,1.9,35.8
long,100,無,100,50,13:10,88,0.92,20.55,1808.0,-515.0,1.88,3.0,35.9
long,100,無,100,50,13:20,88,0.92,20.5,1804.0,-594.0,1.87,2.8,36.0
long,100,無,100,50,13:30,88,0.92,19.19,1689.0,-608.0,1.77,-0.2,36.1
long,100,無,100,50,13:44,88,0.92,16.76,1475.0,-640.0,1.61,-3.3,34.3
long,100,無,100,75,12:00,88,0.773,-4.68,-412.0,-1084.0,0.92,-22.1,10.5
long,100,無,100,75,12:30,88,0.818,-0.2,-18.0,-1158.0,1.0,-7.0,5.7
long,100,無,100,75,13:00,88,0.807,-1.7,-150.0,-1256.0,0.97,-4.8,1.0
long,100,無,100,75,13:10,88,0.818,-0.68,-60.0,-1186.0,0.99,-1.5,0.0
long,100,無,100,75,13:20,88,0.818,-1.67,-147.0,-1281.0,0.97,-0.2,-2.9
long,100,無,100,75,13:30,88,0.83,-2.19,-193.0,-1180.0,0.96,-1.0,-3.2
long,100,無,100,75,13:44,88,0.83,-9.45,-832.0,-1369.0,0.86,-4.3,-14.0
long,100,無,100,100,12:00,88,0.727,3.23,284.0,-1084.0,1.05,-15.5,19.6
long,100,無,100,100,12:30,88,0.761,5.31,467.0,-1158.0,1.08,-3.0,12.6
long,100,無,100,100,13:00,88,0.761,3.07,270.0,-1256.0,1.04,-4.5,9.7
long,100,無,100,100,13:10,88,0.761,3.9,343.0,-1186.0,1.06,0.4,7.0
long,100,無,100,100,13:20,88,0.761,1.86,164.0,-1281.0,1.03,1.5,2.1
long,100,無,100,100,13:30,88,0.773,0.08,7.0,-1180.0,1.0,-3.3,3.1
long,100,無,100,100,13:44,88,0.795,-7.59,-668.0,-1369.0,0.91,-1.8,-12.7
long,100,無,100,150,12:00,88,0.636,-2.08,-183.0,-1084.0,0.97,-15.0,9.2
long,100,無,100,150,12:30,88,0.659,0.12,11.0,-1158.0,1.0,0.3,0.0
long,100,無,100,150,13:00,88,0.659,-6.41,-564.0,-1256.0,0.93,-2.7,-9.7
long,100,無,100,150,13:10,88,0.636,-10.39,-914.0,-1186.0,0.89,-2.3,-17.4
long,100,無,100,150,13:20,88,0.648,-10.18,-896.0,-1281.0,0.9,-2.1,-17.2
long,100,無,100,150,13:30,88,0.67,-13.01,-1145.0,-1180.0,0.87,-7.6,-17.7
long,100,無,100,150,13:44,88,0.693,-16.34,-1438.0,-1369.0,0.85,-5.0,-26.3
long,100,無,100,200,12:00,88,0.545,-6.8,-598.0,-1084.0,0.92,-14.6,0.0
long,100,無,100,200,12:30,88,0.614,-4.42,-389.0,-1158.0,0.95,2.1,-10.1
long,100,無,100,200,13:00,88,0.614,-13.05,-1148.0,-1256.0,0.88,-1.5,-23.1
long,100,無,100,200,13:10,88,0.58,-17.74,-1561.0,-1186.0,0.84,-2.7,-30.8
long,100,無,100,200,13:20,88,0.58,-17.99,-1583.0,-1281.0,0.84,-1.9,-32.0
long,100,無,100,200,13:30,88,0.614,-18.01,-1585.0,-1180.0,0.85,-5.4,-29.0
long,100,無,100,200,13:44,88,0.625,-26.83,-2361.0,-1369.0,0.79,-3.2,-47.5
long,100,無,100,250,12:00,88,0.534,-1.39,-122.0,-1084.0,0.98,-23.1,17.5
long,100,無,100,250,12:30,88,0.591,3.28,289.0,-1158.0,1.03,0.4,5.8
long,100,無,100,250,13:00,88,0.602,-5.39,-474.0,-1256.0,0.95,0.5,-10.5
long,100,無,100,250,13:10,88,0.568,-9.43,-830.0,-1186.0,0.92,-1.3,-16.5
long,100,無,100,250,13:20,88,0.557,-10.89,-958.0,-1281.0,0.91,-3.5,-17.3
long,100,無,100,250,13:30,88,0.58,-14.83,-1305.0,-1180.0,0.88,-6.7,-22.0
long,100,無,100,250,13:44,88,0.591,-24.86,-2188.0,-1369.0,0.82,-5.2,-42.0
long,100,無,110,50,12:00,88,0.841,-0.61,-54.0,-844.0,0.99,-20.4,16.6
long,100,無,110,50,12:30,88,0.886,3.56,313.0,-766.0,1.09,-7.5,13.2
long,100,無,110,50,13:00,88,0.875,4.27,376.0,-894.0,1.11,-1.9,9.7
long,100,無,110,50,13:10,88,0.886,2.99,263.0,-975.0,1.08,-1.1,6.6
long,100,無,110,50,13:20,88,0.886,3.07,270.0,-943.0,1.08,-0.8,6.4
long,100,無,110,50,13:30,88,0.898,-0.41,-36.0,-1190.0,0.99,-1.0,0.1
long,100,無,110,50,13:44,88,0.898,-6.01,-529.0,-1379.0,0.88,-4.1,-7.7
long,100,無,110,75,12:00,88,0.761,-8.85,-779.0,-1094.0,0.86,-23.6,4.0
long,100,無,110,75,12:30,88,0.807,-5.66,-498.0,-1168.0,0.91,-9.1,-2.7
long,100,無,110,75,13:00,88,0.784,-10.77,-948.0,-1266.0,0.84,-8.5,-12.8
long,100,無,110,75,13:10,88,0.795,-10.67,-939.0,-1196.0,0.84,-5.1,-15.5
long,100,無,110,75,13:20,88,0.795,-13.18,-1160.0,-1291.0,0.81,-5.0,-20.3
long,100,無,110,75,13:30,88,0.807,-13.49,-1187.0,-1190.0,0.81,-6.7,-19.4
long,100,無,110,75,13:44,88,0.807,-22.75,-2002.0,-1379.0,0.72,-8.5,-35.2
long,100,無,110,100,12:00,88,0.716,-6.02,-530.0,-1094.0,0.92,-17.7,4.1
long,100,無,110,100,12:30,88,0.75,-7.24,-637.0,-1168.0,0.9,-5.2,-9.0
long,100,無,110,100,13:00,88,0.739,-12.38,-1089.0,-1266.0,0.85,-6.7,-17.3
long,100,無,110,100,13:10,88,0.739,-11.01,-969.0,-1196.0,0.86,-1.8,-19.0
long,100,無,110,100,13:20,88,0.739,-14.51,-1277.0,-1291.0,0.83,-0.7,-26.6
long,100,無,110,100,13:30,88,0.75,-16.24,-1429.0,-1190.0,0.82,-5.5,-25.6
long,100,無,110,100,13:44,88,0.773,-23.32,-2052.0,-1379.0,0.76,-4.0,-40.2
long,100,無,110,150,12:00,88,0.625,-7.72,-679.0,-1094.0,0.91,-18.1,1.3
long,100,無,110,150,12:30,88,0.648,-7.28,-641.0,-1168.0,0.92,-5.7,-8.7
long,100,無,110,150,13:00,88,0.636,-14.03,-1235.0,-1266.0,0.86,-10.9,-16.8
long,100,無,110,150,13:10,88,0.625,-15.58,-1371.0,-1196.0,0.84,-9.1,-21.2
long,100,無,110,150,13:20,88,0.636,-15.67,-1379.0,-1291.0,0.84,-7.6,-22.7
long,100,無,110,150,13:30,88,0.659,-18.27,-1608.0,-1190.0,0.83,-12.0,-23.7
long,100,無,110,150,13:44,88,0.67,-21.05,-1852.0,-1379.0,0.81,-8.5,-32.0
long,100,無,110,200,12:00,88,0.545,-9.23,-812.0,-1094.0,0.9,-15.8,-3.5
long,100,無,110,200,12:30,88,0.614,-7.1,-625.0,-1168.0,0.93,0.1,-13.4
long,100,無,110,200,13:00,88,0.614,-15.12,-1331.0,-1266.0,0.86,-2.3,-26.3
long,100,無,110,200,13:10,88,0.58,-18.69,-1645.0,-1196.0,0.83,-1.2,-34.0
long,100,無,110,200,13:20,88,0.591,-17.47,-1537.0,-1291.0,0.85,2.2,-34.7
long,100,無,110,200,13:30,88,0.625,-17.44,-1535.0,-1190.0,0.85,-1.1,-31.7
long,100,無,110,200,13:44,88,0.625,-26.06,-2293.0,-1379.0,0.8,1.5,-50.1
long,100,無,110,250,12:00,88,0.534,-5.78,-509.0,-1094.0,0.94,-27.7,13.3
long,100,無,110,250,12:30,88,0.591,-0.77,-68.0,-1168.0,0.99,-4.0,2.0
long,100,無,110,250,13:00,88,0.602,-9.33,-821.0,-1266.0,0.91,-3.9,-14.0
long,100,無,110,250,13:10,88,0.557,-13.38,-1177.0,-1196.0,0.88,-5.7,-20.1
long,100,無,110,250,13:20,88,0.557,-14.8,-1302.0,-1291.0,0.88,-7.9,-20.8
long,100,無,110,250,13:30,88,0.58,-18.74,-1649.0,-1190.0,0.85,-11.0,-25.4
long,100,無,110,250,13:44,88,0.58,-28.66,-2522.0,-1379.0,0.79,-9.4,-45.5
long,100,無,120,50,12:00,89,0.843,-13.12,-1168.0,-1104.0,0.75,-20.7,-6.4
long,100,無,120,50,12:30,89,0.865,-12.54,-1116.0,-1178.0,0.76,-11.5,-13.5
long,100,無,120,50,13:00,89,0.854,-13.31,-1185.0,-1276.0,0.75,-6.9,-19.1
long,100,無,120,50,13:10,89,0.865,-13.99,-1245.0,-1206.0,0.75,-6.5,-20.7
long,100,無,120,50,13:20,89,0.865,-14.62,-1301.0,-1301.0,0.74,-5.4,-22.9
long,100,無,120,50,13:30,89,0.876,-16.33,-1453.0,-1200.0,0.72,-7.1,-24.6
long,100,無,120,50,13:44,89,0.876,-23.65,-2105.0,-1389.0,0.64,-12.7,-33.5
long,100,無,120,75,12:00,89,0.775,-8.49,-756.0,-1104.0,0.87,-24.3,5.6
long,100,無,120,75,12:30,89,0.798,-8.44,-751.0,-1178.0,0.87,-13.8,-3.7
long,100,無,120,75,13:00,89,0.775,-13.88,-1235.0,-1276.0,0.8,-14.0,-13.8
long,100,無,120,75,13:10,89,0.787,-13.97,-1243.0,-1206.0,0.8,-11.1,-16.5
long,100,無,120,75,13:20,89,0.787,-16.09,-1432.0,-1301.0,0.78,-10.2,-21.3
long,100,無,120,75,13:30,89,0.798,-17.08,-1520.0,-1200.0,0.77,-13.3,-20.4
long,100,無,120,75,13:44,89,0.798,-27.91,-2484.0,-1389.0,0.67,-18.7,-36.2
long,100,無,120,100,12:00,89,0.708,-8.22,-732.0,-1104.0,0.89,-20.2,2.5
long,100,無,120,100,12:30,89,0.742,-11.48,-1022.0,-1178.0,0.85,-12.4,-10.6
long,100,無,120,100,13:00,89,0.73,-16.12,-1435.0,-1276.0,0.81,-13.2,-18.7
long,100,無,120,100,13:10,89,0.719,-16.02,-1426.0,-1206.0,0.81,-11.0,-20.5
long,100,無,120,100,13:20,89,0.73,-18.79,-1672.0,-1301.0,0.79,-8.5,-28.0
long,100,無,120,100,13:30,89,0.742,-20.87,-1857.0,-1200.0,0.77,-14.0,-27.0
long,100,無,120,100,13:44,89,0.764,-29.07,-2587.0,-1389.0,0.71,-15.0,-41.6
long,100,無,120,150,12:00,89,0.618,-9.21,-820.0,-1104.0,0.89,-20.6,1.0
long,100,無,120,150,12:30,89,0.64,-10.2,-908.0,-1178.0,0.89,-12.0,-8.6
long,100,無,120,150,13:00,89,0.629,-17.75,-1580.0,-1276.0,0.82,-17.8,-17.7
long,100,無,120,150,13:10,89,0.618,-19.35,-1722.0,-1206.0,0.81,-16.5,-21.9
long,100,無,120,150,13:20,89,0.629,-18.47,-1644.0,-1301.0,0.82,-14.3,-22.2
long,100,無,120,150,13:30,89,0.652,-22.04,-1962.0,-1200.0,0.8,-20.1,-23.8
long,100,無,120,150,13:44,89,0.663,-26.93,-2397.0,-1389.0,0.77,-19.5,-33.6
long,100,無,120,200,12:00,89,0.539,-10.91,-971.0,-1104.0,0.88,-19.1,-3.6
long,100,無,120,200,12:30,89,0.607,-10.11,-900.0,-1178.0,0.9,-6.7,-13.1
long,100,無,120,200,13:00,89,0.607,-18.81,-1674.0,-1276.0,0.83,-10.0,-26.7
long,100,無,120,200,13:10,89,0.573,-22.4,-1994.0,-1206.0,0.81,-9.3,-34.1
long,100,無,120,200,13:20,89,0.584,-20.17,-1795.0,-1301.0,0.83,-5.1,-33.6
long,100,無,120,200,13:30,89,0.618,-21.84,-1944.0,-1200.0,0.82,-9.9,-32.5
long,100,無,120,200,13:44,89,0.618,-32.37,-2881.0,-1389.0,0.76,-10.1,-52.2
long,100,無,120,250,12:00,89,0.528,-9.87,-878.0,-1104.0,0.9,-31.0,9.0
long,100,無,120,250,12:30,89,0.584,-5.92,-527.0,-1178.0,0.94,-11.3,-1.1
long,100,無,120,250,13:00,89,0.596,-14.65,-1304.0,-1276.0,0.87,-12.0,-17.0
long,100,無,120,250,13:10,89,0.551,-18.84,-1677.0,-1206.0,0.84,-14.1,-23.0
long,100,無,120,250,13:20,89,0.551,-19.89,-1770.0,-1301.0,0.84,-15.5,-23.8
long,100,無,120,250,13:30,89,0.573,-24.47,-2178.0,-1200.0,0.81,-20.0,-28.4
long,100,無,120,250,13:44,89,0.573,-35.64,-3172.0,-1389.0,0.75,-21.3,-48.5
long,100,無,130,50,12:00,93,0.839,-13.39,-1245.0,-1114.0,0.75,-21.4,-5.9
long,100,無,130,50,12:30,93,0.86,-13.02,-1211.0,-1188.0,0.76,-13.2,-12.8
long,100,無,130,50,13:00,93,0.839,-14.75,-1372.0,-1286.0,0.73,-11.0,-18.3
long,100,無,130,50,13:10,93,0.849,-15.06,-1401.0,-1216.0,0.73,-9.9,-19.9
long,100,無,130,50,13:20,93,0.849,-15.72,-1462.0,-1311.0,0.72,-9.0,-22.0
long,100,無,130,50,13:30,93,0.86,-17.59,-1636.0,-1210.0,0.7,-11.1,-23.7
long,100,無,130,50,13:44,93,0.86,-24.03,-2235.0,-1399.0,0.63,-15.1,-32.4
long,100,無,130,75,12:00,93,0.785,-3.74,-348.0,-1114.0,0.94,-18.0,9.6
long,100,無,130,75,12:30,93,0.806,-5.01,-466.0,-1188.0,0.92,-13.0,2.5
long,100,無,130,75,13:00,93,0.796,-5.65,-525.0,-1286.0,0.91,-11.8,0.1
long,100,無,130,75,13:10,93,0.806,-4.81,-447.0,-1216.0,0.92,-9.0,-0.9
long,100,無,130,75,13:20,93,0.806,-5.77,-537.0,-1311.0,0.91,-8.0,-3.7
long,100,無,130,75,13:30,93,0.817,-8.66,-805.0,-1210.0,0.87,-13.6,-4.0
long,100,無,130,75,13:44,93,0.817,-16.18,-1505.0,-1399.0,0.79,-17.9,-14.5
long,100,無,130,100,12:00,93,0.731,1.05,98.0,-1114.0,1.02,-14.8,15.9
long,100,無,130,100,12:30,93,0.753,1.18,110.0,-1188.0,1.02,-7.3,9.1
long,100,無,130,100,13:00,93,0.753,-2.74,-255.0,-1286.0,0.96,-8.0,2.2
long,100,無,130,100,13:10,93,0.742,-1.58,-147.0,-1216.0,0.98,-6.0,2.6
long,100,無,130,100,13:20,93,0.742,-3.66,-340.0,-1311.0,0.95,-3.6,-3.7
long,100,無,130,100,13:30,93,0.763,-5.73,-533.0,-1210.0,0.93,-8.8,-2.9
long,100,無,130,100,13:44,93,0.785,-14.01,-1303.0,-1399.0,0.84,-9.7,-18.1
long,100,無,130,150,12:00,93,0.624,-7.42,-690.0,-1114.0,0.91,-13.7,-1.5
long,100,無,130,150,12:30,93,0.624,-11.08,-1030.0,-1188.0,0.88,-8.1,-13.9
long,100,無,130,150,13:00,93,0.634,-20.45,-1902.0,-1286.0,0.8,-11.6,-28.7
long,100,無,130,150,13:10,93,0.624,-22.67,-2108.0,-1216.0,0.79,-11.9,-32.8
long,100,無,130,150,13:20,93,0.624,-21.32,-1983.0,-1311.0,0.8,-8.8,-33.0
long,100,無,130,150,13:30,93,0.656,-25.23,-2346.0,-1210.0,0.77,-13.3,-36.4
long,100,無,130,150,13:44,93,0.667,-31.37,-2917.0,-1399.0,0.74,-13.7,-48.0
long,100,無,130,200,12:00,93,0.559,-8.55,-795.0,-1114.0,0.91,-14.2,-3.3
long,100,無,130,200,12:30,93,0.602,-7.46,-694.0,-1188.0,0.92,-3.7,-11.0
long,100,無,130,200,13:00,93,0.624,-15.24,-1417.0,-1286.0,0.86,-5.8,-24.1
long,100,無,130,200,13:10,93,0.581,-20.42,-1899.0,-1216.0,0.82,-8.7,-31.4
long,100,無,130,200,13:20,93,0.581,-18.99,-1766.0,-1311.0,0.84,-6.3,-30.9
long,100,無,130,200,13:30,93,0.624,-20.08,-1867.0,-1210.0,0.83,-9.9,-29.6
long,100,無,130,200,13:44,93,0.624,-30.8,-2864.0,-1399.0,0.77,-11.5,-48.9
long,100,無,130,250,12:00,93,0.548,-5.62,-523.0,-1114.0,0.94,-20.5,8.4
long,100,無,130,250,12:30,93,0.581,-1.44,-134.0,-1188.0,0.99,-3.6,0.6
long,100,無,130,250,13:00,93,0.613,-9.32,-867.0,-1286.0,0.91,-2.5,-15.8
long,100,無,130,250,13:10,93,0.57,-15.3,-1423.0,-1216.0,0.87,-5.9,-24.1
long,100,無,130,250,13:20,93,0.559,-15.8,-1469.0,-1311.0,0.87,-6.2,-24.8
long,100,無,130,250,13:30,93,0.591,-19.14,-1780.0,-1210.0,0.85,-9.5,-28.1
long,100,無,130,250,13:44,93,0.591,-31.15,-2897.0,-1399.0,0.78,-11.6,-49.5
long,100,無,140,50,12:00,95,0.832,-13.11,-1245.0,-1124.0,0.75,-21.4,-5.3
long,100,無,140,50,12:30,95,0.863,-12.75,-1211.0,-1198.0,0.76,-13.4,-12.1
long,100,無,140,50,13:00,95,0.842,-14.44,-1372.0,-1296.0,0.74,-11.2,-17.5
long,100,無,140,50,13:10,95,0.853,-14.75,-1401.0,-1226.0,0.73,-10.2,-19.0
long,100,無,140,50,13:20,95,0.853,-15.39,-1462.0,-1321.0,0.73,-9.3,-21.1
long,100,無,140,50,13:30,95,0.863,-17.22,-1636.0,-1220.0,0.7,-11.3,-22.7
long,100,無,140,50,13:44,95,0.863,-23.42,-2225.0,-1409.0,0.64,-15.0,-31.3
long,100,無,140,75,12:00,95,0.768,-5.53,-525.0,-1124.0,0.91,-22.2,10.2
long,100,無,140,75,12:30,95,0.8,-5.78,-549.0,-1198.0,0.91,-15.3,3.2
long,100,無,140,75,13:00,95,0.789,-7.72,-733.0,-1296.0,0.88,-17.1,1.1
long,100,無,140,75,13:10,95,0.8,-6.06,-576.0,-1226.0,0.9,-12.7,0.1
long,100,無,140,75,13:20,95,0.8,-7.02,-667.0,-1321.0,0.89,-11.7,-2.7
long,100,無,140,75,13:30,95,0.811,-10.04,-954.0,-1220.0,0.85,-17.6,-3.0
long,100,無,140,75,13:44,95,0.811,-17.01,-1616.0,-1409.0,0.77,-21.0,-13.3
long,100,無,140,100,12:00,95,0.705,-5.42,-515.0,-1124.0,0.92,-18.7,7.0
long,100,無,140,100,12:30,95,0.737,-4.14,-393.0,-1198.0,0.94,-11.5,2.7
long,100,無,140,100,13:00,95,0.737,-8.84,-840.0,-1296.0,0.89,-13.5,-4.4
long,100,無,140,100,13:10,95,0.726,-9.56,-908.0,-1226.0,0.88,-14.3,-5.1
long,100,無,140,100,13:20,95,0.726,-12.18,-1157.0,-1321.0,0.85,-13.2,-11.2
long,100,無,140,100,13:30,95,0.747,-14.39,-1367.0,-1220.0,0.83,-18.2,-10.8
long,100,無,140,100,13:44,95,0.768,-20.76,-1972.0,-1409.0,0.77,-17.4,-23.9
long,100,無,140,150,12:00,95,0.611,-11.14,-1058.0,-1124.0,0.87,-13.7,-8.8
long,100,無,140,150,12:30,95,0.621,-16.33,-1551.0,-1198.0,0.83,-7.9,-24.2
long,100,無,140,150,13:00,95,0.642,-20.86,-1982.0,-1296.0,0.8,-11.4,-29.7
long,100,無,140,150,13:10,95,0.621,-22.39,-2127.0,-1226.0,0.79,-11.7,-32.5
long,100,無,140,150,13:20,95,0.632,-20.14,-1913.0,-1321.0,0.81,-8.7,-30.9
long,100,無,140,150,13:30,95,0.663,-23.96,-2276.0,-1220.0,0.78,-13.1,-34.2
long,100,無,140,150,13:44,95,0.674,-29.97,-2847.0,-1409.0,0.75,-13.4,-45.5
long,100,無,140,200,12:00,95,0.558,-9.34,-887.0,-1124.0,0.9,-13.7,-5.3
long,100,無,140,200,12:30,95,0.611,-8.25,-784.0,-1198.0,0.92,-3.9,-12.4
long,100,無,140,200,13:00,95,0.632,-16.45,-1563.0,-1296.0,0.85,-5.6,-26.7
long,100,無,140,200,13:10,95,0.579,-21.09,-2004.0,-1226.0,0.81,-8.1,-33.3
long,100,無,140,200,13:20,95,0.589,-19.85,-1886.0,-1321.0,0.83,-6.1,-32.8
long,100,無,140,200,13:30,95,0.632,-20.51,-1948.0,-1220.0,0.83,-9.1,-31.2
long,100,無,140,200,13:44,95,0.632,-29.38,-2791.0,-1409.0,0.78,-10.6,-47.0
long,100,無,140,250,12:00,95,0.547,-4.19,-398.0,-1124.0,0.95,-19.2,9.9
long,100,無,140,250,12:30,95,0.589,-1.92,-182.0,-1198.0,0.98,-6.8,2.7
long,100,無,140,250,13:00,95,0.621,-8.33,-791.0,-1296.0,0.92,-3.4,-12.9
long,100,無,140,250,13:10,95,0.568,-14.54,-1381.0,-1226.0,0.87,-7.5,-21.2
long,100,無,140,250,13:20,95,0.568,-14.99,-1424.0,-1321.0,0.88,-7.8,-21.8
long,100,無,140,250,13:30,95,0.6,-17.15,-1629.0,-1220.0,0.86,-8.7,-25.1
long,100,無,140,250,13:44,95,0.6,-28.49,-2707.0,-1409.0,0.79,-9.9,-46.0
long,100,無,150,50,12:00,98,0.837,-12.46,-1221.0,-1134.0,0.76,-17.3,-7.6
long,100,無,150,50,12:30,98,0.867,-10.6,-1039.0,-1208.0,0.79,-6.7,-14.5
long,100,無,150,50,13:00,98,0.857,-10.83,-1061.0,-1306.0,0.79,-3.9,-17.7
long,100,無,150,50,13:10,98,0.867,-10.95,-1073.0,-1236.0,0.79,-2.7,-19.2
long,100,無,150,50,13:20,98,0.867,-11.9,-1166.0,-1331.0,0.78,-2.5,-21.3
long,100,無,150,50,13:30,98,0.878,-13.05,-1279.0,-1221.0,0.76,-3.1,-23.0
long,100,無,150,50,13:44,98,0.878,-18.2,-1784.0,-1410.0,0.7,-4.9,-31.5
long,100,無,150,75,12:00,98,0.765,-6.52,-639.0,-1134.0,0.89,-19.4,6.4
long,100,無,150,75,12:30,98,0.796,-6.16,-604.0,-1208.0,0.9,-13.7,1.3
long,100,無,150,75,13:00,98,0.786,-9.64,-945.0,-1306.0,0.85,-14.0,-5.2
long,100,無,150,75,13:10,98,0.786,-7.51,-736.0,-1236.0,0.88,-11.8,-3.2
long,100,無,150,75,13:20,98,0.786,-8.91,-873.0,-1331.0,0.86,-10.2,-7.6
long,100,無,150,75,13:30,98,0.806,-11.58,-1135.0,-1221.0,0.83,-15.2,-7.9
long,100,無,150,75,13:44,98,0.806,-18.09,-1773.0,-1410.0,0.76,-18.2,-18.0
long,100,無,150,100,12:00,98,0.714,-4.96,-486.0,-1134.0,0.93,-15.7,5.8
long,100,無,150,100,12:30,98,0.745,-3.05,-299.0,-1208.0,0.96,-7.8,1.7
long,100,無,150,100,13:00,98,0.745,-8.5,-833.0,-1306.0,0.89,-10.4,-6.6
long,100,無,150,100,13:10,98,0.735,-9.15,-897.0,-1236.0,0.88,-11.3,-7.0
long,100,無,150,100,13:20,98,0.735,-11.28,-1105.0,-1331.0,0.86,-10.5,-12.1
long,100,無,150,100,13:30,98,0.745,-13.56,-1329.0,-1221.0,0.84,-15.4,-11.7
long,100,無,150,100,13:44,98,0.765,-20.1,-1970.0,-1410.0,0.78,-15.5,-24.7
long,100,無,150,150,12:00,98,0.633,-8.07,-791.0,-1134.0,0.9,-11.4,-4.7
long,100,無,150,150,12:30,98,0.633,-9.62,-943.0,-1208.0,0.89,-3.9,-15.3
long,100,無,150,150,13:00,98,0.653,-17.27,-1692.0,-1306.0,0.83,-6.2,-28.3
long,100,無,150,150,13:10,98,0.633,-19.43,-1904.0,-1236.0,0.81,-6.6,-32.3
long,100,無,150,150,13:20,98,0.643,-17.61,-1726.0,-1331.0,0.83,-3.1,-32.1
long,100,無,150,150,13:30,98,0.663,-21.63,-2120.0,-1221.0,0.8,-7.8,-35.4
long,100,無,150,150,13:44,98,0.684,-27.52,-2697.0,-1410.0,0.77,-8.3,-46.8
long,100,無,150,200,12:00,98,0.571,-7.79,-763.0,-1134.0,0.91,-6.4,-9.2
long,100,無,150,200,12:30,98,0.612,-6.71,-658.0,-1208.0,0.93,2.7,-16.1
long,100,無,150,200,13:00,98,0.633,-13.22,-1296.0,-1306.0,0.88,2.3,-28.7
long,100,無,150,200,13:10,98,0.592,-17.7,-1735.0,-1236.0,0.84,-0.0,-35.4
long,100,無,150,200,13:20,98,0.602,-16.6,-1627.0,-1331.0,0.86,1.6,-34.8
long,100,無,150,200,13:30,98,0.622,-19.83,-1943.0,-1221.0,0.83,-1.2,-38.5
long,100,無,150,200,13:44,98,0.633,-28.16,-2760.0,-1410.0,0.78,-1.2,-55.1
long,100,無,150,250,12:00,98,0.561,-1.55,-152.0,-1134.0,0.98,-9.9,6.8
long,100,無,150,250,12:30,98,0.592,0.83,81.0,-1208.0,1.01,1.6,0.0
long,100,無,150,250,13:00,98,0.622,-5.06,-496.0,-1306.0,0.95,6.2,-16.4
long,100,無,150,250,13:10,98,0.582,-11.36,-1113.0,-1236.0,0.9,2.5,-25.2
long,100,無,150,250,13:20,98,0.582,-12.15,-1191.0,-1331.0,0.9,2.0,-26.3
long,100,無,150,250,13:30,98,0.602,-14.67,-1438.0,-1221.0,0.88,1.2,-30.5
long,100,無,150,250,13:44,98,0.602,-25.49,-2498.0,-1410.0,0.81,2.3,-53.3
long,100,前日反向,130,50,12:00,41,0.854,-0.78,-32.0,-555.0,0.98,-5.5,4.7
long,100,前日反向,130,50,12:30,41,0.878,-2.39,-98.0,-759.0,0.95,3.6,-9.4
long,100,前日反向,130,50,13:00,41,0.878,-4.44,-182.0,-914.0,0.9,8.4,-19.3
long,100,前日反向,130,50,13:10,41,0.878,-2.59,-106.0,-995.0,0.94,15.6,-23.6
long,100,前日反向,130,50,13:20,41,0.878,-1.2,-49.0,-963.0,0.97,16.7,-21.9
long,100,前日反向,130,50,13:30,41,0.878,-6.0,-246.0,-1210.0,0.88,18.2,-34.0
long,100,前日反向,130,50,13:44,41,0.878,-13.61,-558.0,-1399.0,0.76,16.1,-48.1
long,100,前日反向,130,75,12:00,41,0.78,10.07,413.0,-555.0,1.21,0.2,21.5
long,100,前日反向,130,75,12:30,41,0.805,1.49,61.0,-759.0,1.03,-3.5,7.2
long,100,前日反向,130,75,13:00,41,0.829,-0.54,-22.0,-914.0,0.99,-3.6,3.1
long,100,前日反向,130,75,13:10,41,0.829,3.56,146.0,-995.0,1.06,7.7,-1.3
long,100,前日反向,130,75,13:20,41,0.829,4.93,202.0,-963.0,1.09,8.8,0.4
long,100,前日反向,130,75,13:30,41,0.829,-3.02,-124.0,-1210.0,0.95,4.4,-11.6
long,100,前日反向,130,75,13:44,41,0.829,-11.15,-457.0,-1399.0,0.84,1.4,-25.7
long,100,前日反向,130,100,12:00,41,0.732,16.83,690.0,-555.0,1.33,14.1,20.0
long,100,前日反向,130,100,12:30,41,0.78,11.73,481.0,-759.0,1.2,11.7,11.8
long,100,前日反向,130,100,13:00,41,0.805,10.24,420.0,-914.0,1.16,11.0,9.4
long,100,前日反向,130,100,13:10,41,0.805,17.71,726.0,-995.0,1.31,22.0,12.8
long,100,前日反向,130,100,13:20,41,0.805,17.17,704.0,-963.0,1.3,23.0,10.5
long,100,前日反向,130,100,13:30,41,0.78,7.95,326.0,-1210.0,1.12,16.3,-1.7
long,100,前日反向,130,100,13:44,41,0.805,1.51,62.0,-1399.0,1.02,15.9,-15.2
long,100,前日反向,130,150,12:00,41,0.683,18.34,752.0,-588.0,1.27,32.1,2.4
long,100,前日反向,130,150,12:30,41,0.683,4.85,199.0,-812.0,1.06,24.2,-17.5
long,100,前日反向,130,150,13:00,41,0.756,6.17,253.0,-914.0,1.07,27.2,-18.2
long,100,前日反向,130,150,13:10,41,0.756,13.34,547.0,-995.0,1.17,34.3,-10.9
long,100,前日反向,130,150,13:20,41,0.732,11.17,458.0,-1002.0,1.13,35.1,-16.5
long,100,前日反向,130,150,13:30,41,0.707,2.17,89.0,-1210.0,1.02,29.4,-29.4
long,100,前日反向,130,150,13:44,41,0.707,-5.44,-223.0,-1399.0,0.95,25.0,-40.6
long,100,前日反向,130,200,12:00,41,0.585,10.93,448.0,-588.0,1.15,35.5,-17.6
long,100,前日反向,130,200,12:30,41,0.659,6.41,263.0,-812.0,1.07,34.9,-26.5
long,100,前日反向,130,200,13:00,41,0.756,17.83,731.0,-914.0,1.2,45.0,-13.6
long,100,前日反向,130,200,13:10,41,0.732,26.1,1070.0,-995.0,1.32,51.3,-3.1
long,100,前日反向,130,200,13:20,41,0.707,28.49,1168.0,-1002.0,1.33,53.5,-0.5
long,100,前日反向,130,200,13:30,41,0.707,22.49,922.0,-1210.0,1.24,46.9,-5.8
long,100,前日反向,130,200,13:44,41,0.683,12.2,500.0,-1399.0,1.12,40.3,-20.3
long,100,前日反向,130,250,12:00,41,0.561,8.05,330.0,-588.0,1.1,20.6,-6.5
long,100,前日反向,130,250,12:30,41,0.634,10.2,418.0,-812.0,1.11,28.1,-10.5
long,100,前日反向,130,250,13:00,41,0.756,26.73,1096.0,-914.0,1.31,45.0,5.6
long,100,前日反向,130,250,13:10,41,0.732,31.56,1294.0,-995.0,1.39,50.3,9.8
long,100,前日反向,130,250,13:20,41,0.683,32.29,1324.0,-1002.0,1.37,46.9,15.4
long,100,前日反向,130,250,13:30,41,0.659,23.2,951.0,-1210.0,1.24,40.9,2.7
long,100,前日反向,130,250,13:44,41,0.634,10.24,420.0,-1399.0,1.1,33.4,-16.5
long,100,前日反向,140,50,12:00,42,0.857,-0.57,-24.0,-565.0,0.99,-4.5,4.2
long,100,前日反向,140,50,12:30,42,0.881,-2.14,-90.0,-769.0,0.95,4.3,-9.9
long,100,前日反向,140,50,13:00,42,0.881,-4.14,-174.0,-924.0,0.91,8.8,-19.8
long,100,前日反向,140,50,13:10,42,0.881,-2.33,-98.0,-1005.0,0.95,15.7,-24.2
long,100,前日反向,140,50,13:20,42,0.881,-0.98,-41.0,-973.0,0.98,16.8,-22.5
long,100,前日反向,140,50,13:30,42,0.881,-5.67,-238.0,-1220.0,0.88,18.2,-34.5
long,100,前日反向,140,50,13:44,42,0.881,-13.1,-550.0,-1409.0,0.76,16.2,-48.6
long,100,前日反向,140,75,12:00,42,0.786,10.14,426.0,-565.0,1.21,1.6,20.5
long,100,前日反向,140,75,12:30,42,0.81,1.76,74.0,-769.0,1.03,-1.9,6.2
long,100,前日反向,140,75,13:00,42,0.833,0.02,1.0,-924.0,1.0,-2.0,2.5
long,100,前日反向,140,75,13:10,42,0.833,4.02,169.0,-1005.0,1.07,8.8,-1.8
long,100,前日反向,140,75,13:20,42,0.833,5.36,225.0,-973.0,1.1,9.9,-0.1
long,100,前日反向,140,75,13:30,42,0.833,-2.4,-101.0,-1220.0,0.96,5.7,-12.2
long,100,前日反向,140,75,13:44,42,0.833,-10.33,-434.0,-1409.0,0.85,2.8,-26.2
long,100,前日反向,140,100,12:00,42,0.738,16.76,704.0,-565.0,1.33,15.8,17.9
long,100,前日反向,140,100,12:30,42,0.786,12.12,509.0,-769.0,1.21,13.7,10.2
long,100,前日反向,140,100,13:00,42,0.81,10.9,458.0,-924.0,1.17,13.0,8.4
long,100,前日反向,140,100,13:10,42,0.81,18.19,764.0,-1005.0,1.32,23.5,11.7
long,100,前日反向,140,100,13:20,42,0.81,17.67,742.0,-973.0,1.3,24.5,9.4
long,100,前日反向,140,100,13:30,42,0.786,8.67,364.0,-1220.0,1.13,18.1,-2.8
long,100,前日反向,140,100,13:44,42,0.81,2.38,100.0,-1409.0,1.03,17.7,-16.2
long,100,前日反向,140,150,12:00,42,0.667,11.19,470.0,-598.0,1.16,34.6,-17.1
long,100,前日反向,140,150,12:30,42,0.667,-6.4,-269.0,-822.0,0.93,27.0,-46.8
long,100,前日反向,140,150,13:00,42,0.762,3.83,161.0,-924.0,1.04,29.8,-27.6
long,100,前日反向,140,150,13:10,42,0.738,12.29,516.0,-1005.0,1.15,36.6,-17.2
long,100,前日反向,140,150,13:20,42,0.738,12.29,516.0,-1012.0,1.15,37.4,-18.1
long,100,前日反向,140,150,13:30,42,0.714,3.5,147.0,-1220.0,1.04,32.0,-30.9
long,100,前日反向,140,150,13:44,42,0.714,-3.93,-165.0,-1409.0,0.96,27.7,-42.2
long,100,前日反向,140,200,12:00,42,0.595,11.57,486.0,-598.0,1.15,39.1,-21.8
long,100,前日反向,140,200,12:30,42,0.667,7.14,300.0,-822.0,1.08,37.1,-29.2
long,100,前日反向,140,200,13:00,42,0.762,18.67,784.0,-924.0,1.21,47.5,-16.3
long,100,前日反向,140,200,13:10,42,0.714,27.17,1141.0,-1005.0,1.33,54.3,-5.7
long,100,前日反向,140,200,13:20,42,0.714,29.12,1223.0,-1012.0,1.33,55.8,-3.2
long,100,前日反向,140,200,13:30,42,0.714,24.05,1010.0,-1220.0,1.26,50.4,-7.9
long,100,前日反向,140,200,13:44,42,0.69,14.0,588.0,-1409.0,1.14,44.1,-22.4
long,100,前日反向,140,250,12:00,42,0.571,9.36,393.0,-598.0,1.12,26.4,-11.3
long,100,前日反向,140,250,12:30,42,0.643,10.79,453.0,-822.0,1.12,31.9,-14.7
long,100,前日反向,140,250,13:00,42,0.762,28.67,1204.0,-924.0,1.33,50.3,2.5
long,100,前日反向,140,250,13:10,42,0.714,33.38,1402.0,-1005.0,1.41,55.4,6.7
long,100,前日反向,140,250,13:20,42,0.69,34.1,1432.0,-1012.0,1.39,52.2,12.2
long,100,前日反向,140,250,13:30,42,0.667,25.21,1059.0,-1220.0,1.26,46.4,-0.5
long,100,前日反向,140,250,13:44,42,0.643,12.57,528.0,-1409.0,1.12,39.2,-19.7
long,100,前日反向,150,50,12:00,43,0.837,-2.49,-107.0,-566.0,0.94,-3.5,-1.2
long,100,前日反向,150,50,12:30,43,0.86,-4.14,-178.0,-770.0,0.91,4.8,-15.5
long,100,前日反向,150,50,13:00,43,0.884,-3.65,-157.0,-925.0,0.92,9.2,-19.9
long,100,前日反向,150,50,13:10,43,0.884,-1.88,-81.0,-1006.0,0.96,15.8,-24.2
long,100,前日反向,150,50,13:20,43,0.884,-0.56,-24.0,-974.0,0.99,16.8,-22.5
long,100,前日反向,150,50,13:30,43,0.884,-5.14,-221.0,-1221.0,0.89,18.2,-34.6
long,100,前日反向,150,50,13:44,43,0.884,-12.4,-533.0,-1410.0,0.77,16.3,-48.6
long,100,前日反向,150,75,12:00,43,0.767,6.63,285.0,-566.0,1.13,2.9,11.3
long,100,前日反向,150,75,12:30,43,0.814,0.63,27.0,-770.0,1.01,-0.4,1.9
long,100,前日反向,150,75,13:00,43,0.814,-6.19,-266.0,-925.0,0.9,-0.6,-13.3
long,100,前日反向,150,75,13:10,43,0.814,1.12,48.0,-1006.0,1.02,9.8,-9.9
long,100,前日反向,150,75,13:20,43,0.814,0.65,28.0,-974.0,1.01,10.8,-12.2
long,100,前日反向,150,75,13:30,43,0.814,-7.0,-301.0,-1221.0,0.89,6.8,-24.4
long,100,前日反向,150,75,13:44,43,0.814,-14.47,-622.0,-1410.0,0.8,4.0,-37.8
long,100,前日反向,150,100,12:00,43,0.744,14.93,642.0,-566.0,1.29,13.9,16.3
long,100,前日反向,150,100,12:30,43,0.791,11.79,507.0,-770.0,1.2,13.9,9.1
long,100,前日反向,150,100,13:00,43,0.814,8.58,369.0,-925.0,1.13,12.0,4.3
long,100,前日反向,150,100,13:10,43,0.814,15.79,679.0,-1006.0,1.28,21.7,8.4
long,100,前日反向,150,100,13:20,43,0.814,16.23,698.0,-974.0,1.28,22.1,8.8
long,100,前日反向,150,100,13:30,43,0.767,7.12,306.0,-1221.0,1.11,15.4,-3.4
long,100,前日反向,150,100,13:44,43,0.791,0.14,6.0,-1410.0,1.0,13.5,-16.8
long,100,前日反向,150,150,12:00,43,0.698,14.65,630.0,-608.0,1.22,29.5,-4.1
long,100,前日反向,150,150,12:30,43,0.698,4.12,177.0,-832.0,1.05,24.2,-21.3
long,100,前日反向,150,150,13:00,43,0.767,6.49,279.0,-925.0,1.07,29.0,-21.9
long,100,前日反向,150,150,13:10,43,0.744,13.19,567.0,-1006.0,1.16,35.2,-14.6
long,100,前日反向,150,150,13:20,43,0.744,12.35,531.0,-1022.0,1.15,37.3,-19.2
long,100,前日反向,150,150,13:30,43,0.698,3.05,131.0,-1221.0,1.03,30.8,-32.1
long,100,前日反向,150,150,13:44,43,0.721,-4.35,-187.0,-1410.0,0.96,26.5,-43.3
long,100,前日反向,150,200,12:00,43,0.605,11.0,473.0,-608.0,1.15,42.4,-28.7
long,100,前日反向,150,200,12:30,43,0.674,6.86,295.0,-832.0,1.07,40.5,-35.6
long,100,前日反向,150,200,13:00,43,0.744,20.02,861.0,-925.0,1.23,50.5,-18.4
long,100,前日反向,150,200,13:10,43,0.721,28.33,1218.0,-1006.0,1.35,57.0,-7.9
long,100,前日反向,150,200,13:20,43,0.721,30.23,1300.0,-1022.0,1.35,58.4,-5.3
long,100,前日反向,150,200,13:30,43,0.674,19.3,830.0,-1221.0,1.21,53.2,-23.5
long,100,前日反向,150,200,13:44,43,0.674,9.56,411.0,-1410.0,1.09,47.6,-38.5
long,100,前日反向,150,250,12:00,43,0.581,10.74,462.0,-608.0,1.13,31.5,-15.5
long,100,前日反向,150,250,12:30,43,0.651,12.56,540.0,-832.0,1.13,37.1,-18.5
long,100,前日反向,150,250,13:00,43,0.744,29.4,1264.0,-925.0,1.34,55.2,-3.2
long,100,前日反向,150,250,13:10,43,0.721,33.33,1433.0,-1006.0,1.41,60.1,-0.5
long,100,前日反向,150,250,13:20,43,0.698,33.44,1438.0,-1022.0,1.38,57.0,3.7
long,100,前日反向,150,250,13:30,43,0.651,23.72,1020.0,-1221.0,1.25,51.5,-11.4
long,100,前日反向,150,250,13:44,43,0.628,9.19,395.0,-1410.0,1.09,44.6,-35.5
long,200,無,10,50,12:00,61,0.852,21.87,1334.0,-415.0,2.15,14.5,27.4
long,200,無,10,50,12:30,61,0.869,23.7,1446.0,-258.0,2.32,24.3,23.2
long,200,無,10,50,13:00,61,0.902,26.59,1622.0,-269.0,2.59,23.7,28.7
long,200,無,10,50,13:10,61,0.918,29.11,1776.0,-270.0,2.95,25.3,31.9
long,200,無,10,50,13:20,61,0.918,28.49,1738.0,-270.0,2.83,25.5,30.7
long,200,無,10,50,13:30,61,0.918,26.59,1622.0,-328.0,2.52,22.4,29.7
long,200,無,10,50,13:44,61,0.918,23.74,1448.0,-389.0,2.17,22.4,24.7
long,200,無,10,75,12:00,61,0.754,13.25,808.0,-789.0,1.33,-16.4,35.3
long,200,無,10,75,12:30,61,0.803,19.03,1161.0,-711.0,1.5,-1.7,34.5
long,200,無,10,75,13:00,61,0.82,25.46,1553.0,-476.0,1.76,8.7,37.9
long,200,無,10,75,13:10,61,0.852,28.15,1717.0,-460.0,1.88,11.3,40.6
long,200,無,10,75,13:20,61,0.836,26.38,1609.0,-539.0,1.77,8.1,39.9
long,200,無,10,75,13:30,61,0.852,22.79,1390.0,-553.0,1.59,4.8,36.2
long,200,無,10,75,13:44,61,0.836,17.25,1052.0,-585.0,1.39,0.2,29.9
long,200,無,10,100,12:00,61,0.738,24.03,1466.0,-789.0,1.54,-17.0,54.5
long,200,無,10,100,12:30,61,0.787,31.33,1911.0,-711.0,1.75,0.2,54.5
long,200,無,10,100,13:00,61,0.77,35.8,2184.0,-476.0,1.93,5.1,58.6
long,200,無,10,100,13:10,61,0.82,36.56,2230.0,-460.0,1.93,2.2,62.1
long,200,無,10,100,13:20,61,0.803,34.69,2116.0,-539.0,1.83,-1.2,61.4
long,200,無,10,100,13:30,61,0.803,29.66,1809.0,-553.0,1.63,-8.0,57.6
long,200,無,10,100,13:44,61,0.787,23.8,1452.0,-585.0,1.45,-13.3,51.4
long,200,無,10,150,12:00,61,0.639,10.61,647.0,-994.0,1.14,-5.2,22.3
long,200,無,10,150,12:30,61,0.672,12.97,791.0,-1068.0,1.17,15.4,11.1
long,200,無,10,150,13:00,61,0.656,8.21,501.0,-1166.0,1.1,19.0,0.2
long,200,無,10,150,13:10,61,0.721,8.64,527.0,-1096.0,1.1,18.2,1.5
long,200,無,10,150,13:20,61,0.705,8.2,500.0,-1191.0,1.09,14.9,3.2
long,200,無,10,150,13:30,61,0.705,1.28,78.0,-1090.0,1.01,10.5,-5.5
long,200,無,10,150,13:44,61,0.689,-6.95,-424.0,-1279.0,0.93,6.8,-17.2
long,200,無,10,200,12:00,61,0.541,-4.21,-257.0,-994.0,0.95,-2.4,-5.5
long,200,無,10,200,12:30,61,0.557,-11.21,-684.0,-1068.0,0.89,11.8,-28.3
long,200,無,10,200,13:00,61,0.541,-23.48,-1432.0,-1166.0,0.8,15.3,-52.3
long,200,無,10,200,13:10,61,0.623,-22.8,-1391.0,-1096.0,0.81,14.2,-50.3
long,200,無,10,200,13:20,61,0.607,-23.84,-1454.0,-1191.0,0.8,12.3,-50.7
long,200,無,10,200,13:30,61,0.607,-29.44,-1796.0,-1090.0,0.78,4.1,-54.4
long,200,無,10,200,13:44,61,0.607,-40.85,-2492.0,-1279.0,0.72,6.4,-75.9
long,200,無,10,250,12:00,61,0.525,4.0,244.0,-994.0,1.05,1.5,5.9
long,200,無,10,250,12:30,61,0.541,-3.56,-217.0,-1068.0,0.96,9.4,-13.2
long,200,無,10,250,13:00,61,0.525,-19.36,-1181.0,-1166.0,0.84,7.7,-39.4
long,200,無,10,250,13:10,61,0.59,-18.46,-1126.0,-1096.0,0.85,7.2,-37.5
long,200,無,10,250,13:20,61,0.574,-17.61,-1074.0,-1191.0,0.86,8.7,-37.1
long,200,無,10,250,13:30,61,0.574,-26.7,-1629.0,-1090.0,0.81,-3.4,-44.0
long,200,無,10,250,13:44,61,0.557,-36.13,-2204.0,-1279.0,0.76,1.4,-64.0
long,200,無,20,50,12:00,61,0.803,0.64,39.0,-799.0,1.02,-23.2,18.4
long,200,無,20,50,12:30,61,0.836,6.39,390.0,-721.0,1.2,-9.3,18.0
long,200,無,20,50,13:00,61,0.852,12.98,792.0,-486.0,1.46,2.0,21.1
long,200,無,20,50,13:10,61,0.852,12.18,743.0,-470.0,1.42,4.3,18.1
long,200,無,20,50,13:20,61,0.852,10.57,645.0,-549.0,1.35,1.4,17.4
long,200,無,20,50,13:30,61,0.869,6.85,418.0,-563.0,1.2,-2.2,13.6
long,200,無,20,50,13:44,61,0.869,4.49,274.0,-595.0,1.12,-3.5,10.4
long,200,無,20,75,12:00,61,0.754,6.3,384.0,-799.0,1.14,-31.3,34.2
long,200,無,20,75,12:30,61,0.787,10.69,652.0,-721.0,1.24,-19.0,32.7
long,200,無,20,75,13:00,61,0.77,14.92,910.0,-486.0,1.37,-14.1,36.5
long,200,無,20,75,13:10,61,0.803,15.43,941.0,-470.0,1.38,-17.0,39.5
long,200,無,20,75,13:20,61,0.803,13.56,827.0,-549.0,1.31,-20.4,38.8
long,200,無,20,75,13:30,61,0.803,8.92,544.0,-563.0,1.18,-26.2,35.0
long,200,無,20,75,13:44,61,0.787,2.33,142.0,-595.0,1.04,-33.3,28.8
long,200,無,20,100,12:00,61,0.738,17.21,1050.0,-799.0,1.34,-16.8,42.5
long,200,無,20,100,12:30,61,0.77,25.43,1551.0,-721.0,1.55,-2.7,46.3
long,200,無,20,100,13:00,61,0.754,29.59,1805.0,-486.0,1.69,2.3,49.9
long,200,無,20,100,13:10,61,0.787,29.7,1812.0,-470.0,1.67,-0.6,52.2
long,200,無,20,100,13:20,61,0.787,27.84,1698.0,-549.0,1.6,-4.1,51.5
long,200,無,20,100,13:30,61,0.787,22.48,1371.0,-563.0,1.43,-10.8,47.2
long,200,無,20,100,13:44,61,0.77,17.59,1073.0,-595.0,1.31,-17.3,43.5
long,200,無,20,150,12:00,61,0.639,0.98,60.0,-1004.0,1.01,-8.3,7.9
long,200,無,20,150,12:30,61,0.656,2.1,128.0,-1078.0,1.03,10.0,-3.8
long,200,無,20,150,13:00,61,0.639,-2.67,-163.0,-1176.0,0.97,12.8,-14.2
long,200,無,20,150,13:10,61,0.689,-2.69,-164.0,-1106.0,0.97,11.0,-12.9
long,200,無,20,150,13:20,61,0.689,0.3,18.0,-1201.0,1.0,7.8,-5.3
long,200,無,20,150,13:30,61,0.705,-4.31,-263.0,-1100.0,0.96,4.8,-11.1
long,200,無,20,150,13:44,61,0.689,-11.21,-684.0,-1289.0,0.9,3.0,-21.7
long,200,無,20,200,12:00,61,0.557,-7.05,-430.0,-1004.0,0.92,-1.1,-11.5
long,200,無,20,200,12:30,61,0.557,-14.89,-908.0,-1078.0,0.86,10.4,-33.7
long,200,無,20,200,13:00,61,0.541,-28.75,-1754.0,-1176.0,0.76,9.3,-57.1
long,200,無,20,200,13:10,61,0.607,-27.92,-1703.0,-1106.0,0.78,8.3,-54.8
long,200,無,20,200,13:20,61,0.607,-28.79,-1756.0,-1201.0,0.77,6.3,-54.9
long,200,無,20,200,13:30,61,0.607,-34.39,-2098.0,-1100.0,0.74,-1.8,-58.6
long,200,無,20,200,13:44,61,0.607,-45.8,-2794.0,-1289.0,0.69,0.5,-80.2
long,200,無,20,250,12:00,61,0.525,-6.56,-400.0,-1004.0,0.93,-11.5,-2.9
long,200,無,20,250,12:30,61,0.541,-11.48,-700.0,-1078.0,0.89,-1.2,-19.1
long,200,無,20,250,13:00,61,0.525,-27.46,-1675.0,-1176.0,0.78,-2.5,-46.0
long,200,無,20,250,13:10,61,0.574,-26.23,-1600.0,-1106.0,0.79,-3.4,-43.2
long,200,無,20,250,13:20,61,0.574,-26.39,-1610.0,-1201.0,0.8,-4.3,-42.8
long,200,無,20,250,13:30,61,0.574,-34.92,-2130.0,-1100.0,0.75,-16.2,-48.8
long,200,無,20,250,13:44,61,0.557,-44.89,-2738.0,-1289.0,0.71,-12.7,-68.8
long,200,無,30,50,12:00,61,0.836,0.97,59.0,-809.0,1.03,-23.2,18.9
long,200,無,30,50,12:30,61,0.852,7.36,449.0,-731.0,1.22,-9.5,19.9
long,200,無,30,50,13:00,61,0.852,11.67,712.0,-496.0,1.4,0.5,20.0
long,200,無,30,50,13:10,61,0.852,10.87,663.0,-480.0,1.36,2.7,16.9
long,200,無,30,50,13:20,61,0.852,9.26,565.0,-559.0,1.29,-0.1,16.2
long,200,無,30,50,13:30,61,0.869,5.54,338.0,-573.0,1.16,-3.8,12.5
long,200,無,30,50,13:44,61,0.852,1.44,88.0,-605.0,1.04,-5.0,6.2
long,200,無,30,75,12:00,61,0.77,4.69,286.0,-809.0,1.1,-34.7,34.0
long,200,無,30,75,12:30,61,0.803,10.87,663.0,-731.0,1.24,-21.7,35.1
long,200,無,30,75,13:00,61,0.77,12.95,790.0,-496.0,1.31,-16.8,35.0
long,200,無,30,75,13:10,61,0.787,13.62,831.0,-480.0,1.32,-19.7,38.3
long,200,無,30,75,13:20,61,0.787,11.75,717.0,-559.0,1.26,-23.1,37.7
long,200,無,30,75,13:30,61,0.803,7.11,434.0,-573.0,1.14,-28.9,33.9
long,200,無,30,75,13:44,61,0.787,0.52,32.0,-605.0,1.01,-36.0,27.7
long,200,無,30,100,12:00,61,0.738,14.26,870.0,-809.0,1.27,-20.3,39.9
long,200,無,30,100,12:30,61,0.77,22.67,1383.0,-731.0,1.47,-6.4,44.3
long,200,無,30,100,13:00,61,0.738,24.79,1512.0,-496.0,1.54,-6.7,48.2
long,200,無,30,100,13:10,61,0.77,26.2,1598.0,-480.0,1.57,-6.5,50.5
long,200,無,30,100,13:20,61,0.77,24.48,1493.0,-559.0,1.5,-10.0,50.1
long,200,無,30,100,13:30,61,0.77,18.8,1147.0,-573.0,1.34,-17.5,45.8
long,200,無,30,100,13:44,61,0.77,14.54,887.0,-605.0,1.25,-22.5,42.1
long,200,無,30,150,12:00,61,0.607,-10.23,-624.0,-1014.0,0.88,-19.8,-3.1
long,200,無,30,150,12:30,61,0.623,-10.69,-652.0,-1088.0,0.88,-2.2,-17.0
long,200,無,30,150,13:00,61,0.59,-20.95,-1278.0,-1186.0,0.79,-2.9,-34.4
long,200,無,30,150,13:10,61,0.623,-21.64,-1320.0,-1116.0,0.79,-3.5,-35.1
long,200,無,30,150,13:20,61,0.656,-20.03,-1222.0,-1211.0,0.81,-7.0,-29.7
long,200,無,30,150,13:30,61,0.656,-24.05,-1467.0,-1110.0,0.79,-10.8,-33.9
long,200,無,30,150,13:44,61,0.672,-33.93,-2070.0,-1299.0,0.73,-10.6,-51.3
long,200,無,30,200,12:00,61,0.541,-16.57,-1011.0,-1014.0,0.83,-7.2,-23.5
long,200,無,30,200,12:30,61,0.557,-21.77,-1328.0,-1088.0,0.8,4.7,-41.4
long,200,無,30,200,13:00,61,0.525,-35.97,-2194.0,-1186.0,0.71,3.6,-65.3
long,200,無,30,200,13:10,61,0.557,-36.64,-2235.0,-1116.0,0.72,2.5,-65.7
long,200,無,30,200,13:20,61,0.574,-40.36,-2462.0,-1211.0,0.69,0.6,-70.8
long,200,無,30,200,13:30,61,0.574,-47.79,-2915.0,-1110.0,0.66,-7.6,-77.7
long,200,無,30,200,13:44,61,0.574,-58.31,-3557.0,-1299.0,0.62,-5.3,-97.7
long,200,無,30,250,12:00,61,0.508,-20.49,-1250.0,-1014.0,0.79,-35.7,-9.2
long,200,無,30,250,12:30,61,0.525,-23.28,-1420.0,-1088.0,0.79,-20.0,-25.7
long,200,無,30,250,13:00,61,0.508,-38.44,-2345.0,-1186.0,0.7,-17.1,-54.3
long,200,無,30,250,13:10,61,0.541,-36.61,-2233.0,-1116.0,0.72,-18.9,-49.8
long,200,無,30,250,13:20,61,0.541,-37.51,-2288.0,-1211.0,0.72,-22.2,-48.9
long,200,無,30,250,13:30,61,0.541,-46.67,-2847.0,-1110.0,0.68,-34.3,-55.8
long,200,無,30,250,13:44,61,0.541,-56.36,-3438.0,-1299.0,0.64,-31.7,-74.7
long,200,無,40,50,12:00,63,0.841,0.3,19.0,-819.0,1.01,-31.3,24.0
long,200,無,40,50,12:30,63,0.873,7.25,457.0,-741.0,1.21,-16.3,24.9
long,200,無,40,50,13:00,63,0.873,13.32,839.0,-506.0,1.47,-2.4,25.1
long,200,無,40,50,13:10,63,0.873,13.05,822.0,-490.0,1.45,1.1,22.0
long,200,無,40,50,13:20,63,0.873,11.92,751.0,-569.0,1.4,-0.4,21.2
long,200,無,40,50,13:30,63,0.889,9.65,608.0,-583.0,1.3,-1.3,17.9
long,200,無,40,50,13:44,63,0.873,3.6,227.0,-615.0,1.09,-7.6,12.0
long,200,無,40,75,12:00,63,0.778,7.51,473.0,-819.0,1.16,-34.1,38.7
long,200,無,40,75,12:30,63,0.81,14.59,919.0,-741.0,1.34,-20.8,41.1
long,200,無,40,75,13:00,63,0.794,16.67,1050.0,-506.0,1.41,-16.0,41.2
long,200,無,40,75,13:10,63,0.794,13.76,867.0,-490.0,1.32,-18.8,38.2
long,200,無,40,75,13:20,63,0.794,11.95,753.0,-569.0,1.26,-22.1,37.5
long,200,無,40,75,13:30,63,0.81,7.46,470.0,-583.0,1.15,-27.7,33.9
long,200,無,40,75,13:44,63,0.794,1.08,68.0,-615.0,1.02,-34.6,27.8
long,200,無,40,100,12:00,63,0.73,8.84,557.0,-819.0,1.15,-19.3,29.9
long,200,無,40,100,12:30,63,0.762,13.9,876.0,-741.0,1.24,-5.5,28.5
long,200,無,40,100,13:00,63,0.73,9.63,607.0,-824.0,1.16,-5.8,21.2
long,200,無,40,100,13:10,63,0.746,3.46,218.0,-905.0,1.05,-5.6,10.3
long,200,無,40,100,13:20,63,0.746,3.9,246.0,-873.0,1.06,-9.0,13.6
long,200,無,40,100,13:30,63,0.746,-6.08,-383.0,-1120.0,0.92,-16.2,1.5
long,200,無,40,100,13:44,63,0.746,-12.35,-778.0,-1309.0,0.85,-21.0,-5.8
long,200,無,40,150,12:00,63,0.619,-7.52,-474.0,-1024.0,0.91,-21.0,2.6
long,200,無,40,150,12:30,63,0.619,-9.19,-579.0,-1098.0,0.9,-10.1,-8.5
long,200,無,40,150,13:00,63,0.587,-17.17,-1082.0,-1196.0,0.83,-13.4,-20.0
long,200,無,40,150,13:10,63,0.635,-15.27,-962.0,-1126.0,0.85,-11.0,-18.5
long,200,無,40,150,13:20,63,0.651,-13.35,-841.0,-1221.0,0.87,-14.0,-12.9
long,200,無,40,150,13:30,63,0.667,-18.1,-1140.0,-1120.0,0.83,-22.9,-14.5
long,200,無,40,150,13:44,63,0.683,-24.95,-1572.0,-1309.0,0.79,-19.8,-28.8
long,200,無,40,200,12:00,63,0.524,-19.57,-1233.0,-1024.0,0.8,-14.0,-23.7
long,200,無,40,200,12:30,63,0.571,-19.92,-1255.0,-1098.0,0.81,0.8,-35.4
long,200,無,40,200,13:00,63,0.524,-28.67,-1806.0,-1196.0,0.76,3.8,-53.0
long,200,無,40,200,13:10,63,0.587,-27.3,-1720.0,-1126.0,0.78,2.3,-49.5
long,200,無,40,200,13:20,63,0.587,-30.33,-1911.0,-1221.0,0.76,0.4,-53.4
long,200,無,40,200,13:30,63,0.603,-36.35,-2290.0,-1120.0,0.73,-7.1,-58.3
long,200,無,40,200,13:44,63,0.603,-44.22,-2786.0,-1309.0,0.69,-6.4,-72.6
long,200,無,40,250,12:00,63,0.492,-24.95,-1572.0,-1024.0,0.75,-27.9,-22.8
long,200,無,40,250,12:30,63,0.524,-27.46,-1730.0,-1098.0,0.76,-6.6,-43.1
long,200,無,40,250,13:00,63,0.508,-37.0,-2331.0,-1196.0,0.71,-2.0,-63.2
long,200,無,40,250,13:10,63,0.571,-31.7,-1997.0,-1126.0,0.75,-2.9,-53.3
long,200,無,40,250,13:20,63,0.556,-30.71,-1935.0,-1221.0,0.77,-6.7,-48.7
long,200,無,40,250,13:30,63,0.571,-37.49,-2362.0,-1120.0,0.73,-13.0,-55.9
long,200,無,40,250,13:44,63,0.571,-46.27,-2915.0,-1309.0,0.7,-12.4,-71.7
long,200,無,50,50,12:00,65,0.862,14.77,960.0,-829.0,1.56,-16.1,38.1
long,200,無,50,50,12:30,65,0.908,18.38,1195.0,-751.0,1.75,-5.3,36.3
long,200,無,50,50,13:00,65,0.908,23.46,1525.0,-516.0,2.17,6.2,36.5
long,200,無,50,50,13:10,65,0.908,23.74,1543.0,-500.0,2.2,5.9,37.2
long,200,無,50,50,13:20,65,0.908,23.25,1511.0,-579.0,2.14,6.0,36.3
long,200,無,50,50,13:30,65,0.908,23.34,1517.0,-593.0,2.15,3.2,38.5
long,200,無,50,50,13:44,65,0.908,18.68,1214.0,-625.0,1.75,-1.7,34.1
long,200,無,50,75,12:00,65,0.754,3.11,202.0,-829.0,1.06,-31.3,29.1
long,200,無,50,75,12:30,65,0.8,12.05,783.0,-751.0,1.27,-17.8,34.6
long,200,無,50,75,13:00,65,0.785,12.51,813.0,-516.0,1.28,-15.8,33.9
long,200,無,50,75,13:10,65,0.785,12.11,787.0,-500.0,1.27,-11.1,29.7
long,200,無,50,75,13:20,65,0.785,11.2,728.0,-579.0,1.25,-12.4,29.1
long,200,無,50,75,13:30,65,0.785,6.2,403.0,-593.0,1.12,-18.6,24.9
long,200,無,50,75,13:44,65,0.8,0.8,52.0,-625.0,1.01,-26.5,21.5
long,200,無,50,100,12:00,65,0.708,-7.12,-463.0,-1034.0,0.91,-15.2,-1.0
long,200,無,50,100,12:30,65,0.754,-2.72,-177.0,-1108.0,0.96,-0.9,-4.1
long,200,無,50,100,13:00,65,0.738,-7.4,-481.0,-1206.0,0.91,1.1,-13.9
long,200,無,50,100,13:10,65,0.738,-10.35,-673.0,-1136.0,0.87,5.8,-22.6
long,200,無,50,100,13:20,65,0.738,-10.52,-684.0,-1231.0,0.87,4.6,-21.9
long,200,無,50,100,13:30,65,0.738,-16.94,-1101.0,-1130.0,0.81,-2.5,-27.9
long,200,無,50,100,13:44,65,0.754,-24.95,-1622.0,-1319.0,0.74,-9.9,-36.4
long,200,無,50,150,12:00,65,0.585,-10.8,-702.0,-1034.0,0.88,-15.1,-7.5
long,200,無,50,150,12:30,65,0.631,-8.02,-521.0,-1108.0,0.91,-3.8,-11.2
long,200,無,50,150,13:00,65,0.615,-11.51,-748.0,-1206.0,0.88,-4.8,-16.6
long,200,無,50,150,13:10,65,0.646,-8.6,-559.0,-1136.0,0.91,2.1,-16.7
long,200,無,50,150,13:20,65,0.631,-5.72,-372.0,-1231.0,0.94,1.2,-11.0
long,200,無,50,150,13:30,65,0.677,-10.37,-674.0,-1130.0,0.9,-7.5,-12.6
long,200,無,50,150,13:44,65,0.692,-18.72,-1217.0,-1319.0,0.83,-8.5,-26.5
long,200,無,50,200,12:00,65,0.523,-16.62,-1080.0,-1034.0,0.83,-12.5,-19.7
long,200,無,50,200,12:30,65,0.585,-15.74,-1023.0,-1108.0,0.85,2.1,-29.2
long,200,無,50,200,13:00,65,0.538,-27.89,-1813.0,-1206.0,0.77,5.0,-52.8
long,200,無,50,200,13:10,65,0.585,-27.35,-1778.0,-1136.0,0.78,3.6,-50.8
long,200,無,50,200,13:20,65,0.554,-27.92,-1815.0,-1231.0,0.78,1.8,-50.4
long,200,無,50,200,13:30,65,0.6,-33.75,-2194.0,-1130.0,0.74,-5.5,-55.2
long,200,無,50,200,13:44,65,0.6,-41.42,-2692.0,-1319.0,0.71,-4.9,-69.1
long,200,無,50,250,12:00,65,0.477,-24.95,-1622.0,-1034.0,0.76,-26.6,-23.7
long,200,無,50,250,12:30,65,0.538,-21.88,-1422.0,-1108.0,0.81,-4.1,-35.4
long,200,無,50,250,13:00,65,0.523,-33.77,-2195.0,-1206.0,0.73,0.3,-59.6
long,200,無,50,250,13:10,65,0.554,-33.09,-2151.0,-1136.0,0.74,-0.5,-57.8
long,200,無,50,250,13:20,65,0.508,-34.08,-2215.0,-1231.0,0.75,-4.2,-56.7
long,200,無,50,250,13:30,65,0.554,-39.77,-2585.0,-1130.0,0.72,-10.2,-62.1
long,200,無,50,250,13:44,65,0.554,-49.97,-3248.0,-1319.0,0.68,-9.7,-80.5
long,200,無,60,50,12:00,66,0.848,11.67,770.0,-839.0,1.4,-24.2,38.1
long,200,無,60,50,12:30,66,0.894,15.68,1035.0,-761.0,1.59,-12.4,36.4
long,200,無,60,50,13:00,66,0.894,19.06,1258.0,-526.0,1.8,-4.7,36.6
long,200,無,60,50,13:10,66,0.894,18.05,1191.0,-510.0,1.73,-8.0,37.3
long,200,無,60,50,13:20,66,0.894,17.86,1179.0,-589.0,1.71,-7.2,36.3
long,200,無,60,50,13:30,66,0.894,16.5,1089.0,-603.0,1.62,-13.4,38.5
long,200,無,60,50,13:44,66,0.894,12.5,825.0,-635.0,1.41,-17.0,34.2
long,200,無,60,75,12:00,66,0.773,6.76,446.0,-839.0,1.14,-34.1,36.9
long,200,無,60,75,12:30,66,0.818,14.74,973.0,-761.0,1.34,-20.3,40.6
long,200,無,60,75,13:00,66,0.803,15.24,1006.0,-526.0,1.36,-18.3,40.0
long,200,無,60,75,13:10,66,0.803,14.79,976.0,-510.0,1.35,-13.6,35.7
long,200,無,60,75,13:20,66,0.803,13.83,913.0,-589.0,1.31,-14.9,35.0
long,200,無,60,75,13:30,66,0.803,9.11,601.0,-603.0,1.18,-21.1,31.3
long,200,無,60,75,13:44,66,0.818,3.88,256.0,-635.0,1.07,-29.0,28.1
long,200,無,60,100,12:00,66,0.667,-16.33,-1078.0,-1044.0,0.8,-32.0,-4.8
long,200,無,60,100,12:30,66,0.712,-11.47,-757.0,-1118.0,0.85,-15.1,-8.8
long,200,無,60,100,13:00,66,0.697,-14.55,-960.0,-1216.0,0.82,-11.9,-16.5
long,200,無,60,100,13:10,66,0.712,-15.83,-1045.0,-1146.0,0.81,-8.1,-21.5
long,200,無,60,100,13:20,66,0.712,-15.94,-1052.0,-1241.0,0.81,-9.2,-20.9
long,200,無,60,100,13:30,66,0.727,-21.06,-1390.0,-1140.0,0.77,-13.4,-26.7
long,200,無,60,100,13:44,66,0.742,-28.39,-1874.0,-1329.0,0.71,-19.5,-34.9
long,200,無,60,150,12:00,66,0.561,-20.12,-1328.0,-1044.0,0.79,-21.0,-19.5
long,200,無,60,150,12:30,66,0.606,-23.89,-1577.0,-1118.0,0.77,-8.5,-35.3
long,200,無,60,150,13:00,66,0.591,-31.09,-2052.0,-1216.0,0.73,-9.5,-47.0
long,200,無,60,150,13:10,66,0.636,-27.71,-1829.0,-1146.0,0.75,-2.6,-46.2
long,200,無,60,150,13:20,66,0.606,-28.09,-1854.0,-1241.0,0.75,-3.4,-46.3
long,200,無,60,150,13:30,66,0.636,-32.89,-2171.0,-1140.0,0.73,-12.1,-48.2
long,200,無,60,150,13:44,66,0.652,-40.32,-2661.0,-1329.0,0.69,-13.1,-60.3
long,200,無,60,200,12:00,66,0.5,-19.58,-1292.0,-1044.0,0.8,-20.8,-18.7
long,200,無,60,200,12:30,66,0.576,-19.09,-1260.0,-1118.0,0.82,-7.4,-27.7
long,200,無,60,200,13:00,66,0.53,-32.27,-2130.0,-1216.0,0.74,-7.7,-50.4
long,200,無,60,200,13:10,66,0.591,-30.91,-2040.0,-1146.0,0.75,-7.1,-48.4
long,200,無,60,200,13:20,66,0.561,-30.3,-2000.0,-1241.0,0.76,-6.9,-47.5
long,200,無,60,200,13:30,66,0.591,-35.44,-2339.0,-1140.0,0.74,-12.7,-52.2
long,200,無,60,200,13:44,66,0.591,-42.41,-2799.0,-1329.0,0.7,-10.8,-65.7
long,200,無,60,250,12:00,66,0.455,-26.73,-1764.0,-1044.0,0.75,-33.0,-22.1
long,200,無,60,250,12:30,66,0.53,-23.24,-1534.0,-1118.0,0.8,-9.8,-33.2
long,200,無,60,250,13:00,66,0.515,-34.95,-2307.0,-1216.0,0.73,-5.4,-56.7
long,200,無,60,250,13:10,66,0.561,-34.29,-2263.0,-1146.0,0.74,-6.2,-55.0
long,200,無,60,250,13:20,66,0.515,-34.8,-2297.0,-1241.0,0.74,-9.9,-53.2
long,200,無,60,250,13:30,66,0.545,-40.26,-2657.0,-1140.0,0.72,-16.0,-58.2
long,200,無,60,250,13:44,66,0.545,-50.3,-3320.0,-1329.0,0.68,-15.4,-76.0
long,200,無,70,50,12:00,68,0.824,-4.79,-326.0,-844.0,0.89,-37.1,19.2
long,200,無,70,50,12:30,68,0.868,3.93,267.0,-766.0,1.11,-21.6,22.9
long,200,無,70,50,13:00,68,0.868,6.94,472.0,-531.0,1.2,-12.3,21.3
long,200,無,70,50,13:10,68,0.868,4.31,293.0,-515.0,1.12,-12.0,16.4
long,200,無,70,50,13:20,68,0.868,4.07,277.0,-594.0,1.11,-12.8,16.6
long,200,無,70,50,13:30,68,0.868,-0.69,-47.0,-608.0,0.98,-16.9,11.4
long,200,無,70,50,13:44,68,0.868,-3.15,-214.0,-640.0,0.93,-21.4,10.4
long,200,無,70,75,12:00,68,0.735,-21.04,-1431.0,-1054.0,0.72,-33.0,-12.1
long,200,無,70,75,12:30,68,0.779,-18.15,-1234.0,-1128.0,0.75,-19.3,-17.3
long,200,無,70,75,13:00,68,0.765,-23.22,-1579.0,-1226.0,0.7,-17.4,-27.5
long,200,無,70,75,13:10,68,0.765,-26.46,-1799.0,-1156.0,0.67,-12.9,-36.5
long,200,無,70,75,13:20,68,0.765,-26.1,-1775.0,-1251.0,0.68,-14.1,-35.0
long,200,無,70,75,13:30,68,0.765,-32.84,-2233.0,-1150.0,0.63,-20.1,-42.3
long,200,無,70,75,13:44,68,0.765,-39.46,-2683.0,-1339.0,0.59,-27.7,-48.2
long,200,無,70,100,12:00,68,0.632,-21.18,-1440.0,-1054.0,0.75,-34.9,-11.0
long,200,無,70,100,12:30,68,0.691,-16.56,-1126.0,-1128.0,0.8,-17.7,-15.7
long,200,無,70,100,13:00,68,0.691,-18.9,-1285.0,-1226.0,0.78,-13.0,-23.3
long,200,無,70,100,13:10,68,0.721,-16.88,-1148.0,-1156.0,0.8,-10.3,-21.8
long,200,無,70,100,13:20,68,0.721,-16.21,-1102.0,-1251.0,0.81,-11.2,-19.9
long,200,無,70,100,13:30,68,0.735,-20.62,-1402.0,-1150.0,0.77,-14.0,-25.5
long,200,無,70,100,13:44,68,0.735,-27.06,-1840.0,-1339.0,0.73,-18.3,-33.6
long,200,無,70,150,12:00,68,0.559,-20.09,-1366.0,-1054.0,0.8,-21.5,-19.1
long,200,無,70,150,12:30,68,0.603,-24.19,-1645.0,-1128.0,0.77,-10.4,-34.4
long,200,無,70,150,13:00,68,0.603,-29.96,-2037.0,-1226.0,0.74,-9.2,-45.4
long,200,無,70,150,13:10,68,0.632,-28.06,-1908.0,-1156.0,0.75,-5.8,-44.6
long,200,無,70,150,13:20,68,0.618,-27.84,-1893.0,-1251.0,0.75,-5.6,-44.4
long,200,無,70,150,13:30,68,0.647,-32.09,-2182.0,-1150.0,0.73,-13.0,-46.3
long,200,無,70,150,13:44,68,0.647,-39.12,-2660.0,-1339.0,0.69,-13.6,-58.1
long,200,無,70,200,12:00,68,0.485,-19.71,-1340.0,-1054.0,0.81,-22.3,-17.8
long,200,無,70,200,12:30,68,0.574,-18.35,-1248.0,-1128.0,0.83,-7.7,-26.3
long,200,無,70,200,13:00,68,0.544,-31.91,-2170.0,-1226.0,0.74,-9.0,-48.9
long,200,無,70,200,13:10,68,0.588,-30.26,-2058.0,-1156.0,0.75,-8.8,-46.2
long,200,無,70,200,13:20,68,0.574,-30.0,-2040.0,-1251.0,0.76,-9.0,-45.6
long,200,無,70,200,13:30,68,0.603,-34.75,-2363.0,-1150.0,0.74,-15.1,-49.4
long,200,無,70,200,13:44,68,0.588,-42.04,-2859.0,-1339.0,0.71,-14.4,-62.6
long,200,無,70,250,12:00,68,0.441,-26.5,-1802.0,-1054.0,0.75,-34.5,-20.5
long,200,無,70,250,12:30,68,0.529,-22.09,-1502.0,-1128.0,0.81,-10.0,-31.1
long,200,無,70,250,13:00,68,0.529,-33.9,-2305.0,-1226.0,0.74,-6.8,-54.1
long,200,無,70,250,13:10,68,0.559,-33.4,-2271.0,-1156.0,0.74,-7.9,-52.3
long,200,無,70,250,13:20,68,0.529,-33.71,-2292.0,-1251.0,0.75,-11.9,-49.9
long,200,無,70,250,13:30,68,0.559,-39.97,-2718.0,-1150.0,0.72,-18.2,-56.1
long,200,無,70,250,13:44,68,0.544,-49.88,-3392.0,-1339.0,0.68,-18.9,-72.9
long,200,無,80,50,12:00,73,0.822,-4.4,-321.0,-844.0,0.9,-41.1,21.2
long,200,無,80,50,12:30,73,0.863,4.44,324.0,-766.0,1.12,-24.4,24.6
long,200,無,80,50,13:00,73,0.849,4.82,352.0,-531.0,1.13,-21.3,23.1
long,200,無,80,50,13:10,73,0.849,3.9,285.0,-515.0,1.11,-17.3,18.7
long,200,無,80,50,13:20,73,0.849,3.66,267.0,-594.0,1.1,-18.1,18.8
long,200,無,80,50,13:30,73,0.849,-1.67,-122.0,-608.0,0.96,-24.3,14.1
long,200,無,80,50,13:44,73,0.849,-4.01,-293.0,-640.0,0.91,-28.7,13.2
long,200,無,80,75,12:00,73,0.753,-8.64,-631.0,-1064.0,0.86,-34.3,9.3
long,200,無,80,75,12:30,73,0.808,-0.96,-70.0,-1138.0,0.98,-21.1,13.1
long,200,無,80,75,13:00,73,0.795,-2.82,-206.0,-1236.0,0.95,-20.1,9.3
long,200,無,80,75,13:10,73,0.795,-2.77,-202.0,-1166.0,0.95,-16.2,6.6
long,200,無,80,75,13:20,73,0.795,-4.1,-299.0,-1261.0,0.93,-16.6,4.6
long,200,無,80,75,13:30,73,0.808,-4.99,-364.0,-1046.0,0.92,-18.7,4.6
long,200,無,80,75,13:44,73,0.808,-9.3,-679.0,-1096.0,0.86,-26.1,2.4
long,200,無,80,100,12:00,73,0.658,-15.45,-1128.0,-1064.0,0.81,-39.5,1.3
long,200,無,80,100,12:30,73,0.712,-11.18,-816.0,-1138.0,0.86,-23.5,-2.6
long,200,無,80,100,13:00,73,0.712,-16.92,-1235.0,-1236.0,0.8,-22.0,-13.4
long,200,無,80,100,13:10,73,0.726,-16.75,-1223.0,-1166.0,0.8,-18.3,-15.7
long,200,無,80,100,13:20,73,0.712,-19.62,-1432.0,-1261.0,0.78,-19.4,-19.7
long,200,無,80,100,13:30,73,0.726,-22.74,-1660.0,-1160.0,0.75,-22.8,-22.7
long,200,無,80,100,13:44,73,0.726,-31.97,-2334.0,-1349.0,0.69,-25.2,-36.7
long,200,無,80,150,12:00,73,0.589,-14.05,-1026.0,-1064.0,0.85,-20.2,-9.7
long,200,無,80,150,12:30,73,0.63,-16.9,-1234.0,-1138.0,0.83,-9.2,-22.3
long,200,無,80,150,13:00,73,0.63,-21.19,-1547.0,-1236.0,0.81,-8.1,-30.3
long,200,無,80,150,13:10,73,0.658,-19.42,-1418.0,-1166.0,0.82,-4.8,-29.7
long,200,無,80,150,13:20,73,0.644,-20.32,-1483.0,-1261.0,0.81,-4.6,-31.3
long,200,無,80,150,13:30,73,0.644,-27.99,-2043.0,-1160.0,0.76,-11.7,-39.3
long,200,無,80,150,13:44,73,0.644,-32.6,-2380.0,-1349.0,0.73,-12.3,-46.8
long,200,無,80,200,12:00,73,0.507,-13.58,-991.0,-1064.0,0.86,-21.2,-8.3
long,200,無,80,200,12:30,73,0.589,-13.88,-1013.0,-1138.0,0.87,-5.9,-19.5
long,200,無,80,200,13:00,73,0.562,-29.79,-2175.0,-1236.0,0.76,-7.2,-45.6
long,200,無,80,200,13:10,73,0.603,-28.29,-2065.0,-1166.0,0.77,-7.0,-43.2
long,200,無,80,200,13:20,73,0.589,-28.56,-2085.0,-1261.0,0.77,-7.2,-43.5
long,200,無,80,200,13:30,73,0.603,-33.71,-2461.0,-1160.0,0.75,-13.1,-48.1
long,200,無,80,200,13:44,73,0.589,-40.63,-2966.0,-1349.0,0.72,-12.4,-60.3
long,200,無,80,250,12:00,73,0.466,-17.81,-1300.0,-1064.0,0.83,-33.3,-7.0
long,200,無,80,250,12:30,73,0.562,-12.67,-925.0,-1138.0,0.89,-8.2,-15.8
long,200,無,80,250,13:00,73,0.562,-22.53,-1645.0,-1236.0,0.82,-7.3,-33.1
long,200,無,80,250,13:10,73,0.589,-22.18,-1619.0,-1166.0,0.82,-8.3,-31.8
long,200,無,80,250,13:20,73,0.562,-22.45,-1639.0,-1261.0,0.83,-11.0,-30.4
long,200,無,80,250,13:30,73,0.575,-27.53,-2010.0,-1160.0,0.8,-16.8,-35.0
long,200,無,80,250,13:44,73,0.562,-35.33,-2579.0,-1349.0,0.76,-16.8,-48.3
long,200,無,90,50,12:00,75,0.867,6.09,457.0,-844.0,1.17,-32.3,34.7
long,200,無,90,50,12:30,75,0.907,12.69,952.0,-766.0,1.43,-18.2,35.7
long,200,無,90,50,13:00,75,0.893,13.64,1023.0,-531.0,1.47,-14.0,34.2
long,200,無,90,50,13:10,75,0.893,14.16,1062.0,-515.0,1.49,-11.2,33.1
long,200,無,90,50,13:20,75,0.893,13.84,1038.0,-594.0,1.48,-12.0,33.1
long,200,無,90,50,13:30,75,0.893,11.96,897.0,-608.0,1.39,-16.3,33.0
long,200,無,90,50,13:44,75,0.893,10.88,816.0,-640.0,1.34,-19.2,33.3
long,200,無,90,75,12:00,75,0.733,-18.32,-1374.0,-1074.0,0.75,-39.3,-2.7
long,200,無,90,75,12:30,75,0.787,-13.64,-1023.0,-1148.0,0.8,-24.4,-5.7
long,200,無,90,75,13:00,75,0.773,-15.81,-1186.0,-1246.0,0.78,-21.6,-11.5
long,200,無,90,75,13:10,75,0.773,-15.68,-1176.0,-1176.0,0.78,-18.3,-13.7
long,200,無,90,75,13:20,75,0.773,-17.92,-1344.0,-1271.0,0.76,-19.2,-16.9
long,200,無,90,75,13:30,75,0.787,-19.64,-1473.0,-1170.0,0.74,-22.2,-17.7
long,200,無,90,75,13:44,75,0.787,-27.59,-2069.0,-1359.0,0.68,-27.8,-27.4
long,200,無,90,100,12:00,75,0.693,-9.13,-685.0,-1074.0,0.88,-36.8,11.5
long,200,無,90,100,12:30,75,0.733,-7.13,-535.0,-1148.0,0.91,-26.2,7.1
long,200,無,90,100,13:00,75,0.733,-14.24,-1068.0,-1246.0,0.83,-27.1,-4.7
long,200,無,90,100,13:10,75,0.72,-14.04,-1053.0,-1176.0,0.83,-21.1,-8.8
long,200,無,90,100,13:20,75,0.707,-17.37,-1303.0,-1271.0,0.8,-21.8,-14.1
long,200,無,90,100,13:30,75,0.733,-20.31,-1523.0,-1170.0,0.77,-29.4,-13.5
long,200,無,90,100,13:44,75,0.733,-28.91,-2168.0,-1359.0,0.71,-29.2,-28.7
long,200,無,90,150,12:00,75,0.6,-13.79,-1034.0,-1074.0,0.85,-21.5,-8.1
long,200,無,90,150,12:30,75,0.64,-14.96,-1122.0,-1148.0,0.85,-9.2,-19.2
long,200,無,90,150,13:00,75,0.64,-20.81,-1561.0,-1246.0,0.81,-10.1,-28.8
long,200,無,90,150,13:10,75,0.64,-23.05,-1729.0,-1176.0,0.79,-11.0,-32.0
long,200,無,90,150,13:20,75,0.627,-24.01,-1801.0,-1271.0,0.78,-12.5,-32.6
long,200,無,90,150,13:30,75,0.653,-30.8,-2310.0,-1170.0,0.74,-19.2,-39.5
long,200,無,90,150,13:44,75,0.653,-33.6,-2520.0,-1359.0,0.73,-17.3,-45.7
long,200,無,90,200,12:00,75,0.52,-16.76,-1257.0,-1074.0,0.83,-16.6,-16.9
long,200,無,90,200,12:30,75,0.587,-18.87,-1415.0,-1148.0,0.83,-0.3,-32.7
long,200,無,90,200,13:00,75,0.587,-27.11,-2033.0,-1246.0,0.78,-1.4,-46.2
long,200,無,90,200,13:10,75,0.6,-26.35,-1976.0,-1176.0,0.79,-1.1,-45.1
long,200,無,90,200,13:20,75,0.587,-25.41,-1906.0,-1271.0,0.8,-0.2,-44.1
long,200,無,90,200,13:30,75,0.613,-29.97,-2248.0,-1170.0,0.78,-5.4,-48.3
long,200,無,90,200,13:44,75,0.6,-37.53,-2815.0,-1359.0,0.74,-3.9,-62.6
long,200,無,90,250,12:00,75,0.493,-16.39,-1229.0,-1074.0,0.84,-28.3,-7.5
long,200,無,90,250,12:30,75,0.56,-13.09,-982.0,-1148.0,0.88,-2.2,-21.2
long,200,無,90,250,13:00,75,0.573,-24.45,-1834.0,-1246.0,0.8,-2.2,-41.0
long,200,無,90,250,13:10,75,0.56,-26.52,-1989.0,-1176.0,0.79,-5.7,-42.0
long,200,無,90,250,13:20,75,0.533,-29.6,-2220.0,-1271.0,0.78,-12.0,-42.7
long,200,無,90,250,13:30,75,0.56,-34.76,-2607.0,-1170.0,0.76,-16.8,-48.1
long,200,無,90,250,13:44,75,0.547,-45.12,-3384.0,-1359.0,0.71,-17.4,-65.8
long,200,無,100,50,12:00,81,0.889,11.1,899.0,-844.0,1.35,-26.0,37.9
long,200,無,100,50,12:30,81,0.914,15.33,1242.0,-766.0,1.55,-14.1,36.6
long,200,無,100,50,13:00,81,0.914,18.2,1474.0,-531.0,1.71,-6.2,35.8
long,200,無,100,50,13:10,81,0.914,18.36,1487.0,-515.0,1.72,-5.9,35.9
long,200,無,100,50,13:20,81,0.914,18.12,1468.0,-594.0,1.7,-6.6,36.0
long,200,無,100,50,13:30,81,0.914,16.7,1353.0,-608.0,1.62,-10.1,36.1
long,200,無,100,50,13:44,81,0.914,14.06,1139.0,-640.0,1.47,-13.9,34.3
long,200,無,100,75,12:00,81,0.765,-8.32,-674.0,-1084.0,0.87,-34.4,10.5
long,200,無,100,75,12:30,81,0.802,-5.78,-468.0,-1158.0,0.91,-21.7,5.7
long,200,無,100,75,13:00,81,0.802,-7.25,-587.0,-1256.0,0.89,-18.6,1.0
long,200,無,100,75,13:10,81,0.802,-6.56,-531.0,-1186.0,0.9,-15.6,0.0
long,200,無,100,75,13:20,81,0.802,-8.12,-658.0,-1281.0,0.88,-15.3,-2.9
long,200,無,100,75,13:30,81,0.815,-8.69,-704.0,-1180.0,0.87,-16.2,-3.2
long,200,無,100,75,13:44,81,0.815,-16.58,-1343.0,-1369.0,0.78,-20.2,-14.0
long,200,無,100,100,12:00,81,0.716,-0.27,-22.0,-1084.0,1.0,-27.7,19.6
long,200,無,100,100,12:30,81,0.741,-0.41,-33.0,-1158.0,0.99,-18.4,12.6
long,200,無,100,100,13:00,81,0.765,-2.05,-166.0,-1256.0,0.97,-18.3,9.7
long,200,無,100,100,13:10,81,0.753,-1.77,-143.0,-1186.0,0.98,-13.8,7.0
long,200,無,100,100,13:20,81,0.753,-4.86,-394.0,-1281.0,0.94,-14.6,2.1
long,200,無,100,100,13:30,81,0.765,-7.07,-573.0,-1180.0,0.91,-21.1,3.1
long,200,無,100,100,13:44,81,0.778,-15.53,-1258.0,-1369.0,0.83,-19.5,-12.7
long,200,無,100,150,12:00,81,0.63,-3.7,-300.0,-1084.0,0.96,-21.5,9.2
long,200,無,100,150,12:30,81,0.654,-3.11,-252.0,-1158.0,0.97,-7.4,0.0
long,200,無,100,150,13:00,81,0.667,-9.58,-776.0,-1256.0,0.91,-9.5,-9.7
long,200,無,100,150,13:10,81,0.642,-14.65,-1187.0,-1186.0,0.86,-10.8,-17.4
long,200,無,100,150,13:20,81,0.654,-15.31,-1240.0,-1281.0,0.85,-12.7,-17.2
long,200,無,100,150,13:30,81,0.679,-18.73,-1517.0,-1180.0,0.83,-20.1,-17.7
long,200,無,100,150,13:44,81,0.691,-22.86,-1852.0,-1369.0,0.8,-18.2,-26.3
long,200,無,100,200,12:00,81,0.531,-8.01,-649.0,-1084.0,0.91,-19.1,0.0
long,200,無,100,200,12:30,81,0.605,-6.42,-520.0,-1158.0,0.94,-1.4,-10.1
long,200,無,100,200,13:00,81,0.617,-15.38,-1246.0,-1256.0,0.86,-4.6,-23.1
long,200,無,100,200,13:10,81,0.58,-21.12,-1711.0,-1186.0,0.82,-7.7,-30.8
long,200,無,100,200,13:20,81,0.58,-22.41,-1815.0,-1281.0,0.82,-9.1,-32.0
long,200,無,100,200,13:30,81,0.617,-23.44,-1899.0,-1180.0,0.82,-15.7,-29.0
long,200,無,100,200,13:44,81,0.617,-33.44,-2709.0,-1369.0,0.76,-14.1,-47.5
long,200,無,100,250,12:00,81,0.519,-2.14,-173.0,-1084.0,0.98,-29.3,17.5
long,200,無,100,250,12:30,81,0.58,1.95,158.0,-1158.0,1.02,-3.4,5.8
long,200,無,100,250,13:00,81,0.605,-7.06,-572.0,-1256.0,0.94,-2.3,-10.5
long,200,無,100,250,13:10,81,0.568,-12.1,-980.0,-1186.0,0.9,-6.0,-16.5
long,200,無,100,250,13:20,81,0.556,-14.69,-1190.0,-1281.0,0.88,-11.1,-17.3
long,200,無,100,250,13:30,81,0.58,-19.99,-1619.0,-1180.0,0.85,-17.3,-22.0
long,200,無,100,250,13:44,81,0.58,-31.26,-2532.0,-1369.0,0.79,-16.4,-42.0
long,200,無,110,50,12:00,81,0.84,-2.85,-231.0,-844.0,0.93,-29.8,16.6
long,200,無,110,50,12:30,81,0.877,0.16,13.0,-766.0,1.0,-17.9,13.2
long,200,無,110,50,13:00,81,0.877,1.1,89.0,-894.0,1.03,-10.7,9.7
long,200,無,110,50,13:10,81,0.877,-0.72,-58.0,-975.0,0.98,-10.8,6.6
long,200,無,110,50,13:20,81,0.877,-0.81,-66.0,-943.0,0.98,-10.8,6.4
long,200,無,110,50,13:30,81,0.889,-4.59,-372.0,-1190.0,0.9,-11.1,0.1
long,200,無,110,50,13:44,81,0.889,-10.68,-865.0,-1379.0,0.8,-14.8,-7.7
long,200,無,110,75,12:00,81,0.753,-12.85,-1041.0,-1094.0,0.81,-36.2,4.0
long,200,無,110,75,12:30,81,0.79,-11.7,-948.0,-1168.0,0.83,-24.2,-2.7
long,200,無,110,75,13:00,81,0.778,-17.1,-1385.0,-1266.0,0.77,-23.1,-12.8
long,200,無,110,75,13:10,81,0.778,-17.41,-1410.0,-1196.0,0.76,-20.0,-15.5
long,200,無,110,75,13:20,81,0.778,-20.63,-1671.0,-1291.0,0.73,-21.0,-20.3
long,200,無,110,75,13:30,81,0.79,-20.96,-1698.0,-1190.0,0.73,-23.1,-19.4
long,200,無,110,75,13:44,81,0.79,-31.02,-2513.0,-1379.0,0.65,-25.3,-35.2
long,200,無,110,100,12:00,81,0.704,-10.32,-836.0,-1094.0,0.87,-30.3,4.1
long,200,無,110,100,12:30,81,0.728,-14.04,-1137.0,-1168.0,0.83,-21.0,-9.0
long,200,無,110,100,13:00,81,0.741,-18.83,-1525.0,-1266.0,0.79,-20.9,-17.3
long,200,無,110,100,13:10,81,0.728,-17.96,-1455.0,-1196.0,0.79,-16.5,-19.0
long,200,無,110,100,13:20,81,0.728,-22.65,-1835.0,-1291.0,0.75,-17.2,-26.6
long,200,無,110,100,13:30,81,0.741,-24.8,-2009.0,-1190.0,0.74,-23.7,-25.6
long,200,無,110,100,13:44,81,0.753,-32.62,-2642.0,-1379.0,0.69,-22.1,-40.2
long,200,無,110,150,12:00,81,0.617,-9.83,-796.0,-1094.0,0.89,-25.2,1.3
long,200,無,110,150,12:30,81,0.642,-11.16,-904.0,-1168.0,0.88,-14.6,-8.7
long,200,無,110,150,13:00,81,0.642,-17.86,-1447.0,-1266.0,0.83,-19.3,-16.8
long,200,無,110,150,13:10,81,0.63,-20.3,-1644.0,-1196.0,0.81,-19.1,-21.2
long,200,無,110,150,13:20,81,0.642,-21.27,-1723.0,-1291.0,0.8,-19.3,-22.7
long,200,無,110,150,13:30,81,0.667,-24.44,-1980.0,-1190.0,0.78,-25.5,-23.7
long,200,無,110,150,13:44,81,0.667,-27.98,-2266.0,-1379.0,0.77,-22.4,-32.0
long,200,無,110,200,12:00,81,0.531,-10.65,-863.0,-1094.0,0.89,-20.5,-3.5
long,200,無,110,200,12:30,81,0.605,-9.33,-756.0,-1168.0,0.91,-3.7,-13.4
long,200,無,110,200,13:00,81,0.617,-17.64,-1429.0,-1266.0,0.85,-5.7,-26.3
long,200,無,110,200,13:10,81,0.58,-22.16,-1795.0,-1196.0,0.82,-5.9,-34.0
long,200,無,110,200,13:20,81,0.593,-21.84,-1769.0,-1291.0,0.82,-4.1,-34.7
long,200,無,110,200,13:30,81,0.63,-22.83,-1849.0,-1190.0,0.82,-10.6,-31.7
long,200,無,110,200,13:44,81,0.617,-32.6,-2641.0,-1379.0,0.77,-8.4,-50.1
long,200,無,110,250,12:00,81,0.519,-6.91,-560.0,-1094.0,0.93,-34.9,13.3
long,200,無,110,250,12:30,81,0.58,-2.46,-199.0,-1168.0,0.98,-8.7,2.0
long,200,無,110,250,13:00,81,0.605,-11.35,-919.0,-1266.0,0.9,-7.6,-14.0
long,200,無,110,250,13:10,81,0.556,-16.38,-1327.0,-1196.0,0.87,-11.3,-20.1
long,200,無,110,250,13:20,81,0.556,-18.94,-1534.0,-1291.0,0.85,-16.4,-20.8
long,200,無,110,250,13:30,81,0.58,-24.23,-1963.0,-1190.0,0.82,-22.6,-25.4
long,200,無,110,250,13:44,81,0.568,-35.38,-2866.0,-1379.0,0.76,-21.4,-45.5
long,200,無,120,50,12:00,82,0.841,-16.4,-1345.0,-1104.0,0.71,-29.9,-6.4
long,200,無,120,50,12:30,82,0.854,-17.27,-1416.0,-1178.0,0.7,-22.4,-13.5
long,200,無,120,50,13:00,82,0.854,-17.95,-1472.0,-1276.0,0.7,-16.4,-19.1
long,200,無,120,50,13:10,82,0.854,-19.1,-1566.0,-1206.0,0.68,-17.0,-20.7
long,200,無,120,50,13:20,82,0.854,-19.96,-1637.0,-1301.0,0.67,-16.1,-22.9
long,200,無,120,50,13:30,82,0.866,-21.82,-1789.0,-1200.0,0.65,-18.1,-24.6
long,200,無,120,50,13:44,82,0.866,-29.77,-2441.0,-1389.0,0.58,-24.8,-33.5
long,200,無,120,75,12:00,82,0.768,-12.41,-1018.0,-1104.0,0.82,-36.7,5.6
long,200,無,120,75,12:30,82,0.78,-14.65,-1201.0,-1178.0,0.79,-29.4,-3.7
long,200,無,120,75,13:00,82,0.768,-20.39,-1672.0,-1276.0,0.73,-29.3,-13.8
long,200,無,120,75,13:10,82,0.768,-20.9,-1714.0,-1206.0,0.73,-26.8,-16.5
long,200,無,120,75,13:20,82,0.768,-23.7,-1943.0,-1301.0,0.7,-26.9,-21.3
long,200,無,120,75,13:30,82,0.78,-24.77,-2031.0,-1200.0,0.7,-30.6,-20.4
long,200,無,120,75,13:44,82,0.78,-36.52,-2995.0,-1389.0,0.61,-37.0,-36.2
long,200,無,120,100,12:00,82,0.695,-12.66,-1038.0,-1104.0,0.84,-33.0,2.5
long,200,無,120,100,12:30,82,0.72,-18.56,-1522.0,-1178.0,0.78,-29.2,-10.6
long,200,無,120,100,13:00,82,0.732,-22.82,-1871.0,-1276.0,0.75,-28.3,-18.7
long,200,無,120,100,13:10,82,0.707,-23.32,-1912.0,-1206.0,0.74,-27.1,-20.5
long,200,無,120,100,13:20,82,0.72,-27.2,-2230.0,-1301.0,0.71,-26.1,-28.0
long,200,無,120,100,13:30,82,0.732,-29.72,-2437.0,-1200.0,0.7,-33.4,-27.0
long,200,無,120,100,13:44,82,0.744,-38.74,-3177.0,-1389.0,0.64,-34.9,-41.6
long,200,無,120,150,12:00,82,0.61,-11.43,-937.0,-1104.0,0.88,-28.1,1.0
long,200,無,120,150,12:30,82,0.634,-14.28,-1171.0,-1178.0,0.85,-21.9,-8.6
long,200,無,120,150,13:00,82,0.634,-21.85,-1792.0,-1276.0,0.8,-27.4,-17.7
long,200,無,120,150,13:10,82,0.622,-24.33,-1995.0,-1206.0,0.78,-27.7,-21.9
long,200,無,120,150,13:20,82,0.634,-24.24,-1988.0,-1301.0,0.78,-26.9,-22.2
long,200,無,120,150,13:30,82,0.659,-28.46,-2334.0,-1200.0,0.76,-34.7,-23.8
long,200,無,120,150,13:44,82,0.659,-34.28,-2811.0,-1389.0,0.72,-35.2,-33.6
long,200,無,120,200,12:00,82,0.524,-12.46,-1022.0,-1104.0,0.87,-24.4,-3.6
long,200,無,120,200,12:30,82,0.598,-12.57,-1031.0,-1178.0,0.88,-11.8,-13.1
long,200,無,120,200,13:00,82,0.61,-21.61,-1772.0,-1276.0,0.82,-14.8,-26.7
long,200,無,120,200,13:10,82,0.573,-26.15,-2144.0,-1206.0,0.79,-15.4,-34.1
long,200,無,120,200,13:20,82,0.585,-24.72,-2027.0,-1301.0,0.81,-12.8,-33.6
long,200,無,120,200,13:30,82,0.622,-27.54,-2258.0,-1200.0,0.79,-20.9,-32.5
long,200,無,120,200,13:44,82,0.61,-39.38,-3229.0,-1389.0,0.73,-22.1,-52.2
long,200,無,120,250,12:00,82,0.512,-11.33,-929.0,-1104.0,0.89,-38.7,9.0
long,200,無,120,250,12:30,82,0.573,-8.02,-658.0,-1178.0,0.93,-17.3,-1.1
long,200,無,120,250,13:00,82,0.598,-17.1,-1402.0,-1276.0,0.86,-17.2,-17.0
long,200,無,120,250,13:10,82,0.549,-22.28,-1827.0,-1206.0,0.82,-21.3,-23.0
long,200,無,120,250,13:20,82,0.549,-24.41,-2002.0,-1301.0,0.82,-25.3,-23.8
long,200,無,120,250,13:30,82,0.573,-30.39,-2492.0,-1200.0,0.78,-33.0,-28.4
long,200,無,120,250,13:44,82,0.561,-42.88,-3516.0,-1389.0,0.72,-35.4,-48.5
long,200,無,130,50,12:00,86,0.837,-16.53,-1422.0,-1114.0,0.71,-30.0,-5.9
long,200,無,130,50,12:30,86,0.849,-17.57,-1511.0,-1188.0,0.69,-23.6,-12.8
long,200,無,130,50,13:00,86,0.837,-19.29,-1659.0,-1286.0,0.68,-20.5,-18.3
long,200,無,130,50,13:10,86,0.837,-20.02,-1722.0,-1216.0,0.67,-20.2,-19.9
long,200,無,130,50,13:20,86,0.837,-20.91,-1798.0,-1311.0,0.66,-19.5,-22.0
long,200,無,130,50,13:30,86,0.849,-22.93,-1972.0,-1210.0,0.64,-22.0,-23.7
long,200,無,130,50,13:44,86,0.849,-29.9,-2571.0,-1399.0,0.58,-26.7,-32.4
long,200,無,130,75,12:00,86,0.779,-7.09,-610.0,-1114.0,0.89,-28.2,9.6
long,200,無,130,75,12:30,86,0.791,-10.65,-916.0,-1188.0,0.84,-27.2,2.5
long,200,無,130,75,13:00,86,0.791,-11.19,-962.0,-1286.0,0.84,-25.5,0.1
long,200,無,130,75,13:10,86,0.791,-10.67,-918.0,-1216.0,0.84,-23.1,-0.9
long,200,無,130,75,13:20,86,0.791,-12.19,-1048.0,-1311.0,0.82,-22.9,-3.7
long,200,無,130,75,13:30,86,0.802,-15.3,-1316.0,-1210.0,0.79,-29.6,-4.0
long,200,無,130,75,13:44,86,0.802,-23.44,-2016.0,-1399.0,0.71,-34.7,-14.5
long,200,無,130,100,12:00,86,0.721,-2.42,-208.0,-1114.0,0.96,-25.6,15.9
long,200,無,130,100,12:30,86,0.733,-4.53,-390.0,-1188.0,0.94,-21.8,9.1
long,200,無,130,100,13:00,86,0.756,-8.03,-691.0,-1286.0,0.9,-21.0,2.2
long,200,無,130,100,13:10,86,0.733,-7.36,-633.0,-1216.0,0.9,-19.9,2.6
long,200,無,130,100,13:20,86,0.733,-10.44,-898.0,-1311.0,0.87,-18.9,-3.7
long,200,無,130,100,13:30,86,0.756,-12.94,-1113.0,-1210.0,0.85,-25.6,-2.9
long,200,無,130,100,13:44,86,0.767,-22.01,-1893.0,-1399.0,0.77,-27.0,-18.1
long,200,無,130,150,12:00,86,0.616,-9.38,-807.0,-1114.0,0.9,-19.3,-1.5
long,200,無,130,150,12:30,86,0.616,-15.03,-1293.0,-1188.0,0.85,-16.5,-13.9
long,200,無,130,150,13:00,86,0.64,-24.58,-2114.0,-1286.0,0.78,-19.4,-28.7
long,200,無,130,150,13:10,86,0.628,-27.69,-2381.0,-1216.0,0.75,-21.2,-32.8
long,200,無,130,150,13:20,86,0.628,-27.06,-2327.0,-1311.0,0.76,-19.5,-33.0
long,200,無,130,150,13:30,86,0.663,-31.6,-2718.0,-1210.0,0.74,-25.6,-36.4
long,200,無,130,150,13:44,86,0.663,-38.73,-3331.0,-1399.0,0.7,-27.1,-48.0
long,200,無,130,200,12:00,86,0.547,-9.84,-846.0,-1114.0,0.9,-18.1,-3.3
long,200,無,130,200,12:30,86,0.593,-9.59,-825.0,-1188.0,0.91,-7.8,-11.0
long,200,無,130,200,13:00,86,0.628,-17.62,-1515.0,-1286.0,0.85,-9.4,-24.1
long,200,無,130,200,13:10,86,0.581,-23.83,-2049.0,-1216.0,0.8,-14.3,-31.4
long,200,無,130,200,13:20,86,0.581,-23.23,-1998.0,-1311.0,0.81,-13.6,-30.9
long,200,無,130,200,13:30,86,0.628,-25.36,-2181.0,-1210.0,0.8,-20.0,-29.6
long,200,無,130,200,13:44,86,0.616,-37.35,-3212.0,-1399.0,0.74,-22.8,-48.9
long,200,無,130,250,12:00,86,0.535,-6.67,-574.0,-1114.0,0.93,-25.7,8.4
long,200,無,130,250,12:30,86,0.57,-3.08,-265.0,-1188.0,0.97,-7.8,0.6
long,200,無,130,250,13:00,86,0.616,-11.22,-965.0,-1286.0,0.9,-5.5,-15.8
long,200,無,130,250,13:10,86,0.57,-18.29,-1573.0,-1216.0,0.85,-10.9,-24.1
long,200,無,130,250,13:20,86,0.558,-19.78,-1701.0,-1311.0,0.85,-13.5,-24.8
long,200,無,130,250,13:30,86,0.593,-24.35,-2094.0,-1210.0,0.82,-19.6,-28.1
long,200,無,130,250,13:44,86,0.581,-37.69,-3241.0,-1399.0,0.75,-22.8,-49.5
long,200,無,140,50,12:00,88,0.83,-16.16,-1422.0,-1124.0,0.71,-29.8,-5.3
long,200,無,140,50,12:30,88,0.852,-17.17,-1511.0,-1198.0,0.7,-23.5,-12.1
long,200,無,140,50,13:00,88,0.841,-18.85,-1659.0,-1296.0,0.68,-20.6,-17.5
long,200,無,140,50,13:10,88,0.841,-19.57,-1722.0,-1226.0,0.67,-20.3,-19.0
long,200,無,140,50,13:20,88,0.841,-20.43,-1798.0,-1321.0,0.66,-19.6,-21.1
long,200,無,140,50,13:30,88,0.852,-22.41,-1972.0,-1220.0,0.64,-22.0,-22.7
long,200,無,140,50,13:44,88,0.852,-29.1,-2561.0,-1409.0,0.58,-26.4,-31.3
long,200,無,140,75,12:00,88,0.761,-8.94,-787.0,-1124.0,0.86,-32.9,10.2
long,200,無,140,75,12:30,88,0.784,-11.35,-999.0,-1198.0,0.83,-29.6,3.2
long,200,無,140,75,13:00,88,0.784,-13.3,-1170.0,-1296.0,0.81,-31.4,1.1
long,200,無,140,75,13:10,88,0.784,-11.9,-1047.0,-1226.0,0.83,-27.0,0.1
long,200,無,140,75,13:20,88,0.784,-13.39,-1178.0,-1321.0,0.81,-26.8,-2.7
long,200,無,140,75,13:30,88,0.795,-16.65,-1465.0,-1220.0,0.78,-33.8,-3.0
long,200,無,140,75,13:44,88,0.795,-24.17,-2127.0,-1409.0,0.7,-37.8,-13.3
long,200,無,140,100,12:00,88,0.693,-9.33,-821.0,-1124.0,0.87,-29.8,7.0
long,200,無,140,100,12:30,88,0.716,-10.15,-893.0,-1198.0,0.87,-26.3,2.7
long,200,無,140,100,13:00,88,0.739,-14.5,-1276.0,-1296.0,0.83,-27.2,-4.4
long,200,無,140,100,13:10,88,0.716,-15.84,-1394.0,-1226.0,0.81,-29.4,-5.1
long,200,無,140,100,13:20,88,0.716,-19.49,-1715.0,-1321.0,0.78,-29.8,-11.2
long,200,無,140,100,13:30,88,0.739,-22.12,-1947.0,-1220.0,0.76,-36.3,-10.8
long,200,無,140,100,13:44,88,0.75,-29.11,-2562.0,-1409.0,0.71,-35.7,-23.9
long,200,無,140,150,12:00,88,0.602,-13.35,-1175.0,-1124.0,0.86,-19.1,-8.8
long,200,無,140,150,12:30,88,0.614,-20.61,-1814.0,-1198.0,0.8,-16.1,-24.2
long,200,無,140,150,13:00,88,0.648,-24.93,-2194.0,-1296.0,0.77,-18.9,-29.7
long,200,無,140,150,13:10,88,0.625,-27.27,-2400.0,-1226.0,0.76,-20.7,-32.5
long,200,無,140,150,13:20,88,0.636,-25.65,-2257.0,-1321.0,0.77,-19.1,-30.9
long,200,無,140,150,13:30,88,0.67,-30.09,-2648.0,-1220.0,0.75,-24.9,-34.2
long,200,無,140,150,13:44,88,0.67,-37.06,-3261.0,-1409.0,0.71,-26.4,-45.5
long,200,無,140,200,12:00,88,0.545,-10.66,-938.0,-1124.0,0.89,-17.4,-5.3
long,200,無,140,200,12:30,88,0.602,-10.4,-915.0,-1198.0,0.9,-7.9,-12.4
long,200,無,140,200,13:00,88,0.636,-18.88,-1661.0,-1296.0,0.84,-9.1,-26.7
long,200,無,140,200,13:10,88,0.58,-24.48,-2154.0,-1226.0,0.8,-13.4,-33.3
long,200,無,140,200,13:20,88,0.591,-24.07,-2118.0,-1321.0,0.81,-13.1,-32.8
long,200,無,140,200,13:30,88,0.636,-25.7,-2262.0,-1220.0,0.8,-18.8,-31.2
long,200,無,140,200,13:44,88,0.625,-35.67,-3139.0,-1409.0,0.75,-21.5,-47.0
long,200,無,140,250,12:00,88,0.534,-5.1,-449.0,-1124.0,0.95,-23.9,9.9
long,200,無,140,250,12:30,88,0.58,-3.56,-313.0,-1198.0,0.97,-11.4,2.7
long,200,無,140,250,13:00,88,0.625,-10.1,-889.0,-1296.0,0.91,-6.5,-12.9
long,200,無,140,250,13:10,88,0.568,-17.4,-1531.0,-1226.0,0.86,-12.7,-21.2
long,200,無,140,250,13:20,88,0.568,-18.82,-1656.0,-1321.0,0.85,-15.1,-21.8
long,200,無,140,250,13:30,88,0.602,-22.08,-1943.0,-1220.0,0.83,-18.3,-25.1
long,200,無,140,250,13:44,88,0.591,-34.67,-3051.0,-1409.0,0.77,-20.5,-46.0
long,200,無,150,50,12:00,91,0.835,-15.36,-1398.0,-1134.0,0.72,-24.5,-7.6
long,200,無,150,50,12:30,91,0.857,-14.71,-1339.0,-1208.0,0.73,-15.0,-14.5
long,200,無,150,50,13:00,91,0.857,-14.81,-1348.0,-1306.0,0.74,-11.4,-17.7
long,200,無,150,50,13:10,91,0.857,-15.32,-1394.0,-1236.0,0.73,-10.7,-19.2
long,200,無,150,50,13:20,91,0.857,-16.51,-1502.0,-1331.0,0.71,-10.9,-21.3
long,200,無,150,50,13:30,91,0.868,-17.75,-1615.0,-1221.0,0.7,-11.7,-23.0
long,200,無,150,50,13:44,91,0.868,-23.3,-2120.0,-1410.0,0.64,-13.7,-31.5
long,200,無,150,75,12:00,91,0.758,-9.9,-901.0,-1134.0,0.85,-28.9,6.4
long,200,無,150,75,12:30,91,0.78,-11.58,-1054.0,-1208.0,0.83,-26.7,1.3
long,200,無,150,75,13:00,91,0.78,-15.19,-1382.0,-1306.0,0.79,-26.8,-5.2
long,200,無,150,75,13:10,91,0.769,-13.26,-1207.0,-1236.0,0.81,-25.0,-3.2
long,200,無,150,75,13:20,91,0.769,-15.21,-1384.0,-1331.0,0.79,-24.1,-7.6
long,200,無,150,75,13:30,91,0.791,-18.09,-1646.0,-1221.0,0.76,-29.9,-7.9
long,200,無,150,75,13:44,91,0.791,-25.1,-2284.0,-1410.0,0.69,-33.4,-18.0
long,200,無,150,100,12:00,91,0.703,-8.7,-792.0,-1134.0,0.88,-25.6,5.8
long,200,無,150,100,12:30,91,0.725,-8.78,-799.0,-1208.0,0.88,-21.0,1.7
long,200,無,150,100,13:00,91,0.747,-13.95,-1269.0,-1306.0,0.83,-22.5,-6.6
long,200,無,150,100,13:10,91,0.725,-15.2,-1383.0,-1236.0,0.82,-24.8,-7.0
long,200,無,150,100,13:20,91,0.725,-18.27,-1663.0,-1331.0,0.79,-25.5,-12.1
long,200,無,150,100,13:30,91,0.736,-20.98,-1909.0,-1221.0,0.77,-31.8,-11.7
long,200,無,150,100,13:44,91,0.747,-28.13,-2560.0,-1410.0,0.71,-32.1,-24.7
long,200,無,150,150,12:00,91,0.626,-9.98,-908.0,-1134.0,0.89,-16.1,-4.7
long,200,無,150,150,12:30,91,0.626,-13.25,-1206.0,-1208.0,0.86,-10.8,-15.3
long,200,無,150,150,13:00,91,0.659,-20.92,-1904.0,-1306.0,0.81,-12.3,-28.3
long,200,無,150,150,13:10,91,0.637,-23.92,-2177.0,-1236.0,0.78,-14.1,-32.3
long,200,無,150,150,13:20,91,0.648,-22.75,-2070.0,-1331.0,0.8,-11.8,-32.1
long,200,無,150,150,13:30,91,0.67,-27.38,-2492.0,-1221.0,0.77,-18.0,-35.4
long,200,無,150,150,13:44,91,0.681,-34.19,-3111.0,-1410.0,0.73,-19.5,-46.8
long,200,無,150,200,12:00,91,0.56,-8.95,-814.0,-1134.0,0.91,-8.7,-9.2
long,200,無,150,200,12:30,91,0.604,-8.67,-789.0,-1208.0,0.92,0.0,-16.1
long,200,無,150,200,13:00,91,0.637,-15.32,-1394.0,-1306.0,0.87,0.3,-28.7
long,200,無,150,200,13:10,91,0.593,-20.71,-1885.0,-1236.0,0.83,-3.6,-35.4
long,200,無,150,200,13:20,91,0.604,-20.43,-1859.0,-1331.0,0.83,-3.6,-34.8
long,200,無,150,200,13:30,91,0.626,-24.8,-2257.0,-1221.0,0.81,-8.8,-38.5
long,200,無,150,200,13:44,91,0.626,-34.15,-3108.0,-1410.0,0.76,-9.7,-55.1
long,200,無,150,250,12:00,91,0.549,-2.23,-203.0,-1134.0,0.98,-12.7,6.8
long,200,無,150,250,12:30,91,0.582,-0.55,-50.0,-1208.0,0.99,-1.2,0.0
long,200,無,150,250,13:00,91,0.626,-6.53,-594.0,-1306.0,0.94,5.0,-16.4
long,200,無,150,250,13:10,91,0.582,-13.88,-1263.0,-1236.0,0.89,-0.7,-25.2
long,200,無,150,250,13:20,91,0.582,-15.64,-1423.0,-1331.0,0.88,-3.2,-26.3
long,200,無,150,250,13:30,91,0.604,-19.25,-1752.0,-1221.0,0.85,-6.1,-30.5
long,200,無,150,250,13:44,91,0.593,-31.23,-2842.0,-1410.0,0.79,-5.5,-53.3
long,200,前日反向,140,50,12:00,40,0.85,-3.0,-120.0,-565.0,0.93,-9.5,4.2
long,200,前日反向,140,50,12:30,40,0.875,-4.65,-186.0,-769.0,0.9,0.1,-9.9
long,200,前日反向,140,50,13:00,40,0.875,-6.75,-270.0,-924.0,0.86,5.1,-19.8
long,200,前日反向,140,50,13:10,40,0.875,-4.85,-194.0,-1005.0,0.9,12.6,-24.2
long,200,前日反向,140,50,13:20,40,0.875,-3.42,-137.0,-973.0,0.92,13.8,-22.5
long,200,前日反向,140,50,13:30,40,0.875,-8.35,-334.0,-1220.0,0.83,15.3,-34.5
long,200,前日反向,140,50,13:44,40,0.875,-16.15,-646.0,-1409.0,0.72,13.2,-48.6
long,200,前日反向,140,75,12:00,40,0.775,7.0,280.0,-565.0,1.14,-5.2,20.5
long,200,前日反向,140,75,12:30,40,0.8,-1.8,-72.0,-769.0,0.97,-9.0,6.2
long,200,前日反向,140,75,13:00,40,0.825,-3.62,-145.0,-924.0,0.94,-9.2,2.5
long,200,前日反向,140,75,13:10,40,0.825,0.57,23.0,-1005.0,1.01,2.7,-1.8
long,200,前日反向,140,75,13:20,40,0.825,1.98,79.0,-973.0,1.03,3.9,-0.1
long,200,前日反向,140,75,13:30,40,0.825,-6.18,-247.0,-1220.0,0.91,-0.8,-12.2
long,200,前日反向,140,75,13:44,40,0.825,-14.5,-580.0,-1409.0,0.81,-3.9,-26.2
long,200,前日反向,140,100,12:00,40,0.725,12.7,508.0,-565.0,1.24,8.0,17.9
long,200,前日反向,140,100,12:30,40,0.775,7.82,313.0,-769.0,1.13,5.7,10.2
long,200,前日反向,140,100,13:00,40,0.8,6.55,262.0,-924.0,1.1,4.9,8.4
long,200,前日反向,140,100,13:10,40,0.8,14.2,568.0,-1005.0,1.24,16.4,11.7
long,200,前日反向,140,100,13:20,40,0.8,13.65,546.0,-973.0,1.22,17.5,9.4
long,200,前日反向,140,100,13:30,40,0.775,4.2,168.0,-1220.0,1.06,10.5,-2.8
long,200,前日反向,140,100,13:44,40,0.8,-2.4,-96.0,-1409.0,0.97,10.1,-16.2
long,200,前日反向,140,150,12:00,40,0.65,9.35,374.0,-598.0,1.12,33.3,-17.1
long,200,前日反向,140,150,12:30,40,0.675,-8.07,-323.0,-822.0,0.92,27.0,-46.8
long,200,前日反向,140,150,13:00,40,0.75,1.98,79.0,-924.0,1.02,28.8,-27.6
long,200,前日反向,140,150,13:10,40,0.75,11.18,447.0,-1005.0,1.13,36.8,-17.2
long,200,前日反向,140,150,13:20,40,0.75,12.0,480.0,-1012.0,1.14,39.2,-18.1
long,200,前日反向,140,150,13:30,40,0.725,2.95,118.0,-1220.0,1.03,33.6,-30.9
long,200,前日反向,140,150,13:44,40,0.725,-4.58,-183.0,-1409.0,0.96,29.5,-42.2
long,200,前日反向,140,200,12:00,40,0.575,9.75,390.0,-598.0,1.12,38.3,-21.8
long,200,前日反向,140,200,12:30,40,0.675,6.15,246.0,-822.0,1.06,38.1,-29.2
long,200,前日反向,140,200,13:00,40,0.75,17.55,702.0,-924.0,1.19,48.1,-16.3
long,200,前日反向,140,200,13:10,40,0.725,26.8,1072.0,-1005.0,1.32,56.2,-5.7
long,200,前日反向,140,200,13:20,40,0.725,29.68,1187.0,-1012.0,1.33,59.4,-3.2
long,200,前日反向,140,200,13:30,40,0.725,24.52,981.0,-1220.0,1.25,53.9,-7.9
long,200,前日反向,140,200,13:44,40,0.7,14.25,570.0,-1409.0,1.14,47.4,-22.4
long,200,前日反向,140,250,12:00,40,0.55,7.42,297.0,-598.0,1.09,24.3,-11.3
long,200,前日反向,140,250,12:30,40,0.65,9.98,399.0,-822.0,1.1,32.3,-14.7
long,200,前日反向,140,250,13:00,40,0.75,28.05,1122.0,-924.0,1.31,51.2,2.5
long,200,前日反向,140,250,13:10,40,0.725,33.33,1333.0,-1005.0,1.39,57.4,6.7
long,200,前日反向,140,250,13:20,40,0.7,34.9,1396.0,-1012.0,1.38,55.4,12.2
long,200,前日反向,140,250,13:30,40,0.675,25.75,1030.0,-1220.0,1.26,49.5,-0.5
long,200,前日反向,140,250,13:44,40,0.65,12.75,510.0,-1409.0,1.12,42.1,-19.7
long,200,前日反向,150,50,12:00,41,0.829,-4.95,-203.0,-566.0,0.89,-8.2,-1.2
long,200,前日反向,150,50,12:30,41,0.854,-6.68,-274.0,-770.0,0.86,0.9,-15.5
long,200,前日反向,150,50,13:00,41,0.878,-6.17,-253.0,-925.0,0.87,5.7,-19.9
long,200,前日反向,150,50,13:10,41,0.878,-4.32,-177.0,-1006.0,0.91,12.9,-24.2
long,200,前日反向,150,50,13:20,41,0.878,-2.93,-120.0,-974.0,0.94,14.0,-22.5
long,200,前日反向,150,50,13:30,41,0.878,-7.73,-317.0,-1221.0,0.84,15.5,-34.6
long,200,前日反向,150,50,13:44,41,0.878,-15.34,-629.0,-1410.0,0.73,13.4,-48.6
long,200,前日反向,150,75,12:00,41,0.756,3.39,139.0,-566.0,1.07,-3.5,11.3
long,200,前日反向,150,75,12:30,41,0.805,-2.9,-119.0,-770.0,0.95,-7.1,1.9
long,200,前日反向,150,75,13:00,41,0.805,-10.05,-412.0,-925.0,0.85,-7.3,-13.3
long,200,前日反向,150,75,13:10,41,0.805,-2.39,-98.0,-1006.0,0.96,4.1,-9.9
long,200,前日反向,150,75,13:20,41,0.805,-2.88,-118.0,-974.0,0.95,5.2,-12.2
long,200,前日反向,150,75,13:30,41,0.805,-10.9,-447.0,-1221.0,0.84,0.8,-24.4
long,200,前日反向,150,75,13:44,41,0.805,-18.73,-768.0,-1410.0,0.76,-2.2,-37.8
long,200,前日反向,150,100,12:00,41,0.732,10.88,446.0,-566.0,1.2,6.2,16.3
long,200,前日反向,150,100,12:30,41,0.78,7.59,311.0,-770.0,1.12,6.3,9.1
long,200,前日反向,150,100,13:00,41,0.805,4.22,173.0,-925.0,1.06,4.2,4.3
long,200,前日反向,150,100,13:10,41,0.805,11.78,483.0,-1006.0,1.2,14.7,8.4
long,200,前日反向,150,100,13:20,41,0.805,12.24,502.0,-974.0,1.2,15.2,8.8
long,200,前日反向,150,100,13:30,41,0.756,2.68,110.0,-1221.0,1.04,7.9,-3.4
long,200,前日反向,150,100,13:44,41,0.78,-4.63,-190.0,-1410.0,0.94,5.9,-16.8
long,200,前日反向,150,150,12:00,41,0.683,13.02,534.0,-608.0,1.18,27.8,-4.1
long,200,前日反向,150,150,12:30,41,0.707,3.0,123.0,-832.0,1.03,24.0,-21.3
long,200,前日反向,150,150,13:00,41,0.756,4.8,197.0,-925.0,1.05,27.9,-21.9
long,200,前日反向,150,150,13:10,41,0.756,12.15,498.0,-1006.0,1.15,35.3,-14.6
long,200,前日反向,150,150,13:20,41,0.756,12.07,495.0,-1022.0,1.14,39.1,-19.2
long,200,前日反向,150,150,13:30,41,0.707,2.49,102.0,-1221.0,1.03,32.3,-32.1
long,200,前日反向,150,150,13:44,41,0.732,-5.0,-205.0,-1410.0,0.95,28.1,-43.3
long,200,前日反向,150,200,12:00,41,0.585,9.2,377.0,-608.0,1.12,41.9,-28.7
long,200,前日反向,150,200,12:30,41,0.683,5.88,241.0,-832.0,1.06,41.7,-35.6
long,200,前日反向,150,200,13:00,41,0.732,19.0,779.0,-925.0,1.21,51.3,-18.4
long,200,前日反向,150,200,13:10,41,0.732,28.02,1149.0,-1006.0,1.33,59.0,-7.9
long,200,前日反向,150,200,13:20,41,0.732,30.83,1264.0,-1022.0,1.35,62.0,-5.3
long,200,前日反向,150,200,13:30,41,0.683,19.54,801.0,-1221.0,1.2,56.7,-23.5
long,200,前日反向,150,200,13:44,41,0.683,9.59,393.0,-1410.0,1.09,51.1,-38.5
long,200,前日反向,150,250,12:00,41,0.561,8.93,366.0,-608.0,1.11,30.0,-15.5
long,200,前日反向,150,250,12:30,41,0.659,11.85,486.0,-832.0,1.12,38.0,-18.5
long,200,前日反向,150,250,13:00,41,0.732,28.83,1182.0,-925.0,1.32,56.5,-3.2
long,200,前日反向,150,250,13:10,41,0.732,33.27,1364.0,-1006.0,1.39,62.5,-0.5
long,200,前日反向,150,250,13:20,41,0.707,34.2,1402.0,-1022.0,1.38,60.5,3.7
long,200,前日反向,150,250,13:30,41,0.659,24.17,991.0,-1221.0,1.25,54.9,-11.4
long,200,前日反向,150,250,13:44,41,0.634,9.2,377.0,-1410.0,1.08,47.8,-35.5
long,300,無,10,50,12:00,52,0.865,21.23,1104.0,-415.0,2.05,11.1,28.1
long,300,無,10,50,12:30,52,0.865,21.6,1123.0,-258.0,2.08,18.7,23.5
long,300,無,10,50,13:00,52,0.885,22.88,1190.0,-269.0,2.17,17.9,26.3
long,300,無,10,50,13:10,52,0.904,25.85,1344.0,-270.0,2.47,20.0,29.8
long,300,無,10,50,13:20,52,0.904,25.12,1306.0,-270.0,2.37,20.2,28.5
long,300,無,10,50,13:30,52,0.904,22.88,1190.0,-328.0,2.12,16.3,27.3
long,300,無,10,50,13:44,52,0.904,19.54,1016.0,-389.0,1.82,16.3,21.7
long,300,無,10,75,12:00,52,0.788,13.44,699.0,-789.0,1.32,-26.7,40.6
long,300,無,10,75,12:30,52,0.808,18.0,936.0,-711.0,1.44,-14.2,39.8
long,300,無,10,75,13:00,52,0.827,23.58,1226.0,-476.0,1.64,-4.3,42.5
long,300,無,10,75,13:10,52,0.846,26.5,1378.0,-460.0,1.75,-0.1,44.5
long,300,無,10,75,13:20,52,0.846,24.44,1271.0,-539.0,1.65,-5.6,44.8
long,300,無,10,75,13:30,52,0.846,18.52,963.0,-553.0,1.43,-11.5,38.8
long,300,無,10,75,13:44,52,0.846,13.79,717.0,-585.0,1.29,-17.2,34.8
long,300,無,10,100,12:00,52,0.769,23.69,1232.0,-789.0,1.5,-31.1,60.8
long,300,無,10,100,12:30,52,0.788,30.02,1561.0,-711.0,1.65,-15.4,60.8
long,300,無,10,100,13:00,52,0.788,35.04,1822.0,-476.0,1.83,-8.1,64.3
long,300,無,10,100,13:10,52,0.808,35.06,1823.0,-460.0,1.8,-12.3,67.1
long,300,無,10,100,13:20,52,0.808,32.9,1711.0,-539.0,1.71,-18.0,67.4
long,300,無,10,100,13:30,52,0.808,26.56,1381.0,-553.0,1.5,-24.9,61.4
long,300,無,10,100,13:44,52,0.808,21.4,1113.0,-585.0,1.37,-31.7,57.4
long,300,無,10,150,12:00,52,0.673,8.96,466.0,-994.0,1.11,-9.1,21.2
long,300,無,10,150,12:30,52,0.673,8.1,421.0,-1068.0,1.1,7.2,8.7
long,300,無,10,150,13:00,52,0.673,1.13,59.0,-1166.0,1.01,10.1,-4.9
long,300,無,10,150,13:10,52,0.712,1.02,53.0,-1096.0,1.01,9.1,-4.5
long,300,無,10,150,13:20,52,0.712,0.88,46.0,-1191.0,1.01,4.4,-1.5
long,300,無,10,150,13:30,52,0.712,-7.1,-369.0,-1090.0,0.94,1.8,-13.1
long,300,無,10,150,13:44,52,0.712,-15.06,-783.0,-1279.0,0.87,-2.9,-23.3
long,300,無,10,200,12:00,52,0.558,-10.67,-555.0,-994.0,0.89,-10.5,-10.8
long,300,無,10,200,12:30,52,0.558,-19.96,-1038.0,-1068.0,0.82,-2.0,-32.1
long,300,無,10,200,13:00,52,0.538,-38.19,-1986.0,-1166.0,0.71,0.7,-64.5
long,300,無,10,200,13:10,52,0.596,-39.71,-2065.0,-1096.0,0.72,-0.7,-66.2
long,300,無,10,200,13:20,52,0.596,-40.54,-2108.0,-1191.0,0.71,-3.6,-65.6
long,300,無,10,200,13:30,52,0.596,-46.98,-2443.0,-1090.0,0.69,-10.9,-71.5
long,300,無,10,200,13:44,52,0.615,-58.67,-3051.0,-1279.0,0.64,-8.2,-92.8
long,300,無,10,250,12:00,52,0.538,-2.58,-134.0,-994.0,0.97,-7.0,0.5
long,300,無,10,250,12:30,52,0.538,-11.65,-606.0,-1068.0,0.9,-4.3,-16.6
long,300,無,10,250,13:00,52,0.519,-32.31,-1680.0,-1166.0,0.76,-3.8,-51.6
long,300,無,10,250,13:10,52,0.558,-35.23,-1832.0,-1096.0,0.75,-6.9,-54.4
long,300,無,10,250,13:20,52,0.558,-35.29,-1835.0,-1191.0,0.75,-8.4,-53.5
long,300,無,10,250,13:30,52,0.558,-46.6,-2423.0,-1090.0,0.7,-22.4,-63.0
long,300,無,10,250,13:44,52,0.558,-56.69,-2948.0,-1279.0,0.66,-18.4,-82.6
long,300,無,20,50,12:00,52,0.846,1.71,89.0,-799.0,1.04,-31.0,23.8
long,300,無,20,50,12:30,52,0.846,6.23,324.0,-721.0,1.18,-19.3,23.5
long,300,無,20,50,13:00,52,0.865,11.79,613.0,-486.0,1.4,-9.0,25.8
long,300,無,20,50,13:10,52,0.865,10.23,532.0,-470.0,1.33,-6.1,21.3
long,300,無,20,50,13:20,52,0.865,8.94,465.0,-549.0,1.27,-9.7,21.5
long,300,無,20,50,13:30,52,0.865,3.58,186.0,-563.0,1.09,-14.2,15.6
long,300,無,20,50,13:44,52,0.865,0.54,28.0,-595.0,1.01,-15.7,11.5
long,300,無,20,75,12:00,52,0.788,5.94,309.0,-799.0,1.12,-44.5,40.1
long,300,無,20,75,12:30,52,0.788,8.87,461.0,-721.0,1.19,-35.0,38.5
long,300,無,20,75,13:00,52,0.788,13.6,707.0,-486.0,1.31,-27.6,41.5
long,300,無,20,75,13:10,52,0.808,13.33,693.0,-470.0,1.29,-31.8,43.9
long,300,無,20,75,13:20,52,0.808,11.17,581.0,-549.0,1.23,-37.5,44.1
long,300,無,20,75,13:30,52,0.808,4.83,251.0,-563.0,1.09,-44.4,38.2
long,300,無,20,75,13:44,52,0.808,-0.33,-17.0,-595.0,0.99,-51.2,34.1
long,300,無,20,100,12:00,52,0.769,16.35,850.0,-799.0,1.31,-30.2,47.9
long,300,無,20,100,12:30,52,0.769,23.75,1235.0,-721.0,1.47,-18.3,52.2
long,300,無,20,100,13:00,52,0.769,28.4,1477.0,-486.0,1.6,-11.0,55.1
long,300,無,20,100,13:10,52,0.788,27.67,1439.0,-470.0,1.56,-15.1,56.7
long,300,無,20,100,13:20,52,0.788,25.52,1327.0,-549.0,1.49,-20.8,56.9
long,300,無,20,100,13:30,52,0.788,18.79,977.0,-563.0,1.32,-27.8,50.3
long,300,無,20,100,13:44,52,0.788,15.35,798.0,-595.0,1.25,-34.5,49.1
long,300,無,20,150,12:00,52,0.673,-1.48,-77.0,-1004.0,0.98,-11.9,5.5
long,300,無,20,150,12:30,52,0.654,-3.81,-198.0,-1078.0,0.96,1.7,-7.5
long,300,無,20,150,13:00,52,0.654,-10.79,-561.0,-1176.0,0.89,3.6,-20.5
long,300,無,20,150,13:10,52,0.692,-11.42,-594.0,-1106.0,0.89,1.3,-20.0
long,300,無,20,150,13:20,52,0.692,-7.54,-392.0,-1201.0,0.93,-3.2,-10.5
long,300,無,20,150,13:30,52,0.712,-12.81,-666.0,-1100.0,0.89,-4.1,-18.7
long,300,無,20,150,13:44,52,0.712,-19.21,-999.0,-1289.0,0.84,-6.6,-27.8
long,300,無,20,200,12:00,52,0.577,-12.96,-674.0,-1004.0,0.87,-7.7,-16.5
long,300,無,20,200,12:30,52,0.558,-23.23,-1208.0,-1078.0,0.8,-2.6,-37.2
long,300,無,20,200,13:00,52,0.538,-43.35,-2254.0,-1176.0,0.69,-5.5,-69.0
long,300,無,20,200,13:10,52,0.596,-44.87,-2333.0,-1106.0,0.69,-6.9,-70.6
long,300,無,20,200,13:20,52,0.596,-45.5,-2366.0,-1201.0,0.68,-9.8,-69.7
long,300,無,20,200,13:30,52,0.596,-51.94,-2701.0,-1100.0,0.66,-17.0,-75.6
long,300,無,20,200,13:44,52,0.615,-63.63,-3309.0,-1289.0,0.62,-14.4,-97.0
long,300,無,20,250,12:00,52,0.538,-12.04,-626.0,-1004.0,0.88,-21.5,-5.6
long,300,無,20,250,12:30,52,0.538,-19.71,-1025.0,-1078.0,0.83,-15.8,-22.4
long,300,無,20,250,13:00,52,0.519,-40.58,-2110.0,-1176.0,0.71,-14.7,-58.1
long,300,無,20,250,13:10,52,0.558,-43.12,-2242.0,-1106.0,0.7,-18.4,-59.8
long,300,無,20,250,13:20,52,0.558,-44.56,-2317.0,-1201.0,0.7,-22.9,-59.3
long,300,無,20,250,13:30,52,0.558,-55.19,-2870.0,-1100.0,0.66,-36.7,-67.7
long,300,無,20,250,13:44,52,0.558,-65.92,-3428.0,-1289.0,0.62,-34.2,-87.4
long,300,無,30,50,12:00,52,0.865,0.69,36.0,-809.0,1.02,-35.4,25.1
long,300,無,30,50,12:30,52,0.865,7.12,370.0,-731.0,1.21,-21.2,26.3
long,300,無,30,50,13:00,52,0.865,10.63,553.0,-496.0,1.34,-10.9,25.2
long,300,無,30,50,13:10,52,0.865,9.08,472.0,-480.0,1.28,-8.0,20.7
long,300,無,30,50,13:20,52,0.865,7.79,405.0,-559.0,1.23,-11.6,20.9
long,300,無,30,50,13:30,52,0.865,2.42,126.0,-573.0,1.06,-16.1,15.0
long,300,無,30,50,13:44,52,0.865,-0.62,-32.0,-605.0,0.99,-17.6,10.9
long,300,無,30,75,12:00,52,0.808,4.63,241.0,-809.0,1.09,-48.3,40.5
long,300,無,30,75,12:30,52,0.808,9.65,502.0,-731.0,1.2,-37.8,41.8
long,300,無,30,75,13:00,52,0.788,11.87,617.0,-496.0,1.26,-30.5,40.5
long,300,無,30,75,13:10,52,0.808,11.79,613.0,-480.0,1.25,-34.7,43.3
long,300,無,30,75,13:20,52,0.808,9.63,501.0,-559.0,1.2,-40.3,43.5
long,300,無,30,75,13:30,52,0.808,3.29,171.0,-573.0,1.06,-47.3,37.5
long,300,無,30,75,13:44,52,0.808,-1.87,-97.0,-605.0,0.97,-54.0,33.5
long,300,無,30,100,12:00,52,0.769,13.46,700.0,-809.0,1.24,-34.0,45.6
long,300,無,30,100,12:30,52,0.769,21.1,1097.0,-731.0,1.41,-22.5,50.6
long,300,無,30,100,13:00,52,0.75,23.35,1214.0,-496.0,1.47,-21.6,53.8
long,300,無,30,100,13:10,52,0.788,24.13,1255.0,-480.0,1.47,-22.0,55.4
long,300,無,30,100,13:20,52,0.788,22.15,1152.0,-559.0,1.41,-27.7,55.9
long,300,無,30,100,13:30,52,0.769,15.06,783.0,-573.0,1.25,-35.6,49.4
long,300,無,30,100,13:44,52,0.788,12.35,642.0,-605.0,1.19,-40.5,48.2
long,300,無,30,150,12:00,52,0.635,-13.87,-721.0,-1014.0,0.85,-25.1,-6.2
long,300,無,30,150,12:30,52,0.615,-18.04,-938.0,-1088.0,0.82,-12.5,-21.8
long,300,無,30,150,13:00,52,0.596,-31.46,-1636.0,-1186.0,0.72,-15.0,-42.6
long,300,無,30,150,13:10,52,0.635,-32.88,-1710.0,-1116.0,0.73,-15.8,-44.5
long,300,無,30,150,13:20,52,0.673,-30.62,-1592.0,-1211.0,0.74,-20.5,-37.5
long,300,無,30,150,13:30,52,0.654,-35.19,-1830.0,-1110.0,0.72,-22.4,-43.8
long,300,無,30,150,13:44,52,0.692,-45.1,-2345.0,-1299.0,0.68,-22.4,-60.5
long,300,無,30,200,12:00,52,0.558,-23.17,-1205.0,-1014.0,0.78,-14.3,-29.2
long,300,無,30,200,12:30,52,0.558,-30.35,-1578.0,-1088.0,0.75,-8.8,-45.0
long,300,無,30,200,13:00,52,0.519,-50.85,-2644.0,-1186.0,0.64,-11.7,-77.4
long,300,無,30,200,13:10,52,0.558,-54.33,-2825.0,-1116.0,0.63,-13.0,-82.3
long,300,無,30,200,13:20,52,0.577,-58.31,-3032.0,-1211.0,0.61,-16.0,-87.0
long,300,無,30,200,13:30,52,0.558,-66.88,-3478.0,-1110.0,0.58,-23.2,-96.5
long,300,無,30,200,13:44,52,0.577,-77.54,-4032.0,-1299.0,0.55,-20.6,-116.1
long,300,無,30,250,12:00,52,0.519,-27.04,-1406.0,-1014.0,0.75,-50.1,-11.4
long,300,無,30,250,12:30,52,0.519,-31.83,-1655.0,-1088.0,0.74,-37.7,-27.9
long,300,無,30,250,13:00,52,0.5,-50.56,-2629.0,-1186.0,0.65,-31.3,-63.6
long,300,無,30,250,13:10,52,0.538,-53.37,-2775.0,-1116.0,0.64,-36.2,-65.0
long,300,無,30,250,13:20,52,0.538,-55.81,-2902.0,-1211.0,0.63,-43.6,-64.1
long,300,無,30,250,13:30,52,0.519,-66.37,-3451.0,-1110.0,0.6,-57.7,-72.3
long,300,無,30,250,13:44,52,0.538,-77.54,-4032.0,-1299.0,0.56,-56.3,-91.9
long,300,無,40,50,12:00,54,0.852,-3.28,-177.0,-819.0,0.92,-44.7,25.2
long,300,無,40,50,12:30,54,0.87,3.81,206.0,-741.0,1.1,-29.0,26.4
long,300,無,40,50,13:00,54,0.87,9.35,505.0,-506.0,1.29,-13.8,25.3
long,300,無,40,50,13:10,54,0.87,8.52,460.0,-490.0,1.26,-9.5,20.9
long,300,無,40,50,13:20,54,0.87,7.85,424.0,-569.0,1.23,-11.5,21.1
long,300,無,40,50,13:30,54,0.87,4.0,216.0,-583.0,1.11,-12.5,15.4
long,300,無,40,50,13:44,54,0.87,-1.46,-79.0,-615.0,0.97,-20.2,11.4
long,300,無,40,75,12:00,54,0.815,8.48,458.0,-819.0,1.18,-46.4,46.2
long,300,無,40,75,12:30,54,0.833,14.59,788.0,-741.0,1.32,-35.5,49.0
long,300,無,40,75,13:00,54,0.815,16.8,907.0,-506.0,1.39,-28.5,47.9
long,300,無,40,75,13:10,54,0.815,12.57,679.0,-490.0,1.27,-32.5,43.6
long,300,無,40,75,13:20,54,0.815,10.5,567.0,-569.0,1.21,-37.9,43.8
long,300,無,40,75,13:30,54,0.815,4.39,237.0,-583.0,1.08,-44.5,38.0
long,300,無,40,75,13:44,54,0.815,-0.57,-31.0,-615.0,0.99,-51.0,34.1
long,300,無,40,100,12:00,54,0.759,7.72,417.0,-819.0,1.12,-31.6,34.8
long,300,無,40,100,12:30,54,0.778,11.48,620.0,-741.0,1.18,-20.2,33.2
long,300,無,40,100,13:00,54,0.741,6.28,339.0,-824.0,1.09,-19.3,23.9
long,300,無,40,100,13:10,54,0.759,-1.76,-95.0,-905.0,0.98,-19.7,10.6
long,300,無,40,100,13:20,54,0.759,-1.2,-65.0,-873.0,0.98,-25.2,15.3
long,300,無,40,100,13:30,54,0.741,-13.28,-717.0,-1120.0,0.85,-32.7,0.1
long,300,無,40,100,13:44,54,0.759,-18.39,-993.0,-1309.0,0.8,-37.4,-5.3
long,300,無,40,150,12:00,54,0.648,-8.67,-468.0,-1024.0,0.9,-25.5,2.9
long,300,無,40,150,12:30,54,0.648,-11.65,-629.0,-1098.0,0.88,-20.8,-5.4
long,300,無,40,150,13:00,54,0.593,-24.67,-1332.0,-1196.0,0.77,-26.5,-23.4
long,300,無,40,150,13:10,54,0.648,-24.3,-1312.0,-1126.0,0.78,-23.5,-24.9
long,300,無,40,150,13:20,54,0.667,-21.69,-1171.0,-1221.0,0.8,-27.6,-17.6
long,300,無,40,150,13:30,54,0.667,-27.09,-1463.0,-1120.0,0.77,-35.8,-21.1
long,300,無,40,150,13:44,54,0.704,-33.46,-1807.0,-1309.0,0.74,-32.3,-34.3
long,300,無,40,200,12:00,54,0.537,-25.5,-1377.0,-1024.0,0.75,-21.5,-28.3
long,300,無,40,200,12:30,54,0.593,-26.94,-1455.0,-1098.0,0.77,-12.0,-37.2
long,300,無,40,200,13:00,54,0.519,-40.85,-2206.0,-1196.0,0.7,-9.9,-62.2
long,300,無,40,200,13:10,54,0.593,-42.04,-2270.0,-1126.0,0.7,-11.6,-62.9
long,300,無,40,200,13:20,54,0.593,-45.2,-2441.0,-1221.0,0.68,-14.5,-66.3
long,300,無,40,200,13:30,54,0.593,-52.09,-2813.0,-1120.0,0.65,-21.0,-73.5
long,300,無,40,200,13:44,54,0.611,-59.65,-3221.0,-1309.0,0.63,-20.4,-86.6
long,300,無,40,250,12:00,54,0.5,-30.7,-1658.0,-1024.0,0.72,-38.4,-25.4
long,300,無,40,250,12:30,54,0.537,-35.09,-1895.0,-1098.0,0.72,-19.0,-46.2
long,300,無,40,250,13:00,54,0.5,-47.13,-2545.0,-1196.0,0.67,-10.9,-72.1
long,300,無,40,250,13:10,54,0.574,-45.72,-2469.0,-1126.0,0.69,-14.4,-67.2
long,300,無,40,250,13:20,54,0.556,-46.09,-2489.0,-1221.0,0.69,-22.2,-62.5
long,300,無,40,250,13:30,54,0.556,-53.81,-2906.0,-1120.0,0.66,-29.0,-70.8
long,300,無,40,250,13:44,54,0.574,-63.87,-3449.0,-1309.0,0.63,-30.2,-87.0
long,300,無,50,50,12:00,56,0.893,16.02,897.0,-829.0,1.6,-20.3,41.3
long,300,無,50,50,12:30,56,0.929,18.16,1017.0,-751.0,1.69,-12.3,39.4
long,300,無,50,50,13:00,56,0.929,23.32,1306.0,-516.0,2.1,1.7,38.4
long,300,無,50,50,13:10,56,0.929,22.55,1263.0,-500.0,2.02,-0.1,38.4
long,300,無,50,50,13:20,56,0.929,22.62,1267.0,-579.0,2.03,0.0,38.4
long,300,無,50,50,13:30,56,0.929,22.39,1254.0,-593.0,2.01,-1.3,38.9
long,300,無,50,50,13:44,56,0.929,19.27,1079.0,-625.0,1.76,-5.5,36.5
long,300,無,50,75,12:00,56,0.786,3.88,217.0,-829.0,1.07,-42.0,35.9
long,300,無,50,75,12:30,56,0.821,12.18,682.0,-751.0,1.26,-30.8,42.2
long,300,無,50,75,13:00,56,0.804,12.5,700.0,-516.0,1.27,-27.3,40.2
long,300,無,50,75,13:10,56,0.804,11.23,629.0,-500.0,1.24,-22.1,34.5
long,300,無,50,75,13:20,56,0.804,10.21,572.0,-579.0,1.21,-24.9,34.7
long,300,無,50,75,13:30,56,0.804,3.57,200.0,-593.0,1.06,-32.2,28.5
long,300,無,50,75,13:44,56,0.821,-0.3,-17.0,-625.0,0.99,-40.0,27.4
long,300,無,50,100,12:00,56,0.732,-10.23,-573.0,-1034.0,0.87,-25.7,0.6
long,300,無,50,100,12:30,56,0.768,-7.2,-403.0,-1108.0,0.91,-13.4,-2.8
long,300,無,50,100,13:00,56,0.75,-12.84,-719.0,-1206.0,0.85,-9.9,-14.9
long,300,無,50,100,13:10,56,0.75,-17.07,-956.0,-1136.0,0.81,-4.7,-25.7
long,300,無,50,100,13:20,56,0.75,-17.23,-965.0,-1231.0,0.81,-7.5,-24.0
long,300,無,50,100,13:30,56,0.75,-25.09,-1405.0,-1130.0,0.75,-14.8,-32.2
long,300,無,50,100,13:44,56,0.768,-32.27,-1807.0,-1319.0,0.7,-22.7,-39.0
long,300,無,50,150,12:00,56,0.607,-12.84,-719.0,-1034.0,0.86,-17.3,-9.8
long,300,無,50,150,12:30,56,0.643,-12.98,-727.0,-1108.0,0.87,-11.8,-13.8
long,300,無,50,150,13:00,56,0.625,-18.32,-1026.0,-1206.0,0.83,-14.5,-21.0
long,300,無,50,150,13:10,56,0.661,-15.52,-869.0,-1136.0,0.86,-6.1,-22.1
long,300,無,50,150,13:20,56,0.643,-11.82,-662.0,-1231.0,0.89,-7.7,-14.7
long,300,無,50,150,13:30,56,0.696,-17.09,-957.0,-1130.0,0.85,-15.7,-18.1
long,300,無,50,150,13:44,56,0.714,-25.21,-1412.0,-1319.0,0.8,-17.1,-30.9
long,300,無,50,200,12:00,56,0.536,-23.16,-1297.0,-1034.0,0.78,-18.4,-26.5
long,300,無,50,200,12:30,56,0.589,-25.52,-1429.0,-1108.0,0.78,-9.0,-37.1
long,300,無,50,200,13:00,56,0.536,-40.91,-2291.0,-1206.0,0.69,-6.9,-64.6
long,300,無,50,200,13:10,56,0.589,-40.86,-2288.0,-1136.0,0.7,-8.6,-63.3
long,300,無,50,200,13:20,56,0.554,-41.16,-2305.0,-1231.0,0.7,-11.3,-61.9
long,300,無,50,200,13:30,56,0.607,-47.8,-2677.0,-1130.0,0.68,-17.6,-68.9
long,300,無,50,200,13:44,56,0.607,-55.12,-3087.0,-1319.0,0.65,-17.0,-81.7
long,300,無,50,250,12:00,56,0.482,-32.46,-1818.0,-1034.0,0.7,-35.1,-30.6
long,300,無,50,250,12:30,56,0.536,-32.68,-1830.0,-1108.0,0.74,-14.1,-45.6
long,300,無,50,250,13:00,56,0.518,-45.07,-2524.0,-1206.0,0.68,-6.3,-72.1
long,300,無,50,250,13:10,56,0.554,-46.75,-2618.0,-1136.0,0.68,-9.7,-72.6
long,300,無,50,250,13:20,56,0.5,-48.5,-2716.0,-1231.0,0.68,-17.1,-70.4
long,300,無,50,250,13:30,56,0.554,-54.93,-3076.0,-1130.0,0.65,-23.7,-76.7
long,300,無,50,250,13:44,56,0.554,-66.59,-3729.0,-1319.0,0.61,-24.8,-95.7
long,300,無,60,50,12:00,57,0.877,12.75,727.0,-839.0,1.43,-29.8,41.5
long,300,無,60,50,12:30,57,0.912,15.39,877.0,-761.0,1.54,-20.5,39.7
long,300,無,60,50,13:00,57,0.912,18.58,1059.0,-526.0,1.74,-11.1,38.7
long,300,無,60,50,13:10,57,0.912,16.33,931.0,-510.0,1.59,-16.7,38.6
long,300,無,60,50,13:20,57,0.912,16.75,955.0,-589.0,1.62,-15.6,38.6
long,300,無,60,50,13:30,57,0.912,14.84,846.0,-603.0,1.51,-21.1,39.2
long,300,無,60,50,13:44,57,0.912,12.46,710.0,-635.0,1.4,-23.7,36.9
long,300,無,60,75,12:00,57,0.789,4.44,253.0,-839.0,1.08,-45.1,37.9
long,300,無,60,75,12:30,57,0.825,11.67,665.0,-761.0,1.24,-33.4,42.2
long,300,無,60,75,13:00,57,0.807,11.98,683.0,-526.0,1.26,-29.9,40.3
long,300,無,60,75,13:10,57,0.807,10.74,612.0,-510.0,1.22,-24.7,34.7
long,300,無,60,75,13:20,57,0.807,9.74,555.0,-589.0,1.2,-27.5,34.9
long,300,無,60,75,13:30,57,0.807,3.21,183.0,-603.0,1.06,-34.8,28.9
long,300,無,60,75,13:44,57,0.825,-0.6,-34.0,-635.0,0.99,-42.7,27.9
long,300,無,60,100,12:00,57,0.702,-15.0,-855.0,-1044.0,0.82,-32.6,-3.1
long,300,無,60,100,12:30,57,0.737,-12.68,-723.0,-1118.0,0.85,-20.3,-7.5
long,300,無,60,100,13:00,57,0.719,-17.51,-998.0,-1216.0,0.8,-17.9,-17.2
long,300,無,60,100,13:10,57,0.737,-19.56,-1115.0,-1146.0,0.79,-13.3,-23.8
long,300,無,60,100,13:20,57,0.737,-19.33,-1102.0,-1241.0,0.79,-15.1,-22.2
long,300,無,60,100,13:30,57,0.754,-25.14,-1433.0,-1140.0,0.75,-17.7,-30.2
long,300,無,60,100,13:44,57,0.772,-32.09,-1829.0,-1329.0,0.7,-25.3,-36.7
long,300,無,60,150,12:00,57,0.579,-22.89,-1305.0,-1044.0,0.78,-23.5,-22.5
long,300,無,60,150,12:30,57,0.614,-30.58,-1743.0,-1118.0,0.73,-16.6,-40.0
long,300,無,60,150,13:00,57,0.596,-40.18,-2290.0,-1216.0,0.68,-19.3,-54.3
long,300,無,60,150,13:10,57,0.649,-36.82,-2099.0,-1146.0,0.7,-10.9,-54.4
long,300,無,60,150,13:20,57,0.614,-36.91,-2104.0,-1241.0,0.7,-12.4,-53.5
long,300,無,60,150,13:30,57,0.649,-42.35,-2414.0,-1140.0,0.68,-20.4,-57.2
long,300,無,60,150,13:44,57,0.667,-49.4,-2816.0,-1329.0,0.65,-21.9,-68.0
long,300,無,60,200,12:00,57,0.509,-24.54,-1399.0,-1044.0,0.77,-24.5,-24.6
long,300,無,60,200,12:30,57,0.579,-26.51,-1511.0,-1118.0,0.77,-14.6,-34.6
long,300,無,60,200,13:00,57,0.544,-41.46,-2363.0,-1216.0,0.69,-12.6,-61.0
long,300,無,60,200,13:10,57,0.596,-41.4,-2360.0,-1146.0,0.7,-14.3,-59.8
long,300,無,60,200,13:20,57,0.561,-41.35,-2357.0,-1241.0,0.7,-17.0,-57.8
long,300,無,60,200,13:30,57,0.596,-47.88,-2729.0,-1140.0,0.68,-23.2,-64.6
long,300,無,60,200,13:44,57,0.596,-55.07,-3139.0,-1329.0,0.65,-22.7,-77.0
long,300,無,60,250,12:00,57,0.456,-33.51,-1910.0,-1044.0,0.7,-41.7,-28.0
long,300,無,60,250,12:30,57,0.526,-33.19,-1892.0,-1118.0,0.74,-19.7,-42.3
long,300,無,60,250,13:00,57,0.526,-45.37,-2586.0,-1216.0,0.68,-12.0,-68.0
long,300,無,60,250,13:10,57,0.561,-47.02,-2680.0,-1146.0,0.68,-15.3,-68.4
long,300,無,60,250,13:20,57,0.509,-48.21,-2748.0,-1241.0,0.68,-22.8,-65.4
long,300,無,60,250,13:30,57,0.544,-54.35,-3098.0,-1140.0,0.66,-29.3,-71.3
long,300,無,60,250,13:44,57,0.544,-65.81,-3751.0,-1329.0,0.62,-30.5,-89.7
long,300,無,70,50,12:00,59,0.814,-11.14,-657.0,-844.0,0.78,-50.6,15.9
long,300,無,70,50,12:30,59,0.847,-2.08,-123.0,-766.0,0.95,-34.4,20.1
long,300,無,70,50,13:00,59,0.847,0.68,40.0,-531.0,1.02,-24.9,18.2
long,300,無,70,50,13:10,59,0.847,-2.36,-139.0,-515.0,0.95,-24.5,12.8
long,300,無,70,50,13:20,59,0.847,-2.63,-155.0,-594.0,0.94,-25.5,13.0
long,300,無,70,50,13:30,59,0.847,-8.12,-479.0,-608.0,0.83,-30.5,7.2
long,300,無,70,50,13:44,59,0.847,-10.95,-646.0,-640.0,0.79,-35.9,6.1
long,300,無,70,75,12:00,59,0.746,-26.2,-1546.0,-1054.0,0.68,-42.9,-14.8
long,300,無,70,75,12:30,59,0.78,-24.9,-1469.0,-1128.0,0.69,-31.3,-20.5
long,300,無,70,75,13:00,59,0.763,-30.25,-1785.0,-1226.0,0.65,-27.9,-31.9
long,300,無,70,75,13:10,59,0.763,-34.27,-2022.0,-1156.0,0.62,-23.0,-42.0
long,300,無,70,75,13:20,59,0.763,-34.42,-2031.0,-1251.0,0.62,-25.6,-40.5
long,300,無,70,75,13:30,59,0.763,-41.88,-2471.0,-1150.0,0.57,-32.6,-48.2
long,300,無,70,75,13:44,59,0.763,-48.69,-2873.0,-1339.0,0.53,-40.1,-54.6
long,300,無,70,100,12:00,59,0.661,-19.95,-1177.0,-1054.0,0.76,-35.2,-9.5
long,300,無,70,100,12:30,59,0.712,-17.83,-1052.0,-1128.0,0.79,-22.5,-14.7
long,300,無,70,100,13:00,59,0.712,-21.75,-1283.0,-1226.0,0.76,-18.2,-24.2
long,300,無,70,100,13:10,59,0.746,-19.97,-1178.0,-1156.0,0.78,-14.9,-23.5
long,300,無,70,100,13:20,59,0.746,-18.85,-1112.0,-1251.0,0.79,-16.5,-20.5
long,300,無,70,100,13:30,59,0.763,-23.81,-1405.0,-1150.0,0.76,-17.4,-28.2
long,300,無,70,100,13:44,59,0.763,-29.75,-1755.0,-1339.0,0.72,-22.7,-34.6
long,300,無,70,150,12:00,59,0.576,-22.08,-1303.0,-1054.0,0.78,-23.2,-21.3
long,300,無,70,150,12:30,59,0.61,-30.02,-1771.0,-1128.0,0.73,-17.8,-38.4
long,300,無,70,150,13:00,59,0.61,-37.88,-2235.0,-1226.0,0.69,-17.8,-51.7
long,300,無,70,150,13:10,59,0.644,-36.24,-2138.0,-1156.0,0.71,-13.7,-51.7
long,300,無,70,150,13:20,59,0.627,-35.64,-2103.0,-1251.0,0.71,-13.9,-50.6
long,300,無,70,150,13:30,59,0.661,-40.42,-2385.0,-1150.0,0.69,-20.4,-54.2
long,300,無,70,150,13:44,59,0.661,-47.03,-2775.0,-1339.0,0.66,-21.2,-64.7
long,300,無,70,200,12:00,59,0.492,-23.68,-1397.0,-1054.0,0.78,-25.0,-22.8
long,300,無,70,200,12:30,59,0.576,-24.56,-1449.0,-1128.0,0.79,-13.4,-32.2
long,300,無,70,200,13:00,59,0.559,-39.88,-2353.0,-1226.0,0.7,-12.7,-58.5
long,300,無,70,200,13:10,59,0.593,-39.46,-2328.0,-1156.0,0.71,-14.8,-56.4
long,300,無,70,200,13:20,59,0.576,-39.78,-2347.0,-1251.0,0.71,-17.9,-54.8
long,300,無,70,200,13:30,59,0.61,-45.81,-2703.0,-1150.0,0.69,-24.4,-60.5
long,300,無,70,200,13:44,59,0.593,-53.37,-3149.0,-1339.0,0.66,-25.4,-72.6
long,300,無,70,250,12:00,59,0.441,-32.17,-1898.0,-1054.0,0.71,-41.8,-25.5
long,300,無,70,250,12:30,59,0.525,-30.68,-1810.0,-1128.0,0.75,-18.3,-39.1
long,300,無,70,250,13:00,59,0.542,-42.95,-2534.0,-1226.0,0.7,-12.1,-64.1
long,300,無,70,250,13:10,59,0.559,-44.71,-2638.0,-1156.0,0.69,-15.8,-64.5
long,300,無,70,250,13:20,59,0.525,-45.64,-2693.0,-1251.0,0.69,-23.4,-60.9
long,300,無,70,250,13:30,59,0.559,-52.69,-3109.0,-1150.0,0.67,-30.3,-68.1
long,300,無,70,250,13:44,59,0.542,-63.95,-3773.0,-1339.0,0.63,-32.9,-85.3
long,300,無,80,50,12:00,63,0.825,-8.68,-547.0,-844.0,0.82,-52.8,18.5
long,300,無,80,50,12:30,63,0.857,-0.33,-21.0,-766.0,0.99,-36.9,22.2
long,300,無,80,50,13:00,63,0.841,0.11,7.0,-531.0,1.0,-33.0,20.5
long,300,無,80,50,13:10,63,0.841,-1.48,-93.0,-515.0,0.96,-29.3,15.7
long,300,無,80,50,13:20,63,0.841,-1.75,-110.0,-594.0,0.96,-30.3,15.8
long,300,無,80,50,13:30,63,0.841,-7.19,-453.0,-608.0,0.85,-36.1,10.6
long,300,無,80,50,13:44,63,0.841,-9.24,-582.0,-640.0,0.81,-40.0,9.7
long,300,無,80,75,12:00,63,0.762,-12.68,-799.0,-1064.0,0.81,-48.5,9.4
long,300,無,80,75,12:30,63,0.81,-5.68,-358.0,-1138.0,0.91,-36.9,13.5
long,300,無,80,75,13:00,63,0.794,-7.38,-465.0,-1236.0,0.89,-34.6,9.4
long,300,無,80,75,13:10,63,0.794,-7.59,-478.0,-1166.0,0.88,-30.2,6.3
long,300,無,80,75,13:20,63,0.794,-9.65,-608.0,-1261.0,0.86,-32.0,4.1
long,300,無,80,75,13:30,63,0.81,-10.4,-655.0,-1046.0,0.85,-34.4,4.4
long,300,無,80,75,13:44,63,0.81,-14.63,-922.0,-1096.0,0.8,-41.9,2.1
long,300,無,80,100,12:00,63,0.683,-14.65,-923.0,-1064.0,0.82,-45.6,4.4
long,300,無,80,100,12:30,63,0.73,-12.7,-800.0,-1138.0,0.85,-33.7,0.2
long,300,無,80,100,13:00,63,0.73,-20.49,-1291.0,-1236.0,0.77,-33.2,-12.7
long,300,無,80,100,13:10,63,0.746,-20.81,-1311.0,-1166.0,0.77,-28.6,-16.0
long,300,無,80,100,13:20,63,0.73,-23.81,-1500.0,-1261.0,0.75,-30.5,-19.7
long,300,無,80,100,13:30,63,0.746,-27.32,-1721.0,-1160.0,0.72,-32.2,-24.3
long,300,無,80,100,13:44,63,0.746,-36.62,-2307.0,-1349.0,0.67,-35.4,-37.4
long,300,無,80,150,12:00,63,0.603,-17.0,-1071.0,-1064.0,0.83,-27.8,-10.3
long,300,無,80,150,12:30,63,0.635,-23.3,-1468.0,-1138.0,0.78,-22.1,-24.1
long,300,無,80,150,13:00,63,0.635,-29.41,-1853.0,-1236.0,0.75,-22.0,-33.9
long,300,無,80,150,13:10,63,0.667,-27.87,-1756.0,-1166.0,0.76,-17.9,-34.0
long,300,無,80,150,13:20,63,0.651,-28.59,-1801.0,-1261.0,0.76,-18.1,-35.0
long,300,無,80,150,13:30,63,0.651,-37.37,-2354.0,-1160.0,0.71,-24.6,-45.2
long,300,無,80,150,13:44,63,0.651,-41.32,-2603.0,-1349.0,0.69,-25.5,-51.1
long,300,無,80,200,12:00,63,0.508,-18.59,-1171.0,-1064.0,0.82,-30.5,-11.3
long,300,無,80,200,12:30,63,0.587,-21.62,-1362.0,-1138.0,0.81,-18.5,-23.5
long,300,無,80,200,13:00,63,0.571,-39.78,-2506.0,-1236.0,0.71,-17.8,-53.3
long,300,無,80,200,13:10,63,0.603,-39.41,-2483.0,-1166.0,0.71,-19.8,-51.5
long,300,無,80,200,13:20,63,0.587,-40.32,-2540.0,-1261.0,0.71,-23.0,-51.0
long,300,無,80,200,13:30,63,0.603,-46.81,-2949.0,-1160.0,0.68,-29.5,-57.5
long,300,無,80,200,13:44,63,0.587,-54.03,-3404.0,-1349.0,0.66,-30.5,-68.5
long,300,無,80,250,12:00,63,0.46,-24.11,-1519.0,-1064.0,0.78,-47.8,-9.6
long,300,無,80,250,12:30,63,0.556,-21.87,-1378.0,-1138.0,0.82,-23.4,-20.9
long,300,無,80,250,13:00,63,0.571,-31.0,-1953.0,-1236.0,0.77,-17.2,-39.5
long,300,無,80,250,13:10,63,0.587,-32.83,-2068.0,-1166.0,0.76,-20.9,-40.2
long,300,無,80,250,13:20,63,0.556,-34.24,-2157.0,-1261.0,0.76,-28.5,-37.8
long,300,無,80,250,13:30,63,0.571,-40.14,-2529.0,-1160.0,0.73,-35.4,-43.1
long,300,無,80,250,13:44,63,0.556,-49.33,-3108.0,-1349.0,0.7,-38.0,-56.3
long,300,無,90,50,12:00,64,0.859,0.47,30.0,-844.0,1.01,-50.8,33.3
long,300,無,90,50,12:30,64,0.891,7.28,466.0,-766.0,1.21,-35.1,34.4
long,300,無,90,50,13:00,64,0.875,7.73,495.0,-531.0,1.23,-31.4,32.8
long,300,無,90,50,13:10,64,0.875,8.34,534.0,-515.0,1.25,-27.8,31.5
long,300,無,90,50,13:20,64,0.875,7.97,510.0,-594.0,1.23,-28.8,31.5
long,300,無,90,50,13:30,64,0.875,5.77,369.0,-608.0,1.16,-34.4,31.5
long,300,無,90,50,13:44,64,0.875,4.5,288.0,-640.0,1.12,-38.0,31.8
long,300,無,90,75,12:00,64,0.766,-16.86,-1079.0,-1074.0,0.77,-46.0,1.8
long,300,無,90,75,12:30,64,0.812,-14.33,-917.0,-1148.0,0.8,-34.5,-1.4
long,300,無,90,75,13:00,64,0.797,-18.0,-1152.0,-1246.0,0.76,-32.3,-8.8
long,300,無,90,75,13:10,64,0.797,-18.34,-1174.0,-1176.0,0.76,-28.1,-12.1
long,300,無,90,75,13:20,64,0.797,-20.66,-1322.0,-1271.0,0.74,-29.8,-14.8
long,300,無,90,75,13:30,64,0.812,-22.94,-1468.0,-1170.0,0.72,-32.1,-17.1
long,300,無,90,75,13:44,64,0.812,-30.64,-1961.0,-1359.0,0.66,-38.9,-25.4
long,300,無,90,100,12:00,64,0.719,-8.44,-540.0,-1074.0,0.89,-46.8,16.2
long,300,無,90,100,12:30,64,0.75,-9.05,-579.0,-1148.0,0.89,-40.9,11.4
long,300,無,90,100,13:00,64,0.75,-18.5,-1184.0,-1246.0,0.79,-43.4,-2.6
long,300,無,90,100,13:10,64,0.734,-18.77,-1201.0,-1176.0,0.79,-35.6,-7.9
long,300,無,90,100,13:20,64,0.719,-22.36,-1431.0,-1271.0,0.76,-37.0,-12.9
long,300,無,90,100,13:30,64,0.75,-25.69,-1644.0,-1170.0,0.74,-44.4,-13.7
long,300,無,90,100,13:44,64,0.75,-34.39,-2201.0,-1359.0,0.68,-44.3,-28.0
long,300,無,90,150,12:00,64,0.609,-18.58,-1189.0,-1074.0,0.81,-35.1,-8.0
long,300,無,90,150,12:30,64,0.641,-22.91,-1466.0,-1148.0,0.79,-27.1,-20.2
long,300,無,90,150,13:00,64,0.641,-30.89,-1977.0,-1246.0,0.74,-29.6,-31.7
long,300,無,90,150,13:10,64,0.641,-34.02,-2177.0,-1176.0,0.72,-30.7,-36.1
long,300,無,90,150,13:20,64,0.625,-34.83,-2229.0,-1271.0,0.72,-33.2,-35.9
long,300,無,90,150,13:30,64,0.656,-42.67,-2731.0,-1170.0,0.68,-39.3,-44.8
long,300,無,90,150,13:44,64,0.656,-44.58,-2853.0,-1359.0,0.67,-37.1,-49.4
long,300,無,90,200,12:00,64,0.516,-24.64,-1577.0,-1074.0,0.77,-31.4,-20.3
long,300,無,90,200,12:30,64,0.578,-29.7,-1901.0,-1148.0,0.75,-17.4,-37.6
long,300,無,90,200,13:00,64,0.594,-38.05,-2435.0,-1246.0,0.72,-13.9,-53.5
long,300,無,90,200,13:10,64,0.594,-38.56,-2468.0,-1176.0,0.72,-15.9,-53.1
long,300,無,90,200,13:20,64,0.578,-38.59,-2470.0,-1271.0,0.72,-18.9,-51.2
long,300,無,90,200,13:30,64,0.609,-44.62,-2856.0,-1170.0,0.7,-25.2,-57.1
long,300,無,90,200,13:44,64,0.594,-53.17,-3403.0,-1359.0,0.66,-26.1,-70.5
long,300,無,90,250,12:00,64,0.484,-24.8,-1587.0,-1074.0,0.77,-48.4,-9.7
long,300,無,90,250,12:30,64,0.547,-25.39,-1625.0,-1148.0,0.79,-23.8,-26.4
long,300,無,90,250,13:00,64,0.578,-36.44,-2332.0,-1246.0,0.73,-18.9,-47.7
long,300,無,90,250,13:10,64,0.547,-41.06,-2628.0,-1176.0,0.71,-25.7,-50.9
long,300,無,90,250,13:20,64,0.516,-45.75,-2928.0,-1271.0,0.69,-37.9,-50.8
long,300,無,90,250,13:30,64,0.547,-51.81,-3316.0,-1170.0,0.67,-43.8,-57.0
long,300,無,90,250,13:44,64,0.531,-64.11,-4103.0,-1359.0,0.63,-47.0,-75.1
long,300,無,100,50,12:00,70,0.9,10.36,725.0,-844.0,1.32,-41.4,42.9
long,300,無,100,50,12:30,70,0.914,14.4,1008.0,-766.0,1.49,-28.6,41.4
long,300,無,100,50,13:00,70,0.914,17.16,1201.0,-531.0,1.64,-20.2,40.6
long,300,無,100,50,13:10,70,0.914,17.29,1210.0,-515.0,1.65,-19.9,40.6
long,300,無,100,50,13:20,70,0.914,16.96,1187.0,-594.0,1.63,-20.7,40.6
long,300,無,100,50,13:30,70,0.914,15.5,1085.0,-608.0,1.55,-25.1,41.0
long,300,無,100,50,13:44,70,0.914,12.53,877.0,-640.0,1.4,-30.0,39.2
long,300,無,100,75,12:00,70,0.786,-7.81,-547.0,-1084.0,0.88,-46.2,16.3
long,300,無,100,75,12:30,70,0.814,-6.71,-470.0,-1158.0,0.9,-35.1,11.1
long,300,無,100,75,13:00,70,0.814,-10.04,-703.0,-1256.0,0.86,-34.1,5.1
long,300,無,100,75,13:10,70,0.814,-9.23,-646.0,-1186.0,0.87,-29.1,3.2
long,300,無,100,75,13:20,70,0.814,-10.77,-754.0,-1281.0,0.85,-29.1,0.8
long,300,無,100,75,13:30,70,0.829,-12.33,-863.0,-1180.0,0.83,-30.7,-0.8
long,300,無,100,75,13:44,70,0.829,-20.59,-1441.0,-1369.0,0.75,-36.8,-10.4
long,300,無,100,100,12:00,70,0.729,-1.0,-70.0,-1084.0,0.99,-42.4,25.0
long,300,無,100,100,12:30,70,0.743,-3.0,-210.0,-1158.0,0.96,-35.6,17.4
long,300,無,100,100,13:00,70,0.771,-6.53,-457.0,-1256.0,0.92,-38.3,13.4
long,300,無,100,100,13:10,70,0.757,-6.19,-433.0,-1186.0,0.92,-31.4,9.7
long,300,無,100,100,13:20,70,0.757,-9.5,-665.0,-1281.0,0.89,-32.8,5.1
long,300,無,100,100,13:30,70,0.771,-12.61,-883.0,-1180.0,0.85,-40.6,4.9
long,300,無,100,100,13:44,70,0.786,-21.74,-1522.0,-1369.0,0.78,-40.2,-10.1
long,300,無,100,150,12:00,70,0.643,-6.07,-425.0,-1084.0,0.93,-33.8,11.3
long,300,無,100,150,12:30,70,0.657,-8.09,-566.0,-1158.0,0.92,-23.1,1.4
long,300,無,100,150,13:00,70,0.671,-16.6,-1162.0,-1256.0,0.85,-27.0,-10.1
long,300,無,100,150,13:10,70,0.643,-22.93,-1605.0,-1186.0,0.8,-28.7,-19.3
long,300,無,100,150,13:20,70,0.657,-23.4,-1638.0,-1281.0,0.8,-31.5,-18.3
long,300,無,100,150,13:30,70,0.686,-27.26,-1908.0,-1180.0,0.77,-38.6,-20.1
long,300,無,100,150,13:44,70,0.7,-30.79,-2155.0,-1369.0,0.76,-36.3,-27.3
long,300,無,100,200,12:00,70,0.529,-13.13,-919.0,-1084.0,0.87,-32.5,-1.0
long,300,無,100,200,12:30,70,0.6,-13.66,-956.0,-1158.0,0.88,-16.3,-12.0
long,300,無,100,200,13:00,70,0.629,-22.83,-1598.0,-1256.0,0.81,-16.0,-27.1
long,300,無,100,200,13:10,70,0.571,-30.76,-2153.0,-1186.0,0.76,-22.0,-36.3
long,300,無,100,200,13:20,70,0.571,-33.27,-2329.0,-1281.0,0.75,-27.6,-36.9
long,300,無,100,200,13:30,70,0.614,-35.1,-2457.0,-1180.0,0.75,-35.6,-34.8
long,300,無,100,200,13:44,70,0.614,-46.24,-3237.0,-1369.0,0.7,-35.8,-52.8
long,300,無,100,250,12:00,70,0.514,-6.76,-473.0,-1084.0,0.93,-46.8,18.4
long,300,無,100,250,12:30,70,0.571,-6.21,-435.0,-1158.0,0.94,-22.6,4.1
long,300,無,100,250,13:00,70,0.614,-14.57,-1020.0,-1256.0,0.88,-16.7,-13.2
long,300,無,100,250,13:10,70,0.557,-22.41,-1569.0,-1186.0,0.83,-23.5,-21.7
long,300,無,100,250,13:20,70,0.543,-26.4,-1848.0,-1281.0,0.81,-33.7,-21.8
long,300,無,100,250,13:30,70,0.571,-32.54,-2278.0,-1180.0,0.78,-41.2,-27.1
long,300,無,100,250,13:44,70,0.571,-45.73,-3201.0,-1369.0,0.71,-42.4,-47.8
long,300,無,110,50,12:00,70,0.843,-5.64,-395.0,-844.0,0.88,-46.2,19.8
long,300,無,110,50,12:30,70,0.871,-3.01,-211.0,-766.0,0.93,-33.4,16.0
long,300,無,110,50,13:00,70,0.871,-2.49,-174.0,-894.0,0.94,-26.0,12.3
long,300,無,110,50,13:10,70,0.871,-4.64,-325.0,-975.0,0.9,-26.0,8.8
long,300,無,110,50,13:20,70,0.871,-4.81,-337.0,-943.0,0.9,-26.1,8.5
long,300,無,110,50,13:30,70,0.886,-9.0,-630.0,-1190.0,0.82,-26.5,2.0
long,300,無,110,50,13:44,70,0.886,-15.96,-1117.0,-1379.0,0.73,-31.1,-6.5
long,300,無,110,75,12:00,70,0.771,-12.81,-897.0,-1094.0,0.81,-48.5,9.6
long,300,無,110,75,12:30,70,0.8,-13.33,-933.0,-1168.0,0.81,-38.3,2.3
long,300,無,110,75,13:00,70,0.786,-21.2,-1484.0,-1266.0,0.73,-39.7,-9.6
long,300,無,110,75,13:10,70,0.786,-21.54,-1508.0,-1196.0,0.73,-34.6,-13.3
long,300,無,110,75,13:20,70,0.786,-25.0,-1750.0,-1291.0,0.7,-36.3,-17.9
long,300,無,110,75,13:30,70,0.8,-26.29,-1840.0,-1190.0,0.69,-39.3,-18.1
long,300,無,110,75,13:44,70,0.8,-37.06,-2594.0,-1379.0,0.61,-43.3,-33.2
long,300,無,110,100,12:00,70,0.714,-12.39,-867.0,-1094.0,0.84,-45.7,8.6
long,300,無,110,100,12:30,70,0.729,-18.53,-1297.0,-1168.0,0.79,-38.9,-5.7
long,300,無,110,100,13:00,70,0.743,-25.7,-1799.0,-1266.0,0.73,-41.6,-15.7
long,300,無,110,100,13:10,70,0.729,-24.69,-1728.0,-1196.0,0.74,-34.8,-18.3
long,300,無,110,100,13:20,70,0.729,-29.84,-2089.0,-1291.0,0.7,-36.1,-25.9
long,300,無,110,100,13:30,70,0.743,-32.89,-2302.0,-1190.0,0.68,-43.9,-26.0
long,300,無,110,100,13:44,70,0.757,-41.27,-2889.0,-1379.0,0.64,-43.6,-39.8
long,300,無,110,150,12:00,70,0.629,-11.77,-824.0,-1094.0,0.88,-35.5,3.1
long,300,無,110,150,12:30,70,0.643,-15.37,-1076.0,-1168.0,0.85,-27.6,-7.7
long,300,無,110,150,13:00,70,0.657,-22.87,-1601.0,-1266.0,0.8,-31.4,-17.5
long,300,無,110,150,13:10,70,0.643,-26.93,-1885.0,-1196.0,0.77,-33.1,-23.0
long,300,無,110,150,13:20,70,0.643,-28.59,-2001.0,-1291.0,0.76,-35.9,-24.0
long,300,無,110,150,13:30,70,0.671,-32.73,-2291.0,-1190.0,0.73,-43.0,-26.3
long,300,無,110,150,13:44,70,0.671,-36.1,-2527.0,-1379.0,0.72,-40.8,-33.2
long,300,無,110,200,12:00,70,0.529,-15.51,-1086.0,-1094.0,0.85,-33.1,-4.5
long,300,無,110,200,12:30,70,0.6,-16.36,-1145.0,-1168.0,0.85,-18.1,-15.2
long,300,無,110,200,13:00,70,0.629,-24.77,-1734.0,-1266.0,0.8,-16.2,-30.2
long,300,無,110,200,13:10,70,0.586,-31.29,-2190.0,-1196.0,0.76,-18.5,-39.3
long,300,無,110,200,13:20,70,0.586,-31.94,-2236.0,-1291.0,0.77,-20.1,-39.3
long,300,無,110,200,13:30,70,0.629,-33.71,-2360.0,-1190.0,0.76,-28.0,-37.3
long,300,無,110,200,13:44,70,0.614,-44.6,-3122.0,-1379.0,0.71,-27.6,-55.3
long,300,無,110,250,12:00,70,0.514,-11.61,-813.0,-1094.0,0.89,-52.7,14.2
long,300,無,110,250,12:30,70,0.571,-10.64,-745.0,-1168.0,0.91,-28.1,0.3
long,300,無,110,250,13:00,70,0.614,-18.86,-1320.0,-1266.0,0.85,-22.3,-16.7
long,300,無,110,250,13:10,70,0.557,-26.7,-1869.0,-1196.0,0.8,-29.1,-25.2
long,300,無,110,250,13:20,70,0.543,-30.64,-2145.0,-1291.0,0.78,-39.3,-25.2
long,300,無,110,250,13:30,70,0.571,-36.79,-2575.0,-1190.0,0.75,-46.8,-30.5
long,300,無,110,250,13:44,70,0.557,-49.83,-3488.0,-1379.0,0.69,-47.6,-51.2
long,300,無,120,50,12:00,70,0.843,-21.66,-1516.0,-1104.0,0.65,-48.0,-5.1
long,300,無,120,50,12:30,70,0.857,-21.34,-1494.0,-1178.0,0.66,-34.9,-12.9
long,300,無,120,50,13:00,70,0.857,-22.21,-1555.0,-1276.0,0.65,-27.4,-18.9
long,300,無,120,50,13:10,70,0.857,-23.37,-1636.0,-1206.0,0.64,-27.5,-20.8
long,300,無,120,50,13:20,70,0.857,-24.9,-1743.0,-1301.0,0.62,-27.6,-23.2
long,300,無,120,50,13:30,70,0.871,-26.01,-1821.0,-1200.0,0.62,-28.0,-24.8
long,300,無,120,50,13:44,70,0.871,-33.54,-2348.0,-1389.0,0.55,-32.2,-34.4
long,300,無,120,75,12:00,70,0.786,-12.59,-881.0,-1104.0,0.82,-51.1,11.6
long,300,無,120,75,12:30,70,0.8,-14.86,-1040.0,-1178.0,0.8,-40.9,1.5
long,300,無,120,75,13:00,70,0.786,-22.73,-1591.0,-1276.0,0.72,-42.3,-10.5
long,300,無,120,75,13:10,70,0.786,-23.07,-1615.0,-1206.0,0.71,-37.2,-14.2
long,300,無,120,75,13:20,70,0.786,-26.53,-1857.0,-1301.0,0.68,-38.9,-18.7
long,300,無,120,75,13:30,70,0.8,-27.81,-1947.0,-1200.0,0.68,-41.9,-19.0
long,300,無,120,75,13:44,70,0.8,-39.01,-2731.0,-1389.0,0.6,-47.0,-34.0
long,300,無,120,100,12:00,70,0.7,-15.37,-1076.0,-1104.0,0.81,-51.0,7.0
long,300,無,120,100,12:30,70,0.729,-21.94,-1536.0,-1178.0,0.75,-45.3,-7.3
long,300,無,120,100,13:00,70,0.743,-28.07,-1965.0,-1276.0,0.71,-45.7,-17.0
long,300,無,120,100,13:10,70,0.714,-28.4,-1988.0,-1206.0,0.71,-42.3,-19.7
long,300,無,120,100,13:20,70,0.729,-33.13,-2319.0,-1301.0,0.68,-42.6,-27.2
long,300,無,120,100,13:30,70,0.743,-35.77,-2504.0,-1200.0,0.66,-49.3,-27.3
long,300,無,120,100,13:44,70,0.757,-43.99,-3079.0,-1389.0,0.62,-48.5,-41.2
long,300,無,120,150,12:00,70,0.614,-13.6,-952.0,-1104.0,0.86,-40.1,3.0
long,300,無,120,150,12:30,70,0.643,-16.81,-1177.0,-1178.0,0.84,-31.8,-7.4
long,300,無,120,150,13:00,70,0.657,-24.94,-1746.0,-1276.0,0.78,-35.6,-18.2
long,300,無,120,150,13:10,70,0.643,-28.84,-2019.0,-1206.0,0.76,-37.3,-23.5
long,300,無,120,150,13:20,70,0.643,-29.73,-2081.0,-1301.0,0.75,-40.1,-23.2
long,300,無,120,150,13:30,70,0.671,-34.27,-2399.0,-1200.0,0.73,-47.2,-26.1
long,300,無,120,150,13:44,70,0.671,-38.67,-2707.0,-1389.0,0.71,-45.0,-34.7
long,300,無,120,200,12:00,70,0.514,-17.46,-1222.0,-1104.0,0.83,-38.4,-4.3
long,300,無,120,200,12:30,70,0.6,-17.77,-1244.0,-1178.0,0.85,-22.7,-14.7
long,300,無,120,200,13:00,70,0.629,-26.67,-1867.0,-1276.0,0.79,-20.7,-30.4
long,300,無,120,200,13:10,70,0.586,-33.03,-2312.0,-1206.0,0.75,-23.1,-39.3
long,300,無,120,200,13:20,70,0.586,-32.84,-2299.0,-1301.0,0.76,-24.7,-38.0
long,300,無,120,200,13:30,70,0.629,-35.9,-2513.0,-1200.0,0.75,-32.6,-38.0
long,300,無,120,200,13:44,70,0.614,-47.64,-3335.0,-1389.0,0.69,-32.1,-57.4
long,300,無,120,250,12:00,70,0.5,-16.56,-1159.0,-1104.0,0.84,-58.4,9.7
long,300,無,120,250,12:30,70,0.571,-14.69,-1028.0,-1178.0,0.87,-33.4,-2.9
long,300,無,120,250,13:00,70,0.614,-22.76,-1593.0,-1276.0,0.82,-27.6,-19.7
long,300,無,120,250,13:10,70,0.557,-30.6,-2142.0,-1206.0,0.78,-34.4,-28.2
long,300,無,120,250,13:20,70,0.543,-34.54,-2418.0,-1301.0,0.76,-44.6,-28.3
long,300,無,120,250,13:30,70,0.571,-40.69,-2848.0,-1200.0,0.73,-52.1,-33.5
long,300,無,120,250,13:44,70,0.557,-53.76,-3763.0,-1389.0,0.68,-53.0,-54.2
long,300,無,130,50,12:00,74,0.838,-21.26,-1573.0,-1114.0,0.65,-46.1,-4.3
long,300,無,130,50,12:30,74,0.851,-21.2,-1569.0,-1188.0,0.66,-34.8,-11.9
long,300,無,130,50,13:00,74,0.838,-23.27,-1722.0,-1286.0,0.63,-31.2,-17.9
long,300,無,130,50,13:10,74,0.838,-23.95,-1772.0,-1216.0,0.63,-30.2,-19.7
long,300,無,130,50,13:20,74,0.838,-25.46,-1884.0,-1311.0,0.61,-30.4,-22.1
long,300,無,130,50,13:30,74,0.851,-26.81,-1984.0,-1210.0,0.6,-31.5,-23.6
long,300,無,130,50,13:44,74,0.851,-33.22,-2458.0,-1399.0,0.55,-33.6,-33.0
long,300,無,130,75,12:00,74,0.797,-6.12,-453.0,-1114.0,0.9,-38.6,16.0
long,300,無,130,75,12:30,74,0.811,-9.93,-735.0,-1188.0,0.86,-36.7,8.3
long,300,無,130,75,13:00,74,0.811,-11.64,-861.0,-1286.0,0.84,-35.8,4.9
long,300,無,130,75,13:10,74,0.811,-10.8,-799.0,-1216.0,0.85,-31.1,3.1
long,300,無,130,75,13:20,74,0.811,-12.73,-942.0,-1311.0,0.82,-32.4,0.7
long,300,無,130,75,13:30,74,0.824,-16.38,-1212.0,-1210.0,0.78,-39.1,-0.9
long,300,無,130,75,13:44,74,0.824,-23.41,-1732.0,-1399.0,0.72,-42.7,-10.2
long,300,無,130,100,12:00,74,0.73,-3.05,-226.0,-1114.0,0.96,-39.4,21.8
long,300,無,130,100,12:30,74,0.743,-5.19,-384.0,-1188.0,0.93,-33.9,14.4
long,300,無,130,100,13:00,74,0.77,-10.34,-765.0,-1286.0,0.88,-34.3,6.0
long,300,無,130,100,13:10,74,0.743,-9.31,-689.0,-1216.0,0.89,-31.3,5.7
long,300,無,130,100,13:20,74,0.743,-13.07,-967.0,-1311.0,0.85,-31.5,-0.5
long,300,無,130,100,13:30,74,0.77,-15.68,-1160.0,-1210.0,0.82,-37.5,-0.8
long,300,無,130,100,13:44,74,0.784,-23.99,-1775.0,-1399.0,0.75,-36.8,-15.2
long,300,無,130,150,12:00,74,0.622,-10.57,-782.0,-1114.0,0.89,-26.7,0.5
long,300,無,130,150,12:30,74,0.622,-17.01,-1259.0,-1188.0,0.84,-22.9,-13.0
long,300,無,130,150,13:00,74,0.662,-27.41,-2028.0,-1286.0,0.77,-23.6,-30.0
long,300,無,130,150,13:10,74,0.649,-31.96,-2365.0,-1216.0,0.74,-27.2,-35.2
long,300,無,130,150,13:20,74,0.635,-32.16,-2380.0,-1311.0,0.73,-28.4,-34.8
long,300,無,130,150,13:30,74,0.676,-37.07,-2743.0,-1210.0,0.71,-33.4,-39.6
long,300,無,130,150,13:44,74,0.676,-43.07,-3187.0,-1399.0,0.68,-32.7,-50.1
long,300,無,130,200,12:00,74,0.541,-13.58,-1005.0,-1114.0,0.86,-28.0,-3.8
long,300,無,130,200,12:30,74,0.595,-13.47,-997.0,-1188.0,0.88,-15.5,-12.1
long,300,無,130,200,13:00,74,0.649,-21.2,-1569.0,-1286.0,0.83,-12.3,-27.2
long,300,無,130,200,13:10,74,0.595,-29.41,-2176.0,-1216.0,0.77,-19.8,-35.9
long,300,無,130,200,13:20,74,0.581,-30.12,-2229.0,-1311.0,0.78,-23.5,-34.6
long,300,無,130,200,13:30,74,0.635,-32.36,-2395.0,-1210.0,0.77,-29.3,-34.4
long,300,無,130,200,13:44,74,0.622,-44.28,-3277.0,-1399.0,0.71,-30.9,-53.4
long,300,無,130,250,12:00,74,0.527,-10.31,-763.0,-1114.0,0.9,-38.9,9.2
long,300,無,130,250,12:30,74,0.568,-8.03,-594.0,-1188.0,0.93,-18.8,-0.7
long,300,無,130,250,13:00,74,0.635,-15.07,-1115.0,-1286.0,0.88,-10.7,-18.0
long,300,無,130,250,13:10,74,0.581,-24.96,-1847.0,-1216.0,0.81,-18.9,-29.1
long,300,無,130,250,13:20,74,0.554,-28.05,-2076.0,-1311.0,0.8,-26.7,-29.0
long,300,無,130,250,13:30,74,0.595,-32.55,-2409.0,-1210.0,0.78,-32.1,-32.9
long,300,無,130,250,13:44,74,0.581,-46.58,-3447.0,-1399.0,0.71,-34.3,-55.0
long,300,無,140,50,12:00,76,0.842,-20.49,-1557.0,-1124.0,0.66,-45.0,-3.6
long,300,無,140,50,12:30,76,0.855,-20.43,-1553.0,-1198.0,0.67,-34.1,-11.0
long,300,無,140,50,13:00,76,0.842,-22.45,-1706.0,-1296.0,0.64,-30.6,-16.8
long,300,無,140,50,13:10,76,0.842,-23.11,-1756.0,-1226.0,0.64,-29.6,-18.6
long,300,無,140,50,13:20,76,0.842,-24.58,-1868.0,-1321.0,0.62,-29.8,-21.0
long,300,無,140,50,13:30,76,0.855,-25.89,-1968.0,-1220.0,0.61,-30.9,-22.4
long,300,無,140,50,13:44,76,0.855,-32.0,-2432.0,-1409.0,0.56,-32.5,-31.6
long,300,無,140,75,12:00,76,0.789,-8.08,-614.0,-1124.0,0.88,-43.9,16.6
long,300,無,140,75,12:30,76,0.803,-10.55,-802.0,-1198.0,0.85,-39.0,9.1
long,300,無,140,75,13:00,76,0.803,-13.86,-1053.0,-1296.0,0.81,-42.6,5.9
long,300,無,140,75,13:10,76,0.803,-12.0,-912.0,-1226.0,0.83,-35.5,4.2
long,300,無,140,75,13:20,76,0.803,-13.89,-1056.0,-1321.0,0.81,-36.7,1.8
long,300,無,140,75,13:30,76,0.816,-17.7,-1345.0,-1220.0,0.77,-43.9,0.3
long,300,無,140,75,13:44,76,0.816,-24.04,-1827.0,-1409.0,0.71,-46.1,-8.8
long,300,無,140,100,12:00,76,0.711,-10.83,-823.0,-1124.0,0.86,-44.0,12.0
long,300,無,140,100,12:30,76,0.724,-11.46,-871.0,-1198.0,0.86,-38.9,7.5
long,300,無,140,100,13:00,76,0.75,-17.55,-1334.0,-1296.0,0.8,-41.3,-1.2
long,300,無,140,100,13:10,76,0.724,-18.87,-1434.0,-1226.0,0.79,-42.5,-2.6
long,300,無,140,100,13:20,76,0.724,-23.26,-1768.0,-1321.0,0.75,-44.5,-8.6
long,300,無,140,100,13:30,76,0.75,-26.03,-1978.0,-1220.0,0.73,-50.3,-9.3
long,300,無,140,100,13:44,76,0.763,-31.95,-2428.0,-1409.0,0.69,-47.1,-21.5
long,300,無,140,150,12:00,76,0.618,-14.66,-1114.0,-1124.0,0.85,-25.3,-7.3
long,300,無,140,150,12:30,76,0.618,-22.95,-1744.0,-1198.0,0.79,-21.3,-24.1
long,300,無,140,150,13:00,76,0.671,-27.26,-2072.0,-1296.0,0.77,-21.9,-30.9
long,300,無,140,150,13:10,76,0.645,-30.89,-2348.0,-1226.0,0.74,-25.5,-34.6
long,300,無,140,150,13:20,76,0.645,-29.92,-2274.0,-1321.0,0.75,-26.5,-32.2
long,300,無,140,150,13:30,76,0.684,-34.7,-2637.0,-1220.0,0.73,-31.4,-37.0
long,300,無,140,150,13:44,76,0.684,-40.54,-3081.0,-1409.0,0.7,-30.8,-47.3
long,300,無,140,200,12:00,76,0.553,-13.96,-1061.0,-1124.0,0.86,-25.9,-5.8
long,300,無,140,200,12:30,76,0.605,-13.83,-1051.0,-1198.0,0.87,-14.4,-13.4
long,300,無,140,200,13:00,76,0.658,-22.09,-1679.0,-1296.0,0.82,-10.9,-29.8
long,300,無,140,200,13:10,76,0.592,-29.54,-2245.0,-1226.0,0.77,-17.5,-37.8
long,300,無,140,200,13:20,76,0.592,-30.43,-2313.0,-1321.0,0.77,-21.6,-36.5
long,300,無,140,200,13:30,76,0.645,-32.11,-2440.0,-1220.0,0.77,-26.5,-36.0
long,300,無,140,200,13:44,76,0.632,-41.68,-3168.0,-1409.0,0.72,-28.0,-51.1
long,300,無,140,250,12:00,76,0.539,-7.92,-602.0,-1124.0,0.92,-35.3,11.0
long,300,無,140,250,12:30,76,0.579,-7.97,-606.0,-1198.0,0.93,-22.0,1.7
long,300,無,140,250,13:00,76,0.645,-13.2,-1003.0,-1296.0,0.89,-10.9,-14.8
long,300,無,140,250,13:10,76,0.579,-23.28,-1769.0,-1226.0,0.82,-19.9,-25.6
long,300,無,140,250,13:20,76,0.566,-26.25,-1995.0,-1321.0,0.81,-27.4,-25.5
long,300,無,140,250,13:30,76,0.605,-29.24,-2222.0,-1220.0,0.8,-29.1,-29.3
long,300,無,140,250,13:44,76,0.592,-42.38,-3221.0,-1409.0,0.73,-30.0,-50.9
long,300,無,150,50,12:00,78,0.833,-20.92,-1632.0,-1134.0,0.66,-41.2,-6.1
long,300,無,150,50,12:30,78,0.846,-20.94,-1633.0,-1208.0,0.66,-30.9,-13.6
long,300,無,150,50,13:00,78,0.846,-21.55,-1681.0,-1306.0,0.65,-27.6,-17.1
long,300,無,150,50,13:10,78,0.846,-22.19,-1731.0,-1236.0,0.65,-26.8,-18.8
long,300,無,150,50,13:20,78,0.846,-23.63,-1843.0,-1331.0,0.63,-26.9,-21.2
long,300,無,150,50,13:30,78,0.859,-24.91,-1943.0,-1221.0,0.62,-27.9,-22.7
long,300,無,150,50,13:44,78,0.859,-31.31,-2442.0,-1410.0,0.56,-30.5,-31.9
long,300,無,150,75,12:00,78,0.782,-10.14,-791.0,-1134.0,0.85,-41.0,12.5
long,300,無,150,75,12:30,78,0.795,-11.79,-920.0,-1208.0,0.83,-37.5,7.1
long,300,無,150,75,13:00,78,0.795,-17.03,-1328.0,-1306.0,0.77,-38.9,-1.0
long,300,無,150,75,13:10,78,0.782,-14.55,-1135.0,-1236.0,0.8,-35.1,0.5
long,300,無,150,75,13:20,78,0.782,-16.99,-1325.0,-1331.0,0.77,-35.4,-3.5
long,300,無,150,75,13:30,78,0.808,-20.37,-1589.0,-1221.0,0.74,-41.2,-5.1
long,300,無,150,75,13:44,78,0.808,-26.24,-2047.0,-1410.0,0.69,-43.0,-14.0
long,300,無,150,100,12:00,78,0.718,-11.31,-882.0,-1134.0,0.85,-41.3,10.7
long,300,無,150,100,12:30,78,0.731,-11.09,-865.0,-1208.0,0.86,-34.8,6.3
long,300,無,150,100,13:00,78,0.756,-18.14,-1415.0,-1306.0,0.79,-38.0,-3.6
long,300,無,150,100,13:10,78,0.731,-19.37,-1511.0,-1236.0,0.78,-39.4,-4.7
long,300,無,150,100,13:20,78,0.731,-23.13,-1804.0,-1331.0,0.75,-41.7,-9.5
long,300,無,150,100,13:30,78,0.744,-26.0,-2028.0,-1221.0,0.73,-47.5,-10.2
long,300,無,150,100,13:44,78,0.756,-32.23,-2514.0,-1410.0,0.69,-45.6,-22.4
long,300,無,150,150,12:00,78,0.641,-11.81,-921.0,-1134.0,0.87,-23.9,-2.9
long,300,無,150,150,12:30,78,0.641,-16.15,-1260.0,-1208.0,0.84,-18.5,-14.4
long,300,無,150,150,13:00,78,0.679,-24.44,-1906.0,-1306.0,0.79,-17.7,-29.4
long,300,無,150,150,13:10,78,0.654,-28.83,-2249.0,-1236.0,0.76,-21.2,-34.5
long,300,無,150,150,13:20,78,0.654,-28.35,-2211.0,-1331.0,0.76,-21.2,-33.6
long,300,無,150,150,13:30,78,0.679,-33.4,-2605.0,-1221.0,0.73,-26.7,-38.3
long,300,無,150,150,13:44,78,0.692,-39.17,-3055.0,-1410.0,0.7,-26.3,-48.6
long,300,無,150,200,12:00,78,0.564,-12.96,-1011.0,-1134.0,0.87,-17.0,-10.0
long,300,無,150,200,12:30,78,0.615,-12.67,-988.0,-1208.0,0.88,-6.1,-17.5
long,300,無,150,200,13:00,78,0.654,-19.67,-1534.0,-1306.0,0.84,-2.8,-32.1
long,300,無,150,200,13:10,78,0.603,-26.92,-2100.0,-1236.0,0.79,-9.0,-40.0
long,300,無,150,200,13:20,78,0.603,-27.79,-2168.0,-1331.0,0.79,-12.8,-38.8
long,300,無,150,200,13:30,78,0.628,-32.72,-2552.0,-1221.0,0.76,-17.5,-43.9
long,300,無,150,200,13:44,78,0.628,-42.45,-3311.0,-1410.0,0.72,-18.6,-60.0
long,300,無,150,250,12:00,78,0.551,-5.51,-430.0,-1134.0,0.95,-23.4,7.6
long,300,無,150,250,12:30,78,0.59,-5.21,-406.0,-1208.0,0.95,-10.7,-1.2
long,300,無,150,250,13:00,78,0.641,-10.64,-830.0,-1306.0,0.91,0.1,-18.5
long,300,無,150,250,13:10,78,0.59,-20.83,-1625.0,-1236.0,0.84,-8.4,-30.0
long,300,無,150,250,13:20,78,0.577,-24.05,-1876.0,-1331.0,0.82,-15.4,-30.4
long,300,無,150,250,13:30,78,0.603,-27.54,-2148.0,-1221.0,0.81,-17.0,-35.2
long,300,無,150,250,13:44,78,0.59,-41.49,-3236.0,-1410.0,0.73,-17.7,-58.9
long,400,無,10,50,12:00,43,0.884,23.49,1010.0,-415.0,2.24,4.2,33.8
long,400,無,10,50,12:30,43,0.884,25.16,1082.0,-258.0,2.46,14.2,31.0
long,400,無,10,50,13:00,43,0.907,30.0,1290.0,-247.0,3.22,20.2,35.2
long,400,無,10,50,13:10,43,0.93,35.58,1530.0,-197.0,4.92,28.7,39.2
long,400,無,10,50,13:20,43,0.93,34.23,1472.0,-240.0,4.29,27.7,37.7
long,400,無,10,50,13:30,43,0.93,33.35,1434.0,-293.0,3.95,28.7,35.8
long,400,無,10,50,13:44,43,0.93,30.21,1299.0,-389.0,3.09,26.1,32.4
long,400,無,10,75,12:00,43,0.791,11.65,501.0,-789.0,1.26,-53.9,46.8
long,400,無,10,75,12:30,43,0.814,16.74,720.0,-711.0,1.39,-40.3,47.3
long,400,無,10,75,13:00,43,0.837,26.77,1151.0,-476.0,1.78,-19.3,51.4
long,400,無,10,75,13:10,43,0.86,32.3,1389.0,-460.0,2.06,-7.7,53.8
long,400,無,10,75,13:20,43,0.86,29.35,1262.0,-539.0,1.88,-16.7,54.0
long,400,無,10,75,13:30,43,0.86,24.0,1032.0,-553.0,1.62,-18.5,46.8
long,400,無,10,75,13:44,43,0.86,19.19,825.0,-585.0,1.44,-29.1,45.1
long,400,無,10,100,12:00,43,0.767,21.14,909.0,-789.0,1.41,-66.7,68.2
long,400,無,10,100,12:30,43,0.791,27.21,1170.0,-711.0,1.56,-50.3,68.7
long,400,無,10,100,13:00,43,0.791,36.56,1572.0,-476.0,1.89,-32.9,73.8
long,400,無,10,100,13:10,43,0.814,38.58,1659.0,-460.0,1.94,-33.1,77.0
long,400,無,10,100,13:20,43,0.814,35.51,1527.0,-539.0,1.8,-42.3,77.2
long,400,無,10,100,13:30,43,0.814,29.65,1275.0,-553.0,1.59,-45.7,70.0
long,400,無,10,100,13:44,43,0.814,24.33,1046.0,-585.0,1.44,-57.7,68.3
long,400,無,10,150,12:00,43,0.651,-0.44,-19.0,-994.0,1.0,-43.3,22.5
long,400,無,10,150,12:30,43,0.651,-5.16,-222.0,-1068.0,0.95,-28.7,7.4
long,400,無,10,150,13:00,43,0.651,-9.67,-416.0,-1166.0,0.91,-15.7,-6.4
long,400,無,10,150,13:10,43,0.698,-7.53,-324.0,-1096.0,0.93,-10.7,-5.9
long,400,無,10,150,13:20,43,0.698,-8.67,-373.0,-1191.0,0.92,-20.0,-2.6
long,400,無,10,150,13:30,43,0.698,-19.05,-819.0,-1090.0,0.84,-24.6,-16.1
long,400,無,10,150,13:44,43,0.698,-27.91,-1200.0,-1279.0,0.78,-34.1,-24.6
long,400,無,10,200,12:00,43,0.535,-23.21,-998.0,-994.0,0.79,-39.1,-14.7
long,400,無,10,200,12:30,43,0.535,-38.6,-1660.0,-1068.0,0.7,-37.1,-39.4
long,400,無,10,200,13:00,43,0.535,-49.26,-2118.0,-1166.0,0.67,-18.3,-65.8
long,400,無,10,200,13:10,43,0.581,-52.93,-2276.0,-1096.0,0.66,-15.8,-72.8
long,400,無,10,200,13:20,43,0.581,-53.02,-2280.0,-1191.0,0.66,-22.3,-69.5
long,400,無,10,200,13:30,43,0.605,-60.95,-2621.0,-1090.0,0.63,-31.9,-76.5
long,400,無,10,200,13:44,43,0.605,-75.49,-3246.0,-1279.0,0.59,-33.8,-97.8
long,400,無,10,250,12:00,43,0.512,-15.74,-677.0,-994.0,0.86,-37.7,-4.0
long,400,無,10,250,12:30,43,0.512,-32.05,-1378.0,-1068.0,0.75,-47.0,-24.0
long,400,無,10,250,13:00,43,0.512,-45.63,-1962.0,-1166.0,0.7,-31.2,-53.4
long,400,無,10,250,13:10,43,0.535,-51.0,-2193.0,-1096.0,0.68,-31.2,-61.6
long,400,無,10,250,13:20,43,0.535,-50.16,-2157.0,-1191.0,0.69,-35.7,-57.9
long,400,無,10,250,13:30,43,0.558,-63.98,-2751.0,-1090.0,0.63,-54.8,-68.9
long,400,無,10,250,13:44,43,0.535,-76.58,-3293.0,-1279.0,0.59,-54.7,-88.3
long,400,無,20,50,12:00,43,0.86,0.12,5.0,-799.0,1.0,-54.0,29.1
long,400,無,20,50,12:30,43,0.86,6.81,293.0,-721.0,1.2,-38.4,31.0
long,400,無,20,50,13:00,43,0.884,16.81,723.0,-486.0,1.66,-16.7,34.8
long,400,無,20,50,13:10,43,0.884,16.93,728.0,-470.0,1.66,-7.1,29.8
long,400,無,20,50,13:20,43,0.884,14.91,641.0,-549.0,1.54,-13.4,30.1
long,400,無,20,50,13:30,43,0.884,10.23,440.0,-563.0,1.32,-13.3,22.9
long,400,無,20,50,13:44,43,0.884,7.47,321.0,-595.0,1.21,-18.1,21.1
long,400,無,20,75,12:00,43,0.791,2.51,108.0,-799.0,1.05,-77.4,45.3
long,400,無,20,75,12:30,43,0.791,5.93,255.0,-721.0,1.12,-68.6,45.9
long,400,無,20,75,13:00,43,0.791,14.93,642.0,-486.0,1.35,-51.2,50.4
long,400,無,20,75,13:10,43,0.814,16.6,714.0,-470.0,1.39,-51.4,53.0
long,400,無,20,75,13:20,43,0.814,13.53,582.0,-549.0,1.29,-60.7,53.3
long,400,無,20,75,13:30,43,0.814,7.67,330.0,-563.0,1.15,-64.0,46.1
long,400,無,20,75,13:44,43,0.814,2.35,101.0,-595.0,1.04,-76.1,44.4
long,400,無,20,100,12:00,43,0.767,12.95,557.0,-799.0,1.22,-64.1,54.2
long,400,無,20,100,12:30,43,0.767,19.86,854.0,-721.0,1.37,-53.6,59.2
long,400,無,20,100,13:00,43,0.767,28.77,1237.0,-486.0,1.62,-36.2,63.6
long,400,無,20,100,13:10,43,0.791,29.88,1285.0,-470.0,1.63,-36.4,65.4
long,400,無,20,100,13:20,43,0.791,26.81,1153.0,-549.0,1.53,-45.7,65.6
long,400,無,20,100,13:30,43,0.791,20.49,881.0,-563.0,1.36,-49.0,57.7
long,400,無,20,100,13:44,43,0.791,17.23,741.0,-595.0,1.29,-61.1,59.2
long,400,無,20,150,12:00,43,0.651,-12.14,-522.0,-1004.0,0.88,-45.2,5.6
long,400,無,20,150,12:30,43,0.628,-19.09,-821.0,-1078.0,0.82,-35.1,-10.5
long,400,無,20,150,13:00,43,0.628,-23.63,-1016.0,-1176.0,0.79,-23.5,-23.7
long,400,無,20,150,13:10,43,0.674,-22.12,-951.0,-1106.0,0.81,-20.3,-23.1
long,400,無,20,150,13:20,43,0.674,-18.4,-791.0,-1201.0,0.84,-29.4,-12.5
long,400,無,20,150,13:30,43,0.698,-25.49,-1096.0,-1100.0,0.79,-31.5,-22.3
long,400,無,20,150,13:44,43,0.698,-32.7,-1406.0,-1289.0,0.75,-38.6,-29.5
long,400,無,20,200,12:00,43,0.558,-24.58,-1057.0,-1004.0,0.78,-31.9,-20.7
long,400,無,20,200,12:30,43,0.535,-41.4,-1780.0,-1078.0,0.69,-35.3,-44.7
long,400,無,20,200,13:00,43,0.535,-54.33,-2336.0,-1176.0,0.64,-24.3,-70.4
long,400,無,20,200,13:10,43,0.581,-58.0,-2494.0,-1106.0,0.64,-21.8,-77.4
long,400,無,20,200,13:20,43,0.581,-57.86,-2488.0,-1201.0,0.64,-28.3,-73.7
long,400,無,20,200,13:30,43,0.605,-65.79,-2829.0,-1100.0,0.61,-37.9,-80.7
long,400,無,20,200,13:44,43,0.605,-80.33,-3454.0,-1289.0,0.57,-39.8,-102.0
long,400,無,20,250,12:00,43,0.512,-22.67,-975.0,-1004.0,0.8,-45.7,-10.4
long,400,無,20,250,12:30,43,0.512,-38.74,-1666.0,-1078.0,0.71,-55.0,-30.0
long,400,無,20,250,13:00,43,0.512,-52.84,-2272.0,-1176.0,0.66,-39.2,-60.1
long,400,無,20,250,13:10,43,0.535,-57.47,-2471.0,-1106.0,0.65,-39.2,-67.2
long,400,無,20,250,13:20,43,0.535,-56.86,-2445.0,-1201.0,0.66,-43.7,-63.9
long,400,無,20,250,13:30,43,0.558,-69.98,-3009.0,-1100.0,0.61,-62.8,-73.8
long,400,無,20,250,13:44,43,0.535,-82.58,-3551.0,-1289.0,0.57,-62.7,-93.2
long,400,無,30,50,12:00,43,0.884,0.12,5.0,-809.0,1.0,-56.7,30.5
long,400,無,30,50,12:30,43,0.884,8.12,349.0,-731.0,1.24,-40.4,34.1
long,400,無,30,50,13:00,43,0.884,15.65,673.0,-496.0,1.58,-18.7,34.1
long,400,無,30,50,13:10,43,0.884,15.77,678.0,-480.0,1.59,-9.1,29.1
long,400,無,30,50,13:20,43,0.884,13.74,591.0,-559.0,1.48,-15.4,29.4
long,400,無,30,50,13:30,43,0.884,9.07,390.0,-573.0,1.27,-15.3,22.1
long,400,無,30,50,13:44,43,0.884,6.3,271.0,-605.0,1.17,-20.1,20.4
long,400,無,30,75,12:00,43,0.814,2.4,103.0,-809.0,1.04,-81.4,47.3
long,400,無,30,75,12:30,43,0.814,7.12,306.0,-731.0,1.14,-71.9,49.5
long,400,無,30,75,13:00,43,0.791,13.07,562.0,-496.0,1.29,-54.5,49.3
long,400,無,30,75,13:10,43,0.814,14.98,644.0,-480.0,1.34,-54.7,52.3
long,400,無,30,75,13:20,43,0.814,11.91,512.0,-559.0,1.25,-64.0,52.6
long,400,無,30,75,13:30,43,0.814,6.05,260.0,-573.0,1.11,-67.3,45.4
long,400,無,30,75,13:44,43,0.814,0.72,31.0,-605.0,1.01,-79.4,43.6
long,400,無,30,100,12:00,43,0.767,10.16,437.0,-809.0,1.17,-68.1,52.1
long,400,無,30,100,12:30,43,0.767,16.88,726.0,-731.0,1.3,-58.8,57.4
long,400,無,30,100,13:00,43,0.744,22.88,984.0,-496.0,1.46,-50.4,62.1
long,400,無,30,100,13:10,43,0.791,25.84,1111.0,-480.0,1.52,-45.3,64.0
long,400,無,30,100,13:20,43,0.791,22.98,988.0,-559.0,1.44,-54.7,64.6
long,400,無,30,100,13:30,43,0.767,16.21,697.0,-573.0,1.27,-59.3,56.6
long,400,無,30,100,13:44,43,0.791,13.84,595.0,-605.0,1.22,-68.8,58.1
long,400,無,30,150,12:00,43,0.628,-22.02,-947.0,-1014.0,0.79,-49.9,-7.1
long,400,無,30,150,12:30,43,0.605,-31.02,-1334.0,-1088.0,0.73,-39.8,-26.3
long,400,無,30,150,13:00,43,0.581,-41.21,-1772.0,-1186.0,0.67,-28.2,-48.2
long,400,無,30,150,13:10,43,0.651,-41.37,-1779.0,-1116.0,0.68,-24.9,-50.2
long,400,無,30,150,13:20,43,0.651,-39.49,-1698.0,-1211.0,0.7,-34.1,-42.4
long,400,無,30,150,13:30,43,0.651,-45.23,-1945.0,-1110.0,0.67,-36.1,-50.1
long,400,無,30,150,13:44,43,0.674,-57.91,-2490.0,-1299.0,0.62,-43.3,-65.8
long,400,無,30,200,12:00,43,0.535,-35.53,-1528.0,-1014.0,0.7,-37.9,-34.3
long,400,無,30,200,12:30,43,0.535,-48.84,-2100.0,-1088.0,0.64,-41.3,-52.9
long,400,無,30,200,13:00,43,0.512,-62.23,-2676.0,-1186.0,0.6,-30.3,-79.3
long,400,無,30,200,13:10,43,0.558,-68.28,-2936.0,-1116.0,0.59,-27.8,-90.0
long,400,無,30,200,13:20,43,0.558,-72.19,-3104.0,-1211.0,0.57,-34.3,-92.5
long,400,無,30,200,13:30,43,0.558,-82.7,-3556.0,-1110.0,0.54,-43.9,-103.5
long,400,無,30,200,13:44,43,0.558,-95.98,-4127.0,-1299.0,0.5,-45.8,-122.9
long,400,無,30,250,12:00,43,0.488,-39.19,-1685.0,-1014.0,0.68,-81.7,-16.4
long,400,無,30,250,12:30,43,0.488,-52.0,-2236.0,-1088.0,0.62,-82.3,-35.8
long,400,無,30,250,13:00,43,0.488,-63.51,-2731.0,-1186.0,0.6,-59.1,-65.9
long,400,無,30,250,13:10,43,0.535,-68.47,-2944.0,-1116.0,0.59,-60.7,-72.6
long,400,無,30,250,13:20,43,0.512,-69.07,-2970.0,-1211.0,0.59,-69.4,-68.9
long,400,無,30,250,13:30,43,0.512,-82.09,-3530.0,-1110.0,0.55,-88.9,-78.5
long,400,無,30,250,13:44,43,0.512,-95.23,-4095.0,-1299.0,0.52,-90.3,-97.9
long,400,無,40,50,12:00,44,0.864,-8.73,-384.0,-819.0,0.82,-84.5,30.4
long,400,無,40,50,12:30,44,0.864,0.2,9.0,-741.0,1.0,-64.9,33.9
long,400,無,40,50,13:00,44,0.864,7.77,342.0,-506.0,1.23,-42.7,33.9
long,400,無,40,50,13:10,44,0.864,6.77,298.0,-490.0,1.2,-36.3,29.1
long,400,無,40,50,13:20,44,0.864,5.95,262.0,-569.0,1.17,-39.2,29.3
long,400,無,40,50,13:30,44,0.864,0.82,36.0,-583.0,1.02,-40.8,22.3
long,400,無,40,50,13:44,44,0.864,-4.11,-181.0,-615.0,0.91,-52.1,20.7
long,400,無,40,75,12:00,44,0.841,6.3,277.0,-819.0,1.12,-85.4,53.7
long,400,無,40,75,12:30,44,0.841,12.02,529.0,-741.0,1.25,-75.3,57.2
long,400,無,40,75,13:00,44,0.818,17.93,789.0,-506.0,1.43,-57.9,57.1
long,400,無,40,75,13:10,44,0.818,14.7,647.0,-490.0,1.33,-58.1,52.3
long,400,無,40,75,13:20,44,0.818,11.7,515.0,-569.0,1.24,-67.3,52.6
long,400,無,40,75,13:30,44,0.818,5.98,263.0,-583.0,1.11,-70.7,45.6
long,400,無,40,75,13:44,44,0.818,0.77,34.0,-615.0,1.01,-82.7,44.0
long,400,無,40,100,12:00,44,0.773,1.95,86.0,-819.0,1.03,-72.1,40.2
long,400,無,40,100,12:30,44,0.773,3.66,161.0,-741.0,1.05,-62.8,38.0
long,400,無,40,100,13:00,44,0.727,0.48,21.0,-824.0,1.01,-54.4,28.9
long,400,無,40,100,13:10,44,0.75,-7.43,-327.0,-905.0,0.91,-49.3,14.2
long,400,無,40,100,13:20,44,0.75,-7.2,-317.0,-873.0,0.91,-58.7,19.4
long,400,無,40,100,13:30,44,0.727,-20.25,-891.0,-1120.0,0.78,-63.3,2.0
long,400,無,40,100,13:44,44,0.75,-25.64,-1128.0,-1309.0,0.74,-72.8,-1.2
long,400,無,40,150,12:00,44,0.659,-18.0,-792.0,-1024.0,0.83,-59.3,3.3
long,400,無,40,150,12:30,44,0.636,-25.75,-1133.0,-1098.0,0.77,-60.0,-8.0
long,400,無,40,150,13:00,44,0.591,-35.82,-1576.0,-1196.0,0.71,-53.3,-26.8
long,400,無,40,150,13:10,44,0.659,-33.84,-1489.0,-1126.0,0.73,-44.5,-28.3
long,400,無,40,150,13:20,44,0.659,-31.48,-1385.0,-1221.0,0.74,-53.0,-20.3
long,400,無,40,150,13:30,44,0.659,-38.32,-1686.0,-1120.0,0.71,-64.5,-24.8
long,400,無,40,150,13:44,44,0.682,-47.05,-2070.0,-1309.0,0.67,-67.1,-36.7
long,400,無,40,200,12:00,44,0.523,-41.77,-1838.0,-1024.0,0.65,-59.1,-32.8
long,400,無,40,200,12:30,44,0.568,-48.3,-2125.0,-1098.0,0.64,-57.1,-43.7
long,400,無,40,200,13:00,44,0.523,-54.23,-2386.0,-1196.0,0.64,-38.9,-62.1
long,400,無,40,200,13:10,44,0.591,-57.48,-2529.0,-1126.0,0.63,-37.1,-68.0
long,400,無,40,200,13:20,44,0.591,-60.48,-2661.0,-1221.0,0.62,-43.8,-69.1
long,400,無,40,200,13:30,44,0.591,-69.07,-3039.0,-1120.0,0.59,-52.7,-77.5
long,400,無,40,200,13:44,44,0.591,-78.73,-3464.0,-1309.0,0.56,-57.4,-89.8
long,400,無,40,250,12:00,44,0.477,-48.09,-2116.0,-1024.0,0.62,-80.5,-31.3
long,400,無,40,250,12:30,44,0.5,-60.57,-2665.0,-1098.0,0.58,-70.7,-55.3
long,400,無,40,250,13:00,44,0.5,-64.45,-2836.0,-1196.0,0.59,-44.5,-74.8
long,400,無,40,250,13:10,44,0.568,-64.25,-2827.0,-1126.0,0.61,-44.5,-74.5
long,400,無,40,250,13:20,44,0.545,-62.41,-2746.0,-1221.0,0.63,-54.2,-66.7
long,400,無,40,250,13:30,44,0.545,-72.14,-3174.0,-1120.0,0.6,-64.0,-76.3
long,400,無,40,250,13:44,44,0.545,-84.11,-3701.0,-1309.0,0.57,-69.1,-91.9
long,400,無,50,50,12:00,45,0.911,14.49,652.0,-829.0,1.5,-52.5,48.0
long,400,無,50,50,12:30,45,0.933,17.16,772.0,-751.0,1.62,-44.5,48.0
long,400,無,50,50,13:00,45,0.933,24.33,1095.0,-516.0,2.19,-23.0,48.0
long,400,無,50,50,13:10,45,0.933,23.4,1053.0,-500.0,2.09,-25.8,48.0
long,400,無,50,50,13:20,45,0.933,23.49,1057.0,-579.0,2.1,-25.5,48.0
long,400,無,50,50,13:30,45,0.933,22.8,1026.0,-593.0,2.04,-27.6,48.0
long,400,無,50,50,13:44,45,0.933,20.64,929.0,-625.0,1.85,-34.1,48.0
long,400,無,50,75,12:00,45,0.8,-0.16,-7.0,-829.0,1.0,-85.3,42.4
long,400,無,50,75,12:30,45,0.822,8.0,360.0,-751.0,1.16,-74.7,49.3
long,400,無,50,75,13:00,45,0.8,11.53,519.0,-516.0,1.25,-62.1,48.3
long,400,無,50,75,13:10,45,0.8,11.87,534.0,-500.0,1.26,-48.5,42.1
long,400,無,50,75,13:20,45,0.8,10.16,457.0,-579.0,1.21,-54.1,42.3
long,400,無,50,75,13:30,45,0.8,3.62,163.0,-593.0,1.07,-58.9,34.9
long,400,無,50,75,13:44,45,0.822,-0.33,-15.0,-625.0,0.99,-73.5,36.3
long,400,無,50,100,12:00,45,0.733,-21.6,-972.0,-1034.0,0.77,-70.3,2.8
long,400,無,50,100,12:30,45,0.756,-21.11,-950.0,-1108.0,0.78,-59.7,-1.8
long,400,無,50,100,13:00,45,0.733,-25.0,-1125.0,-1206.0,0.74,-47.1,-14.0
long,400,無,50,100,13:10,45,0.733,-28.36,-1276.0,-1136.0,0.72,-33.5,-25.8
long,400,無,50,100,13:20,45,0.733,-29.0,-1305.0,-1231.0,0.71,-39.1,-23.9
long,400,無,50,100,13:30,45,0.733,-37.04,-1667.0,-1130.0,0.66,-43.9,-33.6
long,400,無,50,100,13:44,45,0.756,-45.11,-2030.0,-1319.0,0.62,-58.5,-38.4
long,400,無,50,150,12:00,45,0.6,-25.36,-1141.0,-1034.0,0.76,-55.5,-10.3
long,400,無,50,150,12:30,45,0.622,-29.76,-1339.0,-1108.0,0.74,-54.9,-17.2
long,400,無,50,150,13:00,45,0.622,-30.62,-1378.0,-1206.0,0.75,-43.9,-24.0
long,400,無,50,150,13:10,45,0.667,-25.64,-1154.0,-1136.0,0.79,-26.7,-25.1
long,400,無,50,150,13:20,45,0.667,-21.87,-984.0,-1231.0,0.81,-31.5,-17.1
long,400,無,50,150,13:30,45,0.689,-28.62,-1288.0,-1130.0,0.77,-43.1,-21.4
long,400,無,50,150,13:44,45,0.711,-38.84,-1748.0,-1319.0,0.72,-50.9,-32.8
long,400,無,50,200,12:00,45,0.511,-42.13,-1896.0,-1034.0,0.65,-65.8,-30.3
long,400,無,50,200,12:30,45,0.556,-49.93,-2247.0,-1108.0,0.63,-63.8,-43.0
long,400,無,50,200,13:00,45,0.533,-58.2,-2619.0,-1206.0,0.61,-45.6,-64.5
long,400,無,50,200,13:10,45,0.578,-59.89,-2695.0,-1136.0,0.62,-43.8,-67.9
long,400,無,50,200,13:20,45,0.578,-59.4,-2673.0,-1231.0,0.63,-50.5,-63.9
long,400,無,50,200,13:30,45,0.6,-67.8,-3051.0,-1130.0,0.59,-59.4,-72.0
long,400,無,50,200,13:44,45,0.6,-77.29,-3478.0,-1319.0,0.57,-64.1,-83.9
long,400,無,50,250,12:00,45,0.444,-53.71,-2417.0,-1034.0,0.58,-88.1,-36.5
long,400,無,50,250,12:30,45,0.489,-62.18,-2798.0,-1108.0,0.57,-78.3,-54.1
long,400,無,50,250,13:00,45,0.511,-66.96,-3013.0,-1206.0,0.58,-52.1,-74.4
long,400,無,50,250,13:10,45,0.533,-70.53,-3174.0,-1136.0,0.57,-52.1,-79.8
long,400,無,50,250,13:20,45,0.511,-70.47,-3171.0,-1231.0,0.59,-61.8,-74.8
long,400,無,50,250,13:30,45,0.533,-78.71,-3542.0,-1130.0,0.57,-71.6,-82.3
long,400,無,50,250,13:44,45,0.533,-92.87,-4179.0,-1319.0,0.53,-76.7,-101.0
long,400,無,60,50,12:00,46,0.913,14.35,660.0,-839.0,1.49,-55.2,48.0
long,400,無,60,50,12:30,46,0.935,17.17,790.0,-761.0,1.62,-46.5,48.0
long,400,無,60,50,13:00,46,0.935,24.2,1113.0,-526.0,2.17,-25.0,48.0
long,400,無,60,50,13:10,46,0.935,23.28,1071.0,-510.0,2.08,-27.8,48.0
long,400,無,60,50,13:20,46,0.935,23.37,1075.0,-589.0,2.09,-27.5,48.0
long,400,無,60,50,13:30,46,0.935,22.7,1044.0,-603.0,2.02,-29.6,48.0
long,400,無,60,50,13:44,46,0.935,20.59,947.0,-635.0,1.85,-36.1,48.0
long,400,無,60,75,12:00,46,0.804,-0.3,-14.0,-839.0,0.99,-88.7,42.5
long,400,無,60,75,12:30,46,0.826,7.67,353.0,-761.0,1.15,-78.0,49.1
long,400,無,60,75,13:00,46,0.804,11.13,512.0,-526.0,1.23,-65.4,48.2
long,400,無,60,75,13:10,46,0.804,11.46,527.0,-510.0,1.24,-51.9,42.1
long,400,無,60,75,13:20,46,0.804,9.78,450.0,-589.0,1.2,-57.5,42.3
long,400,無,60,75,13:30,46,0.804,3.39,156.0,-603.0,1.06,-62.3,35.2
long,400,無,60,75,13:44,46,0.826,-0.48,-22.0,-635.0,0.99,-76.9,36.5
long,400,無,60,100,12:00,46,0.717,-24.7,-1136.0,-1044.0,0.74,-73.7,-1.0
long,400,無,60,100,12:30,46,0.739,-25.26,-1162.0,-1118.0,0.74,-63.0,-7.0
long,400,無,60,100,13:00,46,0.717,-27.59,-1269.0,-1216.0,0.72,-50.4,-16.5
long,400,無,60,100,13:10,46,0.739,-28.0,-1288.0,-1146.0,0.72,-36.9,-23.7
long,400,無,60,100,13:20,46,0.739,-28.63,-1317.0,-1241.0,0.72,-42.5,-21.9
long,400,無,60,100,13:30,46,0.739,-36.5,-1679.0,-1140.0,0.66,-47.3,-31.3
long,400,無,60,100,13:44,46,0.761,-44.39,-2042.0,-1329.0,0.62,-61.9,-35.9
long,400,無,60,150,12:00,46,0.587,-35.74,-1644.0,-1044.0,0.7,-60.2,-23.9
long,400,無,60,150,12:30,46,0.609,-49.15,-2261.0,-1118.0,0.63,-59.5,-44.1
long,400,無,60,150,13:00,46,0.609,-50.39,-2318.0,-1216.0,0.64,-48.6,-51.3
long,400,無,60,150,13:10,46,0.652,-47.96,-2206.0,-1146.0,0.66,-31.3,-56.0
long,400,無,60,150,13:20,46,0.652,-47.22,-2172.0,-1241.0,0.66,-36.1,-52.6
long,400,無,60,150,13:30,46,0.674,-54.09,-2488.0,-1140.0,0.63,-47.8,-57.1
long,400,無,60,150,13:44,46,0.696,-63.2,-2907.0,-1329.0,0.6,-55.5,-66.9
long,400,無,60,200,12:00,46,0.5,-42.13,-1938.0,-1044.0,0.66,-71.8,-27.8
long,400,無,60,200,12:30,46,0.565,-49.54,-2279.0,-1118.0,0.64,-69.8,-39.7
long,400,無,60,200,13:00,46,0.543,-57.41,-2641.0,-1216.0,0.62,-51.6,-60.2
long,400,無,60,200,13:10,46,0.587,-59.07,-2717.0,-1146.0,0.62,-49.8,-63.5
long,400,無,60,200,13:20,46,0.587,-58.15,-2675.0,-1241.0,0.63,-56.5,-59.0
long,400,無,60,200,13:30,46,0.609,-66.37,-3053.0,-1140.0,0.6,-65.4,-66.8
long,400,無,60,200,13:44,46,0.609,-75.65,-3480.0,-1329.0,0.58,-70.1,-78.4
long,400,無,60,250,12:00,46,0.435,-53.02,-2439.0,-1044.0,0.59,-94.1,-33.2
long,400,無,60,250,12:30,46,0.5,-61.09,-2810.0,-1118.0,0.58,-84.3,-49.8
long,400,無,60,250,13:00,46,0.522,-65.76,-3025.0,-1216.0,0.59,-58.1,-69.5
long,400,無,60,250,13:10,46,0.543,-69.26,-3186.0,-1146.0,0.58,-58.1,-74.7
long,400,無,60,250,13:20,46,0.522,-68.54,-3153.0,-1241.0,0.6,-67.8,-68.9
long,400,無,60,250,13:30,46,0.543,-76.39,-3514.0,-1140.0,0.58,-77.6,-75.8
long,400,無,60,250,13:44,46,0.543,-90.24,-4151.0,-1329.0,0.54,-82.7,-93.9
long,400,無,70,50,12:00,47,0.83,-16.0,-752.0,-844.0,0.71,-92.4,19.8
long,400,無,70,50,12:30,47,0.851,-5.28,-248.0,-766.0,0.89,-72.6,26.3
long,400,無,70,50,13:00,47,0.851,1.19,56.0,-531.0,1.03,-50.3,25.3
long,400,無,70,50,13:10,47,0.851,-0.79,-37.0,-515.0,0.98,-44.0,19.5
long,400,無,70,50,13:20,47,0.851,-1.55,-73.0,-594.0,0.96,-46.9,19.7
long,400,無,70,50,13:30,47,0.851,-6.79,-319.0,-608.0,0.86,-48.5,12.8
long,400,無,70,50,13:44,47,0.851,-9.51,-447.0,-640.0,0.81,-59.7,14.0
long,400,無,70,75,12:00,47,0.745,-39.7,-1866.0,-1054.0,0.58,-91.7,-15.3
long,400,無,70,75,12:30,47,0.766,-39.23,-1844.0,-1128.0,0.58,-81.0,-19.7
long,400,無,70,75,13:00,47,0.745,-42.96,-2019.0,-1226.0,0.56,-68.4,-31.0
long,400,無,70,75,13:10,47,0.745,-46.17,-2170.0,-1156.0,0.54,-54.9,-42.1
long,400,無,70,75,13:20,47,0.745,-46.79,-2199.0,-1251.0,0.54,-60.5,-40.4
long,400,無,70,75,13:30,47,0.745,-54.49,-2561.0,-1150.0,0.5,-65.3,-49.4
long,400,無,70,75,13:44,47,0.745,-62.21,-2924.0,-1339.0,0.47,-79.9,-53.9
long,400,無,70,100,12:00,47,0.681,-32.26,-1516.0,-1054.0,0.67,-84.5,-7.8
long,400,無,70,100,12:30,47,0.702,-33.38,-1569.0,-1128.0,0.67,-73.0,-14.8
long,400,無,70,100,13:00,47,0.702,-34.72,-1632.0,-1226.0,0.66,-57.2,-24.2
long,400,無,70,100,13:10,47,0.745,-30.4,-1429.0,-1156.0,0.7,-45.5,-23.3
long,400,無,70,100,13:20,47,0.745,-29.89,-1405.0,-1251.0,0.7,-50.9,-20.1
long,400,無,70,100,13:30,47,0.745,-36.79,-1729.0,-1150.0,0.66,-53.1,-29.1
long,400,無,70,100,13:44,47,0.745,-43.74,-2056.0,-1339.0,0.62,-65.3,-33.6
long,400,無,70,150,12:00,47,0.596,-36.81,-1730.0,-1054.0,0.69,-67.8,-22.3
long,400,無,70,150,12:30,47,0.596,-50.79,-2387.0,-1128.0,0.61,-69.8,-41.9
long,400,無,70,150,13:00,47,0.617,-50.23,-2361.0,-1226.0,0.64,-54.7,-48.2
long,400,無,70,150,13:10,47,0.66,-49.85,-2343.0,-1156.0,0.64,-43.7,-52.8
long,400,無,70,150,13:20,47,0.66,-48.28,-2269.0,-1251.0,0.65,-46.5,-49.1
long,400,無,70,150,13:30,47,0.681,-54.4,-2557.0,-1150.0,0.63,-56.3,-53.5
long,400,無,70,150,13:44,47,0.681,-63.06,-2964.0,-1339.0,0.6,-63.2,-63.0
long,400,無,70,200,12:00,47,0.489,-42.02,-1975.0,-1054.0,0.66,-77.5,-25.4
long,400,無,70,200,12:30,47,0.553,-49.06,-2306.0,-1128.0,0.64,-75.5,-36.7
long,400,無,70,200,13:00,47,0.553,-57.23,-2690.0,-1226.0,0.62,-57.3,-57.2
long,400,無,70,200,13:10,47,0.596,-58.17,-2734.0,-1156.0,0.63,-55.5,-59.4
long,400,無,70,200,13:20,47,0.596,-57.49,-2702.0,-1251.0,0.64,-62.1,-55.3
long,400,無,70,200,13:30,47,0.617,-64.89,-3050.0,-1150.0,0.61,-71.1,-62.0
long,400,無,70,200,13:44,47,0.596,-73.98,-3477.0,-1339.0,0.58,-75.7,-73.2
long,400,無,70,250,12:00,47,0.426,-52.26,-2456.0,-1054.0,0.6,-99.7,-30.0
long,400,無,70,250,12:30,47,0.489,-59.94,-2817.0,-1128.0,0.59,-90.0,-45.8
long,400,無,70,250,13:00,47,0.532,-64.51,-3032.0,-1226.0,0.6,-63.7,-64.9
long,400,無,70,250,13:10,47,0.553,-67.94,-3193.0,-1156.0,0.59,-63.7,-69.9
long,400,無,70,250,13:20,47,0.532,-66.7,-3135.0,-1251.0,0.61,-73.5,-63.5
long,400,無,70,250,13:30,47,0.553,-75.49,-3548.0,-1150.0,0.58,-83.3,-71.8
long,400,無,70,250,13:44,47,0.532,-88.51,-4160.0,-1339.0,0.55,-88.3,-88.6
long,400,無,80,50,12:00,50,0.84,-13.4,-670.0,-844.0,0.75,-94.5,21.4
long,400,無,80,50,12:30,50,0.86,-3.68,-184.0,-766.0,0.92,-75.9,27.3
long,400,無,80,50,13:00,50,0.84,-0.3,-15.0,-531.0,0.99,-62.7,26.4
long,400,無,80,50,13:10,50,0.84,-0.58,-29.0,-515.0,0.99,-51.1,21.1
long,400,無,80,50,13:20,50,0.84,-1.32,-66.0,-594.0,0.97,-54.0,21.3
long,400,無,80,50,13:30,50,0.84,-6.62,-331.0,-608.0,0.86,-56.9,14.9
long,400,無,80,50,13:44,50,0.84,-8.42,-421.0,-640.0,0.83,-65.6,16.1
long,400,無,80,75,12:00,50,0.8,-19.92,-996.0,-1064.0,0.75,-93.8,11.7
long,400,無,80,75,12:30,50,0.82,-14.06,-703.0,-1138.0,0.81,-83.1,15.5
long,400,無,80,75,13:00,50,0.8,-12.84,-642.0,-1236.0,0.82,-70.5,11.9
long,400,無,80,75,13:10,50,0.8,-11.14,-557.0,-1166.0,0.84,-57.0,8.5
long,400,無,80,75,13:20,50,0.8,-14.58,-729.0,-1261.0,0.8,-62.6,6.0
long,400,無,80,75,13:30,50,0.8,-16.16,-808.0,-1046.0,0.78,-67.4,5.8
long,400,無,80,75,13:44,50,0.8,-20.72,-1036.0,-1096.0,0.74,-82.0,5.5
long,400,無,80,100,12:00,50,0.72,-22.82,-1141.0,-1064.0,0.76,-87.3,4.8
long,400,無,80,100,12:30,50,0.74,-23.76,-1188.0,-1138.0,0.75,-75.8,-1.5
long,400,無,80,100,13:00,50,0.74,-28.38,-1419.0,-1236.0,0.71,-60.0,-14.8
long,400,無,80,100,13:10,50,0.76,-27.44,-1372.0,-1166.0,0.73,-48.3,-18.5
long,400,無,80,100,13:20,50,0.76,-31.96,-1598.0,-1261.0,0.69,-53.7,-22.7
long,400,無,80,100,13:30,50,0.76,-36.56,-1828.0,-1160.0,0.67,-55.9,-28.3
long,400,無,80,100,13:44,50,0.76,-48.88,-2444.0,-1349.0,0.6,-68.1,-40.6
long,400,無,80,150,12:00,50,0.62,-31.72,-1586.0,-1064.0,0.72,-71.9,-14.5
long,400,無,80,150,12:30,50,0.62,-43.64,-2182.0,-1138.0,0.66,-73.9,-30.7
long,400,無,80,150,13:00,50,0.64,-41.54,-2077.0,-1236.0,0.69,-58.8,-34.1
long,400,無,80,150,13:10,50,0.68,-41.18,-2059.0,-1166.0,0.69,-47.8,-38.3
long,400,無,80,150,13:20,50,0.68,-41.3,-2065.0,-1261.0,0.69,-50.6,-37.3
long,400,無,80,150,13:30,50,0.66,-52.48,-2624.0,-1160.0,0.64,-60.4,-49.1
long,400,無,80,150,13:44,50,0.66,-57.8,-2890.0,-1349.0,0.62,-67.3,-53.7
long,400,無,80,200,12:00,50,0.5,-37.54,-1877.0,-1064.0,0.69,-82.3,-18.4
long,400,無,80,200,12:30,50,0.56,-47.14,-2357.0,-1138.0,0.65,-80.3,-32.9
long,400,無,80,200,13:00,50,0.56,-59.62,-2981.0,-1236.0,0.61,-62.1,-58.6
long,400,無,80,200,13:10,50,0.6,-60.54,-3027.0,-1166.0,0.61,-60.3,-60.7
long,400,無,80,200,13:20,50,0.6,-60.66,-3033.0,-1261.0,0.62,-66.9,-58.0
long,400,無,80,200,13:30,50,0.6,-68.68,-3434.0,-1160.0,0.6,-75.9,-65.6
long,400,無,80,200,13:44,50,0.58,-77.4,-3870.0,-1349.0,0.58,-80.5,-76.1
long,400,無,80,250,12:00,50,0.44,-44.76,-2238.0,-1064.0,0.65,-104.5,-19.1
long,400,無,80,250,12:30,50,0.52,-51.46,-2573.0,-1138.0,0.64,-94.8,-32.9
long,400,無,80,250,13:00,50,0.56,-52.78,-2639.0,-1236.0,0.66,-68.5,-46.0
long,400,無,80,250,13:10,50,0.58,-56.22,-2811.0,-1166.0,0.65,-68.5,-50.9
long,400,無,80,250,13:20,50,0.56,-55.74,-2787.0,-1261.0,0.66,-78.3,-46.1
long,400,無,80,250,13:30,50,0.56,-63.12,-3156.0,-1160.0,0.64,-88.1,-52.4
long,400,無,80,250,13:44,50,0.54,-73.66,-3683.0,-1349.0,0.61,-93.1,-65.3
long,400,無,90,50,12:00,51,0.882,-1.43,-73.0,-844.0,0.97,-87.5,37.9
long,400,無,90,50,12:30,51,0.902,6.14,313.0,-766.0,1.17,-70.1,41.0
long,400,無,90,50,13:00,51,0.882,9.47,483.0,-531.0,1.29,-57.6,40.1
long,400,無,90,50,13:10,51,0.882,11.92,608.0,-515.0,1.39,-46.8,38.7
long,400,無,90,50,13:20,51,0.882,11.06,564.0,-594.0,1.35,-49.5,38.7
long,400,無,90,50,13:30,51,0.882,9.82,501.0,-608.0,1.3,-52.2,38.2
long,400,無,90,50,13:44,51,0.882,9.0,459.0,-640.0,1.27,-60.4,40.7
long,400,無,90,75,12:00,51,0.804,-24.24,-1236.0,-1074.0,0.71,-85.1,3.6
long,400,無,90,75,12:30,51,0.824,-24.35,-1242.0,-1148.0,0.71,-75.2,-1.1
long,400,無,90,75,13:00,51,0.804,-25.67,-1309.0,-1246.0,0.7,-63.4,-8.4
long,400,無,90,75,13:10,51,0.804,-24.18,-1233.0,-1176.0,0.71,-50.8,-12.0
long,400,無,90,75,13:20,51,0.804,-27.9,-1423.0,-1271.0,0.68,-56.0,-15.1
long,400,無,90,75,13:30,51,0.804,-31.37,-1600.0,-1170.0,0.65,-60.5,-18.1
long,400,無,90,75,13:44,51,0.804,-40.49,-2065.0,-1359.0,0.59,-74.2,-25.1
long,400,無,90,100,12:00,51,0.765,-13.88,-708.0,-1074.0,0.84,-84.0,18.2
long,400,無,90,100,12:30,51,0.765,-18.18,-927.0,-1148.0,0.8,-81.9,11.0
long,400,無,90,100,13:00,51,0.765,-24.94,-1272.0,-1246.0,0.75,-71.7,-3.6
long,400,無,90,100,13:10,51,0.745,-23.96,-1222.0,-1176.0,0.75,-55.5,-9.5
long,400,無,90,100,13:20,51,0.745,-29.2,-1489.0,-1271.0,0.71,-60.0,-15.1
long,400,無,90,100,13:30,51,0.765,-33.55,-1711.0,-1170.0,0.69,-70.9,-16.5
long,400,無,90,100,13:44,51,0.765,-45.25,-2308.0,-1359.0,0.62,-78.2,-30.2
long,400,無,90,150,12:00,51,0.627,-32.24,-1644.0,-1074.0,0.72,-77.4,-11.6
long,400,無,90,150,12:30,51,0.627,-41.76,-2130.0,-1148.0,0.67,-76.1,-26.1
long,400,無,90,150,13:00,51,0.647,-42.18,-2151.0,-1246.0,0.69,-65.8,-31.4
long,400,無,90,150,13:10,51,0.647,-47.65,-2430.0,-1176.0,0.65,-63.4,-40.4
long,400,無,90,150,13:20,51,0.647,-47.9,-2443.0,-1271.0,0.65,-69.6,-38.0
long,400,無,90,150,13:30,51,0.667,-57.86,-2951.0,-1170.0,0.61,-78.6,-48.4
long,400,無,90,150,13:44,51,0.667,-60.59,-3090.0,-1359.0,0.61,-80.3,-51.6
long,400,無,90,200,12:00,51,0.51,-43.39,-2213.0,-1074.0,0.65,-76.8,-28.1
long,400,無,90,200,12:30,51,0.549,-55.61,-2836.0,-1148.0,0.61,-71.6,-48.3
long,400,無,90,200,13:00,51,0.588,-55.88,-2850.0,-1246.0,0.63,-50.1,-58.5
long,400,無,90,200,13:10,51,0.588,-57.88,-2952.0,-1176.0,0.63,-48.4,-62.2
long,400,無,90,200,13:20,51,0.588,-56.92,-2903.0,-1271.0,0.64,-54.7,-57.9
long,400,無,90,200,13:30,51,0.608,-64.33,-3281.0,-1170.0,0.62,-63.1,-64.9
long,400,無,90,200,13:44,51,0.588,-74.69,-3809.0,-1359.0,0.59,-67.4,-78.0
long,400,無,90,250,12:00,51,0.471,-43.45,-2216.0,-1074.0,0.66,-97.6,-18.7
long,400,無,90,250,12:30,51,0.51,-53.31,-2719.0,-1148.0,0.63,-85.2,-38.7
long,400,無,90,250,13:00,51,0.569,-57.51,-2933.0,-1246.0,0.63,-63.3,-54.9
long,400,無,90,250,13:10,51,0.529,-64.78,-3304.0,-1176.0,0.6,-69.5,-62.6
long,400,無,90,250,13:20,51,0.51,-68.14,-3475.0,-1271.0,0.6,-85.3,-60.3
long,400,無,90,250,13:30,51,0.529,-76.14,-3883.0,-1170.0,0.58,-94.8,-67.6
long,400,無,90,250,13:44,51,0.51,-90.55,-4618.0,-1359.0,0.55,-100.6,-85.9
long,400,無,100,50,12:00,55,0.927,9.93,546.0,-844.0,1.29,-75.2,48.0
long,400,無,100,50,12:30,55,0.927,13.98,769.0,-766.0,1.46,-62.1,48.0
long,400,無,100,50,13:00,55,0.927,20.05,1103.0,-531.0,1.82,-42.4,48.0
long,400,無,100,50,13:10,55,0.927,21.78,1198.0,-515.0,1.96,-36.8,48.0
long,400,無,100,50,13:20,55,0.927,21.0,1155.0,-594.0,1.89,-39.4,48.0
long,400,無,100,50,13:30,55,0.927,20.56,1131.0,-608.0,1.86,-40.8,48.0
long,400,無,100,50,13:44,55,0.927,17.49,962.0,-640.0,1.65,-50.7,48.0
long,400,無,100,75,12:00,55,0.836,-11.56,-636.0,-1084.0,0.84,-78.2,18.2
long,400,無,100,75,12:30,55,0.836,-13.44,-739.0,-1158.0,0.82,-68.3,11.1
long,400,無,100,75,13:00,55,0.836,-14.13,-777.0,-1256.0,0.81,-57.2,5.1
long,400,無,100,75,13:10,55,0.836,-11.85,-652.0,-1186.0,0.84,-45.2,3.1
long,400,無,100,75,13:20,55,0.836,-15.31,-842.0,-1281.0,0.8,-50.2,0.3
long,400,無,100,75,13:30,55,0.836,-18.16,-999.0,-1180.0,0.77,-54.4,-1.9
long,400,無,100,75,13:44,55,0.836,-28.24,-1553.0,-1369.0,0.68,-67.3,-10.8
long,400,無,100,100,12:00,55,0.764,-5.51,-303.0,-1084.0,0.93,-76.2,26.1
long,400,無,100,100,12:30,55,0.745,-12.0,-660.0,-1158.0,0.86,-73.7,15.6
long,400,無,100,100,13:00,55,0.8,-11.55,-635.0,-1256.0,0.87,-64.1,11.9
long,400,無,100,100,13:10,55,0.782,-9.75,-536.0,-1186.0,0.89,-48.8,7.7
long,400,無,100,100,13:20,55,0.782,-14.6,-803.0,-1281.0,0.84,-53.1,2.6
long,400,無,100,100,13:30,55,0.8,-18.27,-1005.0,-1180.0,0.81,-63.4,1.9
long,400,無,100,100,13:44,55,0.8,-30.75,-1691.0,-1369.0,0.72,-70.2,-13.1
long,400,無,100,150,12:00,55,0.655,-16.47,-906.0,-1084.0,0.84,-68.3,6.7
long,400,無,100,150,12:30,55,0.636,-24.24,-1333.0,-1158.0,0.79,-66.4,-5.4
long,400,無,100,150,13:00,55,0.691,-25.4,-1397.0,-1256.0,0.79,-56.8,-11.4
long,400,無,100,150,13:10,55,0.655,-34.56,-1901.0,-1186.0,0.73,-54.5,-25.6
long,400,無,100,150,13:20,55,0.673,-34.2,-1881.0,-1281.0,0.74,-60.3,-22.5
long,400,無,100,150,13:30,55,0.709,-38.51,-2118.0,-1180.0,0.72,-68.8,-25.0
long,400,無,100,150,13:44,55,0.709,-43.42,-2388.0,-1369.0,0.7,-70.4,-31.3
long,400,無,100,200,12:00,55,0.509,-30.05,-1653.0,-1084.0,0.74,-72.3,-11.2
long,400,無,100,200,12:30,55,0.564,-37.69,-2073.0,-1158.0,0.71,-67.4,-24.4
long,400,無,100,200,13:00,55,0.636,-39.69,-2183.0,-1256.0,0.72,-51.0,-34.6
long,400,無,100,200,13:10,55,0.564,-50.89,-2799.0,-1186.0,0.66,-55.6,-48.8
long,400,無,100,200,13:20,55,0.564,-53.13,-2922.0,-1281.0,0.66,-65.8,-47.4
long,400,無,100,200,13:30,55,0.618,-54.85,-3017.0,-1180.0,0.66,-75.8,-45.5
long,400,無,100,200,13:44,55,0.6,-69.45,-3820.0,-1369.0,0.61,-81.3,-64.2
long,400,無,100,250,12:00,55,0.491,-23.22,-1277.0,-1084.0,0.8,-91.9,7.5
long,400,無,100,250,12:30,55,0.527,-31.84,-1751.0,-1158.0,0.76,-80.2,-10.2
long,400,無,100,250,13:00,55,0.618,-33.29,-1831.0,-1256.0,0.77,-56.7,-22.8
long,400,無,100,250,13:10,55,0.545,-44.49,-2447.0,-1186.0,0.71,-62.9,-36.3
long,400,無,100,250,13:20,55,0.527,-47.18,-2595.0,-1281.0,0.71,-75.8,-34.4
long,400,無,100,250,13:30,55,0.564,-54.89,-3019.0,-1180.0,0.67,-86.5,-40.7
long,400,無,100,250,13:44,55,0.545,-71.69,-3943.0,-1369.0,0.62,-92.4,-62.4
long,400,無,110,50,12:00,55,0.891,-6.69,-368.0,-844.0,0.86,-76.4,24.5
long,400,無,110,50,12:30,55,0.891,-6.22,-342.0,-766.0,0.87,-63.2,19.3
long,400,無,110,50,13:00,55,0.891,-2.49,-137.0,-894.0,0.94,-43.6,15.9
long,400,無,110,50,13:10,55,0.891,-3.45,-190.0,-975.0,0.93,-38.0,12.0
long,400,無,110,50,13:20,55,0.891,-4.44,-244.0,-943.0,0.91,-40.5,11.7
long,400,無,110,50,13:30,55,0.891,-10.33,-568.0,-1190.0,0.81,-41.9,3.8
long,400,無,110,50,13:44,55,0.891,-18.58,-1022.0,-1379.0,0.7,-51.9,-3.7
long,400,無,110,75,12:00,55,0.818,-17.02,-936.0,-1094.0,0.78,-79.5,10.9
long,400,無,110,75,12:30,55,0.818,-20.85,-1147.0,-1168.0,0.74,-70.1,1.2
long,400,無,110,75,13:00,55,0.818,-26.15,-1438.0,-1266.0,0.7,-58.9,-11.5
long,400,無,110,75,13:10,55,0.818,-25.36,-1395.0,-1196.0,0.7,-47.0,-15.7
long,400,無,110,75,13:20,55,0.818,-30.44,-1674.0,-1291.0,0.66,-51.9,-20.8
long,400,無,110,75,13:30,55,0.818,-32.24,-1773.0,-1190.0,0.65,-56.2,-21.5
long,400,無,110,75,13:44,55,0.818,-46.58,-2562.0,-1379.0,0.56,-69.1,-36.5
long,400,無,110,100,12:00,55,0.745,-18.31,-1007.0,-1094.0,0.8,-76.6,7.8
long,400,無,110,100,12:30,55,0.727,-29.87,-1643.0,-1168.0,0.7,-76.1,-9.2
long,400,無,110,100,13:00,55,0.782,-29.87,-1643.0,-1266.0,0.72,-66.4,-13.5
long,400,無,110,100,13:10,55,0.764,-29.87,-1643.0,-1196.0,0.71,-51.2,-20.3
long,400,無,110,100,13:20,55,0.764,-35.69,-1963.0,-1291.0,0.68,-55.4,-26.9
long,400,無,110,100,13:30,55,0.782,-39.22,-2157.0,-1190.0,0.66,-65.7,-27.4
long,400,無,110,100,13:44,55,0.782,-50.96,-2803.0,-1379.0,0.6,-72.5,-41.3
long,400,無,110,150,12:00,55,0.636,-22.27,-1225.0,-1094.0,0.8,-66.9,-2.3
long,400,無,110,150,12:30,55,0.618,-32.24,-1773.0,-1168.0,0.73,-69.9,-15.4
long,400,無,110,150,13:00,55,0.673,-32.11,-1766.0,-1266.0,0.75,-60.3,-19.5
long,400,無,110,150,13:10,55,0.655,-38.38,-2111.0,-1196.0,0.71,-58.1,-29.6
long,400,無,110,150,13:20,55,0.655,-39.53,-2174.0,-1291.0,0.7,-63.8,-28.7
long,400,無,110,150,13:30,55,0.691,-44.2,-2431.0,-1190.0,0.68,-72.3,-31.6
long,400,無,110,150,13:44,55,0.691,-48.91,-2690.0,-1379.0,0.67,-73.9,-37.7
long,400,無,110,200,12:00,55,0.509,-31.45,-1730.0,-1094.0,0.73,-68.6,-14.8
long,400,無,110,200,12:30,55,0.564,-39.85,-2192.0,-1168.0,0.7,-66.7,-27.8
long,400,無,110,200,13:00,55,0.636,-40.89,-2249.0,-1266.0,0.71,-47.8,-37.8
long,400,無,110,200,13:10,55,0.582,-50.29,-2766.0,-1196.0,0.67,-46.6,-51.9
long,400,無,110,200,13:20,55,0.582,-50.16,-2759.0,-1291.0,0.68,-50.5,-50.0
long,400,無,110,200,13:30,55,0.636,-51.82,-2850.0,-1190.0,0.68,-60.2,-48.1
long,400,無,110,200,13:44,55,0.618,-66.09,-3635.0,-1379.0,0.63,-64.7,-66.7
long,400,無,110,250,12:00,55,0.491,-27.58,-1517.0,-1094.0,0.77,-96.6,3.3
long,400,無,110,250,12:30,55,0.527,-36.02,-1981.0,-1168.0,0.73,-84.9,-14.2
long,400,無,110,250,13:00,55,0.618,-37.29,-2051.0,-1266.0,0.74,-61.4,-26.5
long,400,無,110,250,13:10,55,0.545,-48.49,-2667.0,-1196.0,0.69,-67.6,-39.9
long,400,無,110,250,13:20,55,0.527,-51.13,-2812.0,-1291.0,0.69,-80.5,-38.0
long,400,無,110,250,13:30,55,0.564,-58.84,-3236.0,-1190.0,0.65,-91.2,-44.3
long,400,無,110,250,13:44,55,0.545,-75.64,-4160.0,-1379.0,0.6,-97.1,-66.0
long,400,無,120,50,12:00,55,0.873,-28.31,-1557.0,-1104.0,0.6,-77.5,-6.3
long,400,無,120,50,12:30,55,0.873,-29.18,-1605.0,-1178.0,0.59,-64.4,-13.4
long,400,無,120,50,13:00,55,0.873,-27.24,-1498.0,-1276.0,0.61,-44.8,-19.4
long,400,無,120,50,13:10,55,0.873,-26.93,-1481.0,-1206.0,0.61,-39.2,-21.4
long,400,無,120,50,13:20,55,0.873,-29.64,-1630.0,-1301.0,0.59,-41.7,-24.2
long,400,無,120,50,13:30,55,0.873,-31.62,-1739.0,-1200.0,0.57,-43.1,-26.5
long,400,無,120,50,13:44,55,0.873,-40.78,-2243.0,-1389.0,0.51,-53.1,-35.3
long,400,無,120,75,12:00,55,0.818,-18.24,-1003.0,-1104.0,0.77,-81.2,9.9
long,400,無,120,75,12:30,55,0.818,-22.07,-1214.0,-1178.0,0.73,-71.8,0.2
long,400,無,120,75,13:00,55,0.818,-27.36,-1505.0,-1276.0,0.69,-60.7,-12.4
long,400,無,120,75,13:10,55,0.818,-26.58,-1462.0,-1206.0,0.69,-48.8,-16.7
long,400,無,120,75,13:20,55,0.818,-31.65,-1741.0,-1301.0,0.65,-53.7,-21.8
long,400,無,120,75,13:30,55,0.818,-33.45,-1840.0,-1200.0,0.64,-57.9,-22.5
long,400,無,120,75,13:44,55,0.818,-47.8,-2629.0,-1389.0,0.56,-70.8,-37.5
long,400,無,120,100,12:00,55,0.727,-20.96,-1153.0,-1104.0,0.77,-81.9,6.3
long,400,無,120,100,12:30,55,0.727,-33.25,-1829.0,-1178.0,0.68,-83.6,-10.7
long,400,無,120,100,13:00,55,0.782,-31.93,-1756.0,-1276.0,0.7,-70.3,-14.8
long,400,無,120,100,13:10,55,0.745,-33.64,-1850.0,-1206.0,0.68,-60.6,-21.6
long,400,無,120,100,13:20,55,0.764,-38.91,-2140.0,-1301.0,0.65,-63.1,-28.1
long,400,無,120,100,13:30,55,0.782,-41.93,-2306.0,-1200.0,0.64,-71.7,-28.6
long,400,無,120,100,13:44,55,0.782,-53.45,-2940.0,-1389.0,0.58,-77.8,-42.6
long,400,無,120,150,12:00,55,0.618,-23.27,-1280.0,-1104.0,0.79,-70.5,-2.2
long,400,無,120,150,12:30,55,0.618,-32.93,-1811.0,-1178.0,0.73,-73.5,-14.8
long,400,無,120,150,13:00,55,0.673,-33.6,-1848.0,-1276.0,0.74,-63.8,-20.1
long,400,無,120,150,13:10,55,0.655,-39.67,-2182.0,-1206.0,0.7,-61.6,-29.9
long,400,無,120,150,13:20,55,0.655,-39.84,-2191.0,-1301.0,0.7,-67.4,-27.5
long,400,無,120,150,13:30,55,0.691,-45.02,-2476.0,-1200.0,0.68,-75.8,-31.2
long,400,無,120,150,13:44,55,0.691,-51.04,-2807.0,-1389.0,0.66,-77.5,-39.2
long,400,無,120,200,12:00,55,0.491,-32.42,-1783.0,-1104.0,0.73,-72.7,-14.4
long,400,無,120,200,12:30,55,0.564,-40.51,-2228.0,-1178.0,0.7,-70.8,-26.9
long,400,無,120,200,13:00,55,0.636,-42.16,-2319.0,-1276.0,0.71,-51.9,-37.8
long,400,無,120,200,13:10,55,0.582,-51.36,-2825.0,-1206.0,0.67,-50.7,-51.7
long,400,無,120,200,13:20,55,0.582,-50.16,-2759.0,-1301.0,0.68,-54.6,-48.2
long,400,無,120,200,13:30,55,0.636,-53.45,-2940.0,-1200.0,0.67,-64.4,-48.6
long,400,無,120,200,13:44,55,0.618,-68.82,-3785.0,-1389.0,0.62,-68.8,-68.8
long,400,無,120,250,12:00,55,0.473,-32.18,-1770.0,-1104.0,0.74,-101.4,-1.2
long,400,無,120,250,12:30,55,0.527,-39.84,-2191.0,-1178.0,0.71,-89.6,-17.6
long,400,無,120,250,13:00,55,0.618,-40.93,-2251.0,-1276.0,0.72,-66.1,-29.7
long,400,無,120,250,13:10,55,0.545,-52.13,-2867.0,-1206.0,0.67,-72.3,-43.1
long,400,無,120,250,13:20,55,0.527,-54.76,-3012.0,-1301.0,0.67,-85.2,-41.1
long,400,無,120,250,13:30,55,0.564,-62.47,-3436.0,-1200.0,0.64,-95.9,-47.5
long,400,無,120,250,13:44,55,0.545,-79.27,-4360.0,-1389.0,0.59,-101.8,-69.2
long,400,無,130,50,12:00,59,0.881,-23.81,-1405.0,-1114.0,0.64,-59.7,-5.4
long,400,無,130,50,12:30,59,0.881,-24.63,-1453.0,-1188.0,0.63,-48.6,-12.4
long,400,無,130,50,13:00,59,0.881,-22.81,-1346.0,-1286.0,0.65,-31.8,-18.2
long,400,無,130,50,13:10,59,0.881,-22.53,-1329.0,-1216.0,0.65,-27.1,-20.2
long,400,無,130,50,13:20,59,0.881,-25.05,-1478.0,-1311.0,0.63,-29.2,-22.9
long,400,無,130,50,13:30,59,0.881,-26.9,-1587.0,-1210.0,0.61,-30.4,-25.1
long,400,無,130,50,13:44,59,0.881,-35.44,-2091.0,-1399.0,0.54,-38.9,-33.7
long,400,無,130,75,12:00,59,0.831,-9.07,-535.0,-1114.0,0.87,-56.0,15.0
long,400,無,130,75,12:30,59,0.831,-14.73,-869.0,-1188.0,0.8,-58.8,7.9
long,400,無,130,75,13:00,59,0.847,-12.46,-735.0,-1286.0,0.83,-46.3,4.9
long,400,無,130,75,13:10,59,0.847,-10.27,-606.0,-1216.0,0.86,-36.0,2.9
long,400,無,130,75,13:20,59,0.847,-13.32,-786.0,-1311.0,0.82,-39.6,0.2
long,400,無,130,75,13:30,59,0.847,-18.05,-1065.0,-1210.0,0.77,-49.4,-2.0
long,400,無,130,75,13:44,59,0.847,-26.95,-1590.0,-1399.0,0.7,-58.8,-10.6
long,400,無,130,100,12:00,59,0.763,-4.12,-243.0,-1114.0,0.95,-57.4,23.2
long,400,無,130,100,12:30,59,0.746,-10.63,-627.0,-1188.0,0.87,-58.9,14.1
long,400,無,130,100,13:00,59,0.814,-8.58,-506.0,-1286.0,0.9,-47.6,11.4
long,400,無,130,100,13:10,59,0.78,-8.49,-501.0,-1216.0,0.9,-39.3,7.3
long,400,無,130,100,13:20,59,0.78,-12.51,-738.0,-1311.0,0.86,-41.4,2.3
long,400,無,130,100,13:30,59,0.814,-15.46,-912.0,-1210.0,0.83,-48.8,1.6
long,400,無,130,100,13:44,59,0.814,-26.88,-1586.0,-1399.0,0.74,-54.0,-13.0
long,400,無,130,150,12:00,59,0.627,-17.63,-1040.0,-1114.0,0.83,-42.9,-4.7
long,400,無,130,150,12:30,59,0.593,-31.07,-1833.0,-1188.0,0.74,-51.4,-20.6
long,400,無,130,150,13:00,59,0.678,-35.08,-2070.0,-1286.0,0.73,-39.0,-33.1
long,400,無,130,150,13:10,59,0.661,-41.83,-2468.0,-1216.0,0.69,-40.3,-42.6
long,400,無,130,150,13:20,59,0.644,-41.19,-2430.0,-1311.0,0.69,-43.2,-40.2
long,400,無,130,150,13:30,59,0.695,-46.78,-2760.0,-1210.0,0.67,-48.2,-46.0
long,400,無,130,150,13:44,59,0.695,-54.69,-3227.0,-1399.0,0.64,-51.8,-56.2
long,400,無,130,200,12:00,59,0.525,-25.07,-1479.0,-1114.0,0.78,-48.4,-13.1
long,400,無,130,200,12:30,59,0.559,-32.56,-1921.0,-1188.0,0.75,-50.2,-23.5
long,400,無,130,200,13:00,59,0.661,-33.24,-1961.0,-1286.0,0.76,-32.2,-33.8
long,400,無,130,200,13:10,59,0.593,-44.56,-2629.0,-1216.0,0.7,-39.2,-47.3
long,400,無,130,200,13:20,59,0.576,-44.56,-2629.0,-1311.0,0.71,-45.8,-43.9
long,400,無,130,200,13:30,59,0.644,-46.81,-2762.0,-1210.0,0.7,-52.2,-44.1
long,400,無,130,200,13:44,59,0.627,-62.15,-3667.0,-1399.0,0.64,-59.0,-63.8
long,400,無,130,250,12:00,59,0.508,-21.76,-1284.0,-1114.0,0.81,-62.2,-1.0
long,400,無,130,250,12:30,59,0.525,-28.59,-1687.0,-1188.0,0.78,-56.2,-14.5
long,400,無,130,250,13:00,59,0.644,-28.86,-1703.0,-1286.0,0.79,-32.0,-27.3
long,400,無,130,250,13:10,59,0.576,-42.41,-2502.0,-1216.0,0.72,-40.4,-43.4
long,400,無,130,250,13:20,59,0.542,-44.07,-2600.0,-1311.0,0.72,-49.4,-41.4
long,400,無,130,250,13:30,59,0.593,-49.61,-2927.0,-1210.0,0.7,-56.4,-46.2
long,400,無,130,250,13:44,59,0.576,-67.36,-3974.0,-1399.0,0.63,-63.4,-69.4
long,400,無,140,50,12:00,61,0.885,-22.11,-1349.0,-1124.0,0.66,-55.5,-4.6
long,400,無,140,50,12:30,61,0.885,-22.9,-1397.0,-1198.0,0.65,-44.9,-11.4
long,400,無,140,50,13:00,61,0.885,-21.15,-1290.0,-1296.0,0.67,-29.0,-17.0
long,400,無,140,50,13:10,61,0.885,-20.87,-1273.0,-1226.0,0.67,-24.5,-19.0
long,400,無,140,50,13:20,61,0.885,-23.31,-1422.0,-1321.0,0.65,-26.5,-21.6
long,400,無,140,50,13:30,61,0.885,-25.1,-1531.0,-1220.0,0.63,-27.7,-23.8
long,400,無,140,50,13:44,61,0.885,-33.36,-2035.0,-1409.0,0.56,-35.7,-32.1
long,400,無,140,75,12:00,61,0.82,-10.13,-618.0,-1124.0,0.86,-59.3,15.7
long,400,無,140,75,12:30,61,0.82,-14.69,-896.0,-1198.0,0.8,-59.4,8.8
long,400,無,140,75,13:00,61,0.836,-14.54,-887.0,-1296.0,0.81,-53.9,6.1
long,400,無,140,75,13:10,61,0.836,-11.13,-679.0,-1226.0,0.85,-40.2,4.2
long,400,無,140,75,13:20,61,0.836,-14.1,-860.0,-1321.0,0.81,-43.8,1.5
long,400,無,140,75,13:30,61,0.836,-18.98,-1158.0,-1220.0,0.76,-54.0,-0.6
long,400,無,140,75,13:44,61,0.836,-26.97,-1645.0,-1409.0,0.69,-61.2,-9.0
long,400,無,140,100,12:00,61,0.738,-12.79,-780.0,-1124.0,0.85,-61.0,12.5
long,400,無,140,100,12:30,61,0.721,-17.44,-1064.0,-1198.0,0.8,-63.2,6.6
long,400,無,140,100,13:00,61,0.787,-16.8,-1025.0,-1296.0,0.82,-55.4,3.4
long,400,無,140,100,13:10,61,0.754,-19.61,-1196.0,-1226.0,0.79,-53.6,-1.8
long,400,無,140,100,13:20,61,0.754,-24.41,-1489.0,-1321.0,0.75,-58.2,-6.6
long,400,無,140,100,13:30,61,0.787,-27.54,-1680.0,-1220.0,0.73,-65.1,-7.8
long,400,無,140,100,13:44,61,0.787,-35.89,-2189.0,-1409.0,0.68,-66.4,-19.8
long,400,無,140,150,12:00,61,0.623,-21.34,-1302.0,-1124.0,0.8,-37.1,-13.0
long,400,無,140,150,12:30,61,0.59,-37.02,-2258.0,-1198.0,0.7,-45.3,-32.7
long,400,無,140,150,13:00,61,0.689,-33.67,-2054.0,-1296.0,0.73,-33.5,-33.8
long,400,無,140,150,13:10,61,0.656,-39.2,-2391.0,-1226.0,0.7,-34.7,-41.6
long,400,無,140,150,13:20,61,0.656,-37.11,-2264.0,-1321.0,0.72,-37.4,-37.0
long,400,無,140,150,13:30,61,0.705,-42.52,-2594.0,-1220.0,0.7,-42.2,-42.7
long,400,無,140,150,13:44,61,0.705,-50.18,-3061.0,-1409.0,0.66,-45.6,-52.6
long,400,無,140,200,12:00,61,0.541,-23.69,-1445.0,-1124.0,0.79,-41.0,-14.6
long,400,無,140,200,12:30,61,0.574,-30.72,-1874.0,-1198.0,0.76,-42.7,-24.4
long,400,無,140,200,13:00,61,0.672,-32.56,-1986.0,-1296.0,0.76,-25.5,-36.3
long,400,無,140,200,13:10,61,0.59,-43.13,-2631.0,-1226.0,0.7,-32.2,-48.9
long,400,無,140,200,13:20,61,0.59,-43.11,-2630.0,-1321.0,0.71,-38.5,-45.5
long,400,無,140,200,13:30,61,0.656,-45.03,-2747.0,-1220.0,0.71,-44.6,-45.3
long,400,無,140,200,13:44,61,0.639,-57.34,-3498.0,-1409.0,0.66,-51.0,-60.6
long,400,無,140,250,12:00,61,0.525,-16.85,-1028.0,-1124.0,0.85,-52.2,1.7
long,400,無,140,250,12:30,61,0.541,-23.13,-1411.0,-1198.0,0.82,-46.0,-11.2
long,400,無,140,250,13:00,61,0.656,-23.07,-1407.0,-1296.0,0.83,-23.0,-23.1
long,400,無,140,250,13:10,61,0.574,-36.16,-2206.0,-1226.0,0.75,-31.0,-38.9
long,400,無,140,250,13:20,61,0.557,-37.77,-2304.0,-1321.0,0.76,-39.5,-36.9
long,400,無,140,250,13:30,61,0.607,-43.13,-2631.0,-1220.0,0.73,-46.1,-41.6
long,400,無,140,250,13:44,61,0.59,-60.3,-3678.0,-1409.0,0.66,-52.9,-64.2
long,400,無,150,50,12:00,63,0.873,-21.97,-1384.0,-1134.0,0.66,-47.4,-7.4
long,400,無,150,50,12:30,63,0.873,-22.81,-1437.0,-1208.0,0.65,-37.7,-14.2
long,400,無,150,50,13:00,63,0.889,-19.44,-1225.0,-1306.0,0.69,-23.2,-17.3
long,400,無,150,50,13:10,63,0.889,-19.17,-1208.0,-1236.0,0.69,-19.0,-19.2
long,400,無,150,50,13:20,63,0.889,-21.54,-1357.0,-1331.0,0.66,-20.9,-21.9
long,400,無,150,50,13:30,63,0.889,-23.27,-1466.0,-1221.0,0.65,-22.0,-24.0
long,400,無,150,50,13:44,63,0.889,-31.27,-1970.0,-1410.0,0.58,-29.3,-32.4
long,400,無,150,75,12:00,63,0.825,-9.32,-587.0,-1134.0,0.86,-51.9,15.2
long,400,無,150,75,12:30,63,0.81,-14.37,-905.0,-1208.0,0.8,-53.7,8.2
long,400,無,150,75,13:00,63,0.841,-13.06,-823.0,-1306.0,0.82,-45.9,5.8
long,400,無,150,75,13:10,63,0.825,-11.25,-709.0,-1236.0,0.84,-37.6,3.9
long,400,無,150,75,13:20,63,0.825,-13.65,-860.0,-1331.0,0.82,-39.5,1.2
long,400,無,150,75,13:30,63,0.841,-17.94,-1130.0,-1221.0,0.77,-47.6,-0.9
long,400,無,150,75,13:44,63,0.841,-25.48,-1605.0,-1410.0,0.7,-53.7,-9.3
long,400,無,150,100,12:00,63,0.746,-11.19,-705.0,-1134.0,0.86,-50.2,11.2
long,400,無,150,100,12:30,63,0.73,-15.38,-969.0,-1208.0,0.82,-51.8,5.6
long,400,無,150,100,13:00,63,0.794,-15.67,-987.0,-1306.0,0.83,-44.7,1.0
long,400,無,150,100,13:10,63,0.762,-18.16,-1144.0,-1236.0,0.8,-43.0,-3.9
long,400,無,150,100,13:20,63,0.762,-21.97,-1384.0,-1331.0,0.77,-47.3,-7.4
long,400,無,150,100,13:30,63,0.794,-25.0,-1575.0,-1221.0,0.75,-53.5,-8.6
long,400,無,150,100,13:44,63,0.794,-33.08,-2084.0,-1410.0,0.7,-54.7,-20.6
long,400,無,150,150,12:00,63,0.651,-15.83,-997.0,-1134.0,0.85,-29.7,-7.8
long,400,無,150,150,12:30,63,0.619,-27.21,-1714.0,-1208.0,0.76,-37.0,-21.6
long,400,無,150,150,13:00,63,0.698,-29.02,-1828.0,-1306.0,0.77,-24.2,-31.8
long,400,無,150,150,13:10,63,0.667,-35.43,-2232.0,-1236.0,0.73,-25.5,-41.1
long,400,無,150,150,13:20,63,0.667,-33.98,-2141.0,-1331.0,0.74,-26.6,-38.2
long,400,無,150,150,13:30,63,0.714,-39.71,-2502.0,-1221.0,0.71,-32.3,-44.0
long,400,無,150,150,13:44,63,0.714,-47.22,-2975.0,-1410.0,0.67,-35.7,-53.9
long,400,無,150,200,12:00,63,0.556,-20.79,-1310.0,-1134.0,0.81,-24.1,-18.9
long,400,無,150,200,12:30,63,0.587,-27.63,-1741.0,-1208.0,0.78,-25.7,-28.8
long,400,無,150,200,13:00,63,0.667,-28.11,-1771.0,-1306.0,0.79,-10.0,-38.6
long,400,無,150,200,13:10,63,0.603,-38.35,-2416.0,-1236.0,0.73,-16.1,-51.2
long,400,無,150,200,13:20,63,0.603,-38.33,-2415.0,-1331.0,0.74,-21.9,-47.8
long,400,無,150,200,13:30,63,0.651,-44.25,-2788.0,-1221.0,0.71,-27.4,-54.0
long,400,無,150,200,13:44,63,0.635,-56.84,-3581.0,-1410.0,0.66,-33.3,-70.4
long,400,無,150,250,12:00,63,0.54,-12.08,-761.0,-1134.0,0.89,-30.3,-1.6
long,400,無,150,250,12:30,63,0.556,-17.87,-1126.0,-1208.0,0.86,-24.3,-14.2
long,400,無,150,250,13:00,63,0.651,-18.4,-1159.0,-1306.0,0.86,-3.3,-27.1
long,400,無,150,250,13:10,63,0.587,-31.54,-1987.0,-1236.0,0.78,-10.6,-43.6
long,400,無,150,250,13:20,63,0.571,-33.49,-2110.0,-1331.0,0.78,-18.4,-42.2
long,400,無,150,250,13:30,63,0.619,-39.4,-2482.0,-1221.0,0.75,-24.5,-48.0
long,400,無,150,250,13:44,63,0.587,-57.51,-3623.0,-1410.0,0.67,-30.7,-73.0
