str_min,agree,m,tgt,ex,B,n,n_loss,n_loss100,winrate,avg,total,max_loss,pf,be
0.0,False,10,150,13:20,0,78,28,22,0.641,4.08,318.0,-1672.0,1.05,0.0
0.0,False,10,150,13:20,50,78,52,14,0.333,-16.58,-1293.0,-1672.0,0.74,0.449
0.0,False,10,150,13:20,80,78,47,20,0.397,-21.82,-1702.0,-1672.0,0.72,0.308
0.0,False,10,150,13:20,120,78,31,21,0.603,4.22,329.0,-1672.0,1.05,0.064
0.0,False,10,150,13:30,0,78,28,21,0.641,5.56,434.0,-1457.0,1.07,0.0
0.0,False,10,150,13:30,50,78,52,15,0.333,-15.46,-1206.0,-1457.0,0.75,0.462
0.0,False,10,150,13:30,80,78,46,20,0.41,-19.06,-1487.0,-1457.0,0.75,0.308
0.0,False,10,150,13:30,120,78,31,20,0.603,6.46,504.0,-1457.0,1.08,0.077
0.0,False,10,150,13:44,0,78,27,21,0.654,5.22,407.0,-1507.0,1.06,0.0
0.0,False,10,150,13:44,50,78,52,15,0.333,-18.08,-1410.0,-1507.0,0.72,0.462
0.0,False,10,150,13:44,80,78,46,20,0.41,-21.33,-1664.0,-1507.0,0.73,0.308
0.0,False,10,150,13:44,120,78,31,20,0.603,3.64,284.0,-1507.0,1.04,0.077
0.0,False,10,200,13:20,0,78,31,23,0.603,7.88,615.0,-1672.0,1.09,0.0
0.0,False,10,200,13:20,50,78,55,14,0.295,-11.03,-860.0,-1672.0,0.82,0.487
0.0,False,10,200,13:20,80,78,52,20,0.333,-18.19,-1419.0,-1672.0,0.77,0.372
0.0,False,10,200,13:20,120,78,39,21,0.5,6.37,497.0,-1672.0,1.08,0.167
0.0,False,10,200,13:30,0,78,32,22,0.59,9.53,743.0,-1457.0,1.11,0.0
0.0,False,10,200,13:30,50,78,55,15,0.295,-11.74,-916.0,-1457.0,0.81,0.5
0.0,False,10,200,13:30,80,78,51,20,0.346,-17.27,-1347.0,-1457.0,0.77,0.372
0.0,False,10,200,13:30,120,78,40,20,0.487,6.19,483.0,-1457.0,1.08,0.192
0.0,False,10,200,13:44,0,78,32,23,0.59,8.15,636.0,-1507.0,1.09,0.0
0.0,False,10,200,13:44,50,78,57,15,0.269,-15.51,-1210.0,-1507.0,0.76,0.526
0.0,False,10,200,13:44,80,78,53,20,0.321,-20.05,-1564.0,-1507.0,0.75,0.397
0.0,False,10,200,13:44,120,78,42,20,0.462,2.37,185.0,-1507.0,1.03,0.218
0.0,False,10,250,13:20,0,78,33,24,0.577,13.55,1057.0,-1672.0,1.14,0.0
0.0,False,10,250,13:20,50,78,57,14,0.269,-8.12,-633.0,-1672.0,0.87,0.513
0.0,False,10,250,13:20,80,78,55,20,0.295,-16.56,-1292.0,-1672.0,0.79,0.41
0.0,False,10,250,13:20,120,78,45,21,0.423,3.51,274.0,-1672.0,1.04,0.244
0.0,False,10,250,13:30,0,78,34,23,0.564,13.49,1052.0,-1457.0,1.14,0.0
0.0,False,10,250,13:30,50,78,57,15,0.269,-10.23,-798.0,-1457.0,0.84,0.526
0.0,False,10,250,13:30,80,78,54,20,0.308,-17.04,-1329.0,-1457.0,0.78,0.41
0.0,False,10,250,13:30,120,78,46,20,0.41,1.94,151.0,-1457.0,1.02,0.269
0.0,False,10,250,13:44,0,78,34,25,0.564,8.17,637.0,-1507.0,1.08,0.0
0.0,False,10,250,13:44,50,78,60,15,0.231,-14.97,-1168.0,-1507.0,0.77,0.564
0.0,False,10,250,13:44,80,78,58,20,0.256,-23.36,-1822.0,-1507.0,0.71,0.462
0.0,False,10,250,13:44,120,78,50,20,0.359,-4.78,-373.0,-1507.0,0.94,0.321
0.0,False,10,300,13:20,0,78,35,25,0.551,5.08,396.0,-1672.0,1.05,0.0
0.0,False,10,300,13:20,50,78,60,14,0.231,-14.51,-1132.0,-1672.0,0.77,0.551
0.0,False,10,300,13:20,80,78,58,20,0.256,-23.86,-1861.0,-1672.0,0.69,0.449
0.0,False,10,300,13:20,120,78,50,21,0.359,-9.21,-718.0,-1672.0,0.88,0.308
0.0,False,10,300,13:30,0,78,37,24,0.526,6.26,488.0,-1457.0,1.06,0.0
0.0,False,10,300,13:30,50,78,60,15,0.231,-16.85,-1314.0,-1457.0,0.73,0.564
0.0,False,10,300,13:30,80,78,57,20,0.269,-22.37,-1745.0,-1457.0,0.71,0.449
0.0,False,10,300,13:30,120,78,51,20,0.346,-8.5,-663.0,-1457.0,0.89,0.333
0.0,False,10,300,13:44,0,78,37,27,0.526,-1.17,-91.0,-1507.0,0.99,0.0
0.0,False,10,300,13:44,50,78,63,15,0.192,-21.53,-1679.0,-1507.0,0.67,0.603
0.0,False,10,300,13:44,80,78,61,20,0.218,-28.63,-2233.0,-1507.0,0.65,0.5
0.0,False,10,300,13:44,120,78,55,20,0.295,-14.72,-1148.0,-1507.0,0.82,0.385
0.0,False,20,150,13:20,0,67,17,14,0.746,58.55,3923.0,-456.0,2.39,0.0
0.0,False,20,150,13:20,50,67,38,8,0.433,35.9,2405.0,-363.0,2.5,0.433
0.0,False,20,150,13:20,80,67,28,12,0.582,43.04,2884.0,-456.0,2.16,0.209
0.0,False,20,150,13:20,120,67,21,12,0.687,56.93,3814.0,-456.0,2.54,0.09
0.0,False,20,150,13:30,0,67,18,11,0.731,60.84,4076.0,-409.0,2.44,0.0
0.0,False,20,150,13:30,50,67,39,8,0.418,35.06,2349.0,-409.0,2.36,0.433
0.0,False,20,150,13:30,80,67,28,10,0.582,47.0,3149.0,-409.0,2.33,0.209
0.0,False,20,150,13:30,120,67,22,10,0.672,60.24,4036.0,-409.0,2.7,0.104
0.0,False,20,150,13:44,0,67,16,12,0.761,64.9,4348.0,-347.0,2.57,0.0
0.0,False,20,150,13:44,50,67,38,8,0.433,36.19,2425.0,-318.0,2.42,0.433
0.0,False,20,150,13:44,80,67,27,11,0.597,48.21,3230.0,-347.0,2.35,0.209
0.0,False,20,150,13:44,120,67,21,11,0.687,61.27,4105.0,-347.0,2.7,0.104
0.0,False,20,200,13:20,0,67,22,15,0.672,57.45,3849.0,-456.0,2.17,0.0
0.0,False,20,200,13:20,50,67,44,8,0.343,36.57,2450.0,-363.0,2.52,0.522
0.0,False,20,200,13:20,80,67,35,12,0.478,44.69,2994.0,-456.0,2.2,0.313
0.0,False,20,200,13:20,120,67,30,12,0.552,55.37,3710.0,-456.0,2.49,0.224
0.0,False,20,200,13:30,0,67,23,12,0.657,59.6,3993.0,-409.0,2.26,0.0
0.0,False,20,200,13:30,50,67,45,8,0.328,34.3,2298.0,-409.0,2.32,0.522
0.0,False,20,200,13:30,80,67,36,10,0.463,46.1,3089.0,-409.0,2.29,0.328
0.0,False,20,200,13:30,120,67,32,10,0.522,54.99,3684.0,-409.0,2.54,0.254
0.0,False,20,200,13:44,0,67,22,16,0.672,57.4,3846.0,-347.0,2.08,0.0
0.0,False,20,200,13:44,50,67,45,8,0.328,33.69,2257.0,-318.0,2.31,0.537
0.0,False,20,200,13:44,80,67,37,11,0.448,42.58,2853.0,-347.0,2.18,0.358
0.0,False,20,200,13:44,120,67,34,11,0.493,51.16,3428.0,-347.0,2.4,0.299
0.0,False,20,250,13:20,0,67,24,16,0.642,63.09,4227.0,-491.0,2.11,0.0
0.0,False,20,250,13:20,50,67,47,8,0.299,37.34,2502.0,-363.0,2.55,0.567
0.0,False,20,250,13:20,80,67,41,12,0.388,38.75,2596.0,-456.0,2.04,0.403
0.0,False,20,250,13:20,120,67,36,12,0.463,50.93,3412.0,-456.0,2.36,0.313
0.0,False,20,250,13:30,0,67,25,13,0.627,63.36,4245.0,-522.0,2.14,0.0
0.0,False,20,250,13:30,50,67,49,8,0.269,33.36,2235.0,-409.0,2.28,0.582
0.0,False,20,250,13:30,80,67,43,10,0.358,38.45,2576.0,-409.0,2.07,0.433
0.0,False,20,250,13:30,120,67,39,10,0.418,48.82,3271.0,-409.0,2.36,0.358
0.0,False,20,250,13:44,0,67,24,17,0.642,61.61,4128.0,-551.0,2.0,0.0
0.0,False,20,250,13:44,50,67,49,8,0.269,32.94,2207.0,-318.0,2.27,0.597
0.0,False,20,250,13:44,80,67,44,11,0.343,35.12,2353.0,-347.0,1.97,0.463
0.0,False,20,250,13:44,120,67,41,11,0.388,45.58,3054.0,-347.0,2.24,0.403
0.0,False,20,300,13:20,0,67,25,17,0.627,51.96,3481.0,-491.0,1.87,0.0
0.0,False,20,300,13:20,50,67,50,8,0.254,28.13,1885.0,-363.0,2.16,0.612
0.0,False,20,300,13:20,80,67,45,12,0.328,25.69,1721.0,-456.0,1.69,0.463
0.0,False,20,300,13:20,120,67,40,12,0.403,38.12,2554.0,-456.0,2.02,0.373
0.0,False,20,300,13:30,0,67,27,14,0.597,53.0,3551.0,-522.0,1.88,0.0
0.0,False,20,300,13:30,50,67,52,8,0.224,25.79,1728.0,-409.0,1.99,0.627
0.0,False,20,300,13:30,80,67,47,10,0.299,26.4,1769.0,-409.0,1.73,0.493
0.0,False,20,300,13:30,120,67,43,10,0.358,37.4,2506.0,-409.0,2.04,0.418
0.0,False,20,300,13:44,0,67,27,19,0.597,47.99,3215.0,-551.0,1.69,0.0
0.0,False,20,300,13:44,50,67,52,8,0.224,24.87,1666.0,-318.0,1.96,0.642
0.0,False,20,300,13:44,80,67,48,11,0.284,22.15,1484.0,-347.0,1.61,0.522
0.0,False,20,300,13:44,120,67,45,11,0.328,34.1,2285.0,-347.0,1.93,0.463
0.0,False,30,150,13:20,0,64,17,14,0.734,50.55,3235.0,-466.0,2.03,0.0
0.0,False,30,150,13:20,50,64,42,8,0.344,18.78,1202.0,-466.0,1.6,0.516
0.0,False,30,150,13:20,80,64,28,11,0.562,41.95,2685.0,-466.0,2.09,0.234
0.0,False,30,150,13:20,120,64,19,13,0.703,50.34,3222.0,-466.0,2.13,0.047
0.0,False,30,150,13:30,0,64,17,12,0.734,58.09,3718.0,-419.0,2.3,0.0
0.0,False,30,150,13:30,50,64,42,8,0.344,21.03,1346.0,-419.0,1.7,0.516
0.0,False,30,150,13:30,80,64,27,9,0.578,47.59,3046.0,-419.0,2.37,0.234
0.0,False,30,150,13:30,120,64,19,11,0.703,56.88,3640.0,-419.0,2.38,0.062
0.0,False,30,150,13:44,0,64,16,12,0.75,60.12,3848.0,-357.0,2.31,0.0
0.0,False,30,150,13:44,50,64,41,8,0.359,22.02,1409.0,-357.0,1.75,0.516
0.0,False,30,150,13:44,80,64,26,10,0.594,48.73,3119.0,-357.0,2.39,0.234
0.0,False,30,150,13:44,120,64,18,11,0.719,60.11,3847.0,-357.0,2.46,0.062
0.0,False,30,200,13:20,0,64,22,15,0.656,54.95,3517.0,-466.0,2.05,0.0
0.0,False,30,200,13:20,50,64,49,8,0.234,13.31,852.0,-466.0,1.42,0.625
0.0,False,30,200,13:20,80,64,38,11,0.406,34.06,2180.0,-466.0,1.88,0.391
0.0,False,30,200,13:20,120,64,31,13,0.516,39.33,2517.0,-466.0,1.88,0.234
0.0,False,30,200,13:30,0,64,22,12,0.656,59.31,3796.0,-419.0,2.22,0.0
0.0,False,30,200,13:30,50,64,49,8,0.234,14.03,898.0,-419.0,1.47,0.625
0.0,False,30,200,13:30,80,64,38,9,0.406,37.17,2379.0,-419.0,2.06,0.406
0.0,False,30,200,13:30,120,64,32,11,0.5,41.58,2661.0,-419.0,2.0,0.266
0.0,False,30,200,13:44,0,64,21,15,0.672,58.22,3726.0,-357.0,2.07,0.0
0.0,False,30,200,13:44,50,64,49,8,0.234,14.2,909.0,-357.0,1.48,0.641
0.0,False,30,200,13:44,80,64,39,10,0.391,34.38,2200.0,-357.0,1.97,0.438
0.0,False,30,200,13:44,120,64,34,11,0.469,41.41,2650.0,-357.0,1.99,0.312
0.0,False,30,250,13:20,0,64,24,16,0.625,60.23,3855.0,-501.0,1.99,0.0
0.0,False,30,250,13:20,50,64,51,8,0.203,15.62,1000.0,-466.0,1.49,0.656
0.0,False,30,250,13:20,80,64,42,11,0.344,34.81,2228.0,-466.0,1.9,0.453
0.0,False,30,250,13:20,120,64,35,13,0.453,41.64,2665.0,-466.0,1.93,0.297
0.0,False,30,250,13:30,0,64,24,13,0.625,62.62,4008.0,-532.0,2.09,0.0
0.0,False,30,250,13:30,50,64,51,8,0.203,16.8,1075.0,-419.0,1.56,0.656
0.0,False,30,250,13:30,80,64,42,9,0.344,38.38,2456.0,-419.0,2.09,0.469
0.0,False,30,250,13:30,120,64,36,11,0.438,44.34,2838.0,-419.0,2.06,0.328
0.0,False,30,250,13:44,0,64,23,16,0.641,61.84,3958.0,-561.0,1.97,0.0
0.0,False,30,250,13:44,50,64,51,8,0.203,17.33,1109.0,-357.0,1.58,0.672
0.0,False,30,250,13:44,80,64,43,10,0.328,35.94,2300.0,-357.0,2.01,0.5
0.0,False,30,250,13:44,120,64,38,11,0.406,44.78,2866.0,-357.0,2.07,0.375
0.0,False,30,300,13:20,0,64,26,17,0.594,46.86,2999.0,-501.0,1.73,0.0
0.0,False,30,300,13:20,50,64,52,8,0.188,14.41,922.0,-466.0,1.46,0.672
0.0,False,30,300,13:20,80,64,45,11,0.297,25.2,1613.0,-466.0,1.65,0.5
0.0,False,30,300,13:20,120,64,38,13,0.406,29.45,1885.0,-466.0,1.65,0.344
0.0,False,30,300,13:30,0,64,26,14,0.594,49.88,3192.0,-532.0,1.8,0.0
0.0,False,30,300,13:30,50,64,52,8,0.188,16.81,1076.0,-419.0,1.56,0.672
0.0,False,30,300,13:30,80,64,45,9,0.297,29.64,1897.0,-419.0,1.84,0.516
0.0,False,30,300,13:30,120,64,39,11,0.391,33.31,2132.0,-419.0,1.8,0.375
0.0,False,30,300,13:44,0,64,26,19,0.594,46.17,2955.0,-561.0,1.64,0.0
0.0,False,30,300,13:44,50,64,52,8,0.188,17.5,1120.0,-357.0,1.59,0.688
0.0,False,30,300,13:44,80,64,46,10,0.281,26.42,1691.0,-357.0,1.74,0.547
0.0,False,30,300,13:44,120,64,41,11,0.359,33.59,2150.0,-357.0,1.8,0.422
0.0,False,40,150,13:20,0,58,14,10,0.759,60.71,3521.0,-476.0,2.5,0.0
0.0,False,40,150,13:20,50,58,37,6,0.362,29.4,1705.0,-476.0,2.27,0.534
0.0,False,40,150,13:20,80,58,23,7,0.603,58.17,3374.0,-476.0,3.14,0.241
0.0,False,40,150,13:20,120,58,16,9,0.724,64.09,3717.0,-476.0,2.9,0.069
0.0,False,40,150,13:30,0,58,13,12,0.776,68.38,3966.0,-372.0,2.85,0.0
0.0,False,40,150,13:30,50,58,36,5,0.379,34.38,1994.0,-372.0,2.7,0.534
0.0,False,40,150,13:30,80,58,22,7,0.621,63.55,3686.0,-372.0,3.66,0.241
0.0,False,40,150,13:30,120,58,15,10,0.741,69.12,4009.0,-372.0,3.1,0.069
0.0,False,40,150,13:44,0,58,14,10,0.759,68.36,3965.0,-367.0,2.71,0.0
0.0,False,40,150,13:44,50,58,36,5,0.379,34.47,1999.0,-367.0,2.59,0.534
0.0,False,40,150,13:44,80,58,23,7,0.603,62.03,3598.0,-367.0,3.39,0.241
0.0,False,40,150,13:44,120,58,16,8,0.724,71.79,4164.0,-367.0,3.18,0.069
0.0,False,40,200,13:20,0,58,17,11,0.707,72.03,4178.0,-476.0,2.66,0.0
0.0,False,40,200,13:20,50,58,44,6,0.241,22.5,1305.0,-476.0,1.96,0.655
0.0,False,40,200,13:20,80,58,34,7,0.414,45.26,2625.0,-476.0,2.65,0.431
0.0,False,40,200,13:20,120,58,29,9,0.5,46.86,2718.0,-476.0,2.37,0.293
0.0,False,40,200,13:30,0,58,19,12,0.672,71.16,4127.0,-372.0,2.75,0.0
0.0,False,40,200,13:30,50,58,43,5,0.259,25.62,1486.0,-372.0,2.25,0.655
0.0,False,40,200,13:30,80,58,34,7,0.414,47.9,2778.0,-372.0,2.97,0.448
0.0,False,40,200,13:30,120,58,29,10,0.5,46.88,2719.0,-372.0,2.41,0.31
0.0,False,40,200,13:44,0,58,20,12,0.655,69.17,4012.0,-367.0,2.42,0.0
0.0,False,40,200,13:44,50,58,45,5,0.224,22.4,1299.0,-367.0,2.02,0.69
0.0,False,40,200,13:44,80,58,37,7,0.362,43.07,2498.0,-367.0,2.63,0.483
0.0,False,40,200,13:44,120,58,33,8,0.431,47.0,2726.0,-367.0,2.41,0.362
0.0,False,40,250,13:20,0,58,20,12,0.655,69.33,4021.0,-511.0,2.3,0.0
0.0,False,40,250,13:20,50,58,46,6,0.207,24.02,1393.0,-476.0,2.02,0.69
0.0,False,40,250,13:20,80,58,39,7,0.328,39.88,2313.0,-476.0,2.44,0.517
0.0,False,40,250,13:20,120,58,34,9,0.414,42.34,2456.0,-476.0,2.23,0.379
0.0,False,40,250,13:30,0,58,21,13,0.638,71.52,4148.0,-542.0,2.41,0.0
0.0,False,40,250,13:30,50,58,45,5,0.224,27.64,1603.0,-372.0,2.34,0.69
0.0,False,40,250,13:30,80,58,39,7,0.328,43.02,2495.0,-372.0,2.76,0.534
0.0,False,40,250,13:30,120,58,34,10,0.414,42.86,2486.0,-372.0,2.28,0.397
0.0,False,40,250,13:44,0,58,23,14,0.603,67.52,3916.0,-571.0,2.11,0.0
0.0,False,40,250,13:44,50,58,47,5,0.19,23.88,1385.0,-367.0,2.08,0.724
0.0,False,40,250,13:44,80,58,42,7,0.276,37.66,2184.0,-367.0,2.42,0.569
0.0,False,40,250,13:44,120,58,38,8,0.345,42.55,2468.0,-367.0,2.27,0.448
0.0,False,40,300,13:20,0,58,21,13,0.638,61.14,3546.0,-511.0,2.07,0.0
0.0,False,40,300,13:20,50,58,47,6,0.19,22.71,1317.0,-476.0,1.97,0.707
0.0,False,40,300,13:20,80,58,40,7,0.31,36.34,2108.0,-476.0,2.31,0.534
0.0,False,40,300,13:20,120,58,35,9,0.397,36.53,2119.0,-476.0,2.06,0.397
0.0,False,40,300,13:30,0,58,23,15,0.603,61.71,3579.0,-542.0,2.09,0.0
0.0,False,40,300,13:30,50,58,46,5,0.207,24.07,1396.0,-372.0,2.17,0.707
0.0,False,40,300,13:30,80,58,40,7,0.31,40.45,2346.0,-372.0,2.65,0.552
0.0,False,40,300,13:30,120,58,35,10,0.397,37.9,2198.0,-372.0,2.13,0.414
0.0,False,40,300,13:44,0,58,25,16,0.569,57.41,3330.0,-571.0,1.83,0.0
0.0,False,40,300,13:44,50,58,48,5,0.172,20.55,1192.0,-367.0,1.93,0.741
0.0,False,40,300,13:44,80,58,43,7,0.259,35.33,2049.0,-367.0,2.33,0.586
0.0,False,40,300,13:44,120,58,39,8,0.328,37.34,2166.0,-367.0,2.11,0.466
0.0,False,50,150,13:20,0,55,15,11,0.727,50.16,2759.0,-486.0,2.13,0.0
0.0,False,50,150,13:20,50,55,36,7,0.345,21.55,1185.0,-486.0,1.8,0.509
0.0,False,50,150,13:20,80,55,29,7,0.473,36.82,2025.0,-486.0,2.34,0.364
0.0,False,50,150,13:20,120,55,19,9,0.655,50.75,2791.0,-486.0,2.45,0.127
0.0,False,50,150,13:30,0,55,17,11,0.691,53.29,2931.0,-382.0,2.31,0.0
0.0,False,50,150,13:30,50,55,36,6,0.345,25.05,1378.0,-382.0,2.06,0.527
0.0,False,50,150,13:30,80,55,30,6,0.455,40.64,2235.0,-382.0,2.68,0.4
0.0,False,50,150,13:30,120,55,21,9,0.618,51.05,2808.0,-382.0,2.5,0.164
0.0,False,50,150,13:44,0,55,16,10,0.709,51.36,2825.0,-377.0,2.05,0.0
0.0,False,50,150,13:44,50,55,36,6,0.345,23.85,1312.0,-377.0,1.93,0.527
0.0,False,50,150,13:44,80,55,30,6,0.455,39.22,2157.0,-377.0,2.48,0.4
0.0,False,50,150,13:44,120,55,21,7,0.618,54.24,2983.0,-377.0,2.58,0.182
0.0,False,50,200,13:20,0,55,18,12,0.673,55.47,3051.0,-521.0,2.0,0.0
0.0,False,50,200,13:20,50,55,42,7,0.236,14.78,813.0,-486.0,1.54,0.618
0.0,False,50,200,13:20,80,55,36,7,0.345,30.96,1703.0,-486.0,2.11,0.491
0.0,False,50,200,13:20,120,55,28,9,0.491,43.98,2419.0,-486.0,2.24,0.291
0.0,False,50,200,13:30,0,55,21,13,0.618,54.98,3024.0,-552.0,2.03,0.0
0.0,False,50,200,13:30,50,55,42,6,0.236,18.69,1028.0,-382.0,1.78,0.636
0.0,False,50,200,13:30,80,55,37,6,0.327,35.15,1933.0,-382.0,2.44,0.527
0.0,False,50,200,13:30,120,55,30,9,0.455,44.65,2456.0,-382.0,2.3,0.327
0.0,False,50,200,13:44,0,55,20,12,0.636,50.55,2780.0,-581.0,1.81,0.0
0.0,False,50,200,13:44,50,55,43,6,0.218,14.76,812.0,-377.0,1.57,0.655
0.0,False,50,200,13:44,80,55,38,6,0.309,31.95,1757.0,-377.0,2.2,0.545
0.0,False,50,200,13:44,120,55,31,7,0.436,46.09,2535.0,-377.0,2.33,0.364
0.0,False,50,250,13:20,0,55,20,12,0.636,60.98,3354.0,-521.0,2.07,0.0
0.0,False,50,250,13:20,50,55,42,7,0.236,21.91,1205.0,-486.0,1.81,0.618
0.0,False,50,250,13:20,80,55,38,7,0.309,32.64,1795.0,-486.0,2.17,0.527
0.0,False,50,250,13:20,120,55,32,9,0.418,41.11,2261.0,-486.0,2.16,0.364
0.0,False,50,250,13:30,0,55,22,13,0.6,62.56,3441.0,-552.0,2.14,0.0
0.0,False,50,250,13:30,50,55,42,6,0.236,24.33,1338.0,-382.0,2.02,0.636
0.0,False,50,250,13:30,80,55,39,6,0.291,35.33,1943.0,-382.0,2.44,0.564
0.0,False,50,250,13:30,120,55,34,9,0.382,40.29,2216.0,-382.0,2.17,0.4
0.0,False,50,250,13:44,0,55,22,13,0.6,58.15,3198.0,-581.0,1.89,0.0
0.0,False,50,250,13:44,50,55,43,6,0.218,20.6,1133.0,-377.0,1.8,0.655
0.0,False,50,250,13:44,80,55,40,6,0.273,32.25,1774.0,-377.0,2.2,0.582
0.0,False,50,250,13:44,120,55,35,7,0.364,41.85,2302.0,-377.0,2.2,0.436
0.0,False,50,300,13:20,0,55,21,13,0.618,50.22,2762.0,-521.0,1.82,0.0
0.0,False,50,300,13:20,50,55,43,7,0.218,19.6,1078.0,-486.0,1.72,0.636
0.0,False,50,300,13:20,80,55,39,7,0.291,25.64,1410.0,-486.0,1.92,0.545
0.0,False,50,300,13:20,120,55,33,9,0.4,33.35,1834.0,-486.0,1.94,0.382
0.0,False,50,300,13:30,0,55,24,15,0.564,51.87,2853.0,-552.0,1.85,0.0
0.0,False,50,300,13:30,50,55,43,6,0.218,21.6,1188.0,-382.0,1.91,0.655
0.0,False,50,300,13:30,80,55,40,6,0.273,31.62,1739.0,-382.0,2.29,0.582
0.0,False,50,300,13:30,120,55,35,9,0.364,35.69,1963.0,-382.0,2.03,0.418
0.0,False,50,300,13:44,0,55,24,15,0.564,45.29,2491.0,-581.0,1.6,0.0
0.0,False,50,300,13:44,50,55,44,6,0.2,16.78,923.0,-377.0,1.65,0.673
0.0,False,50,300,13:44,80,55,41,6,0.255,27.24,1498.0,-377.0,2.01,0.6
0.0,False,50,300,13:44,120,55,36,7,0.345,35.44,1949.0,-377.0,2.02,0.455
0.0,True,10,150,13:20,0,69,23,20,0.667,3.88,268.0,-1672.0,1.04,0.0
0.0,True,10,150,13:20,50,69,46,13,0.333,-21.14,-1459.0,-1672.0,0.68,0.464
0.0,True,10,150,13:20,80,69,41,18,0.406,-25.06,-1729.0,-1672.0,0.69,0.319
0.0,True,10,150,13:20,120,69,25,19,0.638,4.46,308.0,-1672.0,1.05,0.058
0.0,True,10,150,13:30,0,69,25,20,0.638,0.39,27.0,-1457.0,1.0,0.0
0.0,True,10,150,13:30,50,69,47,14,0.319,-21.01,-1450.0,-1457.0,0.69,0.478
0.0,True,10,150,13:30,80,69,42,19,0.391,-26.43,-1824.0,-1457.0,0.68,0.319
0.0,True,10,150,13:30,120,69,27,19,0.609,2.46,170.0,-1457.0,1.03,0.072
0.0,True,10,150,13:44,0,69,24,20,0.652,-2.17,-150.0,-1507.0,0.98,0.0
0.0,True,10,150,13:44,50,69,47,14,0.319,-24.38,-1682.0,-1507.0,0.66,0.478
0.0,True,10,150,13:44,80,69,42,19,0.391,-30.23,-2086.0,-1507.0,0.65,0.319
0.0,True,10,150,13:44,120,69,27,19,0.609,-1.78,-123.0,-1507.0,0.98,0.072
0.0,True,10,200,13:20,0,69,26,21,0.623,8.71,601.0,-1672.0,1.09,0.0
0.0,True,10,200,13:20,50,69,48,13,0.304,-14.14,-976.0,-1672.0,0.79,0.493
0.0,True,10,200,13:20,80,69,45,18,0.348,-20.23,-1396.0,-1672.0,0.75,0.377
0.0,True,10,200,13:20,120,69,32,19,0.536,7.62,526.0,-1672.0,1.09,0.159
0.0,True,10,200,13:30,0,69,29,21,0.58,3.35,231.0,-1457.0,1.04,0.0
0.0,True,10,200,13:30,50,69,49,14,0.29,-16.09,-1110.0,-1457.0,0.76,0.507
0.0,True,10,200,13:30,80,69,46,19,0.333,-23.68,-1634.0,-1457.0,0.72,0.377
0.0,True,10,200,13:30,120,69,35,19,0.493,2.88,199.0,-1457.0,1.03,0.188
0.0,True,10,200,13:44,0,69,29,22,0.58,-0.86,-59.0,-1507.0,0.99,0.0
0.0,True,10,200,13:44,50,69,51,14,0.261,-20.75,-1432.0,-1507.0,0.71,0.536
0.0,True,10,200,13:44,80,69,48,19,0.304,-28.78,-1986.0,-1507.0,0.67,0.406
0.0,True,10,200,13:44,120,69,37,19,0.464,-3.22,-222.0,-1507.0,0.96,0.217
0.0,True,10,250,13:20,0,69,28,22,0.594,13.67,943.0,-1672.0,1.14,0.0
0.0,True,10,250,13:20,50,69,50,13,0.275,-12.3,-849.0,-1672.0,0.82,0.522
0.0,True,10,250,13:20,80,69,48,18,0.304,-19.84,-1369.0,-1672.0,0.76,0.42
0.0,True,10,250,13:20,120,69,38,19,0.449,2.94,203.0,-1672.0,1.04,0.246
0.0,True,10,250,13:30,0,69,31,22,0.551,6.38,440.0,-1457.0,1.06,0.0
0.0,True,10,250,13:30,50,69,51,14,0.261,-15.83,-1092.0,-1457.0,0.77,0.536
0.0,True,10,250,13:30,80,69,49,19,0.29,-24.87,-1716.0,-1457.0,0.7,0.42
0.0,True,10,250,13:30,120,69,41,19,0.406,-3.38,-233.0,-1457.0,0.96,0.275
0.0,True,10,250,13:44,0,69,30,23,0.565,2.17,150.0,-1507.0,1.02,0.0
0.0,True,10,250,13:44,50,69,54,14,0.217,-21.59,-1490.0,-1507.0,0.7,0.58
0.0,True,10,250,13:44,80,69,52,19,0.246,-31.07,-2144.0,-1507.0,0.65,0.464
0.0,True,10,250,13:44,120,69,44,19,0.362,-9.86,-680.0,-1507.0,0.89,0.319
0.0,True,10,300,13:20,0,69,30,23,0.565,2.64,182.0,-1672.0,1.03,0.0
0.0,True,10,300,13:20,50,69,53,13,0.232,-20.99,-1448.0,-1672.0,0.69,0.565
0.0,True,10,300,13:20,80,69,51,18,0.261,-29.54,-2038.0,-1672.0,0.64,0.464
0.0,True,10,300,13:20,120,69,43,19,0.377,-12.88,-889.0,-1672.0,0.85,0.319
0.0,True,10,300,13:30,0,69,34,23,0.507,-3.25,-224.0,-1457.0,0.97,0.0
0.0,True,10,300,13:30,50,69,54,14,0.217,-24.75,-1708.0,-1457.0,0.63,0.58
0.0,True,10,300,13:30,80,69,52,19,0.246,-32.35,-2232.0,-1457.0,0.61,0.464
0.0,True,10,300,13:30,120,69,46,19,0.333,-16.62,-1147.0,-1457.0,0.81,0.348
0.0,True,10,300,13:44,0,69,33,25,0.522,-9.83,-678.0,-1507.0,0.92,0.0
0.0,True,10,300,13:44,50,69,57,14,0.174,-30.45,-2101.0,-1507.0,0.57,0.623
0.0,True,10,300,13:44,80,69,55,19,0.203,-38.48,-2655.0,-1507.0,0.56,0.507
0.0,True,10,300,13:44,120,69,49,19,0.29,-22.54,-1555.0,-1507.0,0.75,0.391
0.0,True,20,150,13:20,0,59,13,12,0.78,64.86,3827.0,-456.0,2.55,0.0
0.0,True,20,150,13:20,50,59,33,7,0.441,36.66,2163.0,-363.0,2.55,0.441
0.0,True,20,150,13:20,80,59,23,10,0.61,47.31,2791.0,-456.0,2.31,0.203
0.0,True,20,150,13:20,120,59,16,10,0.729,63.34,3737.0,-456.0,2.77,0.085
0.0,True,20,150,13:30,0,59,15,10,0.746,61.47,3627.0,-409.0,2.34,0.0
0.0,True,20,150,13:30,50,59,34,7,0.424,34.46,2033.0,-409.0,2.27,0.441
0.0,True,20,150,13:30,80,59,24,9,0.593,46.61,2750.0,-409.0,2.23,0.203
0.0,True,20,150,13:30,120,59,18,9,0.695,61.86,3650.0,-409.0,2.64,0.102
0.0,True,20,150,13:44,0,59,14,11,0.763,63.37,3739.0,-347.0,2.44,0.0
0.0,True,20,150,13:44,50,59,34,7,0.424,35.44,2091.0,-318.0,2.34,0.441
0.0,True,20,150,13:44,80,59,24,10,0.593,46.54,2746.0,-347.0,2.22,0.203
0.0,True,20,150,13:44,120,59,18,10,0.695,61.8,3646.0,-347.0,2.63,0.102
0.0,True,20,200,13:20,0,59,18,13,0.695,64.39,3799.0,-456.0,2.3,0.0
0.0,True,20,200,13:20,50,59,38,7,0.356,38.27,2258.0,-363.0,2.6,0.525
0.0,True,20,200,13:20,80,59,29,10,0.508,50.02,2951.0,-456.0,2.38,0.305
0.0,True,20,200,13:20,120,59,24,10,0.593,62.42,3683.0,-456.0,2.73,0.22
0.0,True,20,200,13:30,0,59,20,11,0.661,58.46,3449.0,-409.0,2.14,0.0
0.0,True,20,200,13:30,50,59,39,7,0.339,34.44,2032.0,-409.0,2.26,0.525
0.0,True,20,200,13:30,80,59,31,9,0.475,46.44,2740.0,-409.0,2.21,0.322
0.0,True,20,200,13:30,120,59,27,9,0.542,56.75,3348.0,-409.0,2.49,0.254
0.0,True,20,200,13:44,0,59,19,14,0.678,58.25,3437.0,-347.0,2.05,0.0
0.0,True,20,200,13:44,50,59,40,7,0.322,33.44,1973.0,-318.0,2.25,0.542
0.0,True,20,200,13:44,80,59,32,10,0.458,43.54,2569.0,-347.0,2.13,0.339
0.0,True,20,200,13:44,120,59,29,10,0.508,53.71,3169.0,-347.0,2.4,0.288
0.0,True,20,250,13:20,0,59,20,14,0.661,69.1,4077.0,-491.0,2.18,0.0
0.0,True,20,250,13:20,50,59,41,7,0.305,37.46,2210.0,-363.0,2.56,0.576
0.0,True,20,250,13:20,80,59,35,10,0.407,41.58,2453.0,-456.0,2.14,0.407
0.0,True,20,250,13:20,120,59,30,10,0.492,55.68,3285.0,-456.0,2.54,0.322
0.0,True,20,250,13:30,0,59,22,12,0.627,61.03,3601.0,-522.0,2.01,0.0
0.0,True,20,250,13:30,50,59,43,7,0.271,31.68,1869.0,-409.0,2.16,0.593
0.0,True,20,250,13:30,80,59,38,9,0.356,36.05,2127.0,-409.0,1.94,0.441
0.0,True,20,250,13:30,120,59,34,9,0.424,48.05,2835.0,-409.0,2.25,0.373
0.0,True,20,250,13:44,0,59,21,15,0.644,61.34,3619.0,-551.0,1.94,0.0
0.0,True,20,250,13:44,50,59,44,7,0.254,30.9,1823.0,-318.0,2.15,0.61
0.0,True,20,250,13:44,80,59,39,10,0.339,33.37,1969.0,-347.0,1.86,0.458
0.0,True,20,250,13:44,120,59,36,10,0.39,45.68,2695.0,-347.0,2.18,0.407
0.0,True,20,300,13:20,0,59,21,15,0.644,54.76,3231.0,-491.0,1.88,0.0
0.0,True,20,300,13:20,50,59,44,7,0.254,25.31,1493.0,-363.0,2.05,0.627
0.0,True,20,300,13:20,80,59,39,10,0.339,25.05,1478.0,-456.0,1.69,0.475
0.0,True,20,300,13:20,120,59,34,10,0.424,39.44,2327.0,-456.0,2.08,0.39
0.0,True,20,300,13:30,0,59,24,13,0.593,47.58,2807.0,-522.0,1.72,0.0
0.0,True,20,300,13:30,50,59,46,7,0.22,21.39,1262.0,-409.0,1.78,0.644
0.0,True,20,300,13:30,80,59,42,9,0.288,20.68,1220.0,-409.0,1.54,0.508
0.0,True,20,300,13:30,120,59,38,9,0.356,33.39,1970.0,-409.0,1.87,0.441
0.0,True,20,300,13:44,0,59,24,17,0.593,44.17,2606.0,-551.0,1.6,0.0
0.0,True,20,300,13:44,50,59,47,7,0.203,20.03,1182.0,-318.0,1.74,0.661
0.0,True,20,300,13:44,80,59,43,10,0.271,16.95,1000.0,-347.0,1.44,0.525
0.0,True,20,300,13:44,120,59,40,10,0.322,30.95,1826.0,-347.0,1.8,0.475
0.0,True,30,150,13:20,0,56,13,12,0.768,56.95,3189.0,-466.0,2.17,0.0
0.0,True,30,150,13:20,50,56,37,7,0.339,17.5,980.0,-466.0,1.55,0.536
0.0,True,30,150,13:20,80,56,23,9,0.589,46.82,2622.0,-466.0,2.26,0.232
0.0,True,30,150,13:20,120,56,15,11,0.732,56.71,3176.0,-466.0,2.3,0.054
0.0,True,30,150,13:30,0,56,14,11,0.75,59.27,3319.0,-419.0,2.23,0.0
0.0,True,30,150,13:30,50,56,37,7,0.339,18.75,1050.0,-419.0,1.6,0.536
0.0,True,30,150,13:30,80,56,23,8,0.589,47.8,2677.0,-419.0,2.29,0.232
0.0,True,30,150,13:30,120,56,16,10,0.714,57.88,3241.0,-419.0,2.31,0.071
0.0,True,30,150,13:44,0,56,14,11,0.75,58.38,3269.0,-357.0,2.19,0.0
0.0,True,30,150,13:44,50,56,37,7,0.339,19.55,1095.0,-357.0,1.64,0.536
0.0,True,30,150,13:44,80,56,23,9,0.589,47.41,2655.0,-357.0,2.27,0.232
0.0,True,30,150,13:44,120,56,16,10,0.714,58.36,3268.0,-357.0,2.33,0.071
0.0,True,30,200,13:20,0,56,17,13,0.696,62.98,3527.0,-466.0,2.2,0.0
0.0,True,30,200,13:20,50,56,43,7,0.232,12.14,680.0,-466.0,1.38,0.643
0.0,True,30,200,13:20,80,56,32,9,0.429,38.7,2167.0,-466.0,2.04,0.393
0.0,True,30,200,13:20,120,56,26,11,0.536,45.02,2521.0,-466.0,2.02,0.25
0.0,True,30,200,13:30,0,56,19,11,0.661,59.14,3312.0,-419.0,2.13,0.0
0.0,True,30,200,13:30,50,56,43,7,0.232,11.64,652.0,-419.0,1.37,0.643
0.0,True,30,200,13:30,80,56,33,8,0.411,36.79,2060.0,-419.0,1.98,0.411
0.0,True,30,200,13:30,120,56,28,10,0.5,41.29,2312.0,-419.0,1.93,0.286
0.0,True,30,200,13:44,0,56,18,13,0.679,60.3,3377.0,-357.0,2.06,0.0
0.0,True,30,200,13:44,50,56,44,7,0.214,11.52,645.0,-357.0,1.37,0.661
0.0,True,30,200,13:44,80,56,34,9,0.393,34.57,1936.0,-357.0,1.92,0.429
0.0,True,30,200,13:44,120,56,30,10,0.464,40.16,2249.0,-357.0,1.91,0.321
0.0,True,30,250,13:20,0,56,19,14,0.661,67.23,3765.0,-501.0,2.08,0.0
0.0,True,30,250,13:20,50,56,45,7,0.196,13.0,728.0,-466.0,1.41,0.679
0.0,True,30,250,13:20,80,56,36,9,0.357,37.77,2115.0,-466.0,2.01,0.464
0.0,True,30,250,13:20,120,56,30,11,0.464,45.88,2569.0,-466.0,2.04,0.321
0.0,True,30,250,13:30,0,56,21,12,0.625,61.14,3424.0,-532.0,1.97,0.0
0.0,True,30,250,13:30,50,56,45,7,0.196,13.02,729.0,-419.0,1.41,0.679
0.0,True,30,250,13:30,80,56,37,8,0.339,36.38,2037.0,-419.0,1.97,0.482
0.0,True,30,250,13:30,120,56,32,10,0.429,42.66,2389.0,-419.0,1.95,0.357
0.0,True,30,250,13:44,0,56,20,14,0.643,62.66,3509.0,-561.0,1.93,0.0
0.0,True,30,250,13:44,50,56,46,7,0.179,13.3,745.0,-357.0,1.43,0.696
0.0,True,30,250,13:44,80,56,38,9,0.321,34.57,1936.0,-357.0,1.91,0.5
0.0,True,30,250,13:44,120,56,34,10,0.393,42.23,2365.0,-357.0,1.95,0.393
0.0,True,30,300,13:20,0,56,21,15,0.625,50.16,2809.0,-501.0,1.76,0.0
0.0,True,30,300,13:20,50,56,46,7,0.179,9.82,550.0,-466.0,1.31,0.696
0.0,True,30,300,13:20,80,56,39,9,0.304,25.0,1400.0,-466.0,1.66,0.518
0.0,True,30,300,13:20,120,56,33,11,0.411,30.16,1689.0,-466.0,1.68,0.375
0.0,True,30,300,13:30,0,56,23,13,0.589,44.79,2508.0,-532.0,1.65,0.0
0.0,True,30,300,13:30,50,56,46,7,0.179,11.25,630.0,-419.0,1.35,0.696
0.0,True,30,300,13:30,80,56,40,8,0.286,24.61,1378.0,-419.0,1.65,0.536
0.0,True,30,300,13:30,120,56,35,10,0.375,28.27,1583.0,-419.0,1.63,0.411
0.0,True,30,300,13:44,0,56,23,17,0.589,42.96,2406.0,-561.0,1.56,0.0
0.0,True,30,300,13:44,50,56,47,7,0.161,11.71,656.0,-357.0,1.38,0.714
0.0,True,30,300,13:44,80,56,41,9,0.268,21.91,1227.0,-357.0,1.58,0.554
0.0,True,30,300,13:44,120,56,37,10,0.339,27.66,1549.0,-357.0,1.62,0.446
0.0,True,40,150,13:20,0,53,11,9,0.792,64.85,3437.0,-476.0,2.61,0.0
0.0,True,40,150,13:20,50,53,34,5,0.358,29.89,1584.0,-476.0,2.36,0.547
0.0,True,40,150,13:20,80,53,20,6,0.623,62.06,3289.0,-476.0,3.41,0.245
0.0,True,40,150,13:20,120,53,13,8,0.755,68.55,3633.0,-476.0,3.08,0.075
0.0,True,40,150,13:30,0,53,12,12,0.774,67.98,3603.0,-372.0,2.71,0.0
0.0,True,40,150,13:30,50,53,34,5,0.358,30.96,1641.0,-372.0,2.4,0.547
0.0,True,40,150,13:30,80,53,20,7,0.623,63.51,3366.0,-372.0,3.49,0.245
0.0,True,40,150,13:30,120,53,14,10,0.736,68.79,3646.0,-372.0,2.95,0.075
0.0,True,40,150,13:44,0,53,13,10,0.755,64.53,3420.0,-367.0,2.5,0.0
0.0,True,40,150,13:44,50,53,34,5,0.358,29.42,1559.0,-367.0,2.24,0.547
0.0,True,40,150,13:44,80,53,21,7,0.604,60.43,3203.0,-367.0,3.2,0.245
0.0,True,40,150,13:44,120,53,15,8,0.717,68.28,3619.0,-367.0,2.95,0.075
0.0,True,40,200,13:20,0,53,14,10,0.736,75.36,3994.0,-476.0,2.73,0.0
0.0,True,40,200,13:20,50,53,40,5,0.245,24.23,1284.0,-476.0,2.09,0.66
0.0,True,40,200,13:20,80,53,30,6,0.434,49.81,2640.0,-476.0,2.91,0.434
0.0,True,40,200,13:20,120,53,25,8,0.528,51.58,2734.0,-476.0,2.54,0.302
0.0,True,40,200,13:30,0,53,18,12,0.66,69.13,3664.0,-372.0,2.58,0.0
0.0,True,40,200,13:30,50,53,40,5,0.245,23.26,1233.0,-372.0,2.04,0.66
0.0,True,40,200,13:30,80,53,31,7,0.415,48.26,2558.0,-372.0,2.86,0.453
0.0,True,40,200,13:30,120,53,27,10,0.491,46.34,2456.0,-372.0,2.29,0.321
0.0,True,40,200,13:44,0,53,18,11,0.66,68.58,3635.0,-367.0,2.37,0.0
0.0,True,40,200,13:44,50,53,41,5,0.226,20.92,1109.0,-367.0,1.88,0.679
0.0,True,40,200,13:44,80,53,33,7,0.377,44.4,2353.0,-367.0,2.59,0.472
0.0,True,40,200,13:44,120,53,30,8,0.434,45.64,2419.0,-367.0,2.28,0.358
0.0,True,40,250,13:20,0,53,17,11,0.679,70.51,3737.0,-511.0,2.3,0.0
0.0,True,40,250,13:20,50,53,42,5,0.208,24.94,1322.0,-476.0,2.12,0.698
0.0,True,40,250,13:20,80,53,35,6,0.34,42.98,2278.0,-476.0,2.64,0.528
0.0,True,40,250,13:20,120,53,30,8,0.434,45.7,2422.0,-476.0,2.36,0.396
0.0,True,40,250,13:30,0,53,20,13,0.623,67.64,3585.0,-542.0,2.23,0.0
0.0,True,40,250,13:30,50,53,42,5,0.208,24.53,1300.0,-372.0,2.1,0.698
0.0,True,40,250,13:30,80,53,36,7,0.321,41.98,2225.0,-372.0,2.61,0.547
0.0,True,40,250,13:30,120,53,32,10,0.396,41.0,2173.0,-372.0,2.14,0.415
0.0,True,40,250,13:44,0,53,21,13,0.604,64.89,3439.0,-571.0,2.02,0.0
0.0,True,40,250,13:44,50,53,43,5,0.189,21.6,1145.0,-367.0,1.9,0.717
0.0,True,40,250,13:44,80,53,38,7,0.283,37.53,1989.0,-367.0,2.34,0.566
0.0,True,40,250,13:44,120,53,35,8,0.34,39.83,2111.0,-367.0,2.11,0.453
0.0,True,40,300,13:20,0,53,18,12,0.66,59.66,3162.0,-511.0,2.02,0.0
0.0,True,40,300,13:20,50,53,43,5,0.189,22.57,1196.0,-476.0,2.01,0.717
0.0,True,40,300,13:20,80,53,36,6,0.321,38.17,2023.0,-476.0,2.45,0.547
0.0,True,40,300,13:20,120,53,31,8,0.415,38.4,2035.0,-476.0,2.14,0.415
0.0,True,40,300,13:30,0,53,22,15,0.585,55.02,2916.0,-542.0,1.89,0.0
0.0,True,40,300,13:30,50,53,43,5,0.189,19.68,1043.0,-372.0,1.88,0.717
0.0,True,40,300,13:30,80,53,37,7,0.302,38.23,2026.0,-372.0,2.46,0.566
0.0,True,40,300,13:30,120,53,33,10,0.377,34.62,1835.0,-372.0,1.96,0.434
0.0,True,40,300,13:44,0,53,23,15,0.566,51.94,2753.0,-571.0,1.72,0.0
0.0,True,40,300,13:44,50,53,44,5,0.17,17.02,902.0,-367.0,1.71,0.736
0.0,True,40,300,13:44,80,53,39,7,0.264,34.04,1804.0,-367.0,2.21,0.585
0.0,True,40,300,13:44,120,53,36,8,0.321,33.19,1759.0,-367.0,1.93,0.472
0.0,True,50,150,13:20,0,51,12,10,0.765,55.94,2853.0,-486.0,2.3,0.0
0.0,True,50,150,13:20,50,51,33,6,0.353,23.96,1222.0,-486.0,1.94,0.51
0.0,True,50,150,13:20,80,51,26,6,0.49,41.33,2108.0,-486.0,2.64,0.373
0.0,True,50,150,13:20,120,51,16,8,0.686,56.57,2885.0,-486.0,2.71,0.137
0.0,True,50,150,13:30,0,51,16,11,0.686,53.84,2746.0,-382.0,2.26,0.0
0.0,True,50,150,13:30,50,51,34,6,0.333,23.2,1183.0,-382.0,1.91,0.529
0.0,True,50,150,13:30,80,51,28,6,0.451,40.84,2083.0,-382.0,2.62,0.412
0.0,True,50,150,13:30,120,51,20,9,0.608,51.43,2623.0,-382.0,2.43,0.176
0.0,True,50,150,13:44,0,51,15,10,0.706,47.8,2438.0,-377.0,1.92,0.0
0.0,True,50,150,13:44,50,51,34,6,0.333,20.0,1020.0,-377.0,1.72,0.529
0.0,True,50,150,13:44,80,51,28,6,0.451,37.65,1920.0,-377.0,2.38,0.412
0.0,True,50,150,13:44,120,51,20,7,0.608,50.9,2596.0,-377.0,2.42,0.196
0.0,True,50,200,13:20,0,51,15,11,0.706,60.69,3095.0,-521.0,2.1,0.0
0.0,True,50,200,13:20,50,51,39,6,0.235,15.69,800.0,-486.0,1.61,0.627
0.0,True,50,200,13:20,80,51,33,6,0.353,34.04,1736.0,-486.0,2.34,0.51
0.0,True,50,200,13:20,120,51,25,8,0.51,48.29,2463.0,-486.0,2.45,0.314
0.0,True,50,200,13:30,0,51,20,13,0.608,54.69,2789.0,-552.0,1.96,0.0
0.0,True,50,200,13:30,50,51,40,6,0.216,15.35,783.0,-382.0,1.6,0.647
0.0,True,50,200,13:30,80,51,35,6,0.314,33.94,1731.0,-382.0,2.34,0.549
0.0,True,50,200,13:30,120,51,29,9,0.431,43.55,2221.0,-382.0,2.2,0.353
0.0,True,50,200,13:44,0,51,18,11,0.647,51.59,2631.0,-581.0,1.81,0.0
0.0,True,50,200,13:44,50,51,40,6,0.216,12.16,620.0,-377.0,1.44,0.647
0.0,True,50,200,13:44,80,51,35,6,0.314,31.76,1620.0,-377.0,2.15,0.549
0.0,True,50,200,13:44,120,51,29,7,0.431,44.04,2246.0,-377.0,2.22,0.373
0.0,True,50,250,13:20,0,51,17,11,0.667,65.65,3348.0,-521.0,2.16,0.0
0.0,True,50,250,13:20,50,51,39,6,0.235,22.39,1142.0,-486.0,1.87,0.627
0.0,True,50,250,13:20,80,51,35,6,0.314,34.86,1778.0,-486.0,2.37,0.549
0.0,True,50,250,13:20,120,51,29,8,0.431,44.22,2255.0,-486.0,2.32,0.392
0.0,True,50,250,13:30,0,51,21,13,0.588,61.88,3156.0,-552.0,2.07,0.0
0.0,True,50,250,13:30,50,51,40,6,0.216,20.45,1043.0,-382.0,1.8,0.647
0.0,True,50,250,13:30,80,51,37,6,0.275,33.16,1691.0,-382.0,2.3,0.588
0.0,True,50,250,13:30,120,51,33,9,0.353,37.86,1931.0,-382.0,2.04,0.431
0.0,True,50,250,13:44,0,51,20,12,0.608,58.8,2999.0,-581.0,1.88,0.0
0.0,True,50,250,13:44,50,51,40,6,0.216,17.47,891.0,-377.0,1.63,0.647
0.0,True,50,250,13:44,80,51,37,6,0.275,31.12,1587.0,-377.0,2.12,0.588
0.0,True,50,250,13:44,120,51,33,7,0.353,38.49,1963.0,-377.0,2.06,0.451
0.0,True,50,300,13:20,0,51,18,12,0.647,53.06,2706.0,-521.0,1.87,0.0
0.0,True,50,300,13:20,50,51,40,6,0.216,18.92,965.0,-486.0,1.74,0.647
0.0,True,50,300,13:20,80,51,36,6,0.294,26.33,1343.0,-486.0,2.03,0.569
0.0,True,50,300,13:20,120,51,30,8,0.412,34.86,1778.0,-486.0,2.04,0.412
0.0,True,50,300,13:30,0,51,23,15,0.549,49.37,2518.0,-552.0,1.76,0.0
0.0,True,50,300,13:30,50,51,41,6,0.196,16.53,843.0,-382.0,1.64,0.667
0.0,True,50,300,13:30,80,51,38,6,0.255,28.18,1437.0,-382.0,2.1,0.608
0.0,True,50,300,13:30,120,51,34,9,0.333,31.92,1628.0,-382.0,1.88,0.451
0.0,True,50,300,13:44,0,51,22,14,0.569,43.96,2242.0,-581.0,1.57,0.0
0.0,True,50,300,13:44,50,51,41,6,0.196,12.37,631.0,-377.0,1.44,0.667
0.0,True,50,300,13:44,80,51,38,6,0.255,24.73,1261.0,-377.0,1.89,0.608
0.0,True,50,300,13:44,120,51,34,7,0.333,30.59,1560.0,-377.0,1.84,0.471
0.002,False,10,150,13:20,0,78,28,22,0.641,4.08,318.0,-1672.0,1.05,0.0
0.002,False,10,150,13:20,50,78,52,14,0.333,-16.58,-1293.0,-1672.0,0.74,0.449
0.002,False,10,150,13:20,80,78,47,20,0.397,-21.82,-1702.0,-1672.0,0.72,0.308
0.002,False,10,150,13:20,120,78,31,21,0.603,4.22,329.0,-1672.0,1.05,0.064
0.002,False,10,150,13:30,0,78,28,21,0.641,5.56,434.0,-1457.0,1.07,0.0
0.002,False,10,150,13:30,50,78,52,15,0.333,-15.46,-1206.0,-1457.0,0.75,0.462
0.002,False,10,150,13:30,80,78,46,20,0.41,-19.06,-1487.0,-1457.0,0.75,0.308
0.002,False,10,150,13:30,120,78,31,20,0.603,6.46,504.0,-1457.0,1.08,0.077
0.002,False,10,150,13:44,0,78,27,21,0.654,5.22,407.0,-1507.0,1.06,0.0
0.002,False,10,150,13:44,50,78,52,15,0.333,-18.08,-1410.0,-1507.0,0.72,0.462
0.002,False,10,150,13:44,80,78,46,20,0.41,-21.33,-1664.0,-1507.0,0.73,0.308
0.002,False,10,150,13:44,120,78,31,20,0.603,3.64,284.0,-1507.0,1.04,0.077
0.002,False,10,200,13:20,0,78,31,23,0.603,7.88,615.0,-1672.0,1.09,0.0
0.002,False,10,200,13:20,50,78,55,14,0.295,-11.03,-860.0,-1672.0,0.82,0.487
0.002,False,10,200,13:20,80,78,52,20,0.333,-18.19,-1419.0,-1672.0,0.77,0.372
0.002,False,10,200,13:20,120,78,39,21,0.5,6.37,497.0,-1672.0,1.08,0.167
0.002,False,10,200,13:30,0,78,32,22,0.59,9.53,743.0,-1457.0,1.11,0.0
0.002,False,10,200,13:30,50,78,55,15,0.295,-11.74,-916.0,-1457.0,0.81,0.5
0.002,False,10,200,13:30,80,78,51,20,0.346,-17.27,-1347.0,-1457.0,0.77,0.372
0.002,False,10,200,13:30,120,78,40,20,0.487,6.19,483.0,-1457.0,1.08,0.192
0.002,False,10,200,13:44,0,78,32,23,0.59,8.15,636.0,-1507.0,1.09,0.0
0.002,False,10,200,13:44,50,78,57,15,0.269,-15.51,-1210.0,-1507.0,0.76,0.526
0.002,False,10,200,13:44,80,78,53,20,0.321,-20.05,-1564.0,-1507.0,0.75,0.397
0.002,False,10,200,13:44,120,78,42,20,0.462,2.37,185.0,-1507.0,1.03,0.218
0.002,False,10,250,13:20,0,78,33,24,0.577,13.55,1057.0,-1672.0,1.14,0.0
0.002,False,10,250,13:20,50,78,57,14,0.269,-8.12,-633.0,-1672.0,0.87,0.513
0.002,False,10,250,13:20,80,78,55,20,0.295,-16.56,-1292.0,-1672.0,0.79,0.41
0.002,False,10,250,13:20,120,78,45,21,0.423,3.51,274.0,-1672.0,1.04,0.244
0.002,False,10,250,13:30,0,78,34,23,0.564,13.49,1052.0,-1457.0,1.14,0.0
0.002,False,10,250,13:30,50,78,57,15,0.269,-10.23,-798.0,-1457.0,0.84,0.526
0.002,False,10,250,13:30,80,78,54,20,0.308,-17.04,-1329.0,-1457.0,0.78,0.41
0.002,False,10,250,13:30,120,78,46,20,0.41,1.94,151.0,-1457.0,1.02,0.269
0.002,False,10,250,13:44,0,78,34,25,0.564,8.17,637.0,-1507.0,1.08,0.0
0.002,False,10,250,13:44,50,78,60,15,0.231,-14.97,-1168.0,-1507.0,0.77,0.564
0.002,False,10,250,13:44,80,78,58,20,0.256,-23.36,-1822.0,-1507.0,0.71,0.462
0.002,False,10,250,13:44,120,78,50,20,0.359,-4.78,-373.0,-1507.0,0.94,0.321
0.002,False,10,300,13:20,0,78,35,25,0.551,5.08,396.0,-1672.0,1.05,0.0
0.002,False,10,300,13:20,50,78,60,14,0.231,-14.51,-1132.0,-1672.0,0.77,0.551
0.002,False,10,300,13:20,80,78,58,20,0.256,-23.86,-1861.0,-1672.0,0.69,0.449
0.002,False,10,300,13:20,120,78,50,21,0.359,-9.21,-718.0,-1672.0,0.88,0.308
0.002,False,10,300,13:30,0,78,37,24,0.526,6.26,488.0,-1457.0,1.06,0.0
0.002,False,10,300,13:30,50,78,60,15,0.231,-16.85,-1314.0,-1457.0,0.73,0.564
0.002,False,10,300,13:30,80,78,57,20,0.269,-22.37,-1745.0,-1457.0,0.71,0.449
0.002,False,10,300,13:30,120,78,51,20,0.346,-8.5,-663.0,-1457.0,0.89,0.333
0.002,False,10,300,13:44,0,78,37,27,0.526,-1.17,-91.0,-1507.0,0.99,0.0
0.002,False,10,300,13:44,50,78,63,15,0.192,-21.53,-1679.0,-1507.0,0.67,0.603
0.002,False,10,300,13:44,80,78,61,20,0.218,-28.63,-2233.0,-1507.0,0.65,0.5
0.002,False,10,300,13:44,120,78,55,20,0.295,-14.72,-1148.0,-1507.0,0.82,0.385
0.002,False,20,150,13:20,0,67,17,14,0.746,58.55,3923.0,-456.0,2.39,0.0
0.002,False,20,150,13:20,50,67,38,8,0.433,35.9,2405.0,-363.0,2.5,0.433
0.002,False,20,150,13:20,80,67,28,12,0.582,43.04,2884.0,-456.0,2.16,0.209
0.002,False,20,150,13:20,120,67,21,12,0.687,56.93,3814.0,-456.0,2.54,0.09
0.002,False,20,150,13:30,0,67,18,11,0.731,60.84,4076.0,-409.0,2.44,0.0
0.002,False,20,150,13:30,50,67,39,8,0.418,35.06,2349.0,-409.0,2.36,0.433
0.002,False,20,150,13:30,80,67,28,10,0.582,47.0,3149.0,-409.0,2.33,0.209
0.002,False,20,150,13:30,120,67,22,10,0.672,60.24,4036.0,-409.0,2.7,0.104
0.002,False,20,150,13:44,0,67,16,12,0.761,64.9,4348.0,-347.0,2.57,0.0
0.002,False,20,150,13:44,50,67,38,8,0.433,36.19,2425.0,-318.0,2.42,0.433
0.002,False,20,150,13:44,80,67,27,11,0.597,48.21,3230.0,-347.0,2.35,0.209
0.002,False,20,150,13:44,120,67,21,11,0.687,61.27,4105.0,-347.0,2.7,0.104
0.002,False,20,200,13:20,0,67,22,15,0.672,57.45,3849.0,-456.0,2.17,0.0
0.002,False,20,200,13:20,50,67,44,8,0.343,36.57,2450.0,-363.0,2.52,0.522
0.002,False,20,200,13:20,80,67,35,12,0.478,44.69,2994.0,-456.0,2.2,0.313
0.002,False,20,200,13:20,120,67,30,12,0.552,55.37,3710.0,-456.0,2.49,0.224
0.002,False,20,200,13:30,0,67,23,12,0.657,59.6,3993.0,-409.0,2.26,0.0
0.002,False,20,200,13:30,50,67,45,8,0.328,34.3,2298.0,-409.0,2.32,0.522
0.002,False,20,200,13:30,80,67,36,10,0.463,46.1,3089.0,-409.0,2.29,0.328
0.002,False,20,200,13:30,120,67,32,10,0.522,54.99,3684.0,-409.0,2.54,0.254
0.002,False,20,200,13:44,0,67,22,16,0.672,57.4,3846.0,-347.0,2.08,0.0
0.002,False,20,200,13:44,50,67,45,8,0.328,33.69,2257.0,-318.0,2.31,0.537
0.002,False,20,200,13:44,80,67,37,11,0.448,42.58,2853.0,-347.0,2.18,0.358
0.002,False,20,200,13:44,120,67,34,11,0.493,51.16,3428.0,-347.0,2.4,0.299
0.002,False,20,250,13:20,0,67,24,16,0.642,63.09,4227.0,-491.0,2.11,0.0
0.002,False,20,250,13:20,50,67,47,8,0.299,37.34,2502.0,-363.0,2.55,0.567
0.002,False,20,250,13:20,80,67,41,12,0.388,38.75,2596.0,-456.0,2.04,0.403
0.002,False,20,250,13:20,120,67,36,12,0.463,50.93,3412.0,-456.0,2.36,0.313
0.002,False,20,250,13:30,0,67,25,13,0.627,63.36,4245.0,-522.0,2.14,0.0
0.002,False,20,250,13:30,50,67,49,8,0.269,33.36,2235.0,-409.0,2.28,0.582
0.002,False,20,250,13:30,80,67,43,10,0.358,38.45,2576.0,-409.0,2.07,0.433
0.002,False,20,250,13:30,120,67,39,10,0.418,48.82,3271.0,-409.0,2.36,0.358
0.002,False,20,250,13:44,0,67,24,17,0.642,61.61,4128.0,-551.0,2.0,0.0
0.002,False,20,250,13:44,50,67,49,8,0.269,32.94,2207.0,-318.0,2.27,0.597
0.002,False,20,250,13:44,80,67,44,11,0.343,35.12,2353.0,-347.0,1.97,0.463
0.002,False,20,250,13:44,120,67,41,11,0.388,45.58,3054.0,-347.0,2.24,0.403
0.002,False,20,300,13:20,0,67,25,17,0.627,51.96,3481.0,-491.0,1.87,0.0
0.002,False,20,300,13:20,50,67,50,8,0.254,28.13,1885.0,-363.0,2.16,0.612
0.002,False,20,300,13:20,80,67,45,12,0.328,25.69,1721.0,-456.0,1.69,0.463
0.002,False,20,300,13:20,120,67,40,12,0.403,38.12,2554.0,-456.0,2.02,0.373
0.002,False,20,300,13:30,0,67,27,14,0.597,53.0,3551.0,-522.0,1.88,0.0
0.002,False,20,300,13:30,50,67,52,8,0.224,25.79,1728.0,-409.0,1.99,0.627
0.002,False,20,300,13:30,80,67,47,10,0.299,26.4,1769.0,-409.0,1.73,0.493
0.002,False,20,300,13:30,120,67,43,10,0.358,37.4,2506.0,-409.0,2.04,0.418
0.002,False,20,300,13:44,0,67,27,19,0.597,47.99,3215.0,-551.0,1.69,0.0
0.002,False,20,300,13:44,50,67,52,8,0.224,24.87,1666.0,-318.0,1.96,0.642
0.002,False,20,300,13:44,80,67,48,11,0.284,22.15,1484.0,-347.0,1.61,0.522
0.002,False,20,300,13:44,120,67,45,11,0.328,34.1,2285.0,-347.0,1.93,0.463
0.002,False,30,150,13:20,0,64,17,14,0.734,50.55,3235.0,-466.0,2.03,0.0
0.002,False,30,150,13:20,50,64,42,8,0.344,18.78,1202.0,-466.0,1.6,0.516
0.002,False,30,150,13:20,80,64,28,11,0.562,41.95,2685.0,-466.0,2.09,0.234
0.002,False,30,150,13:20,120,64,19,13,0.703,50.34,3222.0,-466.0,2.13,0.047
0.002,False,30,150,13:30,0,64,17,12,0.734,58.09,3718.0,-419.0,2.3,0.0
0.002,False,30,150,13:30,50,64,42,8,0.344,21.03,1346.0,-419.0,1.7,0.516
0.002,False,30,150,13:30,80,64,27,9,0.578,47.59,3046.0,-419.0,2.37,0.234
0.002,False,30,150,13:30,120,64,19,11,0.703,56.88,3640.0,-419.0,2.38,0.062
0.002,False,30,150,13:44,0,64,16,12,0.75,60.12,3848.0,-357.0,2.31,0.0
0.002,False,30,150,13:44,50,64,41,8,0.359,22.02,1409.0,-357.0,1.75,0.516
0.002,False,30,150,13:44,80,64,26,10,0.594,48.73,3119.0,-357.0,2.39,0.234
0.002,False,30,150,13:44,120,64,18,11,0.719,60.11,3847.0,-357.0,2.46,0.062
0.002,False,30,200,13:20,0,64,22,15,0.656,54.95,3517.0,-466.0,2.05,0.0
0.002,False,30,200,13:20,50,64,49,8,0.234,13.31,852.0,-466.0,1.42,0.625
0.002,False,30,200,13:20,80,64,38,11,0.406,34.06,2180.0,-466.0,1.88,0.391
0.002,False,30,200,13:20,120,64,31,13,0.516,39.33,2517.0,-466.0,1.88,0.234
0.002,False,30,200,13:30,0,64,22,12,0.656,59.31,3796.0,-419.0,2.22,0.0
0.002,False,30,200,13:30,50,64,49,8,0.234,14.03,898.0,-419.0,1.47,0.625
0.002,False,30,200,13:30,80,64,38,9,0.406,37.17,2379.0,-419.0,2.06,0.406
0.002,False,30,200,13:30,120,64,32,11,0.5,41.58,2661.0,-419.0,2.0,0.266
0.002,False,30,200,13:44,0,64,21,15,0.672,58.22,3726.0,-357.0,2.07,0.0
0.002,False,30,200,13:44,50,64,49,8,0.234,14.2,909.0,-357.0,1.48,0.641
0.002,False,30,200,13:44,80,64,39,10,0.391,34.38,2200.0,-357.0,1.97,0.438
0.002,False,30,200,13:44,120,64,34,11,0.469,41.41,2650.0,-357.0,1.99,0.312
0.002,False,30,250,13:20,0,64,24,16,0.625,60.23,3855.0,-501.0,1.99,0.0
0.002,False,30,250,13:20,50,64,51,8,0.203,15.62,1000.0,-466.0,1.49,0.656
0.002,False,30,250,13:20,80,64,42,11,0.344,34.81,2228.0,-466.0,1.9,0.453
0.002,False,30,250,13:20,120,64,35,13,0.453,41.64,2665.0,-466.0,1.93,0.297
0.002,False,30,250,13:30,0,64,24,13,0.625,62.62,4008.0,-532.0,2.09,0.0
0.002,False,30,250,13:30,50,64,51,8,0.203,16.8,1075.0,-419.0,1.56,0.656
0.002,False,30,250,13:30,80,64,42,9,0.344,38.38,2456.0,-419.0,2.09,0.469
0.002,False,30,250,13:30,120,64,36,11,0.438,44.34,2838.0,-419.0,2.06,0.328
0.002,False,30,250,13:44,0,64,23,16,0.641,61.84,3958.0,-561.0,1.97,0.0
0.002,False,30,250,13:44,50,64,51,8,0.203,17.33,1109.0,-357.0,1.58,0.672
0.002,False,30,250,13:44,80,64,43,10,0.328,35.94,2300.0,-357.0,2.01,0.5
0.002,False,30,250,13:44,120,64,38,11,0.406,44.78,2866.0,-357.0,2.07,0.375
0.002,False,30,300,13:20,0,64,26,17,0.594,46.86,2999.0,-501.0,1.73,0.0
0.002,False,30,300,13:20,50,64,52,8,0.188,14.41,922.0,-466.0,1.46,0.672
0.002,False,30,300,13:20,80,64,45,11,0.297,25.2,1613.0,-466.0,1.65,0.5
0.002,False,30,300,13:20,120,64,38,13,0.406,29.45,1885.0,-466.0,1.65,0.344
0.002,False,30,300,13:30,0,64,26,14,0.594,49.88,3192.0,-532.0,1.8,0.0
0.002,False,30,300,13:30,50,64,52,8,0.188,16.81,1076.0,-419.0,1.56,0.672
0.002,False,30,300,13:30,80,64,45,9,0.297,29.64,1897.0,-419.0,1.84,0.516
0.002,False,30,300,13:30,120,64,39,11,0.391,33.31,2132.0,-419.0,1.8,0.375
0.002,False,30,300,13:44,0,64,26,19,0.594,46.17,2955.0,-561.0,1.64,0.0
0.002,False,30,300,13:44,50,64,52,8,0.188,17.5,1120.0,-357.0,1.59,0.688
0.002,False,30,300,13:44,80,64,46,10,0.281,26.42,1691.0,-357.0,1.74,0.547
0.002,False,30,300,13:44,120,64,41,11,0.359,33.59,2150.0,-357.0,1.8,0.422
0.002,False,40,150,13:20,0,58,14,10,0.759,60.71,3521.0,-476.0,2.5,0.0
0.002,False,40,150,13:20,50,58,37,6,0.362,29.4,1705.0,-476.0,2.27,0.534
0.002,False,40,150,13:20,80,58,23,7,0.603,58.17,3374.0,-476.0,3.14,0.241
0.002,False,40,150,13:20,120,58,16,9,0.724,64.09,3717.0,-476.0,2.9,0.069
0.002,False,40,150,13:30,0,58,13,12,0.776,68.38,3966.0,-372.0,2.85,0.0
0.002,False,40,150,13:30,50,58,36,5,0.379,34.38,1994.0,-372.0,2.7,0.534
0.002,False,40,150,13:30,80,58,22,7,0.621,63.55,3686.0,-372.0,3.66,0.241
0.002,False,40,150,13:30,120,58,15,10,0.741,69.12,4009.0,-372.0,3.1,0.069
0.002,False,40,150,13:44,0,58,14,10,0.759,68.36,3965.0,-367.0,2.71,0.0
0.002,False,40,150,13:44,50,58,36,5,0.379,34.47,1999.0,-367.0,2.59,0.534
0.002,False,40,150,13:44,80,58,23,7,0.603,62.03,3598.0,-367.0,3.39,0.241
0.002,False,40,150,13:44,120,58,16,8,0.724,71.79,4164.0,-367.0,3.18,0.069
0.002,False,40,200,13:20,0,58,17,11,0.707,72.03,4178.0,-476.0,2.66,0.0
0.002,False,40,200,13:20,50,58,44,6,0.241,22.5,1305.0,-476.0,1.96,0.655
0.002,False,40,200,13:20,80,58,34,7,0.414,45.26,2625.0,-476.0,2.65,0.431
0.002,False,40,200,13:20,120,58,29,9,0.5,46.86,2718.0,-476.0,2.37,0.293
0.002,False,40,200,13:30,0,58,19,12,0.672,71.16,4127.0,-372.0,2.75,0.0
0.002,False,40,200,13:30,50,58,43,5,0.259,25.62,1486.0,-372.0,2.25,0.655
0.002,False,40,200,13:30,80,58,34,7,0.414,47.9,2778.0,-372.0,2.97,0.448
0.002,False,40,200,13:30,120,58,29,10,0.5,46.88,2719.0,-372.0,2.41,0.31
0.002,False,40,200,13:44,0,58,20,12,0.655,69.17,4012.0,-367.0,2.42,0.0
0.002,False,40,200,13:44,50,58,45,5,0.224,22.4,1299.0,-367.0,2.02,0.69
0.002,False,40,200,13:44,80,58,37,7,0.362,43.07,2498.0,-367.0,2.63,0.483
0.002,False,40,200,13:44,120,58,33,8,0.431,47.0,2726.0,-367.0,2.41,0.362
0.002,False,40,250,13:20,0,58,20,12,0.655,69.33,4021.0,-511.0,2.3,0.0
0.002,False,40,250,13:20,50,58,46,6,0.207,24.02,1393.0,-476.0,2.02,0.69
0.002,False,40,250,13:20,80,58,39,7,0.328,39.88,2313.0,-476.0,2.44,0.517
0.002,False,40,250,13:20,120,58,34,9,0.414,42.34,2456.0,-476.0,2.23,0.379
0.002,False,40,250,13:30,0,58,21,13,0.638,71.52,4148.0,-542.0,2.41,0.0
0.002,False,40,250,13:30,50,58,45,5,0.224,27.64,1603.0,-372.0,2.34,0.69
0.002,False,40,250,13:30,80,58,39,7,0.328,43.02,2495.0,-372.0,2.76,0.534
0.002,False,40,250,13:30,120,58,34,10,0.414,42.86,2486.0,-372.0,2.28,0.397
0.002,False,40,250,13:44,0,58,23,14,0.603,67.52,3916.0,-571.0,2.11,0.0
0.002,False,40,250,13:44,50,58,47,5,0.19,23.88,1385.0,-367.0,2.08,0.724
0.002,False,40,250,13:44,80,58,42,7,0.276,37.66,2184.0,-367.0,2.42,0.569
0.002,False,40,250,13:44,120,58,38,8,0.345,42.55,2468.0,-367.0,2.27,0.448
0.002,False,40,300,13:20,0,58,21,13,0.638,61.14,3546.0,-511.0,2.07,0.0
0.002,False,40,300,13:20,50,58,47,6,0.19,22.71,1317.0,-476.0,1.97,0.707
0.002,False,40,300,13:20,80,58,40,7,0.31,36.34,2108.0,-476.0,2.31,0.534
0.002,False,40,300,13:20,120,58,35,9,0.397,36.53,2119.0,-476.0,2.06,0.397
0.002,False,40,300,13:30,0,58,23,15,0.603,61.71,3579.0,-542.0,2.09,0.0
0.002,False,40,300,13:30,50,58,46,5,0.207,24.07,1396.0,-372.0,2.17,0.707
0.002,False,40,300,13:30,80,58,40,7,0.31,40.45,2346.0,-372.0,2.65,0.552
0.002,False,40,300,13:30,120,58,35,10,0.397,37.9,2198.0,-372.0,2.13,0.414
0.002,False,40,300,13:44,0,58,25,16,0.569,57.41,3330.0,-571.0,1.83,0.0
0.002,False,40,300,13:44,50,58,48,5,0.172,20.55,1192.0,-367.0,1.93,0.741
0.002,False,40,300,13:44,80,58,43,7,0.259,35.33,2049.0,-367.0,2.33,0.586
0.002,False,40,300,13:44,120,58,39,8,0.328,37.34,2166.0,-367.0,2.11,0.466
0.002,False,50,150,13:20,0,55,15,11,0.727,50.16,2759.0,-486.0,2.13,0.0
0.002,False,50,150,13:20,50,55,36,7,0.345,21.55,1185.0,-486.0,1.8,0.509
0.002,False,50,150,13:20,80,55,29,7,0.473,36.82,2025.0,-486.0,2.34,0.364
0.002,False,50,150,13:20,120,55,19,9,0.655,50.75,2791.0,-486.0,2.45,0.127
0.002,False,50,150,13:30,0,55,17,11,0.691,53.29,2931.0,-382.0,2.31,0.0
0.002,False,50,150,13:30,50,55,36,6,0.345,25.05,1378.0,-382.0,2.06,0.527
0.002,False,50,150,13:30,80,55,30,6,0.455,40.64,2235.0,-382.0,2.68,0.4
0.002,False,50,150,13:30,120,55,21,9,0.618,51.05,2808.0,-382.0,2.5,0.164
0.002,False,50,150,13:44,0,55,16,10,0.709,51.36,2825.0,-377.0,2.05,0.0
0.002,False,50,150,13:44,50,55,36,6,0.345,23.85,1312.0,-377.0,1.93,0.527
0.002,False,50,150,13:44,80,55,30,6,0.455,39.22,2157.0,-377.0,2.48,0.4
0.002,False,50,150,13:44,120,55,21,7,0.618,54.24,2983.0,-377.0,2.58,0.182
0.002,False,50,200,13:20,0,55,18,12,0.673,55.47,3051.0,-521.0,2.0,0.0
0.002,False,50,200,13:20,50,55,42,7,0.236,14.78,813.0,-486.0,1.54,0.618
0.002,False,50,200,13:20,80,55,36,7,0.345,30.96,1703.0,-486.0,2.11,0.491
0.002,False,50,200,13:20,120,55,28,9,0.491,43.98,2419.0,-486.0,2.24,0.291
0.002,False,50,200,13:30,0,55,21,13,0.618,54.98,3024.0,-552.0,2.03,0.0
0.002,False,50,200,13:30,50,55,42,6,0.236,18.69,1028.0,-382.0,1.78,0.636
0.002,False,50,200,13:30,80,55,37,6,0.327,35.15,1933.0,-382.0,2.44,0.527
0.002,False,50,200,13:30,120,55,30,9,0.455,44.65,2456.0,-382.0,2.3,0.327
0.002,False,50,200,13:44,0,55,20,12,0.636,50.55,2780.0,-581.0,1.81,0.0
0.002,False,50,200,13:44,50,55,43,6,0.218,14.76,812.0,-377.0,1.57,0.655
0.002,False,50,200,13:44,80,55,38,6,0.309,31.95,1757.0,-377.0,2.2,0.545
0.002,False,50,200,13:44,120,55,31,7,0.436,46.09,2535.0,-377.0,2.33,0.364
0.002,False,50,250,13:20,0,55,20,12,0.636,60.98,3354.0,-521.0,2.07,0.0
0.002,False,50,250,13:20,50,55,42,7,0.236,21.91,1205.0,-486.0,1.81,0.618
0.002,False,50,250,13:20,80,55,38,7,0.309,32.64,1795.0,-486.0,2.17,0.527
0.002,False,50,250,13:20,120,55,32,9,0.418,41.11,2261.0,-486.0,2.16,0.364
0.002,False,50,250,13:30,0,55,22,13,0.6,62.56,3441.0,-552.0,2.14,0.0
0.002,False,50,250,13:30,50,55,42,6,0.236,24.33,1338.0,-382.0,2.02,0.636
0.002,False,50,250,13:30,80,55,39,6,0.291,35.33,1943.0,-382.0,2.44,0.564
0.002,False,50,250,13:30,120,55,34,9,0.382,40.29,2216.0,-382.0,2.17,0.4
0.002,False,50,250,13:44,0,55,22,13,0.6,58.15,3198.0,-581.0,1.89,0.0
0.002,False,50,250,13:44,50,55,43,6,0.218,20.6,1133.0,-377.0,1.8,0.655
0.002,False,50,250,13:44,80,55,40,6,0.273,32.25,1774.0,-377.0,2.2,0.582
0.002,False,50,250,13:44,120,55,35,7,0.364,41.85,2302.0,-377.0,2.2,0.436
0.002,False,50,300,13:20,0,55,21,13,0.618,50.22,2762.0,-521.0,1.82,0.0
0.002,False,50,300,13:20,50,55,43,7,0.218,19.6,1078.0,-486.0,1.72,0.636
0.002,False,50,300,13:20,80,55,39,7,0.291,25.64,1410.0,-486.0,1.92,0.545
0.002,False,50,300,13:20,120,55,33,9,0.4,33.35,1834.0,-486.0,1.94,0.382
0.002,False,50,300,13:30,0,55,24,15,0.564,51.87,2853.0,-552.0,1.85,0.0
0.002,False,50,300,13:30,50,55,43,6,0.218,21.6,1188.0,-382.0,1.91,0.655
0.002,False,50,300,13:30,80,55,40,6,0.273,31.62,1739.0,-382.0,2.29,0.582
0.002,False,50,300,13:30,120,55,35,9,0.364,35.69,1963.0,-382.0,2.03,0.418
0.002,False,50,300,13:44,0,55,24,15,0.564,45.29,2491.0,-581.0,1.6,0.0
0.002,False,50,300,13:44,50,55,44,6,0.2,16.78,923.0,-377.0,1.65,0.673
0.002,False,50,300,13:44,80,55,41,6,0.255,27.24,1498.0,-377.0,2.01,0.6
0.002,False,50,300,13:44,120,55,36,7,0.345,35.44,1949.0,-377.0,2.02,0.455
0.002,True,10,150,13:20,0,69,23,20,0.667,3.88,268.0,-1672.0,1.04,0.0
0.002,True,10,150,13:20,50,69,46,13,0.333,-21.14,-1459.0,-1672.0,0.68,0.464
0.002,True,10,150,13:20,80,69,41,18,0.406,-25.06,-1729.0,-1672.0,0.69,0.319
0.002,True,10,150,13:20,120,69,25,19,0.638,4.46,308.0,-1672.0,1.05,0.058
0.002,True,10,150,13:30,0,69,25,20,0.638,0.39,27.0,-1457.0,1.0,0.0
0.002,True,10,150,13:30,50,69,47,14,0.319,-21.01,-1450.0,-1457.0,0.69,0.478
0.002,True,10,150,13:30,80,69,42,19,0.391,-26.43,-1824.0,-1457.0,0.68,0.319
0.002,True,10,150,13:30,120,69,27,19,0.609,2.46,170.0,-1457.0,1.03,0.072
0.002,True,10,150,13:44,0,69,24,20,0.652,-2.17,-150.0,-1507.0,0.98,0.0
0.002,True,10,150,13:44,50,69,47,14,0.319,-24.38,-1682.0,-1507.0,0.66,0.478
0.002,True,10,150,13:44,80,69,42,19,0.391,-30.23,-2086.0,-1507.0,0.65,0.319
0.002,True,10,150,13:44,120,69,27,19,0.609,-1.78,-123.0,-1507.0,0.98,0.072
0.002,True,10,200,13:20,0,69,26,21,0.623,8.71,601.0,-1672.0,1.09,0.0
0.002,True,10,200,13:20,50,69,48,13,0.304,-14.14,-976.0,-1672.0,0.79,0.493
0.002,True,10,200,13:20,80,69,45,18,0.348,-20.23,-1396.0,-1672.0,0.75,0.377
0.002,True,10,200,13:20,120,69,32,19,0.536,7.62,526.0,-1672.0,1.09,0.159
0.002,True,10,200,13:30,0,69,29,21,0.58,3.35,231.0,-1457.0,1.04,0.0
0.002,True,10,200,13:30,50,69,49,14,0.29,-16.09,-1110.0,-1457.0,0.76,0.507
0.002,True,10,200,13:30,80,69,46,19,0.333,-23.68,-1634.0,-1457.0,0.72,0.377
0.002,True,10,200,13:30,120,69,35,19,0.493,2.88,199.0,-1457.0,1.03,0.188
0.002,True,10,200,13:44,0,69,29,22,0.58,-0.86,-59.0,-1507.0,0.99,0.0
0.002,True,10,200,13:44,50,69,51,14,0.261,-20.75,-1432.0,-1507.0,0.71,0.536
0.002,True,10,200,13:44,80,69,48,19,0.304,-28.78,-1986.0,-1507.0,0.67,0.406
0.002,True,10,200,13:44,120,69,37,19,0.464,-3.22,-222.0,-1507.0,0.96,0.217
0.002,True,10,250,13:20,0,69,28,22,0.594,13.67,943.0,-1672.0,1.14,0.0
0.002,True,10,250,13:20,50,69,50,13,0.275,-12.3,-849.0,-1672.0,0.82,0.522
0.002,True,10,250,13:20,80,69,48,18,0.304,-19.84,-1369.0,-1672.0,0.76,0.42
0.002,True,10,250,13:20,120,69,38,19,0.449,2.94,203.0,-1672.0,1.04,0.246
0.002,True,10,250,13:30,0,69,31,22,0.551,6.38,440.0,-1457.0,1.06,0.0
0.002,True,10,250,13:30,50,69,51,14,0.261,-15.83,-1092.0,-1457.0,0.77,0.536
0.002,True,10,250,13:30,80,69,49,19,0.29,-24.87,-1716.0,-1457.0,0.7,0.42
0.002,True,10,250,13:30,120,69,41,19,0.406,-3.38,-233.0,-1457.0,0.96,0.275
0.002,True,10,250,13:44,0,69,30,23,0.565,2.17,150.0,-1507.0,1.02,0.0
0.002,True,10,250,13:44,50,69,54,14,0.217,-21.59,-1490.0,-1507.0,0.7,0.58
0.002,True,10,250,13:44,80,69,52,19,0.246,-31.07,-2144.0,-1507.0,0.65,0.464
0.002,True,10,250,13:44,120,69,44,19,0.362,-9.86,-680.0,-1507.0,0.89,0.319
0.002,True,10,300,13:20,0,69,30,23,0.565,2.64,182.0,-1672.0,1.03,0.0
0.002,True,10,300,13:20,50,69,53,13,0.232,-20.99,-1448.0,-1672.0,0.69,0.565
0.002,True,10,300,13:20,80,69,51,18,0.261,-29.54,-2038.0,-1672.0,0.64,0.464
0.002,True,10,300,13:20,120,69,43,19,0.377,-12.88,-889.0,-1672.0,0.85,0.319
0.002,True,10,300,13:30,0,69,34,23,0.507,-3.25,-224.0,-1457.0,0.97,0.0
0.002,True,10,300,13:30,50,69,54,14,0.217,-24.75,-1708.0,-1457.0,0.63,0.58
0.002,True,10,300,13:30,80,69,52,19,0.246,-32.35,-2232.0,-1457.0,0.61,0.464
0.002,True,10,300,13:30,120,69,46,19,0.333,-16.62,-1147.0,-1457.0,0.81,0.348
0.002,True,10,300,13:44,0,69,33,25,0.522,-9.83,-678.0,-1507.0,0.92,0.0
0.002,True,10,300,13:44,50,69,57,14,0.174,-30.45,-2101.0,-1507.0,0.57,0.623
0.002,True,10,300,13:44,80,69,55,19,0.203,-38.48,-2655.0,-1507.0,0.56,0.507
0.002,True,10,300,13:44,120,69,49,19,0.29,-22.54,-1555.0,-1507.0,0.75,0.391
0.002,True,20,150,13:20,0,59,13,12,0.78,64.86,3827.0,-456.0,2.55,0.0
0.002,True,20,150,13:20,50,59,33,7,0.441,36.66,2163.0,-363.0,2.55,0.441
0.002,True,20,150,13:20,80,59,23,10,0.61,47.31,2791.0,-456.0,2.31,0.203
0.002,True,20,150,13:20,120,59,16,10,0.729,63.34,3737.0,-456.0,2.77,0.085
0.002,True,20,150,13:30,0,59,15,10,0.746,61.47,3627.0,-409.0,2.34,0.0
0.002,True,20,150,13:30,50,59,34,7,0.424,34.46,2033.0,-409.0,2.27,0.441
0.002,True,20,150,13:30,80,59,24,9,0.593,46.61,2750.0,-409.0,2.23,0.203
0.002,True,20,150,13:30,120,59,18,9,0.695,61.86,3650.0,-409.0,2.64,0.102
0.002,True,20,150,13:44,0,59,14,11,0.763,63.37,3739.0,-347.0,2.44,0.0
0.002,True,20,150,13:44,50,59,34,7,0.424,35.44,2091.0,-318.0,2.34,0.441
0.002,True,20,150,13:44,80,59,24,10,0.593,46.54,2746.0,-347.0,2.22,0.203
0.002,True,20,150,13:44,120,59,18,10,0.695,61.8,3646.0,-347.0,2.63,0.102
0.002,True,20,200,13:20,0,59,18,13,0.695,64.39,3799.0,-456.0,2.3,0.0
0.002,True,20,200,13:20,50,59,38,7,0.356,38.27,2258.0,-363.0,2.6,0.525
0.002,True,20,200,13:20,80,59,29,10,0.508,50.02,2951.0,-456.0,2.38,0.305
0.002,True,20,200,13:20,120,59,24,10,0.593,62.42,3683.0,-456.0,2.73,0.22
0.002,True,20,200,13:30,0,59,20,11,0.661,58.46,3449.0,-409.0,2.14,0.0
0.002,True,20,200,13:30,50,59,39,7,0.339,34.44,2032.0,-409.0,2.26,0.525
0.002,True,20,200,13:30,80,59,31,9,0.475,46.44,2740.0,-409.0,2.21,0.322
0.002,True,20,200,13:30,120,59,27,9,0.542,56.75,3348.0,-409.0,2.49,0.254
0.002,True,20,200,13:44,0,59,19,14,0.678,58.25,3437.0,-347.0,2.05,0.0
0.002,True,20,200,13:44,50,59,40,7,0.322,33.44,1973.0,-318.0,2.25,0.542
0.002,True,20,200,13:44,80,59,32,10,0.458,43.54,2569.0,-347.0,2.13,0.339
0.002,True,20,200,13:44,120,59,29,10,0.508,53.71,3169.0,-347.0,2.4,0.288
0.002,True,20,250,13:20,0,59,20,14,0.661,69.1,4077.0,-491.0,2.18,0.0
0.002,True,20,250,13:20,50,59,41,7,0.305,37.46,2210.0,-363.0,2.56,0.576
0.002,True,20,250,13:20,80,59,35,10,0.407,41.58,2453.0,-456.0,2.14,0.407
0.002,True,20,250,13:20,120,59,30,10,0.492,55.68,3285.0,-456.0,2.54,0.322
0.002,True,20,250,13:30,0,59,22,12,0.627,61.03,3601.0,-522.0,2.01,0.0
0.002,True,20,250,13:30,50,59,43,7,0.271,31.68,1869.0,-409.0,2.16,0.593
0.002,True,20,250,13:30,80,59,38,9,0.356,36.05,2127.0,-409.0,1.94,0.441
0.002,True,20,250,13:30,120,59,34,9,0.424,48.05,2835.0,-409.0,2.25,0.373
0.002,True,20,250,13:44,0,59,21,15,0.644,61.34,3619.0,-551.0,1.94,0.0
0.002,True,20,250,13:44,50,59,44,7,0.254,30.9,1823.0,-318.0,2.15,0.61
0.002,True,20,250,13:44,80,59,39,10,0.339,33.37,1969.0,-347.0,1.86,0.458
0.002,True,20,250,13:44,120,59,36,10,0.39,45.68,2695.0,-347.0,2.18,0.407
0.002,True,20,300,13:20,0,59,21,15,0.644,54.76,3231.0,-491.0,1.88,0.0
0.002,True,20,300,13:20,50,59,44,7,0.254,25.31,1493.0,-363.0,2.05,0.627
0.002,True,20,300,13:20,80,59,39,10,0.339,25.05,1478.0,-456.0,1.69,0.475
0.002,True,20,300,13:20,120,59,34,10,0.424,39.44,2327.0,-456.0,2.08,0.39
0.002,True,20,300,13:30,0,59,24,13,0.593,47.58,2807.0,-522.0,1.72,0.0
0.002,True,20,300,13:30,50,59,46,7,0.22,21.39,1262.0,-409.0,1.78,0.644
0.002,True,20,300,13:30,80,59,42,9,0.288,20.68,1220.0,-409.0,1.54,0.508
0.002,True,20,300,13:30,120,59,38,9,0.356,33.39,1970.0,-409.0,1.87,0.441
0.002,True,20,300,13:44,0,59,24,17,0.593,44.17,2606.0,-551.0,1.6,0.0
0.002,True,20,300,13:44,50,59,47,7,0.203,20.03,1182.0,-318.0,1.74,0.661
0.002,True,20,300,13:44,80,59,43,10,0.271,16.95,1000.0,-347.0,1.44,0.525
0.002,True,20,300,13:44,120,59,40,10,0.322,30.95,1826.0,-347.0,1.8,0.475
0.002,True,30,150,13:20,0,56,13,12,0.768,56.95,3189.0,-466.0,2.17,0.0
0.002,True,30,150,13:20,50,56,37,7,0.339,17.5,980.0,-466.0,1.55,0.536
0.002,True,30,150,13:20,80,56,23,9,0.589,46.82,2622.0,-466.0,2.26,0.232
0.002,True,30,150,13:20,120,56,15,11,0.732,56.71,3176.0,-466.0,2.3,0.054
0.002,True,30,150,13:30,0,56,14,11,0.75,59.27,3319.0,-419.0,2.23,0.0
0.002,True,30,150,13:30,50,56,37,7,0.339,18.75,1050.0,-419.0,1.6,0.536
0.002,True,30,150,13:30,80,56,23,8,0.589,47.8,2677.0,-419.0,2.29,0.232
0.002,True,30,150,13:30,120,56,16,10,0.714,57.88,3241.0,-419.0,2.31,0.071
0.002,True,30,150,13:44,0,56,14,11,0.75,58.38,3269.0,-357.0,2.19,0.0
0.002,True,30,150,13:44,50,56,37,7,0.339,19.55,1095.0,-357.0,1.64,0.536
0.002,True,30,150,13:44,80,56,23,9,0.589,47.41,2655.0,-357.0,2.27,0.232
0.002,True,30,150,13:44,120,56,16,10,0.714,58.36,3268.0,-357.0,2.33,0.071
0.002,True,30,200,13:20,0,56,17,13,0.696,62.98,3527.0,-466.0,2.2,0.0
0.002,True,30,200,13:20,50,56,43,7,0.232,12.14,680.0,-466.0,1.38,0.643
0.002,True,30,200,13:20,80,56,32,9,0.429,38.7,2167.0,-466.0,2.04,0.393
0.002,True,30,200,13:20,120,56,26,11,0.536,45.02,2521.0,-466.0,2.02,0.25
0.002,True,30,200,13:30,0,56,19,11,0.661,59.14,3312.0,-419.0,2.13,0.0
0.002,True,30,200,13:30,50,56,43,7,0.232,11.64,652.0,-419.0,1.37,0.643
0.002,True,30,200,13:30,80,56,33,8,0.411,36.79,2060.0,-419.0,1.98,0.411
0.002,True,30,200,13:30,120,56,28,10,0.5,41.29,2312.0,-419.0,1.93,0.286
0.002,True,30,200,13:44,0,56,18,13,0.679,60.3,3377.0,-357.0,2.06,0.0
0.002,True,30,200,13:44,50,56,44,7,0.214,11.52,645.0,-357.0,1.37,0.661
0.002,True,30,200,13:44,80,56,34,9,0.393,34.57,1936.0,-357.0,1.92,0.429
0.002,True,30,200,13:44,120,56,30,10,0.464,40.16,2249.0,-357.0,1.91,0.321
0.002,True,30,250,13:20,0,56,19,14,0.661,67.23,3765.0,-501.0,2.08,0.0
0.002,True,30,250,13:20,50,56,45,7,0.196,13.0,728.0,-466.0,1.41,0.679
0.002,True,30,250,13:20,80,56,36,9,0.357,37.77,2115.0,-466.0,2.01,0.464
0.002,True,30,250,13:20,120,56,30,11,0.464,45.88,2569.0,-466.0,2.04,0.321
0.002,True,30,250,13:30,0,56,21,12,0.625,61.14,3424.0,-532.0,1.97,0.0
0.002,True,30,250,13:30,50,56,45,7,0.196,13.02,729.0,-419.0,1.41,0.679
0.002,True,30,250,13:30,80,56,37,8,0.339,36.38,2037.0,-419.0,1.97,0.482
0.002,True,30,250,13:30,120,56,32,10,0.429,42.66,2389.0,-419.0,1.95,0.357
0.002,True,30,250,13:44,0,56,20,14,0.643,62.66,3509.0,-561.0,1.93,0.0
0.002,True,30,250,13:44,50,56,46,7,0.179,13.3,745.0,-357.0,1.43,0.696
0.002,True,30,250,13:44,80,56,38,9,0.321,34.57,1936.0,-357.0,1.91,0.5
0.002,True,30,250,13:44,120,56,34,10,0.393,42.23,2365.0,-357.0,1.95,0.393
0.002,True,30,300,13:20,0,56,21,15,0.625,50.16,2809.0,-501.0,1.76,0.0
0.002,True,30,300,13:20,50,56,46,7,0.179,9.82,550.0,-466.0,1.31,0.696
0.002,True,30,300,13:20,80,56,39,9,0.304,25.0,1400.0,-466.0,1.66,0.518
0.002,True,30,300,13:20,120,56,33,11,0.411,30.16,1689.0,-466.0,1.68,0.375
0.002,True,30,300,13:30,0,56,23,13,0.589,44.79,2508.0,-532.0,1.65,0.0
0.002,True,30,300,13:30,50,56,46,7,0.179,11.25,630.0,-419.0,1.35,0.696
0.002,True,30,300,13:30,80,56,40,8,0.286,24.61,1378.0,-419.0,1.65,0.536
0.002,True,30,300,13:30,120,56,35,10,0.375,28.27,1583.0,-419.0,1.63,0.411
0.002,True,30,300,13:44,0,56,23,17,0.589,42.96,2406.0,-561.0,1.56,0.0
0.002,True,30,300,13:44,50,56,47,7,0.161,11.71,656.0,-357.0,1.38,0.714
0.002,True,30,300,13:44,80,56,41,9,0.268,21.91,1227.0,-357.0,1.58,0.554
0.002,True,30,300,13:44,120,56,37,10,0.339,27.66,1549.0,-357.0,1.62,0.446
0.002,True,40,150,13:20,0,53,11,9,0.792,64.85,3437.0,-476.0,2.61,0.0
0.002,True,40,150,13:20,50,53,34,5,0.358,29.89,1584.0,-476.0,2.36,0.547
0.002,True,40,150,13:20,80,53,20,6,0.623,62.06,3289.0,-476.0,3.41,0.245
0.002,True,40,150,13:20,120,53,13,8,0.755,68.55,3633.0,-476.0,3.08,0.075
0.002,True,40,150,13:30,0,53,12,12,0.774,67.98,3603.0,-372.0,2.71,0.0
0.002,True,40,150,13:30,50,53,34,5,0.358,30.96,1641.0,-372.0,2.4,0.547
0.002,True,40,150,13:30,80,53,20,7,0.623,63.51,3366.0,-372.0,3.49,0.245
0.002,True,40,150,13:30,120,53,14,10,0.736,68.79,3646.0,-372.0,2.95,0.075
0.002,True,40,150,13:44,0,53,13,10,0.755,64.53,3420.0,-367.0,2.5,0.0
0.002,True,40,150,13:44,50,53,34,5,0.358,29.42,1559.0,-367.0,2.24,0.547
0.002,True,40,150,13:44,80,53,21,7,0.604,60.43,3203.0,-367.0,3.2,0.245
0.002,True,40,150,13:44,120,53,15,8,0.717,68.28,3619.0,-367.0,2.95,0.075
0.002,True,40,200,13:20,0,53,14,10,0.736,75.36,3994.0,-476.0,2.73,0.0
0.002,True,40,200,13:20,50,53,40,5,0.245,24.23,1284.0,-476.0,2.09,0.66
0.002,True,40,200,13:20,80,53,30,6,0.434,49.81,2640.0,-476.0,2.91,0.434
0.002,True,40,200,13:20,120,53,25,8,0.528,51.58,2734.0,-476.0,2.54,0.302
0.002,True,40,200,13:30,0,53,18,12,0.66,69.13,3664.0,-372.0,2.58,0.0
0.002,True,40,200,13:30,50,53,40,5,0.245,23.26,1233.0,-372.0,2.04,0.66
0.002,True,40,200,13:30,80,53,31,7,0.415,48.26,2558.0,-372.0,2.86,0.453
0.002,True,40,200,13:30,120,53,27,10,0.491,46.34,2456.0,-372.0,2.29,0.321
0.002,True,40,200,13:44,0,53,18,11,0.66,68.58,3635.0,-367.0,2.37,0.0
0.002,True,40,200,13:44,50,53,41,5,0.226,20.92,1109.0,-367.0,1.88,0.679
0.002,True,40,200,13:44,80,53,33,7,0.377,44.4,2353.0,-367.0,2.59,0.472
0.002,True,40,200,13:44,120,53,30,8,0.434,45.64,2419.0,-367.0,2.28,0.358
0.002,True,40,250,13:20,0,53,17,11,0.679,70.51,3737.0,-511.0,2.3,0.0
0.002,True,40,250,13:20,50,53,42,5,0.208,24.94,1322.0,-476.0,2.12,0.698
0.002,True,40,250,13:20,80,53,35,6,0.34,42.98,2278.0,-476.0,2.64,0.528
0.002,True,40,250,13:20,120,53,30,8,0.434,45.7,2422.0,-476.0,2.36,0.396
0.002,True,40,250,13:30,0,53,20,13,0.623,67.64,3585.0,-542.0,2.23,0.0
0.002,True,40,250,13:30,50,53,42,5,0.208,24.53,1300.0,-372.0,2.1,0.698
0.002,True,40,250,13:30,80,53,36,7,0.321,41.98,2225.0,-372.0,2.61,0.547
0.002,True,40,250,13:30,120,53,32,10,0.396,41.0,2173.0,-372.0,2.14,0.415
0.002,True,40,250,13:44,0,53,21,13,0.604,64.89,3439.0,-571.0,2.02,0.0
0.002,True,40,250,13:44,50,53,43,5,0.189,21.6,1145.0,-367.0,1.9,0.717
0.002,True,40,250,13:44,80,53,38,7,0.283,37.53,1989.0,-367.0,2.34,0.566
0.002,True,40,250,13:44,120,53,35,8,0.34,39.83,2111.0,-367.0,2.11,0.453
0.002,True,40,300,13:20,0,53,18,12,0.66,59.66,3162.0,-511.0,2.02,0.0
0.002,True,40,300,13:20,50,53,43,5,0.189,22.57,1196.0,-476.0,2.01,0.717
0.002,True,40,300,13:20,80,53,36,6,0.321,38.17,2023.0,-476.0,2.45,0.547
0.002,True,40,300,13:20,120,53,31,8,0.415,38.4,2035.0,-476.0,2.14,0.415
0.002,True,40,300,13:30,0,53,22,15,0.585,55.02,2916.0,-542.0,1.89,0.0
0.002,True,40,300,13:30,50,53,43,5,0.189,19.68,1043.0,-372.0,1.88,0.717
0.002,True,40,300,13:30,80,53,37,7,0.302,38.23,2026.0,-372.0,2.46,0.566
0.002,True,40,300,13:30,120,53,33,10,0.377,34.62,1835.0,-372.0,1.96,0.434
0.002,True,40,300,13:44,0,53,23,15,0.566,51.94,2753.0,-571.0,1.72,0.0
0.002,True,40,300,13:44,50,53,44,5,0.17,17.02,902.0,-367.0,1.71,0.736
0.002,True,40,300,13:44,80,53,39,7,0.264,34.04,1804.0,-367.0,2.21,0.585
0.002,True,40,300,13:44,120,53,36,8,0.321,33.19,1759.0,-367.0,1.93,0.472
0.002,True,50,150,13:20,0,51,12,10,0.765,55.94,2853.0,-486.0,2.3,0.0
0.002,True,50,150,13:20,50,51,33,6,0.353,23.96,1222.0,-486.0,1.94,0.51
0.002,True,50,150,13:20,80,51,26,6,0.49,41.33,2108.0,-486.0,2.64,0.373
0.002,True,50,150,13:20,120,51,16,8,0.686,56.57,2885.0,-486.0,2.71,0.137
0.002,True,50,150,13:30,0,51,16,11,0.686,53.84,2746.0,-382.0,2.26,0.0
0.002,True,50,150,13:30,50,51,34,6,0.333,23.2,1183.0,-382.0,1.91,0.529
0.002,True,50,150,13:30,80,51,28,6,0.451,40.84,2083.0,-382.0,2.62,0.412
0.002,True,50,150,13:30,120,51,20,9,0.608,51.43,2623.0,-382.0,2.43,0.176
0.002,True,50,150,13:44,0,51,15,10,0.706,47.8,2438.0,-377.0,1.92,0.0
0.002,True,50,150,13:44,50,51,34,6,0.333,20.0,1020.0,-377.0,1.72,0.529
0.002,True,50,150,13:44,80,51,28,6,0.451,37.65,1920.0,-377.0,2.38,0.412
0.002,True,50,150,13:44,120,51,20,7,0.608,50.9,2596.0,-377.0,2.42,0.196
0.002,True,50,200,13:20,0,51,15,11,0.706,60.69,3095.0,-521.0,2.1,0.0
0.002,True,50,200,13:20,50,51,39,6,0.235,15.69,800.0,-486.0,1.61,0.627
0.002,True,50,200,13:20,80,51,33,6,0.353,34.04,1736.0,-486.0,2.34,0.51
0.002,True,50,200,13:20,120,51,25,8,0.51,48.29,2463.0,-486.0,2.45,0.314
0.002,True,50,200,13:30,0,51,20,13,0.608,54.69,2789.0,-552.0,1.96,0.0
0.002,True,50,200,13:30,50,51,40,6,0.216,15.35,783.0,-382.0,1.6,0.647
0.002,True,50,200,13:30,80,51,35,6,0.314,33.94,1731.0,-382.0,2.34,0.549
0.002,True,50,200,13:30,120,51,29,9,0.431,43.55,2221.0,-382.0,2.2,0.353
0.002,True,50,200,13:44,0,51,18,11,0.647,51.59,2631.0,-581.0,1.81,0.0
0.002,True,50,200,13:44,50,51,40,6,0.216,12.16,620.0,-377.0,1.44,0.647
0.002,True,50,200,13:44,80,51,35,6,0.314,31.76,1620.0,-377.0,2.15,0.549
0.002,True,50,200,13:44,120,51,29,7,0.431,44.04,2246.0,-377.0,2.22,0.373
0.002,True,50,250,13:20,0,51,17,11,0.667,65.65,3348.0,-521.0,2.16,0.0
0.002,True,50,250,13:20,50,51,39,6,0.235,22.39,1142.0,-486.0,1.87,0.627
0.002,True,50,250,13:20,80,51,35,6,0.314,34.86,1778.0,-486.0,2.37,0.549
0.002,True,50,250,13:20,120,51,29,8,0.431,44.22,2255.0,-486.0,2.32,0.392
0.002,True,50,250,13:30,0,51,21,13,0.588,61.88,3156.0,-552.0,2.07,0.0
0.002,True,50,250,13:30,50,51,40,6,0.216,20.45,1043.0,-382.0,1.8,0.647
0.002,True,50,250,13:30,80,51,37,6,0.275,33.16,1691.0,-382.0,2.3,0.588
0.002,True,50,250,13:30,120,51,33,9,0.353,37.86,1931.0,-382.0,2.04,0.431
0.002,True,50,250,13:44,0,51,20,12,0.608,58.8,2999.0,-581.0,1.88,0.0
0.002,True,50,250,13:44,50,51,40,6,0.216,17.47,891.0,-377.0,1.63,0.647
0.002,True,50,250,13:44,80,51,37,6,0.275,31.12,1587.0,-377.0,2.12,0.588
0.002,True,50,250,13:44,120,51,33,7,0.353,38.49,1963.0,-377.0,2.06,0.451
0.002,True,50,300,13:20,0,51,18,12,0.647,53.06,2706.0,-521.0,1.87,0.0
0.002,True,50,300,13:20,50,51,40,6,0.216,18.92,965.0,-486.0,1.74,0.647
0.002,True,50,300,13:20,80,51,36,6,0.294,26.33,1343.0,-486.0,2.03,0.569
0.002,True,50,300,13:20,120,51,30,8,0.412,34.86,1778.0,-486.0,2.04,0.412
0.002,True,50,300,13:30,0,51,23,15,0.549,49.37,2518.0,-552.0,1.76,0.0
0.002,True,50,300,13:30,50,51,41,6,0.196,16.53,843.0,-382.0,1.64,0.667
0.002,True,50,300,13:30,80,51,38,6,0.255,28.18,1437.0,-382.0,2.1,0.608
0.002,True,50,300,13:30,120,51,34,9,0.333,31.92,1628.0,-382.0,1.88,0.451
0.002,True,50,300,13:44,0,51,22,14,0.569,43.96,2242.0,-581.0,1.57,0.0
0.002,True,50,300,13:44,50,51,41,6,0.196,12.37,631.0,-377.0,1.44,0.667
0.002,True,50,300,13:44,80,51,38,6,0.255,24.73,1261.0,-377.0,1.89,0.608
0.002,True,50,300,13:44,120,51,34,7,0.333,30.59,1560.0,-377.0,1.84,0.471
0.005,False,10,150,13:20,0,46,14,12,0.696,40.89,1881.0,-446.0,1.72,0.0
0.005,False,10,150,13:20,50,46,31,8,0.326,8.57,394.0,-321.0,1.24,0.5
0.005,False,10,150,13:20,80,46,26,12,0.435,6.93,319.0,-446.0,1.13,0.304
0.005,False,10,150,13:20,120,46,15,12,0.674,39.59,1821.0,-446.0,1.72,0.043
0.005,False,10,150,13:30,0,46,15,11,0.674,35.87,1650.0,-371.0,1.57,0.0
0.005,False,10,150,13:30,50,46,32,8,0.304,3.65,168.0,-371.0,1.09,0.522
0.005,False,10,150,13:30,80,46,26,11,0.435,5.13,236.0,-371.0,1.09,0.304
0.005,False,10,150,13:30,120,46,16,11,0.652,36.04,1658.0,-371.0,1.61,0.065
0.005,False,10,150,13:44,0,46,14,11,0.696,34.7,1596.0,-450.0,1.53,0.0
0.005,False,10,150,13:44,50,46,32,8,0.304,0.74,34.0,-450.0,1.02,0.522
0.005,False,10,150,13:44,80,46,26,11,0.435,1.17,54.0,-450.0,1.02,0.304
0.005,False,10,150,13:44,120,46,16,11,0.652,32.24,1483.0,-450.0,1.5,0.065
0.005,False,10,200,13:20,0,46,17,13,0.63,40.72,1873.0,-446.0,1.62,0.0
0.005,False,10,200,13:20,50,46,32,8,0.304,15.8,727.0,-321.0,1.44,0.522
0.005,False,10,200,13:20,80,46,29,12,0.37,10.91,502.0,-446.0,1.2,0.37
0.005,False,10,200,13:20,120,46,21,12,0.543,39.3,1808.0,-446.0,1.71,0.174
0.005,False,10,200,13:30,0,46,18,12,0.609,38.39,1766.0,-371.0,1.57,0.0
0.005,False,10,200,13:30,50,46,33,8,0.283,7.78,358.0,-371.0,1.19,0.543
0.005,False,10,200,13:30,80,46,29,11,0.37,6.0,276.0,-371.0,1.1,0.37
0.005,False,10,200,13:30,120,46,22,11,0.522,33.41,1537.0,-371.0,1.56,0.196
0.005,False,10,200,13:44,0,46,19,13,0.587,28.17,1296.0,-450.0,1.36,0.0
0.005,False,10,200,13:44,50,46,35,8,0.239,2.91,134.0,-450.0,1.07,0.587
0.005,False,10,200,13:44,80,46,31,11,0.326,1.17,54.0,-450.0,1.02,0.413
0.005,False,10,200,13:44,120,46,24,11,0.478,27.91,1284.0,-450.0,1.43,0.239
0.005,False,10,250,13:20,0,46,18,13,0.609,55.2,2539.0,-446.0,1.84,0.0
0.005,False,10,250,13:20,50,46,33,8,0.283,19.54,899.0,-321.0,1.54,0.543
0.005,False,10,250,13:20,80,46,31,12,0.326,12.48,574.0,-446.0,1.23,0.413
0.005,False,10,250,13:20,120,46,25,12,0.457,35.43,1630.0,-446.0,1.64,0.261
0.005,False,10,250,13:30,0,46,19,12,0.587,50.83,2338.0,-371.0,1.76,0.0
0.005,False,10,250,13:30,50,46,34,8,0.261,9.33,429.0,-371.0,1.22,0.565
0.005,False,10,250,13:30,80,46,31,11,0.326,5.37,247.0,-371.0,1.09,0.413
0.005,False,10,250,13:30,120,46,26,11,0.435,27.35,1258.0,-371.0,1.46,0.283
0.005,False,10,250,13:44,0,46,20,14,0.565,37.83,1740.0,-450.0,1.47,0.0
0.005,False,10,250,13:44,50,46,37,8,0.196,4.0,184.0,-450.0,1.09,0.63
0.005,False,10,250,13:44,80,46,35,11,0.239,-4.26,-196.0,-450.0,0.93,0.5
0.005,False,10,250,13:44,120,46,30,11,0.348,18.13,834.0,-450.0,1.28,0.37
0.005,False,10,300,13:20,0,46,20,14,0.565,32.11,1477.0,-446.0,1.45,0.0
0.005,False,10,300,13:20,50,46,36,8,0.217,4.33,199.0,-321.0,1.12,0.609
0.005,False,10,300,13:20,80,46,34,12,0.261,-4.26,-196.0,-446.0,0.92,0.478
0.005,False,10,300,13:20,120,46,30,12,0.348,7.33,337.0,-446.0,1.13,0.37
0.005,False,10,300,13:30,0,46,22,13,0.522,29.43,1354.0,-371.0,1.4,0.0
0.005,False,10,300,13:30,50,46,37,8,0.196,-6.67,-307.0,-371.0,0.84,0.63
0.005,False,10,300,13:30,80,46,34,11,0.261,-8.46,-389.0,-371.0,0.86,0.478
0.005,False,10,300,13:30,120,46,31,11,0.326,2.7,124.0,-371.0,1.05,0.391
0.005,False,10,300,13:44,0,46,23,16,0.5,13.57,624.0,-450.0,1.15,0.0
0.005,False,10,300,13:44,50,46,40,8,0.13,-11.2,-515.0,-450.0,0.75,0.696
0.005,False,10,300,13:44,80,46,38,11,0.174,-17.28,-795.0,-450.0,0.73,0.565
0.005,False,10,300,13:44,120,46,35,11,0.239,-4.98,-229.0,-450.0,0.92,0.478
0.005,False,20,150,13:20,0,40,8,7,0.8,77.8,3112.0,-456.0,3.32,0.0
0.005,False,20,150,13:20,50,40,21,3,0.475,53.8,2152.0,-155.0,5.46,0.45
0.005,False,20,150,13:20,80,40,15,6,0.625,56.65,2266.0,-456.0,2.8,0.2
0.005,False,20,150,13:20,120,40,9,6,0.775,76.55,3062.0,-456.0,3.46,0.05
0.005,False,20,150,13:30,0,40,9,5,0.775,78.03,3121.0,-352.0,3.23,0.0
0.005,False,20,150,13:30,50,40,22,3,0.45,50.02,2001.0,-234.0,4.02,0.45
0.005,False,20,150,13:30,80,40,15,5,0.625,59.98,2399.0,-352.0,2.94,0.2
0.005,False,20,150,13:30,120,40,10,5,0.75,78.72,3149.0,-352.0,3.57,0.075
0.005,False,20,150,13:44,0,40,8,5,0.8,79.97,3199.0,-347.0,3.3,0.0
0.005,False,20,150,13:44,50,40,22,3,0.45,47.88,1915.0,-318.0,3.56,0.45
0.005,False,20,150,13:44,80,40,15,5,0.625,58.9,2356.0,-347.0,2.75,0.2
0.005,False,20,150,13:44,120,40,10,5,0.75,77.65,3106.0,-347.0,3.33,0.075
0.005,False,20,200,13:20,0,40,12,8,0.7,70.45,2818.0,-456.0,2.56,0.0
0.005,False,20,200,13:20,50,40,26,3,0.35,50.05,2002.0,-155.0,5.07,0.575
0.005,False,20,200,13:20,80,40,21,6,0.475,54.0,2160.0,-456.0,2.7,0.35
0.005,False,20,200,13:20,120,40,17,6,0.575,67.3,2692.0,-456.0,3.14,0.25
0.005,False,20,200,13:30,0,40,13,6,0.675,73.45,2938.0,-352.0,2.78,0.0
0.005,False,20,200,13:30,50,40,27,3,0.325,44.08,1763.0,-234.0,3.62,0.575
0.005,False,20,200,13:30,80,40,21,5,0.475,55.05,2202.0,-352.0,2.77,0.35
0.005,False,20,200,13:30,120,40,18,5,0.55,65.25,2610.0,-352.0,3.1,0.275
0.005,False,20,200,13:44,0,40,14,9,0.65,58.1,2324.0,-347.0,2.06,0.0
0.005,False,20,200,13:44,50,40,28,3,0.3,40.38,1615.0,-318.0,3.12,0.6
0.005,False,20,200,13:44,80,40,23,5,0.425,47.42,1897.0,-347.0,2.39,0.4
0.005,False,20,200,13:44,120,40,21,5,0.475,57.42,2297.0,-347.0,2.69,0.35
0.005,False,20,250,13:20,0,40,13,8,0.675,84.62,3385.0,-456.0,2.84,0.0
0.005,False,20,250,13:20,50,40,28,3,0.3,48.85,1954.0,-155.0,4.94,0.625
0.005,False,20,250,13:20,80,40,25,6,0.375,45.3,1812.0,-456.0,2.42,0.45
0.005,False,20,250,13:20,120,40,21,6,0.475,59.85,2394.0,-456.0,2.89,0.35
0.005,False,20,250,13:30,0,40,14,6,0.65,85.25,3410.0,-352.0,3.02,0.0
0.005,False,20,250,13:30,50,40,30,3,0.25,40.0,1600.0,-234.0,3.36,0.65
0.005,False,20,250,13:30,80,40,26,5,0.35,43.48,1739.0,-352.0,2.38,0.475
0.005,False,20,250,13:30,120,40,23,5,0.425,54.92,2197.0,-352.0,2.76,0.4
0.005,False,20,250,13:44,0,40,15,9,0.625,73.82,2953.0,-347.0,2.35,0.0
0.005,False,20,250,13:44,50,40,31,3,0.225,36.62,1465.0,-318.0,2.91,0.675
0.005,False,20,250,13:44,80,40,28,5,0.3,36.17,1447.0,-347.0,2.06,0.525
0.005,False,20,250,13:44,120,40,26,5,0.35,48.08,1923.0,-347.0,2.41,0.475
0.005,False,20,300,13:20,0,40,14,9,0.65,60.25,2410.0,-456.0,2.18,0.0
0.005,False,20,300,13:20,50,40,31,3,0.225,28.65,1146.0,-155.0,3.28,0.7
0.005,False,20,300,13:20,80,40,29,6,0.275,17.4,696.0,-456.0,1.54,0.55
0.005,False,20,300,13:20,120,40,25,6,0.375,31.12,1245.0,-456.0,1.98,0.45
0.005,False,20,300,13:30,0,40,16,7,0.6,61.88,2475.0,-352.0,2.24,0.0
0.005,False,20,300,13:30,50,40,33,3,0.175,22.08,883.0,-234.0,2.29,0.725
0.005,False,20,300,13:30,80,40,30,5,0.25,16.8,672.0,-352.0,1.53,0.575
0.005,False,20,300,13:30,120,40,27,5,0.325,28.05,1122.0,-352.0,1.89,0.5
0.005,False,20,300,13:44,0,40,18,11,0.55,46.48,1859.0,-347.0,1.68,0.0
0.005,False,20,300,13:44,50,40,34,3,0.15,18.65,746.0,-318.0,1.97,0.75
0.005,False,20,300,13:44,80,40,32,5,0.2,8.75,350.0,-347.0,1.25,0.625
0.005,False,20,300,13:44,120,40,30,5,0.25,21.9,876.0,-347.0,1.64,0.575
0.005,False,30,150,13:20,0,38,8,7,0.789,70.84,2692.0,-466.0,2.74,0.0
0.005,False,30,150,13:20,50,38,22,3,0.421,39.45,1499.0,-466.0,2.83,0.5
0.005,False,30,150,13:20,80,38,14,5,0.632,61.5,2337.0,-466.0,3.01,0.211
0.005,False,30,150,13:20,120,38,9,6,0.763,74.45,2829.0,-466.0,3.24,0.053
0.005,False,30,150,13:30,0,38,8,6,0.789,79.76,3031.0,-362.0,3.28,0.0
0.005,False,30,150,13:30,50,38,22,3,0.421,41.82,1589.0,-362.0,3.04,0.5
0.005,False,30,150,13:30,80,38,13,4,0.658,68.61,2607.0,-362.0,3.57,0.211
0.005,False,30,150,13:30,120,38,9,5,0.763,81.66,3103.0,-362.0,3.79,0.079
0.005,False,30,150,13:44,0,38,8,5,0.789,77.82,2957.0,-357.0,2.99,0.0
0.005,False,30,150,13:44,50,38,22,3,0.421,39.74,1510.0,-357.0,2.76,0.5
0.005,False,30,150,13:44,80,38,13,4,0.658,67.79,2576.0,-357.0,3.29,0.211
0.005,False,30,150,13:44,120,38,9,4,0.763,81.74,3106.0,-357.0,3.62,0.079
0.005,False,30,200,13:20,0,38,12,8,0.684,73.13,2779.0,-466.0,2.57,0.0
0.005,False,30,200,13:20,50,38,28,3,0.263,27.61,1049.0,-466.0,2.26,0.658
0.005,False,30,200,13:20,80,38,23,5,0.395,42.66,1621.0,-466.0,2.37,0.447
0.005,False,30,200,13:20,120,38,19,6,0.5,52.97,2013.0,-466.0,2.57,0.316
0.005,False,30,200,13:30,0,38,12,6,0.684,79.63,3026.0,-362.0,3.02,0.0
0.005,False,30,200,13:30,50,38,28,3,0.263,27.39,1041.0,-362.0,2.32,0.658
0.005,False,30,200,13:30,80,38,22,4,0.421,47.11,1790.0,-362.0,2.73,0.447
0.005,False,30,200,13:30,120,38,19,5,0.5,54.58,2074.0,-362.0,2.83,0.342
0.005,False,30,200,13:44,0,38,13,8,0.658,63.79,2424.0,-357.0,2.19,0.0
0.005,False,30,200,13:44,50,38,29,3,0.237,23.95,910.0,-357.0,2.04,0.684
0.005,False,30,200,13:44,80,38,24,4,0.368,39.66,1507.0,-357.0,2.32,0.5
0.005,False,30,200,13:44,120,38,22,4,0.421,48.34,1837.0,-357.0,2.52,0.421
0.005,False,30,250,13:20,0,38,13,8,0.658,87.26,3316.0,-466.0,2.83,0.0
0.005,False,30,250,13:20,50,38,30,3,0.211,24.92,947.0,-466.0,2.14,0.711
0.005,False,30,250,13:20,80,38,26,5,0.316,38.66,1469.0,-466.0,2.24,0.526
0.005,False,30,250,13:20,120,38,22,6,0.421,50.29,1911.0,-466.0,2.48,0.395
0.005,False,30,250,13:30,0,38,13,6,0.658,91.26,3468.0,-362.0,3.25,0.0
0.005,False,30,250,13:30,50,38,30,3,0.211,25.47,968.0,-362.0,2.22,0.711
0.005,False,30,250,13:30,80,38,25,4,0.342,43.87,1667.0,-362.0,2.6,0.526
0.005,False,30,250,13:30,120,38,22,5,0.421,52.66,2001.0,-362.0,2.76,0.421
0.005,False,30,250,13:44,0,38,14,8,0.632,79.55,3023.0,-357.0,2.47,0.0
0.005,False,30,250,13:44,50,38,31,3,0.184,22.63,860.0,-357.0,1.98,0.737
0.005,False,30,250,13:44,80,38,27,4,0.289,37.03,1407.0,-357.0,2.22,0.579
0.005,False,30,250,13:44,120,38,25,4,0.342,47.45,1803.0,-357.0,2.48,0.5
0.005,False,30,300,13:20,0,38,15,9,0.605,59.24,2251.0,-466.0,2.11,0.0
0.005,False,30,300,13:20,50,38,31,3,0.184,16.29,619.0,-466.0,1.74,0.737
0.005,False,30,300,13:20,80,38,29,5,0.237,15.08,573.0,-466.0,1.48,0.605
0.005,False,30,300,13:20,120,38,25,6,0.342,25.58,972.0,-466.0,1.75,0.474
0.005,False,30,300,13:30,0,38,15,7,0.605,63.97,2431.0,-362.0,2.3,0.0
0.005,False,30,300,13:30,50,38,31,3,0.184,18.92,719.0,-362.0,1.9,0.737
0.005,False,30,300,13:30,80,38,28,4,0.263,21.26,808.0,-362.0,1.77,0.605
0.005,False,30,300,13:30,120,38,25,5,0.342,29.58,1124.0,-362.0,1.98,0.5
0.005,False,30,300,13:44,0,38,17,11,0.553,48.92,1859.0,-357.0,1.71,0.0
0.005,False,30,300,13:44,50,38,32,3,0.158,16.34,621.0,-357.0,1.71,0.763
0.005,False,30,300,13:44,80,38,30,4,0.211,13.95,530.0,-357.0,1.46,0.658
0.005,False,30,300,13:44,120,38,28,4,0.263,25.68,976.0,-357.0,1.8,0.579
0.005,False,40,150,13:20,0,37,9,7,0.757,58.38,2160.0,-476.0,2.26,0.0
0.005,False,40,150,13:20,50,37,22,5,0.405,27.38,1013.0,-476.0,1.88,0.459
0.005,False,40,150,13:20,80,37,14,5,0.622,56.57,2093.0,-476.0,2.71,0.216
0.005,False,40,150,13:20,120,37,10,6,0.73,64.73,2395.0,-476.0,2.79,0.081
0.005,False,40,150,13:30,0,37,9,9,0.757,67.81,2509.0,-372.0,2.65,0.0
0.005,False,40,150,13:30,50,37,21,4,0.432,35.32,1307.0,-372.0,2.34,0.459
0.005,False,40,150,13:30,80,37,13,5,0.649,64.05,2370.0,-372.0,3.22,0.216
0.005,False,40,150,13:30,120,37,10,7,0.73,70.32,2602.0,-372.0,3.04,0.081
0.005,False,40,150,13:44,0,37,9,7,0.757,64.32,2380.0,-367.0,2.41,0.0
0.005,False,40,150,13:44,50,37,21,4,0.432,34.57,1279.0,-367.0,2.17,0.459
0.005,False,40,150,13:44,80,37,13,5,0.649,62.14,2299.0,-367.0,2.96,0.216
0.005,False,40,150,13:44,120,37,10,5,0.73,71.68,2652.0,-367.0,3.1,0.081
0.005,False,40,200,13:20,0,37,11,8,0.703,68.68,2541.0,-476.0,2.36,0.0
0.005,False,40,200,13:20,50,37,27,5,0.27,19.27,713.0,-476.0,1.62,0.595
0.005,False,40,200,13:20,80,37,23,5,0.378,36.3,1343.0,-476.0,2.08,0.459
0.005,False,40,200,13:20,120,37,20,6,0.459,40.41,1495.0,-476.0,2.1,0.351
0.005,False,40,200,13:30,0,37,13,9,0.649,68.03,2517.0,-372.0,2.55,0.0
0.005,False,40,200,13:30,50,37,26,4,0.297,24.3,899.0,-372.0,1.91,0.595
0.005,False,40,200,13:30,80,37,22,5,0.405,40.86,1512.0,-372.0,2.39,0.459
0.005,False,40,200,13:30,120,37,20,7,0.459,39.51,1462.0,-372.0,2.13,0.351
0.005,False,40,200,13:44,0,37,14,9,0.622,56.41,2087.0,-367.0,1.96,0.0
0.005,False,40,200,13:44,50,37,28,4,0.243,18.35,679.0,-367.0,1.62,0.649
0.005,False,40,200,13:44,80,37,24,5,0.351,33.76,1249.0,-367.0,2.04,0.514
0.005,False,40,200,13:44,120,37,23,5,0.378,36.54,1352.0,-367.0,2.05,0.432
0.005,False,40,250,13:20,0,37,13,8,0.649,70.08,2593.0,-476.0,2.34,0.0
0.005,False,40,250,13:20,50,37,29,5,0.216,16.24,601.0,-476.0,1.52,0.649
0.005,False,40,250,13:20,80,37,27,5,0.27,23.81,881.0,-476.0,1.7,0.568
0.005,False,40,250,13:20,120,37,24,6,0.351,27.92,1033.0,-476.0,1.76,0.459
0.005,False,40,250,13:30,0,37,14,9,0.622,75.08,2778.0,-372.0,2.65,0.0
0.005,False,40,250,13:30,50,37,28,4,0.243,22.05,816.0,-372.0,1.83,0.649
0.005,False,40,250,13:30,80,37,26,5,0.297,29.16,1079.0,-372.0,1.99,0.568
0.005,False,40,250,13:30,120,37,24,7,0.351,27.81,1029.0,-372.0,1.79,0.459
0.005,False,40,250,13:44,0,37,16,10,0.568,61.08,2260.0,-367.0,1.97,0.0
0.005,False,40,250,13:44,50,37,30,4,0.189,15.27,565.0,-367.0,1.51,0.703
0.005,False,40,250,13:44,80,37,28,5,0.243,21.22,785.0,-367.0,1.65,0.622
0.005,False,40,250,13:44,120,37,27,5,0.27,24.16,894.0,-367.0,1.69,0.541
0.005,False,40,300,13:20,0,37,14,9,0.622,52.14,1929.0,-476.0,1.89,0.0
0.005,False,40,300,13:20,50,37,30,5,0.189,8.78,325.0,-476.0,1.28,0.676
0.005,False,40,300,13:20,80,37,28,5,0.243,12.3,455.0,-476.0,1.36,0.595
0.005,False,40,300,13:20,120,37,25,6,0.324,16.41,607.0,-476.0,1.44,0.486
0.005,False,40,300,13:30,0,37,16,11,0.568,54.27,2008.0,-372.0,1.99,0.0
0.005,False,40,300,13:30,50,37,29,4,0.216,11.05,409.0,-372.0,1.41,0.676
0.005,False,40,300,13:30,80,37,27,5,0.27,18.65,690.0,-372.0,1.63,0.595
0.005,False,40,300,13:30,120,37,25,7,0.324,17.3,640.0,-372.0,1.49,0.486
0.005,False,40,300,13:44,0,37,18,12,0.514,41.43,1533.0,-367.0,1.55,0.0
0.005,False,40,300,13:44,50,37,31,4,0.162,4.65,172.0,-367.0,1.16,0.73
0.005,False,40,300,13:44,80,37,29,5,0.216,11.95,442.0,-367.0,1.37,0.649
0.005,False,40,300,13:44,120,37,28,5,0.243,14.89,551.0,-367.0,1.42,0.568
0.005,False,50,150,13:20,0,35,9,8,0.743,49.57,1735.0,-486.0,1.98,0.0
0.005,False,50,150,13:20,50,35,24,5,0.314,13.0,455.0,-486.0,1.4,0.543
0.005,False,50,150,13:20,80,35,18,5,0.486,34.03,1191.0,-486.0,2.06,0.371
0.005,False,50,150,13:20,120,35,13,6,0.629,50.49,1767.0,-486.0,2.42,0.2
0.005,False,50,150,13:30,0,35,11,8,0.686,53.4,1869.0,-382.0,2.21,0.0
0.005,False,50,150,13:30,50,35,23,4,0.343,18.77,657.0,-382.0,1.67,0.543
0.005,False,50,150,13:30,80,35,18,4,0.486,40.2,1407.0,-382.0,2.45,0.4
0.005,False,50,150,13:30,120,35,14,6,0.6,50.54,1769.0,-382.0,2.47,0.2
0.005,False,50,150,13:44,0,35,11,7,0.686,41.66,1458.0,-377.0,1.73,0.0
0.005,False,50,150,13:44,50,35,23,4,0.343,17.03,596.0,-377.0,1.55,0.543
0.005,False,50,150,13:44,80,35,18,4,0.486,38.46,1346.0,-377.0,2.25,0.4
0.005,False,50,150,13:44,120,35,14,4,0.6,52.26,1829.0,-377.0,2.54,0.229
0.005,False,50,200,13:20,0,35,10,8,0.714,69.46,2431.0,-486.0,2.34,0.0
0.005,False,50,200,13:20,50,35,28,5,0.2,3.8,133.0,-486.0,1.12,0.657
0.005,False,50,200,13:20,80,35,23,5,0.343,24.83,869.0,-486.0,1.77,0.514
0.005,False,50,200,13:20,120,35,19,6,0.457,41.29,1445.0,-486.0,2.15,0.371
0.005,False,50,200,13:30,0,35,13,8,0.629,70.34,2462.0,-382.0,2.53,0.0
0.005,False,50,200,13:30,50,35,27,4,0.229,10.2,357.0,-382.0,1.36,0.657
0.005,False,50,200,13:30,80,35,23,4,0.343,31.57,1105.0,-382.0,2.12,0.543
0.005,False,50,200,13:30,120,35,20,6,0.429,41.91,1467.0,-382.0,2.21,0.371
0.005,False,50,200,13:44,0,35,13,8,0.629,55.2,1932.0,-377.0,1.89,0.0
0.005,False,50,200,13:44,50,35,28,4,0.2,4.17,146.0,-377.0,1.13,0.686
0.005,False,50,200,13:44,80,35,24,4,0.314,27.03,946.0,-377.0,1.87,0.571
0.005,False,50,200,13:44,120,35,21,4,0.4,40.83,1429.0,-377.0,2.19,0.429
0.005,False,50,250,13:20,0,35,12,8,0.657,65.26,2284.0,-486.0,2.2,0.0
0.005,False,50,250,13:20,50,35,28,5,0.2,7.86,275.0,-486.0,1.24,0.657
0.005,False,50,250,13:20,80,35,25,5,0.286,18.89,661.0,-486.0,1.58,0.571
0.005,False,50,250,13:20,120,35,23,6,0.343,25.34,887.0,-486.0,1.7,0.486
0.005,False,50,250,13:30,0,35,14,8,0.6,69.4,2429.0,-382.0,2.46,0.0
0.005,False,50,250,13:30,50,35,27,4,0.229,11.91,417.0,-382.0,1.42,0.657
0.005,False,50,250,13:30,80,35,25,4,0.286,23.29,815.0,-382.0,1.83,0.6
0.005,False,50,250,13:30,120,35,24,6,0.314,23.63,827.0,-382.0,1.68,0.486
0.005,False,50,250,13:44,0,35,15,9,0.571,54.29,1900.0,-377.0,1.82,0.0
0.005,False,50,250,13:44,50,35,28,4,0.2,6.2,217.0,-377.0,1.2,0.686
0.005,False,50,250,13:44,80,35,26,4,0.257,18.94,663.0,-377.0,1.6,0.629
0.005,False,50,250,13:44,120,35,25,4,0.286,22.74,796.0,-377.0,1.66,0.543
0.005,False,50,300,13:20,0,35,13,9,0.629,49.17,1721.0,-486.0,1.81,0.0
0.005,False,50,300,13:20,50,35,29,5,0.171,1.06,37.0,-486.0,1.03,0.686
0.005,False,50,300,13:20,80,35,26,5,0.257,7.51,263.0,-486.0,1.23,0.6
0.005,False,50,300,13:20,120,35,24,6,0.314,15.4,539.0,-486.0,1.43,0.514
0.005,False,50,300,13:30,0,35,16,10,0.543,52.06,1822.0,-382.0,1.9,0.0
0.005,False,50,300,13:30,50,35,28,4,0.2,3.91,137.0,-382.0,1.14,0.686
0.005,False,50,300,13:30,80,35,26,4,0.257,15.51,543.0,-382.0,1.55,0.629
0.005,False,50,300,13:30,120,35,25,6,0.286,17.29,605.0,-382.0,1.49,0.514
0.005,False,50,300,13:44,0,35,17,11,0.514,36.8,1288.0,-377.0,1.45,0.0
0.005,False,50,300,13:44,50,35,29,4,0.171,-2.6,-91.0,-377.0,0.92,0.714
0.005,False,50,300,13:44,80,35,27,4,0.229,11.57,405.0,-377.0,1.37,0.657
0.005,False,50,300,13:44,120,35,26,4,0.257,16.8,588.0,-377.0,1.48,0.571
0.005,True,10,150,13:20,0,44,13,11,0.705,42.59,1874.0,-446.0,1.76,0.0
0.005,True,10,150,13:20,50,44,30,8,0.318,5.64,248.0,-321.0,1.15,0.5
0.005,True,10,150,13:20,80,44,25,11,0.432,7.09,312.0,-446.0,1.13,0.318
0.005,True,10,150,13:20,120,44,14,11,0.682,41.23,1814.0,-446.0,1.76,0.045
0.005,True,10,150,13:30,0,44,15,11,0.659,32.07,1411.0,-371.0,1.49,0.0
0.005,True,10,150,13:30,50,44,31,8,0.295,0.5,22.0,-371.0,1.01,0.523
0.005,True,10,150,13:30,80,44,26,11,0.409,-0.07,-3.0,-371.0,1.0,0.318
0.005,True,10,150,13:30,120,44,16,11,0.636,32.25,1419.0,-371.0,1.52,0.068
0.005,True,10,150,13:44,0,44,14,11,0.682,29.55,1300.0,-450.0,1.43,0.0
0.005,True,10,150,13:44,50,44,31,8,0.295,-2.55,-112.0,-450.0,0.94,0.523
0.005,True,10,150,13:44,80,44,26,11,0.409,-5.5,-242.0,-450.0,0.92,0.318
0.005,True,10,150,13:44,120,44,16,11,0.636,26.98,1187.0,-450.0,1.4,0.068
0.005,True,10,200,13:20,0,44,16,12,0.636,45.5,2002.0,-446.0,1.69,0.0
0.005,True,10,200,13:20,50,44,30,8,0.318,16.61,731.0,-321.0,1.44,0.5
0.005,True,10,200,13:20,80,44,27,11,0.386,14.66,645.0,-446.0,1.27,0.364
0.005,True,10,200,13:20,120,44,19,11,0.568,44.34,1951.0,-446.0,1.81,0.159
0.005,True,10,200,13:30,0,44,18,12,0.591,34.59,1522.0,-371.0,1.49,0.0
0.005,True,10,200,13:30,50,44,31,8,0.295,8.23,362.0,-371.0,1.19,0.523
0.005,True,10,200,13:30,80,44,28,11,0.364,4.25,187.0,-371.0,1.07,0.364
0.005,True,10,200,13:30,120,44,21,11,0.523,32.91,1448.0,-371.0,1.53,0.182
0.005,True,10,200,13:44,0,44,19,13,0.568,23.0,1012.0,-450.0,1.28,0.0
0.005,True,10,200,13:44,50,44,33,8,0.25,3.14,138.0,-450.0,1.07,0.568
0.005,True,10,200,13:44,80,44,30,11,0.318,-3.23,-142.0,-450.0,0.95,0.409
0.005,True,10,200,13:44,120,44,23,11,0.477,24.73,1088.0,-450.0,1.37,0.227
0.005,True,10,250,13:20,0,44,17,12,0.614,60.64,2668.0,-446.0,1.92,0.0
0.005,True,10,250,13:20,50,44,31,8,0.295,20.52,903.0,-321.0,1.54,0.523
0.005,True,10,250,13:20,80,44,29,11,0.341,16.3,717.0,-446.0,1.31,0.409
0.005,True,10,250,13:20,120,44,23,11,0.477,40.3,1773.0,-446.0,1.74,0.25
0.005,True,10,250,13:30,0,44,19,12,0.568,47.59,2094.0,-371.0,1.68,0.0
0.005,True,10,250,13:30,50,44,32,8,0.273,9.84,433.0,-371.0,1.23,0.545
0.005,True,10,250,13:30,80,44,30,11,0.318,3.59,158.0,-371.0,1.06,0.409
0.005,True,10,250,13:30,120,44,25,11,0.432,26.57,1169.0,-371.0,1.43,0.273
0.005,True,10,250,13:44,0,44,19,13,0.568,39.91,1756.0,-450.0,1.48,0.0
0.005,True,10,250,13:44,50,44,35,8,0.205,4.27,188.0,-450.0,1.09,0.614
0.005,True,10,250,13:44,80,44,33,11,0.25,-4.36,-192.0,-450.0,0.93,0.477
0.005,True,10,250,13:44,120,44,28,11,0.364,19.05,838.0,-450.0,1.28,0.341
0.005,True,10,300,13:20,0,44,19,13,0.568,36.5,1606.0,-446.0,1.52,0.0
0.005,True,10,300,13:20,50,44,34,8,0.227,4.61,203.0,-321.0,1.12,0.591
0.005,True,10,300,13:20,80,44,32,11,0.273,-1.2,-53.0,-446.0,0.98,0.477
0.005,True,10,300,13:20,120,44,28,11,0.364,10.91,480.0,-446.0,1.2,0.364
0.005,True,10,300,13:30,0,44,22,13,0.5,25.23,1110.0,-371.0,1.33,0.0
0.005,True,10,300,13:30,50,44,35,8,0.205,-6.89,-303.0,-371.0,0.84,0.614
0.005,True,10,300,13:30,80,44,33,11,0.25,-10.86,-478.0,-371.0,0.82,0.477
0.005,True,10,300,13:30,120,44,30,11,0.318,0.8,35.0,-371.0,1.01,0.386
0.005,True,10,300,13:44,0,44,22,15,0.5,14.55,640.0,-450.0,1.15,0.0
0.005,True,10,300,13:44,50,44,38,8,0.136,-11.61,-511.0,-450.0,0.75,0.682
0.005,True,10,300,13:44,80,44,36,11,0.182,-17.98,-791.0,-450.0,0.73,0.545
0.005,True,10,300,13:44,120,44,33,11,0.25,-5.11,-225.0,-450.0,0.92,0.455
0.005,True,20,150,13:20,0,38,7,6,0.816,81.97,3115.0,-456.0,3.62,0.0
0.005,True,20,150,13:20,50,38,20,3,0.474,52.79,2006.0,-155.0,5.18,0.447
0.005,True,20,150,13:20,80,38,14,5,0.632,59.71,2269.0,-456.0,3.05,0.211
0.005,True,20,150,13:20,120,38,8,5,0.789,80.66,3065.0,-456.0,3.8,0.053
0.005,True,20,150,13:30,0,38,9,5,0.763,76.11,2892.0,-352.0,3.07,0.0
0.005,True,20,150,13:30,50,38,21,3,0.447,48.82,1855.0,-234.0,3.81,0.447
0.005,True,20,150,13:30,80,38,15,5,0.605,57.11,2170.0,-352.0,2.76,0.211
0.005,True,20,150,13:30,120,38,10,5,0.737,76.84,2920.0,-352.0,3.39,0.079
0.005,True,20,150,13:44,0,38,8,5,0.789,76.39,2903.0,-347.0,3.09,0.0
0.005,True,20,150,13:44,50,38,21,3,0.447,46.55,1769.0,-318.0,3.37,0.447
0.005,True,20,150,13:44,80,38,15,5,0.605,54.21,2060.0,-347.0,2.53,0.211
0.005,True,20,150,13:44,120,38,10,5,0.737,73.95,2810.0,-347.0,3.11,0.079
0.005,True,20,200,13:20,0,38,11,7,0.711,78.08,2967.0,-456.0,2.8,0.0
0.005,True,20,200,13:20,50,38,24,3,0.368,52.79,2006.0,-155.0,5.11,0.553
0.005,True,20,200,13:20,80,38,19,5,0.5,60.87,2313.0,-456.0,3.07,0.342
0.005,True,20,200,13:20,120,38,15,5,0.605,74.87,2845.0,-456.0,3.57,0.237
0.005,True,20,200,13:30,0,38,13,6,0.658,71.42,2714.0,-352.0,2.64,0.0
0.005,True,20,200,13:30,50,38,25,3,0.342,46.5,1767.0,-234.0,3.64,0.553
0.005,True,20,200,13:30,80,38,20,5,0.474,55.87,2123.0,-352.0,2.71,0.342
0.005,True,20,200,13:30,120,38,17,5,0.553,66.61,2531.0,-352.0,3.04,0.263
0.005,True,20,200,13:44,0,38,13,8,0.658,62.11,2360.0,-347.0,2.14,0.0
0.005,True,20,200,13:44,50,38,26,3,0.316,42.61,1619.0,-318.0,3.14,0.579
0.005,True,20,200,13:44,80,38,21,5,0.447,50.03,1901.0,-347.0,2.4,0.368
0.005,True,20,200,13:44,120,38,19,5,0.5,60.55,2301.0,-347.0,2.7,0.316
0.005,True,20,250,13:20,0,38,12,7,0.684,93.0,3534.0,-456.0,3.09,0.0
0.005,True,20,250,13:20,50,38,26,3,0.316,51.53,1958.0,-155.0,4.98,0.605
0.005,True,20,250,13:20,80,38,23,5,0.395,51.71,1965.0,-456.0,2.75,0.447
0.005,True,20,250,13:20,120,38,19,5,0.5,67.03,2547.0,-456.0,3.28,0.342
0.005,True,20,250,13:30,0,38,14,6,0.632,83.84,3186.0,-352.0,2.89,0.0
0.005,True,20,250,13:30,50,38,28,3,0.263,42.21,1604.0,-234.0,3.38,0.632
0.005,True,20,250,13:30,80,38,25,5,0.342,43.68,1660.0,-352.0,2.32,0.474
0.005,True,20,250,13:30,120,38,22,5,0.421,55.74,2118.0,-352.0,2.7,0.395
0.005,True,20,250,13:44,0,38,14,8,0.632,78.66,2989.0,-347.0,2.44,0.0
0.005,True,20,250,13:44,50,38,29,3,0.237,38.66,1469.0,-318.0,2.93,0.658
0.005,True,20,250,13:44,80,38,26,5,0.316,38.18,1451.0,-347.0,2.06,0.5
0.005,True,20,250,13:44,120,38,24,5,0.368,50.71,1927.0,-347.0,2.41,0.447
0.005,True,20,300,13:20,0,38,13,8,0.658,67.34,2559.0,-456.0,2.36,0.0
0.005,True,20,300,13:20,50,38,29,3,0.237,30.26,1150.0,-155.0,3.31,0.684
0.005,True,20,300,13:20,80,38,27,5,0.289,22.34,849.0,-456.0,1.75,0.553
0.005,True,20,300,13:20,120,38,23,5,0.395,36.79,1398.0,-456.0,2.24,0.447
0.005,True,20,300,13:30,0,38,16,7,0.579,59.24,2251.0,-352.0,2.13,0.0
0.005,True,20,300,13:30,50,38,31,3,0.184,23.34,887.0,-234.0,2.3,0.711
0.005,True,20,300,13:30,80,38,29,5,0.237,15.61,593.0,-352.0,1.47,0.579
0.005,True,20,300,13:30,120,38,26,5,0.316,27.45,1043.0,-352.0,1.83,0.5
0.005,True,20,300,13:44,0,38,17,10,0.553,49.87,1895.0,-347.0,1.72,0.0
0.005,True,20,300,13:44,50,38,32,3,0.158,19.74,750.0,-318.0,1.98,0.737
0.005,True,20,300,13:44,80,38,30,5,0.211,9.32,354.0,-347.0,1.26,0.605
0.005,True,20,300,13:44,120,38,28,5,0.263,23.16,880.0,-347.0,1.64,0.553
0.005,True,30,150,13:20,0,36,7,6,0.806,75.14,2705.0,-466.0,2.95,0.0
0.005,True,30,150,13:20,50,36,21,3,0.417,37.58,1353.0,-466.0,2.66,0.5
0.005,True,30,150,13:20,80,36,13,4,0.639,65.28,2350.0,-466.0,3.34,0.222
0.005,True,30,150,13:20,120,36,8,5,0.778,78.94,2842.0,-466.0,3.58,0.056
0.005,True,30,150,13:30,0,36,8,6,0.778,78.11,2812.0,-362.0,3.11,0.0
0.005,True,30,150,13:30,50,36,21,3,0.417,40.08,1443.0,-362.0,2.86,0.5
0.005,True,30,150,13:30,80,36,13,4,0.639,66.33,2388.0,-362.0,3.35,0.222
0.005,True,30,150,13:30,120,36,9,5,0.75,80.11,2884.0,-362.0,3.59,0.083
0.005,True,30,150,13:44,0,36,8,5,0.778,73.92,2661.0,-357.0,2.79,0.0
0.005,True,30,150,13:44,50,36,21,3,0.417,37.89,1364.0,-357.0,2.59,0.5
0.005,True,30,150,13:44,80,36,13,4,0.639,63.33,2280.0,-357.0,3.03,0.222
0.005,True,30,150,13:44,120,36,9,4,0.75,78.06,2810.0,-357.0,3.37,0.083
0.005,True,30,200,13:20,0,36,10,7,0.722,81.89,2948.0,-466.0,2.84,0.0
0.005,True,30,200,13:20,50,36,26,3,0.278,29.25,1053.0,-466.0,2.27,0.639
0.005,True,30,200,13:20,80,36,21,4,0.417,49.56,1784.0,-466.0,2.75,0.444
0.005,True,30,200,13:20,120,36,17,5,0.528,60.44,2176.0,-466.0,2.94,0.306
0.005,True,30,200,13:30,0,36,12,6,0.667,78.39,2822.0,-362.0,2.88,0.0
0.005,True,30,200,13:30,50,36,26,3,0.278,29.03,1045.0,-362.0,2.33,0.639
0.005,True,30,200,13:30,80,36,21,4,0.417,47.81,1721.0,-362.0,2.67,0.444
0.005,True,30,200,13:30,120,36,18,5,0.5,55.69,2005.0,-362.0,2.77,0.333
0.005,True,30,200,13:44,0,36,12,7,0.667,68.89,2480.0,-357.0,2.29,0.0
0.005,True,30,200,13:44,50,36,27,3,0.25,25.39,914.0,-357.0,2.05,0.667
0.005,True,30,200,13:44,80,36,22,4,0.389,41.97,1511.0,-357.0,2.32,0.472
0.005,True,30,200,13:44,120,36,20,4,0.444,51.14,1841.0,-357.0,2.52,0.389
0.005,True,30,250,13:20,0,36,11,7,0.694,96.81,3485.0,-466.0,3.12,0.0
0.005,True,30,250,13:20,50,36,28,3,0.222,26.42,951.0,-466.0,2.15,0.694
0.005,True,30,250,13:20,80,36,24,4,0.333,45.33,1632.0,-466.0,2.59,0.528
0.005,True,30,250,13:20,120,36,20,5,0.444,57.61,2074.0,-466.0,2.84,0.389
0.005,True,30,250,13:30,0,36,13,6,0.639,90.67,3264.0,-362.0,3.12,0.0
0.005,True,30,250,13:30,50,36,28,3,0.222,27.0,972.0,-362.0,2.23,0.694
0.005,True,30,250,13:30,80,36,24,4,0.333,44.39,1598.0,-362.0,2.54,0.528
0.005,True,30,250,13:30,120,36,21,5,0.417,53.67,1932.0,-362.0,2.7,0.417
0.005,True,30,250,13:44,0,36,13,7,0.639,85.53,3079.0,-357.0,2.59,0.0
0.005,True,30,250,13:44,50,36,29,3,0.194,24.0,864.0,-357.0,1.99,0.722
0.005,True,30,250,13:44,80,36,25,4,0.306,39.19,1411.0,-357.0,2.23,0.556
0.005,True,30,250,13:44,120,36,23,4,0.361,50.19,1807.0,-357.0,2.49,0.472
0.005,True,30,300,13:20,0,36,13,8,0.639,67.22,2420.0,-466.0,2.3,0.0
0.005,True,30,300,13:20,50,36,29,3,0.194,17.31,623.0,-466.0,1.75,0.722
0.005,True,30,300,13:20,80,36,27,4,0.25,20.44,736.0,-466.0,1.71,0.611
0.005,True,30,300,13:20,120,36,23,5,0.361,31.53,1135.0,-466.0,2.0,0.472
0.005,True,30,300,13:30,0,36,15,7,0.583,61.86,2227.0,-362.0,2.19,0.0
0.005,True,30,300,13:30,50,36,29,3,0.194,20.08,723.0,-362.0,1.91,0.722
0.005,True,30,300,13:30,80,36,27,4,0.25,20.53,739.0,-362.0,1.71,0.611
0.005,True,30,300,13:30,120,36,24,5,0.333,29.31,1055.0,-362.0,1.92,0.5
0.005,True,30,300,13:44,0,36,16,10,0.556,53.19,1915.0,-357.0,1.76,0.0
0.005,True,30,300,13:44,50,36,30,3,0.167,17.36,625.0,-357.0,1.72,0.75
0.005,True,30,300,13:44,80,36,28,4,0.222,14.83,534.0,-357.0,1.46,0.639
0.005,True,30,300,13:44,120,36,26,4,0.278,27.22,980.0,-357.0,1.8,0.556
0.005,True,40,150,13:20,0,36,8,6,0.778,64.75,2331.0,-476.0,2.51,0.0
0.005,True,40,150,13:20,50,36,21,4,0.417,32.89,1184.0,-476.0,2.21,0.472
0.005,True,40,150,13:20,80,36,13,4,0.639,62.89,2264.0,-476.0,3.15,0.222
0.005,True,40,150,13:20,120,36,9,5,0.75,71.28,2566.0,-476.0,3.2,0.083
0.005,True,40,150,13:30,0,36,9,9,0.75,68.0,2448.0,-372.0,2.61,0.0
0.005,True,40,150,13:30,50,36,21,4,0.417,34.61,1246.0,-372.0,2.28,0.472
0.005,True,40,150,13:30,80,36,13,5,0.639,64.14,2309.0,-372.0,3.17,0.222
0.005,True,40,150,13:30,120,36,10,7,0.722,70.58,2541.0,-372.0,2.99,0.083
0.005,True,40,150,13:44,0,36,9,7,0.75,62.0,2232.0,-367.0,2.32,0.0
0.005,True,40,150,13:44,50,36,21,4,0.417,31.42,1131.0,-367.0,2.04,0.472
0.005,True,40,150,13:44,80,36,13,5,0.639,59.75,2151.0,-367.0,2.83,0.222
0.005,True,40,150,13:44,120,36,10,5,0.722,69.56,2504.0,-367.0,2.98,0.083
0.005,True,40,200,13:20,0,36,10,7,0.722,75.33,2712.0,-476.0,2.6,0.0
0.005,True,40,200,13:20,50,36,26,4,0.278,24.56,884.0,-476.0,1.9,0.611
0.005,True,40,200,13:20,80,36,22,4,0.389,42.06,1514.0,-476.0,2.41,0.472
0.005,True,40,200,13:20,120,36,19,5,0.472,46.28,1666.0,-476.0,2.41,0.361
0.005,True,40,200,13:30,0,36,13,9,0.639,68.22,2456.0,-372.0,2.51,0.0
0.005,True,40,200,13:30,50,36,26,4,0.278,23.28,838.0,-372.0,1.85,0.611
0.005,True,40,200,13:30,80,36,22,5,0.389,40.31,1451.0,-372.0,2.34,0.472
0.005,True,40,200,13:30,120,36,20,7,0.444,38.92,1401.0,-372.0,2.08,0.361
0.005,True,40,200,13:44,0,36,13,8,0.639,61.64,2219.0,-367.0,2.08,0.0
0.005,True,40,200,13:44,50,36,27,4,0.25,18.92,681.0,-367.0,1.62,0.639
0.005,True,40,200,13:44,80,36,23,5,0.361,34.75,1251.0,-367.0,2.05,0.5
0.005,True,40,200,13:44,120,36,22,5,0.389,37.61,1354.0,-367.0,2.05,0.417
0.005,True,40,250,13:20,0,36,12,7,0.667,76.78,2764.0,-476.0,2.57,0.0
0.005,True,40,250,13:20,50,36,28,4,0.222,21.44,772.0,-476.0,1.78,0.667
0.005,True,40,250,13:20,80,36,26,4,0.278,29.22,1052.0,-476.0,1.97,0.583
0.005,True,40,250,13:20,120,36,23,5,0.361,33.44,1204.0,-476.0,2.01,0.472
0.005,True,40,250,13:30,0,36,14,9,0.611,75.47,2717.0,-372.0,2.62,0.0
0.005,True,40,250,13:30,50,36,28,4,0.222,20.97,755.0,-372.0,1.76,0.667
0.005,True,40,250,13:30,80,36,26,5,0.278,28.28,1018.0,-372.0,1.93,0.583
0.005,True,40,250,13:30,120,36,24,7,0.333,26.89,968.0,-372.0,1.74,0.472
0.005,True,40,250,13:44,0,36,15,9,0.583,66.44,2392.0,-367.0,2.09,0.0
0.005,True,40,250,13:44,50,36,29,4,0.194,15.75,567.0,-367.0,1.51,0.694
0.005,True,40,250,13:44,80,36,27,5,0.25,21.86,787.0,-367.0,1.65,0.611
0.005,True,40,250,13:44,120,36,26,5,0.278,24.89,896.0,-367.0,1.69,0.528
0.005,True,40,300,13:20,0,36,13,8,0.639,58.33,2100.0,-476.0,2.06,0.0
0.005,True,40,300,13:20,50,36,29,4,0.194,13.78,496.0,-476.0,1.5,0.694
0.005,True,40,300,13:20,80,36,27,4,0.25,17.39,626.0,-476.0,1.58,0.611
0.005,True,40,300,13:20,120,36,24,5,0.333,21.61,778.0,-476.0,1.65,0.5
0.005,True,40,300,13:30,0,36,16,11,0.556,54.08,1947.0,-372.0,1.96,0.0
0.005,True,40,300,13:30,50,36,29,4,0.194,9.67,348.0,-372.0,1.35,0.694
0.005,True,40,300,13:30,80,36,27,5,0.25,17.47,629.0,-372.0,1.57,0.611
0.005,True,40,300,13:30,120,36,25,7,0.306,16.08,579.0,-372.0,1.44,0.5
0.005,True,40,300,13:44,0,36,17,11,0.528,46.25,1665.0,-367.0,1.62,0.0
0.005,True,40,300,13:44,50,36,30,4,0.167,4.83,174.0,-367.0,1.16,0.722
0.005,True,40,300,13:44,80,36,28,5,0.222,12.33,444.0,-367.0,1.37,0.639
0.005,True,40,300,13:44,120,36,27,5,0.25,15.36,553.0,-367.0,1.43,0.556
0.005,True,50,150,13:20,0,34,8,7,0.765,56.35,1916.0,-486.0,2.21,0.0
0.005,True,50,150,13:20,50,34,23,4,0.324,18.71,636.0,-486.0,1.67,0.559
0.005,True,50,150,13:20,80,34,17,4,0.5,40.35,1372.0,-486.0,2.45,0.382
0.005,True,50,150,13:20,120,34,12,5,0.647,57.29,1948.0,-486.0,2.83,0.206
0.005,True,50,150,13:30,0,34,11,8,0.676,53.47,1818.0,-382.0,2.18,0.0
0.005,True,50,150,13:30,50,34,23,4,0.324,17.82,606.0,-382.0,1.62,0.559
0.005,True,50,150,13:30,80,34,18,4,0.471,39.88,1356.0,-382.0,2.39,0.412
0.005,True,50,150,13:30,120,34,14,6,0.588,50.53,1718.0,-382.0,2.43,0.206
0.005,True,50,150,13:44,0,34,11,7,0.676,38.53,1310.0,-377.0,1.65,0.0
0.005,True,50,150,13:44,50,34,23,4,0.324,13.18,448.0,-377.0,1.41,0.559
0.005,True,50,150,13:44,80,34,18,4,0.471,35.24,1198.0,-377.0,2.11,0.412
0.005,True,50,150,13:44,120,34,14,4,0.588,49.44,1681.0,-377.0,2.41,0.235
0.005,True,50,200,13:20,0,34,9,7,0.735,76.82,2612.0,-486.0,2.6,0.0
0.005,True,50,200,13:20,50,34,27,4,0.206,9.24,314.0,-486.0,1.33,0.676
0.005,True,50,200,13:20,80,34,22,4,0.353,30.88,1050.0,-486.0,2.1,0.529
0.005,True,50,200,13:20,120,34,18,5,0.471,47.82,1626.0,-486.0,2.51,0.382
0.005,True,50,200,13:30,0,34,13,8,0.618,70.91,2411.0,-382.0,2.5,0.0
0.005,True,50,200,13:30,50,34,27,4,0.206,9.0,306.0,-382.0,1.31,0.676
0.005,True,50,200,13:30,80,34,23,4,0.324,31.0,1054.0,-382.0,2.07,0.559
0.005,True,50,200,13:30,120,34,20,6,0.412,41.65,1416.0,-382.0,2.17,0.382
0.005,True,50,200,13:44,0,34,12,7,0.647,61.0,2074.0,-377.0,2.03,0.0
0.005,True,50,200,13:44,50,34,27,4,0.206,4.35,148.0,-377.0,1.13,0.676
0.005,True,50,200,13:44,80,34,23,4,0.324,27.88,948.0,-377.0,1.87,0.559
0.005,True,50,200,13:44,120,34,20,4,0.412,42.09,1431.0,-377.0,2.19,0.412
0.005,True,50,250,13:20,0,34,11,7,0.676,72.5,2465.0,-486.0,2.44,0.0
0.005,True,50,250,13:20,50,34,27,4,0.206,13.41,456.0,-486.0,1.47,0.676
0.005,True,50,250,13:20,80,34,24,4,0.294,24.76,842.0,-486.0,1.88,0.588
0.005,True,50,250,13:20,120,34,22,5,0.353,31.41,1068.0,-486.0,1.99,0.5
0.005,True,50,250,13:30,0,34,14,8,0.588,69.94,2378.0,-382.0,2.43,0.0
0.005,True,50,250,13:30,50,34,27,4,0.206,10.76,366.0,-382.0,1.37,0.676
0.005,True,50,250,13:30,80,34,25,4,0.265,22.47,764.0,-382.0,1.77,0.618
0.005,True,50,250,13:30,120,34,24,6,0.294,22.82,776.0,-382.0,1.63,0.5
0.005,True,50,250,13:44,0,34,14,8,0.588,60.06,2042.0,-377.0,1.94,0.0
0.005,True,50,250,13:44,50,34,27,4,0.206,6.44,219.0,-377.0,1.2,0.676
0.005,True,50,250,13:44,80,34,25,4,0.265,19.56,665.0,-377.0,1.61,0.618
0.005,True,50,250,13:44,120,34,24,4,0.294,23.47,798.0,-377.0,1.66,0.529
0.005,True,50,300,13:20,0,34,12,8,0.647,55.94,1902.0,-486.0,1.98,0.0
0.005,True,50,300,13:20,50,34,28,4,0.176,6.41,218.0,-486.0,1.23,0.706
0.005,True,50,300,13:20,80,34,25,4,0.265,13.06,444.0,-486.0,1.46,0.618
0.005,True,50,300,13:20,120,34,23,5,0.324,21.18,720.0,-486.0,1.66,0.529
0.005,True,50,300,13:30,0,34,16,10,0.529,52.09,1771.0,-382.0,1.87,0.0
0.005,True,50,300,13:30,50,34,28,4,0.176,2.53,86.0,-382.0,1.09,0.706
0.005,True,50,300,13:30,80,34,26,4,0.235,14.47,492.0,-382.0,1.5,0.647
0.005,True,50,300,13:30,120,34,25,6,0.265,16.29,554.0,-382.0,1.45,0.529
0.005,True,50,300,13:44,0,34,16,10,0.529,42.06,1430.0,-377.0,1.53,0.0
0.005,True,50,300,13:44,50,34,28,4,0.176,-2.62,-89.0,-377.0,0.92,0.706
0.005,True,50,300,13:44,80,34,26,4,0.235,11.97,407.0,-377.0,1.37,0.647
0.005,True,50,300,13:44,120,34,25,4,0.265,17.35,590.0,-377.0,1.49,0.559
