date,market,n_all,all_mean,n_r1,r1_mean,n_r1b,r1b_mean,r1_codes,r1_stop_mean,r1_mdd_mean,r1_stop_mdd_mean,r1_stop_bars
2021-01-04,TW,77,0.15973936121208548,0,,0,,,,,,
2021-01-05,TW,77,0.14193088087763198,0,,0,,,,,,
2021-01-06,TW,76,0.15722474721210067,0,,0,,,,,,
2021-01-07,TW,76,0.15726545228730662,0,,0,,,,,,
2021-01-08,TW,76,0.15002984246733903,0,,0,,,,,,
2021-01-11,TW,76,0.1478001574018837,0,,0,,,,,,
2021-01-12,TW,75,0.15580570597991364,0,,0,,,,,,
2021-01-13,TW,75,0.11818706633993337,0,,0,,,,,,
2021-01-14,TW,75,0.1285047479952201,0,,0,,,,,,
2021-01-15,TW,74,0.1783269614313131,0,,0,,,,,,
2021-01-18,TW,75,0.17215985053585578,0,,0,,,,,,
2021-01-19,TW,74,0.17351153722255924,0,,0,,,,,,
2021-01-20,TW,74,0.20075817973606425,0,,0,,,,,,
2021-01-21,TW,74,0.1579932566487098,0,,0,,,,,,
2021-01-22,TW,74,0.10552763390008967,0,,0,,,,,,
2021-01-25,TW,74,0.08505528698665453,0,,0,,,,,,
2021-01-26,TW,74,0.09226222094755653,0,,0,,,,,,
2021-01-27,TW,74,0.15469017044125144,0,,0,,,,,,
2021-01-28,TW,75,0.1337237315198902,0,,0,,,,,,
2021-01-29,TW,75,0.10363686116583386,0,,0,,,,,,
2021-02-01,TW,75,0.0336668806730244,0,,0,,,,,,
2021-02-02,TW,75,0.014325218654620135,0,,0,,,,,,
2021-02-03,TW,75,0.02546522498120518,0,,0,,,,,,
2021-02-04,TW,75,-0.027204206803403158,0,,0,,,,,,
2021-02-05,TW,75,0.009020687793614547,0,,0,,,,,,
2021-02-17,TW,75,-0.00107204979779793,0,,0,,,,,,
2021-02-18,TW,75,-0.021675159014751037,0,,0,,,,,,
2021-02-19,TW,75,-0.013103523598796064,0,,0,,,,,,
2021-02-22,TW,75,0.005259900292535029,0,,0,,,,,,
2021-02-23,TW,75,0.02293276863158923,0,,0,,,,,,
2021-02-24,TW,75,0.019162561994108665,0,,0,,,,,,
2021-02-25,TW,76,0.04163694532690456,0,,0,,,,,,
2021-02-26,TW,75,0.03781958296695249,0,,0,,,,,,
2021-03-02,TW,75,0.06710037079864098,0,,0,,,,,,
2021-03-03,TW,76,0.08142068465656029,0,,0,,,,,,
2021-03-04,TW,76,0.09764796062130782,0,,0,,,,,,
2021-03-05,TW,76,0.08009957952773461,0,,0,,,,,,
2021-03-08,TW,76,0.09305819554769994,0,,0,,,,,,
2021-03-09,TW,76,0.08732484488011269,0,,0,,,,,,
2021-03-10,TW,75,0.08484381616146086,0,,0,,,,,,
2021-03-11,TW,76,0.06387662460413931,0,,0,,,,,,
2021-03-12,TW,76,0.08464032154393156,0,,0,,,,,,
2021-03-15,TW,76,0.07970330374348589,0,,0,,,,,,
2021-03-16,TW,76,0.09721138537117764,0,,0,,,,,,
2021-03-17,TW,76,0.08459127730456797,0,,0,,,,,,
2021-03-18,TW,75,0.10254379438477375,0,,0,,,,,,
2021-03-19,TW,75,0.10249003313489619,0,,0,,,,,,
2021-03-22,TW,75,0.0906392265913379,0,,0,,,,,,
2021-03-23,TW,76,0.11362722897025812,0,,0,,,,,,
2021-03-24,TW,76,0.12782363067179303,0,,0,,,,,,
2021-03-25,TW,76,0.1384618669497191,0,,0,,,,,,
2021-03-26,TW,76,0.13007814160460587,0,,0,,,,,,
2021-03-29,TW,77,0.12016733213270406,0,,0,,,,,,
2021-03-30,TW,77,0.10942059690046545,0,,0,,,,,,
2021-03-31,TW,77,0.10343418232723414,0,,0,,,,,,
2021-04-01,TW,77,0.08444924452740268,0,,0,,,,,,
2021-04-06,TW,77,0.09164155226869175,0,,0,,,,,,
2021-04-07,TW,77,0.10572631716045311,0,,0,,,,,,
2021-04-08,TW,76,0.08985141193341904,0,,0,,,,,,
2021-04-09,TW,76,0.08879498326639028,10,-0.05069751876646705,10,0.31827146398617673,"6187,2344,3006,6223,2404,6488,2408,3413,3034,3293",-0.15422026334660724,-0.2524074138872557,-0.17527365849956578,21.7
2021-04-12,TW,76,0.10193377389568538,10,0.2402765147697977,10,0.2656263459044611,"3006,2344,2404,6187,2603,3413,2376,2357,6488,2408",0.15186404789607844,-0.18936792415126963,-0.14853346494269762,31.1
2021-04-13,TW,77,0.09619732347204749,10,0.1868289253248124,10,0.2724118774594376,"3006,2603,2344,6187,2404,2408,3413,6488,2376,1590",0.09046684835525774,-0.1879296356283286,-0.14711074942542396,30.6
2021-04-14,TW,78,0.12381695509389921,10,0.20460812541547302,10,0.24195864448057658,"2603,6187,3006,2344,2376,6274,2404,2408,1476,2379",0.11934266094959992,-0.17112303162366516,-0.13895256745393136,34.6
2021-04-15,TW,77,0.10451747036793871,10,0.19944712940287673,10,0.18922575036031705,"2603,3406,6187,3006,2376,3443,2344,2404,2330,6488",0.03748305717419825,-0.19912900533843117,-0.1541731345524138,29.4
2021-04-16,TW,77,0.08825027628491644,10,0.17523194088635596,10,0.12136475034021954,"2603,2376,2344,3006,3406,2357,1476,6187,6669,6274",0.061075932975254675,-0.17259974546598214,-0.13893817524762525,37.9
2021-04-19,TW,77,0.09883993073023842,10,0.20200401732843898,10,0.20862034968953128,"2603,1476,3006,2344,6488,2376,3406,6274,2357,3260",0.07561708791867719,-0.18027469262376775,-0.14108121739679108,37.2
2021-04-20,TW,76,0.09642960988033557,10,0.29267192597874525,10,0.23096209100151238,"2603,6488,3006,2344,1476,6491,2308,3260,2383,3406",0.16692092849556103,-0.18089780193824417,-0.13272187746241268,36.5
2021-04-21,TW,76,0.07898127081471082,10,0.22300911272542204,10,0.20209260724324735,"2603,3260,3006,8299,2383,6491,2344,6488,8016,6223",-0.11593137629455992,-0.25347874345249377,-0.18412702108011308,16.8
2021-04-22,TW,78,0.09633102113234546,10,0.23199984943927726,10,0.23282076321781905,"2603,1476,3260,3006,6491,8016,6274,8299,2383,2344",-0.08506508493542017,-0.18799688478672577,-0.1519814347887471,22.3
2021-04-23,TW,77,0.06944143894790711,10,0.1907335546317909,10,0.1372162602601335,"2451,3260,8299,8016,2603,2345,6491,3006,1476,2383",0.058150902714287245,-0.19705540038283784,-0.15409871450062881,30.2
2021-04-26,TW,75,0.06287685972365742,10,0.11578526604339374,10,0.08939168335252853,"3260,2451,8016,2603,8299,3006,3037,2345,2454,2376",-0.07413815700173884,-0.23107130962384365,-0.1830941729500881,19.6
2021-04-27,TW,76,0.05730744696997942,10,0.14359631050757576,10,0.05197145100953593,"8299,8271,3260,2603,3037,8016,3006,2376,2345,6491",-0.050091819610053635,-0.24445067504783916,-0.19892045621431173,24.1
2021-04-28,TW,75,0.05719307740305699,10,0.1132068147120133,10,0.10801006533962072,"3037,8016,8271,3260,2345,8299,2603,3006,3406,2376",-0.16673363124722315,-0.2763477120204557,-0.21242796551597554,7.4
2021-04-29,TW,74,0.04090024869033399,10,0.05933790583327646,10,0.040051838333386366,"3037,2454,3260,2345,3533,8299,8271,2603,3006,8016",-0.16262558956093628,-0.27671967703227507,-0.19685992706846842,10.6
2021-05-03,TW,76,0.05594152595532972,10,0.049935811735275115,10,0.027141546840417217,"2603,3260,2345,3037,3529,3533,2376,8299,8016,8271",-0.17583785470249275,-0.24656410175558116,-0.20103745585135005,11.4
2021-05-04,TW,76,0.119713313334859,10,0.17526472535509857,10,0.13186806618206487,"3529,3260,6669,2603,2345,2376,3037,1476,8016,8299",-0.06883492929044735,-0.18469972046160904,-0.17051987722549838,22.8
2021-05-05,TW,77,0.12203930797907432,10,0.13587208135950293,10,0.11389807773415983,"2603,6669,2376,1476,8271,3529,3260,2345,2357,3037",-0.0071899154271425235,-0.15572882768981972,-0.1441537369365032,33.0
2021-05-06,TW,77,0.13390387473090695,10,0.13431076087582544,10,0.13619204856039174,"1476,2603,3037,3529,2376,6669,2454,3260,2345,2357",-0.053797192433399886,-0.16083751027987947,-0.15473422438456297,32.8
2021-05-07,TW,77,0.1063179537220701,10,0.10535963295053782,10,0.09642283798468831,"2603,3529,1476,6669,2357,3037,3260,2376,3533,2454",-0.12237176435409527,-0.17765118255157358,-0.1647161280396588,26.1
2021-05-10,TW,77,0.15269798137836013,10,0.15447281766009052,10,0.16109496224818787,"1476,2603,2376,3533,3529,2357,6669,3260,3037,8299",0.0302935682965061,-0.15464953262771014,-0.14050761295657271,37.3
2021-05-11,TW,77,0.19797436620374462,10,0.17361327511264116,10,0.20573028004671592,"1476,2603,6491,3529,2376,6669,3037,3260,2451,2357",0.053601237174091876,-0.13004593485342797,-0.12255930498995515,43.0
2021-05-12,TW,77,0.26740182105247495,7,0.30445032425426294,7,0.30445032425426294,"1476,2603,6491,3529,2376,2357,3006",0.16831978657806465,-0.0900207624192569,-0.0900207624192569,51.857142857142854
2021-05-13,TW,78,0.1966407430417255,7,0.33172995930324994,7,0.33172995930324994,"1476,2357,2603,6491,3037,3529,3006",0.11346323483445012,-0.09889794873343395,-0.09889794873343395,43.42857142857143
2021-05-14,TW,78,0.2653018135536502,7,0.3187569089373549,7,0.3187569089373549,"1476,3533,2357,6491,3037,2603,2451",0.3187569089373549,-0.018164609812263106,-0.018164609812263106,60.0
2021-05-17,TW,77,0.1929247241780954,7,0.13929238814602157,7,0.13929238814602157,"3293,3533,1476,2357,2376,6491,2603",0.13929238814602157,-0.029534574935175337,-0.029534574935175337,60.0
2021-05-18,TW,77,0.1576831432638049,10,0.03631095970703645,10,0.11041278862530435,"1476,3293,3533,2345,2357,2376,3037,2454,6491,6187",0.03930566416578638,-0.057640593028812456,-0.055928026304579284,54.4
2021-05-19,TW,77,0.12744951820906975,10,0.1229714719866812,10,0.1229714719866812,"1476,2357,3293,2345,3533,6491,2376,3037,2603,8016",0.1225810662160534,-0.05304470908091706,-0.052260205318783726,59.1
2021-05-20,TW,77,0.10281438409296259,8,0.06366272209859476,8,0.06366272209859476,"1476,2357,3293,2345,3533,6491,2603,3037",0.06366272209859476,-0.0695076794261044,-0.0695076794261044,60.0
2021-05-21,TW,77,0.08027440360822218,10,0.0414902156485351,10,0.0414902156485351,"1476,3293,3533,6491,2603,2357,2308,2345,3037,3529",0.03160829600856838,-0.08004014965489836,-0.08004014965489836,59.1
2021-05-24,TW,77,0.077953815927403,10,0.02599639163646128,10,0.07531955568824977,"1476,3293,3533,2345,6491,2603,2357,3037,3017,1590",0.02522395246601511,-0.10078462420785175,-0.10078462420785175,59.9
2021-05-25,TW,76,0.02896503915372399,10,-0.02550389775994011,10,0.050343042787255134,"3293,3653,3533,1476,2368,6491,6488,2345,3017,6669",-0.04660488280873922,-0.08896580450426461,-0.08896580450426461,58.9
2021-05-26,TW,76,0.04604493336461411,10,-0.009255137216224275,10,0.035006974062304554,"3293,6491,3653,3533,1476,6488,3017,2357,2308,2603",-0.021515455716734334,-0.10275577819267859,-0.09419104622588259,58.2
2021-05-27,TW,76,0.060461372390430354,10,0.016222660545121594,10,0.04785941896066578,"3293,3533,1476,6491,3413,3017,2308,6669,2603,6488",-0.0052490946589209605,-0.11201565298132247,-0.10389120422194073,57.8
2021-05-28,TW,76,0.04557835972427835,10,-0.01678851555098564,10,-0.015135793324542046,"3293,3533,3653,2603,2344,3017,6491,3006,1476,6488",-0.03785799081748281,-0.12535814999647718,-0.11242882314691575,56.3
2021-05-31,TW,76,0.04497088412641866,10,0.06497944305776301,10,0.022281422330615742,"3293,3533,6488,3017,2603,3653,2344,2368,3037,6491",0.03731235858421176,-0.1044595428493527,-0.09928088502941429,56.7
2021-06-01,TW,76,0.030855445882174534,10,-0.010303418263529129,10,0.030441692619132453,"3293,2603,6488,3413,2368,3533,2344,2308,2330,3017",-0.005838317689998362,-0.11057884322950011,-0.10152215097461344,58.2
2021-06-02,TW,76,0.04454118379654761,10,0.0032880465047850915,10,0.026726602263320798,"2603,3293,2368,2308,3406,6491,6488,3017,2330,2344",-0.01703574283373984,-0.1068112233556024,-0.1016381637349475,56.5
2021-06-03,TW,76,0.053851823775639934,10,0.03234304189492393,10,0.045404115112517726,"2603,3037,6488,3293,2368,3017,2308,2344,3406,2330",0.034275292464270836,-0.09057062651673942,-0.08543123253876393,58.0
2021-06-04,TW,76,0.050045317738853706,10,0.007697508912480122,10,0.05279697308957425,"2603,6488,3293,3406,3037,2308,2330,3006,2344,2379",0.012223780417478024,-0.1008280005918567,-0.09532517145270825,57.8
2021-06-07,TW,76,0.061274830712699825,10,0.056632845472620374,10,0.04368524281120408,"3037,3653,3293,3406,6488,2603,2308,2368,3017,2379",0.063642999881002,-0.08226778443046409,-0.07313760396189643,58.6
2021-06-08,TW,76,0.05323579946682345,10,0.06864682144151768,10,0.03716475908296378,"3406,2603,3037,3653,3017,6488,2368,2383,3293,2308",0.07481338137233656,-0.0829296161215794,-0.07773684640554089,58.7
2021-06-09,TW,75,0.0465692032071114,10,0.09735037571938901,10,0.04742620381904422,"2383,2603,3037,3406,6488,6491,3653,6669,8016,2368",0.08804771829015613,-0.07678203447768993,-0.06716315983852618,57.4
2021-06-10,TW,75,0.016024945939203696,10,0.07754062073854719,10,0.03278640855819568,"2383,3406,2368,3037,2603,2379,6488,2330,6491,3653",0.06713527415944756,-0.08108182126646388,-0.07144545776876585,57.3
2021-06-11,TW,75,0.0014046507415393069,10,0.06327750716257616,10,0.026141003911262405,"2383,6223,3443,2603,3406,2330,6669,3037,6491,2379",0.054862748542869676,-0.0786189673697685,-0.06898260387207046,57.2
2021-06-15,TW,75,-0.023165893920751936,10,0.0006961554149427119,10,-0.014799906136438112,"2383,2603,6223,3443,3406,2330,6669,6491,2308,3037",-0.0042889095711597155,-0.102661493181374,-0.09350778000736125,57.0
2021-06-16,TW,75,1.7954361620332963e-05,10,-0.0038336210133516403,10,0.018346293512074764,"2383,3443,6223,2603,6669,6491,2330,2308,2379,3406",-0.007916878488642209,-0.10292674124836246,-0.09386691232427151,56.9
2021-06-17,TW,75,-0.00453549458274426,10,0.010829226023216376,10,-0.013017978231445815,"2383,3443,6223,2603,3406,2330,3037,6491,6274,6488",-0.013199302947831792,-0.11726541781138837,-0.10826711574115615,55.1
2021-06-18,TW,75,-0.006518013232563815,10,-0.02777475194976513,10,0.04842396602412737,"2383,3324,6223,2603,2376,6491,3443,3017,2330,3406",-0.04019086906738003,-0.14656532076952605,-0.124464282004906,50.3
2021-06-21,TW,75,-0.017230638657784826,10,-0.038431335200290996,10,-0.0092590142200358,"3324,2383,2603,6491,3443,3017,2368,6223,3406,3037",-0.04928677379094794,-0.1567954247302069,-0.12382458746178734,47.1
2021-06-22,TW,75,-0.017480423584361415,10,-0.0477968660428141,10,0.00017351471819402332,"2603,6491,3324,3017,2383,3443,6781,3037,1590,6223",-0.06436067548508763,-0.1552548396868498,-0.12188494284428904,47.0
2021-06-23,TW,74,-0.03549643193149574,10,-0.017850993268834124,10,0.007831610214522389,"3665,6491,2383,2368,3324,3661,3443,2345,6223,3017",-0.036124025963771,-0.16661577663587526,-0.1360955597638937,48.1
2021-06-24,TW,74,-0.03283968563611334,10,-0.00888228217946857,10,0.02090565672455911,"6491,3665,2383,3443,6488,2603,3324,3661,3406,2368",-0.0362508833023145,-0.18775137698079053,-0.14770104589361588,41.6
2021-06-25,TW,74,-0.05196598537926843,10,-0.030105198392575992,10,-0.025726409267467998,"3406,2345,2603,3665,6781,3661,2368,2383,3443,6488",-0.09009970281222904,-0.1675223788451098,-0.15498100555451472,40.7
2021-06-28,TW,75,-0.044536424345050965,10,-0.10631345233293862,10,0.011293252512543761,"2603,3406,2345,3006,3665,2368,3260,1590,6781,2383",-0.09863449316284892,-0.19202121483358575,-0.1535537690755077,39.2
2021-06-29,TW,74,-0.03201164642838724,10,-0.11170950475634786,10,-0.06213892373688622,"2603,2383,2345,3006,3406,6781,2368,3131,3665,3260",-0.11479467289597305,-0.1864555868599555,-0.15693340050596363,39.7
2021-06-30,TW,75,-0.035701247421610675,10,-0.16101359465024118,10,-0.0771025595945208,"2603,3006,2345,8016,6683,3131,3260,3406,6274,6781",-0.1565434219577805,-0.2025361001688542,-0.17359516361327607,40.1
2021-07-01,TW,74,-0.03095222862731118,10,-0.07922813914674687,10,-0.032568067369271834,"2603,3006,6683,2345,2368,8016,3131,6274,3406,3661",-0.0693308688411042,-0.1732840976459698,-0.15104865081927382,44.1
2021-07-02,TW,74,-0.0753356668771532,10,-0.20262869606481643,10,-0.15099450520661656,"2603,3006,3443,3406,6683,2345,3260,8016,6274,2368",-0.151340797766874,-0.2420487424616351,-0.17246352525868627,34.3
2021-07-05,TW,74,-0.08272237752102356,10,-0.1526838178061002,10,-0.16051064794284003,"2603,3260,3006,6683,3406,3443,8016,3661,8299,2345",-0.10608491332452515,-0.2550667345568804,-0.17662671617722076,32.0
2021-07-06,TW,74,-0.10065114052678203,10,-0.20292248861170342,10,-0.18772560313680492,"2603,3260,3006,3653,2345,8016,2368,3406,3443,6274",-0.1469670896798508,-0.24471737762128215,-0.16723815496416633,36.1
2021-07-07,TW,74,-0.12164256823106208,10,-0.2344333725243164,10,-0.20935175428676445,"3260,2603,3406,3665,2368,3006,6669,6274,3653,2345",-0.1617183796679619,-0.26199622662543703,-0.17558929931147108,31.3
2021-07-08,TW,75,-0.10413016771786388,10,-0.22643786773203237,10,-0.13551580564206206,"2368,3260,2382,2603,3406,6274,3006,6669,2345,3037",-0.1598079571432992,-0.24919433214292458,-0.167122483974814,34.4
2021-07-09,TW,75,-0.12819987602769967,10,-0.22053964192161463,10,-0.1750071580130145,"2368,3260,2382,2395,3037,6274,3006,8016,6669,2345",-0.1615858116270948,-0.2318306765139718,-0.15915364737631138,40.3
2021-07-12,TW,74,-0.10574672614659365,10,-0.1512320184422064,10,-0.14007711513869764,"2368,2382,3443,3413,3653,2345,3006,3260,2395,6669",-0.1552652250419893,-0.23524902917564336,-0.16386997011266663,30.0
2021-07-13,TW,75,-0.10178822813025167,10,-0.15483153145250347,10,-0.21384255992013596,"2395,3413,2344,2382,2368,6669,2345,6223,2330,3653",-0.11672280379039376,-0.22045387652704682,-0.15300436984677462,34.1
2021-07-14,TW,75,-0.11202461587083529,10,-0.1777494659954455,10,-0.14425413448632443,"6187,2308,6223,3413,2395,2368,2330,6669,3653,6274",-0.15190667009067343,-0.22503835716235013,-0.1544680611903954,34.5
2021-07-15,TW,75,-0.1185067382490517,10,-0.10004686333444548,10,-0.1941266162664234,"6187,2330,2308,6223,3661,2379,2454,3413,3653,2395",-0.11724701779065763,-0.17358076052246774,-0.1362262475668639,43.1
2021-07-16,TW,75,-0.1143686368222095,10,-0.11352034794899717,10,-0.18028598615059205,"6187,2379,2454,2395,3653,2308,3661,6223,2382,2345",-0.14045709962369593,-0.20207149126527443,-0.14619918179961355,37.6
2021-07-19,TW,75,-0.09044418295753288,10,-0.10486539922503506,10,-0.17119263217965672,"2379,6187,2395,2383,3661,8016,3653,6223,2382,3006",-0.11317187877775606,-0.20532474317379729,-0.14685751976970507,43.3
2021-07-20,TW,75,-0.09387998464316501,10,-0.17883374589439308,10,-0.21977244876664556,"2379,6187,2382,2395,3006,3037,2383,2345,2368,6223",-0.1584648697166418,-0.2179284794345362,-0.16447180165425815,37.3
2021-07-21,TW,74,-0.07497246353513014,10,-0.1263769832223652,10,-0.22003618586858914,"2379,2395,6187,3006,2383,3661,6223,8016,2308,2382",-0.15370742280016128,-0.22784949556355283,-0.16075687244224315,37.1
2021-07-22,TW,75,-0.08247274364463623,10,-0.11877776956010373,10,-0.18874163840349062,"2379,3006,3526,8016,2395,3661,3037,6223,2383,6187",-0.15474107120960517,-0.23947158415420605,-0.16915918407966374,39.6
2021-07-23,TW,75,-0.07829467205694461,10,-0.11735655049638431,10,-0.19234999939244446,"3526,3006,2379,8016,2395,6223,3661,6187,2454,2383",-0.13759186716565094,-0.23193084656584947,-0.15670249445077164,39.0
2021-07-26,TW,75,-0.07801568650833837,10,-0.12974220325406474,10,-0.19933368739660334,"3526,8016,3006,6223,2395,2379,3661,3037,6187,2383",-0.14509268623917576,-0.26327879851594393,-0.15396001714298868,31.4
2021-07-27,TW,75,-0.05613171034044476,10,-0.11075470071634316,10,-0.11163358567029609,"2379,8016,3006,2395,3034,3526,3293,3661,6223,2454",-0.1368862014829268,-0.24164562461604028,-0.1552292533273038,32.4
2021-07-28,TW,75,-0.044683680000775626,10,-0.06882134565147265,10,-0.08407784683141195,"2379,3526,8016,3293,2395,6223,2383,3006,3037,3661",-0.14505252980745648,-0.22732072665542907,-0.1581407630525166,32.6
2021-07-29,TW,75,-0.04024540495510059,10,-0.12412269511188356,10,-0.05787187979325035,"2379,8016,3526,3037,6223,3293,3006,2395,3034,2454",-0.14129935436365904,-0.24188979810858777,-0.15719064038376454,32.3
2021-07-30,TW,74,-0.04041613301194269,10,-0.12355189290625587,10,-0.06574604388040078,"8016,3293,2379,3526,6223,3034,3665,3037,2395,3006",-0.1654141098818777,-0.26024589961290456,-0.16204658709590652,23.8
2021-08-02,TW,75,-0.03853718982429041,10,-0.1946174294732494,10,-0.14117603706371637,"8016,3526,6223,3034,2379,8299,3293,2344,3665,3006",-0.17899117813253257,-0.3032550892880096,-0.1796797883216144,15.3
2021-08-03,TW,75,-0.027619679998246327,10,-0.10852267489095206,10,-0.11644429485348529,"3526,8016,6223,3034,8299,2379,3037,3653,3006,2330",-0.11740496544903238,-0.2770415760603536,-0.1682803346777415,27.3
2021-08-04,TW,75,-0.03865651505539569,10,-0.20899750950969512,10,-0.15161643447328016,"3034,3526,8016,8299,6223,2379,2454,2344,2330,6187",-0.13312915003051734,-0.28232524640693507,-0.15584767610148065,20.5
2021-08-05,TW,75,-0.028650805479234792,10,-0.14100223529097763,10,-0.16365038606959398,"8299,3034,8016,2379,3526,2454,6223,2344,2330,3037",-0.14185685776254253,-0.2669906242091498,-0.15394810131520584,21.5
2021-08-06,TW,75,-0.01661894048094248,10,-0.11019921891134417,10,-0.16085190699005997,"8299,3034,8016,2379,3017,3526,3006,3037,6223,2454",-0.13414240940213515,-0.2616886521662889,-0.1594758619009005,28.0
2021-08-09,TW,75,0.0052951842149147835,10,-0.06640034816509753,10,-0.10078131896589992,"3034,8299,2330,8016,2379,2395,3526,3037,3017,2344",-0.09957013153340098,-0.21924303038055148,-0.13789824898088027,31.5
2021-08-10,TW,75,0.015639542679236715,10,-0.09607969711780676,10,-0.06849838933147324,"8016,3034,8299,2379,2330,2345,2344,3037,6223,3006",-0.15136735387209,-0.2534436706530172,-0.15997819007152742,25.9
2021-08-11,TW,75,0.039667640938642966,10,-0.028193747728930695,10,-0.027654951966015518,"8016,2330,3034,2395,8299,2345,2379,3037,6196,6223",-0.09689064424632078,-0.198326772998937,-0.1372206548574028,35.2
2021-08-12,TW,74,0.04173549140691577,10,-0.03013738350748224,10,-0.013465297184226687,"8016,3034,2345,3037,6223,2395,2383,6187,2379,3526",-0.11804058555068742,-0.21254256492411683,-0.14695976746270836,33.7
2021-08-13,TW,75,0.07680692485727288,9,0.011846965449182179,9,0.011846965449182179,"5289,3034,8016,2395,6223,3037,3526,2379,2383",0.00461260543886625,-0.16426501763502227,-0.12470027500021594,44.22222222222222
2021-08-16,TW,75,0.08908586092523765,7,-0.003966899697013677,7,-0.003966899697013677,"5289,8016,3037,2395,6223,3526,2379",-0.011754004125851545,-0.19063798027856116,-0.14177659707019338,39.57142857142857
2021-08-17,TW,75,0.1408094897183194,5,-0.03474566627838858,5,-0.03474566627838858,"5289,2395,6223,8016,3526",-0.09952716006260418,-0.17687853888798236,-0.1460983059683751,38.8
2021-08-18,TW,75,0.11407753907981918,9,0.018432023138382547,9,0.018432023138382547,"2395,2383,5289,6223,3034,3037,3526,2379,8016",-0.02256299779143092,-0.18406654371493592,-0.14448543246927917,40.0
2021-08-19,TW,75,0.14006685722847562,5,-0.037700360415937786,5,-0.037700360415937786,"2383,6223,2395,5289,3526",-0.037207921432098966,-0.16896786375088313,-0.13080532867169442,43.8
2021-08-20,TW,75,0.12599444673805704,7,-0.02725357741556324,7,-0.02725357741556324,"2383,6223,2395,2368,3526,2379,8016",-0.08470042187074925,-0.1844600200888626,-0.14495460099250068,38.285714285714285
2021-08-23,TW,75,0.10213030074735174,10,0.10712019305260434,10,0.10405870241741269,"6491,3661,6669,2383,6223,2395,3653,2368,3526,3037",0.03131557257080869,-0.14801246072653973,-0.12433464655079599,45.5
2021-08-24,TW,75,0.12436166441163402,10,0.17522781627454864,10,0.17522781627454864,"3661,2383,3443,6669,2368,2395,6223,3526,3653,3037",0.07647737379348965,-0.13310835801608234,-0.10900346251353359,41.9
2021-08-25,TW,75,0.08747005237681964,10,0.1346757546328586,10,0.1346757546328586,"3661,3443,6669,2368,2395,2383,6223,3037,3653,3526",0.05627746020775496,-0.14146183635752343,-0.11671591739828249,41.2
2021-08-26,TW,75,0.1107485262192446,10,0.13890927439084524,10,0.13890927439084524,"3443,2383,3661,2330,6669,3526,2368,2395,3037,6223",0.05521955041899771,-0.12437899990163492,-0.10656678079146129,44.6
2021-08-27,TW,75,0.10798471838498984,10,0.11542496516626521,10,0.11542496516626521,"3443,3661,2330,6669,2395,2383,3037,3526,6223,2379",0.015888353580338098,-0.1350245686873587,-0.11279189261563086,40.7
2021-08-30,TW,75,0.08383070319375041,10,0.11825470041407778,10,0.1286326753706564,"6491,6669,2330,3661,3443,6488,2383,3037,3526,3653",0.035413999146539386,-0.12972581874626932,-0.10655794406485838,42.1
2021-08-31,TW,75,0.09099091653482354,10,0.09651469478028993,10,0.1077545578715469,"6491,3661,2330,3443,6669,2383,2368,6488,3037,3526",-0.006530462581959972,-0.14494368460665824,-0.11838985353169562,36.5
2021-09-01,TW,75,0.09502486469594945,10,0.06846114594556549,10,0.15893960465204165,"3661,3443,2330,6491,2395,2383,3526,6669,3017,2368",0.005165620636497214,-0.13115664525355603,-0.11119902053001554,41.2
2021-09-02,TW,75,0.10472799071350586,10,0.14154606109623555,10,0.1687434051369593,"3443,3661,3017,6669,2330,6491,2383,3037,2454,2368",0.060298620429308225,-0.12592767762001378,-0.10936991125582048,49.4
2021-09-03,TW,75,0.09969226416644256,10,0.09773166672016866,10,0.15181728890500143,"3443,2330,3324,3017,3661,3037,6488,3406,6669,3526",-0.02040266919790571,-0.15391668643261297,-0.11722889696727368,31.7
2021-09-06,TW,75,0.12275289695052749,10,0.13587571808296478,10,0.13587571808296478,"2330,3017,3661,6488,3037,3443,3324,6669,2383,2368",0.04910483185069932,-0.12768217494246245,-0.11633799256947908,47.3
2021-09-07,TW,75,0.13626466142797497,10,0.14029735263776016,10,0.14029735263776016,"3017,3661,2330,3443,6488,3037,6669,2383,3526,2379",0.0023295190705236004,-0.12481628540344362,-0.11753704492660033,39.2
2021-09-08,TW,75,0.16819570711271625,7,0.2113620651865573,7,0.2113620651865573,"3661,2330,3017,6488,3443,3037,2383",0.11001753679064066,-0.07912933707499284,-0.07912933707499284,54.57142857142857
2021-09-09,TW,75,0.1577771459749047,8,0.17221879827964204,8,0.17221879827964204,"2330,3017,3661,6488,3443,3037,2383,3526",0.053398595215635766,-0.09894172142021351,-0.09156802693313561,43.0
2021-09-10,TW,75,0.15304716939401408,10,0.12927249088075637,10,0.18537923781491078,"3533,3661,1476,2330,6488,3017,3443,2454,2368,3653",0.12653816659672854,-0.07987396767120714,-0.0796541874881995,55.3
2021-09-13,TW,75,0.16322427056929803,10,0.1124427240848431,10,0.12949585613262274,"3661,1476,3533,3443,2330,6488,3017,2454,6491,3037",0.037462023107518706,-0.10535320496171852,-0.09200786736357881,49.1
2021-09-14,TW,75,0.17481126275831074,10,0.11504057845406526,10,0.1413365182423882,"1476,3533,3661,3443,2454,6488,2330,3017,6491,3037",0.050958674809251626,-0.10887391913329325,-0.09831192805080714,49.1
2021-09-15,TW,75,0.14619974268594618,10,0.09381482945463723,10,0.09381482945463723,"3661,1476,3443,3533,2454,6488,6491,3017,2330,3037",0.03296796711728202,-0.11071668526168144,-0.09488285993078188,48.5
2021-09-16,TW,75,0.16358001596569388,10,0.12775963654617029,10,0.10802722727365607,"3661,1476,3443,3017,2454,3533,6488,2383,3037,6491",0.057818954617584815,-0.11578259571419683,-0.1009448270225882,48.2
2021-09-17,TW,75,0.18879860118693606,10,0.07534266336838091,10,0.11760565665484839,"3661,3443,3017,1590,1476,2454,3533,2368,6491,6488",0.05416697608753788,-0.11506784608686119,-0.10143371776003848,47.8
2021-09-22,TW,75,0.15415596754224417,10,0.09155030638565763,10,0.09155030638565761,"3661,3017,1590,2368,1476,3443,2383,3533,6491,3037",-0.021599838145461403,-0.14603601239265532,-0.12880806556709934,37.9
2021-09-23,TW,75,0.13360055946354968,10,0.0647236439335974,10,0.08227941846956532,"3017,3661,2357,2383,1590,2382,3443,2368,3533,1476",0.0003914006939420123,-0.12249776013318478,-0.11094558698666276,39.1
2021-09-24,TW,74,0.1399598413096947,10,0.12585694112063459,10,0.08719546955159188,"2357,3017,3661,3443,1476,3653,1590,6669,3533,2383",0.08364068936265454,-0.10759460936259044,-0.10261668609699508,49.3
2021-09-27,TW,75,0.15690532538813823,10,0.09569402917814177,10,0.09197510000478037,"2357,3017,3661,2454,3443,3653,1476,6669,6491,3324",0.05457737391311727,-0.11495081537085032,-0.10103424968738084,47.6
2021-09-28,TW,75,0.19070977876621004,10,0.14125368347858602,10,0.14125368347858602,"2357,3661,3653,2454,3443,3017,1476,6491,2383,3533",0.15168672844404565,-0.08821805087119353,-0.07903437727929884,58.1
2021-09-29,TW,75,0.19760669029991337,6,0.13976829533658594,6,0.13976829533658594,"3653,3661,1476,2357,3017,3443",0.13976829533658594,-0.059309498455199706,-0.059309498455199706,60.0
2021-09-30,TW,75,0.21285917754156122,8,0.09701227242020369,8,0.09701227242020369,"3653,3661,6510,3443,1476,3017,3533,6491",0.10516256081479716,-0.10083884004501008,-0.09469722157605308,57.875
2021-10-01,TW,74,0.24427900661263352,5,0.13061299804678672,5,0.13061299804678672,"3661,3653,3443,6510,1476",0.13061299804678672,-0.062049044668080124,-0.062049044668080124,60.0
2021-10-04,TW,75,0.2965678977754576,6,0.1131202035572683,6,0.1131202035572683,"3653,6510,1476,6491,3443,3661",0.12063185645782581,-0.06947700033588465,-0.053910962391949424,56.333333333333336
2021-10-05,TW,75,0.26812228879293093,7,0.09159157084299696,7,0.09159157084299696,"3653,3661,6510,3443,1476,6491,3017",0.09398794490527485,-0.07530084668772638,-0.062058470883473084,56.714285714285715
2021-10-06,TW,74,0.2751400127290494,4,0.17697914227954398,4,0.17697914227954398,"3661,3653,3443,3017",0.17697914227954398,-0.013360096000503446,-0.013360096000503446,60.0
2021-10-07,TW,75,0.2541748405400495,10,0.1308368078770993,10,0.1308368078770993,"2357,3443,3665,3661,3653,2382,6510,3533,3017,1476",0.1308368078770993,-0.04143853546630327,-0.04143853546630327,60.0
2021-10-08,TW,75,0.2550740303604117,10,0.1831287875574875,10,0.1831287875574875,"2376,3653,3443,2357,3665,3661,2382,6510,3533,3017",0.1831287875574875,-0.0340024584055714,-0.0340024584055714,60.0
2021-10-12,TW,74,0.2490520117365291,7,0.1732760980142317,7,0.1732760980142317,"2376,2357,3443,3653,3533,3661,6510",0.1732760980142317,-0.03380177621999257,-0.03380177621999257,60.0
2021-10-13,TW,75,0.22837454108362532,7,0.14937883171480443,7,0.14937883171480443,"2376,2357,3653,3661,3443,3533,6510",0.14937883171480443,-0.0260401255578357,-0.0260401255578357,60.0
2021-10-14,TW,75,0.21972960336175096,10,0.20055146937137022,10,0.20055146937137022,"2376,6781,3293,2382,3653,3443,2357,3661,6510,3533",0.20055146937137022,-0.02657298004961678,-0.02657298004961678,60.0
2021-10-15,TW,75,0.1922729727633235,10,0.12541912637507985,10,0.13399927160810676,"6781,2376,3665,3293,2330,6510,3653,2382,6491,2357",0.12560309955821056,-0.05571520574213858,-0.04656548287578034,56.9
2021-10-18,TW,75,0.1975025370955589,10,0.1311950033581733,10,0.13119500335817333,"6781,2376,3665,6510,2382,3661,3653,2357,2330,3443",0.1311950033581733,-0.026675992406211112,-0.026675992406211112,60.0
2021-10-19,TW,75,0.1693224674138359,10,0.1597417961041236,10,0.10700867447222669,"6781,2376,3653,2330,6510,3037,3665,2382,2357,3443",0.1597417961041236,-0.03445837185116446,-0.03445837185116446,60.0
2021-10-20,TW,74,0.15070344449309817,10,0.09465197313170073,10,0.09465197313170073,"2376,3653,3037,3665,2357,2330,6510,3443,3661,2382",0.09465197313170073,-0.042073089269507126,-0.042073089269507126,60.0
2021-10-21,TW,74,0.17469587225663788,10,0.11261722780028986,10,0.11261722780028986,"3653,2357,2376,6510,3037,3661,2330,3443,3665,2454",0.11261722780028986,-0.043574802013667834,-0.043574802013667834,60.0
2021-10-22,TW,73,0.17260554484821639,10,0.12023305041051628,10,0.055745294798699455,"2357,3017,3653,6510,3443,3037,2376,3661,2330,2368",0.12023305041051628,-0.05367425967286933,-0.05367425967286933,60.0
2021-10-25,TW,74,0.14963953559820597,10,0.06944337559048161,10,0.06944337559048161,"6510,3017,3037,3653,2357,3443,3665,2454,2376,3661",0.06551458350314757,-0.06652141069533304,-0.06625825277975467,57.6
2021-10-26,TW,74,0.14725422827321,10,0.05069156021465813,10,0.06223606128655192,"3037,2357,6510,3665,2454,3017,3443,3653,3661,2330",0.05069156021465813,-0.05857618409577662,-0.05857618409577662,60.0
2021-10-27,TW,74,0.1122425945432078,10,0.06686877958170735,10,0.029985511560533584,"3037,2357,3443,3661,6510,2383,2454,3017,2408,2376",0.07093289696008404,-0.056476240492590354,-0.053392907143333335,59.3
2021-10-28,TW,74,0.10444456329494049,10,0.07212146424850248,10,0.031099765840037385,"3037,2383,3006,3443,2357,2408,1476,2454,2376,3017",0.07639170277559333,-0.04109131597321727,-0.03779098589725087,59.2
2021-10-29,TW,73,0.08406313957512072,10,-0.0024317025904310287,10,0.0005577543438028632,"3037,6510,3006,2383,3443,2376,3017,2357,2408,1476",0.011011102930890904,-0.07260912260922958,-0.061846772193768974,55.7
2021-11-01,TW,73,0.07976795459959193,10,-0.00391658320508117,10,0.0030215318744045484,"3037,2376,3006,6669,3443,6510,2357,2408,1476,2383",0.0038817625342519755,-0.07115312653898292,-0.06501419277896496,58.9
2021-11-02,TW,73,0.1119763971311904,10,-0.008118439399947696,10,0.032416979740081044,"3037,2376,3006,3653,2357,3443,2408,6491,1476,2454",0.013381203435693555,-0.08323816353990932,-0.059867673886452734,54.1
2021-11-03,TW,73,0.10981818951360796,10,0.025765948133397186,10,0.03362989112506032,"3037,3293,2376,2408,3260,3006,3443,2357,2383,3653",0.03441358480090412,-0.06517009733677759,-0.05459632681599995,58.8
2021-11-04,TW,73,0.1146693045067798,10,-0.004543993577292427,10,0.014543571338580863,"3037,3293,6683,2376,2345,2357,3260,6669,3443,3006",0.011357739195259297,-0.08316159638235163,-0.05963212576283052,54.9
2021-11-05,TW,73,0.10765288860895177,10,-0.01251800485328658,10,-0.010138660732469839,"3037,3034,2345,3293,2357,6683,6669,2376,3443,3006",0.005434169267019173,-0.08819607125252198,-0.06221138117164936,54.5
2021-11-08,TW,73,0.10251574105743641,10,0.041940372918026325,10,0.009116519992993465,"2603,2376,3034,2357,2454,3037,2345,2382,3293,1476",0.041940372918026325,-0.05302581401738421,-0.05302581401738421,60.0
2021-11-09,TW,73,0.07562887239857644,10,0.017998785406902605,10,0.026231386277366577,"2357,2603,2376,3293,3034,2345,2344,2454,3037,1476",0.017998785406902605,-0.05203145457116748,-0.05203145457116748,60.0
2021-11-10,TW,73,0.07842399051263624,10,0.027082002079280364,10,0.06607526670788366,"2357,2376,1476,2345,2382,3037,2603,2344,3293,3034",0.027082002079280364,-0.05045963918450493,-0.05045963918450493,60.0
2021-11-11,TW,73,0.08671011586472743,10,0.056461277847538974,10,0.042487056724445846,"6196,2376,1476,2345,2382,2344,3017,3293,2379,3037",0.056461277847538974,-0.054001871525220915,-0.054001871525220915,60.0
2021-11-12,TW,73,0.0791141868573263,10,0.04775776647044818,10,0.024786965365537685,"6196,2344,2382,3293,3037,2376,3533,2345,2454,2379",0.04775776647044818,-0.049340136638861685,-0.049340136638861685,60.0
2021-11-15,TW,73,0.07414417445467103,10,0.03652609341191061,10,0.05001992532764168,"6196,2382,2344,3533,6121,2454,2368,2379,3034,2376",0.03652609341191061,-0.051487101839908414,-0.051487101839908414,60.0
2021-11-16,TW,73,0.05656428729905391,10,0.02028440301290162,10,0.06403300203027348,"2382,6196,2344,6121,2454,2379,3533,3034,2368,2376",0.02028440301290162,-0.06408611168775495,-0.06408611168775495,60.0
2021-11-17,TW,73,0.026218455647882277,10,-0.00327591899441122,10,0.018443646514851576,"2382,6196,3034,2344,2379,8016,2454,3533,6121,6669",-0.00327591899441122,-0.05534145475218819,-0.05534145475218819,60.0
2021-11-18,TW,73,0.03227872863532976,10,-0.0009708123199611562,10,0.016353384782122792,"2382,2454,6196,2344,3034,3406,3533,2379,8016,2408",-0.0009708123199611562,-0.06956430730717499,-0.06956430730717499,60.0
2021-11-19,TW,73,0.0032763355354530283,10,-0.059622310472377295,10,-0.01144965754136391,"3533,2454,2382,3406,6196,2379,3034,3293,6669,8016",-0.059622310472377295,-0.07918398266576838,-0.07918398266576838,60.0
2021-11-22,TW,73,0.0027114798945175253,10,4.1676324536132904e-05,10,0.007883116858189775,"3406,3533,2344,2408,2454,3260,8299,6488,2382,6196",-0.00039970877978542376,-0.07715576482187794,-0.07619919145983622,58.8
2021-11-23,TW,74,0.024682493323659956,10,0.028610447115842475,10,0.052959727366531165,"3406,2408,2382,2344,8299,3533,6488,3260,6196,3034",0.025539242932908823,-0.06997810225261525,-0.06902379029423565,58.6
2021-11-24,TW,75,0.01796924608568276,10,-0.04371546166420752,10,0.021132238108453993,"3406,2408,2344,6488,3260,2382,6121,6196,2379,2345",-0.04953914399583024,-0.10592555246148935,-0.10382591330118898,55.5
2021-11-25,TW,75,0.032722932336761,10,0.03712988037878027,10,0.0468909707988325,"2383,3406,2382,8299,2408,2344,3533,6488,3037,2345",0.03360636479165916,-0.07036422799160431,-0.06940538248418951,58.0
2021-11-26,TW,75,0.04855800592179505,10,0.08285200004547706,10,0.05675425857093547,"2383,8299,3406,2408,2382,2345,3037,3324,3533,2344",0.08285200004547706,-0.03056020683293851,-0.03056020683293851,60.0
2021-11-29,TW,75,-0.020473563451806343,10,-0.06949266419126132,10,-0.03991646953189083,"2383,3406,3324,3533,6414,3037,6669,3653,2344,2408",-0.05852499521993689,-0.10560807451330553,-0.09506625211869493,57.1
2021-11-30,TW,75,-0.041047492882937776,10,-0.10510609164901519,10,-0.04668584261229486,"2383,3406,3037,6414,3653,3324,6669,2344,2379,2408",-0.08096125717582842,-0.1332226752143922,-0.11382932050110876,57.7
2021-12-01,TW,75,-0.03586121801049001,10,-0.07377669261905206,10,-0.045456470997051655,"2383,3406,3037,3324,3653,2408,6414,2344,2382,6196",-0.05547053960174827,-0.12137926608906598,-0.10186758979431224,56.5
2021-12-02,TW,75,-0.014209905023091362,10,-0.010168918946595374,10,0.03380796606874319,"6446,8299,2408,2603,2383,3653,6414,3324,6121,3406",-0.029227291607047724,-0.11711673268758245,-0.0935106249693772,52.5
2021-12-03,TW,75,-0.020572042094850664,10,0.002040346720278585,10,0.011974390294665594,"6446,8299,2408,2603,2383,3653,6121,2344,3037,3260",-0.03183564728827537,-0.11540005432940181,-0.10203050394099086,56.9
2021-12-06,TW,75,-0.0257551141270658,10,-0.008319099138770547,10,-0.012958739504989459,"6446,2603,8299,2379,2383,3034,3324,2408,3006,3037",-0.049930480778603535,-0.12615842289441148,-0.11120701478966288,52.0
2021-12-07,TW,75,-0.0639270485636906,10,-0.06189193801496571,10,-0.0661074788641087,"6446,2603,8299,3034,2383,1590,8016,3324,3653,2408",-0.09794968464110573,-0.13559822589853215,-0.1108372197802209,49.6
2021-12-08,TW,75,-0.06407954371435597,10,-0.08157883433608333,10,-0.07357229393521443,"6446,2603,1590,8299,3034,3324,3413,2383,8016,3406",-0.11124320340955948,-0.14802255389773827,-0.12762541743367148,51.0
2021-12-09,TW,75,-0.030087877837422946,10,-0.054145810047743256,10,-0.052753395328287045,"6446,2603,8299,1590,3293,3324,3034,3406,2308,6669",-0.0943046441399158,-0.1628065625550271,-0.1308489866032809,45.9
2021-12-10,TW,75,-0.030834328722305564,10,-0.06665481832164419,10,-0.07020043333003059,"6446,2603,2376,8299,2308,1590,3413,2383,3034,3037",-0.10322808773801269,-0.16240189248021544,-0.14573250549004854,50.3
2021-12-13,TW,75,-0.01830631560478343,10,-0.0974449024271741,10,-0.07935269445381624,"6446,2376,8299,3034,1590,2603,2308,6669,3406,2383",-0.11185698141332312,-0.17919237492334922,-0.13576296913710137,47.8
2021-12-14,TW,75,0.000956054948313434,10,-0.04388550126127415,10,-0.05240326685541273,"6446,1590,8299,2376,2308,6669,2382,3533,2357,3324",-0.05485890542777057,-0.10995157796211892,-0.09818687218837138,53.1
2021-12-15,TW,75,-0.01121433578152705,10,-0.06516007935157074,10,-0.04984462352530984,"6446,8478,1590,2376,2603,3034,8299,2308,8016,3037",-0.09275483801892957,-0.17655890340926983,-0.14387477846946398,45.5
2021-12-16,TW,75,-0.00795631136183825,10,-0.09278681661323764,10,-0.06748447585100029,"8478,6446,3443,8016,3034,1590,2376,2603,2382,2383",-0.11896742748647135,-0.1917818799677037,-0.1505335114863627,40.6
2021-12-17,TW,75,-0.010755599379275652,10,-0.08992046374683658,10,-0.059698241926116134,"8478,8016,1590,3034,6446,2376,2603,2308,2395,6414",-0.1293611794365674,-0.18201971029663344,-0.15747138556974227,37.5
2021-12-20,TW,75,-0.014351389308781097,10,-0.06710095663563101,10,-0.05671692021628516,"1590,8478,8016,3034,2376,2603,2357,6196,6446,8299",-0.09400776077695701,-0.14938947223970733,-0.12832608257331235,43.4
2021-12-21,TW,75,-0.022235038145927654,10,-0.08462525420229317,10,-0.056698201925948676,"1590,3034,8016,8478,2368,2357,2376,3533,3406,2603",-0.09550258233735182,-0.16627682341443456,-0.13609060028853853,38.8
2021-12-22,TW,75,-0.018477877166602086,10,-0.0647831525790555,10,-0.05087791239385425,"1590,2368,3533,3034,8299,6669,8478,2376,8016,2382",-0.09615918710559915,-0.1497751928166544,-0.13160931287962868,46.6
2021-12-23,TW,74,-0.03435956347739127,10,-0.07841761046270494,10,-0.07881674012341897,"1590,3533,3037,3034,8299,8478,6488,6669,2368,6196",-0.11675916432981519,-0.17662714531701762,-0.14654276955804266,39.4
2021-12-24,TW,75,-0.03193784454487194,10,-0.06973219323556502,10,-0.032841589554492304,"1590,2368,3526,3533,3037,6488,8299,2382,2454,6669",-0.10129863713375024,-0.15601946216959472,-0.13829405517251203,46.2
2021-12-27,TW,75,-0.04838196703594805,10,-0.13192439461465555,10,-0.0920131756008046,"1590,3533,6488,2382,2454,8299,2308,6669,3413,1476",-0.1293715346789317,-0.2002730945437723,-0.15294256616775984,44.2
2021-12-28,TW,75,-0.07284414058498374,10,-0.12792417001230466,10,-0.1428551209920145,"1590,2382,3533,6488,2454,3413,2308,2330,8299,3037",-0.14629071790047798,-0.18433494255971877,-0.1498136270623202,41.6
2021-12-29,TW,75,-0.07599108401371789,10,-0.14670022324175785,10,-0.12195084289859497,"1590,2382,2454,6196,6488,3413,8299,2308,3533,2330",-0.15444927296065797,-0.19364521198141743,-0.16141560371112554,42.8
2021-12-30,TW,75,-0.10845608909051804,10,-0.19709221540462737,10,-0.15621039695581462,"3583,1590,2382,2344,6488,6196,2454,3533,8299,3413",-0.165456942806726,-0.22482157235964303,-0.16948399429406885,39.2
2022-01-03,TW,75,-0.10654375674517733,10,-0.15666210485964266,10,-0.1426556316773721,"3583,2330,2308,1590,2382,6488,6196,2368,3533,2454",-0.14338981271537504,-0.19229409999087152,-0.15887589520137743,40.4
2022-01-04,TW,75,-0.09455327678761041,10,-0.1677795911806479,10,-0.12423105467550762,"2330,2308,3583,6488,2368,2357,2382,6414,2454,1476",-0.1306494846744964,-0.21173198913726726,-0.15087320437757712,36.4
2022-01-05,TW,74,-0.08633558713532125,10,-0.17542325056332075,10,-0.09857035211493961,"2330,6414,2308,2357,3583,6488,3406,2454,2382,1476",-0.14792933636803904,-0.2134487709504465,-0.1547804849130881,35.7
2022-01-06,TW,75,-0.10635578124431984,10,-0.17742874505502754,10,-0.19265187062454206,"2330,6187,3583,2308,3406,2357,3324,6414,6196,3526",-0.15004116858061603,-0.19151710977990347,-0.15810432829237336,36.3
2022-01-07,TW,75,-0.08572719821426268,10,-0.1452160984550646,10,-0.1420931207515253,"6187,3324,2330,3583,2357,2308,2382,6196,1590,1476",-0.1451320737350472,-0.16590044293394152,-0.14749586382175162,47.2
2022-01-10,TW,75,-0.08914959374773732,10,-0.16623882313007593,10,-0.13718669708624898,"3324,3583,6187,2330,6196,2357,2308,6414,3406,2382",-0.1411537627817791,-0.18307336635673863,-0.14485294811241195,39.8
2022-01-11,TW,75,-0.07940488526906841,10,-0.15370731422543865,10,-0.1556711787635019,"3036,2330,6187,3324,2308,3583,1590,2357,6669,6196",-0.14286274082640113,-0.18094535286606692,-0.15067986603060018,35.2
2022-01-12,TW,75,-0.07241789489243942,10,-0.16277141826282857,10,-0.1968328015189013,"3036,2330,3583,3324,2360,6187,3665,3413,6488,6196",-0.12430837198284413,-0.20716775887579314,-0.15757088077543907,36.3
2022-01-13,TW,75,-0.07715487431409872,10,-0.1963875905131581,10,-0.2011879506051391,"3036,2330,3583,3324,6488,2360,2357,6196,6187,1590",-0.15110170985698587,-0.2013546494296433,-0.16023721343192093,37.2
2022-01-14,TW,75,-0.1039018856706473,10,-0.19895030399259572,10,-0.2176429317343283,"3036,2330,6491,3324,6223,3583,2357,6488,2382,2360",-0.1412413925088299,-0.20162025519607973,-0.1492102956875184,41.3
2022-01-17,TW,75,-0.11769766861980453,10,-0.20113730118555972,10,-0.202159123403184,"2330,3036,2368,3324,6491,6223,3413,2360,3583,6187",-0.16224313749865082,-0.2143213196449945,-0.17319138417265786,41.0
2022-01-18,TW,75,-0.12252624536786637,10,-0.1405688840849914,10,-0.170938872326147,"3036,2368,2330,3324,3413,6491,3017,2360,2357,6223",-0.10361671319883348,-0.17371438829756491,-0.13203292618105922,47.7
2022-01-19,TW,75,-0.11613310211460162,10,-0.1296585867979602,10,-0.15562516487478356,"2368,3036,3017,2360,2330,3324,3533,2383,2382,2357",-0.11872213083995801,-0.17330804271275663,-0.13337640950426088,46.6
2022-01-20,TW,75,-0.09554631851421465,10,-0.08679071836730509,10,-0.1306442620461909,"3036,3017,2368,3533,3324,2360,2330,3665,2357,2383",-0.0782416801519124,-0.1565613871101797,-0.13051243412602456,51.3
2022-01-21,TW,75,-0.07632017742217907,10,-0.08986543471863191,10,-0.08730372642450161,"3036,3017,3665,2368,2360,2357,2382,2330,2383,3324",-0.07147993992435528,-0.13958783704869118,-0.114656863417739,54.3
2022-01-24,TW,75,-0.06997050781763732,10,-0.04193053866920584,10,-0.10512013896128747,"3665,3036,3017,2382,6446,2330,2360,2368,2383,3533",-0.05265593690292286,-0.13397572150450995,-0.12181169121908923,51.9
2022-01-25,TW,75,-0.049546956074536665,10,-0.035752012252197575,10,-0.058405623899896855,"3665,3036,6446,3017,2382,2330,2360,2368,2454,2383",-0.022106009124300396,-0.13746124134460874,-0.11867633928246027,52.0
2022-01-26,TW,75,-0.07863233818345415,10,-0.06672939857591079,10,-0.10343715497744621,"3665,6446,3036,3017,3324,2360,2382,1590,2368,2383",-0.06612721857606323,-0.15388869336142993,-0.12874232881441378,44.3
2022-02-07,TW,75,-0.10800235467363428,10,-0.08311908403630135,10,-0.1270642708686606,"3665,3526,6446,3324,3036,3017,2408,2360,2382,2368",-0.04847307301473943,-0.166973020057119,-0.1262843689626377,49.2
2022-02-08,TW,75,-0.1153218474200135,10,-0.10581314630443457,10,-0.1449779087065457,"3665,3526,3017,3324,6446,2344,2408,3036,2376,2368",-0.060880782324658246,-0.1841980052590883,-0.13175371515016238,43.5
2022-02-09,TW,74,-0.12491218029661602,10,-0.17553124668379808,10,-0.1537858589597957,"3665,3017,3526,2344,2408,2382,3324,8299,3036,2376",-0.12785684986525037,-0.19392646721714796,-0.14253447385889323,45.7
2022-02-10,TW,74,-0.12618422026481557,10,-0.1798263984910136,10,-0.17389738382795633,"2344,8299,2408,3017,3665,2454,2382,2383,3526,3324",-0.1269318517536748,-0.1932364690769978,-0.13582731417800634,43.8
2022-02-11,TW,74,-0.10290957848049177,10,-0.1329209320683376,10,-0.13817533866318943,"2344,3665,3017,2408,8299,3526,2454,3036,3037,8016",-0.11111846160427145,-0.1690864776056921,-0.13533987362612238,46.3
2022-02-14,TW,74,-0.09972791376072734,10,-0.150394180210489,10,-0.1487525082855956,"3036,3017,8299,2408,3665,3526,2344,3324,6187,2368",-0.1077092087077102,-0.19700358867223625,-0.13714348724319653,41.5
2022-02-15,TW,74,-0.10121027438742218,10,-0.12439676401374702,10,-0.1176146596567941,"8299,2408,3324,6187,3017,2344,3665,2603,3526,3037",-0.09758767801503959,-0.18423479813803254,-0.1306990782909685,44.7
2022-02-16,TW,74,-0.0994495510748017,10,-0.12556838315218058,10,-0.11614348898519791,"8299,2344,2408,3037,3324,2603,3017,2376,3665,3526",-0.09666572992469348,-0.1914662103825048,-0.1324054124530482,41.5
2022-02-17,TW,74,-0.09889926324629261,10,-0.13083315466885037,10,-0.11960562112106046,"2408,8299,2344,3017,3260,3037,3324,2603,2376,3665",-0.09522790018475764,-0.19691895811980495,-0.13048079027202264,39.9
2022-02-18,TW,74,-0.10504934334077401,10,-0.14860925619220783,10,-0.12333856524683262,"3260,8299,2344,2408,3017,2603,3006,6446,3037,3324",-0.09826341457977975,-0.22812147500954588,-0.1481408210942536,35.2
2022-02-21,TW,74,-0.1025504072460675,10,-0.12000379684001258,10,-0.07273161817398975,"2603,8299,3260,2344,3006,6446,3037,3017,2408,2357",-0.09413648517371057,-0.1859342281058518,-0.14700082551669547,45.5
2022-02-22,TW,73,-0.10772571694838756,10,-0.14484852951037724,10,-0.10418457714762422,"3260,2603,8299,6446,2344,3017,2357,2382,3324,2408",-0.10758820136634899,-0.20343483133868898,-0.15343364353074268,42.7
2022-02-23,TW,75,-0.09196967011110012,10,-0.11116405474978612,10,-0.08844829390986092,"3260,2603,8299,3037,3017,2344,3324,2357,2383,6446",-0.08434143070168734,-0.1928740419683147,-0.14207905892611558,41.3
2022-02-24,TW,74,-0.09640710168516019,10,-0.1565472096782682,10,-0.14817881011249395,"3037,3324,2603,3017,3260,8299,2383,2344,2357,3665",-0.11546209057761256,-0.20809897233365157,-0.14953954067905806,37.5
2022-02-25,TW,74,-0.08470558770342122,10,-0.09488226641528166,10,-0.13883407234212997,"3037,2603,3324,8299,6446,3017,3260,3665,2357,3533",-0.07074558232759735,-0.17496640829841711,-0.12763901967104538,37.8
2022-03-01,TW,74,-0.06517704511953583,10,-0.09520007650227394,10,-0.08801734893561317,"2603,3037,3324,3260,8299,2408,3533,3017,6446,2344",-0.1010754108943663,-0.19691606021770064,-0.14615546144509026,33.1
2022-03-02,TW,74,-0.06831508595097789,10,-0.13490698608008983,10,-0.14954837908449886,"2603,3037,3260,3006,8299,8016,6446,3324,3533,2357",-0.12271606599964671,-0.23168764154213753,-0.16096693569221937,26.3
2022-03-03,TW,73,-0.06006976827741497,10,-0.1356001602971471,10,-0.1486786938536141,"2603,6187,3006,6446,2357,2408,8299,3037,3260,3533",-0.12309842369749775,-0.2236883809670846,-0.1676476752541905,34.1
2022-03-04,TW,74,-0.04163451883752378,10,-0.1259036603200066,10,-0.13275566606966038,"2603,6446,3006,3037,6187,2408,2357,3017,8299,3260",-0.11445687279005883,-0.19861773497558605,-0.15113777402529366,35.3
2022-03-07,TW,75,-0.0027341271713347305,10,-0.07609561208554963,10,-0.09112282904735722,"2603,3006,6446,3661,3017,3665,3260,2344,8299,6187",-0.07895303675813778,-0.15717397113710718,-0.12976302071777499,41.3
2022-03-08,TW,74,-0.011161746856551354,7,-0.027885283223429518,7,-0.027885283223429518,"2603,6446,3006,3017,6187,3665,3036",-0.04531697576616202,-0.13894755061858668,-0.11561419807328581,41.57142857142857
2022-03-09,TW,75,-0.029607762669850206,7,-0.051550836316240245,7,-0.051550836316240245,"2603,3017,6446,3665,3037,6187,3036",-0.09298913383750776,-0.15486101179031914,-0.137887272531183,36.42857142857143
2022-03-10,TW,74,-0.02859230444095786,10,-0.09385096089482911,10,-0.12248031406267072,"2603,3017,3665,8016,6446,3037,3006,2344,2382,6187",-0.09142686271256237,-0.175342707538695,-0.1495551254634779,35.2
2022-03-11,TW,74,-0.03312510707233083,10,-0.10507763864260436,10,-0.10507763864260436,"2603,3017,3665,8016,6446,6187,3006,2357,2344,3037",-0.08026734105448358,-0.18531443956057086,-0.1418190330268748,32.9
2022-03-14,TW,74,-0.044353810863699626,10,-0.12539882582429934,10,-0.1338121293229102,"2603,6446,3006,3665,8016,3017,6187,2344,3036,8299",-0.08940931930838845,-0.19733364956042182,-0.14814694849821347,32.7
2022-03-15,TW,75,-0.03773351537780234,7,-0.044967837889287834,7,-0.044967837889287834,"2603,6446,3665,2344,6187,3036,3017",-0.02925468430113046,-0.16094838438554343,-0.12016431761384105,36.0
2022-03-16,TW,75,-0.05201207471604568,10,-0.06927291142171958,10,-0.06927291142171958,"3665,2357,6515,3006,6446,6187,2603,3017,2344,3036",-0.06474389114958096,-0.1827562824573229,-0.13307577304704854,38.5
2022-03-17,TW,75,-0.08561590936047377,10,-0.124881278563025,10,-0.12186067295554086,"3665,3006,6515,6187,2344,8016,2357,6446,3036,2382",-0.09440414278457629,-0.22456503373987377,-0.1624657864756914,33.2
2022-03-18,TW,75,-0.10422701256131228,10,-0.1313225280342906,10,-0.14490161152028191,"6515,3006,3665,2344,8016,6187,2368,6446,2357,2382",-0.06753287680847977,-0.21991300597798266,-0.13951814491224382,35.4
2022-03-21,TW,75,-0.13440523667346668,10,-0.23881624568964233,10,-0.23311404010527997,"6515,3006,3665,6187,2344,2368,8016,2357,3017,3037",-0.1464439849215573,-0.24889654423738525,-0.15966013391427245,37.1
2022-03-22,TW,75,-0.11696561789882748,10,-0.22006366118092419,10,-0.22006366118092419,"6515,3006,3665,2368,3017,6187,2344,2357,3037,2603",-0.13718691855579732,-0.2596497773556434,-0.15285849394328418,33.8
2022-03-23,TW,75,-0.14303265545291394,10,-0.23398381977630178,10,-0.21998426069921248,"3443,6515,3006,2368,3653,3665,6187,2344,3037,8016",-0.1476642057574525,-0.27539912127666993,-0.15713726962838834,27.0
2022-03-24,TW,74,-0.14709039986135555,10,-0.192020807567261,10,-0.19105831306530438,"6515,3443,2368,3653,2308,3665,3533,6187,3006,3037",-0.14817307516527117,-0.25046025897561386,-0.16005339432862775,30.0
2022-03-25,TW,75,-0.12362606286526047,10,-0.14602571062233563,10,-0.17033554837649295,"3653,3443,2368,2308,6515,3037,3665,3017,6187,2357",-0.14047800226017598,-0.21539081197250587,-0.15723311884210278,35.3
2022-03-28,TW,74,-0.10694881807454973,10,-0.16235572511471133,10,-0.12623201896976563,"3653,3443,3293,2368,6515,3017,2357,3037,6187,3006",-0.14933350192005665,-0.2572679339522276,-0.16366711670972006,26.3
2022-03-29,TW,74,-0.1290515922964789,10,-0.14435444386028864,10,-0.1087840335347999,"3653,3443,2368,6515,3293,8996,3037,2357,3017,6187",-0.14787415289156555,-0.24629668620681994,-0.1626675547052862,27.7
2022-03-30,TW,74,-0.1395498180674459,10,-0.08238854914960243,10,-0.1138927252179005,"3653,2368,3443,3293,6515,3037,1590,2308,3533,8996",-0.13604149182074093,-0.2081828064449985,-0.158541478226108,28.8
2022-03-31,TW,74,-0.1530887846009791,10,-0.15703668453260153,10,-0.11546791192577151,"3653,3037,2308,2368,3293,6669,3443,6515,8996,3017",-0.15769245388729658,-0.21625217584735296,-0.16889485316893835,29.4
2022-04-01,TW,74,-0.18862925537561556,10,-0.184127070498015,10,-0.1788947358447746,"3653,2368,3533,2308,3293,3443,3037,8996,6515,2357",-0.17033204856046286,-0.2167462396308819,-0.1838585837098975,35.7
2022-04-06,TW,74,-0.18192507213044665,10,-0.18264184175221546,10,-0.18264184175221546,"3653,2368,3293,3443,8996,6515,3017,3037,6187,3665",-0.15208007555971745,-0.23005978269748692,-0.17197997528334139,34.0
2022-04-07,TW,74,-0.16644824249045514,7,-0.12168757449819612,7,-0.12168757449819612,"3653,2368,3293,8996,3017,3665,6515",-0.1282308951941437,-0.17789212279483307,-0.14162735763483544,37.714285714285715
2022-04-08,TW,75,-0.1930440394004766,8,-0.17449431251748992,8,-0.17449431251748992,"2368,3653,8996,3293,3037,3017,3665,6515",-0.14151800206687498,-0.20586878101763678,-0.15469608551304526,39.0
2022-04-11,TW,75,-0.14209841320733976,5,-0.14144921794165638,5,-0.14144921794165638,"3653,3293,2368,3017,8996",-0.12032907905182985,-0.17605811183969555,-0.15070289910450801,53.8
2022-04-12,TW,75,-0.1369180560423767,5,-0.13963260259618132,5,-0.13963260259618132,"3533,3293,3653,2368,3017",-0.16834183070369077,-0.1971447958926886,-0.1581519034605123,48.0
2022-04-13,TW,74,-0.1473414118804269,6,-0.13235157155458463,6,-0.13235157155458463,"3533,3653,3293,2603,2368,3665",-0.13430478042443314,-0.19414721581232874,-0.14697638430139864,47.5
2022-04-14,TW,75,-0.1667426469304908,10,-0.150292146182946,10,-0.150292146182946,"8478,3533,2395,6669,2368,3653,2603,3293,3665,3017",-0.13050963488978956,-0.20160156107069982,-0.16007281404369506,50.7
2022-04-15,TW,76,-0.12879304271963635,5,-0.08765794219573102,5,-0.08765794219573102,"8478,2603,3533,3665,3293",-0.10050575869356304,-0.16831921127042204,-0.13014878875943225,44.8
2022-04-18,TW,75,-0.12052038845497168,6,-0.06900000579127387,6,-0.06900000579127387,"8478,3533,2603,3665,3653,3293",-0.07756330716553773,-0.1848350255686407,-0.14277761826439309,50.333333333333336
2022-04-19,TW,76,-0.11454233240321778,8,-0.1037073668333267,8,-0.1037073668333267,"8478,3533,2603,6669,3665,3653,2368,3293",-0.13399672607715207,-0.2256747461919244,-0.15928362807809426,37.25
2022-04-20,TW,76,-0.09966263148171396,9,-0.07459480180282366,9,-0.07459480180282366,"8478,6669,3533,2603,3665,3293,2368,3653,3017",-0.12774300381814582,-0.23248774992874502,-0.1690983201460696,39.666666666666664
2022-04-21,TW,75,-0.08779399994823303,9,-0.07289557973906745,9,-0.07289557973906745,"2603,3665,3533,8478,2368,6669,2395,3017,3653",-0.10310460298835383,-0.22512243164728943,-0.16133890297832407,45.111111111111114
2022-04-22,TW,76,-0.05131281976472273,6,0.013143689102843858,6,0.013143689102843858,"2603,2395,3665,8478,3533,2368",0.003191057447214466,-0.14304169931823452,-0.11546278612262965,54.666666666666664
2022-04-25,TW,76,-0.027386086238816314,4,0.01497849785435329,4,0.01497849785435329,"2395,2603,8478,3665",0.027336322492418352,-0.1389537974655172,-0.09670524922142504,54.0
2022-04-26,TW,77,0.0066859847960943145,4,0.03785680271922262,4,0.03785680271922262,"6669,3665,3533,8478",0.02049400805771634,-0.1371897649989193,-0.09823782575203999,47.5
2022-04-27,TW,76,-0.00832932995865262,4,0.019561168621767683,4,0.019561168621767683,"2603,3533,2368,8478",-0.04967519905434481,-0.1725868368573034,-0.12722413042123143,46.75
2022-04-28,TW,76,-0.040243900793011024,4,-0.028266742892382596,4,-0.028266742892382596,"6669,2368,3533,8478",-0.06982426455073715,-0.19484216205979923,-0.14585978999091273,41.75
2022-04-29,TW,76,-0.03121962156384304,6,-0.035619367828264026,6,-0.035619367828264026,"2603,6669,3533,2368,3665,8478",-0.06396041760515901,-0.1918394511843109,-0.13169955051031093,42.666666666666664
2022-05-03,TW,76,-0.0382692990937432,6,-0.05893275339074102,6,-0.05893275339074102,"2603,6669,3533,3665,2368,8478",-0.07708476894681283,-0.20313756687933035,-0.13034360283334798,41.666666666666664
2022-05-04,TW,76,-0.03977650279880811,7,-0.07529227120382946,7,-0.07529227120382946,"2603,3665,3533,8478,2395,2368,6669",-0.09349601671422651,-0.21329782571847652,-0.1533949683434208,43.57142857142857
2022-05-05,TW,76,-0.017878529765410378,8,-0.0445464170121459,8,-0.0445464170121459,"3665,2603,8478,3533,3443,6669,2368,3653",-0.08312147704103351,-0.21038344611553259,-0.15010830387444069,39.875
2022-05-06,TW,76,-0.027723531896588435,8,-0.005220541179029689,8,-0.005220541179029689,"6446,3665,2603,8478,3443,3533,6669,2368",-0.01092820265594685,-0.187077953361579,-0.14408668987367992,45.125
2022-05-09,TW,76,-0.005711032986873915,7,0.061523861990081405,7,0.061523861990081405,"6446,3665,3533,2603,3443,2368,8478",0.037442100834210415,-0.1272109776853206,-0.0988808236724069,49.285714285714285
2022-05-10,TW,76,-0.025822234254669042,7,0.041303836581684364,7,0.041303836581684364,"6446,3443,2603,8478,3665,3533,2368",0.03363038281035929,-0.15477887563124737,-0.12733659042502518,48.714285714285715
2022-05-11,TW,76,0.0038824410903711254,8,0.06199799971070469,8,0.06199799971070469,"6446,3443,1476,3533,8478,3665,2603,2368",0.03463276549577096,-0.15773109582778197,-0.13338548670335915,46.75
2022-05-12,TW,76,0.0004785533465236095,7,0.07293631715310808,7,0.07293631715310808,"6446,3443,1476,3533,8478,3665,2368",0.010942604331893821,-0.14887865734930558,-0.14196848584448907,46.0
2022-05-13,TW,75,-0.016401645279731484,8,0.07496693147499967,8,0.07496693147499967,"6446,3533,3443,1476,2345,2368,3665,8478",0.029314504380764717,-0.16026780325730014,-0.15126096727193789,46.625
2022-05-16,TW,75,-0.014482027749487513,7,0.08811088462562307,7,0.08811088462562307,"3533,6446,3443,1476,2345,2368,8478",0.040158165449959794,-0.15679621696332827,-0.1501723747525725,44.714285714285715
2022-05-17,TW,76,-0.018602997440090224,7,0.0793720068029566,7,0.0793720068029566,"3443,3533,2368,1476,6446,8478,3665",0.019075970197290553,-0.14798402583782908,-0.14045964216579387,43.714285714285715
2022-05-18,TW,76,0.007167015787251677,9,0.07691421564923472,9,0.07691421564923472,"3443,3533,2379,8478,6446,2368,2345,1476,3665",0.03316678603478169,-0.14622155261840464,-0.13409602119438324,47.333333333333336
2022-05-19,TW,75,0.0030513937844283134,9,0.062400669945069175,9,0.062400669945069175,"3443,2379,3533,3017,8478,6446,2395,3665,2368",-0.017029706538659133,-0.17533795531307417,-0.14393320056080788,41.888888888888886
2022-05-20,TW,75,-0.005245974500435553,8,0.05656305499411517,8,0.05656305499411517,"3443,2379,3533,8478,6446,3017,2395,3665",-0.0003593397827551942,-0.1809982042983445,-0.1385879081324831,42.375
2022-05-23,TW,75,0.004985552070873057,8,0.052904530947882736,8,0.052904530947882736,"3443,2379,3017,8478,6446,3533,3665,2603",-0.006794831915007765,-0.20740888572582544,-0.15328414174069194,36.625
2022-05-24,TW,76,0.027725318944530165,4,0.27332284631668524,4,0.27332284631668524,"3443,8478,6446,3533",0.1667086339034369,-0.13940419637276572,-0.12919038974275981,43.5
2022-05-25,TW,76,0.027374157553628597,6,0.18361923365296892,6,0.18361923365296892,"3443,3017,2379,8478,6446,3533",0.09049992142068226,-0.1956898323203741,-0.1437744135256577,34.5
2022-05-26,TW,76,0.017338181482464254,5,0.26574523575209474,5,0.26574523575209474,"3443,3017,8478,6446,3533",0.16431259738053877,-0.16471635533429674,-0.1180263724612393,35.8
2022-05-27,TW,75,-0.0017811181188050688,9,0.0764725045276029,9,0.0764725045276029,"1590,3443,8478,3017,2395,2379,2603,6446,3533",-0.08484362488015633,-0.2047145689520102,-0.16165469736490012,32.55555555555556
2022-05-30,TW,75,-0.019003119059247838,10,-0.028767960177937556,10,0.04546513342713987,"1590,8478,6488,2379,3443,2395,3017,3533,1476,3665",-0.15683267520209782,-0.22227050131294984,-0.1772656435213122,29.9
2022-05-31,TW,75,-0.008922662401990269,10,-0.012245030708187055,10,0.0347621474683376,"8478,3406,1590,2454,6488,2330,2379,3443,2345,3017",-0.1298224548622243,-0.23886895871385821,-0.1759006844000884,23.5
2022-06-01,TW,75,-0.004698458058792878,10,-0.054458256126005855,10,0.0014048129339552461,"1590,8478,3406,3036,2454,6488,3324,2379,3443,3017",-0.16308437817192742,-0.24978524375195157,-0.1718394892683615,18.1
2022-06-02,TW,75,-0.02849700950084364,10,-0.0988254333745402,10,-0.031699124358947006,"3406,8478,1590,6488,3036,2454,3324,2379,1476,3017",-0.1631128920128781,-0.25289777206368136,-0.17561544045323702,17.1
2022-06-06,TW,75,-0.007520491154062157,10,-0.09046688732739257,10,-0.06274644128224646,"3406,3036,1590,8478,2454,6488,2379,1476,2603,3017",-0.162630677322509,-0.2581020024903976,-0.17645344419989278,15.3
2022-06-07,TW,75,-0.0037553688755924478,10,0.006862061101496153,10,-0.07499044041310528,"1590,3036,3406,8478,2454,6488,3653,6446,3324,1476",-0.10188072458473005,-0.22664211133540682,-0.16355580445147186,20.3
2022-06-08,TW,75,-0.020528883679273243,10,-0.10234661826927142,10,-0.06602092095430644,"1590,2454,3036,3406,3653,2383,3443,8478,2379,6488",-0.17243116860721347,-0.276508745212395,-0.1798197594465058,12.5
2022-06-09,TW,75,-0.016630926281513705,10,-0.04495302342264149,10,-0.06071788463986781,"1590,6446,2454,3036,3406,6488,2383,3653,2379,8478",-0.11720758253144167,-0.24355362680907314,-0.15280008730735867,16.6
2022-06-10,TW,75,-0.024399197019300024,10,-0.04365573449290722,10,-0.045465568589944605,"6446,2368,2454,3406,1590,2345,3036,3443,3653,6488",-0.09122914703309573,-0.20601676722912612,-0.14672906978181138,22.6
2022-06-13,TW,75,-0.021637110069048827,10,-0.02364498039239841,10,-0.004393700387028521,"6446,2368,3406,1590,3653,2345,3443,3036,2454,3533",-0.08683970060013717,-0.1989570786905598,-0.15142422519584237,22.4
2022-06-14,TW,76,-0.03444150085696349,10,-0.044735108057374594,10,-0.0141158426193011,"6446,2368,1590,3653,2345,3324,3406,3443,3036,2454",-0.13531513338696385,-0.20295671628487505,-0.15969721588074176,18.4
2022-06-15,TW,76,-0.025919876135347103,10,-0.05375490912025077,10,-0.004612401083830475,"6446,1590,2345,3653,2368,3036,3406,3533,2454,3324",-0.14562541604387552,-0.22069595384952212,-0.1774434420870452,16.3
2022-06-16,TW,76,0.03736057942114369,9,0.018339282816076306,9,0.018339282816076306,"6446,2345,1590,3036,2454,3533,2379,3443,8478",-0.030754608326227402,-0.17777518794147762,-0.1486507006864072,29.0
2022-06-17,TW,76,0.04128518905996725,8,0.053493436443150244,8,0.053493436443150244,"6446,1590,2345,3036,2379,8478,3443,3533",-0.0052311566296108225,-0.16786851109585177,-0.1415069246525578,31.25
2022-06-20,TW,76,0.06438178638639723,5,0.18081044492312862,5,0.18081044492312862,"6446,2345,1590,8478,3443",0.12685990266564384,-0.12277282833819736,-0.10567950518349453,43.6
2022-06-21,TW,76,0.0479641498968841,10,0.03796665725762712,10,0.03796665725762712,"6446,2345,1590,3324,6515,2454,3036,3533,8478,3443",-0.0890433319754439,-0.1717343046526541,-0.15433038515539527,21.5
2022-06-22,TW,77,0.061591700157548744,5,0.0770558786289635,5,0.0770558786289635,"6446,2345,1590,3036,8478",0.003962475891301121,-0.14155363703979468,-0.12549672645908347,32.4
2022-06-23,TW,77,0.04767494724815051,5,0.06305490980575112,5,0.06305490980575112,"6446,2345,1590,3036,8478",0.000585001404238561,-0.14594869705949837,-0.13011703371426261,31.8
2022-06-24,TW,77,0.03965982750580956,5,0.07464420718538833,5,0.07464420718538833,"6446,2345,1590,2368,8478",-0.10472352496925937,-0.17952298321534074,-0.15063407014614602,17.6
2022-06-27,TW,77,0.018268070071661577,10,0.05570098581513736,10,0.05570098581513736,"6446,1590,2368,2345,3665,3533,1476,3443,6515,8478",-0.11983148993946116,-0.17360104205977545,-0.15519826694354263,16.7
2022-06-28,TW,77,0.05047411161297928,8,0.11209340599580385,8,0.11209340599580385,"6446,3665,1590,2368,2345,3443,6515,8478",0.06741386293138037,-0.14881430684801766,-0.13280151606999235,40.375
2022-06-29,TW,77,0.03635566970778987,7,0.04504466789768935,7,0.04504466789768935,"6446,2368,2345,1590,6781,3443,8478",-0.0016824041319350208,-0.18810527348255066,-0.1528133650691173,35.714285714285715
2022-06-30,TW,77,0.029215567054313402,4,0.008304888491729862,4,0.008304888491729862,"6446,3665,2345,1590",0.020863192144274845,-0.12977117404442007,-0.10984180973590596,49.5
2022-07-01,TW,80,0.07314107405024853,2,-0.04634693041641108,2,-0.04634693041641108,"6446,1590",-0.01733265255267724,-0.14512986938193845,-0.10482374687675089,38.5
2022-07-04,TW,80,0.015233079415374684,2,-0.10043259752471301,2,-0.10043259752471301,"6446,1590",-0.06307371150203178,-0.15106215578951948,-0.10855150408605663,38.0
2022-07-05,TW,80,0.037296548645931696,3,-0.06421281859330608,3,-0.06421281859330608,"6446,6515,1590",-0.10441022933080797,-0.1470113631555242,-0.14467061883487117,29.0
2022-07-06,TW,80,0.06625700452161805,3,-0.0985252005997211,3,-0.0985252005997211,"3665,6446,1590",-0.09387563588415249,-0.11497353524743581,-0.11272818176140324,47.0
2022-07-07,TW,79,0.028960037230267553,5,-0.1938258518808182,5,-0.1938258518808182,"3665,3406,6781,1590,6446",-0.12225351367334372,-0.20149835122935794,-0.13881015637397381,46.8
2022-07-08,TW,78,0.043690704619578684,6,-0.08920707798421047,6,-0.08920707798421047,"3665,3406,6781,1590,2345,6446",-0.04779168773283186,-0.18401009531993986,-0.13146456045731258,48.666666666666664
2022-07-11,TW,80,0.0697570728118444,6,-0.08870107641208928,6,-0.08870107641208928,"3665,3406,6781,2308,6446,1590",-0.05767081548219307,-0.1519356464029459,-0.11348120314775499,49.666666666666664
2022-07-12,TW,79,0.082766662689878,4,-0.010945184726637941,4,-0.010945184726637941,"3406,2308,3665,6446",-0.031384619973709726,-0.09164261758619727,-0.09164261758619727,59.25
2022-07-13,TW,80,0.0759436702811043,6,-0.014937101107519798,6,-0.014937101107519798,"2308,3406,6781,3665,2345,6446",0.010068039775819196,-0.12134628976105728,-0.08563200394931442,55.833333333333336
2022-07-14,TW,80,-0.003505627217531103,8,-0.10191796485112312,8,-0.10191796485112312,"3406,2308,2345,6781,3665,3324,2382,6446",-0.055655859622453896,-0.1311679689935853,-0.08819338249195108,55.375
2022-07-15,TW,78,-0.019920536792700536,8,-0.07622667306164083,8,-0.07622667306164083,"3406,2308,3665,6414,2345,3443,3324,6446",-0.05302785117770366,-0.11352762970747066,-0.09101518901833028,53.25
2022-07-18,TW,77,-0.06176609936050392,10,-0.02620047910424019,10,-0.04153556713309867,"3406,3665,2308,2345,3017,3443,8478,6414,3293,3653",-0.009361040103873185,-0.0934471050329791,-0.08106625135778621,58.2
2022-07-19,TW,77,-0.06122469905623404,10,-0.04576307915842476,10,-0.051790529519030695,"3406,2308,8478,3017,2345,6414,3443,3653,3324,3293",-0.009470630308560157,-0.12315403128381423,-0.09171030838776717,53.0
2022-07-20,TW,78,-0.06553916082056706,10,-0.06228345055433295,10,-0.061665134035104874,"2308,3443,3406,3017,8478,6414,2368,2345,3653,3324",-0.04068000107541279,-0.12505315598362277,-0.10447704027021017,56.7
2022-07-21,TW,77,-0.06391826095360591,10,-0.055256275652961914,10,-0.046395631435547514,"2308,3653,3406,3017,3443,2382,2368,3324,3293,8478",-0.029463246805343256,-0.12336602937151812,-0.09568968381157121,57.3
2022-07-22,TW,78,-0.06487054023483345,10,-0.07064592747825785,10,-0.10090291147991129,"3653,2308,2368,3293,3017,2382,3443,3324,6414,2345",-0.051747776499280876,-0.10684853635136671,-0.08586883972306437,57.8
2022-07-25,TW,78,-0.07665286907637887,10,-0.05401915603227081,10,-0.12418207339013987,"3017,2308,3653,3293,3443,6121,2368,3324,2382,8478",-0.0287270698280775,-0.11324730422878156,-0.09231325114884588,58.0
2022-07-26,TW,80,-0.09396246017500398,10,-0.06403637039350975,10,-0.11138783458596495,"3017,2308,3653,3293,6446,3443,2368,2382,8478,6121",-0.05192941797495394,-0.1053928312822912,-0.09907414998294972,58.8
2022-07-27,TW,78,-0.097537447612917,10,-0.12460103538492251,10,-0.12744650742234248,"3017,2308,6446,3653,2368,2382,3324,3443,3293,2345",-0.10392664373988025,-0.14833679296506372,-0.12220008922800765,54.8
2022-07-28,TW,79,-0.11795177706548558,10,-0.1374465876184685,10,-0.13694688369371272,"2308,3017,6446,2382,3653,2368,3324,2345,3443,3293",-0.11093705404561197,-0.15283705180819127,-0.12310503781590457,55.9
2022-07-29,TW,80,-0.12991667588607012,10,-0.12494525964331879,10,-0.1699330967516138,"3017,2308,6446,2330,3653,2382,2368,3324,3293,8478",-0.09127450070002954,-0.1536321054086767,-0.12065538119458659,55.2
2022-08-01,TW,81,-0.09309939378897737,10,-0.11030985063938185,10,-0.07224110206576986,"2308,3017,6446,2382,2330,3653,2357,2368,3324,2345",-0.08427770686351627,-0.15836037341150835,-0.12177582928088579,53.3
2022-08-02,TW,81,-0.09922871458070134,10,-0.01917531911974968,10,-0.027628760445317403,"8996,2382,2308,3017,6446,2345,3653,2368,3324,8478",-0.007130461819842682,-0.1245205595785815,-0.10816974697289014,56.8
2022-08-03,TW,81,-0.0793985527450068,10,-0.0027342799979652166,10,0.018959322614558738,"8996,2308,2382,3017,6446,2357,3653,2345,2368,3293",-0.0031642183288605684,-0.11225651331745654,-0.10199904793547505,56.4
2022-08-04,TW,81,-0.07514641801241242,10,-0.0005262454134506766,10,0.01698742007743025,"6446,8996,2308,2382,6414,2345,3017,3653,2357,8478",-0.005964908264347956,-0.12963574206092437,-0.11076406060582147,53.1
2022-08-05,TW,81,-0.07312335624584596,10,-0.010250590693902684,10,0.0265465450916481,"6446,6414,2330,8996,2382,2308,3293,2345,8478,1476",-0.010129727676093292,-0.14006628535761853,-0.11270697220016704,51.6
2022-08-08,TW,81,-0.0700065498938649,10,-0.09911204702047291,10,-0.0018416669501582273,"6442,3293,6446,6414,2382,2603,8996,2308,3017,2330",-0.07523418142301525,-0.21271539126751637,-0.14300081334533069,44.0
2022-08-09,TW,81,-0.05913936024126662,10,-0.06540879489513544,10,0.006838987165858512,"3293,2603,2345,2382,6414,6446,6442,3017,2308,8996",-0.057900421563675294,-0.20782558089021136,-0.13931345765995862,41.6
2022-08-10,TW,81,-0.05487620066651392,10,-0.046977673938562135,10,-0.004183371268500058,"2382,3293,6414,2345,2308,2603,6442,8478,6446,8996",-0.02859375204537349,-0.20890608277593406,-0.13391730813500083,41.0
2022-08-11,TW,81,-0.05904434742077712,10,-0.06573159519706882,10,-0.012349301881117169,"3293,6414,2382,8996,2308,2345,2603,6442,8478,2330",-0.04495711011084119,-0.2074900802896445,-0.13965135071120333,40.3
2022-08-12,TW,81,-0.05133660317740405,10,-0.02667402033254269,10,0.001984594183048527,"3293,8016,8478,2603,2382,6442,2345,2330,2308,8996",-0.007151330069916506,-0.19229343618520262,-0.13410047905074307,44.2
2022-08-15,TW,80,-0.06657649536574284,10,0.0058578995940666845,10,0.026618166615367932,"3533,3661,8016,3293,2376,2308,6488,2345,3653,8299",-0.06706517085350097,-0.16289832700813306,-0.14010127314223234,46.8
2022-08-16,TW,81,-0.044709536579434044,10,0.002458526708232589,10,0.04934719746236109,"3661,6488,3533,3293,2330,2345,2308,8016,8478,3653",-0.047997029751436625,-0.1684083387697159,-0.13083965722648583,47.1
2022-08-17,TW,81,-0.037441050225829164,10,0.011567189961780855,10,0.01889555313564565,"8478,3661,2345,2376,2330,3293,6488,3533,8299,2308",-0.06300257907224384,-0.1689595775173378,-0.13213774979437973,43.6
2022-08-18,TW,81,-0.04181629414080619,10,0.06258615320021718,10,-0.01322348732719123,"8478,3661,2376,6488,3653,2345,8016,8996,3443,3293",-0.028576713699227273,-0.20223717117461337,-0.1469621203120386,40.6
2022-08-19,TW,81,-0.03277948679579563,10,0.12963327958003285,10,0.03413917311675376,"8478,2376,3661,3533,6488,8996,8299,3443,3653,8016",-0.018867940608174462,-0.1848953821026244,-0.15027536435034214,39.4
2022-08-22,TW,80,-0.0120082183790093,10,0.16611490302227636,10,0.06447892785678473,"8478,8016,3661,8299,3533,8996,2376,3653,3443,6488",0.014072236665589788,-0.17066806823822436,-0.1439496232718016,40.6
2022-08-23,TW,81,-0.02453019200381152,10,0.11886352246231495,10,0.050479642119906645,"8478,8016,3661,3443,3533,3653,8996,1476,6669,8299",-0.03716098206037262,-0.1837255896966953,-0.15996865335434837,39.8
2022-08-24,TW,81,-0.02668323111092578,10,0.11916854766452226,10,0.042324198265397996,"8478,3661,3533,6669,8016,3653,3443,1476,8299,8996",-0.04823360593129735,-0.188996740675812,-0.14971263568972973,34.8
2022-08-25,TW,81,-0.0413716515748086,10,0.0305796290467663,10,0.026147720046654922,"8478,3661,3533,8016,6669,3653,6442,1476,8299,8996",-0.06771553359764929,-0.21696679500545302,-0.15610799518229174,31.3
2022-08-26,TW,81,-0.0026384362121206527,10,0.1436329762601064,10,0.09140015977560023,"8478,3661,8996,8016,8299,3653,2376,3533,6669,3406",0.005789238987911805,-0.15616037251135856,-0.13148371055826627,41.3
2022-08-29,TW,81,0.007579075856691637,10,0.08472230173437964,10,0.0797823714695313,"3661,8478,3665,8996,8016,3533,6669,2376,6442,3653",0.02340652338551861,-0.1944573400032005,-0.1347827680521941,36.9
2022-08-30,TW,81,-0.008670758670694601,10,0.008286136930732092,10,0.06202556792993783,"8996,3665,8478,3661,8016,3406,2345,6442,3533,2368",-0.040720416921803074,-0.2337485458259061,-0.1537873826631349,32.0
2022-08-31,TW,81,-0.01226654303154011,10,0.06766718438636767,10,0.015303495197018135,"8996,8478,3665,3661,3406,8016,2368,2376,6669,8299",-0.06165842674118364,-0.2128660208216183,-0.1627075714640604,29.4
2022-09-01,TW,81,-0.0014624902462627805,10,0.03475174732416188,10,0.02933709042324647,"8996,8478,3661,3665,3406,8016,2368,2376,6669,6442",-0.06632378623359005,-0.23372309784195222,-0.16069066726481723,28.1
2022-09-02,TW,80,0.014229458550026237,10,0.06879611769759084,10,0.10114055630522564,"3661,8996,3406,8478,3665,2383,8016,3653,2376,3533",-0.03159127256558427,-0.20724804548806347,-0.1573415006547413,32.0
2022-09-05,TW,81,0.044484315059493136,10,0.053862671016421816,10,0.11068340000560069,"8996,3661,2383,3406,8478,3653,3665,2382,6515,1476",-0.08436401894700532,-0.22257217738356455,-0.17760245339871103,32.0
2022-09-06,TW,81,0.07581850572824032,10,0.08438507161105141,10,0.18493358395062015,"8996,3406,3661,8478,3653,2382,2383,3665,6515,6446",-0.09553792199313574,-0.21251643894655364,-0.16878596712876476,29.1
2022-09-07,TW,78,0.07513925364378557,10,0.10323108790871878,10,0.11989689794262257,"8996,3406,2383,3661,3653,6515,1476,2382,8478,3533",-0.07150475544500026,-0.20758042806178537,-0.16684667155362115,30.6
2022-09-08,TW,78,0.03180839577859911,10,0.07518827358451786,10,0.12098692228361836,"8996,3661,3653,2382,2383,2376,3406,3533,2308,6669",-0.023517410905839187,-0.19460280898196455,-0.1547865050126618,37.9
2022-09-12,TW,78,0.007198629156629815,10,0.07492595788145846,10,0.11784683234656242,"3661,2376,8996,1476,2382,3533,6669,3653,3443,2383",-0.05995396437302143,-0.21301781800385075,-0.16536630698619675,32.7
2022-09-13,TW,78,0.03871090294189917,10,0.12175037310874312,10,0.14467606098493996,"2376,2360,3661,1476,8996,6669,2382,3533,3443,3653",-0.020060157600431606,-0.17457744300764585,-0.1552177135965686,38.1
2022-09-14,TW,78,0.01434758414805727,10,0.09991909092582416,10,0.12173060882526307,"2360,3661,2376,3533,8996,3324,3443,3653,6669,3017",-0.04466251465015055,-0.2080211419029471,-0.17606639047647996,32.2
2022-09-15,TW,78,0.014946487140643628,10,0.07891076127682026,10,0.08870710406319243,"2376,3533,2360,3324,3661,3653,8996,3443,2383,2308",-0.03597141925868012,-0.20627942009622463,-0.17139962178908638,34.3
2022-09-16,TW,78,0.01058706690397629,10,0.05111980526625719,10,0.03343612206566442,"2376,3533,2360,8996,3661,3017,3653,6446,2383,6669",-0.06306372104981192,-0.20250364969096096,-0.17312481676972832,30.9
2022-09-19,TW,81,0.035752112294322395,10,0.13395089615073036,10,0.10870778210785108,"2376,3533,2360,3017,2308,3661,8996,6669,3653,3443",-0.0015735610597912286,-0.18790283871364316,-0.1626116728987767,39.8
2022-09-20,TW,81,0.04477015428605637,10,0.1340307483318769,10,0.10423730634357602,"3017,2376,3533,3324,2345,2308,6669,3443,2360,8996",0.014604998358560006,-0.18363374660705542,-0.14935011612246013,38.0
2022-09-21,TW,81,0.0496257350591554,10,0.08109805118482732,10,0.0968661692223837,"3017,3533,3443,2368,3324,2376,6446,3661,2383,6669",-0.101976420970523,-0.219413587191787,-0.18040367677389005,24.4
2022-09-22,TW,81,0.03744619971898489,10,0.022273376773981522,10,0.02864262511240533,"3443,3533,2376,2368,3661,3017,3324,2308,2345,6446",-0.09022922034258528,-0.2214977325870598,-0.16620005583492353,27.2
2022-09-23,TW,80,0.029386305132017183,10,0.006557730811757511,10,0.040520905660028896,"2368,3017,2376,3443,3661,2345,6446,2308,3533,3653",-0.09116200156614962,-0.1973036206018194,-0.15672033949729114,28.1
2022-09-26,TW,80,0.05776484626688451,10,0.015657227853902222,10,0.09533341169681607,"2368,3443,6446,3017,2376,2383,6669,2345,3533,3661",-0.11058404985857702,-0.2128251133886106,-0.16917628702811008,22.5
2022-09-27,TW,81,0.061068978015702956,10,0.03161683022573174,10,0.09910553656394372,"3017,2383,6669,3443,2368,3533,2345,2376,6446,2308",-0.09735225543030387,-0.18861389567713432,-0.1647178438757323,27.5
2022-09-28,TW,79,0.08793828105760848,10,0.04534656560990165,10,0.12252891066320475,"6669,2383,2376,3443,2368,3017,2382,3533,2360,3653",-0.08226338644418352,-0.15937471482631865,-0.14869304927984672,32.9
2022-09-29,TW,80,0.11109776711424657,10,0.13071933960216242,10,0.11112525765857457,"6669,3443,2376,8478,2345,2382,3653,3533,2360,8996",0.06798316226332753,-0.12522140228505893,-0.1155545673033346,45.8
2022-09-30,TW,81,0.09603290712967516,10,0.04329507193628833,10,0.03630925920668256,"6669,3443,8478,2368,3017,3533,3653,2376,2345,3661",-0.07458678231807163,-0.18387983865383667,-0.1541854727476076,26.7
2022-10-03,TW,81,0.0453162794214739,10,0.034643689350435145,10,0.032311579821524015,"6669,8478,2368,3653,2376,3443,8996,3661,3533,2345",-0.039322918619435855,-0.2009908602878272,-0.16277668653136185,25.1
2022-10-04,TW,81,0.024859384292682665,10,0.005348990681302434,10,0.02418817238043124,"8478,6669,3533,8996,3653,3017,2345,3443,2368,3661",-0.08299462234828989,-0.22608043811121017,-0.1839762409977865,19.5
2022-10-05,TW,80,0.028101664858773516,10,0.004477905648362601,10,0.03215326736255145,"8996,2408,6669,3017,3653,8478,2308,2345,2368,3533",-0.10738792142530151,-0.18092323675668523,-0.14911811930097638,24.5
2022-10-06,TW,80,0.048664888312823854,10,0.02598200165635075,10,0.04160120797810539,"8996,2308,3653,8478,6669,3533,3443,2345,3017,2368",-0.12292352171568562,-0.2147941508412851,-0.1728288214198998,17.8
2022-10-07,TW,81,0.09336678044592579,10,0.07058697278726507,10,0.0601166432212437,"8996,3653,2308,8478,3533,6669,3443,2345,3661,2368",-0.10384709065330529,-0.19410261819295513,-0.16086125117474984,22.6
2022-10-11,TW,80,0.11582297488017916,8,0.06087636005833237,8,0.06087636005833237,"8996,3653,8478,6669,2308,2345,3533,3661",-0.11055527240001459,-0.17072034225409383,-0.1520890709378651,20.875
2022-10-12,TW,80,0.1351745999652571,9,0.07708346355867218,9,0.07708346355867218,"8299,2408,8996,8478,2308,3653,6669,2368,3533",0.029171309157956307,-0.12656727619357522,-0.11322580952530156,41.888888888888886
2022-10-13,TW,81,0.16150929767028233,7,0.12628996171360893,7,0.12628996171360893,"2408,8299,2308,8996,6669,8478,3653",0.04077597955990147,-0.13039147636798457,-0.11847798168817628,36.42857142857143
2022-10-14,TW,82,0.18998142063788517,7,0.13954026647082327,7,0.13954026647082327,"2408,8299,8996,8478,2308,3653,2360",0.07956705984538945,-0.10174065701677719,-0.09927865741838637,44.42857142857143
2022-10-17,TW,80,0.15696437345224218,7,0.12101060958406605,7,0.12101060958406605,"2408,8299,8996,2308,2360,8478,3653",-0.033508200944205736,-0.117371136858357,-0.11623434240288458,36.57142857142857
2022-10-18,TW,81,0.15436485839381855,6,0.18616574390147803,6,0.18616574390147803,"2408,8299,2308,8996,2376,8478",0.133108965450197,-0.08460036204256215,-0.08460036204256215,50.833333333333336
2022-10-19,TW,82,0.1694833927534164,6,0.2159532810555255,6,0.2159532810555255,"2408,8299,2376,2308,8996,8478",0.15536734877250075,-0.06233378779165851,-0.06233378779165851,50.833333333333336
2022-10-20,TW,82,0.18157730222992818,5,0.26623198308542995,5,0.26623198308542995,"2408,2376,2308,8996,8478",0.26623198308542995,-0.06829959546393101,-0.06829959546393101,60.0
2022-10-21,TW,81,0.1880565725960955,4,0.26450486632778725,4,0.26450486632778725,"2408,2376,2308,8996",0.26450486632778725,-0.0695159369500154,-0.0695159369500154,60.0
2022-10-24,TW,81,0.23509983633160633,5,0.3134229839600836,5,0.3134229839600836,"2408,8299,2376,2308,8996",0.3134229839600836,-0.03955489608224094,-0.03955489608224094,60.0
2022-10-25,TW,81,0.25846188633913675,3,0.4377567412897309,3,0.4377567412897309,"2408,2376,8996",0.4377567412897309,-0.022752496047971322,-0.022752496047971322,60.0
2022-10-26,TW,81,0.27472139768855464,3,0.4418475972981974,3,0.4418475972981974,"2408,2376,8996",0.4418475972981974,-0.02169235568189476,-0.02169235568189476,60.0
2022-10-27,TW,80,0.2673336051322565,5,0.32965294931846423,5,0.32965294931846423,"2376,2408,8299,3533,8996",0.32965294931846423,-0.018673545505575095,-0.018673545505575095,60.0
2022-10-28,TW,81,0.25958608091733704,4,0.3088052548323305,4,0.3088052548323305,"2376,3533,2408,8996",0.3088052548323305,-0.02342316221723062,-0.02342316221723062,60.0
2022-10-31,TW,80,0.2397403314809293,5,0.30764074636625216,5,0.30764074636625216,"2376,3533,2408,8299,8996",0.30764074636625216,-0.021745396831321328,-0.021745396831321328,60.0
2022-11-01,TW,81,0.2309238665483567,7,0.28171216039053987,7,0.28171216039053987,"1476,1590,3533,2376,2408,8299,8996",0.28171216039053987,-0.026359599713643673,-0.026359599713643673,60.0
2022-11-02,TW,80,0.25389944924774555,10,0.22577261808924126,10,0.22577261808924126,"1590,3533,6669,2376,2368,8299,2408,3653,2308,8996",0.22577261808924126,-0.024516277355835336,-0.024516277355835336,60.0
2022-11-03,TW,81,0.22991089874510184,10,0.2703527746494055,10,0.27035277464940544,"3443,6669,2383,2376,1590,3533,2408,3653,8996,2308",0.2703527746494055,-0.027825828453360024,-0.027825828453360024,60.0
2022-11-04,TW,81,0.19033258763471475,10,0.2092712396914044,10,0.14873373919568308,"6669,3443,2383,2376,1590,8996,3533,2368,3653,2308",0.19526768422442636,-0.03338485787848683,-0.03338485787848683,58.3
2022-11-07,TW,81,0.16338404738490597,10,0.24551864457555758,10,0.19922120525700954,"3443,2376,8996,1590,3661,6669,2383,2454,3034,3533",0.23453770103884897,-0.04818903305914175,-0.04818903305914175,58.2
2022-11-08,TW,81,0.1712074652747278,10,0.25834237397017923,10,0.22375244114467902,"3443,2376,6669,1590,8996,3293,2383,3034,3037,2454",0.24582810135845304,-0.03935236029545734,-0.03935236029545734,58.1
2022-11-09,TW,81,0.16129147862127477,10,0.19212392896793484,10,0.263769475761368,"3443,3034,3037,6669,2376,1590,8016,2454,2383,3293",0.18199637551468612,-0.047906736284527164,-0.0468541051580907,57.0
2022-11-10,TW,80,0.13569989697834614,10,0.11011940152029014,10,0.18783624917344943,"6488,3443,3034,3037,8016,1590,2454,3661,2368,2383",0.08348187018929693,-0.10014984185266282,-0.09522755514711292,52.7
2022-11-11,TW,81,0.14366271251892337,10,0.1479821445889004,10,0.15365532019748293,"6488,3443,3037,2454,3034,1590,2379,3661,2383,2357",0.139870030381899,-0.07602078454558645,-0.07508034608045341,56.7
2022-11-14,TW,81,0.14625781384331452,10,0.13645943126456744,10,0.1672800181030375,"6488,3443,1590,3037,3034,2454,2330,2379,3661,2368",0.12798216306153082,-0.09100810302266824,-0.09006173118787295,56.6
2022-11-15,TW,81,0.14401683433137752,10,0.13387153561562473,10,0.14439664649786516,"6488,2330,2454,3037,3443,3034,1590,2379,3406,2308",0.10381930547580856,-0.10616839967958558,-0.10513751672413921,53.6
2022-11-16,TW,81,0.12255519053779261,10,0.10896233570600813,10,0.13691742891815908,"6488,2330,3443,2454,3037,3034,3006,2379,1590,3406",0.07323566816422762,-0.12423126045017878,-0.1210094744888682,49.9
2022-11-17,TW,81,0.1344722733931753,10,0.11282790341774929,10,0.13364630197095323,"3443,2330,6488,3406,3006,3661,2454,2379,3034,3037",0.06140506790460833,-0.14103205602950103,-0.13780142005871832,49.5
2022-11-18,TW,80,0.13770235598416466,10,0.10682579820979558,10,0.16725790289261197,"3443,2330,3406,6488,2454,2376,2379,3661,3006,2357",0.06526090057060753,-0.11530207957505656,-0.11530207957505656,53.6
2022-11-21,TW,80,0.15391525997744968,10,0.12680628337083907,10,0.19864036528622617,"3443,2330,2379,3406,3661,6488,2454,2357,3533,2308",0.0948422449049952,-0.10265451839436208,-0.10265451839436208,56.7
2022-11-22,TW,80,0.1450309633449392,10,0.12420570599775087,10,0.24384101456857693,"2330,3406,3443,2357,2379,6488,8478,2308,2454,3533",0.10811264326783387,-0.10517021153374455,-0.10517021153374455,56.8
2022-11-23,TW,80,0.1401421721776333,10,0.09849058521101736,10,0.16519305459220396,"2330,2357,3406,2379,6223,8478,2383,3443,2308,3533",0.05721632507161659,-0.09263061461229814,-0.09263061461229814,53.2
2022-11-24,TW,81,0.1360832081438211,10,0.08229653726818212,10,0.14425247217935003,"2330,2357,2379,3406,3443,2308,6223,3533,3661,6488",0.011625104859525448,-0.11474810275363356,-0.11140993159851229,48.0
2022-11-25,TW,81,0.14957821914921182,10,0.1274648531270149,10,0.18156207375889435,"2330,6781,6223,3443,2308,2357,8478,3406,2379,3533",0.10388874616225471,-0.09740258043056656,-0.09663433459876816,56.3
2022-11-28,TW,80,0.14523844068533806,10,0.1395770558774369,10,0.212948470246832,"8478,2357,6223,3443,3406,6781,2330,2368,3533,8996",0.13248189001208896,-0.0936487860839926,-0.09295571691750151,56.2
2022-11-29,TW,81,0.1366840451583523,10,0.18050374452942508,10,0.23805296286845365,"6515,2357,6781,8478,2330,3406,3443,6223,3661,6274",0.11053011063611243,-0.10058467163173121,-0.09981445341013843,48.5
2022-11-30,TW,81,0.08926093233671387,10,0.05074008769980677,10,0.1286192882636133,"6515,6223,6781,2395,2330,3324,1590,3661,2383,2357",0.02235576189019194,-0.10812451267136795,-0.09575126168606608,50.4
2022-12-01,TW,81,0.08837473533318281,10,0.014258561736766406,10,0.13940256899049777,"6515,6781,6223,1590,2357,2330,2383,3324,2308,3406",-0.008426294170444026,-0.11557035485086384,-0.1094670685197657,50.9
2022-12-02,TW,80,0.06217225411464895,10,0.07403384724124175,10,0.1136914578100694,"6515,6223,6781,2357,1590,6491,3443,6669,5269,3406",-0.1060100340357419,-0.1423236839060972,-0.13424119721172106,33.9
2022-12-05,TW,80,0.06763026215211447,10,0.008218344709946434,10,0.07489722640430303,"6515,3017,6223,2357,6491,6781,1590,3324,3653,2382",-0.049702789996184674,-0.11225033003832754,-0.10641764703768855,47.0
2022-12-06,TW,81,0.07787073480169374,10,0.07831153776735074,10,0.07843992667655683,"6515,6223,3017,6491,2357,1590,3324,3443,6781,8996",-0.030784028691303245,-0.11008636280904889,-0.10742207211250147,46.2
2022-12-07,TW,80,0.11834223177613534,10,0.05142537190892434,10,0.18308941640862797,"6515,6491,6223,6510,6781,1590,2357,6669,6446,8478",-0.035338767552098124,-0.12161065626357588,-0.11405161582125349,42.9
2022-12-08,TW,80,0.11851368680759267,10,0.11816629907691625,10,0.2298913784016361,"6515,6223,6491,6510,8996,2383,6669,3324,3443,3653",-0.024960194406264246,-0.12261446731387989,-0.12069527541210023,46.1
2022-12-09,TW,80,0.1388137721004903,10,0.17792667628165096,10,0.1831218326811956,"6515,6491,3443,2383,6510,3324,8996,8478,6669,3533",0.02558317911310668,-0.11870488578962668,-0.11870488578962668,46.4
2022-12-12,TW,80,0.15331494243485724,10,0.21203629576460187,10,0.21366676001088153,"6515,6491,6510,6669,2357,3533,8478,3443,8996,2382",0.03364254038359342,-0.1049165230013657,-0.10377068964326516,42.5
2022-12-13,TW,79,0.17431111395207288,10,0.25917303344185594,10,0.28099075341967944,"6491,6515,6669,8478,3443,3324,1590,6510,3533,3017",0.14870527101738054,-0.10945589084943988,-0.10945589084943988,50.7
2022-12-14,TW,81,0.16263610650776367,10,0.20775664521890863,10,0.25714064133788606,"6491,6669,8996,3324,3533,4966,6510,3443,3034,2382",0.09474197242182256,-0.10916286196454487,-0.09986037862063504,46.4
2022-12-15,TW,81,0.1778512494798085,10,0.1949814222997202,10,0.2884292777494486,"4966,6491,3324,6669,8996,2376,3533,3034,3653,6510",0.13699737562461173,-0.09557345575850226,-0.09557345575850226,51.8
2022-12-16,TW,80,0.16742632255536502,10,0.21221059292520367,10,0.26084924465252246,"3034,6491,4966,2603,3443,6669,3293,6510,3653,8996",0.11114826903991962,-0.08937404387700838,-0.08937404387700838,50.1
2022-12-19,TW,81,0.1654258771720218,10,0.22525650552750145,10,0.2201822323540774,"3293,3443,6491,8478,3034,2603,8996,4966,2382,6510",0.179291572164394,-0.07824374344678867,-0.07824374344678867,54.7
2022-12-20,TW,80,0.20971519650724374,10,0.21233764642826586,10,0.24023049624558207,"3293,6491,8996,2603,3034,4966,2357,3443,8299,6510",0.1579893544632413,-0.0502394234994105,-0.0502394234994105,54.6
2022-12-21,TW,81,0.20676377130238247,10,0.20133292191741167,10,0.2136560510473747,"3293,6491,2603,1476,8996,4966,3034,3443,1590,2357",0.14301491270469566,-0.05927965970459911,-0.05927965970459911,54.5
2022-12-22,TW,80,0.22266067994014663,10,0.19249182395146675,10,0.19431409071672,"3293,2603,1476,6491,2357,8996,3034,2382,4966,2376",0.18513018153242825,-0.031697112637344885,-0.031697112637344885,56.8
2022-12-23,TW,80,0.21319617065849927,10,0.20752795059188323,10,0.1670174349799722,"3293,8996,1476,2603,6491,2376,4966,3034,2357,5269",0.20752795059188323,-0.055786120179198276,-0.055786120179198276,60.0
2022-12-26,TW,80,0.22707462510877624,10,0.1806353435876902,10,0.1952958676569705,"3293,1476,3034,2603,8996,6491,2357,2376,1590,2382",0.1806353435876902,-0.037113311911999604,-0.037113311911999604,60.0
2022-12-27,TW,80,0.24821421631124765,10,0.1939363211987031,10,0.2145939383528262,"3293,3034,6491,1476,8299,2603,8996,2376,2357,1590",0.1939363211987031,-0.03667558161529444,-0.03667558161529444,60.0
2022-12-28,TW,80,0.2859456398603463,10,0.2533552890970162,10,0.25569823208054365,"3293,6491,1476,3034,8299,8996,2376,2603,2382,1590",0.2533552890970162,-0.02297164374344295,-0.02297164374344295,60.0
2022-12-29,TW,80,0.2408797444722406,10,0.1648473417800882,10,0.16744548006153742,"3293,3034,6491,8299,8996,2376,1476,2603,2382,2357",0.1648473417800882,-0.03480887323261979,-0.03480887323261979,60.0
2022-12-30,TW,80,0.2664638976963317,10,0.2182267110788232,10,0.20623625106498328,"3293,8996,1476,3034,8299,6491,2603,2376,2382,1590",0.2182267110788232,-0.0343747811501123,-0.0343747811501123,60.0
2023-01-03,TW,80,0.2533627319271332,10,0.3005505512327197,10,0.19066757338557155,"3034,8299,8996,3293,2376,1476,3661,5269,2382,2603",0.3005505512327197,-0.0284107590694595,-0.0284107590694595,60.0
2023-01-04,TW,79,0.2222129996986837,10,0.30062424959283873,10,0.20964272209101892,"3034,3293,8299,5269,2376,8996,3661,1476,8478,6223",0.30062424959283873,-0.03010142846206565,-0.03010142846206565,60.0
2023-01-05,TW,81,0.22130377418042968,10,0.2635436241120318,10,0.22335671094134205,"8299,3034,3293,5269,2376,4966,1476,3661,8996,2357",0.2635436241120318,-0.015465861202926956,-0.015465861202926956,60.0
2023-01-06,TW,80,0.17196443329844793,10,0.2012511129576157,10,0.20345035291991218,"8299,3034,3293,5269,4966,2379,2376,2345,8996,6488",0.2012511129576157,-0.018613401616809487,-0.018613401616809487,60.0
2023-01-09,TW,79,0.1448853367957579,10,0.14477771244777476,10,0.16294664558940686,"3293,4966,8299,2379,3034,2408,5269,6488,2330,1590",0.14477771244777476,-0.02242145291086507,-0.02242145291086507,60.0
2023-01-10,TW,80,0.14312802364300806,10,0.12627445977929272,10,0.1514343879124327,"3293,8299,4966,2379,5269,6488,2330,3034,2408,2454",0.12627445977929272,-0.031985160439112995,-0.031985160439112995,60.0
2023-01-11,TW,81,0.11322195554847714,10,0.0767036545662332,10,0.07945870954385063,"8299,4966,3293,6488,2379,5269,2454,2408,3034,2330",0.0767036545662332,-0.03695580199880468,-0.03695580199880468,60.0
2023-01-12,TW,80,0.12122162015254467,10,0.06077661072973254,10,0.09095202395190405,"6488,2454,8299,2379,3293,2330,4966,5269,1590,2408",0.06077661072973254,-0.04097596101935021,-0.04097596101935021,60.0
2023-01-13,TW,80,0.14486698461391914,10,0.09072278762760956,10,0.08943216723592656,"6488,2330,8299,2379,3293,2408,2454,3034,2376,2382",0.09072278762760956,-0.020384861683972133,-0.020384861683972133,60.0
2023-01-16,TW,80,0.15391133917864028,10,0.11241225482416997,10,0.12619840262544296,"6488,2330,8478,2408,8299,2379,5269,2454,3293,6491",0.11241225482416997,-0.035092279003935425,-0.035092279003935425,60.0
2023-01-17,TW,80,0.13369760518899998,10,0.10112629248434739,10,0.0857364544496287,"8478,6488,2330,2408,3293,8299,2382,8996,5269,3034",0.06890799027092114,-0.06108421176252658,-0.060482526893481305,54.3
2023-01-30,TW,81,0.12428977648249974,10,0.0671812170753584,10,0.08210430063250294,"6488,8478,2330,5269,2408,2454,3293,2382,8299,3665",0.02533494094512261,-0.07073558412588338,-0.07015486388541797,54.2
2023-01-31,TW,81,0.12067739118997643,10,0.06453839336393022,10,0.06576068069518848,"6488,8016,5269,2330,8299,3293,8478,6781,3443,8996",0.06567083921324787,-0.06746613266103133,-0.0659490656706334,59.6
2023-02-01,TW,81,0.10897636034431835,10,0.053122224464788356,10,0.02120250706154958,"6488,8016,3293,2330,5269,3037,3443,6781,2379,8299",0.05500487399282962,-0.06849363503342365,-0.0662237737671598,59.5
2023-02-02,TW,80,0.10344065729045213,10,0.05249008561639086,10,0.06022592650378296,"6488,2344,3006,3443,8016,5269,2330,2379,3293,3037",0.05249008561639086,-0.07239859863587547,-0.07239859863587547,60.0
2023-02-03,TW,81,0.10721097807429911,10,0.04715837447140584,10,0.08777870445021477,"6488,5269,3443,2344,2330,3006,3293,2379,8016,2454",0.04715837447140584,-0.05916000511130748,-0.05916000511130748,60.0
2023-02-06,TW,80,0.10845576995866608,10,0.02635085340664871,10,0.08769261180955013,"8016,6488,3006,3665,5269,2344,2330,3661,8996,6781",0.028635967350847225,-0.06918259992201586,-0.06650402845061659,59.2
2023-02-07,TW,79,0.07627876956977599,10,0.09025142552643496,10,0.0377665474230276,"8016,5269,6488,2382,3443,3006,3665,3661,2345,3293",0.09025142552643496,-0.05285426074516677,-0.05285426074516677,60.0
2023-02-08,TW,80,0.0893387687251423,10,0.0656300900355313,10,0.06967262144238494,"3443,5269,6515,6781,8016,2379,3034,6488,3661,2330",0.07708754457968715,-0.08526113916057357,-0.07595881353559526,57.2
2023-02-09,TW,80,0.0789342137874655,10,0.052670791460402086,10,0.03822179933726658,"6515,6781,3443,6488,5269,3661,2379,8016,2330,3034",0.06471063860067813,-0.08272830792782268,-0.07282047378850567,57.1
2023-02-10,TW,81,0.10722895489481797,10,0.08878634982506682,10,0.033705031267860994,"6515,3443,2330,6781,2379,3034,8996,2382,3661,6488",0.0908984273632173,-0.08039158124123727,-0.07025007177051838,55.8
2023-02-13,TW,81,0.12105630946429433,10,0.19050238350722723,10,0.035317615181244974,"6515,8996,3443,2330,3034,2382,3017,2345,3661,8016",0.1873597960108811,-0.04778150429429738,-0.04336107973207441,58.4
2023-02-14,TW,81,0.1347503325743727,10,0.11975806485192768,10,0.06719745512111963,"3034,6515,2382,3443,3406,2330,2345,8996,2395,2379",0.10633453638280126,-0.0427960820119059,-0.0427960820119059,58.5
2023-02-15,TW,80,0.14648761246811526,10,0.1790186905189383,10,0.08680858506323877,"3034,3406,3443,6515,8996,2382,2345,3665,2379,3017",0.16486334587158413,-0.048744328640291476,-0.048744328640291476,58.4
2023-02-16,TW,81,0.14292523017499242,10,0.10806641084143158,10,0.15032878712076697,"3034,6515,8996,2345,3443,3406,3665,2382,2379,2344",0.09594044154975145,-0.056309306904967125,-0.051898110785184935,58.1
2023-02-17,TW,81,0.14190657663086892,10,0.1067424465703797,10,0.14913264798192877,"3034,3443,2345,3665,6515,2382,3406,8996,2379,8016",0.08479604322515774,-0.05804333449650708,-0.05804333449650708,58.2
2023-02-20,TW,81,0.132283077781621,10,0.09300162083814287,10,0.12209063254916097,"3034,3443,8016,2382,6515,3665,2379,3006,8996,2344",0.0715725488303118,-0.07409485693439108,-0.07409485693439108,58.1
2023-02-21,TW,81,0.1516214742581857,10,0.14517566090567746,10,0.09796411309794946,"8016,3034,8478,3443,6515,2382,3006,3406,8996,2379",0.1268720705030286,-0.088482778955804,-0.088482778955804,57.9
2023-02-22,TW,79,0.163167300358944,10,0.107900386047974,10,0.13485323972026636,"8016,3034,2379,8996,2382,3406,3006,2345,5269,2357",0.07996771950724979,-0.073151240335252,-0.06878561441685971,57.7
2023-02-23,TW,79,0.15581053297979305,10,0.169413104379948,10,0.10766540204721968,"6669,2379,8016,2382,3034,6515,2345,3006,2603,5269",0.169413104379948,-0.05489425148712398,-0.05489425148712398,60.0
2023-02-24,TW,79,0.17210367461626971,10,0.2941441859061281,10,0.13868638281017498,"6669,6515,2379,3017,2382,2368,3653,2345,3034,2603",0.2941441859061281,-0.047401437991225606,-0.047401437991225606,60.0
2023-03-01,TW,78,0.1572542927532871,10,0.2318521775468892,10,0.0725185757316972,"6669,2454,6515,2345,3034,2379,8996,2382,3017,8478",0.2011972128251121,-0.08095237965365537,-0.07462367630665236,54.8
2023-03-02,TW,79,0.16227217702181382,10,0.15427803625588116,10,0.2205849086148774,"6669,6515,2603,2379,2454,8478,2382,3406,2344,3034",0.1405895451216376,-0.07336520363567897,-0.07336520363567897,57.5
2023-03-03,TW,79,0.16494535411734723,10,0.1358491325894121,10,0.29736562670447825,"2344,2603,6515,3293,2454,2357,3406,2379,2382,6669",0.12469169629621683,-0.08143839039441868,-0.07940017378601202,57.2
2023-03-06,TW,79,0.1653098382561028,10,0.11047323273667517,10,0.14350982191732423,"3293,2345,3406,6515,2603,2344,2357,2382,2379,2454",0.08286271065123393,-0.09774119300258274,-0.09571330955687166,54.4
2023-03-07,TW,79,0.17096765140682524,10,0.12555630646092356,10,0.19984621256538998,"2357,2603,3293,3034,2382,2345,2454,3406,2379,2368",0.11079235407224541,-0.08598906498276884,-0.08598906498276884,57.2
2023-03-08,TW,79,0.18914537828764283,10,0.18233024986218666,10,0.2209891858034601,"3293,2357,2382,3034,2344,6669,2408,2379,2603,2368",0.18233024986218666,-0.0746715635788611,-0.0746715635788611,60.0
2023-03-09,TW,80,0.1799476585808634,10,0.13291780314591237,10,0.14717052427823596,"3293,2603,2382,2345,2379,5269,6669,2344,4966,3034",0.13291780314591237,-0.056028985943474996,-0.056028985943474996,60.0
2023-03-10,TW,79,0.22216845084343173,10,0.1977827407576072,10,0.25219238523037574,"2357,3293,2603,2382,6669,3034,4966,2345,6515,2379",0.1977827407576072,-0.05300917768033001,-0.05300917768033001,60.0
2023-03-13,TW,80,0.2289634401334693,10,0.14040583243096266,10,0.16449807517424683,"2603,3293,5269,4966,3034,2345,2382,2379,2344,2454",0.14040583243096266,-0.06313357751986984,-0.06313357751986984,60.0
2023-03-14,TW,79,0.24564021277331544,10,0.22408859802097503,10,0.13396960504315283,"2603,3293,4966,2382,3034,2454,6669,2379,3661,2345",0.20221037246279758,-0.07585827452026081,-0.07585827452026081,53.9
2023-03-15,TW,78,0.25519686180443574,10,0.19769107748509435,10,0.20622979508020292,"4966,2603,3293,2345,2379,2382,2454,6669,3034,2344",0.19769107748509435,-0.06518303798147655,-0.06518303798147655,60.0
2023-03-16,TW,76,0.2644298643015635,10,0.28602102232775206,10,0.2726128697210744,"2382,2379,3293,2345,6669,2376,2454,3034,2344,2603",0.26986365181148303,-0.06242148855973626,-0.06242148855973626,56.5
2023-03-17,TW,76,0.25057844823454456,10,0.19838805405619445,10,0.14040849489627788,"2382,2379,3034,6669,3293,6515,2454,2330,2603,2408",0.18422474956010895,-0.06293802058713735,-0.06293802058713735,56.4
2023-03-20,TW,77,0.23226906685680573,10,0.29784627606619407,10,0.11898509490429336,"6274,3533,6515,4966,2382,6669,3034,2379,8996,3017",0.2290077551091844,-0.08032863740241968,-0.07598990445304234,53.7
2023-03-21,TW,77,0.21768501120449923,10,0.348653230140395,10,0.21774338418999717,"3533,5289,6515,3017,6669,2382,6274,2368,4966,3037",0.348653230140395,-0.04689676758133182,-0.04689676758133182,60.0
2023-03-22,TW,76,0.21756017869970998,10,0.39316713888269145,10,0.27464792915557873,"3324,6223,6669,3017,5289,6515,2382,8478,2330,2368",0.35805916463927634,-0.04115028247758999,-0.04115028247758999,56.1
2023-03-23,TW,76,0.18584353663848294,10,0.23447404936037083,10,0.22983164773762832,"3324,8478,6223,3017,6515,6669,5289,2395,3037,2330",0.20547654078872618,-0.0802388167032004,-0.0802388167032004,55.8
2023-03-24,TW,76,0.1616992451580649,10,0.24320426165828976,10,0.1936844542709795,"3324,5289,3017,6515,6223,2382,8478,6669,3037,2395",0.22917485115903702,-0.07976966810298479,-0.07976966810298479,56.8
2023-03-27,TW,77,0.15669559997821852,10,0.2316114056240352,10,0.16120177758499055,"3324,8478,3017,3653,6515,2382,6223,6669,5289,2395",0.1973039440211575,-0.09140127790645548,-0.08955593525171426,52.1
2023-03-28,TW,77,0.18421670710118418,10,0.2807822630007684,10,0.20666870450638655,"8478,3324,6515,2382,3653,3017,5289,6669,3533,2368",0.24163159633101433,-0.07689432106498437,-0.07496771561224315,51.9
2023-03-29,TW,78,0.20193913567621447,10,0.33958336140052536,10,0.3156796456974759,"3324,2382,8478,1476,6515,5289,2376,3017,3653,3533",0.29145661981571036,-0.07324688944085558,-0.07324688944085558,52.0
2023-03-30,TW,77,0.21698270907580786,10,0.3354102260664281,10,0.2947798656352485,"3324,5289,2382,8478,2376,6414,1476,6669,3653,6515",0.3128752671014813,-0.08949674676753891,-0.08949674676753891,55.2
2023-03-31,TW,77,0.24201286426132787,10,0.33483683609347487,10,0.33430226848738254,"3324,2382,2408,2376,5289,8478,6414,3260,2344,1476",0.30449950860888386,-0.07080053493367677,-0.07080053493367677,55.2
2023-04-06,TW,77,0.22851236686069498,10,0.33381315284793267,10,0.3817953920904627,"2376,2382,3324,5289,8478,2408,3260,8299,6414,3653",0.30136202632435466,-0.0859363471278794,-0.0859363471278794,55.1
2023-04-07,TW,77,0.2133936672107376,10,0.3916479549244783,10,0.34057492839437054,"3324,2382,2408,8299,2376,3653,8478,3260,3017,5289",0.361904642207898,-0.07249927359748373,-0.07249927359748373,55.0
2023-04-10,TW,76,0.19013068780036005,10,0.3386048673710367,10,0.2690922945218941,"3324,2382,6669,2376,8478,3017,8299,2408,3653,3034",0.2722046922486091,-0.09870758284453239,-0.09870758284453239,50.9
2023-04-11,TW,76,0.18019104681146855,10,0.28143990822003395,10,0.21699948557271104,"3324,2382,3034,3006,6669,8299,2408,2376,2368,8478",0.2027290207662472,-0.11088712155982106,-0.11033887564661209,46.2
2023-04-12,TW,77,0.19178410666439116,10,0.34067646863918916,10,0.1534065424908337,"3324,3006,2382,8299,2357,2408,6669,2376,3017,8016",0.281315451655006,-0.09954414744687715,-0.09568562627038787,50.9
2023-04-13,TW,77,0.2083458702302923,10,0.3134233282897363,10,0.20649276717895457,"3324,8299,2368,2382,8478,3006,2408,5289,3017,2357",0.28528746698545643,-0.09060003212589696,-0.09060003212589696,49.9
2023-04-14,TW,77,0.21831907654531765,10,0.1701135645563974,10,0.2544183173815438,"3324,2308,8996,2603,3034,8478,8016,3017,1476,2357",0.08867722147732841,-0.11605051916033275,-0.10855689414536793,44.5
2023-04-17,TW,76,0.24338213787121107,10,0.20876819972601038,10,0.36774634596950967,"2603,3324,8478,2357,2368,3017,2308,3034,3006,2408",0.18050053713356734,-0.11075963217980891,-0.1089175269684052,49.4
2023-04-18,TW,77,0.250289294458383,10,0.33404128902129293,10,0.33555720464196964,"3324,2368,2603,2357,2376,2408,2308,3017,6121,3006",0.32771761366027563,-0.07165264885861933,-0.07165264885861933,55.1
2023-04-19,TW,76,0.26058619566567764,10,0.5073788236798957,10,0.3577921744879922,"2382,2368,3324,2357,2603,2408,3017,2308,2376,3034",0.5073788236798957,-0.058010006262632585,-0.058010006262632585,60.0
2023-04-20,TW,77,0.2717328214572166,10,0.5005753904757351,10,0.6025499483385491,"2059,2603,2382,2368,3324,2308,2357,2376,3034,6121",0.5005753904757351,-0.05250230326971976,-0.05250230326971976,60.0
2023-04-21,TW,78,0.3236088427153855,10,0.5698353563723018,10,0.6464886877573625,"2059,2382,2357,2368,2603,2308,3324,1476,2376,6121",0.5698353563723018,-0.030891837675888923,-0.030891837675888923,60.0
2023-04-24,TW,78,0.32272184103251816,10,0.5815633629822651,10,0.6282059374860479,"2368,2357,2382,2059,3324,2376,2308,2603,6121,4966",0.5863072877428499,-0.0537504195208664,-0.049731727927240676,59.7
2023-04-25,TW,79,0.3814704419893619,10,0.8853231583748989,10,0.7354484217910218,"2357,2382,2059,2368,2308,3324,2603,6121,3017,2376",0.8853231583748989,-0.009584926990122422,-0.009584926990122422,60.0
2023-04-26,TW,78,0.38257912430576035,10,0.7758250759471289,10,0.8993432180118927,"2368,2357,2059,3017,2382,6669,3037,3324,2408,6121",0.7758250759471289,-0.02102550651054199,-0.02102550651054199,60.0
2023-04-27,TW,78,0.33807208717536896,10,0.6834012511825289,10,0.6684158766393022,"2357,3324,3017,2382,2059,6669,2368,2408,6121,6515",0.6834012511825289,-0.048570723272276094,-0.048570723272276094,60.0
2023-04-28,TW,79,0.33550165458375014,10,0.691409182569806,10,0.6208738843802607,"2357,3017,3037,2382,2408,3324,2059,6669,2368,2344",0.691409182569806,-0.045840654778900355,-0.045840654778900355,60.0
2023-05-02,TW,78,0.355069635858358,10,0.7607774405051939,10,0.6841776339114847,"2382,3017,2357,6669,3324,2059,3037,3533,3653,2376",0.6830779549592718,-0.051399774567707134,-0.04966064422052837,53.8
2023-05-03,TW,79,0.3217041570643454,10,0.4090867479407449,10,0.5916625401559082,"2357,2382,3017,3037,8478,3533,6669,2408,3293,3653",0.4116691324218569,-0.051580823209330814,-0.049310552979940026,59.1
2023-05-04,TW,79,0.30654348061257086,10,0.6053007928550848,10,0.737126377332972,"2357,3017,2382,2360,3037,2408,2376,2308,3293,6669",0.6053007928550848,-0.033862090765201705,-0.033862090765201705,60.0
2023-05-05,TW,79,0.24670270190971913,10,0.4700077906022198,10,0.46850808297941154,"3017,2357,3037,2382,2360,2376,3533,3293,6223,2308",0.4763986258904197,-0.044437375443396245,-0.040542638610460445,58.8
2023-05-08,TW,79,0.25963048796973676,10,0.4614468369297266,10,0.5103928801983806,"3037,3017,2382,2357,2360,3293,8478,3653,2059,2308",0.4614468369297266,-0.03758238331597034,-0.03758238331597034,60.0
2023-05-09,TW,79,0.30171008423102574,10,0.5586985824044968,10,0.6605303283543782,"3017,3037,2357,2382,3293,2360,2376,3653,3324,8478",0.5586985824044968,-0.03835328342349664,-0.03835328342349664,60.0
2023-05-10,TW,79,0.2978488735853142,10,0.5496162815378052,10,0.6745146543454023,"2382,3037,3017,2357,3293,2360,2376,3653,8478,3324",0.5496162815378052,-0.03903885792092623,-0.03903885792092623,60.0
2023-05-11,TW,79,0.31067914924106776,10,0.5818877091866261,10,0.5426479876085445,"2382,3037,3017,3293,2376,2357,3324,2360,8478,6223",0.5818877091866261,-0.014259990734786687,-0.014259990734786687,60.0
2023-05-12,TW,79,0.24334490431958072,10,0.3805072060171738,10,0.41879910653090385,"2382,3037,3293,3017,2376,8478,6223,3324,3653,6515",0.3805072060171738,-0.041795755797062926,-0.041795755797062926,60.0
2023-05-15,TW,79,0.24742313683485934,10,0.47848690961499835,10,0.5719405776564839,"6139,2382,2357,3037,3017,3293,8478,6223,2376,3653",0.47848690961499835,-0.012185699991635523,-0.012185699991635523,60.0
2023-05-16,TW,79,0.21808462555928057,10,0.4609873655909425,10,0.4324241431025232,"6139,2382,2357,3037,6223,2395,2376,3406,3017,2360",0.4609873655909425,-0.012304696043585351,-0.012304696043585351,60.0
2023-05-17,TW,79,0.2152767874867729,10,0.3523483827058193,10,0.4354313617951785,"6139,6414,2395,2382,2376,3037,2357,2330,6223,3406",0.3523483827058193,-0.028530651700438215,-0.028530651700438215,60.0
2023-05-18,TW,79,0.2131706308329788,10,0.5573657597470074,10,0.4636340836598249,"6139,2376,6414,2382,2330,2357,3037,3406,3017,2383",0.5573657597470074,-0.033584829022567333,-0.033584829022567333,60.0
2023-05-19,TW,79,0.22868752095052178,10,0.5654300686959086,10,0.5095171726103489,"6139,2382,2376,2368,3653,6414,2330,3037,2383,6223",0.5654300686959086,-0.03368746847100566,-0.03368746847100566,60.0
2023-05-22,TW,79,0.20431067480075338,10,0.5595218671607268,10,0.4834381044138432,"6139,3653,2376,2368,2383,2382,6414,2330,2360,6223",0.5595218671607268,-0.028918088651846918,-0.028918088651846918,60.0
2023-05-23,TW,79,0.20580380705553067,10,0.533921847089178,10,0.4135626998127135,"6139,3653,6223,8996,2376,2382,2330,6414,2383,2368",0.533921847089178,-0.022133255681107977,-0.022133255681107977,60.0
2023-05-24,TW,78,0.19533329079434028,10,0.37396847877941336,10,0.4124886766760656,"3617,2376,6139,3653,2207,6223,8996,2383,6414,6274",0.37396847877941336,-0.05157086048511296,-0.05157086048511296,60.0
2023-05-25,TW,79,0.1824127628560693,10,0.47529349317221464,10,0.5129434490953424,"2376,2368,3617,2383,3653,2382,6223,2330,3037,6139",0.47529349317221464,-0.051561569353861095,-0.051561569353861095,60.0
2023-05-26,TW,79,0.18347929286523681,10,0.22647900913347815,10,0.427145192045122,"3131,2330,2376,3653,8996,6515,3617,2360,2368,3037",0.23479758962117833,-0.09084734623532739,-0.07998205969594956,58.7
2023-05-29,TW,79,0.15061791988826756,10,0.21416434295152068,10,0.38641138640006745,"2345,3653,2330,3131,2360,2376,6515,2454,4966,2383",0.23052840098107863,-0.0909707942680866,-0.07405204436248015,56.3
2023-05-30,TW,79,0.13801622725171653,10,0.4195850575464358,10,0.5452529624111803,"8210,3653,2454,2330,2345,2360,3131,2376,2383,2368",0.4195850575464358,-0.0355654848212726,-0.0355654848212726,60.0
2023-05-31,TW,79,0.15408604781124946,10,0.3788569096121748,10,0.6078597989107559,"8210,3260,2360,3131,2454,2376,2345,3653,2383,2330",0.3788569096121748,-0.0375660565659105,-0.0375660565659105,60.0
2023-06-01,TW,79,0.14888523851842242,10,0.33448877851578496,10,0.5789775043649101,"8210,3131,2376,3653,3260,3293,2368,8478,2383,2454",0.3464338133343772,-0.0758108780924021,-0.06429922201924762,58.5
2023-06-02,TW,79,0.14597518004577342,10,0.20902289555682918,10,0.4299442740925691,"3131,3293,8210,2376,8478,2344,3260,2368,8996,2330",0.22144601088895696,-0.08486402560709602,-0.07386439105973609,58.4
2023-06-05,TW,78,0.13982580900261887,10,0.15569171543780663,10,0.4812442628588201,"2376,8210,3293,3131,2368,6488,2454,8478,2344,3653",0.1699827561515727,-0.09471158788979438,-0.08262439468792128,58.3
2023-06-06,TW,78,0.144611258508142,10,0.24290320459810816,10,0.43114273883333387,"2376,3583,3293,3131,3034,2344,8210,2345,2454,3653",0.24290320459810816,-0.05939077093053211,-0.05939077093053211,60.0
2023-06-07,TW,79,0.13639489416416922,10,0.37224627355930534,10,0.452996965430731,"2376,3583,3131,3034,2383,3293,8210,6274,6223,2379",0.2826129987067115,-0.06687333983478026,-0.06687333983478026,50.5
2023-06-08,TW,77,0.15733076851143613,10,0.43430287533693857,10,0.5433452905931337,"3583,3034,2376,2383,3293,8210,2454,2368,6274,3617",0.43430287533693857,-0.047155618780279976,-0.047155618780279976,60.0
2023-06-09,TW,78,0.13438983517455982,10,0.4156064967924477,10,0.34264639446507966,"3583,2376,6187,3034,8210,2383,2382,2368,8996,2379",0.4156064967924477,-0.05732325808512191,-0.05732325808512191,60.0
2023-06-12,TW,77,0.12140330093333687,10,0.3706793097411937,10,0.3381368125868337,"3583,2376,6187,2383,3034,2357,2308,2059,8996,2382",0.3706793097411937,-0.05013539843097038,-0.05013539843097038,60.0
2023-06-13,TW,78,0.08739320761226069,10,0.1970687411944549,10,0.24169476172202362,"3583,3034,6187,2376,2330,2382,2379,2308,3617,2383",0.17521826092640724,-0.07864043221529314,-0.07864043221529314,56.3
2023-06-14,TW,78,0.08036373177163367,10,0.20886200567857363,10,0.2708235585318183,"3583,2308,8996,2376,2382,2383,2330,3034,6187,8210",0.21229920727830046,-0.072553867190124,-0.07105236547901203,58.0
2023-06-15,TW,77,0.08319689039864417,10,0.23288692547746664,10,0.24840309928336052,"2308,2382,3583,2383,2330,2376,3017,8210,2360,1476",0.23288692547746664,-0.056815145673490365,-0.056815145673490365,60.0
2023-06-16,TW,78,0.11163618972422248,10,0.2184201575058125,10,0.2674323657780191,"2308,3583,2382,3017,2376,2603,2360,2330,2408,2383",0.20986872936520368,-0.07618846108395164,-0.07579191349944822,58.0
2023-06-19,TW,78,0.12583766522717865,10,0.19788067482359378,10,0.2288120986152426,"2308,3017,2382,3583,2376,2360,8210,2408,1476,6187",0.18617179647535242,-0.07321330518069905,-0.07281675759619563,57.9
2023-06-20,TW,77,0.10953708785230742,10,0.17119684836911664,10,0.25299138298600377,"2059,8210,3017,2308,3583,2376,2382,2360,3665,3653",0.15046416835989534,-0.08314921413800026,-0.08314921413800026,55.2
2023-06-21,TW,78,0.10575039231926024,10,0.12903654345934862,10,0.15462495758178313,"2059,3665,8210,2382,3017,2376,8996,3583,2308,1476",0.12594830893182613,-0.08014804497452672,-0.07875915605463943,58.2
2023-06-26,TW,78,0.10757880692013029,10,0.14142230405285514,10,0.17455462966713378,"2059,3665,3017,8996,2247,8210,1476,2382,3583,2376",0.13502842293115672,-0.0731039392525326,-0.06976047405900905,57.9
2023-06-27,TW,80,0.09045039188975862,10,0.1567318035167819,10,0.13276286307182736,"2059,1476,3665,2247,3583,8210,2382,3017,2603,3293",0.14741563220980794,-0.06202571392397114,-0.06202571392397114,58.3
2023-06-28,TW,80,0.1065226653351461,10,0.10681604650933203,10,0.18849315928730195,"2059,2247,1476,8210,6781,3017,3665,2382,6510,3034",0.08558502611023656,-0.08870137249650822,-0.08267424657320889,52.1
2023-06-29,TW,80,0.11448624000943508,10,0.11277577781839847,10,0.19697329834288796,"2059,3665,6781,2247,8210,1476,6669,3017,3260,2382",0.09288486230571442,-0.08420505925893126,-0.07048382445945989,49.3
2023-06-30,TW,78,0.09166723667855223,10,0.0530583667400434,10,0.12557023902382078,"2059,6669,3017,8210,2603,3665,6781,2382,8996,2247",0.05861211313969644,-0.10268622622139918,-0.07604278783587605,49.4
2023-07-03,TW,79,0.07558429020318842,10,0.026859808280167596,10,0.14650206264903015,"2059,2603,3017,8210,6669,8996,2382,3665,3324,6781",0.021110667165326547,-0.14321085773656478,-0.10891445615141086,44.2
2023-07-04,TW,80,0.06589069993489066,10,0.13728574822975026,10,0.12041055465105197,"2059,2603,8210,6669,3017,2382,6187,8996,6515,2383",0.14940944976338688,-0.10753659549434968,-0.08379465973441165,52.6
2023-07-05,TW,80,0.1011357001979469,10,0.21905997418948261,10,0.2612167291592362,"2603,2059,8210,2382,6669,2383,3017,6515,6187,2395",0.22311641229389495,-0.0741187116341685,-0.062118281349343406,56.0
2023-07-06,TW,79,0.10757752804239767,10,0.20706084606895594,10,0.24516090923586673,"6187,2603,2059,8210,6669,2383,2382,3017,8996,2395",0.21063510659050447,-0.0681022861691427,-0.059538750201569866,56.4
2023-07-07,TW,80,0.10962149904605142,10,0.21566354085107936,10,0.18991141069763626,"2603,6187,2059,6669,8210,3406,3017,2383,2382,8996",0.2219014561864287,-0.07062253505231716,-0.0619874375176004,56.3
2023-07-10,TW,79,0.1126095915618391,10,0.21519724290192702,10,0.17473710356759226,"6187,2059,6669,2603,2383,8210,3406,2368,2376,3017",0.21519724290192702,-0.05799225160649548,-0.05799225160649548,60.0
2023-07-11,TW,80,0.09648871154137205,10,0.2682248020239892,10,0.18575535207261962,"2383,6669,2059,6274,6187,2368,8210,2382,2603,3406",0.2544345837382772,-0.057915808887940734,-0.05731339912815357,58.8
2023-07-12,TW,79,0.0729453248253404,10,0.15503154146855597,10,0.1043675242583273,"6669,8210,2382,2368,2383,2059,6274,2376,2360,3017",0.11758104139453,-0.08524481985443086,-0.0749187329197312,49.8
2023-07-13,TW,80,0.07276705513201245,10,0.2172339264463107,10,0.17131355339382484,"6139,6669,2368,2382,6274,2059,2383,2345,6187,2376",0.19618735834199216,-0.09485808347575928,-0.08485808349266562,54.1
2023-07-14,TW,80,0.059636521406660446,10,0.14192074887516098,10,0.20177344204541497,"6139,2059,6274,6669,2368,6187,2382,2383,6414,6488",0.09420500327434447,-0.11216392992216014,-0.10046963941219111,45.3
2023-07-17,TW,80,0.04588959063523765,10,0.09398041987278302,10,0.12818970431264815,"6274,6139,6187,6669,2059,2382,2383,2368,6488,2395",0.0602741432147925,-0.1185155197943069,-0.10466517727277887,51.6
2023-07-18,TW,80,0.0385797384779097,10,0.046725825981195936,10,0.08134850526123215,"6274,2059,3037,2383,6488,3293,6187,2382,6139,6669",0.02016612729331435,-0.13045764153557368,-0.11270869645393591,44.4
2023-07-19,TW,80,0.02239310483221022,10,-0.027634986410850215,10,-0.009414727737042305,"2059,6274,3293,3037,6187,2383,6139,8996,2382,6446",-0.03005163382753211,-0.15326332487323063,-0.12460212965307967,35.0
2023-07-20,TW,80,0.03350981719284289,10,0.06770219513699044,10,0.026027076963090146,"6274,2059,6187,3044,2383,2382,6139,6669,3037,8210",0.04615879530554047,-0.10362589945008124,-0.08453324052611136,45.8
2023-07-21,TW,79,0.011657407174953414,10,-0.12869561492431916,10,-0.010194316505208578,"6274,2059,2382,6669,3044,2357,8996,3017,6187,8210",-0.1020111206926773,-0.19568696681587958,-0.1371955887128395,32.0
2023-07-24,TW,79,-0.012755303424970292,10,-0.16445278843699346,10,-0.08735331991182604,"2357,3044,2382,2059,6274,6669,2383,8210,3017,8996",-0.11198300869656719,-0.2073454684442891,-0.14119716169043803,30.7
2023-07-25,TW,79,-0.004079564367237392,10,-0.06792285357403308,10,-0.11526177449106094,"6274,3044,2357,2059,2382,1476,6187,2383,3583,6669",-0.09152467442462527,-0.17047971301106063,-0.14480787820021396,38.9
2023-07-26,TW,80,0.010881371011165045,10,-0.0983841907612381,10,-0.12625292893078138,"2382,2357,3044,1476,6274,3583,6187,2383,8478,2059",-0.09234583598527885,-0.18297738103383104,-0.13052366584664682,31.1
2023-07-27,TW,80,-0.015551065235115874,10,-0.08538409666574742,10,-0.1519141351521633,"2383,6274,2382,3044,3583,2357,1476,6223,6187,2059",-0.08778779139249558,-0.1353831299594684,-0.11579124650626431,36.5
2023-07-28,TW,80,-0.04161509351617125,10,-0.14373039709918936,10,-0.17467994800591863,"2383,2357,3583,3044,2382,6274,6223,1476,6187,3017",-0.1333155876755469,-0.18601126002203577,-0.1616231229175795,34.7
2023-07-31,TW,80,-0.015145765386878892,10,-0.09447488423949532,10,-0.15319916724687857,"3044,2383,3583,2404,2379,6187,2357,1476,6223,3131",-0.07116927447870042,-0.15752941312242263,-0.1170448524046784,42.6
2023-08-01,TW,80,-0.023317087341074384,10,-0.028147382548418764,10,-0.1359735445743985,"2383,3034,3044,2404,2379,2357,3583,2454,1476,2344",-0.027699052024087824,-0.09894626554424715,-0.09827058981192566,59.2
2023-08-02,TW,80,0.013574112019228004,10,0.04356722526436245,10,-0.07170008590473408,"2383,2379,3034,3044,2404,2357,2454,3406,8016,1476",0.04356722526436245,-0.06536433709410015,-0.06536433709410015,60.0
2023-08-04,TW,80,0.025171438778055756,10,0.02477912492542763,10,-0.08919146659215446,"2404,2383,2603,3044,1476,8016,6196,3034,2379,3583",0.028417833976344342,-0.08338274172159935,-0.07779134399264188,57.2
2023-08-07,TW,80,0.01665216965580411,10,-0.03363778003720602,10,-0.057630128724081485,"2404,2383,3583,3044,8016,3034,6196,2357,6274,3017",-0.03226761984068318,-0.12531925492597268,-0.10939720173633175,51.6
2023-08-08,TW,80,0.057760758044243056,10,-0.008860687584799765,10,-0.09503562419028033,"2404,2383,3583,3044,8016,2603,2357,3017,1476,6274",-0.01807109619075925,-0.11303088306305216,-0.1024936933767729,53.0
2023-08-09,TW,80,0.0693833905531482,10,0.005651367543243979,10,-0.09806817751052004,"2383,3044,8016,2404,3617,3583,2357,2603,3017,2454",-0.012297040092120381,-0.10614511206322264,-0.10068292730974893,53.0
2023-08-10,TW,80,0.0897917468519595,10,0.030611258046573553,10,0.0010389912177317772,"2404,3044,8016,2603,2383,2357,3583,2454,6196,6274",0.03191229564302824,-0.08409187187501213,-0.07842738399892689,56.8
2023-08-11,TW,80,0.1009197844368094,10,0.059382024860554716,10,0.015096941585859003,"3044,8016,2603,2383,2404,3617,2357,2368,6223,3583",0.05022436045619769,-0.06576833951802565,-0.06576833951802565,59.5
2023-08-14,TW,80,0.09130800541966058,10,0.02407614210935157,10,-0.016177727082605464,"8016,3044,2383,2603,2404,2357,3617,2382,3583,2345",0.020873536150718984,-0.1101081901376402,-0.09666827710118786,54.3
2023-08-15,TW,80,0.11314096316064641,10,0.10632817388036217,10,-0.016894994187549018,"8016,3044,3617,2383,2357,6139,2404,2382,2368,2603",0.0996294945356602,-0.0788256318245357,-0.07413175425660049,57.7
2023-08-16,TW,80,0.1135550495145802,10,0.1344219202026397,10,-0.054404175320159086,"3044,2382,8016,2383,2357,2368,6139,2404,2345,3617",0.12719192298869114,-0.09316121473740134,-0.07990363926632392,55.0
2023-08-17,TW,80,0.09213822455584923,10,0.029123951332589316,10,-0.018740100013360305,"2368,3044,6139,8016,2382,2404,2357,2383,3617,3583",-0.013626916314991355,-0.14394828385352926,-0.11777425802329748,46.4
2023-08-18,TW,80,0.09956444828672859,10,0.06964518483521026,10,0.01802101129110565,"2368,6139,3044,2345,8210,2383,8016,2357,2382,3617",0.018668201709797105,-0.12548596652135063,-0.10675808743386857,48.5
2023-08-21,TW,80,0.10392818332208571,10,0.09950480124673244,10,0.03292002787884637,"2345,6139,2368,3533,3044,8210,6446,8016,3617,2357",0.060030570339481726,-0.10806768261998986,-0.09599330837184673,52.4
2023-08-22,TW,80,0.11922137822624543,10,0.10097192890575239,10,0.09608875316859337,"2345,3533,6139,2368,3044,2357,6446,8210,3617,2383",0.03763040782371276,-0.11558695284767814,-0.1126395841842645,53.0
2023-08-23,TW,80,0.10891465344156392,10,0.06226043813567864,10,0.06820863706282435,"2345,6139,3533,2368,2357,3044,3653,8210,6446,2383",-0.00910730173946056,-0.1470566285967485,-0.13307046052331425,45.7
2023-08-24,TW,80,0.12717036848894886,10,0.0778528448809926,10,0.10092895166339907,"2345,2357,2368,6139,3653,3533,3044,3017,2360,8016",0.051719905672278285,-0.12408065433555997,-0.10438116448670201,48.6
2023-08-25,TW,80,0.12221960209762339,10,0.07140081367197093,10,0.08369601218598888,"2345,6139,3653,2368,2357,3533,3044,2379,6446,8210",0.018701964803580683,-0.11217066047572204,-0.1020257327436525,48.8
2023-08-28,TW,80,0.12391305146378473,10,0.048388426466750824,10,0.11405035945893649,"2345,3533,3653,6139,3044,8016,2368,2357,6446,2376",0.03749254995863214,-0.12478787986460364,-0.108891651778566,50.1
2023-08-29,TW,80,0.09187390763251138,10,0.047569384857761035,10,0.00929950875827693,"3533,3653,2345,6139,2454,2376,8016,6446,3044,3617",0.06373864839946174,-0.12816468294822236,-0.09902214026346093,49.9
2023-08-30,TW,80,0.11577583087955703,10,0.16067726875678623,10,0.035491037499400246,"3653,3533,8299,2345,3260,8016,6139,2368,6446,2454",0.13886349843533993,-0.06404513282374218,-0.06404513282374218,55.0
2023-08-31,TW,80,0.11625819841174115,10,0.15613486833181395,10,0.02849013895879641,"8299,3260,3533,2345,8016,2368,3653,6139,6446,2454",0.1354474639978866,-0.06593881303937962,-0.06593881303937962,58.0
2023-09-01,TW,80,0.11968035699706411,10,0.17760612380446253,10,0.1028151053431341,"3260,8299,3533,8016,3653,2454,2345,1476,2379,6139",0.17760612380446253,-0.04366846536469571,-0.04366846536469571,60.0
2023-09-04,TW,80,0.11469104879618182,10,0.13877699046696015,10,0.11971113877586322,"8299,3260,3533,8016,3034,1476,2379,2454,2345,3653",0.13877699046696015,-0.04107701583655453,-0.04107701583655453,60.0
2023-09-05,TW,80,0.09036122253517317,10,0.1142728435891712,10,0.0840101206512529,"8016,3034,8299,5269,3260,2379,6274,3533,2454,6223",0.11183680931836884,-0.06857526212437905,-0.06158225539091237,54.4
2023-09-06,TW,80,0.08121663522873182,10,0.10942925036641263,10,0.08215286345078715,"4966,3034,8016,8299,3293,3260,5269,3406,3324,3533",0.10942925036641263,-0.03994398032738171,-0.03994398032738171,60.0
2023-09-07,TW,80,0.09021059220175391,10,0.12378808490259943,10,0.09757914155798773,"3034,8299,8016,4966,3260,3293,3324,5269,6223,3533",0.1056648204735638,-0.049945098186256996,-0.049945098186256996,57.5
2023-09-08,TW,80,0.08745459379395623,10,0.11562710212652598,10,0.15954847534329658,"8299,3034,8016,3293,5269,4966,6223,3260,6414,2404",0.11562710212652598,-0.044961973334302775,-0.044961973334302775,60.0
2023-09-11,TW,80,0.12075800920576882,10,0.16068370560517578,10,0.1788687883813999,"8016,3034,8299,3293,2404,3260,6446,2454,5269,1476",0.15064940618823638,-0.04317671495746837,-0.04317671495746837,56.4
2023-09-12,TW,80,0.1177976333978163,10,0.11382935089499686,10,0.2197221223892684,"8016,3034,4966,8299,3260,2454,3293,3533,6223,6446",0.10338151299931553,-0.05364204324934306,-0.05364204324934306,56.3
2023-09-13,TW,80,0.105953699541564,10,0.15264307540273442,10,0.1180646189605663,"3034,8016,4966,2454,8299,3260,3293,6414,5269,1590",0.15264307540273442,-0.03615487791791035,-0.03615487791791035,60.0
2023-09-14,TW,77,0.07759385317851782,10,0.09954406055551056,10,0.061746353093785025,"3034,8016,3006,6414,5289,2454,6223,8299,3260,3293",0.08961368936178571,-0.06974998265862309,-0.06974998265862309,57.1
2023-09-15,TW,78,0.09297220850703854,10,0.0861752604787325,10,0.03810147303132246,"3034,2603,2454,3006,8016,5289,8299,2408,2344,3260",0.0861752604787325,-0.08373700823896198,-0.08373700823896198,60.0
2023-09-18,TW,78,0.09130890766585721,10,0.1288682075778203,10,0.0683118697363884,"2454,2603,5289,3034,3006,8299,2408,6121,8016,3293",0.1288682075778203,-0.0773406382060041,-0.0773406382060041,60.0
2023-09-19,TW,79,0.10451598975610077,10,0.12050218796987344,10,0.05720229460966066,"2454,5289,2603,4966,6121,8299,3034,3006,3293,3617",0.13608070300493788,-0.09212491378344045,-0.07890752240158679,55.6
2023-09-20,TW,79,0.10899877778156387,10,0.10795579020383132,10,0.08930665034803623,"3036,2603,5289,3617,2454,1590,8299,6121,4966,3006",0.1235510661008331,-0.07448708627163407,-0.06110680451624882,55.5
2023-09-21,TW,79,0.12509912268591225,10,0.13096949469132577,10,0.04660640019326266,"3036,2408,5289,1590,2603,8299,3006,2454,3293,2344",0.13096949469132577,-0.05313583773269043,-0.05313583773269043,60.0
2023-09-22,TW,79,0.09384439174956663,10,0.12544185733018748,10,0.05787646237541059,"3036,5289,3293,1590,2408,2603,8299,3006,3034,4966",0.12544185733018748,-0.056710546909703875,-0.056710546909703875,60.0
2023-09-25,TW,79,0.09345536681182395,10,0.127047284594423,10,0.10549477624997368,"3036,3293,6139,5289,6491,2603,1590,3617,2408,6121",0.13703589846021547,-0.0798544182100421,-0.07035621044818798,55.3
2023-09-26,TW,79,0.09723587147187694,10,0.07887624163556403,10,0.11053091402498168,"6139,3036,3293,5289,3617,2603,6491,1590,8299,6274",0.08596082092534944,-0.08504419230146308,-0.0683400722518981,50.6
2023-09-27,TW,79,0.09685233403105883,10,0.058884687669851485,10,0.058341811683926534,"6139,3036,3293,1590,3617,6491,2603,8299,6274,5289",0.06689317464106105,-0.10093935736268973,-0.08219390067230088,50.2
2023-09-28,TW,79,0.09643948175656693,10,0.011089840347128566,10,0.08843349236717019,"6139,3036,3293,6491,3617,2368,3017,2603,1590,2360",0.015387435814970808,-0.14303446528192154,-0.10416463539314806,39.9
2023-10-02,TW,79,0.08546302009862998,10,-0.0019935235147040763,10,0.0075782172839005905,"6139,3036,6274,3293,6491,2382,1590,2360,3017,2059",-0.03208191490285447,-0.1469548464784486,-0.1179878324786652,36.3
2023-10-03,TW,79,0.10488278913872177,10,0.1050688671505006,10,0.07122455767914962,"6187,3036,6139,3006,6274,2059,1590,2454,6491,3017",0.079779928965542,-0.0837245354358733,-0.0761060458987338,50.6
2023-10-04,TW,78,0.07726509710217853,10,0.061177806586549685,10,0.08668012235791232,"6187,3036,6491,6139,2059,6274,2454,3017,8210,1590",0.007053715102862712,-0.12456027020996607,-0.10270925560962285,39.5
2023-10-05,TW,78,0.05835713428257313,10,0.022070380433043203,10,0.03659508385777095,"6187,3036,2059,6139,2454,3017,6274,2368,6491,2345",-0.013268221150447457,-0.135568496980508,-0.11123500388362992,39.7
2023-10-06,TW,78,0.05271552507997267,10,-0.022354209012534598,10,0.021918778401086282,"6187,3036,3006,6669,3017,2382,2454,6491,2345,2344",-0.028194391678433395,-0.12630907220123028,-0.1110198768410187,49.0
2023-10-11,TW,78,0.061466090682566955,10,0.03417025567188434,10,0.0917559909565235,"6187,2454,3036,3006,2344,2345,6491,6805,1590,2059",0.021192941297099366,-0.10830931331179663,-0.10632036303229589,55.3
2023-10-12,TW,78,0.05384787090873788,10,0.012858305315934015,10,0.07025631088531638,"6187,2454,2344,3036,3006,8996,6669,2330,6805,2345",0.027396307763348015,-0.1242212656379229,-0.10929349687871057,54.2
2023-10-13,TW,77,0.06813660336004748,10,0.031881105116387885,10,0.06640103356216812,"2454,6187,3006,2330,2345,2344,3036,3260,6669,2379",0.031881105116387885,-0.08002752107032156,-0.08002752107032156,60.0
2023-10-16,TW,78,0.07042927327123118,10,0.0778435862817259,10,0.04123226372193948,"2454,6187,3036,2379,2345,3006,3260,2404,2330,6139",0.0778435862817259,-0.06897081804050775,-0.06897081804050775,60.0
2023-10-17,TW,78,0.09469011949033639,10,0.11519637579399293,10,0.07981651677519645,"2454,3260,2330,6187,3036,8299,3006,2345,6139,6488",0.11519637579399293,-0.0500578721292921,-0.0500578721292921,60.0
2023-10-18,TW,77,0.12144689250622619,10,0.12323397274321164,10,0.11670627862821466,"3260,2454,6187,3036,3006,6488,2379,6139,8299,8016",0.12323397274321164,-0.04436168392334812,-0.04436168392334812,60.0
2023-10-19,TW,78,0.12958946640507565,10,0.10571514337144894,10,0.08027649669701119,"3260,2454,6187,1476,2379,8299,2330,6139,1590,3036",0.10571514337144894,-0.05576460843062536,-0.05576460843062536,60.0
2023-10-20,TW,78,0.13188468180593643,10,0.10508466622900174,10,0.06495996572382709,"3260,2330,1476,2454,2379,6187,6488,8299,6139,3006",0.10508466622900174,-0.061570683014122815,-0.061570683014122815,60.0
2023-10-23,TW,78,0.12093310280848082,10,0.09454573273084284,10,0.0766654572853249,"3260,1476,2454,6139,2330,6187,3006,3036,8299,1590",0.09454573273084284,-0.05729363562355984,-0.05729363562355984,60.0
2023-10-24,TW,78,0.10061796590581662,10,0.08927033653504649,10,0.08521966977998885,"6139,1476,6669,3260,2454,2330,3006,6187,6442,6488",0.08307204542972514,-0.07099187481131394,-0.06772143421155978,57.3
2023-10-25,TW,79,0.13036990082254257,10,0.09918952331103954,10,0.11153508237565783,"6139,1476,2454,6669,1590,6488,3260,4966,2330,3406",0.09918952331103954,-0.04017806036406354,-0.04017806036406354,60.0
2023-10-26,TW,78,0.16177365420367396,10,0.1175335356605963,10,0.14746611755274952,"6139,6442,2454,1476,3260,6515,6669,6491,6187,3034",0.12059277171358238,-0.070060860444529,-0.06011672644912782,54.3
2023-10-27,TW,78,0.17306643777621605,10,0.11097936516853901,10,0.16878342815454064,"6139,6491,6669,6442,2345,6488,2454,3034,3260,4966",0.10247479704017208,-0.05740087536855063,-0.05417506857981554,57.0
2023-10-30,TW,77,0.1580661583598336,10,0.1561658676617471,10,0.17508141754047973,"6139,2454,3034,6488,2603,8016,3036,6491,3260,6669",0.1561658676617471,-0.04332644177181698,-0.04332644177181698,60.0
2023-10-31,TW,78,0.17560757299482851,10,0.1199091279262974,10,0.16406363432749355,"3034,6139,2454,2404,3036,8016,1590,6488,3260,8299",0.1199091279262974,-0.03420397706668386,-0.03420397706668386,60.0
2023-11-01,TW,79,0.15098666778526765,10,0.15959221558296594,10,0.09813657501985935,"3034,6488,2404,3293,8016,2603,2454,3533,6139,3036",0.15959221558296594,-0.02383884210524432,-0.02383884210524432,60.0
2023-11-02,TW,79,0.14889917370088235,10,0.12964740150227222,10,0.08703016075527584,"3034,6488,2404,6139,2603,2454,8016,3036,3533,3406",0.12964740150227222,-0.03314410022797193,-0.03314410022797193,60.0
2023-11-03,TW,79,0.1511417502342508,10,0.14994171925144092,10,0.07120985759998412,"6488,2603,3034,1476,6139,2404,2454,3036,6446,6669",0.14994171925144092,-0.04146396625995854,-0.04146396625995854,60.0
2023-11-06,TW,78,0.14327454911913365,10,0.12699947327691694,10,0.09014332525125422,"3034,6488,3036,6446,1476,2454,2404,6669,6223,6139",0.09334830875789288,-0.05179541007128269,-0.05137992384985561,54.9
2023-11-07,TW,77,0.1426586441291126,10,0.06991593514258479,10,0.06751739402694343,"3036,3034,6488,6446,1476,2454,6223,6669,5289,2345",0.03542702743185987,-0.07893803065483487,-0.07120637261016374,54.4
2023-11-08,TW,77,0.15983329130295454,10,0.12663892965362228,10,0.09798528106587498,"3036,6446,1476,2454,6488,6669,8210,6223,2059,2345",0.09288886657038668,-0.08276014280515273,-0.07449443950177508,53.2
2023-11-09,TW,78,0.1616631715093016,10,0.1139983844289038,10,0.06886208054301507,"1476,6446,3036,2454,6488,2368,3324,3034,8210,6669",0.07606217958751989,-0.07345236167544847,-0.07133468240421383,53.3
2023-11-10,TW,78,0.1823808382165,10,0.2464529946755472,10,0.1824800358564997,"6805,3044,8210,2368,1476,6223,6488,3036,6669,3034",0.2464529946755472,-0.07753060118910819,-0.07753060118910819,60.0
2023-11-13,TW,77,0.1939492569558742,10,0.24414097515675093,10,0.18923512017073293,"6805,6669,6223,2330,3044,8210,3533,6488,2454,2368",0.24414097515675093,-0.06646573928022918,-0.06646573928022918,60.0
2023-11-14,TW,77,0.17643500525462014,10,0.1925454722109262,10,0.18819273478317536,"6805,2357,3044,2368,8210,2330,6223,6669,3533,6488",0.16304741922517768,-0.08474183395442744,-0.08474183395442744,57.9
2023-11-15,TW,78,0.1845771906674217,10,0.2139333776193459,10,0.21806435668066265,"6805,2344,2330,2357,8210,6488,2368,6223,2603,3044",0.18543471999055788,-0.07264161065910812,-0.07264161065910812,57.8
2023-11-16,TW,78,0.18995888387342555,10,0.25338430992267263,10,0.23106517874958693,"6805,2330,6488,3324,2603,6223,2344,2357,3044,8210",0.25338430992267263,-0.06060164949995134,-0.06060164949995134,60.0
2023-11-17,TW,78,0.1990902944845653,10,0.17792991546216616,10,0.20661811098881122,"6805,2330,2357,3324,6781,6488,2344,6515,3533,2379",0.09778935754846974,-0.061720952079821534,-0.061720952079821534,56.0
2023-11-20,TW,78,0.1912558349777074,10,0.17740087276448696,10,0.1491217679851784,"6805,3324,2330,2383,2357,6781,2344,6274,2408,2379",0.032831205965545264,-0.0982001766217758,-0.09513199479553033,48.0
2023-11-21,TW,78,0.20251541538000278,10,0.20674530113541234,10,0.19369145011902866,"3324,2330,6805,6781,6488,6515,2059,2408,3583,2344",0.16886665712406296,-0.07292725785295878,-0.07174615533766332,57.2
2023-11-22,TW,77,0.18493736498288552,10,0.20147207433677233,10,0.24086645245375596,"6526,3324,6414,3037,3583,6139,6515,6805,2454,2330",0.13233487811214045,-0.09022056080758381,-0.09022056080758381,52.2
2023-11-23,TW,78,0.2063756145315915,10,0.19873810724260083,10,0.20565434315914546,"6414,3583,8478,3324,2330,6805,2408,6515,2379,6274",0.19262665270922777,-0.0900462028389856,-0.0900462028389856,57.9
2023-11-24,TW,78,0.22574425623580902,10,0.22992111405961774,10,0.2519394226692143,"6526,3583,6414,3324,6805,2379,2454,2408,6781,6488",0.22992111405961774,-0.07738628793251537,-0.07738628793251537,60.0
2023-11-27,TW,79,0.2565496298110569,10,0.25333009197596607,10,0.3445735190669323,"6526,3583,2379,3147,6488,2408,6414,2454,6805,3406",0.25333009197596607,-0.0615013562824702,-0.0615013562824702,60.0
2023-11-28,TW,77,0.25030504855637364,10,0.14024292059827095,10,0.35642126024540094,"6488,6526,2408,2379,3037,3583,3147,6414,6781,2454",0.12808871940995162,-0.08001173967554306,-0.08001173967554306,57.3
2023-11-29,TW,77,0.26189926692600396,10,0.10837297240963535,10,0.36283746083719776,"6488,2379,6526,3147,2408,3037,2344,8210,6781,3583",0.038378641010163625,-0.09574868987386144,-0.09479630872962723,52.0
2023-11-30,TW,77,0.2558952299875192,10,0.11907565334623686,10,0.33010898055701243,"6488,6526,2408,6121,3037,6781,3583,6515,3653,8210",0.10729624258871615,-0.06927503759965678,-0.06927503759965678,57.1
2023-12-01,TW,79,0.20709041542656698,10,0.06947395169199713,10,0.2550294151896796,"8210,6121,6488,3583,3037,6526,2408,6515,6781,3653",0.05970581402964401,-0.08788893673283077,-0.08788893673283077,57.0
2023-12-04,TW,79,0.23107699074357715,10,0.21232242576851945,10,0.31362688111660775,"6121,6488,3037,2603,6526,2408,3653,3583,3293,2308",0.21232242576851945,-0.060937529984083014,-0.060937529984083014,60.0
2023-12-05,TW,79,0.2523344044644689,10,0.24520928589829985,10,0.24793671176486765,"6121,6488,6526,3653,2603,2408,3293,3037,2379,6781",0.2288864638943994,-0.06047440983626645,-0.06047440983626645,56.8
2023-12-06,TW,79,0.22194498944846816,10,0.27232307100083386,10,0.2415429933427698,"6121,6488,3293,8299,6526,2379,2603,8996,8210,3034",0.23933948994646875,-0.04507623391521097,-0.042556853917382044,54.9
2023-12-07,TW,79,0.1909408604451889,10,0.1975578291380989,10,0.25018539478577495,"6121,3293,2376,8996,6488,8299,3533,3653,2357,8210",0.16984793861290004,-0.05066657920467924,-0.04555294272765348,54.5
2023-12-08,TW,78,0.19037465982210813,10,0.18859536940499383,10,0.064524583798559,"6121,3293,3653,8299,3533,6515,2376,2603,6488,2368",0.17321921973951326,-0.05793453351584606,-0.05793453351584606,56.1
2023-12-11,TW,78,0.22118033936087003,10,0.15370679695528186,10,0.0785057299599659,"3293,6121,3533,6515,2603,8299,6488,6139,2395,3037",0.14930178754534887,-0.06879107557187769,-0.06843222386230943,59.6
2023-12-12,TW,78,0.227376706445309,10,0.18972034714968836,10,0.152166838329345,"2603,3293,6488,8299,6515,6121,6139,3533,2395,3653",0.18512668235004337,-0.06645233591774656,-0.06609730629776069,59.5
2023-12-13,TW,78,0.20810938153199912,10,0.18928706017338717,10,0.15803931869457333,"2404,3293,2603,8299,6488,6121,3533,6515,3044,2379",0.1698704416509011,-0.08645696605068504,-0.0861069076739672,55.9
2023-12-14,TW,78,0.22879836599669398,10,0.21145130374308224,10,0.1507793270931022,"2404,3293,2603,2379,8299,3533,6526,6121,3406,6488",0.21145130374308224,-0.08406829712054241,-0.08406829712054241,60.0
2023-12-15,TW,77,0.2491912569747151,10,0.1812269119324811,10,0.17309309578731874,"3293,2603,2454,2404,6121,3653,6488,3406,6526,2379",0.1812269119324811,-0.07245229120055835,-0.07245229120055835,60.0
2023-12-18,TW,77,0.2554258170068604,10,0.15205237398019772,10,0.14914527158702268,"2603,3293,3653,2357,2404,2454,6488,6121,6526,3406",0.15205237398019772,-0.0663782198997557,-0.0663782198997557,60.0
2023-12-19,TW,78,0.23357385422151813,10,0.1787123034642904,10,0.17262556396181664,"2603,2454,3293,2357,2404,3653,6488,6526,2330,2379",0.1787123034642904,-0.059524226235317945,-0.059524226235317945,60.0
2023-12-20,TW,78,0.2604484564784407,10,0.19610007337436727,10,0.20905547434309985,"2603,2357,2404,2454,3293,3653,6526,6515,6121,2330",0.19478100891958583,-0.060437771185176306,-0.060076325367062214,58.9
2023-12-21,TW,78,0.2471563905038184,10,0.22897834932353067,10,0.16357421742221775,"2603,2357,2382,2404,3653,2454,3131,3533,8299,6488",0.22897834932353067,-0.06603920516854381,-0.06603920516854381,60.0
2023-12-22,TW,78,0.25627067413590565,10,0.23426881389742577,10,0.1682899424272934,"2603,2357,2454,2382,3131,2404,3533,3653,6669,2408",0.2304958029724266,-0.07799582638844843,-0.07342066180693253,58.6
2023-12-25,TW,78,0.2681950028999068,10,0.28495425550628833,10,0.1389941939134342,"2357,2603,2454,2382,3131,6187,2376,6669,3653,2395",0.28495425550628833,-0.06407944651457145,-0.06407944651457145,60.0
2023-12-26,TW,78,0.27012409909835344,10,0.1662741299678705,10,0.20204904353056827,"2357,2603,2454,2382,2408,3653,6526,2330,2379,2059",0.16154680324195198,-0.0806492311469206,-0.07564281218722207,56.9
2023-12-27,TW,77,0.2632730289505398,10,0.14224276953882936,10,0.13769181773469244,"2454,2357,3006,2603,3653,2059,6526,2408,2330,3017",0.14340491067605074,-0.11914474896891245,-0.10519475072788693,50.2
2023-12-28,TW,78,0.2725514312780724,10,0.17069955381885912,10,0.27069035038699,"3653,2357,2454,6187,2344,3006,2330,2382,6526,2603",0.17108676660223485,-0.09930146962279932,-0.09208132014480483,50.3
2023-12-29,TW,77,0.2675096605733322,10,0.2835106583304121,10,0.25413146519704,"2357,3653,3017,2382,2330,2454,6139,2344,3131,2395",0.2797833425987323,-0.09989286568484657,-0.09989286568484657,58.7
2024-01-02,TW,78,0.2967305055025877,10,0.18374914185140173,10,0.3414246780750168,"6223,2357,2603,2330,3017,6446,2344,3653,2395,3406",0.18374914185140173,-0.07263929587673265,-0.07263929587673265,60.0
2024-01-03,TW,78,0.2964741388625247,10,0.35999976194033356,10,0.5061025133832535,"6223,2603,3017,2357,3406,6139,2344,2382,6446,6187",0.35999976194033356,-0.06705805888411799,-0.06705805888411799,60.0
2024-01-04,TW,78,0.32831142216303716,10,0.45317370873301455,10,0.46663072629906666,"2603,6223,2382,2360,6683,2404,3406,6274,3017,6805",0.45317370873301455,-0.05571069692664819,-0.05571069692664819,60.0
2024-01-05,TW,78,0.29985214371448254,10,0.5135539647993659,10,0.44008209990262126,"2603,6805,2360,6223,3017,6187,6139,2382,6274,2357",0.5135539647993659,-0.05234880894101786,-0.05234880894101786,60.0
2024-01-08,TW,78,0.2517799615791872,10,0.40805248935259336,10,0.40805248935259336,"2603,6223,6805,6187,2059,6139,3293,2382,2357,2404",0.40805248935259336,-0.028377534590220254,-0.028377534590220254,60.0
2024-01-09,TW,78,0.2928686797118989,10,0.44960438024298693,10,0.46617837814805496,"6223,6805,6187,2360,6139,2059,2603,2404,2382,8210",0.44960438024298693,-0.029389167494157476,-0.029389167494157476,60.0
2024-01-10,TW,78,0.2887119882547268,10,0.43413550906391796,10,0.38492948295796836,"6805,6223,6187,2360,3017,3293,2404,3036,8210,2382",0.43413550906391796,-0.02883053998845474,-0.02883053998845474,60.0
2024-01-11,TW,78,0.22695472491574434,10,0.35456575965497195,10,0.31474091371693663,"6805,6223,3036,6669,3017,6187,2382,3293,2059,8210",0.35456575965497195,-0.02703670765345483,-0.02703670765345483,60.0
2024-01-12,TW,78,0.1744899376043561,10,0.25512873794559426,10,0.22213350441895616,"6805,6223,2382,3036,3017,6669,6187,2059,2603,3293",0.25512873794559426,-0.028942985578155677,-0.028942985578155677,60.0
2024-01-15,TW,78,0.1902345476234863,10,0.30481180630662597,10,0.2959263860742939,"6223,6805,3034,3036,6187,3293,6139,2382,8210,2404",0.30481180630662597,-0.03829073942275104,-0.03829073942275104,60.0
2024-01-16,TW,78,0.24216447338821803,10,0.3073866474727468,10,0.3874647386961967,"6805,6223,3036,6187,3034,8210,2383,6669,2404,3131",0.29391397050492896,-0.04874790834248256,-0.046548246863722595,57.3
2024-01-17,TW,78,0.23363038187204355,10,0.34781017598353936,10,0.342590294606015,"3036,6805,6187,6223,8210,3131,3017,2382,6669,2404",0.3378572360291671,-0.045185084702004205,-0.04298169498184039,57.2
2024-01-18,TW,78,0.2500554002102174,10,0.32930914852737175,10,0.355450377007712,"3036,6187,6805,6223,8210,2059,3293,3131,2404,6669",0.31578250166105626,-0.04166614539916018,-0.03948493745654147,57.1
2024-01-19,TW,78,0.24273418782707606,10,0.29687385696422536,10,0.3019303076421675,"2330,3036,6187,8210,2382,6669,6223,3324,2383,6805",0.2790628945598587,-0.06385079135978897,-0.05549116992478468,55.0
2024-01-22,TW,77,0.2375477322588446,10,0.3051427228039432,10,0.2270687224898645,"2383,3036,6669,2376,6187,2330,3324,2382,3017,6223",0.29378779691958395,-0.06554712969894075,-0.06554712969894075,59.5
2024-01-23,TW,77,0.22191159332924534,10,0.2656691054717294,10,0.2368757541617227,"2383,6669,2330,3036,6187,2382,2376,3017,3324,3293",0.25455990097091596,-0.06081429139672027,-0.05580290199226638,59.1
2024-01-24,TW,77,0.2206749840237971,10,0.21412838548698473,10,0.22825177045732564,"2330,3293,3036,2376,3017,2383,6669,2382,6187,3131",0.20174507622066584,-0.056817584492374215,-0.056817584492374215,59.3
2024-01-25,TW,78,0.23575833508325977,10,0.24476875159974432,10,0.3039171744665553,"2330,3036,2376,3017,6187,3131,2382,3293,6669,6526",0.24476875159974432,-0.02986417392994888,-0.02986417392994888,60.0
2024-01-26,TW,78,0.25054363002765273,10,0.2611034346016965,10,0.32584144794766956,"2330,6187,3017,3131,3036,2376,6669,2383,6526,3293",0.24754745878418735,-0.03448941182770924,-0.03448941182770924,59.1
2024-01-29,TW,77,0.23101510119795263,10,0.2606299928357442,10,0.22850097940312258,"2330,6187,2376,3293,2383,6669,3017,3037,3036,3324",0.2464115068856465,-0.05535417761623461,-0.05535417761623461,59.0
2024-01-30,TW,77,0.21193797250501115,10,0.2289459970438775,10,0.17895186618025005,"3017,2383,2330,6187,2376,3324,6669,3293,3036,2382",0.2404381510170587,-0.07181192820177208,-0.05440197665360844,54.4
2024-01-31,TW,77,0.20617022474668975,10,0.12135445133962468,10,0.18750328354368356,"3017,2383,2376,6187,6805,3293,6669,3036,2330,2454",0.12295434778458299,-0.0641661314061686,-0.0503691496243267,56.1
2024-02-01,TW,77,0.17510600353390152,10,0.22091063241225556,10,0.21022304401212216,"3017,3036,2376,6187,6805,3293,2383,3324,8996,6274",0.23157027995792792,-0.07030504044645454,-0.04773181101369615,52.4
2024-02-02,TW,77,0.17721523498054756,10,0.15505009880984694,10,0.19996766538356545,"3017,6805,2376,8996,3324,6187,2383,6274,3036,2345",0.15585299759842536,-0.10634034473829276,-0.06958745607024366,46.7
2024-02-05,TW,77,0.15592674933610806,10,0.1271595147928195,10,0.10084995652553144,"6805,3017,8996,2376,2383,2395,3324,6187,2330,3653",0.1319343201136168,-0.10381761598691286,-0.0856684867932847,51.9
2024-02-15,TW,77,0.15423615541127214,10,0.11611654474497154,10,0.10028704276515037,"3017,6805,2376,2330,3044,6442,2383,3324,2368,6187",0.11591091630576869,-0.14903274005135253,-0.11546438946673691,45.5
2024-02-16,TW,77,0.14758972717136018,10,0.1049713867712652,10,0.11674127775154433,"6442,6187,2376,6805,3044,3017,8996,2368,3563,2383",0.08697383549273839,-0.14430746689855556,-0.1139980784275311,45.7
2024-02-19,TW,77,0.14083669331811613,10,0.13121806009229872,10,0.17973647878127785,"6442,2395,3044,6187,2376,3037,2330,6414,8996,3017",0.10991225640264894,-0.08436293531574532,-0.08052205732699175,54.3
2024-02-20,TW,76,0.14611971241504595,10,0.06944324804269437,10,0.23376795732472236,"6442,6187,3044,2395,3034,2330,2376,3037,6805,3563",0.0484161741222624,-0.09006569574105698,-0.08544643841937996,53.7
2024-02-21,TW,76,0.13415275405198965,10,0.09238750169193337,10,0.1440543778642429,"6442,6223,6187,2395,6805,3044,2330,3017,8299,3037",0.03692758054166288,-0.10488919980559261,-0.10311928838814763,53.1
2024-02-22,TW,76,0.116502285247296,10,0.10774626091164641,10,0.16614819809203646,"6442,6187,6223,8299,2379,6526,3131,2395,2330,3034",0.0719656278434895,-0.09405824239010643,-0.08585634941941662,52.9
2024-02-23,TW,77,0.12964294101651558,10,0.15751572548158674,10,0.18428282950728705,"2454,6526,6442,3131,3583,8299,6187,2379,6223,3413",0.10769262974997015,-0.101498029483027,-0.101498029483027,53.1
2024-02-26,TW,75,0.13090617623903023,10,0.12787313053945068,10,0.21907579881732003,"3583,6526,6442,3131,2379,6187,3653,3413,2330,8299",0.07624528468218968,-0.09267002754952573,-0.09267002754952573,52.9
2024-02-27,TW,76,0.13906767178813756,10,0.2144321431160031,10,0.26782408405667074,"2379,6526,8299,6442,3034,3324,3131,3653,2330,6414",0.17123361790474317,-0.06303299096983403,-0.06303299096983403,55.1
2024-02-29,TW,76,0.11655734601691031,10,0.16076012536595527,10,0.225253949971784,"2379,6442,3324,8299,6526,3653,3034,6414,6187,3131",0.10730589110404956,-0.09187493603978716,-0.09187493603978716,52.5
2024-03-01,TW,75,0.07661322707569176,10,0.09481161175390844,10,0.2184800142395638,"3324,6442,2379,3653,6187,3131,8299,6526,6414,6805",0.043561913219838225,-0.1253954879332022,-0.11494387357390945,48.5
2024-03-04,TW,74,0.07005447060325705,10,0.06235042259108399,10,0.2166698417379865,"3324,6187,3131,3653,2330,2379,6442,8016,6805,8299",-0.00706551671955159,-0.12575610419496788,-0.11067754638109668,39.4
2024-03-05,TW,74,0.08262399947884216,10,0.0596449137344229,10,0.22504621348513032,"3131,2360,8478,6187,2379,3324,6805,2330,2404,6121",0.020703616039321016,-0.10734388076096808,-0.09454867903379252,46.6
2024-03-06,TW,73,0.04895668061466371,10,-0.02609386006269341,10,0.08162004427613043,"3147,6187,3324,2404,2360,8478,3293,2379,3017,6805",-0.05165435054288163,-0.15577801825961363,-0.13086469786263172,36.3
2024-03-07,TW,74,0.05552830168392355,10,0.009368472679894246,10,0.03214534515808729,"2404,6121,2330,3293,2360,6805,2379,2603,3131,3324",-0.029621529791258316,-0.13263140589350592,-0.11861718478739394,41.0
2024-03-08,TW,76,0.09374565768013744,10,-0.012954603304386825,10,0.13344028741444394,"2404,3293,2330,6121,2308,2603,2360,2379,6488,6805",-0.01559733288566979,-0.12438932482955467,-0.11510361054163147,50.4
2024-03-11,TW,76,0.09709495563610894,10,0.015327952806746304,10,0.18284787084656165,"2404,3293,2330,3324,6121,2603,2379,6805,2308,2360",0.009753074962697329,-0.10172931381260006,-0.09039788330160473,50.4
2024-03-12,TW,76,0.07804038900214604,10,-0.02693959457728796,10,0.16121325540934284,"2404,3293,3324,6121,2330,2603,2308,3017,2379,6488",-0.04980619510884497,-0.13793318583981543,-0.13019202725400503,38.0
2024-03-13,TW,76,0.11791785246111855,10,-0.0248475687982318,10,0.1430713798317992,"2404,3293,6121,2603,2330,3324,2308,2379,6488,6805",-0.03534724268799015,-0.14313112284558072,-0.12645139041334702,41.7
2024-03-14,TW,76,0.15738184220011056,10,0.07485362060720761,10,0.21817348596049788,"3293,6491,2330,2404,3324,2603,6121,1476,2308,3413",0.05802460947040132,-0.06706215452632922,-0.06559156619511647,56.2
2024-03-15,TW,77,0.14789355054521178,10,0.07720040144080345,10,0.07513040118590074,"3293,6491,3324,3413,6805,1476,2382,2379,2330,3017",0.05479582955994927,-0.09968018358886985,-0.0901139989624068,53.6
2024-03-18,TW,77,0.13714507988402894,10,0.1217825765437122,10,0.05264756932088986,"6491,3324,3293,3413,4766,2330,2404,6805,3563,8996",0.10962287581475652,-0.06957013412954612,-0.05984162735608258,55.1
2024-03-19,TW,76,0.12212429279894599,10,0.03394688136388761,10,0.00010329265320185854,"3413,6491,3293,2404,2308,3037,6414,3563,2330,6805",0.024190272008573478,-0.10168331268823852,-0.08999207500766312,52.6
2024-03-20,TW,76,0.11844100292252803,10,0.040790437924325004,10,0.017926055879261417,"3406,6491,3413,6414,3037,2404,3293,8016,2308,3324",0.027316570906885818,-0.10961249039343986,-0.10546109881013507,49.6
2024-03-21,TW,77,0.12425243863651912,10,0.09690217042858736,10,0.11699300472785039,"3406,2308,3413,3037,6491,6414,8996,2330,2404,8299",0.05593577961613535,-0.10414015504029465,-0.10414015504029465,49.8
2024-03-22,TW,75,0.11482437452197577,10,0.1269324559656469,10,0.044067418191149524,"2308,3406,8996,3413,6139,3665,3037,3563,6491,2330",0.05844101455966986,-0.1002942064119279,-0.1002942064119279,46.9
2024-03-25,TW,76,0.10015265993505226,10,0.09386713990102181,10,0.06546901657655246,"3406,2308,8996,3413,3563,6491,6139,3665,6414,3037",-0.01831330860577629,-0.1065248013342267,-0.1065248013342267,42.3
2024-03-26,TW,76,0.126152005223739,10,0.1059234947257961,10,0.0640229038975628,"3406,3413,2308,6139,3563,8996,2330,6491,6414,8299",0.02956081662260098,-0.0873193931623352,-0.0873193931623352,50.9
2024-03-27,TW,76,0.1338418221269574,10,0.08619773013811823,10,0.1320804690372764,"3406,3413,3563,8996,2308,6139,6414,8299,3583,6274",0.036217420227324784,-0.10879445629305398,-0.10704773134248655,52.9
2024-03-28,TW,76,0.12743498187356478,10,0.0884258153413189,10,0.08957723080472593,"3406,6139,2382,3563,6414,3413,8299,8996,3617,2308",0.015189992806759246,-0.12682014991827448,-0.12451799171891845,47.5
2024-03-29,TW,76,0.12555175088573853,10,0.09272060687868061,10,0.07159521212548735,"6139,2382,6414,3563,8299,3406,3617,3413,2308,3665",-0.0003972750272560499,-0.1436847857050798,-0.138332430907571,42.1
2024-04-01,TW,75,0.12799312216000513,10,0.048508955528539247,10,0.06961849400068895,"6139,3617,3563,6491,8299,2382,3413,6414,3406,2408",-0.044748765074252274,-0.13514468830678386,-0.1297840265014146,44.6
2024-04-02,TW,75,0.12621785027717933,10,0.04127790933315908,10,0.10975560160373807,"6139,6196,2382,3583,3617,3413,8299,6491,3563,6187",-0.016513515964023062,-0.147239882946301,-0.1391327171227855,43.5
2024-04-03,TW,75,0.11868745136465696,10,-0.0037500333575303246,10,0.06473031503593056,"6139,3583,2382,8299,3324,6491,3413,6187,6274,3563",-0.08798329299313318,-0.17109114675756584,-0.16331336924622816,33.2
2024-04-08,TW,75,0.12333935268905101,10,0.0489281348145668,10,0.1249701967932217,"6139,3324,3583,6187,2382,6491,8299,6274,3413,6515",-0.06563520388589801,-0.1684933515794686,-0.15301275951393176,27.2
2024-04-09,TW,75,0.1439957833990153,10,0.06748406259624051,10,0.10844278930778288,"6139,5434,6515,3324,2330,8299,3583,6196,6274,2382",-0.04180750434214283,-0.16045103682779197,-0.13760337735286013,26.2
2024-04-10,TW,75,0.13929388426000136,10,0.04002278190791968,10,0.08263645070366002,"6139,3260,6515,5434,8299,2330,6196,3324,6491,4766",0.022207376621883046,-0.12633298816532407,-0.1091771007361118,46.7
2024-04-11,TW,75,0.13048915921376664,10,0.07484517859178277,10,0.10720195618506323,"6139,6515,6223,2357,2330,3260,5434,4766,8299,6491",0.06928165075175306,-0.1287071824290647,-0.10489474812873945,45.6
2024-04-12,TW,75,0.12919852627053663,10,0.05479393343829812,10,0.09671387540493376,"6139,6223,6515,3260,5434,2330,4766,8299,3034,2408",0.020979015511145505,-0.14551751016652006,-0.12275240428671907,39.9
2024-04-15,TW,76,0.16117106496608363,10,0.12696356159660074,10,0.12838487737055382,"6139,3260,6223,6515,5434,4766,8299,3131,2330,3034",0.11925825303322202,-0.11723270393792577,-0.10013186110216177,45.8
2024-04-16,TW,75,0.15602199364421473,10,0.10289039860934535,10,0.09329267263037186,"6139,6223,5434,4766,6515,3563,3017,8299,3583,3617",0.11320174970965964,-0.10736114739043226,-0.0868119298168871,50.7
2024-04-17,TW,75,0.1490990055498937,10,0.04470432364454219,10,0.07297593279489287,"6223,6139,5434,6526,8299,3017,3563,2404,3583,6515",0.059806004994937066,-0.1512626667630192,-0.12488383022772372,45.7
2024-04-18,TW,76,0.16249722637135688,10,0.07101388083956663,10,0.061254013723362075,"3017,6223,6526,6139,3563,5434,8299,4766,3131,6669",0.06105286246489592,-0.1307133249256705,-0.11309084735860724,47.0
2024-04-19,TW,77,0.1900876427974702,10,0.13960856117628248,10,0.14039831439411893,"6223,5434,6139,3017,3131,6526,3563,8210,6515,3324",0.14531406843700406,-0.09768239623761495,-0.0792110587843373,54.5
2024-04-22,TW,76,0.1892664001043572,10,0.14781096724387782,10,0.15902568500174732,"5434,6223,2603,4766,3617,6139,6515,6526,6944,3131",0.11416942841244575,-0.0624796686362194,-0.049249428113972614,52.2
2024-04-23,TW,76,0.15736797810128095,10,0.0827568057795255,10,0.12195841419165462,"6223,5434,6491,6139,3617,2603,2404,3131,3017,4766",0.08586709946675611,-0.06761275530358521,-0.052645650293156224,54.7
2024-04-24,TW,75,0.10027057504436078,10,0.0023162611613148144,10,0.029746505419487267,"6223,8210,3617,2603,6139,3017,6491,5434,6526,3653",0.011033008169341186,-0.07729372491183209,-0.05882238745855446,54.2
2024-04-25,TW,75,0.11230496794107497,10,0.0856766678474651,10,0.05456351943103059,"6491,2603,3617,8210,6223,3017,8996,3653,5434,6515",0.08441640610081345,-0.046035757430175885,-0.04584095426853467,58.9
2024-04-26,TW,75,0.08203978552076724,10,-0.03759747354868269,10,-0.01494368578320684,"2603,6491,3563,8210,6223,8996,3017,3617,3324,3653",-0.02589058034471209,-0.10864528170331753,-0.09886463343597927,53.6
2024-04-29,TW,75,0.05039172769769293,10,-0.055421147822763764,10,-0.05399658759790047,"2603,6223,6491,8996,3563,8210,3653,3617,3034,2360",-0.042928932002111786,-0.11864251746785721,-0.10537861530897372,53.4
2024-04-30,TW,75,0.07185762873046514,10,-0.02091265066811897,10,-0.031936533300171,"8996,2603,6223,6491,3563,2360,3006,8210,3653,3617",-0.016398235821548944,-0.11519155194109862,-0.10729654713176093,54.2
2024-05-02,TW,75,0.058240409551485836,10,0.1264537140854525,10,0.1451498258510526,"8996,6491,6442,3006,3617,6223,4766,6274,3017,8210",0.13032009580704146,-0.11133153920127017,-0.10387251955584395,54.4
2024-05-03,TW,75,0.08545010343685021,10,0.17448739953554326,10,0.20364604561002966,"3617,6442,8996,3006,3034,2308,4766,6274,3017,3406",0.17147161112896686,-0.10864361145165465,-0.10280604799715362,55.6
2024-05-06,TW,76,0.03621867462591464,10,0.1296999249981946,10,0.14174001990037285,"6442,3006,3617,2357,8996,4766,3034,3260,2360,6515",0.13594586270265524,-0.09346269009732479,-0.08948678640611313,59.3
2024-05-07,TW,75,-0.0579870841157719,10,0.021005117111326098,10,0.015928903828001773,"6442,2357,3260,3006,3413,3034,4766,8996,3044,3583",0.04505028948884676,-0.14235337381437735,-0.11994104361954236,58.9
2024-05-08,TW,74,-0.05668533065513482,10,-0.014129808974694336,10,-0.026865188826184383,"3044,3260,2357,6442,3006,3413,8996,3583,4766,2382",0.010578936185698684,-0.16276882937487566,-0.1339342754254003,52.5
2024-05-09,TW,74,0.0006976473987860937,10,0.08179365899610677,10,0.0899473306018286,"3044,2357,8996,6442,3260,6223,2382,3583,3006,3653",0.0903329615398384,-0.14574422983301347,-0.12074612781429539,58.3
2024-05-10,TW,75,-0.000606988433800133,10,0.002538832534357238,10,0.08727898810795641,"3044,2357,3260,6442,8996,4766,2603,3006,3413,2382",0.011802446872305684,-0.16596687421630768,-0.14043295706628656,56.6
2024-05-13,TW,75,0.02967989207702886,10,0.15000900692217609,10,0.05206801653945908,"2603,2357,6442,2330,8996,3044,6446,2382,8210,3006",0.13719799050173584,-0.12836432364826075,-0.11271703312214769,57.2
2024-05-14,TW,75,0.03861844867890258,10,0.19258526201854856,10,0.1950808610014864,"2357,6446,2603,3406,2382,2330,3044,8996,6442,2345",0.1764719235435476,-0.11691718078501738,-0.10158207806048494,57.1
2024-05-15,TW,75,0.04216909291248902,10,0.148654273768795,10,0.15498315912883226,"6446,3406,2357,2330,2382,6442,6669,2603,8996,3044",0.14285459412018237,-0.1507952108035079,-0.12087682454747353,55.4
2024-05-16,TW,75,0.05606464277661467,10,0.1388336173599322,10,0.14181445246763,"6446,3406,2357,2330,2603,6669,6442,2345,8996,2383",0.15058187238747484,-0.14194740773062414,-0.10566242518219626,55.0
2024-05-17,TW,74,0.05172126415481355,10,0.016613780981914482,10,0.14658560173476962,"6446,3406,2357,2330,2383,6669,8996,3044,2345,5434",0.0314067523906593,-0.15209051912046984,-0.11668008798879796,56.2
2024-05-20,TW,74,0.0718450566607975,10,0.15077596973436158,10,0.15365213920992396,"6446,3406,2357,2330,2345,6442,3044,2376,2603,6669",0.14456235903611284,-0.14802183975383082,-0.1139080447250446,53.9
2024-05-21,TW,74,0.07218125926786965,10,0.2549598772742862,10,0.21609548852405855,"6446,3665,3406,2330,2376,6442,2345,8996,5434,2357",0.25629067624889645,-0.11806647404691084,-0.0901106223231918,56.8
2024-05-22,TW,74,0.07080976175416719,10,0.3187359569384624,10,0.2136673705243405,"6446,3665,2330,6526,2357,3406,2345,6223,2376,6442",0.3120343818587081,-0.11035767819260758,-0.08671709259806905,55.2
2024-05-23,TW,74,0.07619883916302184,10,0.09222678932008863,10,0.2175602852128516,"6446,3665,2330,8996,3406,6526,6669,2345,2360,2357",0.11837577457997175,-0.14417542416608553,-0.09539793525823635,53.7
2024-05-24,TW,74,0.05126967653933902,10,0.11234505720552815,10,0.16053374696048403,"6446,8996,3665,2330,6223,6526,2360,3406,2345,6669",0.13974838292942587,-0.15593621724053022,-0.10676982214364913,53.2
2024-05-27,TW,74,0.06536163102323848,10,0.1055681760371332,10,0.2011741368817373,"6446,8996,2360,3665,2330,8210,2308,3017,2357,2345",0.09932324326512892,-0.1529246006505415,-0.10589451858704942,46.8
2024-05-28,TW,74,0.05218572103398824,10,0.14862680573503773,10,0.2766526870243521,"6446,3017,2360,3665,2308,8996,2330,6526,8210,6223",0.16006444798396796,-0.15528985541353318,-0.10445679295320143,47.5
2024-05-29,TW,74,0.07714939941273817,10,0.07529120715494031,10,0.13076253076374944,"3017,2360,6446,3324,8996,2345,3665,8210,2379,3406",0.08367845910268003,-0.1958250987285562,-0.1318770913917678,42.6
2024-05-30,TW,74,0.07160286083692105,10,0.11916676303271526,10,0.1303473125426762,"3017,3665,2360,8996,6446,2379,2345,3324,3406,6223",0.1222731484451433,-0.1812429949575951,-0.12244196704656449,43.0
2024-05-31,TW,74,0.07457035512774075,10,0.2856481783267438,10,0.12542994923019646,"3665,5289,3017,2451,8996,6446,2360,3406,6223,6442",0.28712570781738844,-0.1401721257919532,-0.09631556727062981,47.8
2024-06-03,TW,75,0.07478948649392785,10,0.28057200689602446,10,0.13871632497150863,"5289,3665,6446,6442,2345,8996,2360,6223,6414,3406",0.273093130281452,-0.11485488531654572,-0.09091549130778839,53.2
2024-06-04,TW,75,0.06389623017874729,10,0.22999928715251333,10,0.15234131601152773,"3665,6446,8996,2345,3293,3406,2360,5289,6223,2308",0.22403117701387018,-0.10027110954067693,-0.07694433782068158,54.9
2024-06-05,TW,75,0.050404875799468764,10,0.22992744820344707,10,0.10871117964191075,"6446,3665,3406,2308,2345,3293,6223,2451,3653,2330",0.1942760153869605,-0.08044258831713787,-0.08044258831713787,54.0
2024-06-06,TW,75,0.011028170327047374,10,0.20735681405762413,10,0.08086890866866071,"6442,6446,1476,2330,3293,2345,3665,2308,3406,2383",0.1902833181158975,-0.06476609846198608,-0.06476609846198608,55.8
2024-06-07,TW,75,-0.0015473965126618576,10,0.10241317743500385,10,0.13655384895626546,"6442,1476,6446,3665,2451,6488,2330,3406,2308,5434",0.08787288006790064,-0.08890040793741362,-0.08446518141280923,52.9
2024-06-11,TW,75,0.0071061103399512205,10,0.2271360017075242,10,0.2028538354178396,"6442,6446,1476,6187,3665,6805,2360,5434,2330,6223",0.22482129593809203,-0.07700863960211256,-0.07700863960211256,56.9
2024-06-12,TW,74,-0.013645604347546664,10,0.1767271783768522,10,0.17684287130331544,"6442,6446,1476,2330,3406,6223,6805,6187,3293,5434",0.16290448265454224,-0.10153012785361792,-0.10153012785361792,54.3
2024-06-13,TW,74,-0.03652897958032403,10,0.10497603062618474,10,0.12073941735937847,"6442,6223,2330,1476,6446,5434,3406,8016,6515,3665",0.07519646963240831,-0.11395673798172065,-0.1110181705118086,52.5
2024-06-14,TW,75,-0.02457667930130841,10,0.002185499724134443,10,0.16572648152527109,"6442,3293,3406,3665,8016,6515,2330,1476,6526,4966",-0.012220840279072975,-0.15461972771948237,-0.11553045863791951,44.6
2024-06-17,TW,75,-0.002815730069952824,10,0.15303665910627354,10,0.19831907038295035,"6442,3665,3293,3406,6640,8016,2360,2330,1476,6515",0.11792702665389024,-0.12540377267804814,-0.11313561005698594,51.4
2024-06-18,TW,76,0.00437898053736277,10,0.1312635969420822,10,0.21381577101025412,"6442,2408,2360,6640,2330,3293,3406,6683,3665,6515",0.07475220981602913,-0.1565818077067484,-0.125212417275524,44.6
2024-06-19,TW,77,0.013752337451086082,10,-0.028921159522343375,10,0.18064262932562936,"2330,3293,2382,4766,2408,3665,3406,6669,6515,2308",-0.04131392889188572,-0.19648730237346396,-0.13442761084637894,36.6
2024-06-20,TW,77,-0.004798041206380031,10,0.01563778217698982,10,0.13444677463359397,"2382,2330,3293,6442,2408,6640,3406,2308,3665,6669",0.06504825550024834,-0.15373675963283734,-0.09061437898036177,41.8
2024-06-21,TW,77,0.014772559959728345,10,0.06135625904220436,10,0.09097858558157096,"6640,6442,3293,2308,2330,3406,2408,2382,2360,3413",0.05597948389634855,-0.14788042545674068,-0.11951256289782627,46.2
2024-06-24,TW,77,0.023081360002560055,10,0.12994771825349694,10,0.17544086805245368,"6442,3293,3406,6640,2308,6683,3006,6515,2330,3665",0.10127074659170285,-0.11964723255757781,-0.09544923225200301,46.0
2024-06-25,TW,77,0.019779579466074455,10,0.13730558322175251,10,0.14720692857930823,"3406,6442,2308,6640,3293,6683,3665,2330,6515,2360",0.07430440486799639,-0.11411542764362319,-0.10517130732607846,46.2
2024-06-26,TW,75,0.006531523490212406,10,0.11855013316199133,10,0.13417578714793862,"3293,6442,6446,6683,6640,3406,5536,2308,3665,6121",0.0757197914493088,-0.10728137087062173,-0.09083541646047211,45.2
2024-06-27,TW,75,0.01295790604823936,10,0.13941973383212103,10,0.13941973383212103,"6442,3293,6446,5536,6683,2308,6640,3406,3665,2330",0.10857032974178142,-0.10660500492006438,-0.08719494487045598,48.4
2024-06-28,TW,75,0.006558403222492775,10,0.11286307857312423,10,0.11650183528357774,"3293,6446,6442,3665,2308,6683,6640,2330,3406,2368",0.10050009810468319,-0.1080851391795361,-0.08870197784108451,48.1
2024-07-01,TW,75,0.0010890007508691764,10,0.06970351662899935,10,0.08060630773500968,"6446,3293,6442,6139,6640,3413,6683,3583,2308,6488",0.043912361684670796,-0.1261327237836793,-0.1054816895619883,44.2
2024-07-02,TW,76,-0.018708774044825516,10,0.03059720631583356,10,0.05586056685333059,"3293,6446,6640,6683,3413,6139,3583,2368,6442,6488",0.014739473467330233,-0.1412693079344264,-0.12621467602452632,44.0
2024-07-03,TW,75,-0.02724654729668309,10,0.07829837896018513,10,0.12541863676052434,"6446,3413,6640,3665,2368,6187,6139,6442,2330,3324",-0.030479377149954745,-0.17606615302906467,-0.1402316966782971,38.8
2024-07-04,TW,76,-0.04285704148681779,10,-0.007310081081784469,10,0.11310565721608183,"3413,6640,6187,6442,6488,2330,3583,6139,2368,3324",-0.09962853367340273,-0.22169613202745692,-0.16556439598701303,28.6
2024-07-05,TW,75,-0.03838460144532243,10,0.0011664964529743526,10,0.13083729072794592,"6187,6640,3413,3583,6442,2368,3324,6488,2330,2383",-0.1670944038300356,-0.24813269070919403,-0.1833524975056756,14.7
2024-07-08,TW,75,-0.03794072788895502,10,0.05729665432524077,10,0.1250483233168885,"6187,3413,2330,6488,2368,3583,6640,2308,6442,3665",-0.04948919544120247,-0.19427635851033914,-0.15342435786042863,31.0
2024-07-09,TW,75,-0.04580729967636908,10,0.010903873345466086,10,0.08858462631497824,"6187,2330,3583,3413,3293,2308,2382,2368,6488,5434",-0.10072814489423906,-0.21118884702253254,-0.17116765039245024,22.6
2024-07-10,TW,74,-0.040571127720359604,10,0.05453026232752782,10,0.11909454358895524,"6187,2308,3293,6442,2382,6488,3413,5434,3583,2357",-0.09937244907030864,-0.2180371141793132,-0.16555599137382454,17.2
2024-07-11,TW,76,-0.014282534773194569,10,0.09270694956287588,10,0.1337797761839708,"2330,2308,6442,5434,3293,6223,3665,6488,2357,3583",-0.06455232376913947,-0.18125167110158147,-0.16792882148397528,24.1
2024-07-12,TW,75,-0.007998275715897752,10,0.0675579060370709,10,0.11496442428768587,"6442,3293,2308,6488,6446,2357,6223,3037,5434,3665",-0.048169544882590044,-0.17615079740127962,-0.1559227831519344,27.3
2024-07-15,TW,75,-0.008416114524218287,10,0.044567611416506205,10,0.1212528117042391,"3665,6223,6442,3293,6446,2308,6488,3037,2368,2360",-0.051784069401946374,-0.18272734848123465,-0.1581553013546019,31.1
2024-07-16,TW,75,-0.007981876149790141,10,0.0396561751935723,10,0.10779405319152961,"6442,3037,3293,3665,6446,2360,6223,8210,2308,6488",-0.060006301323826436,-0.19430977747445927,-0.15797959864705752,29.0
2024-07-17,TW,76,0.008538640004939336,10,0.04027059815831864,10,0.062290915979392646,"3037,6442,6446,6223,3293,2368,2308,8210,5434,2330",-0.05736867427207021,-0.17847654697783602,-0.1513836424396622,33.7
2024-07-18,TW,76,0.02538012531484381,10,0.042399474041085364,10,0.08854074182905644,"6442,6446,3037,6223,3293,2395,1476,3665,6488,2308",-0.018855522774806576,-0.1755497171494121,-0.14747324785881105,39.2
2024-07-19,TW,76,0.039100762035839114,10,0.11132622318113213,10,0.1612909124133484,"6442,6446,3293,6640,3037,3583,1476,3665,6223,2395",-0.0202051819220609,-0.1646722912531498,-0.1475029415333538,33.4
2024-07-22,TW,76,0.05680951922607401,10,0.1131748881901389,10,0.187473281301775,"6442,6446,2395,3037,6640,3293,3665,1476,8464,3583",0.07163411783673802,-0.13453252424797602,-0.11781381776815798,48.6
2024-07-23,TW,76,0.06523273825960176,10,0.10244023734731526,10,0.11051531967769108,"6446,3665,6640,3293,3037,2395,8464,3044,6515,1476",0.05254612143769054,-0.11506402630871515,-0.11318735112393714,49.5
2024-07-26,TW,75,0.03550383676866563,10,0.09077292507837623,10,0.09077292507837623,"3293,6640,6446,8464,3037,3665,6223,6442,3583,2368",-0.042369930486807664,-0.16777065482401107,-0.15781236031678952,33.3
2024-07-29,TW,76,0.06556533284260731,10,0.17594983100042044,10,0.16113121671020134,"3293,8464,6640,6446,3665,2308,6515,1476,6187,6442",0.05869713117803801,-0.11725370703036302,-0.11725370703036302,41.1
2024-07-30,TW,75,0.03745564234861405,10,0.10948265839748586,10,0.15441245774165857,"6640,8464,6446,3293,3665,6187,6442,2308,2368,3583",0.02232259706276678,-0.14617181880159733,-0.138312689952441,43.6
2024-07-31,TW,75,0.013749851736086883,10,0.08903495917877315,10,0.08903495917877315,"6446,6640,3293,2308,8464,2368,6442,6187,3665,3583",0.00041892866151205244,-0.16370195416014854,-0.1460361028840116,31.6
2024-08-01,TW,76,0.04404359255168122,10,0.08907267769955358,10,0.059709975534156634,"6446,2308,3665,6805,8464,6640,2368,3293,6442,2357",0.06180532742062148,-0.12591257224333555,-0.11538065744677169,48.8
2024-08-02,TW,81,0.1292125350819707,10,0.23465976388710402,10,0.22699438301542205,"6446,6640,8464,6442,6805,3293,3665,3583,2360,2368",0.1942544791785666,-0.0636517056032154,-0.061816843421277065,54.5
2024-08-05,TW,79,0.1467491075798248,6,0.20226310735172903,6,0.20226310735172903,"6640,6446,8464,6442,3293,3665",0.1345712118299399,-0.08547998097327682,-0.08249044467884058,50.666666666666664
2024-08-06,TW,78,0.17878782146539648,7,0.24473033311071687,7,0.24473033311071687,"6446,8464,6640,3665,3293,6442,2308",0.24473033311071687,-0.029708182862963776,-0.029708182862963776,60.0
2024-08-07,TW,78,0.15440833830733552,10,0.21738784018940455,10,0.2173878401894045,"6446,8464,3293,2368,6640,3665,6223,3583,2308,6442",0.21738784018940455,-0.0419682615162497,-0.0419682615162497,60.0
2024-08-08,TW,77,0.1151634581898419,10,0.1817201087158449,10,0.1817201087158449,"2357,6446,3293,8464,6223,2368,3665,2308,6640,6442",0.18575508459332163,-0.05120482503338476,-0.04850212256893579,57.8
2024-08-09,TW,77,0.1155053137462288,10,0.20869334993151348,10,0.15600383753138183,"6446,3293,2357,6187,8464,6223,3665,3583,2368,2308",0.20869334993151348,-0.049656136620087735,-0.049656136620087735,60.0
2024-08-12,TW,77,0.0693501984916152,10,0.22401112850534383,10,0.18231570723138907,"6446,3293,6187,2357,8464,3583,2308,3665,6515,6223",0.22401112850534383,-0.04031504753998496,-0.04031504753998496,60.0
2024-08-13,TW,76,0.05500038527638579,10,0.11735825931643543,10,0.15625706226313837,"6446,6187,3293,3413,8464,2357,3583,6223,6805,2308",0.11586259885463183,-0.06409668432946018,-0.06409668432946018,58.2
2024-08-14,TW,76,0.03913413468863054,10,0.1333700387193793,10,0.11111803073142808,"6187,6223,8464,2357,3293,3413,3583,6805,2308,2360",0.1333700387193793,-0.05849697580202814,-0.05849697580202814,60.0
2024-08-15,TW,76,0.017059407119351205,10,0.06386718327217232,10,0.05707537098535278,"6187,8464,6223,2603,6805,3583,2357,3413,6640,3293",0.04448202126706212,-0.10346473270190322,-0.10090956431215384,54.1
2024-08-16,TW,75,-0.0028148002408899496,10,0.02588586258936062,10,0.061835562822166276,"6223,6187,8464,2603,3583,2357,6640,6805,8210,3413",0.008928134180777213,-0.09984518079295758,-0.0972988845161638,51.1
2024-08-19,TW,75,0.007957398160731335,10,0.07103454747492308,10,0.113717409445891,"6223,8464,3583,3293,2603,2379,2357,6640,6805,3665",0.05579836688294017,-0.112254151540193,-0.10532677728356483,53.6
2024-08-20,TW,75,0.007906877459428368,10,0.10767689376746933,10,0.11847485599925962,"8464,6223,3583,2603,6640,6187,2379,3293,3665,2357",0.08803840346724205,-0.0920731980370186,-0.08957603574129706,53.5
2024-08-21,TW,75,0.018927297538770146,10,0.12084295693782807,10,0.0404865212933489,"6223,8464,6640,6187,2603,3583,2357,6139,3293,3665",0.0910261977403532,-0.09256992838144067,-0.09006137652030743,48.8
2024-08-22,TW,76,0.04381482571837737,10,0.13680596620679455,10,0.14738853536736435,"6223,2603,8464,6640,3665,6187,2379,2357,3583,2360",0.11907850179242882,-0.0766420922265522,-0.07413067671959683,53.1
2024-08-23,TW,76,0.022941831586784072,10,0.07167544136795113,10,0.08830637570934805,"6223,6640,6187,3665,2603,6805,3583,3293,2357,3044",0.05264301269143358,-0.13400067666438892,-0.11269962895716705,47.2
2024-08-26,TW,75,0.016575278971027122,10,0.10374371071677435,10,0.1037142739320247,"6223,6640,3036,2357,3665,2360,2603,3293,6187,8464",0.1008706970245347,-0.09753917775579632,-0.09114742521981176,57.9
2024-08-27,TW,74,-0.012654804136390807,10,0.06437743115397357,10,0.03586271714698278,"6223,3665,3036,2357,6187,2360,8464,6805,3044,2404",-0.0020055645017375,-0.10944525054863936,-0.10944525054863936,49.7
2024-08-28,TW,75,-0.009611869929731051,10,0.03286425074014186,10,0.03341900489971946,"2357,6640,6223,3036,6187,3665,2360,3413,8464,2330",0.034505972895722214,-0.10056533368814398,-0.09417358115215943,57.7
2024-08-29,TW,75,-0.011269167629530829,10,-0.08720713562111126,10,0.002379402526097385,"3406,3036,6187,2357,4966,6223,6640,3413,8464,3044",-0.07190549169161224,-0.1501863663315672,-0.1260791889275864,50.2
2024-08-30,TW,75,0.0017812245386343451,10,0.022086004313540786,10,0.014499731538857119,"6187,6274,4966,2383,3036,3665,6223,3044,3413,2357",0.013933280225776157,-0.1232629019025755,-0.1221558907921025,53.8
2024-09-02,TW,75,0.023368018802654995,10,0.07099138058137257,10,0.07983729990499037,"2383,2357,6187,3036,6274,3044,2360,8464,6223,2345",0.06942481065414347,-0.09786140183891716,-0.09691701585072705,59.7
2024-09-03,TW,76,0.09640844220561423,10,0.06491970050618309,10,0.1272841865850015,"3617,2383,3147,6274,6187,3044,2357,8464,6223,3036",0.060732379425378714,-0.07268918743664836,-0.07268918743664836,58.7
2024-09-04,TW,76,0.08604245643705542,10,0.10639689532147809,10,0.10639689532147809,"2383,3617,3147,6223,6187,6640,6274,8464,2357,3665",0.1019072259727484,-0.1131068845394366,-0.10163309094096618,54.7
2024-09-05,TW,76,0.09386728701850167,10,0.07436207191253978,10,0.1324876587613901,"2383,3617,6274,3147,8464,6223,6187,6640,2360,2357",0.05247006125340516,-0.09795403865719278,-0.09115579308141566,54.3
2024-09-06,TW,76,0.11033402193264936,10,0.05272813718181975,10,0.0895022472281243,"2383,3617,6187,6274,6640,3147,3413,8464,6223,2360",0.05083833840626874,-0.0972852110003469,-0.09074512664849439,57.0
2024-09-09,TW,75,0.06798550701146028,10,-0.029050264147722236,10,-0.04002069967109091,"3617,8996,2383,6187,6274,3413,3147,6640,8464,2360",-0.047915366127472644,-0.15028030562803557,-0.131108511977086,47.4
2024-09-10,TW,76,0.09357671451447047,10,0.0916970577514444,10,0.07341514465438309,"2360,3617,6187,3413,6274,8464,2383,3147,2357,6805",0.07697566765083322,-0.07868386122409339,-0.07868386122409339,58.2
2024-09-11,TW,75,0.06838899124405182,10,0.013563889752927638,10,0.012980429008127315,"3617,3413,6187,2360,6274,3147,2383,6640,6223,6446",-0.02017970267378144,-0.1279735938608337,-0.1184165325284436,49.5
2024-09-12,TW,75,0.05770561318254397,10,-0.0023131844966404413,10,0.077570899976417,"2360,3617,6187,3413,6274,8996,2383,3147,6223,8464",-0.02291253157287959,-0.1336921854037826,-0.11161835685363512,46.6
2024-09-13,TW,75,0.03398391649323224,10,-0.06673333859107389,10,-0.03684238367465931,"2360,6187,3617,6274,3413,3147,8996,8464,6223,1476",-0.07727168018935703,-0.14314712152986425,-0.11888398788509816,44.6
2024-09-16,TW,75,0.04657695704497996,10,0.07855096355532606,10,0.03848983948248717,"6187,3617,2360,2345,6274,3413,3147,3293,6223,2383",0.05802922209739281,-0.11853202617040166,-0.11015660511348094,51.4
2024-09-18,TW,76,0.06742126702876318,10,0.0002981805251838554,10,0.04759794780383049,"6187,2360,3617,1476,3583,2603,2357,3413,6446,3147",-0.01015707588873892,-0.09389895077928931,-0.08596940217804036,54.9
2024-09-19,TW,75,0.028964671212541676,10,0.006303687065171415,10,-0.015068723150665386,"6187,8464,3617,2357,2360,6446,2330,3413,2603,2345",0.02201881549213658,-0.12084548175288676,-0.10205252587252525,50.2
2024-09-20,TW,75,0.019955519170350496,10,-0.044355426028608716,10,-0.042951656958910976,"2357,6187,2330,6446,3583,1476,2360,8464,3293,3617",-0.029819496363221575,-0.11172450596815257,-0.09450612280188196,52.5
2024-09-23,TW,75,0.029594553512308035,10,0.03229335956760835,10,0.030671946246198123,"6187,2357,2603,2330,3583,3617,3293,1476,8464,2345",0.03981374730385594,-0.10429917398585073,-0.09281563280061791,56.5
2024-09-24,TW,75,0.019631209686405904,10,0.06216107806817459,10,-0.03941190032583571,"2603,6187,2357,2330,3293,2360,2345,3665,3617,8464",0.03247224697749449,-0.11197274798227345,-0.09768929981336066,50.6
2024-09-25,TW,75,0.02248601291874788,10,-0.014069447850544304,10,-0.013817601464375584,"2603,3293,2330,6187,1476,2357,8996,1590,3583,3665",-0.005536827900635488,-0.11348302516324527,-0.09798165473199591,53.7
2024-09-26,TW,76,0.027409859129687287,10,-0.035527642403027235,10,-0.03971382958506904,"3293,2330,2603,3324,1476,6187,8996,3017,1590,6526",-0.04415776995691093,-0.13178347687116265,-0.11852766303471188,50.1
2024-09-27,TW,76,0.0420626150512388,10,0.020024430795392935,10,-0.014616385224101736,"3293,2603,1590,2330,3324,2382,3017,1476,6187,3665",0.01897077795083609,-0.08924794839780305,-0.0885048485858125,57.1
2024-09-30,TW,76,0.04530523248027136,10,-0.00893729535230876,10,-0.032788740489854765,"3293,1590,6187,2603,3324,3665,6805,6526,8996,2360",0.0011839082370820875,-0.11755997106072477,-0.10728883863003831,53.7
2024-10-01,TW,76,0.054193108330051226,10,0.028725759424380305,10,0.015979489905167944,"3293,1590,3324,6187,3665,2603,6805,6139,2360,6526",0.03167704016581687,-0.09627381141185366,-0.09371757429920759,58.7
2024-10-04,TW,76,0.03960980387158798,10,-0.06090863122909971,10,-0.11128931669418937,"1590,3293,3324,6805,6187,6526,3017,3583,2330,2376",-0.06439828777667433,-0.10385683521116178,-0.09243153886604959,49.6
2024-10-07,TW,76,0.03327367813234407,10,-0.0743626931625504,10,-0.07916247037788383,"1590,6187,6805,3583,3324,6139,3293,2330,2376,3017",-0.06827981776045654,-0.11801884615063303,-0.09735881268842911,44.2
2024-10-08,TW,75,0.04234286191135461,10,-0.07336927916767245,10,-0.08973738543358792,"3324,3583,6187,1590,6805,3293,3017,6139,2360,6526",-0.07143440889821458,-0.13566756372699854,-0.12044220162508017,46.9
2024-10-09,TW,76,0.06595886612858907,10,0.023120045550553837,10,0.0036642456316478777,"1590,3583,2330,3293,3324,6442,2382,3017,6187,6526",0.0005124526120557693,-0.09448933753581097,-0.08505526468481146,47.7
2024-10-11,TW,75,0.06094827571484708,10,0.05524436912568577,10,0.03851544673723238,"3293,3324,2382,6442,3017,3583,3036,6510,1590,6526",0.043942802353089096,-0.09498731536897734,-0.08995134419886666,52.7
2024-10-14,TW,75,0.017848764703578435,10,0.025515874225803682,10,-0.0367997837200003,"6442,3293,3324,6669,3017,2382,3583,3036,2360,6510",0.022522035113987947,-0.11501249903637549,-0.10907090784366905,51.7
2024-10-15,TW,75,0.024395279196029625,10,0.08440759923265215,10,-0.019245964134800054,"3017,2382,3324,6442,3293,6669,3036,6223,2357,6510",0.07804313408093358,-0.08839985785937098,-0.08839985785937098,55.2
2024-10-16,TW,75,-0.020169246414838252,10,0.036165595591989674,10,-0.0851608279523782,"3017,2382,6442,3293,3324,2404,6510,8210,6669,6223",0.020362043732159375,-0.12231536868252127,-0.11744811199497329,52.0
2024-10-17,TW,74,-0.010872604579116369,10,-0.06998964884490859,10,-0.02236952837737478,"2382,3017,8210,3324,6510,6669,2360,6805,6223,3583",-0.07041887299287287,-0.17924567548966858,-0.1571465764958015,47.0
2024-10-18,TW,75,-0.020135289323448696,10,-0.06525946031448845,10,-0.06342514995799227,"2382,3017,3293,3324,6805,6442,2360,8210,6669,2345",-0.04292898856110444,-0.1489632304115127,-0.13409656995005068,54.2
2024-10-21,TW,74,-0.006551992755071972,10,0.04772383716222682,10,0.023950230079052816,"2382,3017,6442,6526,6669,3324,2345,6139,6510,3034",0.052692112529635585,-0.12176627478644864,-0.11482388187322776,54.4
2024-10-22,TW,74,-0.009074416642362453,10,-0.021509554294650256,10,0.014161709585032111,"2382,3037,6442,3017,6669,2345,2360,3665,2603,6805",-0.0031545577126711353,-0.14033912741460647,-0.12350065538323066,55.5
2024-10-23,TW,75,0.003962014115368667,10,-0.052865282380931154,10,-0.012901671014664096,"3037,2382,6442,3017,6669,8210,6223,3293,3036,2376",-0.08192755907541602,-0.15903370639119613,-0.15137722821022276,52.7
2024-10-24,TW,75,0.014164305894274386,10,-0.0064829184827857374,10,-0.0449839554215135,"6442,3037,2382,6223,6669,8210,2603,2345,2360,3017",-0.031857861991841784,-0.13526910570724854,-0.13229361280952015,51.5
2024-10-25,TW,75,0.019687317409563105,10,0.009667959297301043,10,-0.04813733784672928,"3037,2382,2345,2603,6442,6669,8210,2376,2308,3017",-0.0014090361981208277,-0.12120387893803575,-0.11824336834336986,55.7
2024-10-28,TW,75,-0.005061342341473912,10,0.0023093977741917237,10,-0.04856253467767999,"3037,5536,2382,2603,2308,3044,2345,6669,2357,3293",-0.023418299243452644,-0.10100075082300478,-0.0888146037450164,52.5
2024-10-29,TW,75,-0.008255310534557412,10,-0.05449257399283308,10,-0.059159598898406905,"3037,5536,2308,2603,2382,6442,6139,3293,6669,2360",-0.04840911325681195,-0.1291645269035156,-0.1291645269035156,59.4
2024-10-30,TW,76,0.03771661803024301,10,0.039198552018953524,10,0.0352703522820572,"2603,3037,5536,6510,2308,2382,6442,2360,8210,3665",0.042677117073009384,-0.1017606463697931,-0.1017606463697931,59.7
2024-11-01,TW,75,0.025479183377935064,10,-0.027101970838502343,10,-0.01950213001482214,"2603,3037,2376,5536,6442,2382,6510,2360,6139,8210",-0.004992096227728093,-0.1520300007283517,-0.12279666219967922,53.4
2024-11-04,TW,76,0.04003890887818031,10,0.029137647617588504,10,-0.013344823024511144,"2603,6510,6442,2382,2360,3037,5536,2376,3665,6669",0.043447614389323964,-0.1250864285091559,-0.09666757066536125,54.1
2024-11-05,TW,76,0.024185330942187694,10,0.009244877128382567,10,0.04263042389137929,"2603,2376,6510,2382,6442,2360,3037,5536,3665,2357",0.028992660478900034,-0.1405604300019847,-0.10580591714185603,52.9
2024-11-06,TW,76,0.022863239716698503,10,0.008434193895057729,10,0.02869131278542474,"2376,2603,2360,6510,2382,3037,6442,2357,1590,3665",0.014133311457748887,-0.14517100920678963,-0.10870187797511206,46.3
2024-11-07,TW,76,0.003067340175929482,10,-0.03895614374721677,10,-0.007057058180377229,"6510,2376,3037,2603,2382,2360,2395,6442,3036,2345",-0.012082398542278872,-0.16076205990199166,-0.12033789222651517,48.8
2024-11-08,TW,75,0.013269413421004921,10,0.012043631452588322,10,-0.049106142468713476,"6510,2376,2603,2382,3037,3665,2357,6669,2379,6442",0.02438363091431167,-0.1252242211276949,-0.0905727812807254,48.6
2024-11-11,TW,76,0.017447636263588456,10,0.007880580162864059,10,-0.015042861741155811,"6781,6510,3665,2603,8210,2376,6669,2382,2360,6442",0.010156820248275533,-0.14430149211224888,-0.11142041564999002,52.5
2024-11-12,TW,75,0.03873304620698699,10,0.035995236192011205,10,-0.014938084792183915,"6781,3665,6510,2603,6669,2376,8210,6442,2360,2357",0.03034872111844015,-0.11923913712629419,-0.09667199509024983,53.8
2024-11-13,TW,75,0.03916205779262979,10,0.029232985039831925,10,0.01969266341623236,"6781,6510,3665,6669,2603,2376,8210,2345,3037,2382",0.026683743282089434,-0.14006362050394547,-0.10775658792878587,50.3
2024-11-14,TW,75,0.05087928657574062,10,0.07645143523458311,10,0.06417199588747848,"6781,6510,6669,3665,2404,2603,2357,8210,2345,3017",0.06365469257368625,-0.09739540915745518,-0.08237420693864088,50.2
2024-11-15,TW,75,0.05362427965434107,10,0.11555867361836847,10,0.0566397125680379,"6781,3665,6510,2404,2603,6669,2383,2345,6187,2357",0.10764763625754481,-0.07223744887648302,-0.07223744887648302,57.9
2024-11-18,TW,75,0.06758186521381518,10,0.10523208352137407,10,0.09009076965813914,"6781,2404,6510,2603,3665,2379,2345,2357,6669,3036",0.10523208352137407,-0.05102575810507146,-0.05102575810507146,60.0
2024-11-19,TW,75,0.04414927893905919,10,0.059473191855661155,10,0.027237226208395703,"6781,2603,2404,3665,6510,2345,2379,2357,6121,3036",0.05048209046371156,-0.06909001794318181,-0.066358925239803,58.1
2024-11-20,TW,76,0.04115328268080509,10,0.08182286639792405,10,0.0588358609976045,"6781,2404,3665,2603,6510,2345,2395,2383,3324,2357",0.06355020205800374,-0.06319376038785794,-0.0614952462604772,56.7
2024-11-21,TW,75,0.03034003130741192,10,0.08114469910867243,10,0.05931120038196987,"6781,2404,3665,2603,2383,6510,2345,2395,6121,2379",0.061466802342165894,-0.06399583482256666,-0.06229732069518591,55.9
2024-11-22,TW,75,0.00968912193199674,10,0.03282696448078184,10,0.03282696448078184,"6781,2404,2383,3665,2395,2603,6510,2345,6121,6669",0.019751440525666387,-0.08235832277934267,-0.08067055873900965,55.7
2024-11-25,TW,76,-0.0030427086837188848,10,0.06326596107312746,10,0.03472058359113217,"6781,6510,2383,3665,6121,2395,2404,2345,6669,6139",0.06326596107312746,-0.05787338653182598,-0.05787338653182598,60.0
2024-11-26,TW,76,0.01516642916982262,10,0.06934594105436133,10,0.0667529400101329,"6781,2404,3665,2395,6121,2383,2345,2603,3324,6510",0.05628814777251003,-0.058352209351858565,-0.058352209351858565,58.1
2024-11-27,TW,76,0.0429773014549147,10,0.05068620551056456,10,0.05068620551056456,"3617,2404,2345,6781,2395,3665,2383,6805,6121,6510",0.04783925457746291,-0.06319549066508351,-0.06136482712869483,57.1
2024-11-28,TW,76,0.058213252162854466,10,0.09940612088290815,10,0.09983523003933688,"2404,6781,3617,2345,2395,3665,2383,6805,6139,6121",0.09377454955734825,-0.060835724549287054,-0.058988149572191804,57.0
2024-11-29,TW,75,0.01925740511626819,10,-0.018904567360691925,10,-0.0035241336874048844,"6781,2404,3617,3665,6805,6274,2345,2383,6121,6510",-0.01642150544506138,-0.08359974307785936,-0.06835649983366737,53.5
2024-12-02,TW,75,-7.969441618820147e-05,10,-0.0829192586259082,10,-0.06437550108164126,"6781,2404,2345,2383,3617,6805,6274,3665,8996,6121",-0.07449809174031977,-0.13643653569441325,-0.11208528229958366,49.0
2024-12-03,TW,75,-0.009693742366970164,10,-0.05391006225322757,10,-0.06110433255234311,"6781,2404,2345,2383,2395,3665,6274,3324,6121,6510",-0.049103809822559664,-0.10989828334265912,-0.10216798425354123,53.9
2024-12-04,TW,74,-0.01400496574811611,10,-0.08789123600001728,10,-0.11936695633108747,"2345,2383,2404,3665,6510,6526,4966,6121,6274,2395",-0.08230345618914049,-0.12608151517838406,-0.1138763220072756,51.9
2024-12-05,TW,74,-0.020103922392250086,10,-0.1314644974334573,10,-0.12000373728918094,"6510,2404,2383,6526,4966,3665,6223,2345,6274,6669",-0.10367223745403713,-0.1523739029400308,-0.12538187001792242,45.9
2024-12-06,TW,75,-0.022238931177495244,10,-0.05962772749304227,10,-0.08121697246145473,"6510,2383,2404,6781,3563,6669,6526,4966,5536,3665",-0.08075741378355336,-0.14163826065165716,-0.11161725473029191,44.8
2024-12-09,TW,75,-0.014108678938141059,10,-0.046071392072143155,10,-0.037952631188498884,"2383,5536,6669,6526,6510,2404,3563,2345,4966,2368",-0.07395499578280335,-0.1221949487138595,-0.1023221652397928,50.4
2024-12-10,TW,75,0.008505835134558331,10,0.018947772109542006,10,-0.028940378836790813,"2383,5536,6669,6526,2404,3563,6274,6510,2368,1590",-0.023299588772332503,-0.10595459269678613,-0.09398724550097692,52.6
2024-12-11,TW,75,-0.01450406327528599,10,-0.06759481792552911,10,-0.06304829593799216,"2383,6274,2368,6669,6442,2308,5536,6526,3563,6510",-0.10929726198295082,-0.1561832755660709,-0.13222727319531508,45.6
2024-12-12,TW,75,0.011236887121070075,10,-0.08252084823479895,10,-0.08410751239707594,"2383,6526,2368,2308,6669,6442,6274,5536,6510,2404",-0.09154860118327417,-0.13948101348145017,-0.12503483871874008,50.7
2024-12-13,TW,75,0.005705275518854249,10,-0.09739794588650146,10,-0.09128392011147976,"2383,2368,6526,2308,6442,6669,6274,4966,2379,2345",-0.1095042223170887,-0.1570204067640879,-0.1424146256458752,49.4
2024-12-16,TW,76,0.00439721836568754,10,-0.05278828169585453,10,-0.10468494062917984,"2383,2368,6691,2308,6669,6526,2379,5536,6274,2404",-0.06168120202343622,-0.10922264560395396,-0.10463182719030764,49.3
2024-12-17,TW,76,0.001259229249205249,10,-0.08673458291254794,10,-0.10627108711558728,"6691,6669,2383,2368,6526,4966,2379,6223,2308,2404",-0.07751608435731684,-0.1361291930540617,-0.12619588589348169,50.9
2024-12-18,TW,76,0.013081915362229336,10,-0.07398462897572387,10,-0.08641246598274525,"6691,2383,2368,6669,2308,2379,6223,6526,3406,4966",-0.06953191245253945,-0.12209034706021471,-0.1123276085289445,51.6
2024-12-19,TW,76,-0.007598589505890219,10,-0.0840237056405822,10,-0.11714171599399352,"6691,2383,6669,5536,3406,2368,6223,6526,2379,2308",-0.07475063212863264,-0.12144448098784615,-0.10978642518267265,52.8
2024-12-20,TW,76,-0.03645108806900665,10,-0.10374885437312564,10,-0.14329208044035063,"6691,6669,2383,5536,2368,3406,2345,4966,3044,2379",-0.08491170055793304,-0.12788133315465827,-0.11024257911934039,53.1
2024-12-23,TW,76,-0.09062540111573048,10,-0.15752838374324302,10,-0.1782403265174656,"6691,2383,6669,6442,2368,5536,3406,2345,3034,2308",-0.11607086606818755,-0.1659155321739037,-0.12518278925406606,51.0
2024-12-24,TW,76,-0.06962429919493922,10,-0.1127567323235867,10,-0.142833112620604,"3147,6691,8299,2308,2383,6442,6669,5536,4966,2368",-0.07147136721594152,-0.1544982467596316,-0.11030154902352636,50.3
2024-12-25,TW,75,-0.07005504510029326,10,-0.1150757583607114,10,-0.1713464150711195,"3147,6691,8299,6442,2368,6669,3406,5536,2308,2383",-0.08118205198055915,-0.16560362782963237,-0.13138057019607663,52.0
2024-12-26,TW,75,-0.17907714161152566,10,-0.20739270636560536,10,-0.26468943307513887,"3406,6691,3147,3617,8299,5536,2379,6442,2308,2368",-0.13202780648018947,-0.2224401158135664,-0.148439353655777,44.2
2024-12-27,TW,75,-0.2310350592883206,10,-0.27540290272253715,10,-0.31641879058099576,"6691,3406,8299,3147,2383,6442,2368,2379,2308,6223",-0.16097670152337978,-0.27814788891887726,-0.16912548289504808,39.0
2024-12-30,TW,75,-0.2839733273618382,10,-0.33695298089837944,10,-0.3573163063389946,"6683,8299,6691,3406,3147,6442,2379,2308,3617,2368",-0.17513692534839853,-0.3363760834982633,-0.17609337718410512,42.5
2024-12-31,TW,75,-0.21050884920157242,10,-0.25485275027129556,10,-0.27558755013021907,"8299,6683,3147,6691,3406,2379,6442,3617,2368,2404",-0.16199428825835827,-0.32339112478004706,-0.17384208157192138,37.2
2025-01-02,TW,75,-0.18678304243902472,10,-0.17608005548959332,10,-0.2318810539042296,"8299,6691,6683,3044,3147,6139,3034,6121,3406,2368",-0.17416560586331647,-0.2702051462372467,-0.19952732466132814,47.1
2025-01-03,TW,75,-0.17510108348581763,10,-0.20236572457677723,10,-0.1995846000456523,"6691,8299,6139,6683,5536,6446,3044,2357,2368,2345",-0.21319835029256598,-0.30552305708656563,-0.2174955611684722,47.0
2025-01-06,TW,75,-0.15832028435840473,10,-0.17897844595420537,10,-0.1915834250122883,"6446,6691,6139,6683,8299,2376,5536,2404,2357,6669",-0.20511665951566913,-0.2966288034341083,-0.21499705090597923,41.9
2025-01-07,TW,75,-0.18035398359196178,10,-0.24963704800231729,10,-0.22866200578459836,"6446,6683,6691,6139,6223,2404,2357,3037,5536,6669",-0.1995662983306226,-0.35479756953937,-0.2130553081754048,33.5
2025-01-08,TW,75,-0.17895338060797036,10,-0.21149466402719344,10,-0.25783223454251586,"6446,6683,6691,6139,8464,6223,2357,2404,5536,6121",-0.20706237364831806,-0.32174993376186267,-0.22775257255945477,40.9
2025-01-09,TW,75,-0.15299124436153785,10,-0.1935069809067929,10,-0.17847857940122766,"6446,6691,6683,6139,5536,2404,6223,2357,6121,3665",-0.19129357464421148,-0.320978202402536,-0.21444855112232375,36.5
2025-01-10,TW,75,-0.16091944935563476,10,-0.20898503328678325,10,-0.16125053173387194,"6446,6691,6683,6139,5536,6121,2404,6223,2357,3044",-0.20514027359926018,-0.31089214281829036,-0.22444650588109782,39.7
2025-01-13,TW,75,-0.15290968739737743,10,-0.20478306575831348,10,-0.22034459446450158,"6446,6691,6683,6139,5536,2404,2395,6121,6223,2357",-0.18174306473208798,-0.28753960655727767,-0.2017201508733261,40.0
2025-01-14,TW,75,-0.12460527331774239,10,-0.14537101197191657,10,-0.17880120523414209,"6446,6683,8464,6691,5536,6139,3034,1590,2404,2395",-0.15545852203679728,-0.257924639419702,-0.19081352252358108,42.5
2025-01-15,TW,75,-0.12496265234839382,10,-0.15305293131304493,10,-0.18028090328745672,"6446,6683,8464,6691,5536,3034,6139,2404,6121,6510",-0.17573960148417403,-0.2837764520137837,-0.2019334083941354,39.2
2025-01-16,TW,75,-0.10660685723037554,10,-0.17816064815205077,10,-0.09298300926594391,"6446,6683,8464,5536,6691,6139,3034,2404,6121,6442",-0.17345001625187778,-0.2991017359838461,-0.2039201864430542,37.2
2025-01-17,TW,75,-0.0966906559820526,10,-0.13944215238239238,10,-0.1246618040565568,"5536,8464,6446,6683,6691,2404,6139,3034,1590,2308",-0.14075672520699312,-0.28223583653427553,-0.17663956949292212,37.1
2025-01-20,TW,75,-0.092458702333252,10,-0.14477050956074455,10,-0.158383357590063,"5536,6691,8464,6139,6683,2404,1590,6446,6121,3665",-0.1783709549035834,-0.3189360168753608,-0.20638017666880354,32.8
2025-01-21,TW,75,-0.10520116044986184,10,-0.14148293008905352,10,-0.1414829300890535,"5536,8464,6691,6139,3034,2404,6683,1590,6446,6121",-0.16049403053173772,-0.29196650479989816,-0.19605138947372008,33.2
2025-01-22,TW,75,-0.048485105696722514,10,-0.08581541073321915,10,-0.09195773072908878,"5536,6139,3034,2404,8464,2308,3665,6691,6442,6121",-0.18631255846970882,-0.2741086773977992,-0.20689966514276428,38.2
2025-02-03,TW,76,-0.0771251903652574,10,-0.11054735887505499,10,-0.14842045469543277,"5536,3034,6139,2357,2395,8464,6691,2404,1590,6446",-0.17147886800065396,-0.2645181784802463,-0.20650592922216013,36.9
2025-02-04,TW,76,-0.06548597001677291,10,-0.0273701249370538,10,-0.11511779191572458,"3034,5536,2379,2357,8464,2395,6139,3147,1590,6526",-0.18075513822761527,-0.26695534057207293,-0.21428788122300682,39.7
2025-02-05,TW,76,-0.08896895226122391,10,-0.12537775485362648,10,-0.12284848072812378,"2395,3034,5536,2357,2379,8464,6526,6139,1590,2345",-0.19355671237867292,-0.2995013326096562,-0.22109310819450462,36.5
2025-02-06,TW,75,-0.07938187421895894,10,-0.07406038611812374,10,-0.12353903574329697,"3034,2395,1590,5536,2357,8464,6526,6446,3147,6139",-0.18907102905414597,-0.2979245937331634,-0.21659825767530658,35.1
2025-02-07,TW,76,-0.07447818372753569,10,-0.0026801166102377707,10,-0.10388318843311226,"2395,3034,2357,1590,5536,3147,6139,3665,2345,2383",-0.19302161703932347,-0.30242563587223603,-0.21807337783328168,32.9
2025-02-10,TW,75,-0.05879325636199555,10,-0.06677881266996373,10,-0.09873482891659627,"2395,2357,3034,1590,3406,3665,8299,2379,6139,2383",-0.1967014686854478,-0.284681240676741,-0.22781836245598514,37.9
2025-02-11,TW,76,-0.0547392868726801,10,-0.11576588481592016,10,-0.12642729302317052,"3665,2395,8299,1590,6526,2357,3034,5536,3406,2379",-0.17933753310971187,-0.30574289632004986,-0.21248381276604036,33.8
2025-02-12,TW,76,-0.02972666394401221,10,-0.12539574325117062,10,-0.09471767576206845,"6446,3034,2357,3665,8299,6139,2395,8996,6526,1590",-0.1896527086636684,-0.33268471597300564,-0.21708238170127384,29.0
2025-02-13,TW,75,-0.04089158832941524,10,-0.08227597958892456,10,-0.08177652607866989,"2344,8299,8210,2357,3034,6526,3665,6446,1590,6139",-0.19114214357442272,-0.3149962737107929,-0.2202697572388499,29.0
2025-02-14,TW,76,-0.03570290855057483,10,-0.036747742247576445,10,-0.0433920843526386,"2344,8299,2408,2357,6446,3665,8210,1590,3034,2395",-0.13846450467094956,-0.27810931580878073,-0.20982030772693197,31.2
2025-02-17,TW,77,-0.05934074165793563,10,-0.08280130557793089,10,-0.04658793510239641,"2344,8299,2408,8210,1590,2357,6446,6526,3034,2395",-0.15836485887738863,-0.28345444703928263,-0.21705742331625041,32.6
2025-02-18,TW,76,-0.05921087434185987,10,-0.054192292541320145,10,-0.05976129298015561,"2344,2408,2357,8299,8210,2368,1590,3665,6526,2395",-0.2048454858331354,-0.3195762165265922,-0.2290109761742718,29.1
2025-02-19,TW,76,-0.0518883628601225,10,-0.04569630434198635,10,-0.030891623053106256,"2344,2408,8299,2357,8210,2368,1590,3665,6139,2395",-0.2316478400824032,-0.3257379879691153,-0.24491456517211546,28.2
2025-02-20,TW,76,-0.048080372520853176,10,-0.061751691948117915,10,-0.04074248449505905,"2408,2344,8299,8210,2357,3324,1590,3665,2395,6139",-0.20973256515167674,-0.3212628688051174,-0.2204749334927687,26.6
2025-02-21,TW,76,-0.04725697822501971,10,-0.06597039562289467,10,-0.05181880740151722,"2408,2357,2344,6488,8210,8299,2376,2395,1590,6139",-0.21579722219260464,-0.30032390963309796,-0.22185669820909756,26.5
2025-02-24,TW,77,-0.0430098052917897,10,-0.05274877743020664,10,-0.06045862481019269,"2408,6488,2344,8210,8299,3293,2603,2357,8996,8464",-0.20100605254629786,-0.30820937408958426,-0.21943027444034185,25.2
2025-02-25,TW,77,-0.0449772907330546,10,-0.08105661614356949,10,-0.0708990454588406,"8299,2408,6488,2344,3293,2603,8210,6139,2357,8996",-0.20877198997052387,-0.3206913398593433,-0.22788632852510546,23.3
2025-02-26,TW,77,-0.052272412841931196,10,-0.09413424256831839,10,-0.03655365041687706,"3324,2408,6488,3036,3293,8299,6139,2344,2357,6414",-0.22075190377973639,-0.3182102417136658,-0.23094313998983637,22.1
2025-02-27,TW,78,-0.01766991684988813,10,-0.018853698388685038,10,-0.022542031835795517,"3293,3324,6488,8299,3044,2344,2408,3147,2383,6139",-0.2273790008098525,-0.29624468216497035,-0.24273343834812292,22.7
2025-03-03,TW,78,-0.011575713974759963,10,0.04320909023175221,10,0.024312429028045424,"3563,3147,3044,3324,2344,8299,5289,2408,2383,8210",-0.20742800573098866,-0.2780913864700602,-0.23830121253689765,23.6
2025-03-04,TW,78,-0.026637004431388264,10,-0.026727445425881614,10,-0.03691918760590894,"3563,3147,3044,5289,6488,2344,2408,3324,6139,2603",-0.20753230048482346,-0.29490737091016034,-0.22673273836349686,21.7
2025-03-05,TW,78,-0.025295221634435996,10,-0.011585895133124847,10,-0.021703568355437963,"3563,6488,3147,5289,2344,3044,3293,3036,2408,2376",-0.22453792922775154,-0.2930716795660643,-0.2387520105207308,19.5
2025-03-06,TW,77,-0.008921076986225207,10,-0.03527786885069985,10,0.011495562469819188,"3563,6488,6196,3147,3293,2376,5289,3044,3324,2603",-0.2272682371826062,-0.29985179339909834,-0.2348090804039543,19.6
2025-03-07,TW,78,-0.006711400040868907,10,-0.004141450774789923,10,-0.020279206076806566,"3563,6488,6196,2603,3147,3260,2408,3044,5289,8299",-0.21972051576571222,-0.2885804894644236,-0.24504519506654682,19.0
2025-03-10,TW,78,0.03532184208205267,10,0.02032803422987811,10,0.019020143462017636,"3563,3260,8299,6488,2603,3147,2344,6196,2408,5289",-0.19108815052833328,-0.2644392124966669,-0.23346115207869253,18.4
2025-03-11,TW,77,0.0404010377762746,10,0.011810981382294172,10,0.04796482385392466,"3563,3260,2603,6488,2344,6196,8299,3147,5289,2408",-0.19706131432569934,-0.27947945629059257,-0.2423753007716936,17.3
2025-03-12,TW,78,0.03753215691108327,10,-0.022689038998514367,10,-0.025652390307675955,"3563,3260,2344,6488,2603,6805,6196,2408,5289,8299",-0.20478120552238885,-0.33080210911633506,-0.23818305109014828,15.0
2025-03-13,TW,78,0.04817378970620599,10,-0.010275559258683908,10,-0.008987726004497886,"3563,2603,2344,3260,2408,6488,5289,6805,8299,3044",-0.21687916031951776,-0.32810502996011204,-0.24093923428975303,14.2
2025-03-14,TW,77,0.034360524228628855,10,-0.03651480498961329,10,-0.03651480498961329,"3563,3260,2344,8299,2408,6805,5289,3044,6488,6196",-0.209808368823769,-0.33498892430214827,-0.23415971139434827,13.0
2025-03-17,TW,77,0.03827690320322858,10,-0.01331429161633615,10,-0.022303652983706436,"3260,3563,2603,2344,8299,2408,6805,5289,3044,1590",-0.2357044167465246,-0.3315055660714329,-0.24720513558701057,12.6
2025-03-18,TW,77,0.040061984197197996,10,0.06273352405497948,10,0.02188004721720487,"3260,3563,2603,8299,2344,6274,1590,3036,3044,2408",-0.22979761334891435,-0.30814819311610064,-0.2393336860301294,11.7
2025-03-19,TW,77,0.05129589831310942,10,0.04871334074805365,10,0.0499690503607048,"3563,3260,2344,8299,2603,2408,1590,6274,6196,5289",-0.20376625056046943,-0.3048459928000135,-0.22694946499642094,10.5
2025-03-20,TW,77,0.03411665914795187,10,0.04114893000292593,10,0.030258969544324964,"3563,2408,6274,3260,2344,8299,2603,3034,6196,2376",-0.19926504409838303,-0.3044618063630188,-0.22656160895068872,9.6
2025-03-21,TW,77,0.028418382418242048,10,0.03321107886725949,10,0.05137442058450762,"6274,2408,3563,2344,3260,3034,8299,2603,2379,3044",-0.2070529375930763,-0.2953169289502552,-0.23095236114115753,8.8
2025-03-24,TW,77,0.04351062219175173,10,0.09493330491078648,10,0.0817159025693269,"6274,3034,3563,2603,6196,2408,2383,2376,2344,2379",-0.22584236041598285,-0.2903261525111442,-0.2382808976362071,8.2
2025-03-25,TW,77,0.07190050655585634,10,0.11442608240710486,10,0.08925815347871584,"3034,6274,2603,2383,2379,3563,3147,2376,3044,6196",-0.22969001165695752,-0.2838856575916574,-0.23643852660647555,7.1
2025-03-26,TW,79,0.09724413896839088,10,0.13129932259083005,10,0.12428296742054763,"3034,6274,2603,2379,6196,2383,2395,2408,3044,3563",-0.21677485159846682,-0.2624059144041623,-0.2364306397283742,6.8
2025-03-27,TW,80,0.10576430638956344,10,0.06015966921523887,10,0.09854969909641725,"3034,6274,3044,2408,2395,3260,6196,2603,1590,8299",-0.2116111949814127,-0.25912051424881766,-0.25185307261529316,6.1
2025-03-28,TW,83,0.17219479500341528,10,0.08878250979172464,10,0.12290336017952319,"3034,2408,2379,6196,2603,2395,8299,3563,3260,2344",-0.1564021712151569,-0.21465998895966623,-0.2108216051212824,5.7
2025-03-31,TW,83,0.18697486294208693,8,0.10283568683271253,8,0.10283568683271253,"3034,2603,2408,3260,2344,6196,8299,3563",-0.16055994606298035,-0.2202732715683816,-0.21529423592896862,4.625
2025-04-01,TW,82,0.17262028768507637,8,0.07302471305031977,8,0.07302471305031977,"3034,6196,2603,3260,2408,2344,8299,3563",-0.18140562727399787,-0.2353316701519958,-0.2304297093676821,3.25
2025-04-02,TW,84,0.29518862696669707,10,0.17506130577640772,10,0.17506130577640772,"6196,2408,2603,2395,3260,3147,8299,2344,3044,3563",-0.06214743367543159,-0.17484624660863768,-0.17057658368728937,14.4
2025-04-07,TW,84,0.45053473957423557,2,0.3971236990835897,2,0.3971236990835897,"2408,3563",0.3971236990835897,-0.14099316212455237,-0.14099316212455237,60.0
2025-04-08,TW,84,0.48824186386494467,0,,0,,,,,,
2025-04-09,TW,84,0.4039548037767374,0,,0,,,,,,
2025-04-10,TW,85,0.4344541558417615,1,0.5924704382756028,1,0.5924704382756028,2404,0.5924704382756028,0.0,0.0,60.0
2025-04-11,TW,84,0.3388634351401457,0,,0,,,,,,
2025-04-14,TW,84,0.34658192048805075,2,0.18047484157375437,2,0.18047484157375437,"3147,2408",0.18047484157375437,-0.052301252537137966,-0.052301252537137966,60.0
2025-04-15,TW,84,0.32392191872861525,1,0.016029316532996774,1,0.016029316532996774,3147,0.016029316532996774,-0.007812501824620122,-0.007812501824620122,60.0
2025-04-16,TW,84,0.33677535939964187,1,-0.030161070395387846,1,-0.030161070395387846,3147,-0.030161070395387846,-0.02557545147601592,-0.02557545147601592,60.0
2025-04-17,TW,84,0.3435073609807165,2,0.27156971755288545,2,0.27156971755288545,"3147,2404",0.27156971755288545,-0.06699071786902494,-0.06699071786902494,60.0
2025-04-18,TW,84,0.35076267923713983,2,0.24841167831360783,2,0.24841167831360783,"3147,2404",0.24841167831360783,-0.07427900679914567,-0.07427900679914567,60.0
2025-04-21,TW,84,0.4166980474088139,3,0.24016904580068968,3,0.24016904580068968,"3147,2408,2404",0.24016904580068968,-0.08458626078421135,-0.08458626078421135,60.0
2025-04-22,TW,84,0.3861537865232033,2,-0.044320642592135084,2,-0.044320642592135084,"3147,2408",-0.1396018376707548,-0.1453904663103998,-0.1453904663103998,34.0
2025-04-23,TW,83,0.35591503262344165,3,0.18219272645318516,3,0.18219272645318516,"3147,2404,2408",0.20603618324507064,-0.13897808947758053,-0.12118205788513862,48.0
2025-04-24,TW,84,0.29228524814315254,4,0.17211446893108506,4,0.17211446893108506,"3147,3036,2404,2408",0.2175556409975381,-0.1358396250791888,-0.10082189509467707,48.75
2025-04-25,TW,84,0.2910023727269618,4,0.19755375497942199,4,0.19755375497942199,"3147,3036,2408,2404",0.23283469999335946,-0.11475294077061424,-0.07837234412535779,48.75
2025-04-28,TW,82,0.2936020415737335,5,0.16449911332933656,5,0.16449911332933656,"3147,3036,6510,2408,2404",0.20797953472365077,-0.10552313705359313,-0.06525009934048517,50.0
2025-04-29,TW,83,0.27446490529112305,6,0.15797611802803752,6,0.15797611802803752,"3147,3036,6510,8464,2404,2408",0.1949673011803363,-0.09988926014599232,-0.06562677449446593,51.5
2025-04-30,TW,82,0.2739464670616758,3,-0.01560670351601634,3,-0.01560670351601634,"3147,3036,6510",0.04115021645467724,-0.13478623037176704,-0.08834296244283786,43.666666666666664
2025-05-02,TW,82,0.2447200487320143,10,0.24444424578215443,10,0.24444424578215443,"3147,2360,3036,2383,3017,6510,3665,2382,6669,1590",0.2664293362667884,-0.06453667936743117,-0.04433119978666491,54.7
2025-05-05,TW,83,0.29286355848957135,10,0.30323645449373166,10,0.3032364544937317,"2383,6781,3665,3147,2360,2368,3036,6510,2382,6669",0.3189031196842102,-0.039497962475011306,-0.024868333098711802,55.0
2025-05-06,TW,82,0.29039948672628974,10,0.4000784856280829,10,0.3699021074036224,"2345,2383,3017,2368,2382,3036,3665,6669,2360,3147",0.421905108793802,-0.04991845101059644,-0.029041258017970605,54.5
2025-05-07,TW,82,0.29609649129677834,10,0.39057792999593544,10,0.3712513211103307,"3017,3036,2345,2383,2382,3665,2368,1590,6669,6510",0.39057792999593544,-0.011805494269508787,-0.011805494269508787,60.0
2025-05-08,TW,82,0.26081709305788003,10,0.47819740380065967,10,0.3205378809796664,"2383,6781,3017,2345,3036,2308,2368,6274,6669,3665",0.47819740380065967,-0.016085541527543667,-0.016085541527543667,60.0
2025-05-09,TW,82,0.2532491342656005,10,0.5016390365583947,10,0.38216431488528946,"2383,8210,3017,2345,6781,6274,2308,6510,6669,2368",0.5016390365583947,-0.029682803639332078,-0.029682803639332078,60.0
2025-05-12,TW,81,0.20880357917899522,10,0.4540687710156196,10,0.34081437563153133,"8210,2383,6274,3017,6669,6442,2345,6781,2376,2368",0.4540687710156196,-0.039720935374794805,-0.039720935374794805,60.0
2025-05-13,TW,82,0.242496364781072,10,0.35951377312813076,10,0.38996478991907313,"3017,2603,2383,3563,6274,8210,2344,2345,6442,6669",0.35951377312813076,-0.04321594205353822,-0.04321594205353822,60.0
2025-05-14,TW,82,0.24277383651983178,10,0.19512736489888893,10,0.39486783277075893,"3017,2603,2376,2330,2345,2382,2408,6442,6669,3563",0.19512736489888893,-0.05902605165937813,-0.05902605165937813,60.0
2025-05-15,TW,82,0.2558426805856797,10,0.19953261790290894,10,0.42083046232464705,"2603,3017,3563,3260,6669,2408,2345,2376,2382,6442",0.19953261790290894,-0.06250166625979248,-0.06250166625979248,60.0
2025-05-16,TW,81,0.2628810719465072,10,0.26674925180527825,10,0.4268768675546655,"2603,3017,2404,3563,2330,2408,6669,2357,2345,8464",0.26674925180527825,-0.060903169669105015,-0.060903169669105015,60.0
2025-05-19,TW,81,0.28449558942628894,10,0.25157840621097227,10,0.4654642558306922,"2603,2404,3017,3563,3260,2345,2330,3036,8464,2408",0.25157840621097227,-0.055775594584344425,-0.055775594584344425,60.0
2025-05-20,TW,81,0.2896272772710269,10,0.2875683432161881,10,0.420075318742568,"2603,3017,2404,3260,8210,2344,2408,8464,3563,2357",0.2875683432161881,-0.06480443513884063,-0.06480443513884063,60.0
2025-05-21,TW,81,0.29231521356882517,10,0.47437630844937917,10,0.6614710373660456,"3017,2404,2603,6805,2383,2345,8210,8299,3563,3260",0.47437630844937917,-0.039127447166979114,-0.039127447166979114,60.0
2025-05-22,TW,81,0.2916728224698643,10,0.47614228535164765,10,0.6949762223365343,"2603,2404,3017,6187,6805,2345,2368,2383,3563,8299",0.47614228535164765,-0.06315973477199703,-0.06315973477199703,60.0
2025-05-23,TW,81,0.2779723864118248,10,0.4715402831440082,10,0.6659328656947789,"2603,3563,2404,6187,3017,6805,2383,3260,2368,2345",0.4715402831440082,-0.04483568309656548,-0.04483568309656548,60.0
2025-05-26,TW,80,0.2431335098132445,10,0.5712202768365972,10,0.5202075467607843,"8210,2404,3017,6223,2603,3563,6442,6805,2383,2368",0.5712202768365972,-0.04223830126144135,-0.04223830126144135,60.0
2025-05-27,TW,79,0.25855892007619063,10,0.5428692867106663,10,0.4420257877470111,"8210,3037,3017,2404,6223,3563,2603,2368,6442,2383",0.5387619756137716,-0.05678400164183127,-0.05678400164183127,60.0
2025-05-28,TW,79,0.24992446137715568,10,0.533713375076164,10,0.47610065328990564,"8210,3017,2404,2376,6223,2383,6442,3037,3563,2368",0.5287666137005571,-0.04579212963498717,-0.04579212963498717,59.9
2025-05-29,TW,80,0.2823853798860293,10,0.6129704938596288,10,0.6352062366859055,"6223,2404,2383,3044,2376,2368,8210,3017,6274,3563",0.6071183444769919,-0.025766824860994974,-0.025766824860994974,59.8
2025-06-02,TW,79,0.29995563010392884,10,0.5716065876776464,10,0.5593933302584824,"2383,3017,6274,8210,2404,6223,2368,3563,2408,6669",0.55702931912711,-0.02982687393655751,-0.02982687393655751,59.7
2025-06-03,TW,79,0.3076845993693419,10,0.567266237297531,10,0.677187147457763,"6274,2383,3017,2368,2376,6223,8210,3563,6669,2404",0.5496738604841788,-0.03572610608504453,-0.03206601596007734,58.8
2025-06-04,TW,80,0.2927382892760534,10,0.45536680691191006,10,0.662925560766739,"3017,8210,6274,2383,6223,2376,2368,3324,6669,2408",0.44612904767001965,-0.03281251375123351,-0.031115908689448246,56.9
2025-06-05,TW,80,0.30553204700017417,10,0.5119648661229637,10,0.680173971379473,"3017,2368,2408,6223,2383,6805,6274,2376,8210,3324",0.5040176505546817,-0.03708489093305116,-0.03252215357328989,56.6
2025-06-06,TW,79,0.26136273895093914,10,0.3145581081450969,10,0.5416771405499278,"6944,3017,3260,6223,6805,2383,6274,2408,2376,3324",0.3071122522630082,-0.04586001049278289,-0.0413145562927877,56.5
2025-06-09,TW,77,0.24056590598589447,10,0.4592653320052908,10,0.40146499200523494,"6274,6944,2383,3017,6223,2368,2376,6139,6805,6442",0.4592653320052908,-0.039903559116465724,-0.039903559116465724,60.0
2025-06-10,TW,77,0.2178685233391334,10,0.4033241360649127,10,0.4198808991304263,"2383,6274,6223,3017,8210,6944,6805,2408,2368,2308",0.39692324142907,-0.05438280407104543,-0.05003497830016137,56.3
2025-06-11,TW,77,0.20501344621084686,10,0.28219737299019293,10,0.388017185729632,"6805,3017,6274,2383,8210,6944,6223,3324,2345,2357",0.28219737299019293,-0.03767534335624099,-0.03767534335624099,60.0
2025-06-12,TW,78,0.24459977597476312,10,0.33123879040825327,10,0.47536872960121546,"3324,3017,6805,8210,8996,6274,2383,6223,2357,6944",0.33123879040825327,-0.041585275961495916,-0.041585275961495916,60.0
2025-06-13,TW,78,0.2688031594232278,10,0.34819705142914376,10,0.4238980944902888,"3324,6805,3017,3665,8210,6223,6274,2383,2357,8996",0.34819705142914376,-0.036097968245092704,-0.036097968245092704,60.0
2025-06-16,TW,78,0.2579604677186676,10,0.3166330093262186,10,0.3845798825527549,"8210,3324,6805,6640,3017,6223,3665,2383,6274,2357",0.3166330093262186,-0.04516679746201052,-0.04516679746201052,60.0
2025-06-17,TW,78,0.27028831200188647,10,0.32872362625031226,10,0.3586959284451396,"8210,6805,6640,2357,3017,3665,6223,3324,3583,6274",0.32872362625031226,-0.03601785124931173,-0.03601785124931173,60.0
2025-06-18,TW,78,0.2556501782801547,10,0.3077691248281056,10,0.3895138919192319,"8210,3044,2357,3665,6805,2408,6640,6223,6274,3583",0.3002016000941481,-0.05653481400795733,-0.04174142559602069,54.8
2025-06-19,TW,78,0.26408079079384567,10,0.321898757325318,10,0.3380099163702422,"8210,2357,2408,3044,6805,6640,3665,3583,2308,3017",0.3128506293878465,-0.050576108159433045,-0.035782719747496396,54.7
2025-06-20,TW,78,0.28567750720176655,10,0.28903952178950487,10,0.37788701405330416,"8210,6640,6139,2408,3044,3665,6805,3583,2404,3406",0.2638988755156959,-0.032003575649692154,-0.018335755385300835,55.0
2025-06-23,TW,77,0.24664016143686698,10,0.30730449094704476,10,0.29610965305377307,"6139,6640,8210,3044,3665,6187,3583,2408,2404,2308",0.27496160392931424,-0.06782445217002339,-0.052916579813794704,54.6
2025-06-24,TW,78,0.2176148195472958,10,0.22867184327509352,10,0.22947021410710616,"6139,6640,2357,8210,6187,2308,3583,2404,3665,6805",0.22867184327509352,-0.07209561526473234,-0.07209561526473234,60.0
2025-06-25,TW,77,0.2433471488655682,10,0.2693210248816107,10,0.2379364809031424,"6139,8210,6187,2308,6640,3583,2360,6669,3665,6805",0.2693210248816107,-0.07059527023911144,-0.07059527023911144,60.0
2025-06-26,TW,77,0.23948767070385935,10,0.25768795416280155,10,0.20998090580264836,"2360,6139,6640,2308,8210,6187,3583,3665,3036,3044",0.25768795416280155,-0.053818742404542895,-0.053818742404542895,60.0
2025-06-27,TW,77,0.26248108879888077,10,0.3020964320764424,10,0.2474586116669956,"2360,2308,6640,8210,3583,3665,6187,2344,3044,3034",0.22581134081020568,-0.07555924484253698,-0.06711265224006469,52.3
2025-06-30,TW,77,0.26769541407459346,10,0.2733255979873386,10,0.28860589024003724,"2360,3665,8210,3034,6187,3044,6640,2368,3583,6223",0.2712055860514432,-0.05725307789872823,-0.054251663658358186,57.0
2025-07-01,TW,77,0.2598978889979128,10,0.3374190523053382,10,0.3047095835887353,"2360,3665,8210,2308,3583,6187,2368,3034,3044,6274",0.3352594139779544,-0.04695095614902749,-0.0453728837960702,57.3
2025-07-02,TW,77,0.23737652644341345,10,0.28176455344330936,10,0.263610823843487,"2360,8210,2308,3665,6187,6446,3583,2404,2382,2383",0.28176455344330936,-0.05514179663784258,-0.05514179663784258,60.0
2025-07-03,TW,76,0.18772433255477272,10,0.2158037526000724,10,0.2397738609952096,"2308,2360,3665,2451,2404,2383,3034,6187,8210,3017",0.20330828319674482,-0.07137813373529492,-0.06700572880269313,51.7
2025-07-04,TW,76,0.23718322524192095,10,0.30581054678019254,10,0.27196417317887445,"2308,2451,3665,2360,1476,2404,2368,3037,8210,2383",0.2933494567970386,-0.05710837816550145,-0.05472781352306524,54.6
2025-07-07,TW,77,0.2623989384424673,10,0.4328686596660381,10,0.24453395902085098,"8478,2308,2360,2404,6223,3665,8210,2368,6640,5536",0.4328686596660381,-0.03153154622600255,-0.03153154622600255,60.0
2025-07-08,TW,76,0.2650836391230711,10,0.4160011598172586,10,0.28090484794997,"8478,2404,2368,8210,2308,2383,3665,5536,2360,3017",0.4160011598172586,-0.036866721648358844,-0.036866721648358844,60.0
2025-07-09,TW,76,0.24726872677692854,10,0.33479851954766787,10,0.22212464253336464,"2404,8478,5536,2368,3665,6640,2308,3017,2383,8210",0.3212473549966002,-0.057746095372010066,-0.05511451638603361,53.5
2025-07-10,TW,76,0.25786334730797295,10,0.3582475512699566,10,0.32998424263568504,"2404,2308,3017,5536,8478,3037,8210,2368,6274,3665",0.3582475512699566,-0.040641131438143664,-0.040641131438143664,60.0
2025-07-11,TW,76,0.2586186218804388,10,0.38545308976243675,10,0.32910743700669587,"2404,5536,6196,2308,3037,3017,6944,6274,2368,8210",0.38545308976243675,-0.03355984653357882,-0.03355984653357882,60.0
2025-07-14,TW,76,0.2863146648774596,10,0.3731317849067862,10,0.3584997303136816,"5536,2404,6196,2308,3017,6274,3617,8210,2368,3037",0.36800083484792967,-0.03958839100599186,-0.03314437767325444,55.9
2025-07-15,TW,75,0.2631836580277392,10,0.3665235055341115,10,0.35720174716449293,"2404,5536,2308,3037,3017,6274,6196,3324,2368,2383",0.3665235055341115,-0.030634305236872727,-0.030634305236872727,60.0
2025-07-16,TW,76,0.2296951458171831,10,0.3420124609754378,10,0.30149296307060663,"5536,2308,3037,2404,3017,6196,2383,6274,6488,2368",0.3420124609754378,-0.021249994038728105,-0.021249994038728105,60.0
2025-07-17,TW,76,0.2470372728895973,10,0.38503461153403384,10,0.3524489389600044,"5536,2404,6488,6196,2308,3037,6139,3017,2368,2383",0.38503461153403384,-0.037408605725332236,-0.037408605725332236,60.0
2025-07-18,TW,74,0.27657991265647835,10,0.3781018438259203,10,0.37263321589079734,"2404,3017,2308,5536,6488,6196,2368,6139,6691,3037",0.3781018438259203,-0.04168295723487394,-0.04168295723487394,60.0
2025-07-21,TW,75,0.2578465508916875,10,0.3555117880307056,10,0.3533719028693393,"3044,2404,6442,5536,2308,6488,6196,3017,2368,6139",0.3555117880307056,-0.037409437017809924,-0.037409437017809924,60.0
2025-07-22,TW,76,0.2786604558001954,10,0.3397581996891052,10,0.3196262189379066,"6442,2404,3044,2308,5536,6139,6196,6683,2368,6488",0.3397581996891052,-0.036123026094797714,-0.036123026094797714,60.0
2025-07-23,TW,76,0.26997533930274303,10,0.38567120761863566,10,0.34647421051789057,"6442,2308,3044,2404,6121,8299,6691,6488,6139,5536",0.38567120761863566,-0.031359322104863606,-0.031359322104863606,60.0
2025-07-24,TW,76,0.26435652882603167,10,0.2933248044581136,10,0.2995938517566495,"6442,3406,3044,2404,2308,6139,8299,6488,6691,6121",0.2933248044581136,-0.04821824633248086,-0.04821824633248086,60.0
2025-07-25,TW,76,0.2616047031670662,10,0.2822505028394983,10,0.2766972261425682,"6442,2404,3406,6121,6139,2308,6488,3044,8299,6691",0.2822505028394983,-0.04685772445916568,-0.04685772445916568,60.0
2025-07-28,TW,74,0.290281656953398,10,0.3840745954405743,10,0.40620186773616773,"6442,6121,8996,2404,3406,8299,2308,2368,3044,6488",0.3840745954405743,-0.0406028130266181,-0.0406028130266181,60.0
2025-07-29,TW,74,0.3039681701713716,10,0.37145028088373433,10,0.4449899521742465,"6442,6121,8996,2404,2368,3406,2308,2345,3037,8299",0.37145028088373433,-0.04308026993171173,-0.04308026993171173,60.0
2025-07-30,TW,74,0.3090752534967917,10,0.40413499061625124,10,0.4396124334618069,"6442,8996,8299,2368,2308,3037,3406,2404,2345,3044",0.40413499061625124,-0.034014209402291905,-0.034014209402291905,60.0
2025-07-31,TW,74,0.3224746368462977,10,0.524938107933268,10,0.45609774409708664,"2308,6442,8996,2368,2345,3017,3044,6669,2404,8299",0.524938107933268,-0.017732078497752036,-0.017732078497752036,60.0
2025-08-01,TW,74,0.3165787597758635,10,0.43943188131669864,10,0.43936905687752964,"2308,2368,6442,2360,2345,2404,8996,3044,3017,6691",0.43943188131669864,-0.007350912804506548,-0.007350912804506548,60.0
2025-08-04,TW,74,0.31646342196359234,10,0.4746976975299343,10,0.44161928636230885,"2308,2360,2345,2404,3017,6442,8996,2368,3044,6805",0.4746976975299343,-0.013292496638929462,-0.013292496638929462,60.0
2025-08-05,TW,74,0.2852971885028411,10,0.27314991550130474,10,0.40929890443344147,"2308,2360,4966,3017,2345,2382,2357,2368,6442,2404",0.27314991550130474,-0.026336737473327664,-0.026336737473327664,60.0
2025-08-06,TW,73,0.2702640366476264,10,0.24722244084882156,10,0.34193654276172625,"2308,2360,6510,4966,2345,2404,6805,2382,2357,2368",0.24722244084882156,-0.031809128378809316,-0.031809128378809316,60.0
2025-08-07,TW,72,0.2748777848917856,10,0.264893965653651,10,0.2571516217062454,"2404,2345,2308,2360,6510,6691,6488,4966,6442,6669",0.264893965653651,-0.04234451053473405,-0.04234451053473405,60.0
2025-08-08,TW,71,0.24870682283995818,10,0.23050136984368721,10,0.1746239284526559,"2404,2308,2345,3044,5536,2368,2360,6691,3324,6510",0.2320404843213754,-0.05852296964121302,-0.05852296964121302,60.0
2025-08-11,TW,70,0.25353529723048873,10,0.2686669634994601,10,0.2154328604179229,"2368,2404,3044,2360,5536,2308,4966,8996,6510,6442",0.2737192174528834,-0.06771241717032053,-0.0644636862097896,59.0
2025-08-12,TW,70,0.22488724683959774,10,0.1795989214072189,10,0.16196436907635217,"2368,2404,3044,5536,4966,2308,2360,8210,8996,6691",0.1670159111548634,-0.10923535185528821,-0.10091058312012376,57.8
2025-08-13,TW,69,0.24303110381294252,10,0.16829487547627878,10,0.16829487547627878,"5536,2368,2308,4966,3044,6691,2360,6442,8996,6196",0.1694295739519059,-0.08142557757419702,-0.07914545039828633,59.5
2025-08-14,TW,68,0.23694750479099902,10,0.2768925203237961,10,0.1583068152094562,"2368,4966,8996,5536,2308,6442,8464,3260,3044,2360",0.22433541073706048,-0.10863733972477266,-0.09639459835709624,53.9
2025-08-15,TW,68,0.20818213883607617,10,0.2641902593502599,10,0.12312180721265484,"5536,6442,4966,2368,2308,6274,8996,2360,3260,6944",0.2698855813855438,-0.09719886615892442,-0.09302639156445532,59.0
2025-08-18,TW,68,0.2047102071089183,10,0.13661343076360827,10,0.12303975824342017,"5536,6442,6274,2368,2308,4966,2360,3044,6944,8996",0.08215435473399711,-0.12453672804947517,-0.11764062173530938,52.6
2025-08-19,TW,70,0.181645699128873,10,0.1368049097412864,10,0.07359424801007948,"5536,6442,2368,6274,6944,4966,2308,6196,2360,8996",0.14045677813975016,-0.08256564439255723,-0.08124812134773411,59.1
2025-08-20,TW,71,0.1797701782952733,10,0.10500400605272606,10,0.19592843099405957,"5536,6442,6944,6274,2368,4966,8996,8210,6196,6691",0.10222038380921047,-0.09492449708596049,-0.09223218941763071,59.3
2025-08-21,TW,70,0.18965324074022222,10,0.1831176135370136,10,0.19216925686196443,"5536,6944,6442,4966,6274,6196,8996,2368,8210,2308",0.13794936112013217,-0.10468185862170336,-0.09898488891211679,55.2
2025-08-22,TW,69,0.13152491497482582,10,0.10621738281180004,10,0.11390469289136414,"5536,6944,8996,2368,6442,6274,4966,2308,6196,8210",0.04880156213487673,-0.12108940596652844,-0.11056136500294178,50.8
2025-08-25,TW,70,0.14718619082868079,10,0.13531111666248846,10,0.20619690341537034,"6944,8996,6442,5536,2368,2308,4966,3260,6683,6196",0.09139610568880678,-0.11426762733093372,-0.10352480905029542,49.3
2025-08-26,TW,71,0.1448427963010557,10,0.17631367117448754,10,0.18434474174520304,"6944,6683,6442,5536,3563,8996,2308,2360,3260,4966",0.11958308602301788,-0.12402276356542012,-0.11142125517589015,45.6
2025-08-27,TW,71,0.13325993821967175,10,0.04048235900256066,10,0.14684492352427592,"6944,5536,3563,2395,6683,2308,6196,6442,3037,8996",-0.019024514066882714,-0.17132667504595042,-0.1524648846851524,43.3
2025-08-28,TW,71,0.13884273706458708,10,0.009847442317694678,10,0.1630035049472371,"5289,3563,5536,2395,6944,6683,6196,6442,3583,6274",-0.012145118726561266,-0.18645185138759135,-0.14540051299294837,42.4
2025-08-29,TW,70,0.15254140700879587,10,0.1264039224309462,10,0.10885773724697696,"3563,5289,5536,6683,6442,2360,2368,6274,6944,6196",-0.006075265024656706,-0.17269593890637208,-0.13933860663860248,32.9
2025-09-01,TW,73,0.1520988841514691,10,0.20051033165083942,10,0.1329350395715688,"5536,5289,3563,4766,6139,2344,6442,6683,6196,6944",0.1595455008694103,-0.16707568177274434,-0.1274144260772719,36.9
2025-09-02,TW,72,0.17319488343004613,10,0.2627524200197796,10,0.1492406383572693,"5536,6442,4766,5289,3563,6683,2344,6196,6139,2360",0.2086770383474316,-0.13973964060451743,-0.10613706549022113,41.8
2025-09-03,TW,73,0.17652877750036694,10,0.28285949602767557,10,0.27679682039747827,"3563,6442,4766,5289,3260,6196,2344,5536,6139,6683",0.2335727464195637,-0.1422499363105225,-0.10542032833651364,38.3
2025-09-04,TW,72,0.16670016488702624,10,0.2809058429582642,10,0.2254592334160035,"5289,3563,6442,2344,3260,5536,4766,6683,6196,6139",0.22914634878532963,-0.13653716701468516,-0.10055156724318795,39.7
2025-09-05,TW,69,0.13513806067572223,10,0.480819521492443,10,0.31297271589848413,"2344,3260,5289,5536,2408,8299,3563,4766,6683,6139",0.4798237375403621,-0.12397294162822214,-0.08589770172483872,42.2
2025-09-08,TW,69,0.15088715462112962,10,0.5594616580252497,10,0.4747232774989813,"2344,5289,8299,3260,3563,5536,2408,6139,6187,4766",0.5704833093619828,-0.11368790323060522,-0.07958717640095257,45.9
2025-09-09,TW,69,0.14382534311880885,10,0.599229934398058,10,0.2595580664946313,"2344,5289,8299,2308,3260,5536,2357,6446,2408,6139",0.5997451116765455,-0.07478869207414558,-0.05939613004790316,53.2
2025-09-10,TW,69,0.12713036448865103,10,0.4764958089256443,10,0.2546697569480832,"8299,2344,2308,5289,3260,6640,2357,6446,2408,5536",0.476589565161751,-0.11386564157731534,-0.08352881747196063,49.4
2025-09-11,TW,68,0.12492931702825538,10,0.4909452111977582,10,0.44833908479628565,"8299,2344,2308,2357,5289,3260,6446,2408,3324,6640",0.4868177116920699,-0.07748054114247933,-0.06293270371945361,54.7
2025-09-12,TW,68,0.13763602998917623,10,0.49108573758180524,10,0.4733716306010952,"8299,2357,2308,2344,3260,3293,6446,5289,3324,2408",0.48831789711570206,-0.061005720862008304,-0.061005720862008304,58.0
2025-09-15,TW,68,0.1346963986716103,10,0.4431230440743308,10,0.4889995820480736,"8299,3260,2344,2408,3324,2308,5289,2357,6488,3293",0.43752413781270116,-0.0663293407254881,-0.0653654852399582,56.5
2025-09-16,TW,69,0.11074503804876215,10,0.4065320784150678,10,0.38546186523484993,"8299,6488,2408,2344,3260,2308,3324,5289,2357,3006",0.41145592451099455,-0.06467658549369157,-0.055274876110404825,55.6
2025-09-17,TW,70,0.11553515663422362,10,0.40900881760552543,10,0.38771665479935036,"8299,2408,2344,3260,6488,2308,3324,5289,3006,2379",0.40944202515352385,-0.06261579756004576,-0.053040171894769374,57.5
2025-09-18,TW,69,0.07462739803365173,10,0.31602634311982436,10,0.346932797133107,"2408,2344,8299,6488,3260,3324,2308,1476,3006,5289",0.32724779547514504,-0.10928258450192363,-0.09516493729882655,57.0
2025-09-19,TW,70,0.1054698709101165,10,0.3619506440961987,10,0.3797720136230156,"2344,2408,6488,8299,3260,3324,2308,3006,3036,3037",0.36936027781137926,-0.09277105835290149,-0.08100043461453063,57.0
2025-09-22,TW,71,0.10296164888573425,10,0.338293155278575,10,0.3243300845746363,"3260,2344,8299,6488,2408,3006,2308,3324,3037,2382",0.3475696821380457,-0.1267574653212184,-0.11277688264252936,56.8
2025-09-23,TW,70,0.10838838500370841,10,0.3760987249626837,10,0.36296839343956566,"2344,2408,6488,3260,3006,8299,3324,2382,2308,3037",0.37899563073323506,-0.10594273999526087,-0.09554772943238761,56.9
2025-09-24,TW,71,0.13283664103882176,10,0.42265881225043317,10,0.467509161031637,"2344,3260,3583,6488,2408,2308,8299,2382,3324,3037",0.4359365174843499,-0.10828398748560919,-0.08290047255594696,52.4
2025-09-25,TW,73,0.17169951868685893,10,0.33353656369811924,10,0.5277933815034245,"3260,2344,2408,6488,2382,2308,1476,3037,3036,2376",0.3391329732456742,-0.10006000579801114,-0.08759904582832659,54.1
2025-09-26,TW,72,0.18707244052063735,10,0.2748676512083466,10,0.4865968515514735,"3260,2382,2344,2376,5434,1476,2408,3036,6446,6488",0.27689541503375675,-0.09968527601181683,-0.08824621507480962,54.0
2025-09-30,TW,71,0.18192759086451304,10,0.46630492780327454,10,0.6439809541323057,"3260,2344,2376,2382,3036,8299,8271,2408,5434,2379",0.4677567344828216,-0.06607399486110323,-0.06202213092473411,57.1
2025-10-01,TW,68,0.1541439723058881,10,0.3507135231511825,10,0.5002339753111528,"6446,3036,8299,2344,2408,2376,2382,8996,2308,1476",0.3476112534264508,-0.07688589757350718,-0.07486909074595578,54.1
2025-10-02,TW,69,0.1737640279338188,10,0.5097391440403369,10,0.5947267102053047,"3260,8299,8996,6446,2344,2382,2408,2376,2360,2308",0.49902632006651404,-0.05459907548344507,-0.052592386414681655,53.9
2025-10-03,TW,69,0.15947939994199786,10,0.4272915512553042,10,0.4979723113791431,"8996,3260,8299,2344,2376,2382,6446,2308,2408,1590",0.42127166462039034,-0.08052526584620275,-0.07414649653306069,52.6
2025-10-07,TW,69,0.18092306710449868,10,0.5753794234082517,10,0.5751105167230033,"8299,2344,1590,2408,8996,3413,3260,2308,2382,3006",0.5718842180946075,-0.06352941777554998,-0.06203464936541194,56.1
2025-10-08,TW,68,0.17339009908219516,10,0.518294173543697,10,0.6305449362202664,"1590,8299,3260,2408,2344,8996,2308,2382,8271,3413",0.5142517906915565,-0.08109600677363461,-0.07961012257454426,55.9
2025-10-09,TW,71,0.2087099859693599,10,0.7263142971358235,10,0.7005651257776531,"2408,8271,1590,6139,8996,8299,2344,3260,5289,2308",0.7263142971358235,-0.0265826410964354,-0.0265826410964354,60.0
2025-10-13,TW,67,0.1481517357550532,10,0.5763961981222767,10,0.5364319383004931,"8271,1590,2408,2344,8996,6139,3260,8299,5289,2360",0.5763961981222767,-0.05890227448889311,-0.05890227448889311,60.0
2025-10-14,TW,71,0.206322891105112,10,0.5997115894618359,10,0.6625519522459971,"8271,8996,1590,3260,2308,6139,2344,2360,2408,5289",0.5997115894618359,-0.03432576503598099,-0.03432576503598099,60.0
2025-10-15,TW,69,0.19239694262006687,10,0.23713283443299585,10,0.6272411824835477,"8271,8996,1590,6139,2308,3324,3260,2360,5289,3044",0.23713283443299585,-0.08627909113178048,-0.08627909113178048,60.0
2025-10-16,TW,70,0.20066218413243653,10,0.35751418579016275,10,0.6773208312498993,"8271,8996,1590,2451,6139,5289,2308,3260,8210,2360",0.33519817686570397,-0.07731258905846619,-0.0733664005620767,55.3
2025-10-17,TW,70,0.18880124611342372,10,0.5312303506964149,10,0.5977086494933695,"8271,8996,8210,2408,1590,3260,2344,5289,2451,6139",0.46816109286349966,-0.06255704302064677,-0.05862847145827539,51.6
2025-10-20,TW,69,0.2044240130322882,10,0.5013861646829867,10,0.6209095030020695,"8996,8271,8210,2408,2344,3260,1590,5289,6139,3324",0.467391647608558,-0.06467280040896126,-0.06330293762571634,57.7
2025-10-21,TW,69,0.22993110071484285,10,0.5038431936103114,10,0.7512957101485243,"8271,8996,2408,8210,1590,5289,6488,3324,2344,2308",0.49059845868520463,-0.08681928802057982,-0.0733108451124637,55.0
2025-10-22,TW,70,0.23901625266405507,10,0.5173630954440787,10,0.7138808063588333,"8210,8271,8996,2408,1590,2344,5289,3044,3324,2360",0.48100916382968667,-0.04944683757395766,-0.04944683757395766,57.8
2025-10-23,TW,67,0.17237114343443483,10,0.46359734778614287,10,0.5075173544300272,"8210,8271,2408,8996,1590,2344,5289,8299,2360,6488",0.4263328457953567,-0.08324725365884546,-0.06633939584575446,49.5
2025-10-27,TW,68,0.18329879106623093,10,0.5393042308466054,10,0.5393042308466054,"8210,8271,2408,8996,8299,2344,2360,3260,1590,5289",0.4554458045351545,-0.057924614653177844,-0.0540308092168099,50.5
2025-10-28,TW,66,0.17625297119749994,10,0.36679320617143113,10,0.4725728951649207,"8210,2408,2344,8996,2360,1590,6442,8271,3006,3044",0.33345168164732336,-0.09566460181302189,-0.08944569631259569,55.3
2025-10-29,TW,66,0.18462604640061844,10,0.36280811895141063,10,0.47320037386639785,"8210,8996,2408,2344,2360,6442,6139,6274,2603,1590",0.32742347764233687,-0.08099533251602861,-0.07125507283194113,55.0
2025-10-30,TW,66,0.19180454458159124,10,0.3450373811042312,10,0.4980491864225627,"8210,2408,8996,2344,2360,3413,3006,2603,6274,3044",0.2437473198848902,-0.1182679000464694,-0.09555533645194932,45.4
2025-10-31,TW,66,0.20830452624936238,10,0.38058461445985853,10,0.5755017000213029,"8210,8996,2408,2360,3413,2344,6274,5434,6139,2368",0.29082582796249834,-0.11964518141174874,-0.10258435961368458,39.6
2025-11-03,TW,66,0.19187205538145805,10,0.4132964239056685,10,0.5058045763026028,"8210,8996,2344,2408,2368,2360,6274,5434,3413,3037",0.36690875030716763,-0.12663958874547424,-0.11002573846751991,44.7
2025-11-04,TW,69,0.2669122187375901,10,0.6340736529513118,10,0.7037061225646244,"8210,8996,6274,2368,2408,2344,3036,2360,8299,1590",0.5960715175946115,-0.0537828385434594,-0.04758449141404649,54.8
2025-11-05,TW,66,0.17650605104688097,10,0.32354124751478464,10,0.3775008777214427,"8210,3036,6274,2408,1590,2344,8996,6944,2368,6139",0.24053819797991344,-0.12556538889920768,-0.11564893315946201,44.3
2025-11-06,TW,66,0.19746338176069195,10,0.29000729300069206,10,0.36775371333611345,"8210,8996,2408,2344,6274,1590,6944,3036,2368,3413",0.21653166805087753,-0.12770430665698734,-0.11498653329728947,44.1
2025-11-07,TW,67,0.21514985977079074,10,0.4776569221055311,10,0.4773873527185158,"2408,2344,2451,1590,8996,6274,6139,3006,3036,5289",0.32907561816427294,-0.11056752942239467,-0.09746372992355098,49.3
2025-11-10,TW,66,0.1883469555147437,10,0.40543028522880575,10,0.42823809214201614,"2451,2344,2408,1590,2368,6274,8271,8996,5289,3260",0.12834029576111383,-0.12362627265814277,-0.10631588751056475,33.8
2025-11-11,TW,67,0.18180341148130902,10,0.38570390545614586,10,0.39469421477301064,"2451,2344,2408,8271,2368,5289,1590,6274,3006,3260",0.22495148398356105,-0.12370289876012994,-0.1132595659565806,44.6
2025-11-12,TW,68,0.20458413930278901,10,0.3079203800537925,10,0.34556728926558156,"2451,2368,2344,5289,2408,6274,8210,3260,8271,1590",0.000768279568032626,-0.15770423333447048,-0.1382770326330785,29.6
2025-11-13,TW,68,0.22234455578790488,10,0.4223568425809239,10,0.40903312315855456,"2451,5289,2368,2344,2408,8210,3260,6274,3406,3037",0.2939281699667016,-0.11491626529273744,-0.11384021342235587,45.3
2025-11-14,TW,67,0.2241831549089663,10,0.25640208974248235,10,0.35990175093104304,"2451,2368,5289,2408,6274,8210,2344,3260,1476,3406",-0.033747039071328956,-0.14836808665959594,-0.14402171668719926,30.9
2025-11-17,TW,68,0.27100143919814523,10,0.31651970890265124,10,0.3967271592012419,"2451,5289,2344,2408,2368,6274,3406,1476,8210,3260",0.005471348596265979,-0.12571090253219133,-0.12358969047362249,35.7
2025-11-18,TW,68,0.35013835115676023,10,0.584560473754161,10,0.650772717072819,"2451,5289,2408,3406,2368,2344,3037,6274,3260,8210",0.584560473754161,-0.08385279629525225,-0.08385279629525225,60.0
2025-11-19,TW,68,0.3351848050034487,10,0.5112273157084045,10,0.38246515306876017,"2451,5289,3406,2368,2408,6274,2344,1476,2360,3037",0.24676303622394488,-0.11801602155669828,-0.11202715751639465,38.1
2025-11-20,TW,68,0.4074910670844577,10,0.5508558752164772,10,0.688057824112334,"2451,2368,3406,6274,5289,2360,6139,2408,3037,8210",0.5508558752164772,-0.05151757363167285,-0.05151757363167285,60.0
2025-11-21,TW,69,0.3949804590992139,10,0.6994750733427153,10,0.6754415994450709,"2368,2451,3406,5289,6274,2360,6139,2408,3037,2344",0.6994750733427153,-0.04527673858555897,-0.04527673858555897,60.0
2025-11-24,TW,69,0.316699365552454,10,0.3289262117755133,10,0.33692243151819096,"3406,3293,2451,2368,2360,1476,6944,6274,6139,3037",0.3289262117755133,-0.07369401755497658,-0.07369401755497658,60.0
2025-11-25,TW,68,0.2447498887982352,10,0.394710559376526,10,0.4461508022177044,"2368,3406,2451,6274,2360,3037,6691,5289,6139,2344",0.394710559376526,-0.058907606168321414,-0.058907606168321414,60.0
2025-11-26,TW,67,0.2969867946264125,10,0.3389936130534426,10,0.3851283455486038,"2368,6691,6274,3406,6446,3037,2451,2360,6139,1476",0.3389936130534426,-0.06933207669456871,-0.06933207669456871,60.0
2025-11-27,TW,67,0.2980734618341287,10,0.31761700096879325,10,0.3619087849077117,"2368,6446,6691,3037,6274,2451,2360,3406,6139,1476",0.31761700096879325,-0.07004356884127941,-0.07004356884127941,60.0
2025-11-28,TW,67,0.21668564016188832,10,0.21878195049574617,10,0.319796837098025,"6691,2368,3563,6446,3037,6274,2360,6139,3406,1476",0.21878195049574617,-0.07834121419966611,-0.07834121419966611,60.0
2025-12-01,TW,67,0.2625714595174735,10,0.22586677654824414,10,0.2973210662196211,"3037,2379,2368,6446,6691,3563,2308,2382,6274,3406",0.2243700937244036,-0.07817381684587296,-0.07817381684587296,59.7
2025-12-02,TW,67,0.3273114238184748,10,0.3444284314372362,10,0.4839808808884955,"2379,3037,6446,2368,2308,3563,2382,6691,3406,3036",0.3403884925623351,-0.07987455805027568,-0.07987455805027568,59.6
2025-12-03,TW,68,0.33397523316833905,10,0.48392199671571146,10,0.564722513604104,"6683,2379,3037,6446,2382,2308,6139,6691,6944,3036",0.4800297853322554,-0.07414568250301964,-0.07414568250301964,59.5
2025-12-04,TW,68,0.3413443230580134,10,0.47523176830490443,10,0.5938991540954544,"6683,3037,2382,2379,6446,2308,6944,6691,3036,6139",0.3120799332248866,-0.07162508957838462,-0.07162508957838462,55.7
2025-12-05,TW,68,0.3574338882714547,10,0.4765037067099057,10,0.6530423073429784,"3037,6683,2382,6944,6691,2379,6139,3036,6446,2308",0.3115197350944875,-0.07693778673240498,-0.07693778673240498,55.5
2025-12-08,TW,68,0.37044214634570793,10,0.5072358553181802,10,0.642458956360256,"6691,3037,6944,2382,3036,6139,6683,2344,2379,6446",0.5020268397728112,-0.07523273987230088,-0.07523273987230088,59.2
2025-12-09,TW,68,0.400384903841769,10,0.5432591770992272,10,0.5280475960167477,"6691,3037,6139,2344,6944,2382,3036,6683,2379,6446",0.5376885014848922,-0.07806533302519261,-0.07806533302519261,59.1
2025-12-10,TW,68,0.403904154691745,10,0.3084936885046116,10,0.4325833641603124,"6691,3037,6139,6944,5536,2404,2379,3036,2344,2382",0.30236617269325805,-0.08523960770286229,-0.08058275099272769,56.1
2025-12-11,TW,68,0.3884131676813415,10,0.35005090225598384,10,0.4195692355224628,"6139,6691,5536,3037,2404,6944,2344,3036,6196,3563",0.347099787011373,-0.07024631749203089,-0.06308073467012135,56.7
2025-12-12,TW,68,0.3523926982436006,10,0.2456904044679021,10,0.46708709725628417,"6691,6139,2404,5536,3037,2344,6196,6944,1590,3563",0.23866657799376076,-0.06264410943258006,-0.057981424364383506,56.9
2025-12-15,TW,68,0.3193368465018084,10,0.2039748428532297,10,0.3701871196561153,"6139,6691,5536,6944,2404,3037,1590,6196,2344,3563",0.17801920855253545,-0.07255127500159955,-0.06543805941766039,55.5
2025-12-16,TW,68,0.3730380327328045,10,0.2132977286211696,10,0.4360327982206208,"6139,6691,6944,2404,5536,6196,2344,3037,1590,2603",0.17856181147716513,-0.0743684047904727,-0.06659077689409368,55.0
2025-12-17,TW,68,0.3557275904896941,10,0.3023892627987825,10,0.42572736804025446,"6944,6139,2404,6691,2344,6196,3260,5536,2408,3037",0.29164743308278057,-0.06825456274900923,-0.06355659885456678,56.6
2025-12-18,TW,67,0.3656617400286715,10,0.289935166384183,10,0.28130284184588045,"6139,6944,2404,2344,6691,2408,6196,3260,5536,3037",0.26529360860594153,-0.07441993038449651,-0.07218592332273051,55.3
2025-12-19,TW,68,0.3208434744130862,10,0.01779423109481869,10,0.19825576392164712,"6139,6944,6196,2404,2408,3324,6691,2344,2603,5536",0.005473268984913238,-0.09615730520608175,-0.08837834432241587,54.0
2025-12-22,TW,68,0.2453731512818764,10,0.16365402002968119,10,0.16480324129845703,"6903,6196,2408,3324,6944,3260,2368,6139,6274,2344",0.16365402002968119,-0.0545928258751747,-0.0545928258751747,60.0
2025-12-23,TW,67,0.31622788675350816,10,0.26548357366700837,10,0.17332350940560567,"6903,6196,2408,6274,3260,6944,6139,3006,2368,2404",0.26548357366700837,-0.0626174438435732,-0.0626174438435732,60.0
2025-12-24,TW,67,0.2943023495081397,10,0.24170068775353645,10,0.3041522438700966,"3006,3260,6274,2408,6903,2368,6196,2603,2344,6944",0.24170068775353645,-0.042345635389434845,-0.042345635389434845,60.0
2025-12-26,TW,67,0.31413851893683453,10,0.39084360695076786,10,0.31585808371047186,"3006,7751,2368,2408,6274,3260,2603,6944,6196,6903",0.39084360695076786,-0.059081929622583,-0.059081929622583,60.0
2025-12-29,TW,67,0.37834208487729953,10,0.4640299869652756,10,0.5870240759192988,"3260,7751,6274,2368,2408,3006,2603,8996,8210,2344",0.45966733226244216,-0.051822146022714864,-0.051822146022714864,60.0
2025-12-30,TW,67,0.3722603047028646,10,0.4406144510478807,10,0.4688829236092518,"7822,3260,3006,7751,2408,2368,2344,2603,8271,8210",0.4383366637432135,-0.06140153973828809,-0.06140153973828809,59.8
2025-12-31,TW,66,0.3733280311872745,10,0.6129644882068372,10,0.5605057405283779,"7822,3260,3006,5289,8271,7751,2408,2368,2344,6274",0.6129644882068372,-0.05475052159349064,-0.05475052159349064,60.0
2026-01-02,TW,66,0.34870922899394874,10,0.326404789948494,10,0.32284759709228183,"3006,3260,7822,2408,3135,5289,2344,8271,2603,6903",0.326404789948494,-0.07820939557851721,-0.07820939557851721,60.0
2026-01-05,TW,66,0.37946525897347333,10,0.551835575988304,10,0.3453711037233978,"3006,3260,2344,6187,2408,3135,5289,7822,2308,8271",0.551835575988304,-0.04471284375360128,-0.04471284375360128,60.0
2026-01-06,TW,66,0.3813495506606937,10,0.4294356408992524,10,0.3079193096957533,"3006,2344,2408,3260,5289,6187,3135,6196,2360,6488",0.4357691128163707,-0.1021895431664066,-0.10145175557080735,58.4
2026-01-07,TW,67,0.3857721234989227,10,0.2517599840224186,10,0.28896607576965183,"3006,2408,2344,3260,2360,5289,6488,3135,2451,6196",0.2308198387369334,-0.10562812089760731,-0.10562812089760731,56.2
2026-01-08,TW,68,0.41775431247890243,10,0.2898676748290393,10,0.3041516660503657,"3006,2344,2408,2451,2360,3260,8271,5289,3135,6488",0.2174273834059568,-0.1008340892951665,-0.09265158552865913,52.1
2026-01-09,TW,67,0.4099149294768595,10,0.4098230929219738,10,0.30544889362098276,"2360,3006,6640,8271,2451,3135,8996,2344,5289,3406",0.3332488789631561,-0.09780076785884065,-0.08532527765943151,51.2
2026-01-12,TW,65,0.39337369469996064,10,0.3381055770103744,10,0.32810665310482146,"2360,6640,8996,3006,3135,2408,8271,6488,2344,2379",0.20168272192621348,-0.14017112021284855,-0.1278709861099439,48.0
2026-01-13,TW,66,0.45063119663832313,10,0.6557217223726373,10,0.4820249723002288,"8996,2360,3135,2379,6640,3006,3037,6903,7751,6488",0.5490315065012346,-0.11589595842291851,-0.11057680956097009,50.0
2026-01-14,TW,65,0.43302302256723557,10,0.4884951780946773,10,0.3696574682802459,"2360,8996,6488,3135,3006,6903,6640,7751,3293,6944",0.41083010136704534,-0.11376546538452119,-0.11076158942778243,51.7
2026-01-15,TW,65,0.39475321553841625,10,0.42814584557977886,10,0.2308625316436696,"2360,3006,3135,8996,6903,6488,2408,3293,6446,3037",0.3493981608988254,-0.09692457320060689,-0.09640910947683336,52.5
2026-01-16,TW,66,0.41810333039814424,10,0.42007179722063215,10,0.38488144014308157,"6446,3135,2360,3037,3006,5289,2408,2344,6903,3260",0.2683263897043727,-0.13852848884192015,-0.12393502797915598,38.7
2026-01-19,TW,66,0.4649230083744953,10,0.47811331759196535,10,0.5489017596820435,"3135,3037,5289,3260,2408,2344,3006,6446,7822,8996",0.4426200497829894,-0.08278951288498168,-0.07653014589012905,51.5
2026-01-20,TW,66,0.43967114394732665,10,0.4596471109304222,10,0.38705456234506574,"3037,3135,5289,2360,6446,2408,2344,7822,6903,8996",0.38102163980382925,-0.11056876181092146,-0.0953020917213599,44.6
2026-01-21,TW,66,0.45083079703688467,10,0.4359666712565707,10,0.40560755776628027,"3037,7822,5289,3135,2360,6488,1476,8996,2408,6446",0.38681598590454935,-0.11192246947572922,-0.09291780503453306,44.5
2026-01-22,TW,65,0.44983437013910366,10,0.3973579218454152,10,0.4213923412991113,"3037,7822,5289,3044,3135,2408,8996,6446,1476,6488",0.3195680948086489,-0.11514132152521635,-0.09660590024672425,44.1
2026-01-23,TW,65,0.49475084812473236,10,0.4247322976811724,10,0.413938352842259,"3037,3044,7822,6446,5289,6488,2408,3260,3406,3135",0.26204511106243256,-0.1301223202407338,-0.10587451084395375,38.3
2026-01-26,TW,65,0.4888893740330806,10,0.8497064150442692,10,0.39085862355398443,"6446,3037,3044,3260,5289,2408,6683,6488,3135,8996",0.6855529987255102,-0.1318464900741185,-0.10234129695558876,40.8
2026-01-27,TW,64,0.44228835766389446,10,0.9209469067947804,10,0.4143260457799413,"6446,3037,3044,3260,6683,5289,6274,3413,6640,2408",0.6784392875410541,-0.13646369699748567,-0.10808302704812449,43.5
2026-01-28,TW,64,0.4164093119560126,10,0.7749576468234233,10,0.3656646663357145,"3037,3044,6446,6683,3260,2344,6274,7822,5289,3036",0.5357734783831521,-0.14782965439758106,-0.11906121861057177,41.9
2026-01-29,TW,65,0.48711946904264575,10,0.5962787497354458,10,0.47833662881586275,"6446,3044,6683,3037,2344,3260,8996,3006,2408,7822",0.4692968126094724,-0.16940933162988803,-0.12030034064506848,36.3
2026-01-30,TW,65,0.5313825442607873,10,0.6452371599672277,10,0.7290548902743159,"6446,6683,3037,3006,2408,3044,3260,5289,2344,7822",0.5199787453496347,-0.17373490553586884,-0.12264209008077838,35.3
2026-02-02,TW,65,0.4880829466367572,10,0.5445280169858162,10,0.6086503854097574,"6683,6446,3044,3037,3006,8996,2408,2368,7822,3260",0.4065938918327718,-0.1605030001193727,-0.10926913387433154,36.3
2026-02-03,TW,63,0.5029392270752896,10,0.7200557412831082,10,0.7602303383725381,"6683,6446,3044,3037,8996,2368,5289,3324,3006,6640",0.5667958899479586,-0.11753993552807421,-0.11055748726600563,44.0
2026-02-04,TW,61,0.43170264779133855,10,0.6921577665603065,10,0.628429785776007,"6683,3044,6446,2368,3037,8996,6274,8210,5289,2408",0.561469627978162,-0.14569345166416647,-0.1304609742853613,45.5
2026-02-05,TW,62,0.45944603303027454,10,0.8103777633842174,10,0.793365306227046,"6683,6446,3044,2368,3037,8996,5289,3324,6274,3563",0.7846660009810007,-0.07210948426025413,-0.07210948426025413,57.0
2026-02-06,TW,61,0.3662208570326872,10,0.5394744121800368,10,0.5208736269040852,"6683,6446,2368,8996,3044,6274,1476,8210,3037,3036",0.30494812043521063,-0.13406018119852048,-0.12477430206618637,40.3
2026-02-09,TW,61,0.3571819124585223,10,0.5819780858134797,10,0.6322146230263245,"6683,8996,2368,6446,1476,3044,6274,3413,5289,3037",0.5454705898081738,-0.11790295387414314,-0.10363690617694994,47.3
2026-02-10,TW,61,0.41300893118420506,10,0.6712381457103107,10,0.6225254139473587,"6683,2368,8996,7751,3036,6446,1476,3037,6274,2395",0.3954319815486045,-0.10482359828944529,-0.0906557850887148,37.2
2026-02-11,TW,61,0.41847897339531415,10,0.5473500148595342,10,0.73759577068728,"6683,7751,2368,3036,8996,2395,6446,1476,3044,3037",0.4137840746274636,-0.1113700575933803,-0.09917250806315911,42.1
2026-02-23,TW,61,0.4521312402280061,10,0.7516291271865383,10,0.6022573734472157,"6683,3036,6187,2395,2368,3413,3037,1476,8996,7751",0.7202191114181089,-0.08638846225323424,-0.07225223422991173,50.4
2026-02-24,TW,60,0.41447992127402655,10,0.7767458114044563,10,0.7112795993302561,"6683,6187,3037,2395,3036,2368,8996,6274,3413,1476",0.45783577048265744,-0.12457061193073786,-0.1120763916320564,39.6
2026-02-25,TW,59,0.41001574017291187,10,0.872208787911968,10,0.8050365784569266,"6187,2395,6683,3037,3036,6274,2368,3413,3583,2382",0.4584355491302053,-0.09908395842793678,-0.09252091858400378,43.5
2026-02-26,TW,59,0.40892082959801956,10,0.6954363904706236,10,0.6291171078653407,"6187,6683,6691,3563,2395,3037,6903,6526,3036,3583",0.55405770684961,-0.09608428792940346,-0.09608428792940346,50.8
2026-03-02,TW,59,0.40001124959326145,10,0.5769635327626002,10,0.5564282654329988,"6187,3563,2603,6526,2395,3037,6683,6691,3036,3583",0.40329678911510564,-0.12110837428957648,-0.11877676815000796,45.1
2026-03-03,TW,60,0.4949936868310305,10,0.6569047250348475,10,0.6556245805038251,"6187,2603,3563,2395,3037,6526,6683,3583,6691,3036",0.6569047250348475,-0.08064273738495306,-0.08064273738495306,60.0
2026-03-04,TW,59,0.48537833857247276,10,0.5803375248276718,10,0.5435970407807346,"3563,6187,3036,2603,6526,3037,2395,6683,3583,6691",0.5089073704004085,-0.09502305477493131,-0.09262091962354911,48.6
2026-03-05,TW,60,0.49849426146592996,10,0.6039691691709625,10,0.692338399799244,"3563,6187,3036,2395,2603,6526,3037,6683,3583,6691",0.5688499356389615,-0.0882984235435063,-0.0882984235435063,54.2
2026-03-06,TW,63,0.5715189127250244,10,0.5038964514810442,10,0.6558646527452192,"2395,3036,6187,2603,3563,2404,6683,6903,6640,6944",0.4650701302097072,-0.036494601027071416,-0.036494601027071416,55.6
2026-03-09,TW,62,0.45623701025815655,10,0.5179791344865995,10,0.5988085666001647,"3036,2603,2395,6683,6187,8271,5289,3563,6903,6640",0.5179791344865995,-0.04114124396499471,-0.04114124396499471,60.0
2026-03-10,TW,60,0.379428896818484,10,0.40217305373439505,10,0.4847912218573881,"3036,5289,6640,8271,2395,6187,2603,3563,3034,2368",0.40217305373439505,-0.047499928990543935,-0.047499928990543935,60.0
2026-03-11,TW,58,0.4093139344870986,10,0.3914339027109749,10,0.49911190932545046,"3036,2357,8271,5289,6640,6187,2368,3260,3563,2603",0.2875899253581766,-0.06469979858977523,-0.06469979858977523,55.4
2026-03-12,TW,60,0.3603718016727441,10,0.3960294703353352,10,0.3774275142786587,"8271,3036,5289,2357,6187,6640,2368,3563,3260,3037",0.2711684249902275,-0.0682805950053479,-0.059923246322576465,50.3
2026-03-13,TW,58,0.302710567133807,10,0.29715630237367907,10,0.3033296818471423,"8271,3036,6187,2357,3563,3037,2368,3260,6903,3583",0.26183299384489067,-0.11347499737800866,-0.1010411351590212,51.5
2026-03-16,TW,58,0.3213837010000835,10,0.2693063755854781,10,0.31237139148399884,"8271,6187,3036,3260,3037,2357,2451,3563,3583,2603",0.12015004902411719,-0.1252720356866247,-0.10992309156322728,36.1
2026-03-17,TW,57,0.33179089448551785,10,0.26046400316285145,10,0.28895823639767976,"8271,3260,3036,2451,2357,3563,3006,3037,6187,3583",0.09284292192463833,-0.17512980425867425,-0.12641835927542405,28.9
2026-03-18,TW,59,0.3309851344538297,10,0.2521207084388043,10,0.24111451174819448,"8271,3260,2451,3036,3006,3037,2357,6187,3583,3563",0.08349666720913211,-0.1750528587551373,-0.12983005934828856,28.4
2026-03-19,TW,58,0.32748150321162095,10,0.18693915689125198,10,0.18693915689125198,"3260,8271,2451,3006,3036,6187,3037,3135,3583,3563",0.0035523618507887324,-0.23087683252897487,-0.1737160388237629,21.7
2026-03-20,TW,59,0.42982436514268735,10,0.40223702139939793,10,0.3619019868813023,"6187,3260,3135,2451,3036,8271,3583,2368,3037,3006",0.19956439152780542,-0.150948655953568,-0.13974691229143937,29.1
2026-03-23,TW,58,0.42370312424434625,10,0.28891221076734463,10,0.3537743918467816,"6187,3135,3583,3260,3036,6139,2451,2368,8271,3563",0.08275044152861263,-0.15666067912403872,-0.1479622039892064,28.5
2026-03-24,TW,59,0.39508186873667983,10,0.3393328109381316,10,0.31120646227914617,"6187,3583,6139,5536,3406,3260,3293,3036,3135,2357",0.2246834938521088,-0.11618705940669831,-0.10950686649730634,44.8
2026-03-25,TW,58,0.3674741652840726,10,0.4094268415744658,10,0.34241584792703617,"6187,3583,6139,5536,3406,3260,3293,3563,3413,6274",0.3456292704383027,-0.1178063881700887,-0.11674417265411505,48.7
2026-03-26,TW,60,0.44981185093160464,10,0.5473146006237133,10,0.40655804258264344,"6187,3583,3293,3563,6274,5536,3406,2357,3034,6139",0.5473146006237133,-0.06896730809404797,-0.06896730809404797,60.0
2026-03-27,TW,60,0.38297288227184895,10,0.4009614838840047,10,0.36547196796787984,"6187,3293,3583,3563,6274,2379,3034,5536,2357,3260",0.4024251516077858,-0.08042979180869522,-0.07957194861563152,59.0
2026-03-30,TW,60,0.40992503547623593,10,0.4462709350900972,10,0.38753672663185845,"3563,6187,3583,6274,5536,3293,3034,8996,2368,3260",0.448044124889187,-0.06243474044967583,-0.06124488256892665,58.9
2026-03-31,TW,59,0.4267998403499211,10,0.43808885507905304,10,0.3782564693542258,"3583,6187,3293,3563,6274,8996,6944,2368,3260,2357",0.43288263399937116,-0.03684872479388159,-0.03684872479388159,59.9
2026-04-01,TW,60,0.4001479924669264,10,0.47065639789344454,10,0.4753662699553529,"6274,6187,3583,3293,3563,3406,8996,2368,6944,3034",0.47065639789344454,-0.052365667311165064,-0.052365667311165064,60.0
2026-04-02,TW,59,0.42699760932230124,10,0.5111846392101372,10,0.4703019012038453,"6274,6187,3583,3563,3293,3037,3406,8996,2368,6944",0.4931984152025917,-0.02576555793407852,-0.02576555793407852,59.7
2026-04-07,TW,59,0.39133486688832636,10,0.4780906675230504,10,0.3964944461608741,"6274,3583,6187,2379,3293,3563,3037,6196,6944,8996",0.4645380200343864,-0.043302480756766716,-0.042104113760289365,58.5
2026-04-08,TW,57,0.37273252456701844,10,0.41363296252923565,10,0.3460007537106532,"6274,3583,6187,2382,3037,6944,2379,3563,6196,6903",0.4014478297758233,-0.04004826807964863,-0.03886540936274456,58.4
2026-04-09,TW,57,0.3035698582870281,10,0.29836598556140426,10,0.22759668862925259,"6274,3583,6944,2382,6903,2379,3037,6196,3563,2376",0.29954083591182995,-0.06007777272485977,-0.05333274027269321,58.1
2026-04-10,TW,57,0.28459064744602214,10,0.2576869460973766,10,0.2348293571027939,"3583,6274,6903,2382,6944,3563,6196,2376,3037,4966",0.2603222903128243,-0.06390158010094338,-0.05708242641469726,58.0
2026-04-13,TW,56,0.28028194538696777,10,0.39520751479769844,10,0.37479745711302237,"3583,5434,6274,6903,2379,2382,2376,3563,6488,3406",0.39244636629250235,-0.05983405345423189,-0.05322550196254024,57.8
2026-04-14,TW,56,0.25992065883204607,10,0.3096474906586483,10,0.3175995308271114,"6274,3583,5434,3406,2382,6903,6196,2379,4966,2376",0.3096474906586483,-0.026850044702338028,-0.026850044702338028,60.0
2026-04-15,TW,56,0.22804082302325096,10,0.4455389195790101,10,0.3759241519290756,"6274,3583,5434,6196,2376,3406,6903,2379,6488,5536",0.4455389195790101,-0.028875446191760044,-0.028875446191760044,60.0
2026-04-16,TW,53,0.2720718663383251,10,0.40716517942702835,10,0.48139917926822023,"6274,5434,3583,2379,2376,6488,4966,6414,3406,3044",0.40716517942702835,-0.021451244691948222,-0.021451244691948222,60.0
2026-04-17,TW,53,0.2383596854687549,10,0.21534164002376305,10,0.2123454402756085,"3583,6274,5434,6196,6139,2376,6414,6903,3563,2379",0.22580728627267704,-0.07129975708802871,-0.05793343658992696,55.3
2026-04-20,TW,53,0.14539926445258958,10,0.23357064269076427,10,0.19295012607812229,"3583,6196,6274,5434,6139,3406,6414,8271,6488,3037",0.22698391505616958,-0.07085820722197625,-0.07085820722197625,59.8
2026-04-21,TW,53,0.11179845631269794,10,0.19977605944835888,10,0.15471613957243965,"8271,6196,6274,5434,6488,3583,3044,6414,3037,2376",0.20313439213341394,-0.07572678788631391,-0.068736011162386,58.7
2026-04-22,TW,53,0.11947310975471481,10,0.1955315006802752,10,0.09992829992841223,"8271,6526,3583,6274,2379,6414,5434,6196,6488,3044",0.1929883597636024,-0.1250260589823565,-0.11534988326296074,48.4
2026-04-23,TW,53,0.18667417760049898,10,0.2511172781610051,10,0.2161380769980215,"3583,5536,8271,6414,3044,3037,4966,6274,5434,6488",0.19476900278401424,-0.09886229529735993,-0.0979416969757683,48.1
2026-04-24,TW,52,0.17724480270434187,10,0.1691332952998222,10,0.1389194344690755,"7711,5536,3037,4966,3044,6526,3583,6196,6414,6488",0.14252776871888728,-0.11833668598771226,-0.1070573006507595,49.8
2026-04-27,TW,53,0.15899094155970594,10,0.08190837450155031,10,0.1061040251762444,"3037,7711,3044,6488,5536,6274,4966,3135,6526,8271",0.07969283313679539,-0.1186094446038058,-0.10494327107421775,53.7
2026-04-28,TW,53,0.17316925432842806,10,0.10255034594618646,10,0.17301115099817613,"7711,3037,3260,8271,6414,6903,3135,2379,3006,6274",0.09423505457156867,-0.1024757094706423,-0.08231634466784263,50.1
2026-04-29,TW,53,0.10103885811709196,10,0.03261636570521016,10,-0.02635165752172681,"7711,3037,3135,6414,8271,3260,6274,3044,6196,2379",0.03361941582918422,-0.1083225596194565,-0.08482501783010603,51.3
2026-04-30,TW,52,0.06348484794188834,10,-0.02936766611622347,10,-0.05961082289225115,"3037,7711,6414,8271,3135,8016,6903,3044,6488,3260",-0.002800908908708699,-0.16496090389885265,-0.1242251845336956,51.4
2026-05-04,TW,52,0.02321782506196492,10,-0.03983462525077491,10,-0.11582195349261186,"3526,3037,7711,6414,2395,3135,8271,4766,8016,6526",-0.030637165897283002,-0.1401427738959779,-0.11117551957100913,52.7
2026-05-05,TW,52,0.04565202918312365,10,0.013538387356975856,10,-0.12247005538399411,"6414,3526,7711,3037,3135,2395,6488,8271,2408,3044",0.01979728519688927,-0.17234933791984205,-0.12557282288823973,46.5
2026-05-06,TW,52,0.05466698981560068,10,0.055556124090152016,10,-0.05658663078839961,"6414,3135,7711,2408,2395,6488,6526,2344,3526,8271",0.06452231401082395,-0.1655554377891654,-0.11814035871018506,46.4
2026-05-07,TW,52,0.07726343577367693,10,0.10222891819574272,10,-0.08848983808145097,"7711,2395,3526,6488,6526,6414,8016,2408,2344,3135",0.08208642496935084,-0.1509789444065414,-0.10615106570393809,41.1
2026-05-08,TW,51,0.07963564869400655,10,-0.008696107674400055,10,0.005505595767486604,"2395,3034,3526,6526,7711,8016,6488,8271,3135,2376",-0.032887334717155894,-0.20150566274352152,-0.1365562985237545,33.6
2026-05-11,TW,51,0.08881336623374908,10,0.024548001329175183,10,0.022569176098059272,"2395,3036,3034,2357,4966,3135,6488,3526,6414,6526",-0.00493386024356689,-0.210465840502812,-0.13842039094303082,36.9
2026-05-12,TW,52,0.08972638671073001,10,0.07302720381106045,10,0.013781318461982429,"2395,3135,3036,2408,4966,2451,2344,6414,3526,8016",0.09423250616419603,-0.18850048221759014,-0.1165035028989542,43.1
2026-05-13,TW,51,0.08614754219745575,10,0.15995320262473242,10,-0.0651814311180293,"4966,3036,3135,6446,2408,2395,2344,3034,3526,8016",0.12635278889784454,-0.17104970063125835,-0.11099653160436115,39.4
2026-05-14,TW,50,0.08610674071261665,10,0.17808340135900655,10,0.041757364763099325,"4966,8016,3135,2344,2408,3006,6446,3034,3036,2395",0.10386788047037059,-0.1927798196026565,-0.12744229395976822,36.5
2026-05-15,TW,53,0.14229558660782918,10,0.1496540130199732,10,0.07383778969121949,"6446,4966,3006,3135,2344,3036,3406,8016,5536,2408",0.11240586388447871,-0.184838063557731,-0.1227383663703681,43.8
2026-05-18,TW,53,0.14936205833657956,10,0.20213269471585943,10,0.10090123932979375,"3006,6446,2344,3135,4966,3036,8016,2376,3406,2395",0.14845164669897257,-0.16681670196515025,-0.11315232854351516,44.5
2026-05-19,TW,53,0.15244426778662157,10,0.20773422675474248,10,0.15301773379263808,"6446,8016,3036,3006,2395,4966,2344,3135,3034,3406",0.15602853480081702,-0.1450541214836482,-0.10277596335065642,47.6
2026-05-20,TW,52,0.13984565845605737,10,0.1727339869797678,10,0.20361686047334845,"3036,8016,6446,4966,2395,3034,3006,2603,3135,2344",0.16059733957795913,-0.15160191936935968,-0.09496331680239184,46.0
2026-05-21,TW,51,0.10886802791021691,10,0.09768592358688,10,0.09807682358952782,"3036,8016,6446,4966,6139,3034,3406,2395,3563,6196",0.06708594848960617,-0.16480859480502447,-0.1138601024774368,43.1
2026-05-22,TW,50,0.07826732074470186,10,0.12858455257909443,10,0.021665474333993996,"3036,6446,5434,8016,4966,2603,2357,3135,6196,2395",0.15566168006961936,-0.14789386421287548,-0.10104027700713022,47.1
2026-05-25,TW,51,0.06580007422103196,10,0.08274855441177632,10,0.1659605550160254,"5434,6196,3036,6446,2357,2395,4966,3413,8016,6139",0.09467238249278691,-0.15247492347622776,-0.11684047442511854,44.0
2026-05-26,TW,49,0.04833192791633124,10,0.0988962301753684,10,0.08777004504505276,"5434,6446,6196,2395,2344,6488,3036,3135,6139,2357",0.07433914381218754,-0.17940207864204538,-0.1376367397434175,45.5
2026-05-27,TW,49,0.0627920073873577,10,0.05195525110994165,10,0.10086491749625677,"2344,6488,6446,5434,6196,3135,4966,8016,2395,3036",0.042937271749835304,-0.20848292743913147,-0.14054003849733823,37.6
2026-05-28,TW,48,0.06556206348333855,10,0.055292549344673536,10,0.09146691389024275,"3135,6196,6446,2344,8016,4966,3036,2357,2376,5434",0.05732468548290639,-0.18750307547111908,-0.12766249866498505,42.4
2026-05-29,TW,49,0.04943733636706697,10,0.11211890858422409,10,0.07928103067829469,"2357,6446,3135,2344,2376,6196,8016,2408,3406,4966",0.004981550801259682,-0.21705596221502232,-0.16525229346003356,36.4
2026-06-01,TW,49,0.03775096304600522,10,0.08701534340536292,10,0.041039711737963634,"2357,6446,2344,2376,2382,2408,6196,3135,6488,8016",-0.04217976522757344,-0.21280055847440593,-0.16969945396340236,30.9
2026-06-02,TW,51,0.019631734848248508,10,0.09161161034139852,10,0.02275688466460064,"2357,2344,2382,2408,3293,2376,2379,6196,2603,6446",-0.02848458537858469,-0.19102132045984416,-0.1482870942448707,29.5
2026-06-03,TW,50,0.03832484239869409,10,0.05102053509299224,10,0.05507180342842768,"2357,2382,2376,2344,2408,2603,3293,6121,2379,6196",-0.09255998997426029,-0.1773834771944769,-0.14997226555553542,35.3
2026-06-04,TW,50,0.04871051440043394,10,0.1848558834640878,10,0.11501534639181807,"2357,2382,6409,2344,3293,3406,6414,6446,2408,2603",0.017170901528862616,-0.1595196536252606,-0.13431154075882654,42.2
2026-06-05,TW,52,0.15560709126337827,10,0.2289879171701112,10,0.225578042142882,"6409,2357,6121,3406,2382,6446,3293,6414,2379,2603",0.1326768529758366,-0.09461077211942139,-0.08606028352007285,54.5
2026-06-08,TW,50,0.06633337936796027,10,0.14280367861444276,10,0.15885024047701868,"6409,3406,2357,6446,2382,6121,3293,6414,2603,6196",0.029195176593809914,-0.1277890529407512,-0.11153206578202604,49.4
2026-06-09,TW,50,0.07273532415290743,10,0.13693112250982922,10,0.21060529527973113,"3406,6409,6446,6414,2357,3293,6121,6196,2379,2382",0.05423390419225434,-0.133009977374701,-0.11070334754044686,50.9
2026-06-10,TW,52,0.11050626006009537,10,0.16418902467417984,10,0.16637596521181072,"6446,3406,6409,3293,2382,6414,2379,2207,6196,2357",0.08753610360245755,-0.10922981397786116,-0.09354498334457692,53.7
2026-06-11,TW,51,0.055807423387564274,10,0.11776606424998823,10,0.13748819168604198,"3406,6414,6409,2379,6121,2382,2207,2603,6446,6196",0.049200635640546275,-0.12472917895785038,-0.10260589128661753,50.3
2026-06-12,TW,50,0.048829265832337335,10,0.10827405055585193,10,0.010089531862737255,"3147,6409,8464,6196,6691,2344,6944,3406,2408,6446",-0.03961819676458165,-0.18904242709285146,-0.13835241346451807,38.9
2026-06-15,TW,50,0.028217993342170154,10,-0.0027301396760302187,10,0.028116203684561893,"3147,6691,6409,2344,6196,3406,6139,8464,2408,6944",-0.1252552111401281,-0.22833744159720312,-0.1583893966349475,33.8
2026-06-16,TW,49,0.029022561904312984,10,0.044011501902177494,10,0.08078840796251985,"3147,2344,2408,3406,8464,6409,6446,6691,3044,6944",-0.04831384613322788,-0.20748840834628304,-0.12882471907620943,38.6
2026-06-17,TW,49,-0.0021734269181849565,10,-0.004914859596009369,10,0.01796187236386282,"3147,2344,2379,2408,3044,6409,6944,8464,6446,3406",-0.0784045064092425,-0.2150564015106792,-0.1319244920048181,34.4
2026-06-18,TW,49,-0.035503088777186706,10,-0.061219979113623924,10,-0.031720716683173146,"2379,2344,2408,6446,3147,8464,3044,6944,3406,6409",-0.10336256470492564,-0.24780015286509088,-0.13400737218469977,26.2
2026-06-22,TW,49,-0.02421018204462211,10,-0.06036882480537337,10,-0.04472966574599859,"2379,2408,2344,3034,6446,6944,8016,3406,3147,6409",-0.12370275421110435,-0.2522903276422743,-0.14958146865444952,20.5
2026-06-23,TW,51,0.03120924573810131,10,-0.004269946801937407,10,-0.012645932460105092,"2379,6446,2344,8016,2408,6944,3147,3034,2207,3406",-0.07878565073125395,-0.21289187942619728,-0.1517867598491427,30.7
2026-06-24,TW,49,0.019489332398710382,10,-0.04683391183239598,10,-0.03479034746238998,"3147,2379,6691,2344,3034,8016,2408,6409,8464,6526",-0.10607832972487827,-0.21900043965011623,-0.14763274993020442,31.8
2026-06-25,TW,48,0.02828190233612385,10,-0.054085712582410336,10,-0.023216256150140745,"6691,2344,6409,8016,2408,3147,3034,2379,5434,8464",-0.0842982053978674,-0.2003136796437625,-0.13305423934759347,35.1
2026-06-26,TW,51,0.06689584318017584,10,-0.03899843647940644,10,-0.02995955661946077,"6691,6409,2344,6139,2408,8016,5434,8464,2207,2379",-0.0684119625634271,-0.17706560056487963,-0.12440585427097428,38.0
2026-06-29,TW,48,0.050942824876264205,10,-0.02745313428696965,10,0.008635110914368005,"5434,6139,6691,8016,2408,2379,2344,2207,3034,8464",-0.06359159870915054,-0.18829918420653727,-0.13662924249591663,37.4
2026-06-30,TW,47,0.04161347939147253,10,-0.08508006401182291,10,-0.021876523502991053,"5434,8016,6139,2379,6691,2344,3583,2408,3413,3034",-0.10746897021496682,-0.24235027225659408,-0.1630663646725204,23.2
2026-07-01,TW,48,0.08649859859460995,10,-0.04003644482612465,10,0.022357163012947233,"8016,5434,3293,2379,6139,6196,3583,3413,6526,8464",-0.09660771797727497,-0.1856582320892853,-0.14862551079333983,36.1
2026-07-02,TW,48,0.06891843995784087,10,-0.01705142413714935,10,-0.0041768772445429534,"8464,5434,6139,6903,6196,8016,2395,2379,3583,6691",-0.05071241918908977,-0.19280694505679455,-0.13857688213146158,32.1
2026-07-03,TW,47,0.054297386552946546,10,0.02469537076102274,10,0.01277831176212536,"6139,2395,8016,6196,5434,8464,6526,6903,6691,3293",-0.0495947241216385,-0.19387932838183392,-0.14487427150001303,30.9
2026-07-06,TW,47,0.06482590130914313,10,-0.0018648263917626306,10,-0.001600089045486297,"6121,6139,2395,8016,8464,5434,6414,6196,3293,3413",-0.024300023519780223,-0.15961156057048792,-0.12722146431908965,35.4
2021-01-04,US,22,0.18134057885035518,0,,0,,,,,,
2021-01-05,US,22,0.18763202463048118,0,,0,,,,,,
2021-01-06,US,22,0.1526416800043024,0,,0,,,,,,
2021-01-07,US,22,0.11756271370371062,0,,0,,,,,,
2021-01-08,US,22,0.15356495912198123,0,,0,,,,,,
2021-01-11,US,22,0.12408571632126525,0,,0,,,,,,
2021-01-12,US,22,0.10500986626419116,0,,0,,,,,,
2021-01-13,US,22,0.0963397814541097,0,,0,,,,,,
2021-01-14,US,22,0.08148975858177193,0,,0,,,,,,
2021-01-15,US,22,0.0926089981683504,0,,0,,,,,,
2021-01-19,US,22,0.0617599860872785,0,,0,,,,,,
2021-01-20,US,22,0.04176703973067135,0,,0,,,,,,
2021-01-21,US,22,0.033203490905525726,0,,0,,,,,,
2021-01-22,US,22,0.05620832582895858,0,,0,,,,,,
2021-01-25,US,22,0.040163684218850054,0,,0,,,,,,
2021-01-26,US,22,0.09825315201277857,0,,0,,,,,,
2021-01-27,US,22,0.11713788536630818,0,,0,,,,,,
2021-01-28,US,22,0.11596819820185064,0,,0,,,,,,
2021-01-29,US,22,0.10243092530017198,0,,0,,,,,,
2021-02-01,US,22,0.07800528130605233,0,,0,,,,,,
2021-02-02,US,22,0.04549187309278305,0,,0,,,,,,
2021-02-03,US,22,0.05236851769673159,0,,0,,,,,,
2021-02-04,US,22,0.014350122002621707,0,,0,,,,,,
2021-02-05,US,22,0.030847952510826872,0,,0,,,,,,
2021-02-08,US,22,0.015172346674180482,0,,0,,,,,,
2021-02-09,US,22,0.01984695906636752,0,,0,,,,,,
2021-02-10,US,22,-0.02061973261845373,0,,0,,,,,,
2021-02-11,US,22,-0.036457772071421396,0,,0,,,,,,
2021-02-12,US,22,-0.09494407162572963,0,,0,,,,,,
2021-02-16,US,22,-0.06286447954718435,0,,0,,,,,,
2021-02-17,US,22,-0.01784481026478566,0,,0,,,,,,
2021-02-18,US,22,-0.043859840842159256,0,,0,,,,,,
2021-02-19,US,22,-0.04347773643586545,0,,0,,,,,,
2021-02-22,US,22,0.007582005269987984,0,,0,,,,,,
2021-02-23,US,22,0.025291447494920582,0,,0,,,,,,
2021-02-24,US,22,-0.006083295770826961,0,,0,,,,,,
2021-02-25,US,22,0.045135651153463525,0,,0,,,,,,
2021-02-26,US,22,0.021721762062201402,0,,0,,,,,,
2021-03-01,US,22,0.012220654587361152,0,,0,,,,,,
2021-03-02,US,22,0.044212226009538905,0,,0,,,,,,
2021-03-03,US,22,0.08197959580122352,0,,0,,,,,,
2021-03-04,US,22,0.1069703477822655,0,,0,,,,,,
2021-03-05,US,22,0.1083525066454628,0,,0,,,,,,
2021-03-08,US,22,0.10673891066043519,0,,0,,,,,,
2021-03-09,US,22,0.09926863391231015,0,,0,,,,,,
2021-03-10,US,22,0.09082807843774551,0,,0,,,,,,
2021-03-11,US,22,0.09640259467985045,0,,0,,,,,,
2021-03-12,US,22,0.08249683745559788,0,,0,,,,,,
2021-03-15,US,22,0.07010480558510257,0,,0,,,,,,
2021-03-16,US,22,0.08835660074203476,0,,0,,,,,,
2021-03-17,US,22,0.08680273290218367,0,,0,,,,,,
2021-03-18,US,22,0.10316668089910527,0,,0,,,,,,
2021-03-19,US,22,0.07657685661530338,0,,0,,,,,,
2021-03-22,US,22,0.0748889254701164,0,,0,,,,,,
2021-03-23,US,22,0.06247804795060569,0,,0,,,,,,
2021-03-24,US,22,0.11294115075625077,0,,0,,,,,,
2021-03-25,US,22,0.09548416404189068,0,,0,,,,,,
2021-03-26,US,22,0.05650777774361681,0,,0,,,,,,
2021-03-29,US,22,0.09136683035654655,0,,0,,,,,,
2021-03-30,US,22,0.07310827329651322,10,0.006345552372457463,10,0.006345552372457463,"ASML,TXN,AMAT,KLAC,LRCX,HPE,DELL,ON,INTC,MU",0.0034214296974714787,-0.08112363023410493,-0.08112363023410493,57.0
2021-03-31,US,22,0.060077453743986785,10,0.020525968498179704,10,0.02469303177088894,"ASML,AMAT,TXN,KLAC,LRCX,ANET,ON,HPE,ADI,INTC",-0.007360237759739707,-0.09746416069685936,-0.09746416069685936,50.7
2021-04-01,US,22,0.03808371027871365,10,0.0736274212196679,10,0.01669851891393779,"AMAT,LRCX,ASML,KLAC,TXN,ANET,TSM,NVDA,MRVL,MPWR",-0.0018106397237869331,-0.12288299561206326,-0.12288299561206326,47.1
2021-04-05,US,22,0.03507452082620117,10,0.07966594207773166,10,0.06062204308698986,"LRCX,AMAT,KLAC,TXN,ASML,ANET,MRVL,MPWR,NVDA,ADI",-0.007354260917612154,-0.11829257066909286,-0.11455288910438075,43.3
2021-04-06,US,22,0.028469881705047776,10,0.0564042132553629,10,0.03721215294605899,"LRCX,TXN,AMAT,KLAC,ASML,MRVL,MPWR,NVDA,ANET,ON",-0.013057761498982457,-0.11874113517082754,-0.11874113517082754,43.0
2021-04-07,US,22,0.020906952757249277,10,0.0693802920752395,10,0.05042656721206581,"LRCX,KLAC,AMAT,NVDA,TXN,ASML,MPWR,ANET,MRVL,DELL",-0.006635831164107353,-0.11191109289855516,-0.10440896034718734,42.1
2021-04-08,US,22,0.02949554226236247,10,0.0690963951940707,10,0.06321628667504331,"LRCX,KLAC,NVDA,ASML,TXN,AMAT,DELL,MPWR,ANET,ADI",0.0240587690917749,-0.09809266556440924,-0.09809266556440924,45.6
2021-04-09,US,22,0.014059085938042191,10,0.03973447134904401,10,0.01987143811090747,"LRCX,DELL,NVDA,KLAC,TXN,ANET,AMAT,ASML,MPWR,INTC",0.0019336313811596395,-0.10921454402063087,-0.10382983459658712,40.4
2021-04-12,US,22,-0.001112535268995387,10,0.04269984861105799,10,-0.004963279359873718,"NVDA,LRCX,DELL,ANET,KLAC,ASML,VRT,MU,MPWR,TXN",0.0238568342857026,-0.09909184822292859,-0.09506616554930955,48.4
2021-04-13,US,22,0.024661391410846598,10,0.08024567894654626,10,0.044269260370637484,"NVDA,VRT,LRCX,DELL,ANET,MPWR,KLAC,ASML,TXN,AMAT",0.05691804482531744,-0.08975064262556215,-0.08975064262556215,52.2
2021-04-14,US,22,0.022878265569276947,10,0.06258711261529956,10,0.06408266525827688,"NVDA,COHR,VRT,DELL,LRCX,ASML,ANET,MPWR,KLAC,AMAT",0.018456644665250134,-0.11834708674616597,-0.1097345308008412,43.2
2021-04-15,US,22,0.008498023031615747,10,0.05716336660463807,10,0.04799333810657609,"NVDA,DELL,COHR,VRT,LRCX,ASML,MPWR,ANET,TXN,ADI",0.033608174890406385,-0.11223048497809048,-0.09980225829512034,50.8
2021-04-16,US,22,0.01716975680685384,10,0.04519328128015722,10,0.05125909122510316,"DELL,NVDA,VRT,COHR,ASML,ANET,MPWR,LRCX,HPE,TXN",0.02153598464439922,-0.10928165364538947,-0.10048284000228516,50.7
2021-04-19,US,22,0.019775485305581965,10,0.06295113164392245,10,0.06392210255357182,"DELL,NVDA,VRT,ANET,HPE,ASML,MPWR,LRCX,ADI,AMAT",0.044733264830401666,-0.08606689540090057,-0.08606689540090057,55.7
2021-04-20,US,22,0.010351733368893607,10,0.04910530874103425,10,0.04767162794949257,"DELL,NVDA,VRT,ANET,HPE,MPWR,ASML,LRCX,AMAT,ADI",0.030513392778054003,-0.08117903471926743,-0.08117903471926743,55.6
2021-04-21,US,22,-0.009585309781297674,10,0.028712246065927937,10,0.016820805638433533,"DELL,NVDA,ASML,ANET,VRT,MPWR,HPE,LRCX,AMAT,ADI",0.01047109953584705,-0.10174041582940999,-0.10174041582940999,55.5
2021-04-22,US,22,0.017998265993014042,10,0.035437861827341696,10,0.042189936382692785,"DELL,VRT,ASML,NVDA,HPE,ANET,MPWR,AMAT,ON,LRCX",0.012334455363338603,-0.10347907637829779,-0.09970641516863635,55.1
2021-04-23,US,22,0.032195221311388134,10,0.060236575033020545,10,0.06548055047460385,"DELL,ASML,HPE,ANET,NVDA,MPWR,VRT,ON,ADI,AMAT",0.03217641034766847,-0.10972972854983527,-0.1033436414970875,49.9
2021-04-26,US,22,0.008633380718634863,10,0.04991609322799019,10,0.034760085709369934,"DELL,ASML,VRT,ANET,MPWR,AMD,NVDA,ON,HPE,QCOM",0.03656054329503494,-0.12140581816381221,-0.1086837795502674,49.0
2021-04-27,US,22,0.03041394824214502,10,0.06412134940175443,10,0.05088251308158128,"VRT,DELL,ASML,AMD,ANET,NVDA,MPWR,HPE,ON,QCOM",0.01554337198789848,-0.12103912180615425,-0.11525530968919359,44.8
2021-04-28,US,22,0.025780040643099578,10,0.07787884799050342,10,0.07604822629352667,"VRT,DELL,ANET,ASML,AMD,HPE,NVDA,MPWR,AMAT,LRCX",0.03368550245571313,-0.11809190924670672,-0.1137737947534148,49.0
2021-04-29,US,22,0.03167311678491788,10,0.0740297460943236,10,0.08331273669537664,"VRT,ANET,DELL,QCOM,HPE,ASML,AMD,NVDA,LRCX,AMAT",0.07122621839853335,-0.09892883154227049,-0.09835923609903403,59.1
2021-04-30,US,22,0.059247299860758745,10,0.08095692979634339,10,0.08095692979634339,"VRT,DELL,QCOM,ASML,HPE,ANET,NVDA,AMAT,LRCX,TXN",0.08095692979634339,-0.08686549875042308,-0.08686549875042308,60.0
2021-05-03,US,22,0.10881224927281238,9,0.1256829683258952,9,0.1256829683258952,"VRT,ASML,HPE,DELL,QCOM,ANET,AMAT,NVDA,LRCX",0.1256829683258952,-0.07108725070876222,-0.07108725070876222,60.0
2021-05-04,US,22,0.1108764078243941,8,0.12079492190742055,8,0.12079492190742055,"VRT,HPE,DELL,ASML,AMAT,LRCX,ANET,NVDA",0.12079492190742055,-0.07319161009778578,-0.07319161009778578,60.0
2021-05-05,US,22,0.13000889336397237,9,0.1184354028929886,9,0.11843540289298862,"VRT,ANET,DELL,HPE,ASML,AMAT,LRCX,TXN,NVDA",0.1184354028929886,-0.06616745362656715,-0.06616745362656715,60.0
2021-05-06,US,22,0.11856590969818717,10,0.10192923303213083,10,0.10192923303213083,"ANET,HPE,VRT,DELL,ASML,QCOM,AMAT,TXN,LRCX,NVDA",0.0959917854720691,-0.08642386970659041,-0.085854057315937,58.6
2021-05-07,US,22,0.13358251910755328,10,0.0807479607191149,10,0.1130096354909484,"ANET,DELL,HPE,VRT,ASML,TXN,QCOM,ADI,LRCX,AMAT",0.07599629316019563,-0.08626629667806043,-0.08570201556909847,58.5
2021-05-10,US,22,0.19824129201743831,7,0.17470192340094673,7,0.17470192340094673,"ANET,HPE,VRT,DELL,TXN,ASML,NVDA",0.17470192340094673,-0.03853826973547419,-0.03853826973547419,60.0
2021-05-11,US,22,0.18595882982684164,7,0.16282454056173878,7,0.16282454056173878,"ANET,HPE,VRT,TXN,ASML,DELL,NVDA",0.152391274578304,-0.043685888038825636,-0.043685888038825636,58.142857142857146
2021-05-12,US,22,0.18911946923260317,5,0.13696348998897054,5,0.13696348998897054,"ANET,HPE,VRT,ASML,DELL",0.13696348998897054,-0.03039206952228355,-0.03039206952228355,60.0
2021-05-13,US,22,0.15741741347914687,5,0.10942576423764205,5,0.10942576423764205,"ANET,HPE,VRT,ASML,DELL",0.10942576423764205,-0.040696247317292066,-0.040696247317292066,60.0
2021-05-14,US,22,0.14829953878554225,8,0.12219601571121563,8,0.12219601571121563,"VRT,ANET,HPE,ASML,TXN,DELL,LRCX,NVDA",0.11219206996501888,-0.03271103165997666,-0.03199868830875864,57.5
2021-05-17,US,22,0.1262730436881729,6,0.14433274537081528,6,0.14433274537081528,"HPE,VRT,ANET,DELL,ASML,NVDA",0.1308887866486126,-0.04594572368597035,-0.04500517061426975,56.5
2021-05-18,US,22,0.16632589900555367,6,0.1783381030059843,6,0.1783381030059843,"VRT,ANET,HPE,DELL,ASML,NVDA",0.1783381030059843,-0.031348015002755046,-0.031348015002755046,60.0
2021-05-19,US,22,0.11385167062168124,8,0.11078857299818211,8,0.11078857299818211,"VRT,ANET,HPE,TXN,LRCX,ASML,DELL,NVDA",0.11078857299818211,-0.029675199288755352,-0.029675199288755352,60.0
2021-05-20,US,22,0.07088966999305552,10,0.09172776726657966,10,0.08609568178589934,"ANET,VRT,ADI,MRVL,LRCX,TXN,AMAT,ASML,NVDA,DELL",0.09172776726657966,-0.02196555074326555,-0.02196555074326555,60.0
2021-05-21,US,22,0.06114963102031811,10,0.04534269124898906,10,0.04534269124898906,"ADI,VRT,ANET,NVDA,TXN,HPE,LRCX,AMAT,DELL,ASML",0.04026388786937979,-0.036409518006404754,-0.03584017995758819,57.5
2021-05-24,US,22,0.0453083604666897,10,0.06386251820412453,10,0.05779441877334868,"VRT,ADI,NVDA,MRVL,ANET,TXN,AMAT,LRCX,DELL,ASML",0.06386251820412453,-0.03737810806336571,-0.03737810806336571,60.0
2021-05-25,US,22,0.05624102876179366,10,0.07660378939662058,10,0.06732614993162649,"ADI,NVDA,VRT,MRVL,ANET,AMAT,ASML,TXN,LRCX,KLAC",0.07660378939662058,-0.03823436928779191,-0.03823436928779191,60.0
2021-05-26,US,22,0.07937369174876344,10,0.11057753855796704,10,0.10892482716128382,"ADI,VRT,MRVL,NVDA,ANET,AMAT,TXN,ASML,AVGO,LRCX",0.11057753855796704,-0.02781496918628572,-0.02781496918628572,60.0
2021-05-27,US,22,0.07119563432351823,10,0.08721764501299971,10,0.09973072356848893,"VRT,ADI,MRVL,NVDA,AMAT,ON,AVGO,ANET,TXN,LRCX",0.08721764501299971,-0.04832336675301668,-0.04832336675301668,60.0
2021-05-28,US,22,0.07026993049661721,10,0.10099569578621484,10,0.09235853995690993,"NVDA,VRT,ADI,AVGO,MRVL,AMAT,ANET,ASML,ON,LRCX",0.10099569578621484,-0.04906944876992993,-0.04906944876992993,60.0
2021-06-01,US,22,0.07539271268442954,10,0.12413991021772139,10,0.08842289101629729,"NVDA,VRT,ADI,AMAT,DELL,AVGO,AMD,TSM,MRVL,ON",0.12413991021772139,-0.0466852092705614,-0.0466852092705614,60.0
2021-06-02,US,22,0.09730115659767037,10,0.11903733029620919,10,0.12316678951743724,"NVDA,VRT,ADI,AMD,AVGO,AMAT,TSM,TXN,ASML,LRCX",0.11903733029620919,-0.03356988423396352,-0.03356988423396352,60.0
2021-06-03,US,22,0.09433284874002584,10,0.12717183218147182,10,0.10758186135263066,"NVDA,VRT,ANET,ADI,AMAT,AMD,AVGO,DELL,MRVL,TSM",0.12717183218147182,-0.030216739011961268,-0.030216739011961268,60.0
2021-06-04,US,22,0.07533819162932218,10,0.1304170426653353,10,0.12230051284506009,"NVDA,VRT,ANET,ADI,AMAT,MRVL,AVGO,TSM,AMD,ASML",0.1304170426653353,-0.027947552565199575,-0.027947552565199575,60.0
2021-06-07,US,22,0.06532439653664762,10,0.10444555712143297,10,0.1050432897414213,"NVDA,VRT,ANET,AMAT,ADI,ASML,AMD,MRVL,TSM,DELL",0.10444555712143297,-0.03958806654763253,-0.03958806654763253,60.0
2021-06-08,US,22,0.07726056762500753,10,0.10775519083236969,10,0.09925334876646989,"VRT,NVDA,ANET,MRVL,COHR,ADI,DELL,ASML,AMD,QCOM",0.10432021011032273,-0.03848394071379997,-0.03848394071379997,59.1
2021-06-09,US,22,0.08811958386231102,10,0.10876863844688404,10,0.06209531762283617,"VRT,ANET,NVDA,MRVL,ADI,COHR,DELL,ASML,TSM,AMD",0.10876863844688404,-0.04215537029936219,-0.04215537029936219,60.0
2021-06-10,US,22,0.07115839944814432,10,0.09440853960888859,10,0.06152045728777613,"ANET,MRVL,NVDA,ADI,VRT,ASML,COHR,AMD,DELL,TSM",0.09440853960888859,-0.04825213053094566,-0.04825213053094566,60.0
2021-06-11,US,22,0.05058303777755997,10,0.0700495016219396,10,0.06452987382627728,"NVDA,ANET,MRVL,VRT,ADI,ASML,COHR,DELL,AMD,TSM",0.0700495016219396,-0.048252647968772655,-0.048252647968772655,60.0
2021-06-14,US,22,0.04765179299067313,10,0.0850611176972059,10,0.10632588645549554,"MRVL,NVDA,ANET,ASML,COHR,ADI,TSM,VRT,QCOM,MPWR",0.08358921454017997,-0.04924549455267439,-0.04786978950383687,58.5
2021-06-15,US,22,0.055902268043124634,10,0.04764657366628933,10,0.03523454180327199,"MRVL,NVDA,ANET,ASML,VRT,ADI,COHR,TSM,QCOM,AMAT",0.044829273461008644,-0.05495205399116164,-0.05495205399116164,58.6
2021-06-16,US,22,0.07689614214992023,10,0.06972397775970288,10,0.09471005142571094,"MRVL,ANET,VRT,NVDA,ASML,ADI,QCOM,DELL,TSM,AMAT",0.06972397775970288,-0.047409180121235905,-0.047409180121235905,60.0
2021-06-17,US,22,0.0758621128123853,10,0.13187081281261132,10,0.1337859205870541,"MRVL,NVDA,ANET,VRT,AMD,MPWR,ASML,TSM,QCOM,ADI",0.13187081281261132,-0.03580610076920336,-0.03580610076920336,60.0
2021-06-18,US,22,0.09574089033762725,10,0.14166356407546318,10,0.14166356407546318,"NVDA,MRVL,AMD,ANET,VRT,MPWR,AVGO,ASML,ADI,DELL",0.14166356407546318,-0.027941947601734796,-0.027941947601734796,60.0
2021-06-21,US,22,0.09394895210301392,10,0.1404243008151907,10,0.1404243008151907,"MRVL,ANET,NVDA,VRT,MPWR,AMD,AVGO,ASML,ADI,DELL",0.1404243008151907,-0.03354035923242136,-0.03354035923242136,60.0
2021-06-22,US,22,0.07609473769844681,10,0.12074247386812184,10,0.12019074241225684,"NVDA,MRVL,VRT,ANET,AMD,MPWR,QCOM,ASML,AVGO,TXN",0.12074247386812184,-0.026252706970290786,-0.026252706970290786,60.0
2021-06-23,US,22,0.041982719001731346,10,0.05053686013354135,10,0.05229025343170348,"NVDA,VRT,MRVL,ANET,AMD,QCOM,AVGO,ASML,AMAT,ADI",0.05053686013354135,-0.043226271854103895,-0.043226271854103895,60.0
2021-06-24,US,22,0.032974424281414186,10,0.061046925341011346,10,0.06372275734142789,"NVDA,MRVL,VRT,AMD,MPWR,QCOM,ANET,COHR,ASML,ADI",0.06231195627171269,-0.0577113035393767,-0.05680764720683118,57.8
2021-06-25,US,22,0.04773432775560565,10,0.05706277880428967,10,0.07652996355763972,"MRVL,NVDA,MPWR,VRT,AMD,QCOM,ADI,COHR,ANET,TXN",0.05486884026269625,-0.058382565594911465,-0.05746836025032637,57.8
2021-06-28,US,22,0.05083432455955134,10,0.06076064916027483,10,0.08008572208805234,"MRVL,NVDA,MPWR,AMD,QCOM,ADI,VRT,TXN,COHR,AMAT",0.060581177910188556,-0.075593728825361,-0.07331566724866627,57.5
2021-06-29,US,22,0.04377146185597391,10,0.04823994914130285,10,0.06768377913472913,"MRVL,NVDA,MPWR,QCOM,AMD,ADI,VRT,TXN,COHR,AMAT",0.04785488416158754,-0.08590936088505705,-0.08364007192892996,57.4
2021-06-30,US,22,0.045366251657185955,10,0.04970068573690224,10,0.046975899946219736,"AMD,MRVL,NVDA,QCOM,MPWR,ADI,MU,VRT,AMAT,TXN",0.04970068573690224,-0.08446947077190645,-0.08446947077190645,60.0
2021-07-01,US,22,0.01488430191038585,10,0.014040963813636287,10,0.005304000328777259,"AMD,NVDA,MRVL,MPWR,VRT,QCOM,COHR,ADI,TXN,AVGO",0.015205267628443497,-0.08003028803867747,-0.07777001406607473,57.2
2021-07-02,US,22,-0.0008087672798577715,10,-0.007445207390519948,10,-0.007278115591081236,"AMD,NVDA,MPWR,QCOM,MRVL,ADI,TXN,COHR,VRT,TSM",-0.005160509394761004,-0.09219789643451802,-0.08994040566970751,57.1
2021-07-06,US,22,-0.004252530974389671,10,-0.020755142313841613,10,-0.011777957244923254,"NVDA,AMD,MPWR,MRVL,VRT,COHR,ANET,QCOM,TSM,TXN",-0.016297012586282876,-0.10087649651278893,-0.09694022659713758,56.8
2021-07-07,US,22,0.04208192825106492,10,0.037290849496188716,10,0.030061726668114908,"NVDA,MPWR,AMD,ANET,MRVL,QCOM,COHR,VRT,TXN,AVGO",0.037290849496188716,-0.05452465569634327,-0.05452465569634327,60.0
2021-07-08,US,22,0.003121272181066266,10,-0.0187957277018035,10,0.004731870527984872,"NVDA,MPWR,AMD,VRT,ANET,MRVL,QCOM,AVGO,COHR,TSM",-0.013318011726305357,-0.07801999024805262,-0.07183776239282096,57.0
2021-07-09,US,22,-0.0006944083447544269,10,-0.02357592222593935,10,-0.02357592222593935,"MPWR,ANET,NVDA,AMD,QCOM,AVGO,TSM,VRT,MRVL,COHR",-0.015929549791317898,-0.09450293624501846,-0.08710315590454619,56.7
2021-07-12,US,22,0.00018085030085144484,10,0.020040753591375592,10,-0.0145864579938346,"MPWR,NVDA,TSM,QCOM,AVGO,AMD,ASML,MRVL,TXN,VRT",0.019785342408270533,-0.07257671847020103,-0.07257671847020103,60.0
2021-07-13,US,22,0.010473464889954815,10,0.024915277919076717,10,0.019086059405203915,"TSM,MPWR,NVDA,AVGO,ASML,QCOM,AMD,TXN,VRT,MRVL",0.02447691141859143,-0.08051741333368248,-0.08051741333368248,59.9
2021-07-14,US,22,0.016421138606023452,10,0.01335039163948779,10,0.008144720352992341,"TSM,ASML,QCOM,MPWR,AVGO,COHR,TXN,NVDA,AMD,ANET",0.018866393574927077,-0.07741776940285164,-0.06866621403163639,56.4
2021-07-15,US,22,0.0179564614912289,10,0.025643004648599643,10,0.041092679749441884,"MPWR,ASML,QCOM,AVGO,ANET,TXN,COHR,TSM,MRVL,AMD",0.031494255970418474,-0.06389299333115167,-0.05637748289685951,56.5
2021-07-16,US,22,0.046058375699185715,10,0.05201586097102086,10,0.05201586097102086,"MPWR,QCOM,ASML,AVGO,ANET,VRT,COHR,AMD,MRVL,NVDA",0.05351135250389968,-0.05202344806407515,-0.05064514894384055,59.5
2021-07-19,US,22,0.033228380819530175,9,0.07375097478619101,9,0.07375097478619101,"MPWR,QCOM,ASML,AVGO,VRT,ANET,AMD,MRVL,NVDA",0.07567377210970377,-0.04033515410479868,-0.0379926590802288,59.77777777777778
2021-07-20,US,22,0.0465234967013394,10,0.05390558208838504,10,0.060813940596465756,"MPWR,VRT,MRVL,QCOM,COHR,AVGO,ANET,ASML,TXN,AMD",0.052305782560510695,-0.06145737353872356,-0.05510854522429909,58.8
2021-07-21,US,22,0.03163669404182224,10,0.01800561770029515,10,0.04351451630715521,"MPWR,ASML,TXN,MRVL,VRT,LRCX,KLAC,QCOM,AVGO,AMAT",0.020298388630809572,-0.06399612261605019,-0.05735814132631863,57.9
2021-07-22,US,22,0.03597338060721462,10,0.035604949879415745,10,0.053972768326980655,"MPWR,ASML,ANET,MRVL,LRCX,AMD,QCOM,VRT,KLAC,AMAT",0.034797082428468226,-0.07596295449436105,-0.07099645439887439,59.2
2021-07-23,US,22,0.04697529909571283,10,0.04720820016121059,10,0.07332606975108118,"MPWR,ASML,ANET,QCOM,MRVL,KLAC,LRCX,VRT,AVGO,AMD",0.04786706614718482,-0.076810425974481,-0.07019164003057766,57.7
2021-07-26,US,22,0.05066293967720448,10,0.0600811704610687,10,0.06955868395912243,"ASML,MPWR,ANET,MRVL,LRCX,KLAC,AVGO,QCOM,AMD,AMAT",0.0600811704610687,-0.05990805396267539,-0.05990805396267539,60.0
2021-07-27,US,22,0.06668162058984989,10,0.08626148306201722,10,0.08626148306201722,"ASML,MPWR,VRT,ANET,MRVL,AMD,AVGO,QCOM,AMAT,NVDA",0.08332018219949736,-0.0578340872011329,-0.05286746848597392,58.9
2021-07-28,US,22,0.04213030931768705,10,0.04186557776975106,10,0.04598810496079022,"MPWR,ASML,AMD,MRVL,ANET,LRCX,VRT,KLAC,AMAT,QCOM",0.03566626200952816,-0.07416341639373526,-0.0675809064831245,56.6
2021-07-29,US,22,0.035167825595580175,10,0.06634381175463484,10,0.07116366888684642,"MPWR,AMD,ASML,QCOM,MRVL,ANET,VRT,ON,KLAC,AVGO",0.05964773998232191,-0.06932678925124836,-0.06280255088410071,56.3
2021-07-30,US,22,0.009041172021918812,10,0.022980575673829107,10,0.03919706355359187,"MPWR,AMD,KLAC,ASML,QCOM,MRVL,ON,ANET,VRT,AMAT",0.01736813926566776,-0.09261832143146666,-0.0835668109333065,55.6
2021-08-02,US,22,0.0033905080482244184,10,0.01350646967190594,10,0.04057094123337771,"MPWR,AMD,ON,ASML,KLAC,MRVL,QCOM,AMAT,LRCX,ADI",0.009477843597925728,-0.08320146328153015,-0.08320146328153015,57.9
2021-08-03,US,22,0.012989843680359088,10,0.022211234043614747,10,0.029596811464496543,"ON,AMD,MPWR,ASML,KLAC,MRVL,MU,QCOM,AMAT,ADI",0.013037286857933905,-0.0977229038037577,-0.0977229038037577,57.7
2021-08-04,US,22,0.002064107088933958,10,0.007742951952493205,10,-0.005974874726206092,"AMD,MPWR,ON,ASML,KLAC,MRVL,ADI,MU,AMAT,QCOM",0.0027440743980947312,-0.11138263834953625,-0.11097062147963814,57.5
2021-08-05,US,22,0.03363993636007751,10,0.09165427666584951,10,0.04374267613015662,"MPWR,ON,ASML,AMD,KLAC,MU,MRVL,NVDA,AMAT,ADI",0.08676892572081132,-0.08416543026575207,-0.08416543026575207,58.7
2021-08-06,US,22,0.04864814018282475,10,0.10358919067751189,10,0.05109406412377858,"ON,MPWR,KLAC,ASML,AMD,MU,ADI,AMAT,MRVL,NVDA",0.10190449125490952,-0.0903581606199104,-0.0899441198135847,58.5
2021-08-09,US,22,0.06983439164568903,10,0.12120824959314573,10,0.08635101727525575,"ON,MPWR,ASML,KLAC,AMD,ADI,MRVL,AMAT,NVDA,MU",0.11554458885118124,-0.08459986319272796,-0.08459986319272796,58.5
2021-08-10,US,22,0.12193406061862899,10,0.20133671698970373,10,0.18817371040458455,"ON,ASML,MPWR,KLAC,ADI,AMD,MRVL,NVDA,QCOM,AVGO",0.18007594438846336,-0.06666799626498528,-0.06666799626498528,58.4
2021-08-11,US,22,0.14473603046364666,10,0.16618678304031265,10,0.16618678304031265,"DELL,ON,ASML,MPWR,HPE,KLAC,AMD,ADI,MRVL,QCOM",0.14058949119085704,-0.07304212694787393,-0.07304212694787393,58.2
2021-08-12,US,22,0.1616639542769178,10,0.20967707328018753,10,0.23191266645913194,"DELL,MPWR,HPE,ASML,ON,AMD,QCOM,ADI,NVDA,AVGO",0.18190086787801404,-0.06882162715038809,-0.06882162715038809,58.2
2021-08-13,US,22,0.16601766752203106,10,0.21003833008918668,10,0.22802684136206705,"MPWR,ASML,DELL,ON,HPE,AMD,QCOM,ADI,NVDA,MRVL",0.1820371858240108,-0.07332582591118997,-0.07332582591118997,58.0
2021-08-16,US,22,0.1461740494691994,10,0.18506823710199524,10,0.16706542194017457,"ASML,DELL,ON,MPWR,HPE,ADI,AVGO,AMD,QCOM,NVDA",0.1614128739436516,-0.06353408574342251,-0.06353408574342251,58.0
2021-08-17,US,22,0.17658346072813427,10,0.23989774979297734,10,0.25129224399243383,"HPE,MPWR,AMD,ASML,ON,ADI,QCOM,AVGO,NVDA,MRVL",0.23989774979297734,-0.048979431212678934,-0.048979431212678934,60.0
2021-08-18,US,22,0.20007336089566838,8,0.2787116302943886,8,0.2787116302943886,"MPWR,ON,ASML,AMD,VRT,MRVL,NVDA,QCOM",0.2582164170303166,-0.051359994727894875,-0.0487332615186374,57.0
2021-08-19,US,22,0.18708580626856317,10,0.2912754039370758,10,0.29127540393707585,"MPWR,ASML,NVDA,AMD,ADI,MRVL,ON,ANET,KLAC,QCOM",0.2912754039370758,-0.04121011480044613,-0.04121011480044613,60.0
2021-08-20,US,22,0.1865058742817175,10,0.25923161119689386,10,0.2767459685386723,"MPWR,NVDA,ASML,MRVL,AMD,ADI,ANET,ON,VRT,AVGO",0.24512873551739753,-0.06228684389902399,-0.05731446820841626,57.1
2021-08-23,US,22,0.15909778721556453,10,0.19629264060028134,10,0.23484888870777612,"NVDA,MPWR,ASML,DELL,MRVL,AMD,ADI,AVGO,ON,VRT",0.18253536704020726,-0.0760552723393774,-0.07110126412910088,57.0
2021-08-24,US,22,0.17355757046175418,10,0.22561916305721005,10,0.24754386311139812,"NVDA,MPWR,DELL,ASML,MRVL,ANET,ON,VRT,HPE,AMD",0.21252421745789724,-0.09215329620848292,-0.08721385231360754,56.9
2021-08-25,US,22,0.1659367636810791,10,0.17780333813458424,10,0.2127550705181215,"NVDA,DELL,MRVL,MPWR,ASML,HPE,TSM,VRT,ON,ANET",0.1654588321031138,-0.0989149773988029,-0.09228473548593974,55.4
2021-08-26,US,22,0.15549119270694722,10,0.1422916379152153,10,0.1961599319472957,"NVDA,MPWR,MRVL,ASML,DELL,VRT,TSM,HPE,ON,AVGO",0.13148974705214767,-0.08893505463106348,-0.08236683590485187,55.2
2021-08-27,US,22,0.12389667382299917,10,0.1327653586630507,10,0.13222010808719084,"ASML,NVDA,MPWR,VRT,HPE,AVGO,ON,TSM,KLAC,AMD",0.10580043913694952,-0.11391119799361742,-0.10711013540202992,47.1
2021-08-30,US,22,0.1387379474525573,10,0.13889119339265749,10,0.1601599692504415,"ASML,MPWR,NVDA,AVGO,TSM,HPE,ON,TXN,MRVL,KLAC",0.12947821588798936,-0.08875457803040968,-0.08875457803040968,56.4
2021-08-31,US,22,0.11046265724534989,10,0.11825485647954606,10,0.11792105618785387,"ASML,NVDA,MPWR,HPE,AVGO,TSM,TXN,AMD,QCOM,KLAC",0.07505285229285101,-0.09718019342928928,-0.09718019342928928,52.3
2021-09-01,US,22,0.15108877766302412,10,0.2014352085718767,10,0.15784889182998973,"ASML,NVDA,MPWR,TSM,HPE,AVGO,ON,QCOM,AMD,KLAC",0.15072934560104984,-0.10133558154296111,-0.10133558154296111,53.0
2021-09-02,US,22,0.13202311785018106,10,0.1718183405270189,10,0.13161732264806772,"ASML,TSM,MPWR,NVDA,ON,HPE,AVGO,KLAC,MRVL,AMD",0.15551841430359212,-0.09042905938853793,-0.09042905938853793,51.3
2021-09-03,US,22,0.11965369602540786,10,0.14615667212344705,10,0.15124355405326198,"ASML,TSM,NVDA,MPWR,ON,AVGO,HPE,KLAC,AMAT,AMD",0.1367911464699659,-0.10209816439898885,-0.10209816439898885,56.0
2021-09-07,US,22,0.13781166607946144,10,0.1429014120787435,10,0.1559294613910671,"TSM,ASML,NVDA,MPWR,ON,AVGO,KLAC,AMAT,TXN,MRVL",0.1351617141866341,-0.0783378919960068,-0.0783378919960068,55.9
2021-09-08,US,22,0.15209207167727953,10,0.1885390289795696,10,0.1885390289795696,"ASML,TSM,NVDA,MPWR,ON,AVGO,KLAC,TXN,MRVL,AMD",0.18287265303083594,-0.07142966260771794,-0.07142966260771794,55.8
2021-09-09,US,22,0.13075720520838685,10,0.1592673746219469,10,0.15926737462194693,"ASML,TSM,KLAC,ON,NVDA,ADI,AVGO,MPWR,MRVL,AMD",0.15544408999255327,-0.08612992236704184,-0.08612992236704184,55.7
2021-09-10,US,22,0.1795733363461099,10,0.14575184192071802,10,0.18445713436457162,"ASML,TSM,ON,KLAC,NVDA,AMAT,AVGO,ADI,MPWR,TXN",0.1361970891921832,-0.09210555672808372,-0.09210555672808372,55.6
2021-09-13,US,22,0.17059828276754535,10,0.1221393605079156,10,0.14891815805375308,"ASML,ON,TSM,KLAC,TXN,ADI,AMAT,INTC,AVGO,MRVL",0.11628476957261114,-0.0998276755954575,-0.09618693556388833,55.2
2021-09-14,US,22,0.1565725925234388,10,0.10030050656083338,10,0.1421310627787871,"ASML,ON,KLAC,TXN,TSM,ADI,AMAT,AVGO,INTC,MRVL",0.09800581643747482,-0.09930698649997717,-0.09567924889947217,55.1
2021-09-15,US,22,0.16349669437948344,10,0.08294861457175598,10,0.1525928536250966,"ON,ASML,KLAC,TXN,ADI,AVGO,AMAT,INTC,TSM,DELL",0.07851837600623299,-0.0939170711113294,-0.09062503046690776,55.1
2021-09-16,US,22,0.12712892308271095,10,0.1090879521770494,10,0.11765183656182707,"KLAC,ON,ASML,TXN,AMAT,ADI,AVGO,DELL,LRCX,MRVL",0.10479751641303206,-0.09713087841349027,-0.09713087841349027,55.1
2021-09-17,US,22,0.15191818949989633,10,0.11776261074558322,10,0.13957621723620495,"KLAC,ON,TXN,ADI,AMAT,AVGO,DELL,ASML,MPWR,MRVL",0.11403183394049074,-0.06712112532297823,-0.06712112532297823,55.1
2021-09-20,US,22,0.18680852854032245,10,0.17294317435212656,10,0.17294317435212656,"ON,DELL,KLAC,ADI,TXN,AVGO,ASML,MPWR,MRVL,NVDA",0.16489349697310246,-0.07462078122747981,-0.07462078122747981,55.0
2021-09-21,US,22,0.1428981958025246,10,0.12541178322771324,10,0.12342486478342832,"ON,ADI,KLAC,TXN,DELL,ASML,MPWR,AVGO,MRVL,AMD",0.12166514108883128,-0.06860987069140062,-0.06860987069140062,54.9
2021-09-22,US,22,0.12475845086972992,10,0.08050786759253085,10,0.09907491855828632,"ADI,ON,KLAC,TXN,MPWR,AVGO,MRVL,ASML,DELL,AMAT",0.07973182552156984,-0.08929239181098073,-0.08600126670975165,54.6
2021-09-23,US,22,0.11447082011575943,10,0.06750750039002698,10,0.0661969012175229,"ADI,TXN,ON,KLAC,MPWR,DELL,ASML,MRVL,AVGO,AMAT",0.06407322852256785,-0.0936207878772892,-0.0936207878772892,54.7
2021-09-24,US,22,0.1573663425202752,10,0.12836553974166745,10,0.08384251666388973,"ADI,TXN,DELL,ON,KLAC,MPWR,MRVL,AMAT,AVGO,LRCX",0.12836553974166745,-0.08310165252631753,-0.08310165252631753,60.0
2021-09-27,US,22,0.17515467863037779,10,0.15600634541546293,10,0.1612303025311751,"DELL,ADI,TXN,ON,KLAC,AMAT,AVGO,LRCX,MPWR,MRVL",0.15600634541546293,-0.06967960467840488,-0.06967960467840488,60.0
2021-09-28,US,22,0.20588936604614091,8,0.18303983931292428,8,0.18303983931292428,"DELL,ADI,TXN,ON,AVGO,MPWR,KLAC,MRVL",0.18303983931292428,-0.05598519858359209,-0.05598519858359209,60.0
2021-09-29,US,22,0.24741825933193323,8,0.22640613662263104,8,0.22640613662263104,"DELL,TXN,ADI,AVGO,MPWR,ON,MRVL,KLAC",0.22640613662263104,-0.04986402816518097,-0.04986402816518097,60.0
2021-09-30,US,22,0.23742141511500686,8,0.24286352366674982,8,0.24286352366674982,"DELL,TXN,AMD,ADI,MPWR,MRVL,ON,AVGO",0.24286352366674982,-0.03910979354558845,-0.03910979354558845,60.0
2021-10-01,US,22,0.24980214486819421,7,0.1673345818816252,7,0.1673345818816252,"DELL,HPE,TXN,AVGO,MPWR,ADI,ON",0.1673345818816252,-0.03455032508399468,-0.03455032508399468,60.0
2021-10-04,US,22,0.24737588583798614,4,0.16469851411839292,4,0.16469851411839292,"HPE,DELL,ON,MPWR",0.16469851411839292,-0.041393171990866645,-0.041393171990866645,60.0
2021-10-05,US,22,0.25248448176227883,7,0.15102064662598932,7,0.15102064662598932,"HPE,DELL,INTC,TXN,AVGO,ON,MPWR",0.15102064662598932,-0.03687001560811381,-0.03687001560811381,60.0
2021-10-06,US,22,0.24676352916498837,9,0.2093127258748656,9,0.20931272587486563,"HPE,DELL,MRVL,INTC,TXN,AMD,AVGO,MPWR,ON",0.2093127258748656,-0.04190371631487533,-0.04190371631487533,60.0
2021-10-07,US,22,0.23775927881937733,10,0.2216451132663125,10,0.2216451132663125,"DELL,HPE,MRVL,AMD,INTC,TXN,AVGO,NVDA,MPWR,ON",0.2216451132663125,-0.04587016962781726,-0.04587016962781726,60.0
2021-10-08,US,22,0.21825309581218855,10,0.15827754235551297,10,0.15827754235551297,"ANET,HPE,MRVL,DELL,AMD,TXN,AVGO,INTC,ADI,MPWR",0.15827754235551297,-0.027546328445391344,-0.027546328445391344,60.0
2021-10-11,US,22,0.22285733907895863,8,0.19451489982256714,8,0.19451489982256714,"ANET,HPE,DELL,MRVL,AMD,AVGO,TXN,ADI",0.19451489982256714,-0.02229403247976769,-0.02229403247976769,60.0
2021-10-12,US,22,0.2043740094145243,5,0.2365427145909623,5,0.2365427145909623,"ANET,HPE,MRVL,AMD,DELL",0.2365427145909623,-0.00982667379233535,-0.00982667379233535,60.0
2021-10-13,US,22,0.19199960351116171,5,0.22426776117954547,5,0.22426776117954547,"ANET,AMD,HPE,MRVL,DELL",0.22426776117954547,-0.008064883710627057,-0.008064883710627057,60.0
2021-10-14,US,22,0.18934800108989466,10,0.1643015401137064,10,0.16683725775611408,"ANET,AMD,HPE,MRVL,NVDA,DELL,AVGO,INTC,MPWR,ADI",0.1643015401137064,-0.030809468921819617,-0.030809468921819617,60.0
2021-10-15,US,22,0.2058354677163238,10,0.16990954995316715,10,0.16990954995316715,"ANET,HPE,AMD,DELL,MRVL,NVDA,AVGO,INTC,ADI,TXN",0.16990954995316715,-0.02852406140383028,-0.02852406140383028,60.0
2021-10-18,US,22,0.17091706012486627,10,0.11805722405985039,10,0.12504222109620372,"AMD,ANET,HPE,MRVL,DELL,NVDA,AVGO,ADI,INTC,MPWR",0.11805722405985039,-0.03889095073789942,-0.03889095073789942,60.0
2021-10-19,US,22,0.18298872916171238,10,0.15351663409965363,10,0.12765726634283409,"AMD,ANET,DELL,HPE,TSM,MRVL,NVDA,ADI,AVGO,INTC",0.15351663409965363,-0.03760268078753874,-0.03760268078753874,60.0
2021-10-20,US,22,0.1422103559117936,10,0.10340934641771801,10,0.09561726330725315,"AMD,ANET,DELL,HPE,ADI,MRVL,MPWR,NVDA,AVGO,TSM",0.10340934641771801,-0.038643442947485396,-0.038643442947485396,60.0
2021-10-21,US,22,0.08893428015738326,10,0.0549164353867165,10,0.0649507693389936,"AMD,DELL,MPWR,ANET,NVDA,ADI,HPE,AVGO,INTC,TSM",0.0576306011694384,-0.053865902021628664,-0.05007983491586247,59.8
2021-10-22,US,22,0.05947510818080177,10,0.026310517601894255,10,0.01127642635596161,"AMD,DELL,NVDA,MPWR,ADI,ANET,AVGO,HPE,AMAT,MRVL",0.03097713398878421,-0.0520542605600114,-0.046301368958995906,59.7
2021-10-25,US,22,0.028010246485348698,10,-0.013668348163853594,10,-0.023885634828492465,"AMD,MPWR,NVDA,ADI,AVGO,DELL,MRVL,ANET,HPE,AMAT",-0.007815004260011327,-0.06223639918565586,-0.05531971695982998,59.6
2021-10-26,US,22,0.05757643999689401,10,0.003462301595019923,10,-0.002371312485502641,"NVDA,AVGO,AMD,MPWR,ANET,ADI,MRVL,DELL,KLAC,TXN",0.008459300271964487,-0.052338059895818745,-0.04539206744040247,59.5
2021-10-27,US,22,0.009392225094179281,9,-0.044918957174242956,9,-0.044918957174242956,"NVDA,MPWR,AMD,ANET,AVGO,MRVL,KLAC,DELL,ADI",-0.03164153237508097,-0.07369486339076865,-0.05901027820907707,58.888888888888886
2021-10-28,US,22,0.021991944669059307,10,-0.04934608479278145,10,-0.04976016785665829,"MPWR,NVDA,VRT,AVGO,ANET,AMD,COHR,ASML,MRVL,KLAC",-0.0370124548085501,-0.08573660436646802,-0.0714576941714461,59.1
2021-10-29,US,22,-0.029912851657736893,10,-0.09512940482866945,10,-0.07610989857860526,"NVDA,VRT,AVGO,KLAC,ANET,ON,ASML,MPWR,MRVL,AMD",-0.0719105713243053,-0.11433074521071245,-0.09023394757374123,58.4
2021-11-01,US,22,-0.034062937220595085,10,-0.08945978104037194,10,-0.10127658272777262,"ON,NVDA,VRT,KLAC,COHR,AMD,AVGO,ANET,AMAT,MPWR",-0.07964478225545593,-0.11256616975696185,-0.0967576552384838,58.6
2021-11-02,US,22,-0.0052082674135086405,10,-0.03094009558191657,10,-0.0460381871001009,"ON,ANET,NVDA,KLAC,COHR,AMD,AVGO,AMAT,MPWR,MRVL",-0.03904328568354831,-0.11128251412227357,-0.09432811895632054,58.2
2021-11-03,US,22,-0.014753438680978054,10,-0.01883473435151074,10,-0.08592335594735012,"ANET,ON,NVDA,KLAC,QCOM,AMD,AVGO,COHR,AMAT,ASML",-0.02043862305646139,-0.10585178444192116,-0.09059086114966025,58.4
2021-11-04,US,22,-0.019907070465971042,10,-0.04963225919571542,10,-0.08318330809662978,"QCOM,NVDA,ON,ANET,KLAC,AMD,AMAT,AVGO,VRT,ASML",-0.04431878305499938,-0.15511726043488916,-0.12241181089513709,55.7
2021-11-05,US,22,-0.07339217651788178,10,-0.08390253448335183,10,-0.1368772196822575,"QCOM,ANET,NVDA,ON,KLAC,AVGO,AMAT,VRT,AMD,LRCX",-0.0814921193647586,-0.14964821995476613,-0.12468848793583369,56.0
2021-11-08,US,22,-0.07362717463855624,10,-0.08552129070926726,10,-0.13873423783158736,"QCOM,NVDA,AMD,ANET,ON,AVGO,KLAC,AMAT,VRT,MRVL",-0.07161557597725351,-0.16168073916041234,-0.12118549547910806,55.1
2021-11-09,US,22,-0.056443997659275984,10,-0.03089769955121635,10,-0.10868285897860067,"QCOM,ANET,NVDA,AMAT,AMD,ON,KLAC,MU,AVGO,LRCX",-0.03749105671795672,-0.11417296074310053,-0.09805259227095148,57.8
2021-11-10,US,22,-0.03503827495415725,10,-0.006541023549483238,10,-0.06426012209243771,"QCOM,ANET,NVDA,ON,KLAC,AMAT,AVGO,AMD,LRCX,MU",-0.014871846141259392,-0.1129766653436097,-0.09598144562992639,57.6
2021-11-11,US,22,-0.011697504162368083,10,0.010179791103970538,10,-0.03873887838663796,"QCOM,ANET,NVDA,KLAC,AMAT,ON,AMD,LRCX,AVGO,MRVL",-0.012643160309090361,-0.1314703977552748,-0.11300755500336243,56.5
2021-11-12,US,22,-0.041820498576374196,10,-0.023700006986410737,10,-0.06783304798720506,"QCOM,MU,AMAT,ANET,LRCX,AVGO,KLAC,NVDA,ON,AMD",-0.02797387279617287,-0.13384166997182914,-0.11085193439084802,55.9
2021-11-15,US,22,-0.07311770958512238,10,-0.06633007418476596,10,-0.10332564305220644,"QCOM,AMAT,ANET,MU,LRCX,AVGO,ON,KLAC,NVDA,AMD",-0.05888577186366147,-0.12516435542403392,-0.10663185731682925,55.9
2021-11-16,US,22,-0.08739818781244005,10,-0.09276789567165113,10,-0.12388575424498864,"QCOM,ON,AVGO,LRCX,AMAT,KLAC,MU,AMD,ANET,ASML",-0.07210643421067987,-0.1451365736673555,-0.11909058723650676,54.7
2021-11-17,US,22,-0.04532626566124649,10,-0.051371184566230896,10,-0.1288254354601583,"QCOM,ON,KLAC,AVGO,LRCX,AMAT,ANET,AMD,ASML,MU",-0.04813172424097516,-0.15267882175956538,-0.11874513572235043,52.0
2021-11-18,US,22,-0.03854125595591093,10,-0.04804031750161247,10,-0.05011265208795904,"QCOM,ON,KLAC,AVGO,LRCX,AMAT,ASML,MU,AMD,TSM",-0.04692492630963935,-0.1425446781265825,-0.11221974987439365,53.4
2021-11-19,US,22,-0.07733502186667168,10,-0.09690614220635557,10,-0.1154367006770273,"MU,QCOM,ON,LRCX,KLAC,NVDA,AMD,TSM,ADI,AVGO",-0.08403635564991754,-0.16297731107674662,-0.12321975152894493,49.3
2021-11-22,US,22,-0.07258701809829059,10,-0.0912169688831018,10,-0.09996233758283045,"MU,QCOM,LRCX,ON,TSM,AMD,NVDA,ANET,ADI,KLAC",-0.07930318274869318,-0.14931662694588416,-0.12284389224283525,53.9
2021-11-23,US,22,-0.07751144495868605,10,-0.10269596554580014,10,-0.08544315152162142,"MU,LRCX,QCOM,ON,NVDA,AMD,KLAC,TSM,TXN,MRVL",-0.09141022857295347,-0.14798621318579824,-0.12242390899127575,55.0
2021-11-24,US,22,-0.10502104434096869,10,-0.12220581670717454,10,-0.10804830737313689,"MU,LRCX,QCOM,AMD,ON,NVDA,DELL,TXN,MRVL,KLAC",-0.0936865508056364,-0.1532463704848514,-0.11699817550803335,53.8
2021-11-26,US,22,-0.08845889455161472,10,-0.0869787752837442,10,-0.09962637028133504,"MU,QCOM,LRCX,AMD,NVDA,ON,DELL,MRVL,TSM,ANET",-0.07450071933364563,-0.1439805081465182,-0.10778595534396489,52.0
2021-11-29,US,22,-0.08903869115490427,10,-0.09227915700523916,10,-0.10086391048880686,"LRCX,MU,QCOM,AMD,NVDA,ON,DELL,MRVL,TXN,AVGO",-0.07522734610808231,-0.1689942752895474,-0.12658888594509735,47.2
2021-11-30,US,22,-0.09977578275978166,10,-0.12896536239697393,10,-0.09585555833468964,"LRCX,MU,QCOM,AMD,NVDA,ON,DELL,TXN,MPWR,KLAC",-0.1287056761777809,-0.20662294998797015,-0.14593342945445378,39.5
2021-12-01,US,22,-0.10221792069304234,10,-0.1301153480981989,10,-0.13011534809819889,"LRCX,MU,QCOM,ON,NVDA,TSM,MPWR,AMAT,KLAC,AMD",-0.11254086109501923,-0.17933317485830416,-0.13646924467873373,48.6
2021-12-02,US,22,-0.09355624885682072,10,-0.07356441860255297,10,-0.10364512373011747,"MU,LRCX,ON,DELL,NVDA,QCOM,TSM,TXN,HPE,AMD",-0.07981314678206078,-0.1587124418806965,-0.12713560476924765,48.3
2021-12-03,US,22,-0.10144917430944583,10,-0.058503466684409464,10,-0.11072211573795146,"MRVL,DELL,ON,LRCX,HPE,MU,TXN,QCOM,AVGO,TSM",-0.06696476213789868,-0.12046380490744668,-0.11560411588813753,51.4
2021-12-06,US,22,-0.14411888371913087,10,-0.09475034989725636,10,-0.14053589647555892,"MRVL,DELL,LRCX,TXN,MU,HPE,AVGO,ON,QCOM,TSM",-0.08895146368926417,-0.13781385939022073,-0.12300740939389061,50.6
2021-12-07,US,22,-0.20222656395065036,10,-0.15129491641404558,10,-0.18396811591976558,"MRVL,LRCX,AVGO,INTC,TXN,DELL,ON,MU,HPE,QCOM",-0.11634426737549095,-0.17265367284011027,-0.1415279815335872,49.6
2021-12-08,US,22,-0.18408256912777343,10,-0.12766191968092444,10,-0.16411648875742074,"MRVL,LRCX,AVGO,HPE,MU,COHR,DELL,INTC,QCOM,AMAT",-0.09506764118730585,-0.1669618986609404,-0.13213036545656806,51.4
2021-12-09,US,22,-0.15179800682890057,10,-0.10195863551316646,10,-0.14514836212903445,"MRVL,LRCX,HPE,AVGO,COHR,MU,QCOM,DELL,ON,ANET",-0.08968442776116058,-0.16846669099209088,-0.1384835499202487,50.6
2021-12-10,US,22,-0.1613020391633291,10,-0.11968223570485712,10,-0.1416476761491603,"AVGO,MRVL,LRCX,COHR,HPE,ON,MU,ANET,QCOM,TXN",-0.11548708566148207,-0.17296539971818178,-0.14404499604517537,45.3
2021-12-13,US,22,-0.1400850532996613,10,-0.10173092244439,10,-0.10173092244439,"AVGO,MRVL,ANET,COHR,LRCX,QCOM,MU,HPE,TXN,ON",-0.08457091007968666,-0.14881487263290377,-0.131251104151066,53.6
2021-12-14,US,22,-0.17328665626311565,10,-0.1797504953942662,10,-0.17572454381190908,"AVGO,MRVL,ANET,LRCX,COHR,QCOM,ON,MU,AMAT,KLAC",-0.14078726988623763,-0.19385985845771309,-0.1568183199599547,48.8
2021-12-15,US,22,-0.1691255612428779,10,-0.14630956118001848,10,-0.1376242572637775,"AVGO,ANET,COHR,MRVL,QCOM,LRCX,ON,MU,AMAT,HPE",-0.1335527515799384,-0.20282670429791283,-0.1498411577180758,33.1
2021-12-16,US,22,-0.08926591750317221,10,-0.05757413206237686,10,-0.05622283653538074,"AVGO,COHR,MRVL,ANET,HPE,LRCX,QCOM,MU,AMAT,ON",-0.0624925694132905,-0.15759755700418915,-0.13635543837482111,52.7
2021-12-17,US,22,-0.07598125678549418,10,-0.0492605943044474,10,-0.04890616345844898,"AVGO,ANET,COHR,MRVL,HPE,LRCX,ON,MU,AMAT,QCOM",-0.07184230976943154,-0.15860794277929663,-0.13731922322354925,52.1
2021-12-20,US,22,-0.0799298732992042,10,-0.06156894383941451,10,-0.06156894383941451,"AVGO,ANET,COHR,MRVL,HPE,QCOM,ON,LRCX,AMAT,MU",-0.0986469216632708,-0.18421461718716947,-0.15291011741857338,46.0
2021-12-21,US,22,-0.0917948413157501,10,-0.07518732533420347,10,-0.07518732533420347,"AVGO,ANET,MU,COHR,HPE,MRVL,ON,AMAT,KLAC,LRCX",-0.12341131240415489,-0.19054305092210536,-0.1475639414287103,40.3
2021-12-22,US,22,-0.0944239887446897,10,-0.07542802646239102,10,-0.07567725707077208,"AVGO,ANET,MU,HPE,MRVL,COHR,TSM,ON,KLAC,LRCX",-0.1165085579570748,-0.1996136654324991,-0.14924478785476955,36.1
2021-12-23,US,22,-0.12553270591619292,10,-0.1068633144476047,10,-0.10293691698232436,"AVGO,MU,ANET,HPE,ON,MRVL,KLAC,COHR,AMAT,ASML",-0.12385941405559187,-0.2098112561741589,-0.1552312517631742,29.9
2021-12-27,US,22,-0.11202162022601549,10,-0.0982023034187871,10,-0.09820230341878709,"AVGO,ANET,MU,HPE,KLAC,ON,AMAT,MRVL,LRCX,COHR",-0.12288039253165443,-0.23440971131023386,-0.15975391795874447,26.1
2021-12-28,US,22,-0.09916575605248382,10,-0.09604466830222644,10,-0.08292412171962185,"AVGO,ANET,HPE,MU,KLAC,ON,AMAT,AMD,LRCX,INTC",-0.12920865142768864,-0.22736390223364228,-0.15784687491367466,25.8
2021-12-29,US,22,-0.09664219950831511,10,-0.06554169672659918,10,-0.08151036720362945,"MU,AVGO,ANET,HPE,KLAC,LRCX,ON,AMAT,COHR,INTC",-0.11081433365668358,-0.21173624016002304,-0.1554957612791471,29.6
2021-12-30,US,22,-0.06930023444091343,10,-0.05861070071946726,10,-0.03215961159216899,"AVGO,MU,ANET,HPE,LRCX,KLAC,ON,AMAT,INTC,ASML",-0.12020698039338887,-0.2190480768051994,-0.15397654449275136,24.8
2021-12-31,US,22,-0.09927511047030974,10,-0.06730897783564989,10,-0.08455098937417056,"AVGO,ANET,MU,KLAC,LRCX,HPE,ON,AMAT,INTC,COHR",-0.12337526787756674,-0.20735853670082882,-0.15185725750984796,24.2
2022-01-03,US,22,-0.1342957015111967,10,-0.10038267534743839,10,-0.12085338554468736,"TSM,MU,INTC,HPE,ON,AVGO,COHR,KLAC,LRCX,ANET",-0.14534933401847908,-0.2172433512532444,-0.16325692891170127,22.7
2022-01-04,US,22,-0.14168317160156021,10,-0.12958484720701358,10,-0.1278948038007049,"TSM,HPE,COHR,MU,ON,AVGO,INTC,DELL,KLAC,AMAT",-0.138873915470837,-0.20889964151431545,-0.1629104470908138,24.9
2022-01-05,US,22,-0.10518500054351781,10,-0.10570945828973959,10,-0.08255409011125375,"HPE,INTC,TSM,COHR,MU,DELL,QCOM,ON,KLAC,AVGO",-0.14497634024833556,-0.19617851884868265,-0.1636966735240022,30.8
2022-01-06,US,22,-0.1462373898097979,10,-0.15781893538288444,10,-0.11716229462056638,"HPE,INTC,TSM,MU,DELL,COHR,KLAC,QCOM,ON,AMAT",-0.15274954688879075,-0.20363851247893053,-0.15942272296239485,26.8
2022-01-07,US,22,-0.13678530540297223,10,-0.15648436710736707,10,-0.11378504712755397,"HPE,INTC,DELL,COHR,MU,TSM,KLAC,ON,QCOM,AMAT",-0.15608720636120074,-0.19042652365385604,-0.161988890345309,30.8
2022-01-10,US,22,-0.1449538262249327,10,-0.15947689172001547,10,-0.12064668866970614,"HPE,DELL,INTC,COHR,TSM,MU,KLAC,ON,QCOM,AMAT",-0.15366055311483687,-0.19815683505586845,-0.164672573775487,31.6
2022-01-11,US,22,-0.18493704294770003,10,-0.19595329720080956,10,-0.1911927350319332,"DELL,INTC,HPE,TSM,COHR,MU,KLAC,QCOM,MRVL,ON",-0.1564688731682041,-0.22675648499976092,-0.16705316689111643,23.0
2022-01-12,US,22,-0.21267747536140993,10,-0.21870315611130456,10,-0.21870315611130456,"HPE,INTC,DELL,TSM,MU,KLAC,AMAT,COHR,QCOM,ON",-0.1633813570130994,-0.23805845249609897,-0.17092859900884427,19.4
2022-01-13,US,22,-0.18600937921424324,10,-0.2112080306102313,10,-0.20272104665079932,"TSM,HPE,DELL,INTC,MU,AMAT,QCOM,COHR,KLAC,LRCX",-0.16316075521298382,-0.22862690792158386,-0.16579382034773174,29.2
2022-01-14,US,22,-0.1739913661921028,10,-0.2142012834599763,10,-0.22182338541958826,"TSM,HPE,DELL,INTC,AMAT,MU,KLAC,LRCX,QCOM,COHR",-0.15432628277351418,-0.24398806694085723,-0.1645437637337023,25.2
2022-01-18,US,22,-0.18345587200107236,10,-0.21620516941048712,10,-0.2227737834458087,"HPE,DELL,TSM,INTC,MU,AMAT,KLAC,COHR,LRCX,QCOM",-0.16088409772760254,-0.22683375678040263,-0.1613809270613292,27.6
2022-01-19,US,22,-0.14359899024235634,5,-0.1664668021707974,5,-0.1664668021707974,"TSM,HPE,INTC,DELL,MU",-0.13501189566287072,-0.18748296237215487,-0.14405351477232786,34.2
2022-01-20,US,22,-0.07800077740679133,5,-0.12109206389252998,5,-0.12109206389252998,"HPE,TSM,DELL,INTC,MU",-0.11466720490973639,-0.1604800558919839,-0.14555136434314214,47.0
2022-01-21,US,22,-0.04868147492734147,3,-0.06868331281281954,3,-0.06868331281281954,"TSM,INTC,HPE",-0.05846404005600947,-0.1226196577418841,-0.11892983383028659,49.666666666666664
2022-01-24,US,22,-0.07999511891271797,3,-0.08254437096255292,3,-0.08254437096255292,"TSM,INTC,HPE",-0.06885421731034247,-0.12487155129599892,-0.12123216725131813,49.333333333333336
2022-01-25,US,22,-0.11418862194478678,2,-0.12343408138926965,2,-0.12343408138926965,"TSM,HPE",-0.09496598356039343,-0.1371867953406108,-0.12466765132962171,43.5
2022-01-26,US,22,-0.09716961245673517,3,-0.09704648113966415,3,-0.09704648113966415,"TSM,INTC,HPE",-0.07936457581969274,-0.12228426073641381,-0.1138453291876201,48.666666666666664
2022-01-27,US,23,-0.0887618088044524,1,-0.02163547017902312,1,-0.02163547017902312,HPE,-0.02163547017902312,-0.020920190723137777,-0.020920190723137777,60.0
2022-01-28,US,23,-0.11210394043643435,1,-0.03804103807713932,1,-0.03804103807713932,HPE,-0.03804103807713932,-0.04370466577830967,-0.04370466577830967,60.0
2022-01-31,US,23,-0.110527014443785,3,-0.13449508114304576,3,-0.13449508114304576,"DELL,HPE,TSM",-0.12773307060678774,-0.16598212147170432,-0.14107846527769297,43.333333333333336
2022-02-01,US,23,-0.16368822943561606,4,-0.1500278229566432,4,-0.1500278229566432,"DELL,HPE,AVGO,TSM",-0.10383017212559656,-0.15919417561680382,-0.11401257836739345,39.25
2022-02-02,US,23,-0.12876689423451895,6,-0.1300565137141631,6,-0.1300565137141631,"QCOM,TXN,DELL,AVGO,HPE,TSM",-0.10937403853284146,-0.16656338378045457,-0.13018074851210013,40.333333333333336
2022-02-03,US,23,-0.0948718893584472,3,-0.14929639556644228,3,-0.14929639556644228,"DELL,QCOM,HPE",-0.12442464966018651,-0.18226879814865612,-0.13279808313397504,32.666666666666664
2022-02-04,US,23,-0.059574503752677754,3,-0.12760398976803822,3,-0.12760398976803822,"DELL,QCOM,HPE",-0.11716459107513966,-0.18664115608581808,-0.13729358606666311,32.0
2022-02-07,US,23,-0.10038983718173189,2,-0.12810164160031384,2,-0.12810164160031384,"DELL,HPE",-0.10373824998434428,-0.15396092326988092,-0.12826112718208,37.5
2022-02-08,US,23,-0.1448140993541202,5,-0.15788653273819342,5,-0.15788653273819342,"ON,DELL,AVGO,HPE,TSM",-0.12890125882786302,-0.1850735314018978,-0.15116522959638803,33.6
2022-02-09,US,23,-0.18667380666651467,8,-0.1850660319472801,8,-0.1850660319472801,"ON,DELL,AVGO,COHR,HPE,QCOM,MU,TSM",-0.1310506375001922,-0.19434901560827028,-0.1436849300011672,32.375
2022-02-10,US,23,-0.17221551696646833,6,-0.17707457879600388,6,-0.17707457879600388,"DELL,MU,HPE,COHR,ON,TSM",-0.13048053893337516,-0.20830467604519512,-0.15422204605977216,29.5
2022-02-11,US,23,-0.159404521583433,4,-0.16149462589213764,4,-0.16149462589213764,"MU,HPE,DELL,COHR",-0.11225076391122168,-0.18096301122915637,-0.1343786564206024,36.5
2022-02-14,US,23,-0.1699445502680242,4,-0.16842379911416852,4,-0.16842379911416852,"MU,COHR,HPE,DELL",-0.11794221274360908,-0.18513733725964265,-0.13527805623856165,36.0
2022-02-15,US,23,-0.14458169647164423,8,-0.14339947338922943,8,-0.14339947338922943,"MPWR,MU,COHR,HPE,ANET,AVGO,DELL,TSM",-0.14135938011212051,-0.19577294486156965,-0.15887766158269875,34.125
2022-02-16,US,23,-0.16153390187753258,8,-0.17883821693497312,8,-0.17883821693497312,"MPWR,COHR,MU,HPE,ANET,DELL,ON,TSM",-0.15901237460090428,-0.21967385974680836,-0.16853780414474767,25.75
2022-02-17,US,23,-0.10449673870510992,5,-0.14324582060991742,5,-0.14324582060991742,"COHR,MU,ANET,HPE,DELL",-0.1410973691486829,-0.20914996710336817,-0.1640673363611166,34.4
2022-02-18,US,23,-0.12990661018423852,4,-0.15742090371560682,4,-0.15742090371560682,"COHR,HPE,MU,DELL",-0.11692647466496858,-0.18902107473951837,-0.13912430766732609,35.0
2022-02-22,US,23,-0.13506812923223532,3,-0.17554022908733014,3,-0.17554022908733014,"COHR,MU,HPE",-0.1448865432785658,-0.18591677340145382,-0.1453458146046885,37.666666666666664
2022-02-23,US,23,-0.07697150904673342,2,-0.10829712971443656,2,-0.10829712971443656,"COHR,HPE",-0.10829712971443656,-0.111018274480227,-0.111018274480227,60.0
2022-02-24,US,23,-0.12435360851149316,3,-0.14033309904630134,3,-0.14033309904630134,"COHR,MU,HPE",-0.14186040589741888,-0.17409774882029383,-0.16335981362364685,43.333333333333336
2022-02-25,US,23,-0.15195571957691795,4,-0.17430686246085536,4,-0.17430686246085536,"MPWR,COHR,ON,MU",-0.15503438556425084,-0.19358726302500961,-0.17451477237387522,26.25
2022-02-28,US,23,-0.13843694475679758,4,-0.158806854814441,4,-0.158806854814441,"MPWR,COHR,ON,MU",-0.163531360031961,-0.1956973884911022,-0.17410058126420647,25.0
2022-03-01,US,23,-0.09440112607778017,1,-0.15409193232154517,1,-0.15409193232154517,COHR,-0.16512962021639654,-0.17835875090777042,-0.17835875090777042,59.0
2022-03-02,US,23,-0.08143191516335202,5,-0.08184481665068036,5,-0.08184481665068036,"MU,COHR,MPWR,ON,HPE",-0.1619195825035056,-0.19750047601038026,-0.16246005362979205,25.4
2022-03-03,US,23,-0.053001710229671074,3,-0.09821369692560629,3,-0.09821369692560629,"COHR,MU,HPE",-0.1192804955868609,-0.18412339138612122,-0.16324669677625078,40.0
2022-03-04,US,23,-0.04870941882706723,1,-0.0314758826819187,1,-0.0314758826819187,HPE,-0.0314758826819187,-0.13055501862655516,-0.13055501862655516,60.0
2022-03-07,US,23,0.041578216126308444,0,,0,,,,,,
2022-03-08,US,23,-0.02599387156706169,0,,0,,,,,,
2022-03-09,US,23,-0.015303674119997716,0,,0,,,,,,
2022-03-10,US,23,-0.018164791584971564,1,-0.0707882186895683,1,-0.0707882186895683,HPE,-0.0707882186895683,-0.14192022474231047,-0.14192022474231047,60.0
2022-03-11,US,23,-0.01235039763422325,1,-0.10066937329494252,1,-0.10066937329494252,HPE,-0.10066937329494252,-0.14885588654403892,-0.14885588654403892,60.0
2022-03-14,US,23,-0.02038121388616127,0,,0,,,,,,
2022-03-15,US,23,-0.10138187317309348,1,-0.14001856335754637,1,-0.14001856335754637,HPE,-0.14913230028662994,-0.15089122148652356,-0.15089122148652356,47.0
2022-03-16,US,23,-0.16222700891822486,5,-0.13794141694183865,5,-0.13794141694183865,"TXN,AVGO,HPE,MPWR,COHR",-0.13561017385810567,-0.1394615377927168,-0.1394615377927168,57.6
2022-03-17,US,23,-0.16437181229971146,5,-0.14187478771659695,5,-0.14187478771659695,"TXN,AVGO,MPWR,HPE,COHR",-0.13722139771764938,-0.15221262098211755,-0.15013264441847318,57.4
2022-03-18,US,23,-0.1682186272308702,9,-0.16812135261299824,9,-0.16812135261299824,"NVDA,ANET,TXN,MPWR,ADI,AVGO,HPE,COHR,ON",-0.14285223561896543,-0.20092459790465528,-0.15159012504733246,41.888888888888886
2022-03-21,US,23,-0.21985793985015525,10,-0.2255069462571396,10,-0.2255069462571396,"NVDA,ANET,TXN,ASML,ADI,MPWR,HPE,AVGO,ON,COHR",-0.15727560409025285,-0.22969159317030757,-0.16375431474359292,37.7
2022-03-22,US,23,-0.2137950600166029,10,-0.2236560257885781,10,-0.2236560257885781,"ANET,NVDA,TXN,ASML,MPWR,ADI,HPE,COHR,AVGO,ON",-0.15098942501286086,-0.23231251312851944,-0.15787816874935817,34.8
2022-03-23,US,23,-0.18662375649317586,7,-0.21619451148573748,7,-0.21619451148573748,"ANET,NVDA,TXN,MPWR,HPE,AVGO,COHR",-0.15096324389999752,-0.24485127084387343,-0.16358047250529845,35.42857142857143
2022-03-24,US,23,-0.22302776580825653,10,-0.2615565886532368,10,-0.2618345196598196,"ANET,NVDA,INTC,MPWR,TXN,ASML,AVGO,MRVL,COHR,ADI",-0.16334915783779183,-0.2783623067791027,-0.17295450867797293,29.2
2022-03-25,US,23,-0.22511606201377532,10,-0.2680344685608663,10,-0.2680344685608664,"INTC,ANET,NVDA,HPE,TXN,MPWR,AVGO,MRVL,ASML,COHR",-0.16802901425795064,-0.28604509277974566,-0.1756474666416857,25.1
2022-03-28,US,23,-0.21354279543861812,10,-0.24308784969867409,10,-0.23903216825503196,"NVDA,ANET,MPWR,INTC,TXN,KLAC,AVGO,ASML,ON,MRVL",-0.17129597929728438,-0.29246230797312467,-0.18114874669929865,18.6
2022-03-29,US,23,-0.21819864863144114,10,-0.24563015694879908,10,-0.23879543281490978,"TXN,NVDA,MPWR,INTC,ANET,ASML,KLAC,ON,AVGO,MRVL",-0.17275624903285328,-0.2920911779935508,-0.1775592101506235,17.7
2022-03-30,US,23,-0.2177715366401932,10,-0.23444633951369803,10,-0.24525426354316374,"TXN,INTC,NVDA,ANET,KLAC,MPWR,AVGO,COHR,ASML,ADI",-0.16322728721454127,-0.2601246305183166,-0.1715418420246074,25.3
2022-03-31,US,23,-0.22500132544224236,10,-0.2633200140842393,10,-0.2633200140842392,"ANET,NVDA,MPWR,AVGO,COHR,ADI,TXN,ASML,MRVL,INTC",-0.15768531402976768,-0.27531492397188373,-0.16776509177893112,24.8
2022-04-01,US,23,-0.21981977097194427,8,-0.2494389202067155,8,-0.24943892020671546,"ANET,ADI,AVGO,COHR,NVDA,TXN,ASML,MPWR",-0.15286641976844206,-0.25812368693963167,-0.1621131291404789,25.625
2022-04-04,US,23,-0.25324428208547595,10,-0.28543011794489626,10,-0.28543011794489626,"ANET,AVGO,NVDA,ASML,MRVL,ADI,MPWR,TXN,COHR,INTC",-0.1550834775815461,-0.287409802501457,-0.16567617233349,24.7
2022-04-05,US,23,-0.20833905328122554,6,-0.24712802519075247,6,-0.24712802519075247,"ANET,AVGO,NVDA,COHR,TXN,MPWR",-0.16483698420870252,-0.2588562184816188,-0.1677119451598276,37.833333333333336
2022-04-06,US,23,-0.20437170641987923,4,-0.22190626981721498,4,-0.22190626981721498,"ANET,AVGO,TXN,COHR",-0.16667831636599523,-0.24323973068798244,-0.16256116243244403,40.25
2022-04-07,US,23,-0.16214256514841618,5,-0.13553596355990666,5,-0.13553596355990666,"ADI,ANET,AVGO,TXN,MPWR",-0.13655396945477322,-0.18463069489845685,-0.14778895359787297,49.0
2022-04-08,US,23,-0.1355952159040989,1,-0.20182917377150833,1,-0.20182917377150833,ANET,-0.18818787784839563,-0.29922480620155034,-0.20558139534883713,20.0
2022-04-11,US,23,-0.16199993200542445,1,-0.20985543292398545,1,-0.20985543292398545,ANET,-0.18591636872376782,-0.29726368159203964,-0.20335820895522372,19.0
2022-04-12,US,23,-0.14832839307846196,1,-0.23222378496640106,1,-0.23222378496640106,ANET,-0.18159087357399584,-0.2935292278837136,-0.19912472647702395,18.0
2022-04-13,US,23,-0.15982537241365977,3,-0.182613061475237,3,-0.182613061475237,"ANET,AVGO,TXN",-0.14852305451604011,-0.21665493160263904,-0.15491416482425757,39.666666666666664
2022-04-14,US,23,-0.11644750953423715,1,-0.21443298969072166,1,-0.21443298969072166,ANET,-0.1693893735130848,-0.28299492385786795,-0.18718274111675126,16.0
2022-04-18,US,23,-0.11343284256580173,2,-0.04445708474171062,2,-0.04445708474171062,"ADI,TXN",-0.04445708474171062,-0.1260121259377857,-0.1260121259377857,60.0
2022-04-19,US,23,-0.15529970566524434,5,-0.12419057794993944,5,-0.12419057794993944,"ADI,TXN,AVGO,MPWR,ANET",-0.15042459221800003,-0.19261158217051286,-0.16591911806610773,41.4
2022-04-20,US,23,-0.11124569924389466,6,-0.1266829266559674,6,-0.1266829266559674,"HPE,TXN,ADI,INTC,AVGO,ANET",-0.14606152704491784,-0.2117668651387505,-0.17101311100452468,37.5
2022-04-21,US,23,-0.050446862782050336,2,-0.09355836974436749,2,-0.09355836974436749,"TXN,AVGO",-0.16702903582775358,-0.17143638720706694,-0.1570950371998887,44.0
2022-04-22,US,23,-0.0015937729516700017,0,,0,,,,,,
2022-04-25,US,23,-0.03872367998972759,0,,0,,,,,,
2022-04-26,US,23,-0.005820187593839269,0,,0,,,,,,
2022-04-27,US,23,-0.039885461900857386,0,,0,,,,,,
2022-04-28,US,23,-0.01217425222305028,2,0.031131850357702717,2,0.031131850357702717,"ADI,TXN",0.031131850357702717,-0.11614599310089663,-0.11614599310089663,60.0
2022-04-29,US,23,0.03006857824357922,0,,0,,,,,,
2022-05-02,US,23,0.01983734604810045,1,0.04260222633661903,1,0.04260222633661903,TXN,0.04260222633661903,-0.1399293979523939,-0.1399293979523939,60.0
2022-05-03,US,23,-0.005798116698557966,1,0.022033079893344132,1,0.022033079893344132,MPWR,-0.1607417504831926,-0.19313585990543491,-0.19313585990543491,40.0
2022-05-04,US,23,-0.022309332269769895,6,0.05317737393547702,6,0.05317737393547702,"MPWR,ON,ADI,KLAC,AVGO,TXN",-0.06089055307193066,-0.16743022951393507,-0.15523039076901432,42.5
2022-05-05,US,23,0.046795194784206365,1,0.1804742429609767,1,0.1804742429609767,MPWR,-0.20193198370539756,-0.18109381561450155,-0.18109381561450155,39.0
2022-05-06,US,23,0.09044824360645345,1,0.22282393314486493,1,0.22282393314486493,MPWR,-0.18084135691170045,-0.15945356282078715,-0.15945356282078715,38.0
2022-05-09,US,23,0.0926617635260149,0,,0,,,,,,
2022-05-10,US,23,0.10388986064298407,0,,0,,,,,,
2022-05-11,US,23,0.09057741874784968,0,,0,,,,,,
2022-05-12,US,23,0.09568979067415265,0,,0,,,,,,
2022-05-13,US,23,0.06156602803010334,1,0.11524910807518185,1,0.11524910807518185,ADI,0.11524910807518185,-0.08687841951930242,-0.08687841951930242,60.0
2022-05-16,US,23,0.07052325404241407,0,,0,,,,,,
2022-05-17,US,23,0.06971103759369175,8,0.08030739052945132,8,0.08030739052945132,"HPE,LRCX,KLAC,AVGO,ON,ADI,TXN,MPWR",-0.10783334806397793,-0.17674822958135722,-0.1589234897310035,34.375
2022-05-18,US,23,0.1058954600932986,1,0.1181383991138143,1,0.1181383991138143,ADI,0.1181383991138143,-0.10744247853960176,-0.10744247853960176,60.0
2022-05-19,US,23,0.07667602090559171,1,0.04468351894945499,1,0.04468351894945499,ADI,0.04468351894945499,-0.12243476207152892,-0.12243476207152892,60.0
2022-05-20,US,23,0.131438583212094,1,0.05751184057988801,1,0.05751184057988801,ADI,0.05751184057988801,-0.11165910301624993,-0.11165910301624993,60.0
2022-05-23,US,23,0.09695992433847236,2,0.08134006176382813,2,0.08134006176382813,"KLAC,ADI",0.08134006176382813,-0.11622223342543297,-0.11622223342543297,60.0
2022-05-24,US,23,0.08752089565750178,1,0.025630882019103796,1,0.025630882019103796,ADI,0.025630882019103796,-0.10532568911050588,-0.10532568911050588,60.0
2022-05-25,US,23,0.07342904432744839,1,0.0172686449966426,1,0.0172686449966426,ADI,0.0172686449966426,-0.11574676984060628,-0.11574676984060628,60.0
2022-05-26,US,23,0.010888846108000247,5,0.01858760397692296,5,0.01858760397692296,"KLAC,ON,LRCX,ADI,TXN",-0.14222243243774665,-0.18713309039309828,-0.16211081177320855,28.0
2022-05-27,US,23,0.025718785834350614,10,0.00012642426364292136,10,0.00012642426364292136,"KLAC,LRCX,DELL,ON,TXN,ADI,AMAT,AMD,MPWR,MU",-0.1336375018507442,-0.21542316937459444,-0.16477354691859963,21.9
2022-05-31,US,23,-0.03847061521041013,10,-0.05630586706008164,10,-0.05630586706008164,"DELL,ADI,KLAC,ON,LRCX,TXN,QCOM,AMD,MU,MPWR",-0.16486293504837585,-0.20912492031907665,-0.16982994392282064,13.1
2022-06-01,US,23,-0.038894558219215766,9,-0.055567751416184405,9,-0.055567751416184405,"DELL,KLAC,ON,AMD,ADI,MU,TXN,MPWR,LRCX",-0.1549359745017369,-0.19754823215481132,-0.170952225874436,26.22222222222222
2022-06-02,US,23,-0.07791835052582721,10,-0.08248425838112385,10,-0.08248425838112385,"DELL,ON,AMD,QCOM,KLAC,MPWR,ADI,MU,LRCX,TXN",-0.15976757910714928,-0.20928209683083318,-0.16430844525417115,17.5
2022-06-03,US,23,-0.10241498714765482,7,-0.11371719497940366,7,-0.11371719497940366,"DELL,ON,AMD,KLAC,MPWR,LRCX,ADI",-0.1504107567188738,-0.24340227588314714,-0.16375313651529733,15.571428571428571
2022-06-06,US,23,-0.09887217265281714,7,-0.10726471928332593,7,-0.10726471928332593,"ON,DELL,MPWR,AMD,KLAC,LRCX,ADI",-0.1525976821068222,-0.2224935129525398,-0.16286354403762443,17.714285714285715
2022-06-07,US,23,-0.12301128216865188,8,-0.12161684191399179,8,-0.12161684191399179,"ON,DELL,MPWR,KLAC,LRCX,AMD,QCOM,ADI",-0.1494088937987978,-0.22318522813006839,-0.16525844603462142,20.75
2022-06-08,US,23,-0.1120236092516098,7,-0.11662515446689185,7,-0.11662515446689185,"DELL,ON,MPWR,KLAC,LRCX,AMD,ADI",-0.1582499215225237,-0.21565213369651223,-0.16925006595301811,18.142857142857142
2022-06-09,US,23,-0.05773789631297123,5,-0.03806617719828551,5,-0.03806617719828551,"DELL,ON,MPWR,KLAC,ADI",-0.11296573660071105,-0.17477511000546425,-0.1493450960516386,39.4
2022-06-10,US,23,0.01400041577992471,2,0.016344747411779048,2,0.016344747411779048,"DELL,ON",-0.19611353027188766,-0.20149099360745265,-0.19097903333265115,34.5
2022-06-13,US,23,0.0520643528924785,0,,0,,,,,,
2022-06-14,US,23,0.048018286213997355,0,,0,,,,,,
2022-06-15,US,23,0.016685913170937573,2,0.006101971798290973,2,0.006101971798290973,"DELL,ON",-0.19050142409675191,-0.18267435843863628,-0.17882773799938745,32.0
2022-06-16,US,23,0.056405265050489005,0,,0,,,,,,
2022-06-17,US,23,0.012361214645454515,1,-0.2230651577408458,1,-0.2230651577408458,DELL,-0.157243880711741,-0.23025471584715917,-0.18077428891354141,49.0
2022-06-21,US,23,0.017094345459040733,1,-0.21434793468228142,1,-0.21434793468228142,DELL,-0.15460875971613364,-0.22784761408584142,-0.1782124548982239,48.0
2022-06-22,US,23,0.007301290844747239,1,-0.21640347045648667,1,-0.21640347045648667,DELL,-0.15367575586275195,-0.22699534343603467,-0.17730539896231845,47.0
2022-06-23,US,23,-0.01404141867717269,1,-0.24499924941726436,1,-0.24499924941726436,DELL,-0.16396755792965445,-0.24480468565573887,-0.17030508917315768,45.0
2022-06-24,US,23,-0.05933214671801541,2,-0.15959411549559827,2,-0.15959411549559827,"DELL,KLAC",-0.11058255835067066,-0.20459495838676622,-0.1482673578417607,32.5
2022-06-27,US,23,-0.0779947117241814,2,-0.17728027399276636,2,-0.17728027399276636,"DELL,KLAC",-0.12328664930283756,-0.20798065421212414,-0.14667177569603357,32.0
2022-06-28,US,23,-0.05989424498013721,1,-0.26961127608517044,1,-0.26961127608517044,DELL,-0.1600545541970122,-0.2694182109523564,-0.1835067910429664,43.0
2022-06-29,US,23,-0.04555909568299679,1,-0.250702181453771,1,-0.250702181453771,DELL,-0.18093477791648926,-0.2504972574912102,-0.18676960948796195,44.0
2022-06-30,US,23,-0.018152362402512744,0,,0,,,,,,
2022-07-01,US,23,0.05069614345873481,0,,0,,,,,,
2022-07-05,US,23,-0.015203624742859512,0,,0,,,,,,
2022-07-06,US,23,-0.05151131363811889,0,,0,,,,,,
2022-07-07,US,23,-0.023497269160489036,1,-0.11056539963344314,1,-0.11056539963344314,QCOM,-0.11056539963344314,-0.1427000569840695,-0.1427000569840695,60.0
2022-07-08,US,23,0.01818329327580335,1,-0.07895592404517016,1,-0.07895592404517016,QCOM,-0.07895592404517016,-0.1495423809374956,-0.1495423809374956,60.0
2022-07-11,US,23,0.030916483627269054,0,,0,,,,,,
2022-07-12,US,23,0.052280440556899,0,,0,,,,,,
2022-07-13,US,23,-0.023413024257288105,1,-0.09901572009521775,1,-0.09901572009521775,QCOM,-0.14311089200068017,-0.15805230848250662,-0.15805230848250662,56.0
2022-07-14,US,23,-0.09256814723187902,1,-0.19848052752737777,1,-0.19848052752737777,QCOM,-0.14992204257646424,-0.2097382176105631,-0.16244189943153242,50.0
2022-07-15,US,23,-0.14029882534098412,3,-0.10813468385356735,3,-0.10813468385356735,"QCOM,ADI,ON",-0.08171633797603173,-0.13437695258288915,-0.11209108546646156,56.333333333333336
2022-07-18,US,23,-0.14511482654806676,2,-0.17738210154853917,2,-0.17738210154853917,"QCOM,ADI",-0.13240376911194268,-0.1773163029630933,-0.13861529907994985,54.0
2022-07-19,US,23,-0.14246946514666795,7,-0.10530561209174112,7,-0.10530561209174112,"QCOM,ADI,ON,TXN,ANET,KLAC,MPWR",-0.09306583790716202,-0.12850823419330706,-0.1145852177975676,57.57142857142857
2022-07-20,US,23,-0.21264719721228093,10,-0.253007332121404,10,-0.22014165537499145,"QCOM,MRVL,ON,ADI,KLAC,MPWR,NVDA,AMD,TXN,LRCX",-0.14487893151212267,-0.2537083468018362,-0.15210553335369673,45.8
2022-07-21,US,23,-0.1965721124837525,10,-0.25738528138728023,10,-0.22190917723269754,"QCOM,MRVL,MPWR,ASML,ADI,ON,AMD,KLAC,AMAT,NVDA",-0.14658130479049059,-0.275387352807935,-0.16135797081798975,41.5
2022-07-22,US,23,-0.17168050589708517,10,-0.17305145629917645,10,-0.17305145629917645,"QCOM,ASML,ADI,KLAC,ON,LRCX,MPWR,TXN,NVDA,ANET",-0.11566019864486325,-0.20264035214075543,-0.13746793849131345,48.9
2022-07-25,US,23,-0.16772371288587382,8,-0.1359751971945941,8,-0.1359751971945941,"ASML,QCOM,ADI,ON,KLAC,TXN,MPWR,ANET",-0.11155897505691349,-0.1736391964516208,-0.13562790490998428,52.25
2022-07-26,US,23,-0.15732010468211718,7,-0.1425880551038393,7,-0.1425880551038393,"ASML,QCOM,ADI,KLAC,ON,MPWR,ANET",-0.10816554172505385,-0.19041866015041783,-0.1343469278807631,49.142857142857146
2022-07-27,US,23,-0.14832052467284154,10,-0.15443624482844473,10,-0.171830098334609,"ASML,ON,ADI,TXN,KLAC,QCOM,AMAT,MPWR,ANET,AMD",-0.11201530224499975,-0.23225588349115175,-0.1471836387203287,44.8
2022-07-28,US,23,-0.14972708342928223,10,-0.13545323279358318,10,-0.17570506133623048,"ASML,ON,TXN,ANET,KLAC,ADI,LRCX,AMAT,MPWR,AVGO",-0.11445350446887881,-0.22717179838455426,-0.15327092917099033,44.5
2022-07-29,US,23,-0.13704043191207146,10,-0.15603351502018709,10,-0.183933824202393,"TXN,ASML,ON,KLAC,ANET,ADI,LRCX,AMD,MRVL,AMAT",-0.12346435682236545,-0.26159704035348935,-0.15952749954720344,39.2
2022-08-01,US,23,-0.14772534205859714,10,-0.16212446033337063,10,-0.20533173672329258,"ASML,TXN,ANET,KLAC,AMD,LRCX,ADI,HPE,AVGO,AMAT",-0.15846812278990352,-0.25900669847185254,-0.16678217862127337,37.4
2022-08-02,US,23,-0.1578091276346361,10,-0.18993281785627386,10,-0.20643609998471096,"MPWR,AMD,TXN,ASML,ANET,KLAC,LRCX,ADI,ON,NVDA",-0.14457182606422608,-0.28432739548077157,-0.17026828382484424,34.7
2022-08-03,US,23,-0.1500438684008254,10,-0.1639871836349773,10,-0.20279587863580484,"MPWR,TXN,ANET,ASML,KLAC,ADI,LRCX,ON,AVGO,MRVL",-0.15051593313112738,-0.281239440473466,-0.16084858552660566,29.8
2022-08-04,US,23,-0.16257940475231522,10,-0.19536430307630392,10,-0.218784123340942,"TXN,MPWR,ANET,ASML,AMD,LRCX,ADI,KLAC,AVGO,AMAT",-0.16437153648378114,-0.30081924272271393,-0.1779303586171363,30.0
2022-08-05,US,23,-0.15501876950141208,10,-0.18719128688960013,10,-0.20443798265922064,"ANET,MPWR,TXN,ADI,AMD,KLAC,AVGO,ASML,LRCX,AMAT",-0.15520271341493097,-0.30543301864067185,-0.1676869640854646,25.4
2022-08-08,US,23,-0.155116538153011,10,-0.18094254704910565,10,-0.1910337246780546,"MPWR,ANET,TXN,ADI,AMD,AVGO,ASML,KLAC,ON,LRCX",-0.15953946558982057,-0.2682636159932589,-0.16366588845402097,33.6
2022-08-09,US,23,-0.16928106126963263,10,-0.1902200931940101,10,-0.19643061286722907,"ANET,MPWR,TXN,AMD,ADI,AVGO,ON,ASML,LRCX,KLAC",-0.15724467129066938,-0.26942578329711164,-0.16825035005893102,32.8
2022-08-10,US,23,-0.15633763073453882,10,-0.1543077649480779,10,-0.181885720620289,"ANET,MPWR,TXN,DELL,AVGO,ADI,HPE,AMD,ASML,ON",-0.1499152953124118,-0.2638324827148629,-0.171450103752585,27.9
2022-08-11,US,23,-0.1373031974161501,10,-0.15142496527629243,10,-0.145654995546798,"ANET,DELL,TXN,MPWR,HPE,AVGO,ADI,AMD,ON,TSM",-0.14426962087751632,-0.2611678594634614,-0.17000427395377374,28.8
2022-08-12,US,23,-0.14090157040626086,10,-0.13357465768214238,10,-0.14648111119388146,"DELL,ANET,TXN,ADI,MPWR,ON,AVGO,HPE,AMD,AMAT",-0.15780160773538532,-0.26817427009974504,-0.1714234289320174,24.1
2022-08-15,US,23,-0.16623736462490585,10,-0.18263680280219355,10,-0.18194347990966903,"ANET,DELL,MPWR,TXN,ADI,HPE,ON,AVGO,TSM,AMD",-0.16326315287043683,-0.2750836502831548,-0.17261881710189791,23.0
2022-08-16,US,23,-0.07828557930017356,10,-0.11639200519963108,10,-0.0830623813125288,"ANET,DELL,HPE,MPWR,ADI,ON,TXN,COHR,AVGO,AMD",-0.15885445269770218,-0.2762179652994098,-0.1766231603939771,23.7
2022-08-17,US,23,-0.0481934076425762,10,-0.07762441315701066,10,-0.04443882191719759,"ANET,HPE,DELL,MPWR,ON,AMD,TSM,NVDA,LRCX,KLAC",-0.15795383358038256,-0.3101056420524329,-0.17305822822107428,19.9
2022-08-18,US,23,-0.06506837626563337,10,-0.10674129458765305,10,-0.09464047069028972,"ANET,DELL,HPE,COHR,ON,MPWR,AVGO,AMD,NVDA,AMAT",-0.15971333431725182,-0.31361601282863044,-0.17517942847797632,16.7
2022-08-19,US,23,-0.0032375946016206768,10,-0.06424519476130532,10,-0.04945807534378851,"ANET,COHR,ON,HPE,DELL,AVGO,MPWR,AMD,KLAC,QCOM",-0.16085503692748976,-0.2854905718395923,-0.17566259295491984,20.8
2022-08-22,US,23,-0.036216777843547286,10,-0.0911024338944347,10,-0.0739046012834483,"ANET,COHR,DELL,ON,HPE,MPWR,AVGO,AMD,KLAC,QCOM",-0.16233597479080325,-0.27613735028321873,-0.1701751463180182,21.3
2022-08-23,US,23,-0.02863017341447835,10,-0.07290320629717062,10,-0.0729360123337262,"COHR,ON,ANET,DELL,HPE,MPWR,AVGO,AMAT,KLAC,AMD",-0.15787693707211692,-0.28150008627026,-0.16883447523079592,19.4
2022-08-24,US,23,-0.032736516294469414,10,-0.0615213653173182,10,-0.06904394271412727,"ON,COHR,ANET,DELL,HPE,MPWR,MRVL,AVGO,AMAT,KLAC",-0.164108894556174,-0.2716868353924051,-0.1746290483257423,19.2
2022-08-25,US,23,-0.07271974211781818,10,-0.10180895725519608,10,-0.1184200004227883,"ON,DELL,HPE,AVGO,COHR,ANET,MRVL,MPWR,KLAC,TSM",-0.1582751953804165,-0.28709563424611095,-0.17170815739803583,15.0
2022-08-26,US,23,0.02182666107377756,6,-0.011888086505185988,6,-0.011888086505185988,"ON,ANET,KLAC,AMD,MPWR,TXN",-0.13469782439058575,-0.24343758747689712,-0.17257544937808622,31.166666666666668
2022-08-29,US,23,0.02786285791202756,5,0.024097779861970793,5,0.024097779861970793,"ON,ANET,KLAC,TXN,MPWR",-0.12322624502379928,-0.2173488034099315,-0.15984786870229087,31.4
2022-08-30,US,23,0.04385957524878317,6,0.09764768147361917,6,0.09764768147361917,"ON,SMCI,ANET,KLAC,TXN,MPWR",-0.12543517953534708,-0.2034098859013392,-0.17070564085895298,30.666666666666668
2022-08-31,US,23,0.05368592979088343,5,0.09920422804482412,5,0.09920422804482412,"ON,SMCI,ANET,TXN,MPWR",-0.06961246552612047,-0.17202744763768557,-0.14211879119076268,36.4
2022-09-01,US,23,0.03737493375086672,4,0.1503147794093252,4,0.1503147794093252,"ON,SMCI,TXN,ANET",-0.11629200197861325,-0.15728965169875003,-0.14839458701345248,33.0
2022-09-02,US,23,0.11384224404192829,3,0.2291180958982965,3,0.2291180958982965,"SMCI,ON,ANET",0.03576929466086406,-0.16224176898197784,-0.15604981851758157,44.333333333333336
2022-09-06,US,23,0.12509599958167586,3,0.25865748076372136,3,0.25865748076372136,"ON,SMCI,ANET",0.25865748076372136,-0.14159094396608304,-0.14159094396608304,60.0
2022-09-07,US,23,0.10941642953386868,4,0.1734367346733287,4,0.1734367346733287,"ON,SMCI,ANET,TXN",-0.027240991031743517,-0.14007773515126332,-0.14007773515126332,40.0
2022-09-08,US,23,0.04795361490368497,4,0.05449771979850948,4,0.05449771979850948,"ON,ANET,KLAC,TXN",-0.11655181706156176,-0.19263514756161437,-0.15429047386008238,30.75
2022-09-09,US,23,0.010768562407902282,5,0.021288707042904954,5,0.021288707042904954,"ON,ANET,KLAC,AVGO,TXN",-0.1353187605554201,-0.19525647167361232,-0.16328129842328015,28.2
2022-09-12,US,23,0.045157374748014,7,0.04355317718299055,7,0.04355317718299055,"ON,AVGO,ANET,MRVL,KLAC,TXN,HPE",-0.08133055821718814,-0.16834324297081524,-0.15290771179532353,32.57142857142857
2022-09-13,US,23,0.08098311135344412,2,0.06636685198707803,2,0.06636685198707803,"ON,ANET",-0.03661598420688966,-0.15529759795235276,-0.15529759795235276,41.5
2022-09-14,US,23,0.0751424729789957,2,0.04085442086326008,2,0.04085442086326008,"ANET,ON",-0.15761843682521615,-0.16535170488539375,-0.15191348790735376,21.0
2022-09-15,US,23,0.11970803341938789,2,0.09508262435897008,2,0.09508262435897008,"ON,ANET",0.09508262435897008,-0.13550419983923512,-0.13550419983923512,60.0
2022-09-16,US,23,0.1511392018932454,2,0.11204527515461538,2,0.11204527515461538,"ON,ANET",0.11204527515461538,-0.1329035400831391,-0.1329035400831391,60.0
2022-09-19,US,23,0.12979746631569114,2,0.061051105265699346,2,0.061051105265699346,"ON,ANET",-0.02089603954599506,-0.14379402705236377,-0.13529625951671637,38.5
2022-09-20,US,23,0.0750705936185667,1,-0.06977922547955084,1,-0.06977922547955084,ON,-0.1376764386536371,-0.16360214275372797,-0.16360214275372797,18.0
2022-09-21,US,23,0.08834955652111773,1,-0.04121141013419405,1,-0.04121141013419405,ON,-0.12642076703087213,-0.152684071575242,-0.152684071575242,17.0
2022-09-22,US,23,0.11474539170413803,1,0.0088071085947945,1,0.0088071085947945,ON,0.0088071085947945,-0.09138093740169861,-0.09138093740169861,60.0
2022-09-23,US,23,0.12241270492683483,0,,0,,,,,,
2022-09-26,US,23,0.1373159100950089,0,,0,,,,,,
2022-09-27,US,23,0.11453415317492885,0,,0,,,,,,
2022-09-28,US,23,0.10386461855987919,2,0.0037325254785585127,2,0.0037325254785585127,"ANET,ON",0.0037325254785585127,-0.11578712689786058,-0.11578712689786058,60.0
2022-09-29,US,23,0.11494053799826574,0,,0,,,,,,
2022-09-30,US,23,0.08706637391761182,0,,0,,,,,,
2022-10-03,US,23,0.06426718099758108,0,,0,,,,,,
2022-10-04,US,23,0.06740470284916401,2,-0.027638812453338713,2,-0.027638812453338713,"ANET,ON",-0.10318988093726938,-0.14982567286236087,-0.14982567286236087,34.0
2022-10-05,US,23,0.03766101371552373,2,-0.05815357285290873,2,-0.05815357285290873,"ANET,ON",-0.16931190787689293,-0.17045369681302464,-0.16198033762876496,6.0
2022-10-06,US,23,0.08843268677990003,2,-0.06734608335880504,2,-0.06734608335880504,"ANET,ON",-0.1302890763628914,-0.1559982872525038,-0.1559982872525038,6.0
2022-10-07,US,23,0.10304312732762197,0,,0,,,,,,
2022-10-10,US,23,0.21351724273888995,0,,0,,,,,,
2022-10-11,US,23,0.2561204100669006,0,,0,,,,,,
2022-10-12,US,23,0.32214201265025066,0,,0,,,,,,
2022-10-13,US,23,0.2303968898465474,0,,0,,,,,,
2022-10-14,US,23,0.2825817699288053,0,,0,,,,,,
2022-10-17,US,23,0.25671026826048565,0,,0,,,,,,
2022-10-18,US,23,0.301372999003393,0,,0,,,,,,
2022-10-19,US,23,0.2542706583778923,0,,0,,,,,,
2022-10-20,US,23,0.2147711590247687,1,0.13262913298574097,1,0.13262913298574097,VRT,0.13262913298574097,0.0,0.0,60.0
2022-10-21,US,23,0.19705943725452396,2,0.14050727020565845,2,0.14050727020565845,"VRT,HPE",0.14050727020565845,-0.034170811181615524,-0.034170811181615524,60.0
2022-10-24,US,23,0.24939960686833845,3,0.1361483503021658,3,0.1361483503021658,"VRT,HPE,MU",0.1361483503021658,-0.08112345707749524,-0.08112345707749524,60.0
2022-10-25,US,23,0.234611078644883,3,0.22183047301291747,3,0.22183047301291747,"VRT,HPE,ASML",0.22183047301291747,-0.06792790267072495,-0.06792790267072495,60.0
2022-10-26,US,23,0.20095625966199115,4,0.15249898296563955,4,0.15249898296563955,"VRT,HPE,ASML,ON",0.12304410652218326,-0.09708978598476045,-0.09165422379659224,54.25
2022-10-27,US,23,0.2399470483563167,3,0.04734950853021266,3,0.04734950853021266,"VRT,HPE,ANET",0.014131582375961424,-0.09084116435158925,-0.09084116435158925,54.0
2022-10-28,US,23,0.19903925308560091,6,0.1190338029759438,6,0.1190338029759438,"HPE,VRT,DELL,ASML,ANET,ON",0.09944260761862422,-0.08496140480573043,-0.08496140480573043,56.666666666666664
2022-10-31,US,23,0.1569516244982778,3,0.03383646231634415,3,0.03383646231634415,"HPE,VRT,ANET",0.002379378438704801,-0.09603550039723485,-0.09603550039723485,53.333333333333336
2022-11-01,US,23,0.17682977341618517,5,0.0711395515177116,5,0.0711395515177116,"HPE,ANET,VRT,LRCX,DELL",0.0488011732663979,-0.08507923382272571,-0.08507923382272571,55.8
2022-11-02,US,23,0.29373817378634476,3,0.09812384590379149,3,0.09812384590379149,"ANET,HPE,VRT",0.09812384590379149,-0.07331193385256556,-0.07331193385256556,60.0
2022-11-03,US,23,0.27536143220158776,4,0.06378261919684114,4,0.06378261919684114,"SMCI,ANET,VRT,HPE",0.019653802547896893,-0.1053989846870784,-0.1053989846870784,55.5
2022-11-04,US,23,0.23424686859987248,10,0.17092405492377077,10,0.17092405492377077,"LRCX,ANET,KLAC,SMCI,AMAT,HPE,DELL,NVDA,VRT,MU",0.14117604015968283,-0.06355565675114036,-0.06355565675114036,55.6
2022-11-07,US,23,0.18544352419939517,10,0.16175174632410952,10,0.1500075627450204,"LRCX,KLAC,AMAT,ANET,DELL,SMCI,HPE,NVDA,ASML,TXN",0.14685194519209177,-0.05781613390962942,-0.05781613390962942,58.0
2022-11-08,US,23,0.23319853826613585,10,0.2117895184326109,10,0.20695441529473052,"LRCX,KLAC,AMAT,DELL,ASML,SMCI,NVDA,ANET,TXN,HPE",0.2117895184326109,-0.04091245502071326,-0.04091245502071326,60.0
2022-11-09,US,23,0.17111035952461842,10,0.0942271196144168,10,0.14096357944421242,"LRCX,KLAC,AMAT,SMCI,ASML,DELL,VRT,TXN,HPE,ANET",0.05756638949991795,-0.07865296076733166,-0.07388753990723626,53.0
2022-11-10,US,23,0.1332303020199029,10,0.13063881898429563,10,0.12007443219030105,"LRCX,KLAC,AMAT,ASML,DELL,NVDA,ADI,TXN,AVGO,HPE",0.1072965515361625,-0.05831174560508799,-0.05831174560508799,57.1
2022-11-11,US,23,0.09524903801291726,10,0.11100500942224774,10,0.08771016582285428,"LRCX,AMAT,KLAC,TSM,ASML,DELL,HPE,NVDA,TXN,ADI",0.09087053101876894,-0.07464747148892446,-0.07336903455418398,56.8
2022-11-14,US,23,0.0782882861217251,10,0.08411201155890355,10,0.06705250934769565,"KLAC,ASML,TSM,AMAT,LRCX,HPE,NVDA,AMD,DELL,TXN",-0.025680771311742824,-0.12175069165607914,-0.117561025035846,46.9
2022-11-15,US,23,0.1307093733774915,10,0.1625734461501889,10,0.16549398316631786,"TSM,KLAC,ASML,AMAT,LRCX,COHR,HPE,AMD,NVDA,ADI",0.10442675035956506,-0.09268480865213131,-0.08886975197304577,53.2
2022-11-16,US,23,0.15928757496957496,10,0.1958436969189157,10,0.19150071719713355,"TSM,ASML,KLAC,AMAT,HPE,AMD,NVDA,ADI,AVGO,TXN",0.1958436969189157,-0.047727853920693133,-0.047727853920693133,60.0
2022-11-17,US,23,0.08592812516983872,10,0.08549893277024434,10,0.099054472427393,"TSM,ASML,KLAC,HPE,AMD,SMCI,AMAT,ADI,AVGO,TXN",0.034611658735762184,-0.09030554702109336,-0.0899858454092644,54.7
2022-11-18,US,23,0.09618679429755073,10,0.10175595998471601,10,0.1160401777393428,"TSM,ASML,HPE,KLAC,AMD,ADI,AVGO,ANET,SMCI,AMAT",0.05875939062617199,-0.07953489059005936,-0.07953489059005936,55.0
2022-11-21,US,23,0.057907101591324076,10,0.06305357795482544,10,0.07869366410336738,"TSM,ASML,KLAC,HPE,AVGO,ANET,AMD,AMAT,ADI,SMCI",0.02500243433733037,-0.08330096417432598,-0.08330096417432598,54.9
2022-11-22,US,23,0.03520761120413435,10,0.0289072923258344,10,0.0432900728039457,"TSM,ASML,ADI,KLAC,AVGO,DELL,AMD,HPE,TXN,AMAT",0.011025313386831815,-0.08274523137012764,-0.08071847285906657,56.1
2022-11-23,US,23,0.062122234751905654,10,0.08890656078951063,10,0.09483047679071797,"TSM,ASML,KLAC,AVGO,ADI,DELL,HPE,AMD,SMCI,NVDA",0.04745069134695691,-0.102153982143144,-0.09501779015896436,53.2
2022-11-25,US,23,0.061054546453186205,10,0.09059045347748826,10,0.09454857398882917,"TSM,SMCI,ASML,DELL,AVGO,HPE,ADI,KLAC,AMD,NVDA",0.05500159024078431,-0.09043634441924944,-0.08215419597941628,51.8
2022-11-28,US,23,0.07775783094695057,10,0.10496554703381795,10,0.11208376827746806,"TSM,SMCI,ASML,AVGO,DELL,HPE,KLAC,ADI,AMD,NVDA",0.0651618115222167,-0.08454407011622744,-0.07620941373756128,51.6
2022-11-29,US,23,0.08434145614945496,10,0.0542275994559779,10,0.10546452817353336,"TSM,SMCI,ASML,AVGO,DELL,ADI,KLAC,AMD,HPE,ANET",-0.011713010080379626,-0.09127011271419908,-0.08612788076671549,49.9
2022-11-30,US,23,0.029743513149789652,10,0.0004619255034371439,10,0.07386544433907115,"HPE,AVGO,TSM,ASML,ADI,KLAC,DELL,AMD,ANET,MRVL",-0.04155274510404779,-0.13207803940268717,-0.11239979643172889,46.0
2022-12-01,US,23,0.06575159370883821,10,0.06251091678910468,10,0.09818005343228092,"HPE,AVGO,ASML,TSM,ADI,NVDA,ANET,QCOM,KLAC,DELL",-0.011610875131669451,-0.10067978729534603,-0.10067978729534603,51.9
2022-12-02,US,23,0.06817899147737165,10,0.08127288543653242,10,0.11774532215462016,"HPE,AVGO,ASML,TSM,NVDA,KLAC,ADI,DELL,QCOM,AMD",-0.003916120851682659,-0.1010382610230566,-0.10071628624441427,51.2
2022-12-05,US,23,0.06700876299960222,10,0.08834829921527598,10,0.12376138956492307,"TSM,HPE,ASML,KLAC,ADI,NVDA,AVGO,QCOM,TXN,AMAT",0.03292834155528657,-0.08986228719487917,-0.08986228719487917,55.6
2022-12-06,US,23,0.08597630866408794,10,0.10843666783227221,10,0.13541014496269632,"HPE,ADI,ASML,KLAC,TSM,AVGO,SMCI,NVDA,AMAT,DELL",0.07657826075262618,-0.07678834211209697,-0.07678834211209697,56.9
2022-12-07,US,23,0.0985664674236516,10,0.12787171068090508,10,0.14743917139284382,"ASML,KLAC,HPE,ADI,TSM,AMAT,NVDA,SMCI,AVGO,TXN",0.09220292087198785,-0.08541952313047949,-0.08541952313047949,56.8
2022-12-08,US,23,0.06027652587878185,10,0.09666703596940678,10,0.0984594741902586,"KLAC,NVDA,HPE,ADI,ASML,AMAT,MPWR,TSM,AVGO,TXN",0.041245105346719824,-0.09214466239451177,-0.09214466239451177,55.2
2022-12-09,US,23,0.044372020181557,10,0.08400616619988792,10,0.08363898373888988,"AVGO,NVDA,KLAC,ADI,MPWR,HPE,AMAT,TSM,ASML,TXN",0.0309972376494576,-0.08754133465590519,-0.08754133465590519,55.1
2022-12-12,US,23,-0.027111063897310602,10,0.015912655431501256,10,0.004577485626456601,"AVGO,NVDA,KLAC,ADI,MPWR,HPE,AMAT,ASML,LRCX,SMCI",-0.10956469418031536,-0.15926079326659023,-0.13927959704507079,28.7
2022-12-13,US,23,0.02558208301776278,10,0.06544139903946895,10,0.07783956328629436,"AVGO,NVDA,ADI,KLAC,ASML,MPWR,AMAT,LRCX,COHR,HPE",-0.07008283118092604,-0.13370920796511712,-0.133263254575701,34.8
2022-12-14,US,23,0.04546766943846729,10,0.08861296651475889,10,0.06762207467901223,"AVGO,KLAC,NVDA,MPWR,ADI,ASML,LRCX,AMAT,HPE,SMCI",0.0055954653019027025,-0.11449735861842691,-0.11449735861842691,51.1
2022-12-15,US,23,0.1273984196326037,10,0.15912261378075282,10,0.1692185573871042,"AVGO,NVDA,KLAC,MPWR,ADI,HPE,LRCX,AMAT,ASML,TXN",0.09025427651038731,-0.0760833673294755,-0.0760833673294755,54.7
2022-12-16,US,23,0.11883370740321834,10,0.15270812263541533,10,0.15270812263541533,"AVGO,NVDA,ADI,KLAC,AMAT,MPWR,LRCX,HPE,ASML,TXN",0.0843874705074585,-0.07683913242269737,-0.07683913242269737,54.7
2022-12-19,US,23,0.15667357459261844,10,0.17277600569258797,10,0.17514681682192493,"AVGO,KLAC,NVDA,ADI,AMAT,LRCX,HPE,ASML,TXN,SMCI",0.17277600569258797,-0.06782617354333113,-0.06782617354333113,60.0
2022-12-20,US,23,0.1531116335447184,10,0.16765887234912855,10,0.16765887234912855,"AVGO,KLAC,SMCI,HPE,NVDA,AMAT,ADI,LRCX,ASML,TXN",0.12399438692378653,-0.07884685252409893,-0.07884685252409893,55.9
2022-12-21,US,23,0.1518325210697365,10,0.2043326927637243,10,0.2043326927637243,"AVGO,KLAC,ADI,AMAT,NVDA,LRCX,MPWR,HPE,SMCI,ASML",0.2043326927637243,-0.07452203517820478,-0.07452203517820478,60.0
2022-12-22,US,23,0.20894566617399835,9,0.24895130951765973,9,0.24895130951765973,"AVGO,HPE,SMCI,ADI,KLAC,NVDA,ASML,TSM,AMAT",0.24895130951765973,-0.049795760589772135,-0.049795760589772135,60.0
2022-12-23,US,23,0.18605431730275612,9,0.22529482827546662,9,0.22529482827546657,"AVGO,HPE,SMCI,KLAC,ADI,NVDA,ASML,TSM,AMAT",0.22529482827546662,-0.05065652582693006,-0.05065652582693006,60.0
2022-12-27,US,23,0.19915777502667287,7,0.14829125543593122,7,0.14829125543593122,"AVGO,HPE,SMCI,ADI,KLAC,TSM,ASML",0.14829125543593122,-0.04579586764409168,-0.04579586764409168,60.0
2022-12-28,US,23,0.17684088312038276,7,0.12873041644573274,7,0.12873041644573274,"AVGO,SMCI,HPE,KLAC,ADI,ASML,TSM",0.12873041644573274,-0.040882030473058974,-0.040882030473058974,60.0
2022-12-29,US,23,0.21196993059827896,10,0.16277163551844948,10,0.16277163551844948,"AVGO,HPE,KLAC,SMCI,ADI,TSM,DELL,LRCX,ASML,AMAT",0.16277163551844948,-0.03493058907102655,-0.03493058907102655,60.0
2022-12-30,US,23,0.18846993318576732,10,0.1292428456958365,10,0.12924284569583647,"AVGO,COHR,HPE,SMCI,DELL,ADI,KLAC,LRCX,TSM,AMAT",0.1292428456958365,-0.06187986931186239,-0.06187986931186239,60.0
2023-01-03,US,23,0.20882245386535042,10,0.13786059533898998,10,0.13786059533898998,"HPE,AVGO,DELL,COHR,SMCI,KLAC,ADI,ASML,TSM,AMAT",0.09651387354336093,-0.05671045710646825,-0.05671045710646825,55.1
2023-01-04,US,23,0.2180392020114399,10,0.17712499008652877,10,0.1611426209408046,"HPE,AVGO,COHR,DELL,TXN,ADI,ASML,TSM,SMCI,MPWR",0.17712499008652877,-0.04678388964421938,-0.04678388964421938,60.0
2023-01-05,US,23,0.1900070531983413,10,0.10245002258059532,10,0.08941921750616497,"HPE,MU,DELL,AVGO,COHR,ASML,TXN,TSM,SMCI,KLAC",0.09014630497301987,-0.050476971925508284,-0.04988289120552828,58.5
2023-01-06,US,23,0.11585691401523436,10,0.02716621508652751,10,0.041809151338171056,"HPE,AVGO,MU,DELL,INTC,TXN,COHR,ASML,KLAC,TSM",0.015906230141881927,-0.07929131093153584,-0.0787120561755674,58.3
2023-01-09,US,23,0.10385900620193952,10,0.01656169184454721,10,0.01656169184454721,"INTC,HPE,COHR,ASML,DELL,MU,TSM,TXN,KLAC,AVGO",0.005856435286677153,-0.08060402347153937,-0.08001439213513385,58.3
2023-01-10,US,23,0.11516616146895631,10,0.021438054204886602,10,0.02630078824850659,"ASML,INTC,COHR,HPE,MU,DELL,TSM,KLAC,TXN,AMAT",-0.020913575677646845,-0.08962659518641185,-0.08904341666228001,55.3
2023-01-11,US,23,0.09382972503949698,10,0.028426835214961775,10,0.03167338534940417,"ASML,INTC,COHR,MU,TSM,KLAC,HPE,AMAT,TXN,MPWR",-0.009915067307573699,-0.08945110891254973,-0.08885482666416619,55.0
2023-01-12,US,23,0.08376899227459018,10,0.04423347295268162,10,0.06921340938380659,"TSM,ASML,INTC,KLAC,MU,MPWR,AMAT,QCOM,LRCX,TXN",0.02237998529531816,-0.05328485070572618,-0.05328485070572618,56.9
2023-01-13,US,23,0.07944038899087383,10,0.07382504119088615,10,0.05707420658524669,"ASML,TSM,INTC,KLAC,LRCX,AMAT,MPWR,TXN,MU,AMD",0.051746935326986085,-0.06075366416326179,-0.06075366416326179,56.8
2023-01-17,US,23,0.05773368933725001,10,0.09498498404822994,10,0.08700713019954025,"TSM,ASML,NVDA,INTC,MPWR,LRCX,AMD,KLAC,AMAT,MRVL",0.07135821385333632,-0.07823212797234817,-0.07823212797234817,56.8
2023-01-18,US,23,0.09430247746698622,10,0.09203537677867714,10,0.13235378974132725,"TSM,ASML,NVDA,QCOM,MPWR,AMAT,KLAC,LRCX,MU,MRVL",0.09203537677867714,-0.04416214199813114,-0.04416214199813114,60.0
2023-01-19,US,23,0.11272527892288003,10,0.11060361881516298,10,0.11929459521023815,"TSM,ASML,NVDA,MU,MPWR,AMAT,LRCX,QCOM,INTC,KLAC",0.11060361881516298,-0.039183033488730035,-0.039183033488730035,60.0
2023-01-20,US,23,0.06002127702810593,10,0.05942773361502303,10,0.08205722519581456,"TSM,NVDA,ASML,MU,QCOM,LRCX,AMAT,MPWR,KLAC,INTC",0.05942773361502303,-0.05694618047780666,-0.05694618047780666,60.0
2023-01-23,US,23,0.03013927303566176,10,0.06049929909049913,10,0.06375642386944705,"TSM,NVDA,ASML,QCOM,MU,MPWR,AMD,AMAT,LRCX,MRVL",0.06049929909049913,-0.06590952220741049,-0.06590952220741049,60.0
2023-01-24,US,23,0.0303852739523905,10,0.0669329211982089,10,0.07713209475669347,"TSM,NVDA,QCOM,ASML,MU,MPWR,LRCX,AMAT,MRVL,AMD",0.0669329211982089,-0.05020863145539486,-0.05020863145539486,60.0
2023-01-25,US,23,-0.00550924247228696,10,0.00999371027498761,10,0.022419964160823945,"NVDA,QCOM,ASML,MU,TSM,MPWR,ON,AMAT,LRCX,MRVL",0.00999371027498761,-0.08078818260436452,-0.08078818260436452,60.0
2023-01-26,US,23,-0.022196157012625277,10,-0.016919697454846016,10,-0.016919697454846016,"NVDA,QCOM,MU,ON,TSM,ASML,MRVL,MPWR,AMAT,LRCX",-0.016919697454846016,-0.07851450386400025,-0.07851450386400025,60.0
2023-01-27,US,23,-0.003255134208939699,10,0.03938059551744505,10,0.01941068322825702,"NVDA,MU,QCOM,ON,TSM,MRVL,ANET,MPWR,ASML,AMD",0.03938059551744505,-0.07246545481457621,-0.07246545481457621,60.0
2023-01-30,US,23,0.02720824707782833,10,0.05319264343064243,10,0.05319264343064243,"QCOM,TSM,NVDA,MU,ON,MRVL,LRCX,MPWR,AMD,ASML",0.05319264343064243,-0.05278467608176366,-0.05278467608176366,60.0
2023-01-31,US,23,0.027391850509474854,10,0.07005657834677578,10,0.04011430027579619,"QCOM,ON,NVDA,ANET,LRCX,TSM,MPWR,MRVL,AMD,ADI",0.07005657834677578,-0.05143635564895579,-0.05143635564895579,60.0
2023-02-01,US,23,-0.021960123239215507,10,0.031471492473289744,10,-0.01016243838184121,"AMD,ON,QCOM,NVDA,ANET,LRCX,MPWR,MRVL,AMAT,ADI",0.025571503289883744,-0.08447744697528324,-0.0819120668223953,53.2
2023-02-02,US,23,-0.033483218232770326,10,0.008864817664819924,10,-0.015516965931754546,"ON,AMD,NVDA,MRVL,ANET,MPWR,LRCX,AMAT,ADI,TSM",0.005555935538280854,-0.08297302252632265,-0.08076702955926128,56.5
2023-02-03,US,23,-0.015504084737667888,10,0.008083726837385573,10,-0.004895649642888566,"ON,AMD,ANET,NVDA,LRCX,MRVL,ADI,MPWR,QCOM,AMAT",0.004624331823529981,-0.06925316300995756,-0.0669911680184898,56.4
2023-02-06,US,23,-0.020603828630567023,10,0.003970697769584986,10,-0.012979829728863168,"ON,NVDA,AMD,ANET,LRCX,ADI,MPWR,MRVL,AVGO,QCOM",0.0029152038425660277,-0.0777855543588987,-0.07551212929879413,56.4
2023-02-07,US,23,-0.02099572188557402,10,-0.0021003742943578874,10,-0.022324657532880533,"ON,NVDA,ANET,AMD,ADI,LRCX,MPWR,AVGO,MRVL,QCOM",-0.01600044966756222,-0.10436881220352034,-0.09614810261354906,54.8
2023-02-08,US,23,-0.026933973656444777,10,0.0919235068849241,10,-0.045858265174153104,"ANET,ON,NVDA,AMD,MPWR,SMCI,ADI,LRCX,DELL,AVGO",0.0788095341665523,-0.0881442374457587,-0.08770960805541453,59.2
2023-02-09,US,23,-0.019359303939886482,10,0.07923076013815801,10,0.03868445144593833,"MPWR,ON,ANET,NVDA,SMCI,ADI,AMD,TSM,DELL,LRCX",0.07147764577989234,-0.08423747486733504,-0.08184876404629979,59.0
2023-02-10,US,23,-0.01121077531081329,10,0.07245757932557048,10,0.07861807801447314,"ON,MPWR,SMCI,ANET,DELL,ADI,NVDA,AMD,HPE,TSM",0.05819822206794276,-0.09393867424102822,-0.09149191194392627,55.0
2023-02-13,US,23,-0.02323802244453754,10,0.05828318963910989,10,0.0430006492071448,"MPWR,ON,ANET,SMCI,DELL,ADI,NVDA,HPE,AMD,TSM",0.030417939686963425,-0.09786021309852883,-0.09418787894686036,50.3
2023-02-14,US,23,-0.032176818990288646,10,0.028217003168798282,10,0.013021634940414861,"MPWR,ANET,ON,SMCI,NVDA,ADI,AMD,DELL,TSM,MRVL",0.01342867844412452,-0.12627926654292482,-0.12116637923049245,54.1
2023-02-15,US,23,0.0004361437898508248,10,0.052406277028183436,10,0.07379986858672583,"ADI,MPWR,ANET,ON,SMCI,NVDA,AMD,DELL,HPE,MRVL",0.02577142373222535,-0.12436998190099655,-0.11918029337927485,49.7
2023-02-16,US,23,0.011948682453471818,10,0.0058721802961537615,10,0.07145485914794177,"ADI,SMCI,ANET,MPWR,ON,NVDA,DELL,COHR,HPE,MRVL",0.007283663423415676,-0.15079876646489032,-0.1256626641117342,45.0
2023-02-17,US,23,0.07115117717978012,10,0.08113654806177398,10,0.1591477527621596,"ADI,SMCI,MPWR,ANET,ON,DELL,COHR,NVDA,HPE,AVGO",0.0983752329271134,-0.11430055056192825,-0.09139573706862147,54.8
2023-02-21,US,23,0.12071076003433687,10,0.18980411244397646,10,0.2234190165741679,"ADI,SMCI,MPWR,ANET,DELL,ON,NVDA,COHR,AMD,AMAT",0.19501279199356641,-0.08495410862103256,-0.06385684024960381,54.8
2023-02-22,US,23,0.09213894958702352,10,0.1006334802017805,10,0.16024198954358065,"ADI,VRT,MPWR,SMCI,ANET,DELL,NVDA,ON,COHR,MRVL",0.07544877791299717,-0.13410453062820643,-0.10360894710693187,45.4
2023-02-23,US,23,0.11767993377513511,10,0.1516518720422005,10,0.1881873794301024,"NVDA,SMCI,VRT,ADI,MPWR,ANET,COHR,DELL,MRVL,AMD",0.10973971649658028,-0.11789622873316788,-0.08844624215893485,45.1
2023-02-24,US,23,0.0807350978180225,10,0.10915192326037233,10,0.1415699586511656,"SMCI,NVDA,VRT,ADI,ANET,MPWR,DELL,COHR,MRVL,AMD",0.07651163607330275,-0.1327374819928721,-0.10238381714460201,44.5
2023-02-27,US,23,0.08195602799441729,10,0.11574835013079614,10,0.1474173284339833,"SMCI,NVDA,ANET,VRT,ADI,MPWR,MRVL,COHR,AVGO,AMD",0.08660079598215939,-0.11452261051286934,-0.08936224221589772,47.6
2023-02-28,US,23,0.1644611387681522,10,0.2122920825853029,10,0.2719020408063243,"SMCI,NVDA,VRT,ANET,ADI,AMAT,MPWR,MRVL,AVGO,COHR",0.14550219795224242,-0.1261270748489488,-0.09583134450666496,43.7
2023-03-01,US,23,0.2674421168740321,10,0.33818680009247054,10,0.3927282182355648,"SMCI,VRT,NVDA,ANET,AMAT,ADI,MRVL,MPWR,AVGO,COHR",0.2082937579592649,-0.11490035660512596,-0.08587715130382839,43.6
2023-03-02,US,23,0.25672557755433184,10,0.4181527990060415,10,0.3714269500969517,"SMCI,NVDA,AMAT,MRVL,ADI,VRT,MPWR,AVGO,ANET,AMD",0.35181207362503153,-0.08243749501633739,-0.07266873738904524,53.4
2023-03-03,US,23,0.19541508985049905,10,0.23375475381032804,10,0.23898693794684167,"AVGO,NVDA,SMCI,VRT,MPWR,AMAT,ANET,ADI,COHR,TXN",0.18842469736270848,-0.1314466610614214,-0.09851105684391039,47.6
2023-03-06,US,23,0.2453751817818562,10,0.3109523004345769,10,0.2763005121696236,"AVGO,ANET,NVDA,SMCI,AMAT,VRT,ADI,MPWR,AMD,COHR",0.2476477214478537,-0.1163270219823811,-0.0881065853630805,47.7
2023-03-07,US,23,0.2544295465932155,10,0.324819062092075,10,0.324819062092075,"AVGO,ANET,SMCI,NVDA,AMD,ADI,AMAT,VRT,MPWR,ON",0.26421440204735586,-0.09032667750848525,-0.08055650176240256,52.8
2023-03-08,US,23,0.2135690307301932,10,0.26001975119725185,10,0.28912430651328236,"ANET,AVGO,NVDA,SMCI,AMD,AMAT,ON,TXN,ADI,MPWR",0.2269412033866025,-0.09482753072716953,-0.0918714614357591,55.4
2023-03-09,US,23,0.25173178787245964,10,0.32419044725139756,10,0.32249740998026244,"ANET,AVGO,AMD,NVDA,SMCI,AMAT,ON,TXN,LRCX,ADI",0.3017118511010545,-0.06613591196838886,-0.06613591196838886,57.4
2023-03-10,US,23,0.31605548808021067,10,0.3836958036375993,10,0.3836958036375993,"ANET,AVGO,AMD,NVDA,AMAT,SMCI,ON,ADI,LRCX,MPWR",0.3836958036375993,-0.04133286229252259,-0.04133286229252259,60.0
2023-03-13,US,23,0.2998542936009785,10,0.1854496004269613,10,0.3625835815183322,"ANET,AVGO,AMD,NVDA,TXN,AMAT,MPWR,ADI,ON,TSM",0.16701322008026034,-0.07553867977114329,-0.07299244236588152,57.8
2023-03-14,US,23,0.329981759914264,10,0.2076746736694977,10,0.36640262720958916,"ANET,INTC,AVGO,AMD,AMAT,NVDA,TXN,LRCX,ON,ADI",0.2076746736694977,-0.05299492174557643,-0.05299492174557643,60.0
2023-03-15,US,23,0.370683503013137,10,0.24507697376340704,10,0.4145907340066432,"ANET,INTC,AMD,NVDA,AVGO,AMAT,TXN,LRCX,ON,ADI",0.24507697376340704,-0.055030810128854725,-0.055030810128854725,60.0
2023-03-16,US,23,0.3210055396660842,10,0.21263570960177178,10,0.3477919349421815,"INTC,ANET,AMD,NVDA,AVGO,LRCX,AMAT,TXN,TSM,ASML",0.14759555740301977,-0.08382001258749665,-0.08382001258749665,54.5
2023-03-17,US,23,0.35470041046658396,10,0.24066450746662543,10,0.3850958121183119,"ANET,AMD,INTC,NVDA,AMAT,AVGO,LRCX,ASML,TXN,TSM",0.17221942954351718,-0.08109634385441308,-0.08109634385441308,54.3
2023-03-20,US,23,0.3211310905574765,10,0.21445270825511892,10,0.34451049312614374,"ANET,AMD,INTC,NVDA,AVGO,AMAT,LRCX,TXN,ASML,TSM",0.1533788889751051,-0.0893447243688508,-0.0893447243688508,54.1
2023-03-21,US,23,0.3060433622101993,10,0.2988910732186894,10,0.30717508738599625,"ANET,AMD,NVDA,SMCI,TSM,INTC,AVGO,TXN,MU,ASML",0.2853572386322233,-0.08672162427949562,-0.08672162427949562,56.9
2023-03-22,US,23,0.2959898160974595,10,0.28009390519162747,10,0.27013379494236617,"ANET,AMD,SMCI,NVDA,TSM,INTC,AVGO,ASML,LRCX,MU",0.12413507601896556,-0.0986890145798999,-0.09651010403517227,49.4
2023-03-23,US,23,0.26290031284953047,10,0.24763904071002546,10,0.23873411425088573,"ANET,AMD,NVDA,SMCI,TSM,MU,ASML,INTC,LRCX,AVGO",0.10108645499513125,-0.10063441482587998,-0.09843639103075999,49.1
2023-03-24,US,23,0.2767991875812133,10,0.2341533005584444,10,0.2571372072185113,"ANET,NVDA,MU,AMD,INTC,SMCI,TSM,AVGO,QCOM,ASML",0.06876428010992404,-0.11117904865138258,-0.10835162543014483,46.2
2023-03-27,US,23,0.26311717428208004,10,0.19142959110437532,10,0.23728165872883303,"ANET,NVDA,SMCI,AMD,INTC,MU,ASML,QCOM,TSM,TXN",0.0358847137164251,-0.10190964814281649,-0.10142880090290574,46.3
2023-03-28,US,23,0.25175906240950696,10,0.2248017082775041,10,0.2248017082775041,"NVDA,ANET,INTC,AMD,MU,ASML,TSM,TXN,SMCI,AVGO",0.1882666051522887,-0.0916566903489818,-0.0916566903489818,52.9
2023-03-29,US,23,0.2552609040152798,10,0.1081223001052328,10,0.14800473957729574,"INTC,MU,NVDA,ASML,ANET,AMD,TSM,QCOM,TXN,LRCX",0.05610719219782009,-0.121916190020477,-0.11911866284052079,49.2
2023-03-30,US,23,0.2551507549434644,10,0.10476410058406174,10,0.15136100331464886,"INTC,HPE,MU,NVDA,ASML,TXN,QCOM,ADI,LRCX,AMD",0.06707027731788265,-0.10895843636805362,-0.10615149243217425,52.7
2023-03-31,US,23,0.24712024426373147,10,0.11388352362337187,10,0.21174679343809816,"INTC,HPE,NVDA,ASML,TXN,ADI,ANET,QCOM,DELL,MRVL",0.07422884959579498,-0.12197799144411323,-0.11917852158227626,50.2
2023-04-03,US,23,0.26053796536310103,10,0.23084374444603156,10,0.21787742189981327,"HPE,INTC,NVDA,DELL,ADI,ASML,SMCI,ANET,TXN,KLAC",0.042602128062582754,-0.12546566084907546,-0.12533214850477767,45.4
2023-04-04,US,23,0.3099255060592181,10,0.2749037273504502,10,0.29239733673229645,"HPE,INTC,DELL,NVDA,ADI,ASML,ANET,SMCI,TSM,AMD",0.24101493327678164,-0.1108208583229037,-0.1108208583229037,53.5
2023-04-05,US,23,0.32227413732961685,10,0.30555911263815094,10,0.2913417313355944,"HPE,INTC,DELL,ASML,NVDA,SMCI,ADI,ANET,AVGO,TXN",0.27252729490534505,-0.08057402703804188,-0.08057402703804188,53.4
2023-04-06,US,23,0.31082241471901534,10,0.28074134363962083,10,0.28074134363962083,"INTC,HPE,DELL,NVDA,ASML,TXN,ADI,SMCI,AMD,ANET",0.24987203398840627,-0.08617009016119206,-0.08617009016119206,53.2
2023-04-10,US,23,0.2745118222949979,10,0.24043204321045603,10,0.26561357830473675,"HPE,DELL,INTC,MU,NVDA,ASML,ADI,SMCI,TXN,AMD",0.1939895457552076,-0.10216506564189638,-0.10216506564189638,53.0
2023-04-11,US,23,0.3014553400948279,10,0.27395939165861627,10,0.29179363653785284,"DELL,HPE,INTC,MU,NVDA,ASML,TXN,ADI,LRCX,SMCI",0.25770652084713447,-0.09025125574665718,-0.09025125574665718,57.2
2023-04-12,US,23,0.3320964675882354,10,0.2708434753115728,10,0.2883730153058899,"DELL,HPE,INTC,MU,SMCI,ASML,NVDA,ADI,TXN,ANET",0.25544940178396924,-0.0909881585620328,-0.0909881585620328,55.4
2023-04-13,US,23,0.34104813112832033,10,0.28019548460513954,10,0.2801954846051395,"DELL,HPE,INTC,MU,ASML,SMCI,ANET,ADI,TXN,NVDA",0.26257637896361397,-0.0981639458107731,-0.0981639458107731,55.3
2023-04-14,US,23,0.38960774575989027,10,0.3234053751522111,10,0.32340537515221124,"DELL,HPE,MU,INTC,ASML,SMCI,TXN,NVDA,ADI,ANET",0.3030577393189791,-0.09291287728887147,-0.09291287728887147,55.2
2023-04-17,US,23,0.34537949614857666,10,0.3246464998962696,10,0.30890960076933177,"DELL,HPE,INTC,MU,SMCI,NVDA,TXN,ADI,MPWR,AVGO",0.09498851654063276,-0.10499719560095018,-0.10240580937845296,46.8
2023-04-18,US,23,0.39550614862431543,10,0.3767234721422367,10,0.336473912739954,"DELL,SMCI,NVDA,HPE,INTC,MU,ON,AVGO,TXN,ADI",0.19407265752312622,-0.08488384203050664,-0.08488384203050664,54.5
2023-04-19,US,23,0.4179494053082987,10,0.41365799972624745,10,0.41365799972624745,"DELL,NVDA,AVGO,SMCI,MU,ADI,INTC,TXN,ANET,AMD",0.41365799972624745,-0.0750061778036753,-0.0750061778036753,60.0
2023-04-20,US,23,0.39835714118449195,10,0.41978093379673254,10,0.41978093379673265,"DELL,LRCX,AVGO,MU,NVDA,SMCI,ADI,INTC,AMD,ANET",0.41978093379673254,-0.07226015103653236,-0.07226015103653236,60.0
2023-04-21,US,23,0.3706278641695035,10,0.4126958183057747,10,0.39873641183894576,"DELL,LRCX,AVGO,MU,NVDA,SMCI,TXN,ADI,ANET,AMD",0.4126958183057747,-0.05808195423936176,-0.05808195423936176,60.0
2023-04-24,US,23,0.38906223842472537,10,0.43090183798939,10,0.43090183798939,"DELL,AVGO,LRCX,NVDA,ADI,MU,SMCI,ANET,AMD,INTC",0.4056112517076171,-0.053514763523985334,-0.053514763523985334,54.7
2023-04-25,US,23,0.4095261574609445,4,0.3750308880562699,4,0.3750308880562699,"DELL,AVGO,NVDA,ANET",0.3120467610721429,-0.04408829324320179,-0.04408829324320179,46.5
2023-04-26,US,23,0.4332925781360702,6,0.3096247277774754,6,0.3096247277774754,"DELL,MU,NVDA,AVGO,ANET,INTC",0.26500196210006705,-0.037441588369117575,-0.037441588369117575,50.833333333333336
2023-04-27,US,23,0.38706805545953793,9,0.308179270554082,9,0.308179270554082,"VRT,DELL,LRCX,KLAC,MU,NVDA,AVGO,ANET,INTC",0.308179270554082,-0.04478130104588973,-0.04478130104588973,60.0
2023-04-28,US,23,0.3843342317989983,10,0.49698033241708417,10,0.4969803324170843,"VRT,MU,DELL,LRCX,KLAC,NVDA,SMCI,AVGO,ANET,INTC",0.48086375501018425,-0.04828057849602927,-0.04828057849602927,54.2
2023-05-01,US,23,0.405371981025552,10,0.5337793877132564,10,0.5293069066042129,"VRT,NVDA,DELL,LRCX,AVGO,KLAC,MU,ANET,SMCI,AMD",0.5337793877132564,-0.038878443967338625,-0.038878443967338625,60.0
2023-05-02,US,23,0.41627437702361114,9,0.5431439333198682,9,0.5431439333198682,"VRT,DELL,NVDA,ON,LRCX,MU,SMCI,AMD,INTC",0.5431439333198682,-0.028755894383051334,-0.028755894383051334,60.0
2023-05-03,US,23,0.4350458335704486,7,0.5621998366246774,7,0.5621998366246774,"SMCI,VRT,DELL,NVDA,LRCX,MU,INTC",0.5621998366246774,-0.025770536227968432,-0.025770536227968432,60.0
2023-05-04,US,23,0.40161042501290145,7,0.5734916030815159,7,0.573491603081516,"SMCI,VRT,DELL,INTC,NVDA,LRCX,MU",0.5734916030815159,-0.026655029042289256,-0.026655029042289256,60.0
2023-05-05,US,23,0.3808477334880778,10,0.48515337988707474,10,0.48479210506667236,"SMCI,VRT,DELL,ON,NVDA,LRCX,KLAC,ASML,AVGO,INTC",0.48515337988707474,-0.028116019183176855,-0.028116019183176855,60.0
2023-05-08,US,23,0.40996992957334305,10,0.5213981420670585,10,0.5213981420670585,"SMCI,DELL,VRT,NVDA,AMD,ON,ASML,LRCX,KLAC,AVGO",0.5213981420670585,-0.011075616718370474,-0.011075616718370474,60.0
2023-05-09,US,23,0.42502998288319105,10,0.5204245293816863,10,0.5204245293816862,"SMCI,DELL,VRT,AMD,NVDA,ON,ASML,LRCX,MU,AVGO",0.5204245293816863,-0.014665103196242202,-0.014665103196242202,60.0
2023-05-10,US,23,0.40162463104287327,10,0.5305430554936669,10,0.5305430554936669,"SMCI,DELL,VRT,AMD,ASML,NVDA,ON,LRCX,KLAC,AVGO",0.5305430554936669,-0.008502474321950948,-0.008502474321950948,60.0
2023-05-11,US,23,0.34574557271184075,10,0.42858382328104855,10,0.42858382328104855,"SMCI,VRT,AMD,ON,ASML,KLAC,LRCX,NVDA,DELL,AVGO",0.42858382328104855,-0.009604375678980658,-0.009604375678980658,60.0
2023-05-12,US,23,0.3471082609453509,10,0.4243029015645531,10,0.453394342420079,"SMCI,VRT,ON,AMD,AMAT,KLAC,ASML,LRCX,DELL,NVDA",0.4243029015645531,-0.0024094911937377673,-0.0024094911937377673,60.0
2023-05-15,US,23,0.2863846821465454,10,0.3205160777179434,10,0.3605409711076565,"AMAT,SMCI,KLAC,LRCX,MRVL,ON,MU,ASML,VRT,AMD",0.3205160777179434,-0.009874180005283728,-0.009874180005283728,60.0
2023-05-16,US,23,0.3075132308574842,10,0.37877199619208557,10,0.3437407252160637,"SMCI,KLAC,LRCX,AMAT,AMD,ON,MRVL,VRT,NVDA,ASML",0.37877199619208557,-0.006477315656393379,-0.006477315656393379,60.0
2023-05-17,US,23,0.25874854686834214,10,0.20696225799731724,10,0.29313630738264024,"SMCI,AMAT,TSM,KLAC,LRCX,MRVL,ASML,AMD,ON,NVDA",0.20696225799731724,-0.0179362037987185,-0.0179362037987185,60.0
2023-05-18,US,23,0.17630809412659754,10,0.16142452417849157,10,0.2796536266263668,"LRCX,SMCI,AMAT,TSM,KLAC,ASML,MRVL,NVDA,AVGO,AMD",0.16142452417849157,-0.031092240777239565,-0.031092240777239565,60.0
2023-05-19,US,23,0.17712857355847472,10,0.16150015154440064,10,0.2834813341792037,"SMCI,TSM,MRVL,ASML,LRCX,AVGO,KLAC,AMAT,NVDA,MU",0.16150015154440064,-0.02914563696498489,-0.02914563696498489,60.0
2023-05-22,US,23,0.17319345462748922,10,0.17039333522321085,10,0.26541343854253363,"MRVL,ASML,SMCI,AVGO,TSM,LRCX,KLAC,AMAT,NVDA,AMD",0.17039333522321085,-0.021393417005773165,-0.021393417005773165,60.0
2023-05-23,US,23,0.23746325144208147,10,0.24088705037232785,10,0.3208898607636244,"MRVL,SMCI,AVGO,AMD,TSM,LRCX,KLAC,ASML,AMAT,NVDA",0.24088705037232785,-0.005223041413866147,-0.005223041413866147,60.0
2023-05-24,US,23,0.15882348084989137,10,0.19321259832092108,10,0.23824615116398648,"SMCI,MRVL,AVGO,AMD,TSM,VRT,NVDA,LRCX,MU,KLAC",0.19321259832092108,-0.03230032596193373,-0.03230032596193373,60.0
2023-05-25,US,23,0.14464757402517228,10,0.20017497971484605,10,0.19083441561842046,"SMCI,NVDA,AVGO,TSM,MRVL,AMD,VRT,KLAC,ANET,LRCX",0.20017497971484605,-0.0328669488496634,-0.0328669488496634,60.0
2023-05-26,US,23,0.019396460220197743,10,0.06752524112155799,10,0.06484743763698914,"MRVL,AVGO,SMCI,NVDA,AMD,TSM,ANET,VRT,KLAC,LRCX",0.07227639366338415,-0.09659525855836101,-0.09030021178639352,54.9
2023-05-30,US,23,0.07514429362908384,10,0.10999883691415616,10,0.1119067672426356,"MRVL,SMCI,NVDA,ANET,VRT,AVGO,AMD,TSM,KLAC,LRCX",0.10911666415532421,-0.06735067860017531,-0.06735067860017531,60.0
2023-05-31,US,23,0.08655211141232191,10,0.13084878415001283,10,0.1424189938518556,"SMCI,AVGO,MRVL,NVDA,ANET,VRT,LRCX,AMD,TSM,COHR",0.13084878415001283,-0.06159236959889972,-0.06159236959889972,60.0
2023-06-01,US,23,0.08282082687078064,10,0.14019711133678636,10,0.14509808231607915,"SMCI,NVDA,MRVL,AVGO,ANET,VRT,QCOM,KLAC,COHR,TSM",0.14019711133678636,-0.07129768840280665,-0.07129768840280665,60.0
2023-06-02,US,23,0.10323289718928141,10,0.17099572422855838,10,0.17868865177247872,"AVGO,NVDA,SMCI,MRVL,COHR,VRT,KLAC,QCOM,ANET,TSM",0.17099572422855838,-0.054407727282693455,-0.054407727282693455,60.0
2023-06-05,US,23,0.13432163598253286,10,0.20978239312106134,10,0.19675842749481776,"VRT,SMCI,NVDA,AVGO,KLAC,COHR,MRVL,ANET,AMAT,ASML",0.20978239312106134,-0.04316298873353861,-0.04316298873353861,60.0
2023-06-06,US,23,0.12489028314905178,10,0.13198482589273697,10,0.13719549186222815,"SMCI,VRT,NVDA,AMD,QCOM,MRVL,KLAC,COHR,AVGO,TSM",0.12630094634261,-0.08020096265100879,-0.07807244535680577,59.0
2023-06-07,US,23,0.12493093055138083,10,0.1423640728995185,10,0.1597309766702289,"SMCI,VRT,COHR,KLAC,MRVL,HPE,AVGO,QCOM,TSM,AMAT",0.13635363103016918,-0.05394578368005094,-0.05394578368005094,58.8
2023-06-08,US,23,0.09365069487507703,10,0.12647602783883705,10,0.10753808388343895,"SMCI,VRT,KLAC,COHR,AVGO,QCOM,HPE,MRVL,NVDA,AMAT",0.10232624748752284,-0.0640009640069876,-0.06255609708683552,53.4
2023-06-09,US,23,0.0729950060209223,10,0.07112481339843281,10,0.06539646267236215,"SMCI,VRT,QCOM,COHR,TSM,AVGO,HPE,AMD,NVDA,KLAC",0.05446476878736397,-0.0849039014249668,-0.07902542570105006,48.2
2023-06-12,US,23,0.03565892464042375,10,0.033005146733891176,10,0.02974184901993946,"QCOM,VRT,SMCI,AVGO,COHR,TSM,HPE,AMD,AMAT,KLAC",0.017260224688530012,-0.10943061995393619,-0.0990985720948486,45.9
2023-06-13,US,23,0.03710693940844516,10,0.06059053319066785,10,0.03652579410324243,"VRT,QCOM,COHR,HPE,INTC,AVGO,AMAT,NVDA,TSM,KLAC",0.06207881478715681,-0.07686889438136094,-0.07656658386527368,58.4
2023-06-14,US,23,0.018398946341835542,10,0.0194909573448512,10,-0.016337114603489723,"COHR,VRT,INTC,HPE,AVGO,QCOM,NVDA,CRDO,TSM,AMAT",0.016053565745323718,-0.10766475400547346,-0.10348093578295954,55.9
2023-06-15,US,23,0.0009533874893885767,10,0.027498028759143978,10,-0.0032560984464197196,"COHR,VRT,HPE,INTC,NVDA,AVGO,QCOM,CRDO,TSM,DELL",0.050231435828754945,-0.12918378694930052,-0.10039473989512895,51.9
2023-06-16,US,23,0.03309419684748207,10,0.013499207907694554,10,0.03205716915779537,"COHR,HPE,INTC,VRT,NVDA,CRDO,QCOM,AVGO,TSM,AMAT",0.03281175973149157,-0.12581031145204075,-0.09778760746477383,51.8
2023-06-20,US,23,0.012950779685790084,10,0.00021329648689603076,10,0.015579630633043762,"COHR,VRT,NVDA,CRDO,AVGO,HPE,INTC,QCOM,ADI,TSM",0.004595160863753711,-0.11387228749162603,-0.10807219286949048,55.4
2023-06-21,US,23,0.03734518312663931,10,0.08339690151728775,10,0.009739008844282027,"VRT,NVDA,HPE,CRDO,AVGO,DELL,COHR,ADI,INTC,AMAT",0.08494689525401126,-0.07204005537970454,-0.06631991450475147,55.3
2023-06-22,US,23,0.03267023739656001,10,0.06341708473664799,10,0.009404681257455649,"VRT,DELL,NVDA,CRDO,HPE,COHR,AVGO,ADI,AMAT,KLAC",0.06703639498296902,-0.07215995631541637,-0.06373015597556932,55.1
2023-06-23,US,23,0.010297536646027075,10,0.031590003401568666,10,0.006577919508674412,"VRT,DELL,HPE,NVDA,CRDO,COHR,ADI,INTC,AVGO,TSM",0.0384239959920503,-0.08893073025863232,-0.0792082732041482,54.9
2023-06-26,US,23,-0.010409562412251458,10,0.01886740394085592,10,-0.013431927762899542,"DELL,VRT,HPE,AMAT,COHR,ADI,CRDO,INTC,LRCX,MPWR",0.027947376836983718,-0.08857968256662287,-0.07725702810438032,54.8
2023-06-27,US,23,-0.00790299387116157,10,0.015697483344409114,10,-0.00040195802483736773,"DELL,VRT,AMAT,ADI,LRCX,MPWR,CRDO,ON,COHR,KLAC",0.019006657840506612,-0.09990365196983796,-0.0875564958514969,54.5
2023-06-28,US,23,-0.01708717392778667,10,0.02056596621190666,10,0.035771218135578695,"DELL,VRT,AMAT,LRCX,ADI,MPWR,AVGO,COHR,KLAC,ON",0.021510642065708185,-0.09206312717902787,-0.08365191222575684,57.3
2023-06-29,US,23,-0.04226588034369982,10,0.01899809924246586,10,-0.014395087721765554,"DELL,VRT,AMAT,MPWR,AVGO,LRCX,HPE,ON,ADI,KLAC",0.022217453719169854,-0.062024270829840855,-0.05972088734336961,59.6
2023-06-30,US,23,-0.03914085843897966,10,0.004116319180006034,10,0.004658039278424531,"DELL,VRT,ADI,ON,TXN,MPWR,AMAT,KLAC,AVGO,LRCX",0.00810586858273753,-0.07900877433622018,-0.07581712740083366,59.4
2023-07-03,US,23,-0.016131614295906246,10,0.028606911002600332,10,0.024376376629911368,"DELL,VRT,ON,AVGO,ADI,LRCX,MPWR,AMAT,TXN,KLAC",0.027757380101151495,-0.07437018714761759,-0.07437018714761759,59.5
2023-07-05,US,23,0.014925091261011042,10,0.04781066700642476,10,0.07497636446478917,"DELL,VRT,SMCI,AVGO,COHR,ON,NVDA,AMAT,TXN,ADI",0.04915609560697515,-0.07931149663913242,-0.07105461590518747,57.0
2023-07-06,US,23,0.01779649120710601,10,0.06387690166166096,10,0.06593435128414961,"DELL,VRT,SMCI,ON,NVDA,COHR,HPE,AVGO,TXN,AMAT",0.06584824603723255,-0.07686281515804197,-0.06863110784096879,56.9
2023-07-07,US,23,-0.00893229497059894,10,0.04404735993283698,10,0.020699214151923107,"DELL,VRT,SMCI,COHR,ON,HPE,NVDA,AVGO,ANET,TXN",0.047988150051452794,-0.08271848102215955,-0.07477730455157132,56.8
2023-07-10,US,23,-0.01562508239379793,10,-0.013955102202069192,10,0.001225969605674604,"DELL,VRT,SMCI,ON,AVGO,TXN,COHR,HPE,MPWR,ADI",-0.02517704265358458,-0.12275373944627377,-0.11269981689527857,54.9
2023-07-11,US,23,-0.02855722665141261,10,-0.03444635720082091,10,-0.013221212284238204,"DELL,VRT,SMCI,ON,HPE,AVGO,MPWR,MRVL,TXN,COHR",-0.046076171079161565,-0.14068929525642718,-0.12583885489284927,51.7
2023-07-12,US,23,-0.018390114792215168,10,0.04066224391384665,10,-0.003247757318531641,"VRT,ON,SMCI,MPWR,DELL,AVGO,TXN,ANET,MRVL,NVDA",0.01931692651278073,-0.11665766813459251,-0.10856027015492838,54.5
2023-07-13,US,23,-0.033145077651355014,10,0.0064448550166171905,10,-0.020431799294250076,"ON,SMCI,VRT,MPWR,DELL,NVDA,MRVL,ANET,ASML,TXN",-0.005374621041357164,-0.14870689087302888,-0.12486920619582784,46.6
2023-07-14,US,23,-0.009836693127999339,10,0.04217778322448392,10,-0.0049186681043376975,"SMCI,VRT,ON,DELL,MPWR,ASML,NVDA,ANET,MRVL,AVGO",0.02418511545120494,-0.13622606307983162,-0.11411952502663869,47.7
2023-07-17,US,23,-0.011675408996176221,10,0.011368847880726628,10,0.0610839022616525,"ON,SMCI,MPWR,ANET,NVDA,AVGO,VRT,MRVL,ASML,LRCX",-0.015248603943448836,-0.15326387539819963,-0.12760328917105376,46.5
2023-07-18,US,23,-0.02147101707179566,10,-0.01615724940200619,10,0.026834872496896534,"SMCI,ON,ANET,NVDA,MPWR,VRT,MRVL,AVGO,ASML,TXN",-0.03125099008447433,-0.1696192920269586,-0.14222571025141253,46.0
2023-07-19,US,23,-0.01993262204968,10,-0.019374397934763987,10,0.019238831126709766,"ANET,NVDA,SMCI,VRT,MRVL,ON,QCOM,AVGO,MPWR,TXN",-0.03031257737409946,-0.1410499774182214,-0.1308603540565077,50.9
2023-07-20,US,23,0.001987758157868712,10,0.01590072944676878,10,0.04307201807193654,"ANET,SMCI,VRT,NVDA,AVGO,MRVL,HPE,QCOM,TXN,ON",0.002131607276436498,-0.12455538520742401,-0.11434270162522764,52.2
2023-07-21,US,23,0.0006206726288140066,10,0.028944387557764663,10,0.041814905289089224,"ANET,SMCI,QCOM,TXN,AVGO,MRVL,MU,HPE,ON,VRT",0.013977200603100436,-0.112706060861722,-0.10104998235555218,51.3
2023-07-24,US,23,-0.029161611352467535,10,0.004251367071881729,10,0.016758979613225478,"SMCI,ANET,AVGO,TXN,QCOM,HPE,MU,VRT,MRVL,NVDA",-0.0020321153642604783,-0.11583711717389858,-0.10351639216117339,51.0
2023-07-25,US,23,-0.049252288065980435,10,-0.07707285316877113,10,-0.04637417072005669,"SMCI,ANET,AVGO,TXN,HPE,QCOM,NVDA,MU,MRVL,ON",-0.07213038486378978,-0.13064772231873648,-0.11545277843839993,51.4
2023-07-26,US,23,-0.08675709681751533,10,-0.12343511060431758,10,-0.032392340956485424,"MU,SMCI,QCOM,HPE,INTC,NVDA,MRVL,ON,AVGO,LRCX",-0.11159149348220132,-0.14896595577412614,-0.1322345325496944,48.2
2023-07-27,US,23,-0.09458971069349147,10,-0.13750616220123085,10,-0.08395782898564778,"MU,LRCX,SMCI,QCOM,ON,AMAT,INTC,NVDA,KLAC,MRVL",-0.12477397685327007,-0.16294130006257188,-0.14338290765054534,46.9
2023-07-28,US,23,-0.07910424305956042,10,-0.12764604031090682,10,-0.07265578881584152,"MU,LRCX,INTC,KLAC,QCOM,SMCI,AMAT,ON,NVDA,ADI",-0.1178792070759855,-0.1654585626679376,-0.14532036089527364,43.1
2023-07-31,US,23,-0.11192649888469415,10,-0.15141981371829932,10,-0.1000685601092249,"MU,LRCX,QCOM,KLAC,ON,AMAT,SMCI,INTC,ADI,NVDA",-0.1314046026675224,-0.1673245096839612,-0.14049205468529555,44.7
2023-08-01,US,23,-0.14021785551731636,10,-0.1373936222935505,10,-0.14108560829068945,"LRCX,MU,QCOM,KLAC,ANET,AMAT,ON,SMCI,INTC,AVGO",-0.12016337325892304,-0.14896545918006138,-0.1266379517459415,44.9
2023-08-02,US,23,-0.0990014789874117,10,-0.07373721824383957,10,-0.07141441338706203,"VRT,QCOM,LRCX,KLAC,ANET,MU,AMAT,SMCI,ON,INTC",-0.06555301076954799,-0.1099188177373848,-0.09648472670700682,54.1
2023-08-03,US,23,-0.11817817864321425,10,-0.10187350201808516,10,-0.11308641807203931,"VRT,LRCX,MU,KLAC,ANET,AMAT,SMCI,INTC,ON,HPE",-0.07370502989355124,-0.13923834620802283,-0.11054691150209539,53.7
2023-08-04,US,23,-0.1129891048326985,10,-0.09746380728733733,10,-0.10559964472379293,"VRT,MU,SMCI,LRCX,ANET,KLAC,INTC,COHR,AMAT,AMD",-0.08399423926990032,-0.1634102158013488,-0.1434512030423226,46.1
2023-08-07,US,23,-0.08085378432177491,10,-0.06355559747829097,10,-0.055089111445589034,"VRT,SMCI,LRCX,KLAC,AMAT,MU,COHR,ANET,INTC,HPE",-0.05429741732692482,-0.1515728380759766,-0.13334794429074276,48.5
2023-08-08,US,23,-0.06088777698158311,10,-0.030888081233972686,10,-0.03288957820666608,"VRT,DELL,HPE,SMCI,LRCX,ANET,KLAC,AMAT,COHR,INTC",-0.03618714632096902,-0.14440737673023984,-0.1317844721228581,48.1
2023-08-09,US,23,-0.021444632035729525,10,0.0233120158246087,10,0.02124528856693584,"VRT,DELL,HPE,LRCX,ANET,KLAC,AMAT,INTC,MU,COHR",0.017743563056271672,-0.11581967665084636,-0.10719531549241365,53.9
2023-08-10,US,23,0.00013844979335847255,10,0.0330966592731322,10,0.03914406848417253,"VRT,DELL,KLAC,LRCX,HPE,ANET,INTC,AMAT,COHR,MPWR",0.018876221180537767,-0.1161634771803171,-0.10462886179129667,53.4
2023-08-11,US,23,0.022029179073554304,9,0.02392122931343199,9,0.02392122931343199,"VRT,DELL,HPE,ANET,INTC,KLAC,LRCX,COHR,ON",0.022036996237976232,-0.12306795529445992,-0.11289156452105423,53.111111111111114
2023-08-14,US,23,-0.0026562905868917387,10,0.04576846982099371,10,0.07744616863851962,"VRT,DELL,INTC,ANET,HPE,KLAC,MU,COHR,LRCX,AMAT",0.04291042631989043,-0.10640589633725436,-0.09789391651379914,54.2
2023-08-15,US,23,0.013028401672830467,10,0.0674158323828541,10,0.0674158323828541,"VRT,DELL,ANET,INTC,KLAC,COHR,HPE,NVDA,LRCX,AMAT",0.05695283056441795,-0.08524334767537163,-0.08524334767537163,56.5
2023-08-16,US,23,0.06699918422603131,8,0.13576157462375446,8,0.13576157462375446,"VRT,ANET,DELL,NVDA,KLAC,INTC,HPE,LRCX",0.13576157462375446,-0.06113567361973837,-0.06113567361973837,60.0
2023-08-17,US,23,0.08973963179346019,7,0.15592092603974095,7,0.15592092603974095,"ANET,VRT,DELL,NVDA,KLAC,HPE,LRCX",0.15592092603974095,-0.0483351967485502,-0.0483351967485502,60.0
2023-08-18,US,23,0.10633826756997013,8,0.1474578267590595,8,0.1474578267590595,"VRT,ANET,DELL,AMAT,NVDA,KLAC,HPE,LRCX",0.1474578267590595,-0.06604866281765052,-0.06604866281765052,60.0
2023-08-21,US,23,0.07177191276456284,9,0.10711488029392606,9,0.10711488029392606,"ANET,VRT,NVDA,AMAT,DELL,KLAC,AVGO,LRCX,HPE",0.08921236336157402,-0.09100607175668535,-0.09100607175668535,58.55555555555556
2023-08-22,US,23,0.08696486868875804,8,0.1120838163320229,8,0.1120838163320229,"ANET,VRT,DELL,NVDA,AMAT,KLAC,LRCX,HPE",0.1120838163320229,-0.08176435204327173,-0.08176435204327173,60.0
2023-08-23,US,23,0.045132415201359646,10,0.0922016693114889,10,0.09907650593381648,"ANET,VRT,NVDA,DELL,AMAT,AVGO,MRVL,KLAC,LRCX,INTC",0.05777231484180363,-0.119772425756668,-0.10774822419830574,48.5
2023-08-24,US,23,0.12486490930878474,7,0.1660616868610457,7,0.1660616868610457,"NVDA,DELL,VRT,ANET,AMAT,KLAC,LRCX",0.1660616868610457,-0.07132609703459895,-0.07132609703459895,60.0
2023-08-25,US,23,0.08359534943588119,7,0.1345479169439459,7,0.1345479169439459,"VRT,NVDA,DELL,ANET,AMAT,KLAC,LRCX",0.1345479169439459,-0.08378929183451315,-0.08378929183451315,60.0
2023-08-28,US,23,0.09572274858399313,8,0.16192041811996952,8,0.16192041811996952,"VRT,DELL,NVDA,ANET,AMAT,KLAC,LRCX,INTC",0.16192041811996952,-0.07760394116780642,-0.07760394116780642,60.0
2023-08-29,US,23,0.07383416976540694,10,0.07722168318184877,10,0.1354217243623751,"VRT,NVDA,AMAT,AVGO,ANET,DELL,KLAC,LRCX,ON,MU",0.07846065004179996,-0.12158306379763954,-0.10113870743341913,53.6
2023-08-30,US,23,0.062881797188341,10,0.059846775220352644,10,0.09968878209157166,"VRT,NVDA,AMAT,AVGO,ANET,MU,ON,LRCX,KLAC,INTC",0.06196675873234673,-0.13380161624389725,-0.1111547503781106,53.2
2023-08-31,US,23,0.025884135534944334,10,0.025521074851574167,10,0.07208638211798941,"VRT,AVGO,ANET,NVDA,MU,AMAT,LRCX,KLAC,INTC,ON",0.0007388261436539034,-0.15384421460649106,-0.1290668612273495,48.2
2023-09-01,US,23,0.04068983118761205,10,0.06091127597008093,10,0.06091127597008093,"DELL,VRT,ANET,MU,INTC,AMAT,HPE,LRCX,NVDA,KLAC",0.008472650977811224,-0.12515987174546087,-0.12515987174546087,50.9
2023-09-05,US,23,0.033061236603125814,10,0.043119870903027414,10,0.06780448713564381,"DELL,ANET,MU,INTC,VRT,AMAT,KLAC,LRCX,NVDA,ON",0.014614995733376834,-0.14553822468727776,-0.12301241274312222,47.8
2023-09-06,US,23,0.06367099161212011,10,0.053323176834692176,10,0.09162048710806223,"DELL,INTC,MU,ANET,KLAC,AMAT,VRT,ON,LRCX,HPE",0.06213659703681601,-0.13344509809926763,-0.11444243033813484,57.5
2023-09-07,US,23,0.05496308501730194,10,0.030412545397235858,10,0.03320696462081524,"DELL,INTC,VRT,MU,ANET,ON,AMAT,KLAC,LRCX,HPE",0.04154109585037748,-0.13601512290540166,-0.11477967986742696,57.2
2023-09-08,US,23,0.03673454892073977,10,0.0013232536647466487,10,0.00933454984014953,"DELL,INTC,MU,ANET,VRT,ON,SMCI,KLAC,HPE,AMAT",0.003389637681702473,-0.14883307065083523,-0.12768969497025448,52.0
2023-09-11,US,23,0.04656407583513136,10,0.002499219251312823,10,0.010370808631084971,"DELL,INTC,MU,VRT,ANET,ON,SMCI,KLAC,HPE,AMAT",-0.01661300613417004,-0.13485278274045473,-0.11568490859431524,49.2
2023-09-12,US,23,0.07453891106482845,9,0.04840191368017114,9,0.04840191368017114,"DELL,INTC,MU,ON,VRT,ANET,KLAC,AMAT,NVDA",0.029464176468722642,-0.12503514024836118,-0.10378149660264978,53.55555555555556
2023-09-13,US,23,0.07605043746636238,9,0.08256603609935578,9,0.08256603609935578,"DELL,INTC,MU,ANET,VRT,NVDA,AMAT,LRCX,KLAC",0.05408135549972142,-0.10875720480688726,-0.10875720480688726,56.666666666666664
2023-09-14,US,23,0.11410110080913795,9,0.11255124285349055,9,0.11255124285349057,"DELL,INTC,MU,VRT,HPE,AVGO,ANET,NVDA,AMAT",0.08357816931192566,-0.0958195691474467,-0.0958195691474467,56.666666666666664
2023-09-15,US,23,0.1581551758214955,6,0.14153047452057907,6,0.14153047452057907,"DELL,INTC,MU,VRT,HPE,ANET",0.14153047452057907,-0.08838825642118715,-0.08838825642118715,60.0
2023-09-18,US,23,0.16054768285749413,5,0.1627601245091605,5,0.1627601245091605,"DELL,INTC,MU,VRT,ANET",0.1627601245091605,-0.09324857219453349,-0.09324857219453349,60.0
2023-09-19,US,23,0.19481819643976767,6,0.1547563083653794,6,0.1547563083653794,"DELL,MU,INTC,HPE,VRT,ANET",0.1547563083653794,-0.09331804519457988,-0.09331804519457988,60.0
2023-09-20,US,23,0.2411587783196067,5,0.16739141479955005,5,0.16739141479955005,"DELL,MU,HPE,VRT,ANET",0.16739141479955005,-0.06571163725147247,-0.06571163725147247,60.0
2023-09-21,US,23,0.23979047091370925,4,0.22569205898059685,4,0.22569205898059685,"DELL,MU,VRT,ANET",0.22569205898059685,-0.05340041808883189,-0.05340041808883189,60.0
2023-09-22,US,23,0.24926171014535373,4,0.2326829678511656,4,0.2326829678511656,"DELL,MU,VRT,ANET",0.2326829678511656,-0.05606907793511365,-0.05606907793511365,60.0
2023-09-25,US,23,0.2084950599711566,4,0.1992055695751631,4,0.1992055695751631,"DELL,MU,VRT,ANET",0.1992055695751631,-0.05445206251114268,-0.05445206251114268,60.0
2023-09-26,US,23,0.23997410190709445,3,0.2310604077053661,3,0.2310604077053661,"DELL,MU,VRT",0.2310604077053661,-0.05074191977781639,-0.05074191977781639,60.0
2023-09-27,US,23,0.24441309293570848,4,0.2717593016122939,4,0.2717593016122939,"DELL,MU,VRT,ANET",0.2717593016122939,-0.04299518489978893,-0.04299518489978893,60.0
2023-09-28,US,23,0.22165705315562254,5,0.22190484281267403,5,0.22190484281267403,"HPE,DELL,VRT,ANET,INTC",0.22190484281267403,-0.08947915996550518,-0.08947915996550518,60.0
2023-09-29,US,23,0.22983346034300547,6,0.2329607428609375,6,0.23296074286093751,"HPE,VRT,DELL,MU,ANET,INTC",0.2329607428609375,-0.08120497901587788,-0.08120497901587788,60.0
2023-10-02,US,23,0.2310726433578459,7,0.20257854346930196,7,0.20257854346930196,"SMCI,HPE,VRT,ANET,MU,INTC,DELL",0.18089954219846396,-0.09121844989850357,-0.08977293100706703,54.0
2023-10-03,US,23,0.2295225097599841,5,0.27033683307473716,5,0.27033683307473716,"ANET,VRT,MU,INTC,DELL",0.27033683307473716,-0.06715971212110969,-0.06715971212110969,60.0
2023-10-04,US,23,0.18214470541097347,5,0.22673354481754057,5,0.22673354481754057,"VRT,ANET,INTC,MU,DELL",0.22673354481754057,-0.06638540322523993,-0.06638540322523993,60.0
2023-10-05,US,23,0.16763115552873833,6,0.17981312044947914,6,0.17981312044947914,"SMCI,ANET,VRT,MU,INTC,DELL",0.1607119310195852,-0.08760378983295325,-0.08590430553853225,52.5
2023-10-06,US,23,0.14526852070558893,7,0.1584789476012391,7,0.1584789476012391,"SMCI,ANET,NVDA,VRT,MU,INTC,DELL",0.13795942136088904,-0.09727089749679245,-0.0958121449817019,53.42857142857143
2023-10-09,US,23,0.12841388964223951,7,0.1451236347904159,7,0.1451236347904159,"ANET,SMCI,VRT,NVDA,MU,INTC,DELL",0.12285138069304742,-0.1143196207061402,-0.10850848269161237,52.714285714285715
2023-10-10,US,23,0.16238233596997045,9,0.21553719178826178,9,0.21553719178826178,"SMCI,AMD,ANET,VRT,NVDA,AVGO,INTC,MU,DELL",0.18904050387425103,-0.1160481050757597,-0.11176223772335425,54.22222222222222
2023-10-11,US,23,0.1525751637645387,10,0.2041817012773585,10,0.16357253331672683,"SMCI,MPWR,TSM,NVDA,VRT,KLAC,AVGO,AMD,INTC,ANET",0.11110676568743405,-0.13179212382222943,-0.12522600691142677,44.4
2023-10-12,US,23,0.15462459407844256,10,0.18682757851422876,10,0.17528156650110166,"KLAC,AVGO,TSM,NVDA,VRT,AMD,AMAT,SMCI,ANET,INTC",0.12234136957641269,-0.12418581648213993,-0.12009025334220817,49.6
2023-10-13,US,23,0.19371409637977247,9,0.23539000221732465,9,0.23539000221732465,"AVGO,KLAC,NVDA,SMCI,ANET,VRT,INTC,MU,DELL",0.19821644108378458,-0.09422651383662985,-0.09309511558444508,54.333333333333336
2023-10-16,US,23,0.19240300817635336,9,0.23698139201337337,9,0.23698139201337337,"AVGO,KLAC,ANET,NVDA,VRT,SMCI,INTC,MU,DELL",0.19618200874823669,-0.08820509138017402,-0.08820509138017402,54.44444444444444
2023-10-17,US,23,0.20631853652880566,8,0.23413441363312668,8,0.23413441363312668,"AVGO,KLAC,ANET,SMCI,VRT,INTC,MU,DELL",0.1998901779371403,-0.09237667056964186,-0.08725196951053697,52.875
2023-10-18,US,23,0.1910273942829087,7,0.21977457877307455,7,0.21977457877307455,"AVGO,ANET,SMCI,MU,VRT,INTC,DELL",0.18489865657320867,-0.09789199431455844,-0.09645100052573859,52.285714285714285
2023-10-19,US,23,0.26191350383456014,6,0.2913045732716524,6,0.2913045732716524,"TSM,AVGO,ANET,INTC,VRT,DELL",0.2913045732716524,-0.06969717438449514,-0.06969717438449514,60.0
2023-10-20,US,23,0.3640967960482167,3,0.3240901853549156,3,0.3240901853549156,"TSM,ANET,DELL",0.3240901853549156,-0.04638455692284127,-0.04638455692284127,60.0
2023-10-23,US,23,0.35475950003127976,5,0.343565106838282,5,0.343565106838282,"TSM,AVGO,ANET,VRT,DELL",0.343565106838282,-0.06130911716062946,-0.06130911716062946,60.0
2023-10-24,US,23,0.3585152979145699,6,0.30719982055529804,6,0.30719982055529804,"TSM,AVGO,VRT,ANET,DELL,MU",0.23485016898975794,-0.07974209378189777,-0.07974209378189777,50.333333333333336
2023-10-25,US,23,0.4212208201506609,2,0.33870974815572885,2,0.33870974815572885,"DELL,VRT",0.33870974815572885,-0.04838835665210034,-0.04838835665210034,60.0
2023-10-26,US,23,0.42811712488833603,1,0.2829653415497426,1,0.2829653415497426,DELL,0.2829653415497426,0.0,0.0,60.0
2023-10-27,US,23,0.40035155288214813,2,0.25844254579124015,2,0.25844254579124015,"INTC,DELL",0.25844254579124015,0.0,0.0,60.0
2023-10-30,US,23,0.4213592022931992,3,0.3152639271990219,3,0.3152639271990219,"INTC,VRT,DELL",0.3152639271990219,0.0,0.0,60.0
2023-10-31,US,23,0.3918561232533132,4,0.3063908914433373,4,0.3063908914433373,"ANET,INTC,VRT,DELL",0.3063908914433373,0.0,0.0,60.0
2023-11-01,US,23,0.3106716656329102,9,0.28662338343754135,9,0.2866233834375413,"ANET,AMD,INTC,DELL,MU,VRT,QCOM,KLAC,AVGO",0.28662338343754135,-0.009531026335263272,-0.009531026335263272,60.0
2023-11-02,US,23,0.3225473997605101,10,0.2909003095797148,10,0.3080535266248347,"QCOM,ANET,ASML,INTC,AMD,KLAC,MU,DELL,VRT,TSM",0.2909003095797148,-0.008234715518114777,-0.008234715518114777,60.0
2023-11-03,US,23,0.32255257268684484,10,0.29592291237194707,10,0.2893075529881433,"QCOM,ASML,ANET,AMD,MPWR,MU,INTC,KLAC,DELL,NVDA",0.29592291237194707,-0.011197788716664759,-0.011197788716664759,60.0
2023-11-06,US,23,0.35254756082887695,10,0.3055685841797703,10,0.2832897061392726,"QCOM,DELL,ANET,ASML,MU,MPWR,AMD,INTC,KLAC,NVDA",0.3055685841797703,-0.012392993029064181,-0.012392993029064181,60.0
2023-11-07,US,23,0.3365395919773509,10,0.27220628144837233,10,0.2599401470923432,"QCOM,DELL,AMD,INTC,ASML,ANET,MPWR,MU,KLAC,NVDA",0.27220628144837233,-0.01711985783029183,-0.01711985783029183,60.0
2023-11-08,US,23,0.3476657279717525,10,0.3540274293015405,10,0.261732484780683,"DELL,QCOM,ASML,KLAC,AMD,COHR,AMAT,MPWR,NVDA,LRCX",0.3540274293015405,-0.0236558225229626,-0.0236558225229626,60.0
2023-11-09,US,23,0.3739396228414967,10,0.2951966231293152,10,0.29445757574003684,"QCOM,DELL,NVDA,AMD,MU,ASML,LRCX,KLAC,ANET,AMAT",0.2951966231293152,-0.01393413765352588,-0.01393413765352588,60.0
2023-11-10,US,23,0.3854618445780864,10,0.33765047090905165,10,0.2939811942962284,"LRCX,AMAT,QCOM,AVGO,KLAC,ASML,NVDA,DELL,AMD,TSM",0.33765047090905165,-0.023882986605864485,-0.023882986605864485,60.0
2023-11-13,US,23,0.3499689973345076,10,0.30952224803082523,10,0.2841358312201253,"NVDA,QCOM,AMAT,DELL,AVGO,KLAC,ASML,LRCX,MPWR,AMD",0.30952224803082523,-0.03413717677171443,-0.03413717677171443,60.0
2023-11-14,US,23,0.29479392705087204,10,0.26407850816605183,10,0.2515678951060864,"AMAT,QCOM,AVGO,KLAC,ASML,LRCX,NVDA,MPWR,MRVL,TSM",0.26407850816605183,-0.04512020309670047,-0.04512020309670047,60.0
2023-11-15,US,23,0.3492178541777987,10,0.2338808196548509,10,0.3097231700948997,"AMAT,QCOM,AVGO,LRCX,KLAC,MPWR,ASML,MRVL,ADI,INTC",0.2338808196548509,-0.028854441334426974,-0.028854441334426974,60.0
2023-11-16,US,23,0.3592159235206058,10,0.2678630686377181,10,0.32356817145539474,"INTC,LRCX,QCOM,KLAC,ASML,AMAT,NVDA,MPWR,AVGO,ADI",0.2678630686377181,-0.021997268219773304,-0.021997268219773304,60.0
2023-11-17,US,23,0.3116830425695781,10,0.2077727933813261,10,0.34821015581362713,"INTC,QCOM,ASML,LRCX,ADI,AVGO,TSM,KLAC,MPWR,MU",0.2077727933813261,-0.028728758369187223,-0.028728758369187223,60.0
2023-11-20,US,23,0.27508455352309236,10,0.1993243343076233,10,0.37156018488617154,"INTC,LRCX,ASML,KLAC,QCOM,AVGO,MPWR,NVDA,ADI,MU",0.1993243343076233,-0.04272851294399919,-0.04272851294399919,60.0
2023-11-21,US,23,0.26846912741348666,10,0.22109446776444236,10,0.221507568034541,"INTC,LRCX,KLAC,NVDA,ASML,AVGO,MPWR,ADI,QCOM,TSM",0.22109446776444236,-0.03634377565783707,-0.03634377565783707,60.0
2023-11-22,US,23,0.3675390954302298,10,0.27139639914467867,10,0.317420336486686,"INTC,LRCX,KLAC,ASML,ADI,MPWR,QCOM,AMD,TSM,AVGO",0.27139639914467867,-0.030526088864579227,-0.030526088864579227,60.0
2023-11-24,US,23,0.33936841712040583,10,0.28711827903887405,10,0.30434706619865254,"INTC,LRCX,ASML,MPWR,KLAC,ADI,QCOM,AMD,AVGO,COHR",0.28711827903887405,-0.028201292351500838,-0.028201292351500838,60.0
2023-11-27,US,23,0.35712236647319034,10,0.24606208677162958,10,0.508971495546503,"INTC,LRCX,ADI,KLAC,ASML,MPWR,QCOM,AMD,MU,DELL",0.24606208677162958,-0.02927196440582961,-0.02927196440582961,60.0
2023-11-28,US,23,0.33145957275335697,10,0.2709932125782319,10,0.41879467730415865,"INTC,ADI,LRCX,MPWR,AMD,KLAC,COHR,TSM,ASML,QCOM",0.2709932125782319,-0.028424530853592943,-0.028424530853592943,60.0
2023-11-29,US,23,0.3211546032054886,10,0.2247367468285987,10,0.45686825558605637,"INTC,COHR,MPWR,ADI,LRCX,AMD,ASML,HPE,QCOM,DELL",0.2247367468285987,-0.041142421392995676,-0.041142421392995676,60.0
2023-11-30,US,23,0.3866646501433683,10,0.24090464367918965,10,0.3143145073090602,"INTC,HPE,DELL,ADI,QCOM,LRCX,MPWR,COHR,ASML,ANET",0.24090464367918965,-0.029839768306224278,-0.029839768306224278,60.0
2023-12-01,US,23,0.45664889142434256,10,0.2821678591783246,10,0.37450912296959216,"COHR,HPE,MPWR,LRCX,QCOM,ADI,ASML,INTC,TXN,VRT",0.2821678591783246,-0.021147803596533277,-0.021147803596533277,60.0
2023-12-04,US,23,0.5134501177039228,10,0.3134674900668368,10,0.37558877414226366,"COHR,TXN,MPWR,QCOM,ADI,ASML,VRT,HPE,LRCX,INTC",0.3134674900668368,-0.013592400553014894,-0.013592400553014894,60.0
2023-12-05,US,23,0.47105891120974996,10,0.28951636488290006,10,0.29042148372573323,"COHR,QCOM,TXN,ASML,MPWR,VRT,ADI,ANET,LRCX,INTC",0.28951636488290006,-0.01840700789000469,-0.01840700789000469,60.0
2023-12-06,US,23,0.5316045391055304,10,0.36655277588638385,10,0.34024572373170503,"COHR,QCOM,TXN,MPWR,ASML,VRT,ADI,TSM,LRCX,ANET",0.36655277588638385,-2.619278482673959e-06,-2.619278482673959e-06,60.0
2023-12-07,US,23,0.5541319657854052,10,0.3916844771412362,10,0.36992490975826187,"QCOM,AMD,MPWR,TXN,ASML,ADI,VRT,TSM,LRCX,ANET",0.3916844771412362,-0.000643916408273515,-0.000643916408273515,60.0
2023-12-08,US,23,0.4667435898189202,10,0.341068434209065,10,0.32139411256984984,"COHR,MPWR,QCOM,AMD,VRT,ANET,ADI,TXN,TSM,ASML",0.341068434209065,-0.007848216678932629,-0.007848216678932629,60.0
2023-12-11,US,23,0.4148527085001273,10,0.28116219463802594,10,0.24768302987735158,"COHR,MPWR,AMD,QCOM,AVGO,ADI,ANET,TXN,ASML,VRT",0.28116219463802594,-0.01688701977862498,-0.01688701977862498,60.0
2023-12-12,US,23,0.43458845322944584,10,0.3245418273293753,10,0.2843791099138981,"AVGO,AMD,QCOM,COHR,MPWR,ASML,ADI,VRT,ANET,TSM",0.3245418273293753,-0.02577285403284263,-0.02577285403284263,60.0
2023-12-13,US,23,0.379996760341228,10,0.19631022213504767,10,0.21625976208949127,"AVGO,ON,QCOM,ASML,MPWR,AMD,COHR,ADI,ANET,TXN",0.19631022213504767,-0.049591448616551924,-0.049591448616551924,60.0
2023-12-14,US,23,0.3208494406306455,10,0.14852378863586674,10,0.121260198775341,"ON,MPWR,ASML,ADI,AVGO,QCOM,TXN,COHR,LRCX,AMD",0.14483413950281748,-0.07556171078045223,-0.07313293917839712,56.1
2023-12-15,US,23,0.2970275875656978,10,0.12090471516076658,10,0.17012880083994691,"AVGO,QCOM,ADI,ON,ASML,MPWR,TXN,COHR,LRCX,ANET",0.11782254352380403,-0.07442868084884594,-0.07264044555472829,56.7
2023-12-18,US,23,0.2899624236660488,10,0.3043092206187893,10,0.41463664923197774,"AVGO,MPWR,QCOM,ANET,ON,ASML,TXN,SMCI,ADI,LRCX",0.3016589490256418,-0.07766755742131927,-0.07766755742131927,56.9
2023-12-19,US,23,0.26855211269666,10,0.1182890601659193,10,0.18009074536583394,"AVGO,QCOM,MPWR,ON,ASML,LRCX,ADI,TXN,COHR,ANET",0.11538447115336048,-0.06968928098393823,-0.06968928098393823,56.8
2023-12-20,US,23,0.2937765338138598,10,0.33973018159410584,10,0.18946834759926473,"AVGO,QCOM,ANET,TXN,ON,MPWR,COHR,ASML,SMCI,LRCX",0.3320559451023283,-0.07061955157500127,-0.07061955157500127,56.8
2023-12-21,US,23,0.3266095915487301,10,0.20690377677484478,10,0.24007506725882027,"AVGO,MU,QCOM,ASML,MRVL,ON,LRCX,COHR,MPWR,ANET",0.20192195209216787,-0.07444120676974296,-0.07444120676974296,56.6
2023-12-22,US,23,0.3300385286338289,10,0.1927204295813522,10,0.19147195893936647,"MU,QCOM,AVGO,ASML,INTC,ANET,MRVL,COHR,TXN,LRCX",0.1927204295813522,-0.07348333707797713,-0.07348333707797713,60.0
2023-12-26,US,23,0.3195643553982555,10,0.1939350510701345,10,0.16996057424780422,"INTC,QCOM,MU,ASML,AVGO,LRCX,DELL,TXN,MRVL,COHR",0.19514935523184623,-0.08632429022251205,-0.08442283431263431,56.3
2023-12-27,US,23,0.31188089596347796,10,0.18254943713421584,10,0.19424242001169165,"INTC,QCOM,DELL,MU,ASML,TXN,MRVL,LRCX,AMD,AVGO",0.18344044853888808,-0.08259134854439795,-0.08069644264110926,56.2
2023-12-28,US,23,0.31993409059136974,10,0.19829410697075803,10,0.18110460755982352,"INTC,AMD,QCOM,DELL,TXN,MRVL,MU,ASML,LRCX,AVGO",0.1957399369458031,-0.0791009415115406,-0.07781164161822055,56.4
2023-12-29,US,23,0.3535308071238557,10,0.23208721323040532,10,0.17246748024976916,"INTC,AMD,DELL,QCOM,MU,TXN,MRVL,ASML,AVGO,LRCX",0.23208721323040532,-0.055242571608664734,-0.055242571608664734,60.0
2024-01-02,US,23,0.41934229986354565,10,0.2651004667793773,10,0.21747790754163737,"TXN,DELL,INTC,AVGO,MU,HPE,MRVL,AMD,QCOM,ANET",0.2651004667793773,-0.03519334970288527,-0.03519334970288527,60.0
2024-01-03,US,23,0.4086046506923228,10,0.4871387322734967,10,0.2424848094802663,"DELL,HPE,INTC,MU,TXN,ANET,AMD,SMCI,AVGO,MRVL",0.4871387322734967,-0.03045083328127368,-0.03045083328127368,60.0
2024-01-04,US,23,0.4179570223225826,10,0.5474986863700849,10,0.5234772965583449,"DELL,HPE,MU,INTC,MRVL,SMCI,ANET,NVDA,TXN,AMD",0.5474986863700849,-0.03322643299276501,-0.03322643299276501,60.0
2024-01-05,US,23,0.3537547477080217,10,0.4616234691361104,10,0.4840439505974469,"DELL,HPE,MRVL,MU,NVDA,SMCI,INTC,AMD,TXN,ANET",0.4616234691361104,-0.03963890161979037,-0.03963890161979037,60.0
2024-01-08,US,23,0.34277477599453177,10,0.4279060624496454,10,0.45244877422335,"DELL,NVDA,HPE,MRVL,ANET,SMCI,AMD,MU,INTC,TXN",0.43183451451179805,-0.04352235867523761,-0.04139023150511324,59.9
2024-01-09,US,23,0.3143102090813093,10,0.43952293729092784,10,0.3926083601369046,"SMCI,NVDA,ANET,MRVL,AMD,DELL,VRT,TXN,INTC,MU",0.4449449244208251,-0.045915895447441825,-0.0422814249377642,59.8
2024-01-10,US,23,0.3158850584656677,10,0.4243240766673707,10,0.3808883052487152,"NVDA,SMCI,ANET,DELL,MRVL,AMD,VRT,INTC,TXN,MU",0.42648861682166783,-0.04243858353917303,-0.0409005375635222,59.8
2024-01-11,US,23,0.2951879243271668,10,0.42848466425433324,10,0.36794043690435757,"NVDA,ANET,MRVL,DELL,SMCI,VRT,AMD,INTC,MU,AVGO",0.43561795278870274,-0.04371345287884606,-0.03839132402730544,59.6
2024-01-12,US,23,0.33855917083417575,10,0.4936213971119736,10,0.47800150569886946,"NVDA,ANET,MRVL,DELL,SMCI,VRT,AMD,AVGO,LRCX,QCOM",0.4936213971119736,-0.014092197481071978,-0.014092197481071978,60.0
2024-01-16,US,23,0.2919690530223207,10,0.4666069356594754,10,0.4216894155630916,"NVDA,AMD,ANET,MRVL,DELL,COHR,VRT,SMCI,AVGO,MU",0.4666069356594754,-0.011003375592979314,-0.011003375592979314,60.0
2024-01-17,US,23,0.23586945833325282,10,0.38706961377934956,10,0.41260983562866416,"NVDA,AMD,MRVL,ANET,DELL,COHR,VRT,SMCI,TSM,AVGO",0.38706961377934956,-0.013425910327081703,-0.013425910327081703,60.0
2024-01-18,US,23,0.2317368880629953,10,0.19249911487240576,10,0.25580102778756036,"TSM,NVDA,ANET,AMD,MRVL,AVGO,KLAC,COHR,VRT,QCOM",0.19249911487240576,-0.01601767493051808,-0.01601767493051808,60.0
2024-01-19,US,23,0.1333403853729236,10,0.2551022150972241,10,0.2802314987384757,"NVDA,SMCI,AMD,TSM,AVGO,ANET,MRVL,KLAC,VRT,DELL",0.2551022150972241,-0.04620376819048313,-0.04620376819048313,60.0
2024-01-22,US,23,0.11928906943538012,10,0.17649112247802182,10,0.28236710538998305,"NVDA,AVGO,SMCI,ANET,KLAC,TSM,LRCX,QCOM,AMD,MRVL",0.17649112247802182,-0.034945662891317855,-0.034945662891317855,60.0
2024-01-23,US,23,0.035374987295069035,10,0.07444657524303425,10,0.12932943699221328,"NVDA,AVGO,SMCI,TSM,KLAC,QCOM,ASML,LRCX,MRVL,ANET",0.07444657524303425,-0.04549184623199999,-0.04549184623199999,60.0
2024-01-24,US,23,0.032383625711635125,10,0.07190953070342482,10,0.0787342520797418,"ASML,AVGO,NVDA,KLAC,SMCI,TSM,AMAT,AMD,LRCX,QCOM",0.07565511175666692,-0.06809730419030002,-0.06407353231308502,59.8
2024-01-25,US,23,0.09191449649830095,10,0.13652692520549398,10,0.14954729810944042,"ASML,NVDA,KLAC,LRCX,SMCI,TSM,AMD,AVGO,AMAT,QCOM",0.13417661283466156,-0.041424998617218003,-0.041424998617218003,59.9
2024-01-26,US,23,0.10635801405697098,10,0.19804036246914078,10,0.18675614423202572,"ASML,TSM,NVDA,SMCI,AMD,LRCX,ANET,DELL,AVGO,VRT",0.19603226281343142,-0.037403582968300084,-0.037403582968300084,59.8
2024-01-29,US,23,0.11214419515650544,10,0.16509928150267564,10,0.19361138220088153,"ASML,NVDA,SMCI,TSM,ANET,COHR,AMD,VRT,LRCX,AVGO",0.1619142405416529,-0.046152691192846804,-0.046152691192846804,59.7
2024-01-30,US,23,0.17118239977785582,10,0.30324892390045444,10,0.27529354333177525,"ASML,NVDA,SMCI,ANET,VRT,TSM,COHR,DELL,AVGO,LRCX",0.30324892390045444,-0.01144991353340904,-0.01144991353340904,60.0
2024-01-31,US,23,0.1698292913417835,10,0.3158791870209402,10,0.2626417743846998,"ASML,SMCI,NVDA,VRT,TSM,COHR,LRCX,DELL,AVGO,AMAT",0.3158791870209402,-0.005419236703786345,-0.005419236703786345,60.0
2024-02-01,US,23,0.12936990912397067,10,0.24936615280782962,10,0.1578316613288578,"ASML,SMCI,VRT,NVDA,DELL,COHR,LRCX,TSM,AVGO,AMAT",0.24936615280782962,-0.011732207024932672,-0.011732207024932672,60.0
2024-02-02,US,23,0.06683616047884866,10,0.1262361144654452,10,0.08279924649346146,"VRT,NVDA,ASML,SMCI,ANET,DELL,COHR,TSM,AVGO,AMD",0.12840255048827842,-0.046823925806185704,-0.045500568834830536,59.3
2024-02-05,US,23,0.07532082849508868,10,0.1050565805180784,10,0.07353241893300597,"NVDA,SMCI,ASML,VRT,TSM,AVGO,COHR,LRCX,AMAT,ANET",0.09637059265794333,-0.047621087583231705,-0.047621087583231705,59.2
2024-02-06,US,23,0.10847615080115228,10,0.13841721083945516,10,0.13594645827313703,"COHR,SMCI,ASML,NVDA,TSM,VRT,AVGO,AMAT,ON,LRCX",0.12130389409393758,-0.049362081928640056,-0.044403618792606826,57.9
2024-02-07,US,23,0.12046537946390103,10,0.16653750504993756,10,0.14999178245517306,"COHR,ASML,TSM,NVDA,SMCI,VRT,AVGO,AMAT,MPWR,LRCX",0.1561613063776976,-0.05239152533204685,-0.0495390663156534,58.8
2024-02-08,US,23,0.08253786624589865,10,0.09034047046969816,10,0.10754726297990196,"TSM,COHR,SMCI,MPWR,ASML,NVDA,VRT,ON,AVGO,AMAT",0.0719237814908552,-0.09540485620875973,-0.08040313627433573,55.1
2024-02-09,US,23,0.07164726388396195,10,0.09767004756284065,10,0.08959284618439431,"SMCI,TSM,COHR,NVDA,ASML,MPWR,AMAT,VRT,LRCX,KLAC",0.0826526835772323,-0.0883049686475685,-0.079892358685194,57.0
2024-02-12,US,23,0.10934623283875282,10,0.0651417749096767,10,0.1174584545662368,"SMCI,COHR,NVDA,TSM,AMAT,ASML,MPWR,LRCX,ON,KLAC",0.03458440004265827,-0.07011599939513831,-0.0648980506771896,55.7
2024-02-13,US,23,0.09147081591260431,10,0.09903167255164119,10,0.06683641512422404,"SMCI,NVDA,COHR,TSM,MPWR,VRT,ASML,AMAT,LRCX,KLAC",0.08097108531381221,-0.08399577721561187,-0.08115496088908125,57.0
2024-02-14,US,23,0.07418693139437185,10,0.04019269580423094,10,0.030649354844168464,"SMCI,NVDA,COHR,MPWR,AMAT,TSM,VRT,ASML,LRCX,ON",0.01784291868908483,-0.1288595858356405,-0.11179222101560926,48.2
2024-02-15,US,23,0.09622124261890272,10,0.012630574233100178,10,0.04794661397503815,"SMCI,AMAT,NVDA,COHR,ASML,MPWR,TSM,LRCX,KLAC,ON",-0.01711886262707054,-0.13282779944136033,-0.11574243341044455,48.2
2024-02-16,US,23,0.1754285568930177,10,0.17718021513344445,10,0.17718021513344448,"AMAT,NVDA,LRCX,KLAC,SMCI,MPWR,ASML,COHR,TSM,VRT",0.14553927421193874,-0.07643846397203505,-0.07643846397203505,56.6
2024-02-20,US,23,0.19270788943433054,10,0.20713478277934366,10,0.20713478277934366,"AMAT,SMCI,KLAC,MPWR,LRCX,TSM,VRT,NVDA,COHR,ASML",0.20713478277934366,-0.04212622612465659,-0.04212622612465659,60.0
2024-02-21,US,23,0.12138287555248635,10,0.06795214297450608,10,0.10621076208444516,"AMAT,KLAC,MPWR,LRCX,TXN,SMCI,TSM,COHR,QCOM,ON",0.015264526888542917,-0.1026833124629154,-0.096413680599616,51.8
2024-02-22,US,23,0.12255784207684196,10,0.08631559642975678,10,0.11186017741287921,"NVDA,AMAT,KLAC,SMCI,LRCX,ASML,MPWR,AVGO,TXN,TSM",0.049387345611656794,-0.09416995335748865,-0.09416995335748865,55.9
2024-02-23,US,23,0.12431016606192982,10,0.16671892032981322,10,0.16976695919846732,"NVDA,AMAT,KLAC,DELL,LRCX,QCOM,TSM,AVGO,SMCI,MPWR",0.1258685699835081,-0.07261224380506796,-0.07261224380506796,55.8
2024-02-26,US,23,0.12660090214014777,10,0.19348820292766417,10,0.17491867638524647,"AMAT,NVDA,KLAC,DELL,QCOM,LRCX,MU,AVGO,TSM,ASML",0.19348820292766417,-0.05123816714262795,-0.05123816714262795,60.0
2024-02-27,US,23,0.14184827917497356,10,0.2838061670979493,10,0.22042945513201578,"MU,AMAT,QCOM,NVDA,KLAC,DELL,LRCX,TXN,VRT,AVGO",0.2838061670979493,-0.027159492272719587,-0.027159492272719587,60.0
2024-02-28,US,23,0.15866019770545425,10,0.2866961223808606,10,0.2389388107925245,"DELL,MU,NVDA,AMAT,KLAC,QCOM,LRCX,VRT,AVGO,ASML",0.2866961223808606,-0.040197671535875515,-0.040197671535875515,60.0
2024-02-29,US,23,0.13161445453902618,10,0.24091616962054657,10,0.16501839155525,"DELL,AMD,QCOM,TXN,MU,AMAT,KLAC,NVDA,LRCX,VRT",0.2391426955407197,-0.07856664780356662,-0.06767280716893473,56.4
2024-03-01,US,23,0.06265630783007314,10,0.10387621751720581,10,0.09688514466440627,"DELL,KLAC,AVGO,QCOM,MU,AMD,MRVL,TXN,AMAT,LRCX",0.09246307348184511,-0.13245125994474433,-0.11699254626365511,51.2
2024-03-04,US,23,0.07772165916134101,10,0.14227910445873765,10,0.13308409491252046,"DELL,HPE,QCOM,MRVL,KLAC,AMD,MU,TXN,AVGO,NVDA",0.1286601868891242,-0.11295094268586103,-0.09721988909207638,51.0
2024-03-05,US,23,0.036501747486045046,10,0.08121268406357843,10,0.0006630212627179221,"HPE,DELL,MRVL,AMD,NVDA,MU,TXN,KLAC,QCOM,AMAT",0.08418945383610872,-0.12678576283559792,-0.10565976791893465,49.8
2024-03-06,US,23,0.029416517994083208,10,0.0724331026272616,10,0.009768927315707688,"HPE,DELL,MRVL,NVDA,AMD,QCOM,MU,KLAC,TSM,TXN",0.040856379269391306,-0.14027324275034414,-0.1192807876026519,46.6
2024-03-07,US,23,-0.002958742325102717,10,0.034178802434609634,10,-0.027660829631635332,"QCOM,MRVL,NVDA,DELL,TSM,MU,ASML,HPE,AMD,TXN",-0.017637938731597136,-0.15982517791370854,-0.13841214827630152,40.3
2024-03-08,US,23,0.10028466602407753,10,0.1272102926540326,10,0.15848963205788819,"HPE,QCOM,MU,DELL,TSM,AMD,TXN,NVDA,SMCI,ASML",0.1370217698949852,-0.13243513735404455,-0.10519223160685218,50.5
2024-03-11,US,23,0.07724360239518106,10,0.113553841894765,10,0.10320211001847435,"QCOM,HPE,TXN,DELL,ADI,MU,NVDA,SMCI,AMD,TSM",0.1250717160859817,-0.13931860147586494,-0.11229865676535959,50.3
2024-03-12,US,23,0.07815789847769318,10,0.15478710367014523,10,0.11662086533955726,"QCOM,NVDA,TXN,HPE,MU,DELL,SMCI,ADI,TSM,VRT",0.11919556516006838,-0.10665011574182488,-0.09072776874086727,51.2
2024-03-13,US,23,0.11219094047471821,10,0.1833395345518181,10,0.1460896960653393,"NVDA,SMCI,HPE,VRT,QCOM,ADI,TXN,TSM,DELL,MU",0.19296465688703784,-0.10002768502943393,-0.08446172758262543,54.4
2024-03-14,US,23,0.14255026901578838,10,0.17083087867095506,10,0.19768409175177218,"VRT,SMCI,NVDA,HPE,QCOM,ANET,TXN,TSM,DELL,ADI",0.18261495592608384,-0.08593915726087215,-0.06965967350475287,54.3
2024-03-15,US,23,0.1493930569503194,10,0.20406632085538376,10,0.16557618954307848,"VRT,NVDA,QCOM,TXN,SMCI,MU,ADI,DELL,HPE,TSM",0.16326414868444378,-0.09255647003851505,-0.07603433815052948,50.6
2024-03-18,US,23,0.20662839539671965,10,0.2836230555031416,10,0.2482088493404791,"VRT,ANET,NVDA,QCOM,HPE,MU,DELL,TSM,KLAC,SMCI",0.2679588457467696,-0.06639619836399248,-0.06639619836399248,56.3
2024-03-19,US,23,0.18901393923332535,10,0.2665618620219302,10,0.2222108103402475,"VRT,NVDA,ANET,MU,HPE,DELL,QCOM,TSM,AMAT,ASML",0.1782508566085716,-0.06181970390112769,-0.06181970390112769,52.5
2024-03-20,US,24,0.1428670397930775,10,0.21971951519792707,10,0.18253778558674622,"VRT,ANET,NVDA,MU,QCOM,DELL,HPE,ADI,AMAT,LRCX",0.13113091961580892,-0.09251103370330968,-0.09251103370330968,52.2
2024-03-21,US,24,0.17259455896088097,10,0.2691301981952505,10,0.2766971896085318,"MU,VRT,ANET,LRCX,NVDA,AMAT,QCOM,DELL,KLAC,AVGO",0.17830917502261914,-0.09838316267535878,-0.09818514287337858,51.9
2024-03-22,US,24,0.14361078471635416,10,0.22612625290929636,10,0.2129571398560491,"MU,VRT,ANET,NVDA,LRCX,AMAT,AVGO,QCOM,CRDO,KLAC",0.09075645562667654,-0.11696557018355551,-0.11696557018355551,47.6
2024-03-25,US,24,0.10124447959587175,10,0.18346279304858892,10,0.16902676716860554,"MU,VRT,ANET,NVDA,CRDO,AVGO,LRCX,AMAT,HPE,DELL",0.06284124859685127,-0.12334080118648924,-0.11858524563093371,47.2
2024-03-26,US,24,0.07908010124826703,10,0.15506946061060506,10,0.12443688734515605,"MU,VRT,ANET,NVDA,HPE,DELL,LRCX,AVGO,AMAT,TSM",0.08418115940720895,-0.10299984086375129,-0.10299984086375129,51.4
2024-03-27,US,24,0.10712999826999559,10,0.16143888248554536,10,0.15556523758364538,"MU,VRT,HPE,LRCX,AMAT,TXN,QCOM,NVDA,MRVL,AVGO",0.10810405560401155,-0.09656704531465507,-0.09656704531465507,55.6
2024-03-28,US,24,0.09733647523175955,10,0.17346432812782434,10,0.15778573434826082,"MU,VRT,ADI,TXN,LRCX,HPE,AVGO,QCOM,NVDA,ANET",0.08979387067002868,-0.09920654063921935,-0.09920654063921935,51.0
2024-04-01,US,24,0.11150220037545518,10,0.08655453444991154,10,0.10634420918702699,"MU,DELL,ANET,VRT,LRCX,AVGO,QCOM,INTC,HPE,MRVL",0.06707192302868115,-0.11465457998363623,-0.09818727746421703,50.1
2024-04-02,US,24,0.12202931180912752,10,0.14544346953452938,10,0.18492224645844474,"MU,DELL,VRT,MRVL,AVGO,QCOM,LRCX,HPE,ANET,TSM",0.1000040328478788,-0.09313623337309607,-0.09313623337309607,50.6
2024-04-03,US,24,0.08439529801390033,10,0.09924514953414922,10,0.14097221432321116,"MU,DELL,VRT,HPE,QCOM,AVGO,ANET,LRCX,MRVL,TSM",0.033292298375308504,-0.13740000501261163,-0.13740000501261163,45.6
2024-04-04,US,24,0.13824907070695494,10,0.14790697880348147,10,0.18868121768169432,"MU,DELL,HPE,VRT,MRVL,AVGO,QCOM,TSM,ANET,LRCX",0.10994395220737126,-0.10574267386988448,-0.10574267386988448,55.1
2024-04-05,US,24,0.13631259420061373,10,0.1448618635560306,10,0.1531918624915472,"DELL,MU,VRT,MRVL,HPE,AVGO,ANET,QCOM,LRCX,TSM",0.08217795021626953,-0.12656235501877697,-0.12656235501877697,50.0
2024-04-08,US,24,0.13561093868264942,10,0.1434759230004196,10,0.14676745320116827,"MU,DELL,HPE,VRT,QCOM,TSM,MRVL,AMAT,AVGO,ANET",0.0908993625462521,-0.12199772884649467,-0.12199772884649467,49.8
2024-04-09,US,24,0.1879763980670128,10,0.16698670809097732,10,0.19532282733858025,"ADI,MU,QCOM,TSM,MRVL,DELL,HPE,AMAT,TXN,ASML",0.16698670809097732,-0.09428551843748548,-0.09428551843748548,60.0
2024-04-10,US,24,0.16809371172546958,10,0.1697098484547515,10,0.17235328427846508,"TSM,MU,DELL,VRT,HPE,MRVL,AMAT,ADI,QCOM,AVGO",0.1697098484547515,-0.10317625222989357,-0.10317625222989357,60.0
2024-04-11,US,24,0.19109050988007428,10,0.20775915496662725,10,0.2007607888655291,"MU,TSM,AVGO,QCOM,AMAT,VRT,DELL,LRCX,ADI,HPE",0.20775915496662725,-0.09491318511592363,-0.09491318511592363,60.0
2024-04-12,US,24,0.1590584857770008,10,0.15175316400925126,10,0.1742962282033363,"MU,TSM,VRT,AVGO,QCOM,AMAT,DELL,LRCX,ASML,HPE",0.15175316400925126,-0.10494635998519711,-0.10494635998519711,60.0
2024-04-15,US,24,0.21339021993562016,10,0.2005314749461522,10,0.19668551689473646,"MU,TSM,DELL,QCOM,VRT,AMAT,AVGO,ASML,LRCX,KLAC",0.2005314749461522,-0.07671824191152304,-0.07671824191152304,60.0
2024-04-16,US,24,0.2008958285683209,10,0.14673457676277102,10,0.17868099993960743,"MU,DELL,AMAT,SMCI,ASML,VRT,KLAC,AVGO,LRCX,TSM",0.1300217094677758,-0.11044285936459056,-0.11044285936459056,54.3
2024-04-17,US,24,0.24991404803564765,9,0.21343888143505313,9,0.21343888143505313,"DELL,SMCI,VRT,TSM,MU,AMAT,HPE,QCOM,NVDA",0.19667894357734514,-0.07985653868606205,-0.07985653868606205,53.55555555555556
2024-04-18,US,24,0.18710343356137848,7,0.13883841304544917,7,0.13883841304544917,"DELL,VRT,SMCI,NVDA,HPE,MU,QCOM",0.124996334109518,-0.060216908782499176,-0.060216908782499176,51.57142857142857
2024-04-19,US,24,0.22304743802730664,4,0.12478482965194099,4,0.12478482965194099,"DELL,VRT,HPE,MU",0.12478482965194099,-0.007254080931662854,-0.007254080931662854,60.0
2024-04-22,US,24,0.17906527691256602,4,0.115592098857898,4,0.115592098857898,"DELL,VRT,HPE,MU",0.115592098857898,-0.004668971068762656,-0.004668971068762656,60.0
2024-04-23,US,24,0.16124571883904668,5,0.1435928903415033,5,0.1435928903415033,"DELL,VRT,NVDA,MU,HPE",0.1435928903415033,-0.0505600006345112,-0.0505600006345112,60.0
2024-04-24,US,24,0.18267507847424277,7,0.13177382335067386,7,0.13177382335067386,"TXN,ADI,VRT,DELL,QCOM,HPE,MU",0.13177382335067386,-0.009535389718649787,-0.009535389718649787,60.0
2024-04-25,US,24,0.08122117464359578,10,0.11623583206391812,10,0.07848234402067683,"VRT,TXN,ADI,DELL,KLAC,AVGO,TSM,NVDA,QCOM,HPE",0.11623583206391812,-0.037699810845431045,-0.037699810845431045,60.0
2024-04-26,US,24,0.03782070341068692,10,0.049597572732675274,10,0.028023575911030097,"VRT,TXN,ADI,KLAC,AVGO,DELL,NVDA,MRVL,AMAT,TSM",0.05256003955330356,-0.06725672195437357,-0.06725672195437357,60.0
2024-04-29,US,24,0.05726025130742221,10,0.07923658344812443,10,0.07923658344812443,"TXN,VRT,ADI,KLAC,DELL,AVGO,NVDA,AMAT,QCOM,TSM",0.08149651666969951,-0.06439415610789892,-0.06439415610789892,59.9
2024-04-30,US,24,0.08662085519576285,10,0.11214729082096571,10,0.11214729082096571,"VRT,TXN,ADI,KLAC,DELL,NVDA,AVGO,TSM,QCOM,HPE",0.11404447677693441,-0.04032001696414792,-0.04032001696414792,59.9
2024-05-01,US,24,0.04163143762735525,6,-0.024582422165337847,6,-0.024582422165337847,"TXN,VRT,ADI,DELL,QCOM,MU",-0.012198651103402625,-0.07416356913349269,-0.06780767466083211,59.666666666666664
2024-05-02,US,24,0.08684329210076043,10,0.09339850073061239,10,0.0933985007306124,"QCOM,MPWR,TXN,VRT,ADI,DELL,KLAC,NVDA,TSM,MU",0.09396550091059039,-0.05777383307937628,-0.05411022387840355,59.6
2024-05-03,US,24,0.010244202696575644,10,0.023251611053922816,10,0.023251611053922816,"QCOM,MPWR,TXN,VRT,ADI,NVDA,KLAC,TSM,DELL,AMAT",0.0288006750657842,-0.05234229989828777,-0.0486869468758798,59.5
2024-05-06,US,24,-0.060667755990681506,10,-0.026343021697246272,10,-0.03601446054020996,"QCOM,MPWR,TXN,VRT,KLAC,NVDA,ADI,DELL,ANET,AMAT",-0.01660582111346066,-0.08237638107933809,-0.07505551325066075,59.4
2024-05-07,US,24,-0.060057556442155456,10,-0.0731318425382207,10,-0.03943625081966218,"TXN,QCOM,ADI,KLAC,VRT,MPWR,NVDA,DELL,AMAT,MU",-0.06942074904761696,-0.09937140384699653,-0.0901379096484135,59.3
2024-05-08,US,24,-0.06291650427040137,10,-0.019983652022652832,10,-0.019475360707701183,"TXN,ANET,QCOM,VRT,ADI,DELL,KLAC,MPWR,TSM,NVDA",0.010110645014750775,-0.07948911922245887,-0.054426754921754125,58.3
2024-05-09,US,24,-0.10341456091206012,10,-0.08303496090001469,10,-0.05914645332661687,"ANET,TXN,QCOM,ADI,VRT,DELL,MPWR,KLAC,TSM,AMAT",-0.04680025575898013,-0.10709494441246334,-0.07483498037497693,57.8
2024-05-10,US,24,-0.044223535568496154,10,-0.025111361280154777,10,-0.001160354799326213,"ANET,TXN,TSM,QCOM,ADI,DELL,KLAC,MU,AMAT,MPWR",0.006519495969256139,-0.10906047089034929,-0.07850773821393756,58.5
2024-05-13,US,24,-0.04040179756317742,10,-0.0011699413116823322,10,0.004482537518681662,"ANET,TXN,QCOM,ADI,MU,TSM,KLAC,DELL,NVDA,AVGO",0.027655494273075232,-0.09015469772095948,-0.06126918357967533,58.5
2024-05-14,US,24,-0.0625626642637076,10,-0.048650851398708464,10,-0.04573674717730147,"TXN,ANET,QCOM,ADI,TSM,MU,KLAC,AVGO,ON,DELL",-0.026812159929841393,-0.12784760545768142,-0.09750203200969597,57.5
2024-05-15,US,24,-0.05127201958895731,10,-0.058752595288266915,10,-0.019021975157611427,"TXN,ANET,DELL,QCOM,TSM,ADI,MU,KLAC,AVGO,VRT",-0.025515950774041653,-0.16931427490987444,-0.10775026376203227,53.1
2024-05-16,US,24,-0.04969914808152578,10,-0.0416434648684057,10,-0.009337887531755495,"TXN,ANET,QCOM,ADI,MU,DELL,TSM,KLAC,AVGO,MRVL",-0.03977548365358828,-0.15560641115771914,-0.11161124044869215,55.4
2024-05-17,US,24,0.010722165395644162,10,0.01830330968367263,10,0.0519023185604914,"TXN,DELL,ANET,QCOM,ADI,TSM,KLAC,MU,HPE,AVGO",0.024700516959639728,-0.13462169404403218,-0.09220718741137679,55.7
2024-05-20,US,24,0.007814430722194754,10,-0.01547399760356718,10,0.025259543467698986,"TXN,QCOM,ADI,KLAC,ANET,MU,MRVL,TSM,AMAT,DELL",-0.053572090896019685,-0.16211250907928848,-0.12788925579897792,54.4
2024-05-21,US,24,0.0037873985504054963,10,0.009140976154806047,10,0.03248517850607957,"TXN,QCOM,ADI,KLAC,ANET,TSM,DELL,AMAT,MU,NVDA",0.004361838100856319,-0.15795186117921162,-0.10992406420129183,53.9
2024-05-22,US,24,-0.03415832931950422,10,-0.009305673808176818,10,-0.01072244119909328,"ADI,TXN,QCOM,KLAC,TSM,HPE,DELL,ANET,MPWR,ON",-0.003566314251830316,-0.1477460541851758,-0.11489607633093227,52.3
2024-05-23,US,24,0.013468583806022163,10,-0.008195852404027948,10,0.02651073906594047,"ADI,NVDA,QCOM,TXN,TSM,DELL,MRVL,HPE,KLAC,AMAT",-0.019934884510161743,-0.16369452823647562,-0.11843628128636441,50.0
2024-05-24,US,24,-0.04305545906720496,10,-0.071597780962367,10,-0.061300065228982216,"QCOM,NVDA,ADI,TSM,TXN,DELL,MRVL,KLAC,HPE,MU",-0.05250093866343265,-0.19831289508975652,-0.13750975995843664,48.4
2024-05-28,US,24,-0.001439181332471719,10,-0.04355755121194366,10,-0.0029999411979192425,"NVDA,QCOM,ADI,DELL,MRVL,ASML,KLAC,TSM,TXN,MU",-0.045038785899003855,-0.194183596609338,-0.13233655135226235,46.7
2024-05-29,US,24,-0.02691305883650905,10,-0.08827853407401805,10,-0.030635452796846485,"NVDA,DELL,QCOM,ADI,MU,MRVL,KLAC,HPE,ASML,AMAT",-0.08675316362955474,-0.21200580615190495,-0.15044335805402947,44.8
2024-05-30,US,24,-0.016292308466066708,10,0.015642002122193112,10,-0.027322799728226523,"NVDA,DELL,ADI,HPE,QCOM,MRVL,ASML,KLAC,TXN,COHR",0.001443477916249114,-0.15843098259533844,-0.12246232879321602,51.6
2024-05-31,US,24,-0.04064057380537161,10,0.036682423628725445,10,0.007568221201688341,"CRDO,NVDA,ADI,QCOM,ASML,KLAC,TXN,AMAT,ON,MPWR",0.020119159176685254,-0.12309894025698706,-0.11238662361604104,54.3
2024-06-03,US,24,-0.022930359983844958,10,0.02563897512908494,10,0.057307655729129735,"CRDO,COHR,NVDA,ADI,QCOM,ASML,TSM,MU,HPE,ON",-0.0024795784175475786,-0.13719912076741697,-0.11571742110163882,52.0
2024-06-04,US,24,-0.018718828120476556,10,0.0328149776922371,10,0.04102581686091272,"NVDA,CRDO,COHR,ADI,QCOM,ASML,MU,TSM,KLAC,TXN",0.031040669868134974,-0.14713406740673562,-0.11539831883055363,50.7
2024-06-05,US,24,-0.10785908586051136,10,-0.0769941271581125,10,-0.0769941271581125,"NVDA,CRDO,ASML,HPE,COHR,ADI,TSM,QCOM,MU,KLAC",-0.0721219152194155,-0.17594915372973127,-0.14259008128337353,47.8
2024-06-06,US,24,-0.09539893972920632,10,-0.05675614207807659,10,-0.06962590274334195,"NVDA,CRDO,ASML,HPE,ADI,COHR,TSM,QCOM,KLAC,AMAT",-0.05885522071171625,-0.15589387048588357,-0.1389698834811095,48.4
2024-06-07,US,24,-0.10469370800703509,10,-0.10698556507984376,10,-0.10335680771545444,"CRDO,NVDA,HPE,ASML,TSM,COHR,ADI,QCOM,AMAT,MU",-0.0850943540329178,-0.17861588652012542,-0.14818181410520712,45.7
2024-06-10,US,24,-0.16425152714329538,10,-0.12664929021600435,10,-0.136625162660833,"CRDO,HPE,NVDA,TSM,ASML,COHR,LRCX,AMAT,MPWR,ADI",-0.1266944476918359,-0.16972935173258794,-0.15202362394010777,45.8
2024-06-11,US,24,-0.16526046330526598,10,-0.12775199363128262,10,-0.11556821328748379,"CRDO,HPE,NVDA,ASML,AMAT,TSM,COHR,AVGO,LRCX,MPWR",-0.10503100913136396,-0.18202267845539363,-0.14588746945992495,41.8
2024-06-12,US,24,-0.17012585517765344,10,-0.14629175680235615,10,-0.15812479069954113,"CRDO,HPE,NVDA,TSM,ASML,AMAT,LRCX,MPWR,COHR,AVGO",-0.11456288680301499,-0.20448854849417267,-0.15474709544642548,38.0
2024-06-13,US,24,-0.1279827121068591,10,-0.08161172826575605,10,-0.10938852514870559,"AVGO,HPE,NVDA,CRDO,ANET,MU,TSM,COHR,AMAT,MPWR",-0.0919593034564864,-0.19289302545069437,-0.14869225094554003,42.7
2024-06-14,US,24,-0.13473351566267364,10,-0.12431101644129501,10,-0.09993678131731487,"AVGO,NVDA,HPE,CRDO,COHR,TSM,ANET,AMAT,LRCX,MU",-0.14842643086554239,-0.23114187358515953,-0.16436875529379327,32.7
2024-06-17,US,24,-0.12936583470771032,10,-0.13359859294758522,10,-0.15419195628707616,"AVGO,ANET,MU,NVDA,HPE,LRCX,TSM,COHR,AMAT,KLAC",-0.17230907957799296,-0.24752972875479745,-0.18372050183246472,31.2
2024-06-18,US,24,-0.15334743534853373,10,-0.16055468552434804,10,-0.18336262199313652,"AVGO,MU,NVDA,LRCX,AMAT,ANET,TSM,MPWR,KLAC,HPE",-0.11301212877332756,-0.24766949365566396,-0.1534780852813155,28.5
2024-06-20,US,24,-0.11372519524299896,10,-0.10493896916873649,10,-0.12742356662326335,"AVGO,ANET,NVDA,LRCX,HPE,TSM,CRDO,AMAT,MPWR,MU",-0.07788806432318654,-0.2045951977282197,-0.14449902223465316,39.2
2024-06-21,US,24,-0.10918359927287226,10,-0.09439172694396904,10,-0.09418267339702177,"ANET,AVGO,MPWR,LRCX,COHR,TSM,HPE,SMCI,AMAT,NVDA",-0.09737788735820029,-0.219307849548096,-0.1509576563204457,36.8
2024-06-24,US,24,-0.06360703886929997,10,-0.026235872977174567,10,-0.04433258830544279,"COHR,ANET,AVGO,LRCX,HPE,CRDO,MPWR,MU,TSM,AMAT",-0.06740333770375892,-0.19158999599422502,-0.14987548151790014,39.5
2024-06-25,US,24,-0.07030595961841644,10,-0.03511551711116183,10,-0.025067919161753292,"ANET,CRDO,LRCX,COHR,MPWR,HPE,TSM,AVGO,AMAT,MU",-0.06479549817925137,-0.19935247433072806,-0.1471509742301047,38.3
2024-06-26,US,24,-0.05970969415015928,10,-0.01504074504704267,10,-0.01504074504704267,"ANET,CRDO,LRCX,MPWR,HPE,COHR,TSM,AVGO,MU,NVDA",-0.07084934078393769,-0.1946702034961394,-0.14935883780885417,37.7
2024-06-27,US,24,-0.06081338485366614,10,-0.03247883970627714,10,-0.0010630454918789222,"ANET,CRDO,LRCX,HPE,SMCI,COHR,TSM,MPWR,AVGO,KLAC",-0.0767298842784821,-0.2189335140859497,-0.1593685173636245,37.5
2024-06-28,US,24,-0.05287520234584194,10,0.004834184410133791,10,0.010914864376741462,"ANET,CRDO,LRCX,COHR,HPE,MPWR,TSM,AVGO,AMAT,KLAC",-0.1096741293109186,-0.19060792804022691,-0.15583568353173644,30.4
2024-07-01,US,24,-0.01897763840459842,10,0.01908699074175174,10,0.04218462552793634,"ANET,CRDO,LRCX,AVGO,COHR,AMAT,MPWR,HPE,KLAC,DELL",-0.1082361389898511,-0.21155733789042402,-0.15998538990775302,28.9
2024-07-02,US,24,-0.05737116128785396,10,0.007175443026015793,10,-0.04491485861126297,"ANET,CRDO,LRCX,AMAT,AVGO,KLAC,MPWR,TSM,COHR,TXN",-0.1083240151705572,-0.1869246604881457,-0.15597636298123643,32.2
2024-07-03,US,24,-0.0796761299146181,10,-0.04912614534223496,10,-0.06979633539435136,"ANET,TSM,CRDO,AVGO,KLAC,LRCX,AMAT,MPWR,COHR,ASML",-0.1314990177745657,-0.22508979988797906,-0.17049787832488156,21.0
2024-07-05,US,24,-0.10549910025401872,10,-0.09635291039070934,10,-0.04894107927368441,"ANET,TSM,INTC,AMD,CRDO,AVGO,LRCX,KLAC,COHR,ASML",-0.17545629179809438,-0.2574051873882225,-0.2023821999903325,20.0
2024-07-08,US,24,-0.10361287363737896,10,-0.04960191102326768,10,-0.10993426661402661,"INTC,ANET,AMD,TSM,COHR,ON,AVGO,KLAC,TXN,CRDO",-0.15295644878633627,-0.22544655778838202,-0.18169646548736784,23.9
2024-07-09,US,24,-0.09873165211644423,10,-0.10408984415782618,10,-0.08067755695044204,"INTC,ANET,AMD,AMAT,KLAC,LRCX,TSM,AVGO,CRDO,TXN",-0.1562082569666774,-0.24974128361073494,-0.1834540562188988,17.5
2024-07-10,US,24,-0.09486123071323886,10,-0.1302974816690324,10,-0.13078664896353356,"INTC,AMD,TSM,AMAT,KLAC,ON,LRCX,ASML,TXN,ANET",-0.12724545615471178,-0.25809628094832365,-0.1800568103655746,24.0
2024-07-11,US,24,-0.06499501646336482,10,-0.04596982491075522,10,-0.06598334256931329,"AMD,INTC,COHR,ANET,ON,TSM,TXN,KLAC,ADI,ASML",-0.12421152765995917,-0.21726614916046869,-0.17278681327312642,26.7
2024-07-12,US,24,-0.06738097667478418,10,-0.03208825358412071,10,-0.04868282521101815,"INTC,ON,AMD,COHR,ADI,TSM,TXN,ANET,ASML,MPWR",-0.09866596649773307,-0.2212959311589333,-0.16840365116475606,29.7
2024-07-15,US,24,-0.05398168299714712,10,0.0040169447845995855,10,-0.033909974287241,"INTC,COHR,ON,CRDO,AMD,MPWR,TXN,ADI,TSM,ANET",-0.09969118519630146,-0.21867422833047517,-0.17331983948604066,29.7
2024-07-16,US,24,-0.01580797457655723,10,0.0034139753465931124,10,0.020187165746476166,"ON,COHR,TXN,ADI,CRDO,INTC,MPWR,MRVL,AMD,TSM",-0.1186771899242327,-0.2172310194824966,-0.16202919042272468,25.7
2024-07-17,US,24,0.022675176418416418,10,0.06288330309032425,10,0.06288330309032425,"INTC,TXN,ON,ADI,COHR,CRDO,MPWR,HPE,TSM,ANET",-0.0976984317335868,-0.18989505575833182,-0.17189132718520977,31.1
2024-07-18,US,24,0.05219505812608841,10,0.07208908725132818,10,0.0816497452499809,"INTC,TXN,ADI,ON,MPWR,COHR,CRDO,HPE,TSM,NVDA",-0.10282496562203658,-0.19107545546212812,-0.175967656146018,30.9
2024-07-19,US,24,0.004000043155795848,10,0.042803421729405246,10,0.05285811321288029,"INTC,TXN,ON,ADI,MPWR,CRDO,COHR,HPE,AVGO,NVDA",-0.12619661733269819,-0.1858898151711529,-0.17461798531465883,30.3
2024-07-22,US,24,0.009844683902971843,10,0.014331569935235345,10,0.03799699700371957,"TXN,ON,ADI,MPWR,INTC,COHR,NVDA,AVGO,KLAC,HPE",-0.11630944302127007,-0.1799434080642957,-0.1670942025460259,34.6
2024-07-23,US,24,0.029961970618594316,10,0.08541921645687992,10,0.07067643989432727,"MPWR,INTC,ON,AVGO,CRDO,TXN,ADI,COHR,ANET,NVDA",-0.09294531591994074,-0.16607124227242137,-0.16028103319379436,34.4
2024-07-24,US,24,0.08035665996152926,9,0.14270187987295663,9,0.14270187987295663,"TXN,INTC,CRDO,MPWR,COHR,NVDA,HPE,AVGO,ANET",-0.007425948162965466,-0.14829789676181265,-0.13964975376126226,36.888888888888886
2024-07-25,US,24,0.07403401491795775,5,0.1809665191149153,5,0.1809665191149153,"TXN,MPWR,CRDO,COHR,HPE",-0.08556463780145743,-0.1363529726146805,-0.1363529726146805,37.8
2024-07-26,US,24,0.06034453574726667,7,0.1304284288261824,7,0.1304284288261824,"TXN,MPWR,ADI,COHR,CRDO,AVGO,HPE",-0.05141631862824874,-0.1412921615392059,-0.13514305508428032,37.0
2024-07-29,US,24,0.06195486638726198,6,0.12576840882591064,6,0.12576840882591064,"ON,TXN,MPWR,ADI,COHR,CRDO",0.02654337804442299,-0.12765377050686208,-0.12765377050686208,50.833333333333336
2024-07-30,US,24,0.06405367820575951,2,-0.03256933997283473,2,-0.03256933997283473,"TXN,ON",-0.03256933997283473,-0.11898804806960855,-0.11898804806960855,60.0
2024-07-31,US,24,0.07796652674966414,10,0.09284317282996432,10,0.09284317282996432,"ON,TXN,MPWR,ANET,KLAC,ADI,AVGO,NVDA,TSM,COHR",-0.00027877977513180997,-0.1321766039742841,-0.12847388703569868,43.0
2024-08-01,US,24,0.19785114537093207,2,0.4098590870034091,2,0.4098590870034091,"ANET,CRDO",0.4098590870034091,-0.027143467037331226,-0.027143467037331226,60.0
2024-08-02,US,24,0.3305288721447425,1,0.24878090718987922,1,0.24878090718987922,MPWR,0.24878090718987922,0.0,0.0,60.0
2024-08-05,US,24,0.2050980046891819,0,,0,,,,,,
2024-08-06,US,24,0.1310294687796084,0,,0,,,,,,
2024-08-07,US,24,0.18951130828892104,0,,0,,,,,,
2024-08-08,US,24,0.14227886254100636,2,0.05247206130626936,2,0.05247206130626936,"MPWR,ANET",0.05247206130626936,-0.07309779620496742,-0.07309779620496742,60.0
2024-08-09,US,24,0.1794434832022882,4,0.20995945021731427,4,0.20995945021731427,"TSM,ANET,MPWR,CRDO",0.20995945021731427,-0.0785525868770019,-0.0785525868770019,60.0
2024-08-12,US,24,0.19871427679719944,4,0.2312919537820892,4,0.2312919537820892,"TSM,ANET,MPWR,CRDO",0.2312919537820892,-0.0915751820814922,-0.0915751820814922,60.0
2024-08-13,US,24,0.18600467727413425,7,0.1713677262224349,7,0.1713677262224349,"TSM,MPWR,ANET,CRDO,AVGO,TXN,ON",0.06146240399664201,-0.10073674903305985,-0.10073674903305985,53.857142857142854
2024-08-14,US,24,0.16489260766370886,5,0.10849038959913145,5,0.10849038959913145,"ANET,TSM,MPWR,NVDA,AVGO",0.05250204967583096,-0.12678642519739342,-0.12678642519739342,51.2
2024-08-15,US,24,0.11302600090961534,10,0.08253344567734308,10,0.08253344567734308,"MPWR,MRVL,KLAC,AVGO,ANET,TSM,NVDA,COHR,TXN,ON",0.04396615998019634,-0.1268782544882165,-0.10969748089340454,45.9
2024-08-16,US,24,0.09744559297390927,10,0.07127231135405279,10,0.07127231135405279,"COHR,MPWR,NVDA,MRVL,AVGO,TSM,ANET,KLAC,ON,TXN",0.03135305336971156,-0.13292365971196424,-0.11938843239156793,48.3
2024-08-19,US,24,0.06534987617127848,10,0.034257782407823054,10,0.034257782407823054,"COHR,NVDA,MRVL,AVGO,MPWR,TSM,ON,KLAC,ANET,TXN",0.006399530135301046,-0.1490811912692634,-0.12600593749505382,47.6
2024-08-20,US,24,0.059849745529499676,10,0.024297144158928287,10,0.024297144158928287,"COHR,NVDA,AVGO,MRVL,MPWR,ANET,TSM,TXN,KLAC,ON",-0.00011560048377424747,-0.15207457365917504,-0.12652086614642247,47.2
2024-08-21,US,24,0.005301403466983133,10,-0.04622772488700564,10,-0.034792359206839284,"COHR,AMD,NVDA,MPWR,MRVL,TXN,AVGO,ANET,KLAC,ON",-0.05096439855575028,-0.17771720537125857,-0.13998463950875517,35.2
2024-08-22,US,24,0.04767393283262158,9,0.03307336148371312,9,0.03307336148371312,"CRDO,COHR,NVDA,ANET,MPWR,MRVL,TXN,AVGO,ON",-0.03555518608672337,-0.17317478308405349,-0.1474885649491312,41.77777777777778
2024-08-23,US,24,0.0646174529714042,10,0.02542252929366534,10,0.05597178008873549,"CRDO,COHR,NVDA,MRVL,TXN,MPWR,AVGO,ANET,ADI,KLAC",-0.03817784591863408,-0.18272860854548317,-0.15281239052542178,40.8
2024-08-26,US,24,0.08081010754657456,9,0.07432378300904248,9,0.07432378300904248,"CRDO,COHR,TXN,NVDA,MPWR,MRVL,AVGO,ON,ANET",0.013937876567874584,-0.158775506525605,-0.13085889276804427,46.666666666666664
2024-08-27,US,24,0.1011476846937364,10,0.034713649024791716,10,0.08093434708030225,"CRDO,COHR,TXN,NVDA,ADI,MPWR,MRVL,KLAC,ON,AVGO",-0.022489568965007155,-0.18000778438018905,-0.1489824211112528,45.1
2024-08-28,US,24,0.11570017068633631,9,0.07328811034253922,9,0.07328811034253922,"COHR,CRDO,TXN,MPWR,NVDA,MRVL,KLAC,ON,ANET",0.009573869736033518,-0.17342306249507733,-0.14175048618213804,43.333333333333336
2024-08-29,US,24,0.09379090085752768,8,0.0492487759328005,8,0.0492487759328005,"CRDO,TXN,COHR,ADI,MPWR,MRVL,ON,ANET",-0.05013483819493687,-0.18602113914537682,-0.1592935234471225,43.5
2024-08-30,US,24,0.10733319982482249,10,0.03758634908042665,10,0.031117823172396718,"MRVL,TXN,ADI,CRDO,COHR,ON,MPWR,KLAC,ANET,AVGO",0.0031323735960202548,-0.17185691163242195,-0.14288678993193188,49.2
2024-09-03,US,24,0.15275054168078367,4,0.2812975402660975,4,0.2812975402660975,"MRVL,CRDO,TXN,COHR",0.136704877093158,-0.08722243309251684,-0.0862694470696452,45.5
2024-09-04,US,24,0.18875803968113877,5,0.23278382871716952,5,0.23278382871716952,"MRVL,TXN,COHR,CRDO,MPWR",0.2561158033067207,-0.12013717942957355,-0.09999763956348155,57.6
2024-09-05,US,24,0.21078225948679744,3,0.2692921093915011,3,0.2692921093915011,"MRVL,COHR,TXN",0.2692921093915011,-0.051759829590222926,-0.051759829590222926,60.0
2024-09-06,US,24,0.29187425471665784,0,,0,,,,,,
2024-09-09,US,24,0.31598898964903155,2,0.35427880731405603,2,0.35427880731405603,"MRVL,TXN",0.35427880731405603,-0.017903435158724446,-0.017903435158724446,60.0
2024-09-10,US,24,0.28236687912809155,3,0.06756760183792121,3,0.06756760183792121,"MRVL,TXN,MPWR",0.10390969449150644,-0.13501819212872268,-0.10206422983592907,54.666666666666664
2024-09-11,US,24,0.2559412623457424,8,0.21388440884520693,8,0.21388440884520699,"MRVL,VRT,TSM,ADI,ANET,MPWR,COHR,TXN",0.2245270264946575,-0.06899772972154573,-0.05712405821071527,57.875
2024-09-12,US,24,0.20769365176741797,8,0.18361648250899362,8,0.18361648250899362,"VRT,MRVL,ANET,AVGO,TSM,COHR,NVDA,MPWR",0.20523405335896738,-0.07553121117078658,-0.048018534913374156,56.875
2024-09-13,US,24,0.17412286563393387,10,0.12024707214094807,10,0.10092291488452032,"VRT,ANET,AVGO,MRVL,TSM,AMD,COHR,MPWR,ADI,NVDA",0.13935298010308378,-0.0732250096108945,-0.05095050210217208,57.4
2024-09-16,US,24,0.1822542898838353,8,0.16163757237629656,8,0.16163757237629656,"VRT,ANET,AMD,AVGO,MRVL,TSM,MPWR,COHR",0.16608094311709382,-0.08168839518077152,-0.06991185427710545,57.5
2024-09-17,US,24,0.171634090524219,8,0.1409479651360093,8,0.1409479651360093,"VRT,ANET,AVGO,COHR,MRVL,ADI,TXN,MPWR",0.14945301376832476,-0.07260742422449376,-0.06060609825241052,57.375
2024-09-18,US,24,0.179909163426616,7,0.19974879457686148,7,0.19974879457686148,"VRT,ANET,COHR,AVGO,MRVL,TXN,MPWR",0.2249524135921492,-0.08085805562616846,-0.04903123510818397,55.857142857142854
2024-09-19,US,24,0.20001673141505835,10,0.37267258540073145,10,0.38477406295532324,"ANET,VRT,COHR,AMD,TSM,ALAB,DELL,ADI,AVGO,MRVL",0.3757942760494144,-0.046255756723437305,-0.04558267980036038,59.6
2024-09-20,US,24,0.1514579223639354,10,0.2978950359177259,10,0.2978950359177259,"VRT,ANET,ALAB,COHR,AVGO,AMD,DELL,TSM,MRVL,ADI",0.3020751453112095,-0.053743098860278074,-0.0520045242357974,59.5
2024-09-23,US,24,0.09300792220965591,10,0.14767879740845277,10,0.22716088090872524,"VRT,ANET,ALAB,COHR,AVGO,AMD,DELL,TSM,ADI,MPWR",0.17268364922686766,-0.09637411452010317,-0.07036303943549381,56.2
2024-09-24,US,24,0.08298045827686236,10,0.16063957489108308,10,0.2357047685941029,"VRT,COHR,ALAB,ANET,TSM,AVGO,AMD,DELL,NVDA,MPWR",0.18828848592463593,-0.09394516443836386,-0.06624610103823844,56.0
2024-09-25,US,24,0.055371920215216315,10,0.18965024794133034,10,0.23518635480724231,"VRT,ALAB,COHR,ANET,HPE,AMD,TSM,AVGO,DELL,NVDA",0.20311202691014926,-0.0940840359490407,-0.08101687445017801,56.7
2024-09-26,US,24,0.08449939494422742,10,0.13829828441374697,10,0.16172287233334398,"ALAB,MU,VRT,COHR,DELL,AMD,HPE,TSM,AMAT,ANET",0.14452251319609696,-0.11823097968184919,-0.10185126725879079,54.1
2024-09-27,US,24,0.13593948784020163,10,0.31067454477439527,10,0.22036251453503414,"ALAB,MU,VRT,HPE,AMD,COHR,AMAT,ANET,CRDO,DELL",0.3137804024247396,-0.08634247246289763,-0.07300727604725919,54.8
2024-09-30,US,24,0.13251196965142042,10,0.3860440915597487,10,0.2548383037956813,"HPE,VRT,ALAB,AMD,MU,ANET,COHR,AVGO,CRDO,NVDA",0.39106532388766435,-0.07960816484958755,-0.06747295084180543,56.9
2024-10-01,US,24,0.14395688712354088,10,0.37685993364947745,10,0.3069202942466086,"HPE,VRT,ANET,COHR,ALAB,AMD,CRDO,AVGO,MPWR,TSM",0.4020437192057155,-0.07689709191791826,-0.04474789150023499,53.5
2024-10-02,US,24,0.11318701607261394,10,0.32215657721661495,10,0.23634600036459846,"HPE,VRT,ANET,COHR,ALAB,CRDO,AMAT,AMD,AVGO,KLAC",0.33480906679292993,-0.08210271887868852,-0.06813014607232,53.6
2024-10-03,US,24,0.067289398691858,10,0.13623408379244914,10,0.2908609312503473,"HPE,VRT,COHR,ANET,MU,CRDO,AMD,NVDA,AVGO,TSM",0.15003501873390102,-0.07657153312726953,-0.06074437000268805,55.6
2024-10-04,US,24,0.089421242614576,10,0.31251690144661065,10,0.31251690144661065,"VRT,HPE,COHR,AMD,ANET,CRDO,ALAB,AVGO,MU,NVDA",0.3245892662418563,-0.07280070392652482,-0.05936839155804223,55.8
2024-10-07,US,24,0.1154729907832296,10,0.3279530168511734,10,0.3477325483066716,"HPE,VRT,AMD,COHR,CRDO,NVDA,ANET,TSM,ALAB,MU",0.33471308227691515,-0.07094977395947981,-0.05756986129572435,55.6
2024-10-08,US,24,0.12259577398643297,10,0.3510135245529593,10,0.3306888381313357,"HPE,VRT,COHR,NVDA,CRDO,AMD,ANET,AVGO,TSM,ALAB",0.3595682517187975,-0.07256133347274885,-0.059358230916012264,55.7
2024-10-09,US,24,0.09695299647290083,10,0.3010957686533291,10,0.2732347303970776,"ALAB,CRDO,VRT,COHR,HPE,ANET,AVGO,NVDA,AMD,TSM",0.3111743662925886,-0.06903262467031793,-0.05549586689463461,55.6
2024-10-10,US,24,0.06609314922783559,10,0.2539797197480948,10,0.243631485005473,"ALAB,CRDO,NVDA,COHR,ANET,VRT,AVGO,HPE,MU,DELL",0.24052964271657157,-0.07731177652612171,-0.07463234224747786,58.9
2024-10-11,US,24,0.017392101368393902,10,0.1899319931697521,10,0.1614469816385337,"CRDO,ALAB,COHR,VRT,ANET,NVDA,TSM,DELL,MU,HPE",0.17689241319742646,-0.09737229344115442,-0.09476163751531606,58.8
2024-10-14,US,24,0.001582627276181775,10,0.13899402405895928,10,0.16361671960670965,"CRDO,NVDA,ALAB,VRT,COHR,ANET,TSM,ASML,AMAT,DELL",0.1418455332405378,-0.11074448520104382,-0.09877982812813843,49.4
2024-10-15,US,24,0.04739655290968283,10,0.23461015387070577,10,0.264786100111919,"MRVL,CRDO,ALAB,COHR,NVDA,HPE,VRT,DELL,TSM,QCOM",0.23461015387070577,-0.05701962424843402,-0.05701962424843402,60.0
2024-10-16,US,24,0.050553130942390855,10,0.24084536844685495,10,0.257956168715657,"MRVL,ALAB,CRDO,VRT,NVDA,MU,COHR,HPE,DELL,ANET",0.22691606660940958,-0.09380935678591852,-0.09128167897980945,58.5
2024-10-17,US,24,0.06580610206930997,10,0.24213241032013344,10,0.22210703310028626,"TSM,VRT,ALAB,MU,CRDO,NVDA,MRVL,DELL,COHR,HPE",0.22810312593322166,-0.08394955947696184,-0.08143105120878222,58.3
2024-10-18,US,24,0.1052450991193774,10,0.28935245947118793,10,0.28935245947118793,"TSM,ALAB,NVDA,MU,MRVL,CRDO,VRT,DELL,COHR,HPE",0.2709275017996012,-0.07467353771814984,-0.07214028033785966,58.3
2024-10-21,US,24,0.12238799143174266,10,0.3029967633514719,10,0.30100745051054634,"NVDA,CRDO,TSM,MRVL,ALAB,VRT,MU,DELL,ANET,COHR",0.28072420111333224,-0.07573107467291654,-0.07313096722909355,58.2
2024-10-22,US,24,0.15277722999094823,10,0.35652224967374646,10,0.3443543605098662,"NVDA,MRVL,CRDO,ALAB,TSM,VRT,MU,QCOM,AVGO,COHR",0.3340391524195331,-0.07439015661538605,-0.07174895211550773,58.1
2024-10-23,US,24,0.14459412873765717,10,0.3468503000167775,10,0.3475385819897865,"MRVL,TSM,ALAB,NVDA,CRDO,VRT,COHR,TXN,MU,ANET",0.32852687299266925,-0.07057192698280414,-0.06793614565662501,58.0
2024-10-24,US,24,0.10316045045003541,10,0.24333640729228337,10,0.2771794788491059,"ALAB,MRVL,NVDA,CRDO,TSM,TXN,VRT,MU,ADI,COHR",0.22680844128698258,-0.0833474834755517,-0.08074978709167217,57.9
2024-10-25,US,24,-0.04659492841432,10,0.003413068248635143,10,0.0019154312148919384,"ALAB,TSM,NVDA,MRVL,CRDO,TXN,VRT,MU,ADI,DELL",-0.0020334122256367325,-0.10319396167184913,-0.10055812137914426,57.8
2024-10-28,US,24,-0.03894857676463075,10,0.03672031649732368,10,0.04350053908404059,"ALAB,MRVL,CRDO,NVDA,VRT,TXN,ON,TSM,QCOM,ADI",0.03507653917817437,-0.10671410973967595,-0.10611887164443785,58.9
2024-10-29,US,24,-0.028235676171375883,10,0.01635001488199983,10,0.018589072118753647,"ALAB,CRDO,MRVL,TXN,NVDA,ON,ADI,SMCI,QCOM,VRT",0.025523260604791275,-0.14978126656147456,-0.11557722460491741,52.5
2024-10-30,US,24,0.028614873001651456,10,0.05432938610870852,10,0.1233926827720256,"ALAB,CRDO,DELL,MRVL,TXN,ON,NVDA,VRT,TSM,MPWR",0.06844928643206126,-0.1320333459715625,-0.11035810962614634,52.9
2024-10-31,US,24,0.05946391330503789,10,0.18930473507312953,10,0.18930473507312953,"ALAB,MRVL,TXN,CRDO,DELL,VRT,TSM,NVDA,ANET,AVGO",0.1897292553830993,-0.06757365039329077,-0.06757365039329077,59.7
2024-11-01,US,24,0.0356724194157013,10,0.10374738553879166,10,0.10747840353557447,"ALAB,MRVL,DELL,CRDO,TXN,INTC,TSM,NVDA,HPE,ANET",0.11474297630872694,-0.0855816935579801,-0.07694795910091072,54.4
2024-11-04,US,24,0.03956876624999248,10,0.09497831772402038,10,0.09389328852922586,"MRVL,DELL,CRDO,ALAB,TXN,INTC,NVDA,HPE,TSM,ANET",0.09937502868981186,-0.08425018749189879,-0.07770879574468344,55.8
2024-11-05,US,24,0.04363380820075743,10,0.08297295906113537,10,0.0886087018974588,"ALAB,MRVL,DELL,CRDO,INTC,NVDA,ANET,VRT,TSM,TXN",0.0896892786015389,-0.1289058249389267,-0.11497021172517301,52.8
2024-11-06,US,24,0.020966797986920846,10,0.043819565497626514,10,0.027342140485116694,"ALAB,MRVL,CRDO,INTC,DELL,TXN,ANET,VRT,HPE,NVDA",0.023492053557593363,-0.1550666775283907,-0.13529763608277623,49.6
2024-11-07,US,24,0.00201476787282355,10,0.013570024743514496,10,-0.0016042501431149602,"ALAB,MRVL,CRDO,INTC,ANET,COHR,TXN,NVDA,DELL,VRT",-0.07175814989631507,-0.1775163398774634,-0.14805502041313665,40.1
2024-11-08,US,24,0.03955299246967949,10,0.040364188690445134,10,0.013568581493140119,"ALAB,CRDO,MRVL,INTC,TXN,HPE,VRT,COHR,NVDA,AVGO",-0.06945590182335606,-0.1731706605456313,-0.1555924116835548,42.3
2024-11-11,US,24,0.040119372529931606,10,-0.003903138381746385,10,-0.003903138381746385,"VRT,HPE,CRDO,MRVL,ALAB,TXN,DELL,INTC,COHR,NVDA",-0.09729114504110636,-0.1616366963624563,-0.14164049652618277,42.2
2024-11-12,US,24,0.04686216507027733,10,-0.01820109132682087,10,-0.01820109132682087,"MRVL,CRDO,HPE,VRT,ALAB,NVDA,DELL,TXN,COHR,INTC",-0.1064043598313225,-0.15852604820236005,-0.1411139854627003,42.8
2024-11-13,US,24,0.07771382387710973,10,-0.008267226481907785,10,-0.008267226481907785,"HPE,VRT,CRDO,ALAB,MRVL,INTC,NVDA,DELL,COHR,TXN",-0.034232496948404044,-0.15295482653636044,-0.1364004742353226,48.3
2024-11-14,US,24,0.12909255626634086,10,0.039243065135457875,10,0.039243065135457875,"MRVL,INTC,HPE,ALAB,VRT,NVDA,DELL,COHR,CRDO,TXN",0.01321002601947947,-0.12406143670207251,-0.10723415898430999,49.1
2024-11-15,US,24,0.1695248280983759,10,0.10609232856052224,10,0.10609232856052224,"VRT,HPE,ALAB,INTC,DELL,MRVL,NVDA,COHR,CRDO,TSM",0.04901331927767614,-0.11157756786720818,-0.09754129028485146,47.6
2024-11-18,US,24,0.1416304480226563,10,0.07714309889509736,10,0.07714309889509735,"VRT,ALAB,HPE,DELL,INTC,MRVL,TXN,NVDA,CRDO,COHR",0.036993533517405267,-0.11889097179204948,-0.10198015511551906,48.3
2024-11-19,US,24,0.12066262813316803,10,0.03501286867088395,10,0.03501286867088395,"VRT,ALAB,HPE,DELL,NVDA,COHR,MRVL,CRDO,INTC,TSM",0.0023283387580551596,-0.1389349499003941,-0.11329142841714139,43.6
2024-11-20,US,24,0.06919316779929437,10,-0.020839997483973062,10,-0.025533829861726177,"VRT,ALAB,COHR,MRVL,NVDA,HPE,DELL,CRDO,INTC,TSM",-0.03244872540143904,-0.15111500380446602,-0.12406753272967701,42.0
2024-11-21,US,24,0.01198878817507354,10,-0.08980781702115043,10,-0.08980781702115043,"VRT,ALAB,MRVL,HPE,DELL,CRDO,COHR,NVDA,ANET,INTC",-0.08135145599584838,-0.17247669123568113,-0.13820254536858742,40.7
2024-11-22,US,24,-0.04229376490203529,10,-0.13003087330114313,10,-0.13003087330114313,"VRT,DELL,ALAB,HPE,MRVL,CRDO,COHR,ANET,INTC,NVDA",-0.0963892993355993,-0.1878821143013359,-0.13707443245485754,39.1
2024-11-25,US,24,-0.014036835024959069,10,-0.09281826329983854,10,-0.11004444437561316,"ALAB,DELL,HPE,CRDO,VRT,ON,MRVL,INTC,MU,ANET",-0.08879346724139839,-0.1919181976809543,-0.1372342634698103,37.9
2024-11-26,US,24,-0.054065136184575556,10,-0.1399535350174939,10,-0.1183354013340577,"ALAB,HPE,DELL,MRVL,VRT,CRDO,ANET,ON,COHR,INTC",-0.11231329117493391,-0.1791841655590119,-0.14164988842998677,43.3
2024-11-27,US,24,-0.037351384771608015,10,-0.11309722544171419,10,-0.09701775724106172,"ALAB,CRDO,ON,ANET,VRT,MRVL,COHR,INTC,HPE,NVDA",-0.08537417361616059,-0.16777523233841077,-0.1295820818610543,44.9
2024-11-29,US,24,-0.10543425289020619,10,-0.1985381146867367,10,-0.18575968363120587,"CRDO,ALAB,MRVL,ON,ANET,VRT,COHR,HPE,INTC,NVDA",-0.13725209406562883,-0.21849313931354614,-0.15568409443490389,42.3
2024-12-02,US,24,-0.12185762631346976,10,-0.1996859391176588,10,-0.2030260881937525,"SMCI,MRVL,ON,LRCX,ALAB,CRDO,ANET,TSM,COHR,VRT",-0.163394905819009,-0.2501196262447215,-0.1782095580845504,44.0
2024-12-03,US,24,-0.1291821175010978,10,-0.20220305369488903,10,-0.20220305369488897,"CRDO,ALAB,SMCI,LRCX,TSM,MRVL,ANET,COHR,VRT,HPE",-0.15301359519862498,-0.2601419492733855,-0.17874977610397208,43.3
2024-12-04,US,24,-0.17211233038788998,10,-0.27083571709087334,10,-0.2896829665028777,"MRVL,CRDO,SMCI,ALAB,TSM,COHR,ANET,LRCX,NVDA,VRT",-0.16121983522017996,-0.3033007500625806,-0.1848422569284939,39.2
2024-12-05,US,24,-0.14593480188953958,10,-0.28867391541565696,10,-0.28867391541565696,"CRDO,MRVL,TSM,SMCI,ALAB,ANET,COHR,VRT,NVDA,HPE",-0.17382082957952466,-0.3280536423059967,-0.1891712378154497,36.5
2024-12-06,US,24,-0.19684314227688074,10,-0.3220595582569009,10,-0.3220595582569009,"CRDO,MRVL,HPE,SMCI,ALAB,ANET,TSM,AVGO,COHR,VRT",-0.1663206988657286,-0.35025519516368603,-0.18697817826836446,39.9
2024-12-09,US,24,-0.18195295379510182,10,-0.21086778868696907,10,-0.2301107986332942,"CRDO,ALAB,SMCI,MRVL,AVGO,HPE,TSM,ANET,LRCX,MU",-0.15613528865692056,-0.2747015960495426,-0.17112635526925063,41.7
2024-12-10,US,24,-0.14101654987745388,9,-0.25197802271892933,9,-0.25197802271892933,"CRDO,ALAB,MRVL,SMCI,ANET,HPE,TSM,COHR,VRT",-0.17734096824919005,-0.3393863754240733,-0.19859182199535064,38.55555555555556
2024-12-11,US,24,-0.1542435105289446,10,-0.21946878160140443,10,-0.21220811167961875,"CRDO,MRVL,AVGO,ALAB,ANET,LRCX,SMCI,TSM,COHR,HPE",-0.1505534672681082,-0.28056163452458527,-0.17242377063301428,43.1
2024-12-12,US,24,-0.13638317428929944,10,-0.27376047246130863,10,-0.27376047246130863,"CRDO,ALAB,AVGO,MRVL,ANET,COHR,HPE,TSM,VRT,NVDA",-0.19035995403955014,-0.3363325646391841,-0.203553475337766,39.9
2024-12-13,US,24,-0.12054416996986132,9,-0.3065620012582142,9,-0.3065620012582142,"AVGO,MRVL,CRDO,ALAB,ANET,TSM,COHR,HPE,VRT",-0.20125082596854915,-0.36781535629499396,-0.20581860557789763,34.22222222222222
2024-12-16,US,24,-0.14508089535748206,10,-0.2656082489314036,10,-0.272031845657888,"AVGO,MRVL,ANET,CRDO,ALAB,MU,TSM,LRCX,COHR,HPE",-0.18670084813345394,-0.3228140017617974,-0.2006391693945905,33.6
2024-12-17,US,24,-0.13249916066858908,10,-0.21849343891366532,10,-0.21849343891366538,"AVGO,ASML,ANET,ALAB,MU,CRDO,MRVL,TSM,LRCX,COHR",-0.15549390729652657,-0.29196556478563424,-0.18480790392634552,36.5
2024-12-18,US,24,-0.09805240881152034,7,-0.21076213806339075,7,-0.2107621380633907,"AVGO,ALAB,CRDO,ANET,MU,TSM,MRVL",-0.13054367592138538,-0.28978133633248426,-0.17765315445500218,43.57142857142857
2024-12-19,US,24,-0.07689946317655931,6,-0.2491393544573619,6,-0.2491393544573619,"AVGO,ALAB,CRDO,ANET,MRVL,TSM",-0.15684766517787993,-0.3107955887888878,-0.1849716200271793,41.0
2024-12-20,US,24,-0.07959482871462252,8,-0.25123392842040054,8,-0.25123392842040054,"AVGO,ALAB,ANET,MRVL,CRDO,TSM,HPE,VRT",-0.20557396837766279,-0.3418521249313875,-0.22206282776443603,39.125
2024-12-23,US,24,-0.10488707506930539,9,-0.23047885570816865,9,-0.23047885570816865,"AVGO,ALAB,TSM,ANET,MRVL,CRDO,ASML,NVDA,HPE",-0.16320243704292967,-0.30697413703866683,-0.19669394375393068,35.111111111111114
2024-12-24,US,24,-0.1434185406338033,9,-0.2739308970568419,9,-0.2739308970568419,"AVGO,ALAB,TSM,ANET,MRVL,CRDO,ASML,NVDA,HPE",-0.1725993946488219,-0.30998296190455304,-0.20101998976087165,34.333333333333336
2024-12-26,US,24,-0.16076120277140282,8,-0.33067134332276726,8,-0.3306713433227673,"AVGO,ALAB,ANET,MRVL,CRDO,TSM,NVDA,HPE",-0.18353665930915616,-0.3497095474048438,-0.1891041147916891,30.5
2024-12-27,US,24,-0.16434957150226204,7,-0.3411994999261076,7,-0.3411994999261076,"AVGO,ALAB,ANET,MRVL,TSM,CRDO,HPE",-0.19866333658908417,-0.3515345300720278,-0.21020939416005477,36.57142857142857
2024-12-30,US,24,-0.16946851753298695,7,-0.3529121166765021,7,-0.3529121166765021,"AVGO,ALAB,ANET,TSM,CRDO,MRVL,HPE",-0.19066740802471996,-0.3600467746578658,-0.21403468789585336,33.57142857142857
2024-12-31,US,24,-0.1632642043103201,7,-0.33358574362281773,7,-0.33358574362281773,"AVGO,ALAB,ANET,MRVL,TSM,CRDO,HPE",-0.20262753555778984,-0.35323847405505393,-0.20877377152566926,34.714285714285715
2025-01-02,US,24,-0.1617108221521151,7,-0.33370304679392326,7,-0.33370304679392315,"AVGO,ALAB,ANET,TSM,CRDO,MRVL,HPE",-0.21134375636736633,-0.36714622170407013,-0.2218132419752765,31.0
2025-01-03,US,24,-0.2883999248037919,10,-0.4378664052630544,10,-0.3709255068512184,"NVDA,TSM,ALAB,ANET,AVGO,COHR,MRVL,VRT,CRDO,HPE",-0.1791457291073546,-0.43777152718552603,-0.1905064866446416,21.3
2025-01-06,US,24,-0.3552368524948641,10,-0.41569346834837956,10,-0.4051225935699388,"TSM,ASML,NVDA,KLAC,VRT,ANET,HPE,ALAB,AVGO,CRDO",-0.18260162900991034,-0.415596880734622,-0.19680494844603807,26.7
2025-01-07,US,24,-0.30900520131406767,10,-0.3214260666069768,10,-0.3440085006580034,"KLAC,AMAT,ASML,VRT,TSM,MU,CRDO,LRCX,HPE,ANET",-0.17769984547526696,-0.3502959408148853,-0.19040208711928164,38.8
2025-01-08,US,24,-0.31910641986217786,10,-0.3491494083463515,10,-0.3820997884917293,"KLAC,VRT,ASML,MRVL,ADI,ANET,LRCX,TSM,HPE,CRDO",-0.19749866607323058,-0.365091994817685,-0.20754681498482616,38.9
2025-01-10,US,24,-0.1678960259417699,10,-0.2723647357314098,10,-0.27236473573140985,"KLAC,VRT,ASML,TSM,HPE,CRDO,ANET,MRVL,AVGO,ALAB",-0.16563645985503456,-0.39469579767007895,-0.1959365340524862,33.3
2025-01-13,US,24,-0.25497306223690036,10,-0.34263628371410076,10,-0.34263628371410076,"KLAC,HPE,VRT,ASML,MRVL,ANET,TSM,AVGO,CRDO,ALAB",-0.19957459376747813,-0.41165061813110393,-0.2119182385028114,29.8
2025-01-14,US,24,-0.24996041793864743,10,-0.3272436519792473,10,-0.33660761596700645,"KLAC,HPE,VRT,ASML,ANET,LRCX,MRVL,TSM,CRDO,ALAB",-0.1971466353086259,-0.40741296432297086,-0.21107460833869301,29.4
2025-01-15,US,24,-0.2602395522442333,10,-0.28074525958241414,10,-0.2637610803661462,"KLAC,HPE,AMAT,MU,QCOM,VRT,CRDO,ANET,ADI,LRCX",-0.18731589136023202,-0.36744536830445,-0.21102488697909694,32.1
2025-01-16,US,24,-0.26221375428107446,10,-0.2576430500259397,10,-0.27874693688289887,"KLAC,AMAT,HPE,MU,LRCX,VRT,TSM,ANET,ASML,QCOM",-0.18377244491526332,-0.35305208280067973,-0.20185893220928505,31.5
2025-01-17,US,24,-0.29697909466302136,10,-0.3550221821485352,10,-0.3849586422752143,"KLAC,AMAT,MU,MRVL,LRCX,VRT,CRDO,ANET,QCOM,HPE",-0.20270260551423327,-0.42029366595416207,-0.22715565932968723,23.8
2025-01-21,US,24,-0.3165568141283801,10,-0.3717635606204398,10,-0.3736512020106283,"KLAC,AMAT,MU,VRT,LRCX,HPE,QCOM,ANET,MRVL,CRDO",-0.20502324664174645,-0.4325568671064265,-0.23255125564284707,20.6
2025-01-22,US,24,-0.3278052045121367,10,-0.34696167792612387,10,-0.3872270734466679,"ANET,KLAC,AMAT,VRT,MPWR,MU,HPE,LRCX,QCOM,CRDO",-0.20256678022489222,-0.3975433864740122,-0.22537654720067973,22.6
2025-01-23,US,24,-0.3223228365991202,10,-0.3437236345202582,10,-0.3375128469575646,"VRT,ANET,QCOM,MPWR,KLAC,HPE,AMAT,MRVL,TSM,ADI",-0.20603346783124094,-0.4074107588054324,-0.22462881380417027,23.1
2025-01-24,US,24,-0.21677963941859965,10,-0.25232859608640457,10,-0.279598281460388,"ANET,QCOM,HPE,VRT,KLAC,MPWR,AMAT,TSM,MRVL,AVGO",-0.18718111606728843,-0.3554328330603578,-0.19386508148806203,32.9
2025-01-27,US,24,-0.14096434225163756,5,-0.11566193674513581,5,-0.11566193674513581,"QCOM,HPE,KLAC,LRCX,AVGO",-0.1943489160951702,-0.2786096345749554,-0.19924993378502157,41.8
2025-01-28,US,24,-0.1378048090024249,4,-0.10750619797259076,4,-0.10750619797259076,"QCOM,KLAC,TSM,AVGO",-0.1858618162205119,-0.26785527876203785,-0.1983784343481264,39.25
2025-01-29,US,24,-0.15336428807122224,6,-0.17831001389762813,6,-0.17831001389762813,"QCOM,KLAC,ASML,TSM,MRVL,AVGO",-0.1718335412252661,-0.3123876478032997,-0.19216699623022196,33.5
2025-01-30,US,24,-0.17132180319032508,10,-0.18426475472421538,10,-0.20727171665119465,"QCOM,KLAC,LRCX,MPWR,AMAT,ASML,TSM,ANET,MRVL,AVGO",-0.19208788098363866,-0.32323343878880095,-0.2099664516509973,31.9
2025-01-31,US,24,-0.13544458277362972,10,-0.13174659240865702,10,-0.16760425212703728,"QCOM,LRCX,KLAC,MPWR,ASML,AMAT,TSM,ANET,CRDO,AVGO",-0.18351918035546935,-0.2914960241160868,-0.19006619356894347,33.7
2025-02-03,US,24,-0.14072277628063132,10,-0.17691311872599705,10,-0.18218216554815728,"QCOM,KLAC,LRCX,MPWR,CRDO,ASML,AMAT,MRVL,ANET,AVGO",-0.18533271218360892,-0.3303532787141365,-0.2044960909290777,30.2
2025-02-04,US,24,-0.1269466549065948,10,-0.13233745699953495,10,-0.13233745699953495,"QCOM,MPWR,KLAC,LRCX,CRDO,ASML,AMAT,AVGO,TSM,ANET",-0.1990216273802234,-0.32001790933378155,-0.20988236546500358,29.0
2025-02-05,US,24,-0.16102294652182528,10,-0.1741560425250957,10,-0.18113401451983635,"QCOM,KLAC,LRCX,CRDO,MPWR,AVGO,ASML,MRVL,AMAT,TSM",-0.19072203713684655,-0.34067211740931047,-0.21310253477102997,27.2
2025-02-06,US,24,-0.1759793853251992,10,-0.20519542300418267,10,-0.22283406002154987,"SMCI,LRCX,KLAC,MPWR,COHR,CRDO,MRVL,AVGO,QCOM,AMAT",-0.1772768493933726,-0.362993952390668,-0.20918407229615027,25.4
2025-02-07,US,24,-0.16265871004378815,10,-0.15372623010889605,10,-0.16505002332920451,"MPWR,SMCI,LRCX,CRDO,KLAC,ANET,QCOM,AVGO,AMAT,ASML",-0.1967980850641713,-0.3269475150370912,-0.2124007684669456,25.2
2025-02-10,US,24,-0.14782417586043664,10,-0.144867860373668,10,-0.14486786037366797,"SMCI,MPWR,LRCX,AVGO,ANET,QCOM,KLAC,CRDO,ASML,AMAT",-0.19433887833640234,-0.3274944159954264,-0.20817557377868354,24.0
2025-02-11,US,24,-0.13012954499995755,10,-0.13418207006790314,10,-0.13418207006790314,"SMCI,MPWR,LRCX,ASML,AVGO,KLAC,QCOM,AMAT,ANET,CRDO",-0.17933289549312173,-0.3187764881433235,-0.19574468196001998,23.1
2025-02-12,US,24,-0.07396552447396325,10,-0.05813814281959171,10,-0.05813814281959171,"INTC,SMCI,MPWR,ASML,AVGO,LRCX,KLAC,QCOM,CRDO,AMAT",-0.19106886982003254,-0.29810517264091385,-0.20791713943967075,25.4
2025-02-13,US,24,-0.048589124909212605,10,-0.031650438898927824,10,-0.019228396362114597,"INTC,SMCI,ASML,MPWR,LRCX,KLAC,AVGO,QCOM,AMAT,CRDO",-0.18376162944615684,-0.3109140830751715,-0.2003205303366682,20.6
2025-02-14,US,24,-0.05445388370834786,10,-0.03225923502590822,10,-0.018818434223746294,"SMCI,INTC,NVDA,MPWR,MU,LRCX,ASML,AVGO,ADI,QCOM",-0.19454228073077795,-0.31200919283728223,-0.20392972830452596,19.7
2025-02-18,US,24,-0.07432759215707611,10,-0.06633998189370652,10,-0.06633998189370652,"SMCI,INTC,DELL,MU,LRCX,ADI,NVDA,MPWR,KLAC,QCOM",-0.18282447238715424,-0.3362973956177874,-0.20755154194213601,17.8
2025-02-19,US,24,-0.0812260786252469,10,-0.06066198789469422,10,-0.0679155851129519,"SMCI,ADI,INTC,DELL,TXN,LRCX,MU,NVDA,KLAC,MPWR",-0.1698517427473417,-0.3420747410802906,-0.19401444068186446,13.4
2025-02-20,US,24,-0.08470084915209995,10,-0.07411623071136958,10,-0.07694790351907008,"ADI,SMCI,TXN,INTC,LRCX,DELL,MU,NVDA,KLAC,MPWR",-0.17852054907074574,-0.34711635301406407,-0.18985698048509514,10.7
2025-02-21,US,24,-0.04523163722051248,10,-0.04041977845901769,10,-0.04522359109089489,"TXN,ADI,SMCI,INTC,DELL,LRCX,MU,KLAC,ASML,MPWR",-0.1855903260491952,-0.31109697751040055,-0.2126220221027147,21.1
2025-02-24,US,24,-0.026552089574847393,8,-0.04338039325665688,8,-0.04338039325665688,"ADI,TXN,SMCI,INTC,LRCX,ASML,KLAC,MPWR",-0.201206213617896,-0.2803658013336759,-0.22646085269728924,22.375
2025-02-25,US,24,-0.03479476439062331,8,-0.05989633578131724,8,-0.05989633578131724,"TXN,ADI,SMCI,INTC,ASML,MPWR,LRCX,KLAC",-0.19947568734416293,-0.2819544898906227,-0.2289892727213908,21.625
2025-02-26,US,24,-0.05943660633929972,10,-0.06208673478648237,10,-0.06208673478648237,"ADI,TXN,SMCI,DELL,INTC,MU,ASML,MPWR,KLAC,LRCX",-0.19707412301282617,-0.29334210201699334,-0.2332492085412113,17.5
2025-02-27,US,24,0.06436829290916207,5,-0.006873854942798574,5,-0.006873854942798574,"ADI,TXN,INTC,SMCI,KLAC",-0.2095688226311469,-0.23545845523363845,-0.22793281526732603,25.8
2025-02-28,US,24,0.02408553121670721,5,-0.04713628781646675,5,-0.04713628781646675,"ADI,TXN,INTC,SMCI,KLAC",-0.20329391360579097,-0.2650613897543623,-0.21581949872636869,19.0
2025-03-03,US,24,0.10817169917924874,3,-0.07195976895849643,3,-0.07195976895849643,"ADI,TXN,INTC",-0.20935701731561454,-0.24664802262500138,-0.23682995521063033,24.0
2025-03-04,US,24,0.05336906771556795,4,-0.04517331595307972,4,-0.04517331595307972,"TXN,ADI,SMCI,INTC",-0.19673451972230604,-0.23242277841857634,-0.2230463274823548,22.75
2025-03-05,US,24,0.10610469418389545,6,0.03807543150539409,6,0.03807543150539409,"ADI,TXN,ASML,LRCX,SMCI,KLAC",-0.20946160546430148,-0.21722439669973745,-0.20846109383479253,21.666666666666668
2025-03-06,US,24,0.16429928940901553,3,0.055428637994648255,3,0.055428637994648255,"ADI,TXN,SMCI",-0.2182312373647333,-0.227702729795226,-0.2146749484190312,20.666666666666668
2025-03-07,US,24,0.19344392771784955,6,0.08141618280175295,6,0.08141618280175295,"ADI,ASML,TXN,LRCX,KLAC,SMCI",-0.16129524724022073,-0.20721250836047558,-0.20070775586153933,26.333333333333332
2025-03-10,US,24,0.20088772703680235,1,0.10729322287111254,1,0.10729322287111254,SMCI,-0.2420209153877495,-0.1983156750882913,-0.1898940505297474,19.0
2025-03-11,US,24,0.1601115225168177,1,-0.0550437848288412,1,-0.0550437848288412,SMCI,-0.17240987148868425,-0.32870791628753415,-0.21019108280254784,11.0
2025-03-12,US,24,0.18604389317167538,2,0.10091616445400076,2,0.10091616445400076,"MU,SMCI",-0.2123237942691234,-0.3059766782102347,-0.24960354742457136,13.5
2025-03-13,US,24,0.1895898987175535,2,-0.004100143267629974,2,-0.004100143267629974,"INTC,SMCI",-0.19164331342510071,-0.25268651185770746,-0.16385719340882376,13.5
2025-03-14,US,24,0.16794987658175864,5,0.08520968194740992,5,0.08520968194740992,"MU,INTC,KLAC,LRCX,SMCI",-0.21777512184260842,-0.26830696474263005,-0.2342546837831326,13.4
2025-03-17,US,24,0.17202538394152067,7,0.09213788594419624,7,0.09213788594419624,"INTC,MU,MPWR,ASML,KLAC,LRCX,SMCI",-0.22121359169626226,-0.2607560839243848,-0.2291571995822396,12.714285714285714
2025-03-18,US,24,0.14945224232613244,5,0.0598519290251176,5,0.0598519290251176,"INTC,MU,ASML,KLAC,SMCI",-0.22730309631562573,-0.24795860753260265,-0.23200341187099988,12.6
2025-03-19,US,24,0.19311625195116255,5,0.09700943091307401,5,0.09700943091307401,"MU,INTC,ASML,KLAC,SMCI",-0.22390782478718432,-0.24468261346004008,-0.22820274042980718,11.6
2025-03-20,US,24,0.1956205410225477,5,0.11016858618554812,5,0.11016858618554812,"MU,INTC,ASML,KLAC,SMCI",-0.20246623279079837,-0.2325684656606935,-0.21878586034368475,11.0
2025-03-21,US,24,0.16834284473969727,2,-0.02080677480460974,2,-0.02080677480460974,"INTC,SMCI",-0.21190419123404108,-0.2717393394600759,-0.18466164338805846,7.5
2025-03-24,US,24,0.14653901918230375,5,0.11109620436825458,5,0.11109620436825458,"AMD,INTC,KLAC,MU,SMCI",-0.2120650007929516,-0.2761257618494085,-0.2280365899501568,7.4
2025-03-25,US,24,0.15857510567656993,5,0.06339805253058946,5,0.06339805253058946,"AMD,INTC,MPWR,KLAC,SMCI",-0.2053600106984698,-0.2619865489449039,-0.20632340118162573,6.8
2025-03-26,US,24,0.269486221952183,1,-0.03219575016097864,1,-0.03219575016097864,INTC,-0.13908564069542817,-0.22155431515671964,-0.22155431515671964,8.0
2025-03-27,US,24,0.3111064197151238,1,-0.04966816527510165,1,-0.04966816527510165,INTC,-0.14129736673089277,-0.22355460385438986,-0.22355460385438986,7.0
2025-03-28,US,24,0.4086130724992454,1,0.004914004914005066,1,0.004914004914005066,INTC,-0.1929863748045566,-0.18990169794459344,-0.18990169794459344,7.0
2025-03-31,US,24,0.37091259319439285,1,0.005317970307999298,1,0.005317970307999298,INTC,-0.1994238865499668,-0.19636524822695034,-0.19636524822695034,6.0
2025-04-01,US,24,0.39124810315294534,1,0.022836263987211725,1,0.022836263987211725,INTC,-0.17492578214204135,-0.17176793056190043,-0.17176793056190043,5.0
2025-04-02,US,24,0.41539248190212325,1,0.06727400140154183,1,0.06727400140154183,INTC,-0.15603830880635372,-0.15280373831775695,-0.15280373831775695,4.0
2025-04-03,US,24,0.5921481016530166,1,0.00783229670582819,1,0.00783229670582819,INTC,-0.1677032941718497,-0.1645161290322581,-0.1645161290322581,3.0
2025-04-04,US,24,0.7486135152239313,0,,0,,,,,,
2025-04-07,US,24,0.5032309880673381,0,,0,,,,,,
2025-04-08,US,24,0.6468947662291961,0,,0,,,,,,
2025-04-09,US,24,0.4896012258303582,0,,0,,,,,,
2025-04-10,US,24,0.5637993503577728,0,,0,,,,,,
2025-04-11,US,24,0.464923563661542,0,,0,,,,,,
2025-04-14,US,24,0.49818773794200594,0,,0,,,,,,
2025-04-15,US,24,0.5872222939064226,0,,0,,,,,,
2025-04-16,US,24,0.548336931486968,0,,0,,,,,,
2025-04-17,US,24,0.611263621545007,0,,0,,,,,,
2025-04-21,US,24,0.6109127248555364,0,,0,,,,,,
2025-04-22,US,24,0.49804491194750383,0,,0,,,,,,
2025-04-23,US,24,0.4565673608814274,0,,0,,,,,,
2025-04-24,US,24,0.42968373016221517,0,,0,,,,,,
2025-04-25,US,24,0.41077199556341437,0,,0,,,,,,
2025-04-28,US,24,0.4243655261093893,0,,0,,,,,,
2025-04-29,US,24,0.5290084696326974,0,,0,,,,,,
2025-04-30,US,24,0.4278862603665985,1,0.3322397743718186,1,0.3322397743718186,KLAC,0.3322397743718186,-0.018717353453279295,-0.018717353453279295,60.0
2025-05-01,US,24,0.4284439828066528,4,0.39523963949177454,4,0.39523963949177454,"ANET,VRT,AVGO,MPWR",0.39523963949177454,-0.014348976612168829,-0.014348976612168829,60.0
2025-05-02,US,24,0.401400440215925,9,0.4211372514951979,9,0.4211372514951979,"ANET,TSM,VRT,COHR,AVGO,MPWR,ALAB,AMAT,KLAC",0.4211372514951979,-0.014616867911952392,-0.014616867911952392,60.0
2025-05-05,US,24,0.3995774524180506,8,0.4473029338896244,8,0.4473029338896244,"ANET,VRT,TSM,COHR,MPWR,ALAB,AVGO,AMAT",0.4473029338896244,-0.0019047078434631798,-0.0019047078434631798,60.0
2025-05-06,US,24,0.4214323761392647,6,0.552819203437338,6,0.5528192034373379,"ANET,VRT,COHR,MPWR,AVGO,ALAB",0.552819203437338,-0.001141226818830221,-0.001141226818830221,60.0
2025-05-07,US,24,0.351355890500418,10,0.4018037800227166,10,0.5283710106133139,"VRT,AVGO,MPWR,LRCX,CRDO,TSM,ANET,COHR,ASML,DELL",0.4018037800227166,-0.015413799480947421,-0.015413799480947421,60.0
2025-05-08,US,24,0.3657347716131308,10,0.42171492237826785,10,0.5722095528118383,"CRDO,AVGO,MPWR,VRT,ASML,HPE,TSM,LRCX,ANET,COHR",0.42171492237826785,-0.014388631085413061,-0.014388631085413061,60.0
2025-05-09,US,24,0.3024501092129916,10,0.3293744718801454,10,0.49657098535842303,"ADI,AVGO,CRDO,LRCX,TSM,ASML,MPWR,HPE,VRT,AMD",0.3293744718801454,-0.02200818615419331,-0.02200818615419331,60.0
2025-05-12,US,24,0.30544967574836557,10,0.2588900762444853,10,0.45664861969708,"TXN,ADI,MU,ASML,LRCX,AVGO,MPWR,CRDO,TSM,AMAT",0.2588900762444853,-0.032831301250357645,-0.032831301250357645,60.0
2025-05-13,US,24,0.2348898615388911,10,0.30081794009609303,10,0.40402253631801555,"MU,LRCX,AVGO,ASML,TXN,ADI,CRDO,TSM,MPWR,ALAB",0.30081794009609303,-0.05017364138107098,-0.05017364138107098,60.0
2025-05-14,US,24,0.2986378176301106,10,0.29728310916627737,10,0.4881161707498217,"ASML,LRCX,DELL,NVDA,AVGO,TXN,ADI,ALAB,MU,AMAT",0.29728310916627737,-0.04070198624711728,-0.04070198624711728,60.0
2025-05-15,US,24,0.2866719648394553,10,0.29746100903404143,10,0.4401706085748458,"NVDA,AVGO,LRCX,ALAB,DELL,ADI,TXN,KLAC,AMAT,MU",0.29746100903404143,-0.048821105736691794,-0.048821105736691794,60.0
2025-05-16,US,24,0.3062042702996593,10,0.4272714048276615,10,0.4564948968054157,"DELL,NVDA,MU,TXN,ADI,LRCX,CRDO,TSM,ALAB,AVGO",0.4272714048276615,-0.02073778569829927,-0.02073778569829927,60.0
2025-05-19,US,24,0.2580994580538563,10,0.36560910264026897,10,0.40206253255509494,"DELL,NVDA,MU,CRDO,TXN,ADI,ALAB,AVGO,LRCX,TSM",0.36560910264026897,-0.032800962463480646,-0.032800962463480646,60.0
2025-05-20,US,24,0.26525944181692557,10,0.3682206714541632,10,0.41209165011862725,"DELL,MU,ALAB,NVDA,TXN,CRDO,LRCX,ADI,AVGO,TSM",0.3682206714541632,-0.03361352468076896,-0.03361352468076896,60.0
2025-05-21,US,24,0.24272308096153652,10,0.32665016575026884,10,0.3601528151883568,"DELL,ALAB,CRDO,MU,NVDA,AVGO,TXN,ADI,TSM,LRCX",0.32665016575026884,-0.026214127172534997,-0.026214127172534997,60.0
2025-05-22,US,24,0.2659783749835068,10,0.33754657707041125,10,0.3817439606606138,"TSM,DELL,ALAB,NVDA,CRDO,AVGO,MU,LRCX,ASML,COHR",0.33754657707041125,-0.012274548535946183,-0.012274548535946183,60.0
2025-05-23,US,24,0.21921918669375903,10,0.30632330258904183,10,0.3296420850054783,"DELL,ALAB,CRDO,NVDA,AVGO,TSM,MU,VRT,COHR,LRCX",0.30632330258904183,-0.031876402637840306,-0.031876402637840306,60.0
2025-05-27,US,24,0.23242316999304216,10,0.30665377513001807,10,0.3408572973872458,"DELL,ALAB,CRDO,NVDA,TSM,AVGO,VRT,MU,ASML,LRCX",0.30665377513001807,-0.04037187866396551,-0.04037187866396551,60.0
2025-05-28,US,24,0.2123803346156337,10,0.2860087712359266,10,0.28515354374141577,"AVGO,DELL,ALAB,NVDA,CRDO,TSM,VRT,MU,LRCX,TXN",0.2860087712359266,-0.054833881300018594,-0.054833881300018594,60.0
2025-05-29,US,24,0.2719114407983174,10,0.351341084205421,10,0.3425649281380788,"NVDA,AVGO,ALAB,CRDO,DELL,TSM,MU,LRCX,VRT,TXN",0.351341084205421,-0.02629228884933642,-0.02629228884933642,60.0
2025-05-30,US,24,0.3041435906499495,10,0.3760957169903161,10,0.4021638450575523,"AVGO,NVDA,VRT,DELL,CRDO,TSM,ALAB,MU,TXN,SMCI",0.3760957169903161,-0.007047522230678127,-0.007047522230678127,60.0
2025-06-02,US,24,0.28211779222021793,10,0.3605463485361125,10,0.36345560962938717,"AVGO,NVDA,MU,CRDO,VRT,TSM,ALAB,AMD,TXN,ASML",0.3605463485361125,-0.028954601632159183,-0.028954601632159183,60.0
2025-06-03,US,24,0.18969991892688565,10,0.2892741252287163,10,0.2694539762811419,"AVGO,CRDO,NVDA,MU,ON,VRT,TSM,AMD,TXN,ALAB",0.2892741252287163,-0.03564166878333617,-0.03564166878333617,60.0
2025-06-04,US,24,0.16344302744378067,10,0.1583385963706181,10,0.23140943616750062,"AVGO,CRDO,ON,MU,NVDA,TSM,AMD,VRT,TXN,SMCI",0.1583385963706181,-0.048383309509971606,-0.048383309509971606,60.0
2025-06-05,US,24,0.17136224005660305,10,0.15666913365598906,10,0.23210300578371018,"AVGO,MU,ON,CRDO,TSM,NVDA,VRT,TXN,LRCX,KLAC",0.15666913365598906,-0.032622056226866605,-0.032622056226866605,60.0
2025-06-06,US,24,0.19402486337434324,10,0.17639637062104568,10,0.2502370926432024,"MU,ON,TSM,CRDO,VRT,NVDA,MRVL,TXN,KLAC,ANET",0.17639637062104568,-0.05268468256307139,-0.05268468256307139,60.0
2025-06-09,US,24,0.1984466944025304,10,0.08253273289901955,10,0.2781327995999394,"MU,ON,TXN,TSM,KLAC,AMD,LRCX,QCOM,NVDA,MRVL",0.08253273289901955,-0.04789911894494845,-0.04789911894494845,60.0
2025-06-10,US,24,0.20725079407208793,10,0.05421979455919562,10,0.31722692367621486,"MU,ON,TSM,KLAC,TXN,LRCX,QCOM,ADI,AMD,AMAT",0.05421979455919562,-0.07083119560392753,-0.07083119560392753,60.0
2025-06-11,US,24,0.22721863901914682,10,0.05415943683409462,10,0.3611827976539755,"MU,KLAC,TSM,LRCX,ON,QCOM,TXN,ADI,ASML,AMAT",0.05415943683409462,-0.06357806005122438,-0.06357806005122438,60.0
2025-06-12,US,24,0.2819549280077453,10,0.07582328001263564,10,0.26210236228919903,"MU,TSM,KLAC,ON,LRCX,TXN,AMAT,QCOM,ADI,ASML",0.07582328001263564,-0.05345041519535594,-0.05345041519535594,60.0
2025-06-13,US,24,0.27870186509023953,10,0.21086687533301243,10,0.2715326723902335,"MU,KLAC,TSM,ON,LRCX,AMAT,CRDO,TXN,QCOM,NVDA",0.21086687533301243,-0.050797165138021814,-0.050797165138021814,60.0
2025-06-16,US,24,0.24965729200184972,10,0.20285794475855018,10,0.26206205305807695,"KLAC,MU,TSM,LRCX,ON,AMAT,AMD,TXN,CRDO,ADI",0.20285794475855018,-0.057591005305844725,-0.057591005305844725,60.0
2025-06-17,US,24,0.26620772392828745,10,0.18720680084165192,10,0.2631196886076639,"KLAC,MU,TSM,LRCX,AMD,ON,CRDO,AMAT,TXN,MRVL",0.17985406183661176,-0.0725891342409907,-0.07183554695851044,59.1
2025-06-18,US,24,0.24175460900415602,10,0.1927204788190255,10,0.245616596503067,"MU,CRDO,KLAC,MRVL,TSM,LRCX,AMD,VRT,ON,TXN",0.18376058478143437,-0.07203797350870647,-0.07130908563780816,59.0
2025-06-20,US,24,0.28381673016179376,10,0.20519675259757628,10,0.2509100867749079,"MU,CRDO,AMD,MRVL,ON,DELL,TXN,VRT,LRCX,KLAC",0.16152228832070686,-0.05362081272811625,-0.05362081272811625,56.9
2025-06-23,US,24,0.3119244544085,10,0.2362475669777014,10,0.24927803902242546,"MU,AMD,CRDO,TXN,LRCX,ON,KLAC,ADI,DELL,TSM",0.18595017058111987,-0.04972194121793507,-0.04972194121793507,56.8
2025-06-24,US,24,0.26752463284867267,10,0.190389017377703,10,0.19412243761879097,"MU,CRDO,AMD,TSM,LRCX,TXN,ASML,KLAC,AMAT,ON",0.11652266091130341,-0.09102653769711402,-0.09100306225214568,53.4
2025-06-25,US,24,0.2624662147032635,10,0.22773773798920888,10,0.2109709424905042,"AMD,MU,CRDO,NVDA,TSM,AMAT,LRCX,ASML,KLAC,TXN",0.1850931658032277,-0.08261161283660065,-0.07926024649293333,55.8
2025-06-26,US,24,0.23367780467023483,10,0.22871167850388838,10,0.19111193350193784,"CRDO,AMD,NVDA,TSM,MU,DELL,MRVL,AMAT,LRCX,COHR",0.13990398625854483,-0.07464298990232998,-0.07393065730966344,53.7
2025-06-27,US,24,0.21491918650080746,10,0.18382737952959524,10,0.19819494620728503,"NVDA,TSM,AMD,CRDO,LRCX,TXN,AMAT,VRT,MU,DELL",0.1392035250998621,-0.07305223513282719,-0.07305223513282719,56.4
2025-06-30,US,24,0.2276759932747785,10,0.19640891367077656,10,0.18860619172846055,"HPE,NVDA,TSM,AMD,CRDO,AVGO,LRCX,TXN,VRT,AMAT",0.19640891367077656,-0.04897643566295552,-0.04897643566295552,60.0
2025-07-01,US,24,0.23887919960696355,10,0.19083032601599448,10,0.2560411984705972,"HPE,TXN,TSM,ADI,AMAT,LRCX,NVDA,INTC,KLAC,MPWR",0.19083032601599448,-0.06533391616152291,-0.06533391616152291,60.0
2025-07-02,US,24,0.21439667511864333,10,0.10528440312346905,10,0.19730018624824983,"HPE,TXN,TSM,AMAT,ADI,NVDA,LRCX,KLAC,QCOM,MPWR",0.08015771042207324,-0.08509525742762282,-0.08168670321738612,53.5
2025-07-03,US,24,0.2317737294995986,10,0.1844943239468409,10,0.24722278128493286,"HPE,TXN,TSM,NVDA,AMAT,ADI,LRCX,AVGO,CRDO,KLAC",0.15920361958002588,-0.0648002965337675,-0.06138695971626049,53.3
2025-07-07,US,24,0.26468455893602955,10,0.19990796035322508,10,0.2795635337326673,"HPE,TXN,AMAT,NVDA,AVGO,TSM,LRCX,CRDO,DELL,ADI",0.17011818883521657,-0.060841727498561336,-0.05669793546542268,52.7
2025-07-08,US,24,0.267371998769656,10,0.22028819615378872,10,0.28205617138941774,"AMAT,TXN,HPE,NVDA,LRCX,ADI,ON,INTC,CRDO,ANET",0.11025497592991766,-0.0961684442623687,-0.09163108558670344,44.2
2025-07-09,US,24,0.23187425018520677,10,0.21146068896657147,10,0.2527425883321861,"NVDA,AMAT,TXN,HPE,ANET,CRDO,LRCX,AVGO,DELL,TSM",0.1851943249692844,-0.06459107787290937,-0.058947889602332215,51.7
2025-07-10,US,24,0.29043171620182867,10,0.19901480403633917,10,0.2555700150320347,"TXN,AMAT,NVDA,HPE,ON,LRCX,COHR,DELL,ANET,INTC",0.09282096751776925,-0.09919544777328335,-0.09310175511573571,42.7
2025-07-11,US,24,0.2653774142565493,10,0.1879686443216279,10,0.19873983766684988,"TXN,AMAT,NVDA,LRCX,ANET,ON,AMD,COHR,HPE,CRDO",0.16631864944409366,-0.08133606860994624,-0.07495539269399999,46.9
2025-07-14,US,24,0.2894404354389441,10,0.2149166191108634,10,0.2632908964282065,"TXN,AMAT,ANET,NVDA,COHR,ON,AMD,HPE,CRDO,LRCX",0.18425716171195872,-0.10129751468880928,-0.09500339126232116,46.6
2025-07-15,US,24,0.31114607120930865,10,0.26251617990123616,10,0.254802696896995,"NVDA,AMAT,AMD,TSM,SMCI,TXN,CRDO,COHR,ANET,LRCX",0.21122186594639447,-0.09293720416507383,-0.07868045928002604,46.9
2025-07-16,US,24,0.2283338372819729,10,0.14537848606080095,10,0.1482342556615828,"NVDA,AMD,COHR,SMCI,TSM,ANET,ON,AMAT,AVGO,CRDO",0.11003730793374147,-0.10609491952374314,-0.09241591726171,47.2
2025-07-17,US,24,0.2574414648445515,10,0.16926168638832584,10,0.2476590553414483,"NVDA,AMD,TSM,ANET,COHR,AVGO,SMCI,ON,KLAC,LRCX",0.1482855765766683,-0.10109612799132336,-0.09003471310083379,50.8
2025-07-18,US,24,0.2106072865256877,10,0.1822592250495326,10,0.13721881025362664,"NVDA,ANET,COHR,AMD,ON,DELL,TSM,ALAB,AVGO,HPE",0.18041507980269458,-0.06749711784892118,-0.06504893766285948,55.1
2025-07-21,US,24,0.2487363918708934,10,0.23456429936095063,10,0.21146226142179364,"ALAB,NVDA,COHR,ANET,AMD,AVGO,ON,TSM,LRCX,DELL",0.2313031571249778,-0.06345226107287713,-0.06094348034031315,55.0
2025-07-22,US,24,0.27032782593981414,10,0.2351582862029618,10,0.22059879205254357,"ALAB,ON,AMD,ANET,COHR,NVDA,TSM,INTC,AVGO,TXN",0.15316389818551696,-0.07431622016948825,-0.07183318755899329,49.7
2025-07-23,US,24,0.2531719196921609,10,0.22449047001272984,10,0.17842871608999422,"ALAB,ANET,AMD,NVDA,COHR,TSM,AVGO,ON,SMCI,INTC",0.12278747182588523,-0.08693691660496065,-0.07976552569432885,45.4
2025-07-24,US,24,0.28553300115129115,10,0.24979848934082857,10,0.24505478391463997,"ALAB,AMD,NVDA,ANET,AVGO,TSM,COHR,SMCI,CRDO,DELL",0.22728866286206334,-0.06020786587515411,-0.0552797738329681,55.8
2025-07-25,US,24,0.2495245246936246,10,0.190818890092235,10,0.18950596468009115,"AMD,ALAB,ANET,NVDA,TSM,COHR,SMCI,VRT,AVGO,DELL",0.14347558228659385,-0.0931694616540885,-0.08128987018302597,50.6
2025-07-28,US,24,0.19992899466577332,10,0.14776818174261383,10,0.11959319479141879,"AMD,SMCI,ANET,NVDA,ALAB,COHR,VRT,DELL,AVGO,CRDO",0.1149089939683086,-0.10913826057875986,-0.09690492751515535,50.2
2025-07-29,US,24,0.2337013230522802,10,0.18444400598020122,10,0.1564475170492651,"AMD,ANET,COHR,SMCI,AVGO,NVDA,VRT,CRDO,DELL,ALAB",0.11385581362494068,-0.10776345033742943,-0.09401852764800882,46.4
2025-07-30,US,24,0.2576007863588437,10,0.1606486375270893,10,0.17666905218539913,"AMD,ANET,SMCI,CRDO,ALAB,COHR,NVDA,MRVL,AVGO,VRT",0.0015616992247564742,-0.14624298273149794,-0.12809197521989493,38.1
2025-07-31,US,24,0.35055148409815806,10,0.2828309588947565,10,0.2826176106325461,"ANET,ALAB,AMD,COHR,VRT,SMCI,MRVL,NVDA,CRDO,DELL",0.24030542507856217,-0.09626692656097934,-0.08392957419389646,50.5
2025-08-01,US,24,0.32945262157354277,10,0.2838715138442275,10,0.2838715138442275,"ALAB,AMD,MPWR,ANET,VRT,SMCI,CRDO,COHR,NVDA,AVGO",0.1828127698358043,-0.08641157388287586,-0.07501198653762138,46.0
2025-08-04,US,24,0.3349871581557617,10,0.2933334556796673,10,0.2933334556796673,"MPWR,AMD,ALAB,ANET,NVDA,CRDO,COHR,SMCI,AVGO,VRT",0.23896932690141118,-0.10627948574659651,-0.09387779287616227,49.2
2025-08-05,US,24,0.331346105007499,10,0.2750123984835847,10,0.25565475351813943,"MPWR,ALAB,AMD,NVDA,COHR,ANET,CRDO,SMCI,VRT,AVGO",0.21536946234223092,-0.07478072820740586,-0.06993915794004121,50.7
2025-08-06,US,24,0.30144579752223283,10,0.2631786738702496,10,0.2631786738702496,"ANET,ALAB,MPWR,CRDO,COHR,AVGO,NVDA,VRT,MRVL,AMD",0.18519901823064372,-0.10849423041248599,-0.10320545856407941,50.3
2025-08-07,US,24,0.305293022112111,10,0.25362894984508305,10,0.2603808324014912,"ANET,ALAB,COHR,CRDO,MPWR,NVDA,AVGO,DELL,AMD,VRT",0.21795687035981146,-0.10145279527618127,-0.096988118746373,54.5
2025-08-08,US,24,0.23054116359563256,10,0.24154398692353576,10,0.19376523495517367,"ALAB,ANET,COHR,CRDO,DELL,NVDA,MPWR,MU,AVGO,LRCX",0.2089971655616968,-0.09505318691450984,-0.09062071689886582,54.4
2025-08-11,US,24,0.25601547200917235,10,0.27393927049478567,10,0.205170719374129,"ALAB,ANET,MU,COHR,DELL,CRDO,NVDA,MPWR,AVGO,LRCX",0.23608751882601026,-0.09523330620035303,-0.09078304442024832,54.3
2025-08-12,US,24,0.1921557679794589,10,0.21312273634206838,10,0.1481105881330651,"ALAB,ANET,MU,CRDO,COHR,DELL,MPWR,AVGO,LRCX,NVDA",0.11522643979570102,-0.12451337326342667,-0.11686288673890437,47.1
2025-08-13,US,24,0.21809428843280573,10,0.2558454945440908,10,0.2089347035215927,"ALAB,MPWR,ANET,ASML,MU,LRCX,HPE,CRDO,AMD,ADI",0.204516168293913,-0.07325684590759483,-0.07247609724449322,54.3
2025-08-14,US,24,0.25172181157940937,10,0.31817631308117733,10,0.290289197958955,"ALAB,INTC,ASML,MU,LRCX,MPWR,ANET,AVGO,KLAC,DELL",0.3077766600832793,-0.07401321619551307,-0.07322402700632388,58.6
2025-08-15,US,24,0.23581587342506524,10,0.2357637911703619,10,0.2572944587660843,"INTC,ALAB,ANET,MPWR,MU,DELL,HPE,QCOM,AVGO,CRDO",0.22867009427762888,-0.054938810115925885,-0.05414515932227508,58.5
2025-08-18,US,24,0.23888110429411413,10,0.215493966374214,10,0.24003734863296486,"ALAB,INTC,ANET,MPWR,HPE,MU,QCOM,DELL,CRDO,NVDA",0.21370588533623538,-0.07044037904716702,-0.06964685766013512,58.4
2025-08-19,US,24,0.21859323256239013,10,0.2257618183408113,10,0.2493517744163281,"INTC,MPWR,MU,ALAB,HPE,ANET,QCOM,DELL,LRCX,AVGO",0.2257618183408113,-0.04491123267271148,-0.04491123267271148,60.0
2025-08-20,US,24,0.23082621888649602,10,0.20516694928582374,10,0.19830623870143585,"ADI,TXN,INTC,ALAB,MPWR,QCOM,HPE,ANET,MU,LRCX",0.20677232793424025,-0.04763154321588279,-0.04318512359401032,58.6
2025-08-21,US,24,0.20310925427114243,10,0.19173548416991706,10,0.19088179281216902,"ADI,TXN,HPE,INTC,ALAB,MPWR,ANET,MU,LRCX,CRDO",0.19864884015136589,-0.0596083185972206,-0.05034652910297557,57.4
2025-08-22,US,24,0.15317922974267856,10,0.10215041793843502,10,0.11941822241444677,"ADI,TXN,HPE,INTC,ASML,QCOM,MPWR,ALAB,ANET,MU",0.10883366107475215,-0.08518407954834491,-0.07503549081354613,57.2
2025-08-25,US,24,0.17093163961420366,10,0.07457363346793515,10,0.1392366639132469,"ADI,TXN,HPE,INTC,ASML,MPWR,QCOM,ALAB,LRCX,ANET",0.07994872130208326,-0.08506068901428805,-0.07485029921048084,57.0
2025-08-26,US,24,0.1060902411521164,10,0.048454839324864364,10,0.03619706911132971,"ADI,TXN,HPE,ASML,QCOM,INTC,MPWR,LRCX,ALAB,CRDO",0.06582024804299083,-0.08602826796559916,-0.06923349015547028,55.2
2025-08-27,US,24,0.10459304082668545,10,0.04971046452566972,10,0.0363095796196861,"ADI,TXN,ASML,HPE,QCOM,INTC,MPWR,LRCX,CRDO,ALAB",0.06271784879937066,-0.0974901441907409,-0.08070039925376163,55.0
2025-08-28,US,24,0.16974725544325453,10,0.0941948606022128,10,0.11520181193576598,"HPE,ADI,TXN,QCOM,ASML,CRDO,INTC,ALAB,LRCX,MPWR",0.10301204585054793,-0.0964907100396191,-0.07913461053385436,54.5
2025-08-29,US,24,0.23271306134625167,10,0.14419680843019683,10,0.14419680843019683,"ADI,QCOM,HPE,TXN,INTC,CRDO,ALAB,ANET,MU,MPWR",0.1443769211424195,-0.07455318456942268,-0.06446268637750711,57.2
2025-09-02,US,24,0.2466514542943495,10,0.20557088361370943,10,0.20557088361370943,"HPE,ADI,QCOM,INTC,CRDO,ANET,MU,AVGO,MPWR,ALAB",0.1969936929465645,-0.059718583575795056,-0.05682890630410816,59.2
2025-09-03,US,24,0.2763615772610262,10,0.23330206862833633,10,0.23330206862833638,"HPE,ADI,CRDO,INTC,QCOM,ANET,AVGO,MU,MPWR,ALAB",0.20750526872541766,-0.06835477439173418,-0.06553196835484207,58.4
2025-09-04,US,24,0.23162791127732896,10,0.1748070808698955,10,0.21861113832547857,"HPE,CRDO,QCOM,ANET,MU,INTC,ADI,ALAB,AVGO,MPWR",0.17085019138243612,-0.09148401397962945,-0.08008555639608189,56.3
2025-09-05,US,24,0.24361627216938206,10,0.19544923193468958,10,0.23683497375900844,"AVGO,MU,CRDO,HPE,ASML,ANET,TSM,QCOM,MPWR,ADI",0.18932983413906357,-0.06565255227083683,-0.06565255227083683,59.4
2025-09-08,US,24,0.2614774995362536,10,0.21835773898362132,10,0.23471151252186093,"AVGO,CRDO,ALAB,ASML,MU,HPE,TSM,LRCX,QCOM,ADI",0.22682909149341607,-0.08259537980272871,-0.07220156826967665,56.6
2025-09-09,US,24,0.21729526970377755,10,0.1935412934705124,10,0.18548106811909934,"CRDO,MU,ASML,ALAB,TSM,AVGO,HPE,KLAC,ANET,COHR",0.15772851360884177,-0.09977277658979064,-0.08580248657203374,51.2
2025-09-10,US,24,0.21588469626399007,10,0.1775459334008931,10,0.15158111742960492,"CRDO,AVGO,MU,ALAB,TSM,ANET,HPE,COHR,KLAC,ASML",0.1703460149287004,-0.11706426413190378,-0.08024543454475375,48.2
2025-09-11,US,24,0.2216500395761114,10,0.165690018921564,10,0.2012863170665664,"MU,LRCX,CRDO,ALAB,ANET,TSM,HPE,KLAC,AVGO,ASML",0.1365245830678183,-0.11037883758558505,-0.07889256114665358,49.0
2025-09-12,US,24,0.21971233286045525,10,0.25749699474366466,10,0.24633201928570178,"MU,LRCX,CRDO,KLAC,TSM,ALAB,ASML,AVGO,HPE,COHR",0.2367618674780295,-0.08749435373371564,-0.05641981381027241,49.7
2025-09-15,US,24,0.21447398500595213,10,0.24397816250418725,10,0.2439781625041872,"MU,ASML,LRCX,KLAC,CRDO,TSM,ALAB,AVGO,HPE,COHR",0.23357582317828413,-0.09825209746428247,-0.06623901946965682,49.1
2025-09-16,US,24,0.20845988948800923,10,0.2451266221260318,10,0.24512662212603176,"MU,ASML,LRCX,KLAC,TSM,ALAB,CRDO,AVGO,COHR,HPE",0.22964872972029915,-0.09379319670859013,-0.06412880984703961,48.7
2025-09-17,US,24,0.10240561798642317,10,0.13346045532218812,10,0.129088226944973,"MU,LRCX,ASML,ALAB,KLAC,TSM,CRDO,HPE,QCOM,COHR",0.14052816127071316,-0.10698832589426557,-0.0718129619324428,47.4
2025-09-18,US,24,0.09027991486111951,10,0.1157895280906844,10,0.13441383899442721,"MU,ASML,AMAT,LRCX,INTC,KLAC,TSM,ALAB,CRDO,HPE",0.12615694600953933,-0.10520854128707166,-0.06910133468308409,47.1
2025-09-19,US,24,0.08923442631892348,10,0.17046065729056478,10,0.1622114399087694,"ASML,LRCX,AMAT,KLAC,MU,INTC,CRDO,TSM,ALAB,COHR",0.19307813502857912,-0.08363972877045249,-0.05481821718057951,49.6
2025-09-22,US,24,0.03205870250571634,10,0.17339002744252568,10,0.08201220985699548,"AMAT,LRCX,ASML,KLAC,MU,TSM,COHR,VRT,INTC,MRVL",0.17339002744252568,-0.03814352193076563,-0.03814352193076563,60.0
2025-09-23,US,24,0.0677675129992395,10,0.16907777193918022,10,0.17016732835544607,"AMAT,ASML,LRCX,KLAC,TSM,MU,INTC,MRVL,QCOM,MPWR",0.16907777193918022,-0.0343730376681559,-0.0343730376681559,60.0
2025-09-24,US,24,0.1310947895607797,10,0.20288907686256347,10,0.26134323149302985,"AMAT,ASML,KLAC,LRCX,MRVL,INTC,TSM,QCOM,MU,MPWR",0.20288907686256347,-0.024147545790011736,-0.024147545790011736,60.0
2025-09-25,US,24,0.12766307345538883,10,0.27007973949860475,10,0.2678560575990786,"INTC,AMAT,ASML,MRVL,KLAC,LRCX,TSM,QCOM,MU,COHR",0.27007973949860475,-0.029703359377438142,-0.029703359377438142,60.0
2025-09-26,US,24,0.11484088858864144,10,0.2576323364299148,10,0.2527233688180965,"INTC,AMAT,ASML,MRVL,KLAC,LRCX,TSM,QCOM,MU,COHR",0.2576323364299148,-0.0361728303812055,-0.0361728303812055,60.0
2025-09-29,US,24,0.1259525800850926,10,0.18936225094696274,10,0.2681882052761301,"AMAT,ASML,INTC,MRVL,LRCX,KLAC,MU,TSM,DELL,NVDA",0.18936225094696274,-0.036387195557215236,-0.036387195557215236,60.0
2025-09-30,US,24,0.12314266974714945,10,0.19168814452687827,10,0.2821934135086905,"ASML,AMAT,MRVL,LRCX,KLAC,DELL,INTC,TSM,MU,VRT",0.1840815474532763,-0.036896345638056605,-0.036896345638056605,57.7
2025-10-01,US,24,0.05788732388278369,10,0.054932741903260085,10,0.13149055069979584,"LRCX,AMAT,ASML,DELL,KLAC,MU,INTC,SMCI,MRVL,VRT",0.07397362776471608,-0.13412840086269495,-0.10982833657517943,53.8
2025-10-02,US,24,0.05560211276748626,10,0.05381260528160779,10,0.06979455771719859,"LRCX,AMAT,ASML,KLAC,INTC,MU,MRVL,DELL,SMCI,VRT",0.07315449939638241,-0.13304693767762193,-0.10881088628276325,53.6
2025-10-03,US,24,0.017314584786598534,10,0.03463912931236034,10,0.03463912931236034,"ASML,LRCX,MU,AMAT,INTC,MRVL,TSM,SMCI,VRT,KLAC",0.05910062510601847,-0.1358686715218449,-0.11539899696563186,56.3
2025-10-06,US,24,0.06237806664357471,10,0.10164394264640549,10,0.10375770747399175,"ASML,LRCX,AMD,AMAT,MU,MRVL,TSM,SMCI,KLAC,INTC",0.12656174234426384,-0.13713763536599602,-0.11445722299486198,56.1
2025-10-07,US,24,0.1024277217147896,10,0.126123387605016,10,0.12499799526284001,"AMD,SMCI,DELL,INTC,MRVL,ASML,MU,LRCX,TSM,AMAT",0.1463328733420214,-0.11875334253924748,-0.09543172343178806,53.0
2025-10-08,US,24,0.09255568657936825,10,0.05268401931273394,10,0.11320068888696819,"AMD,DELL,SMCI,MRVL,MU,INTC,TSM,MPWR,VRT,AMAT",0.07777690018095554,-0.16176654370977933,-0.11636371022361094,47.5
2025-10-09,US,24,0.07513717486819803,10,0.07943732642567239,10,0.09633762929806038,"AMD,SMCI,INTC,MRVL,MU,DELL,AMAT,VRT,MPWR,COHR",0.09766405420948483,-0.170103798127398,-0.13270459134004522,47.3
2025-10-10,US,24,0.07877347803205642,10,-0.003203786043843848,10,0.09027685176317835,"AMD,VRT,INTC,DELL,ANET,SMCI,MRVL,MU,AMAT,NVDA",0.027721021614371545,-0.1562101253524511,-0.12241845984120636,48.3
2025-10-13,US,24,0.13672782905044614,10,0.08158402814920315,10,0.14540300573303583,"VRT,AMD,MU,INTC,TSM,MRVL,DELL,SMCI,AMAT,MPWR",0.10429774036181541,-0.12633614640954152,-0.10248890645155631,52.2
2025-10-14,US,24,0.11773819922664237,10,0.0601938630979148,10,0.10489535989672612,"AMD,VRT,MU,AMAT,MPWR,TSM,SMCI,DELL,INTC,MRVL",0.07536870583331626,-0.14360675458575628,-0.1199472794807944,50.5
2025-10-15,US,24,0.11686915123645271,10,0.1366819479894527,10,0.092265155463138,"AMD,VRT,AMAT,MPWR,MU,TSM,LRCX,DELL,MRVL,INTC",0.10929209514931346,-0.11951156117923514,-0.11623126951285631,49.5
2025-10-16,US,24,0.1204023263805385,10,0.17230423445372656,10,0.09962576472301153,"AMD,MU,MPWR,VRT,AMAT,ON,ASML,AVGO,INTC,TSM",0.1347355175004046,-0.08944225025307445,-0.08944225025307445,54.8
2025-10-17,US,24,0.12079200913837755,10,0.19456480110579766,10,0.11548059571009359,"AMD,MU,MPWR,VRT,ASML,AMAT,ON,INTC,KLAC,MRVL",0.13275429905546224,-0.10286103704269137,-0.10286103704269137,49.0
2025-10-20,US,24,0.13111098799846563,10,0.28098814230466995,10,0.16742469674058183,"AMD,MU,MPWR,ON,KLAC,ASML,VRT,AMAT,INTC,COHR",0.22589829998451058,-0.09840237207948686,-0.09719579072665321,50.2
2025-10-21,US,24,0.12649048914343977,10,0.27912817267130435,10,0.137274223254079,"AMD,MU,ON,MPWR,KLAC,VRT,COHR,AMAT,INTC,ASML",0.2122190670587024,-0.09455662507736509,-0.09455662507736509,48.2
2025-10-22,US,24,0.1804088216235151,10,0.2303789927726371,10,0.28969007358017934,"AMD,MU,MPWR,QCOM,VRT,KLAC,ON,ASML,DELL,AMAT",0.2147280270912356,-0.09481983631249596,-0.08753369746541097,51.7
2025-10-23,US,24,0.12641124340875723,10,0.2929558900267912,10,0.27632076270562245,"MPWR,MU,AMD,VRT,KLAC,COHR,ASML,AMAT,LRCX,QCOM",0.24616291184090197,-0.09744529654945484,-0.09142820815941513,49.4
2025-10-24,US,24,0.08964222287097706,10,0.17848304679445634,10,0.17848304679445634,"AMD,MU,MPWR,COHR,KLAC,VRT,LRCX,DELL,AMAT,CRDO",0.13712309657494898,-0.15290671591517344,-0.12565756722886837,38.5
2025-10-27,US,24,0.07888717946955305,10,0.17560788658033646,10,0.14893870240741444,"AMD,QCOM,MPWR,COHR,KLAC,MU,LRCX,VRT,DELL,ASML",0.14111128848143192,-0.15432360380687052,-0.1255660124739953,41.4
2025-10-28,US,24,0.09008140361474598,10,0.16863018813204395,10,0.17570152029053446,"AMD,MU,NVDA,COHR,KLAC,MPWR,DELL,INTC,AVGO,LRCX",0.12830718480911868,-0.1712162485781063,-0.14249337115685312,38.4
2025-10-29,US,24,0.12528363044069282,10,0.19956727295176152,10,0.1865495178522809,"AMD,NVDA,KLAC,COHR,MU,AVGO,LRCX,VRT,CRDO,MPWR",0.1358636668390775,-0.16424363111206314,-0.14471034692492069,35.9
2025-10-30,US,24,0.12301277366918506,10,0.27045214004894824,10,0.14344964506732155,"NVDA,LRCX,MU,AMD,ASML,KLAC,AVGO,COHR,MPWR,VRT",0.19568178934952024,-0.14677758611051042,-0.1356333560663075,42.5
2025-10-31,US,24,0.07160926119866756,10,0.15037740919266013,10,0.05748451397137651,"CRDO,NVDA,MU,KLAC,AMD,LRCX,QCOM,MRVL,COHR,ASML",0.15592442033534065,-0.1595669869327675,-0.13456278080035702,41.5
2025-11-03,US,24,0.13568636417083016,10,0.27050152636261793,10,0.18786370748885015,"NVDA,MU,LRCX,CRDO,KLAC,AMD,ASML,QCOM,AMAT,COHR",0.2588931598486234,-0.12101077271513327,-0.10526997630139034,47.2
2025-11-04,US,24,0.12582907022686804,10,0.19527988976887806,10,0.21510721600390884,"NVDA,KLAC,LRCX,MU,AMD,CRDO,COHR,AMAT,QCOM,ANET",0.1807255402396985,-0.13559889303313902,-0.11479194954396546,45.1
2025-11-05,US,24,0.05496448686456403,10,0.047266173995857065,10,0.09935787110625831,"LRCX,MU,KLAC,AMAT,COHR,CRDO,AMD,MRVL,QCOM,VRT",-0.007549807292888122,-0.1881255407694175,-0.14936360232811932,34.8
2025-11-06,US,24,0.09260200930542657,10,0.12373672211820315,10,0.14320703810266586,"COHR,MU,LRCX,KLAC,MRVL,AMAT,CRDO,QCOM,AVGO,ASML",0.15123252606474216,-0.1452000646140294,-0.11881761955619505,50.1
2025-11-07,US,24,0.11931640182482228,10,0.15320835472263605,10,0.15758831043692845,"COHR,MU,LRCX,KLAC,MRVL,CRDO,AMAT,INTC,QCOM,NVDA",0.032836883844810406,-0.1771715427197082,-0.14531020492385896,38.9
2025-11-10,US,24,0.14993380267967557,10,0.1786027968700127,10,0.187340240775095,"COHR,MU,LRCX,KLAC,MRVL,NVDA,CRDO,AMAT,VRT,HPE",0.003886988400162561,-0.1719538622037,-0.1431170722515295,30.4
2025-11-11,US,24,0.14337133441087416,10,0.16985630077854053,10,0.16360795978186302,"COHR,MU,LRCX,KLAC,NVDA,MRVL,QCOM,CRDO,AMAT,INTC",0.04009136602176535,-0.1658515093659518,-0.13403631180614453,38.4
2025-11-12,US,24,0.18568607213241692,10,0.17697480304953966,10,0.20191849111404733,"COHR,MU,LRCX,AMD,KLAC,QCOM,NVDA,MRVL,CRDO,AMAT",0.0906983976385733,-0.16169118701865925,-0.12788072362420974,43.0
2025-11-13,US,24,0.22049855194984957,10,0.29029860093098037,10,0.29029860093098037,"MU,COHR,AMD,QCOM,MRVL,LRCX,KLAC,NVDA,ASML,AMAT",0.2898720667277555,-0.08312693917251358,-0.07842909235230618,54.2
2025-11-14,US,24,0.2108814406559901,10,0.23566938040071533,10,0.268236151049477,"MU,COHR,AMD,QCOM,NVDA,MRVL,AMAT,AVGO,VRT,LRCX",0.15011175395254722,-0.11032194086915163,-0.10567518494742148,48.3
2025-11-17,US,24,0.2397429291002816,10,0.30650105967331254,10,0.3065010596733125,"MU,COHR,AMAT,AMD,ASML,NVDA,AVGO,MRVL,LRCX,KLAC",0.3068135755940613,-0.07167203064412644,-0.06930274269750933,56.1
2025-11-18,US,24,0.25007310787829007,9,0.4628813484429689,9,0.4628813484429689,"COHR,MU,AMAT,AMD,ASML,KLAC,VRT,LRCX,INTC",0.46143858320355224,-0.06271844747844747,-0.06271844747844747,59.22222222222222
2025-11-19,US,24,0.19940335698499187,10,0.35875269493104467,10,0.3306014498216359,"AMAT,COHR,ASML,AVGO,MU,KLAC,NVDA,VRT,LRCX,TSM",0.3043910349178752,-0.10342563550950683,-0.10342563550950683,55.0
2025-11-20,US,24,0.31024441258269997,9,0.502566776543675,9,0.502566776543675,"COHR,AVGO,AMAT,MU,ASML,KLAC,LRCX,INTC,AMD",0.502566776543675,-0.02043595640419936,-0.02043595640419936,60.0
2025-11-21,US,24,0.26215035934048136,7,0.5929196661517331,7,0.5929196661517331,"COHR,AMAT,MU,LRCX,INTC,KLAC,ASML",0.5929196661517331,0.0,0.0,60.0
2025-11-24,US,24,0.25726081951549395,10,0.4187664376290849,10,0.4185813687848154,"AVGO,COHR,AMAT,MU,LRCX,TSM,MRVL,VRT,KLAC,INTC",0.42133509158258525,-0.04274344884281704,-0.038228814411181325,55.6
2025-11-25,US,24,0.24327106824419883,10,0.42113251009391756,10,0.41576022937386553,"ADI,AVGO,AMAT,COHR,CRDO,LRCX,MU,TSM,KLAC,VRT",0.42659925032587676,-0.07672914037654391,-0.052356065497703344,53.5
2025-11-26,US,24,0.1801270350915257,10,0.246352815551522,10,0.293610616350267,"ADI,AVGO,AMAT,COHR,ON,CRDO,ASML,MRVL,TSM,LRCX",0.2648717503119109,-0.08830482756686688,-0.05804875750416626,50.6
2025-11-28,US,24,0.17966431469157954,10,0.21530832043265202,10,0.2479966873451045,"ADI,AVGO,INTC,AMAT,COHR,CRDO,ON,ASML,MRVL,VRT",0.2319984463641859,-0.11171883864830008,-0.08111715976663346,48.7
2025-12-01,US,24,0.1575814348197951,10,0.23102489943727705,10,0.32110442605527084,"ADI,AMAT,ASML,INTC,AVGO,COHR,ON,CRDO,MRVL,MU",0.255979959083414,-0.1193358631878362,-0.08350169081351635,48.1
2025-12-02,US,24,0.09667445201215623,10,0.09998129668931885,10,0.1377202730059281,"ADI,INTC,TXN,AMAT,ASML,CRDO,ON,COHR,MRVL,AVGO",0.1287504063348516,-0.1282260304987223,-0.08404340241546755,42.0
2025-12-03,US,24,0.11033861016427145,10,0.0840216176882265,10,0.08756883443802796,"ADI,TXN,ON,INTC,ASML,AMAT,MRVL,CRDO,COHR,QCOM",0.10762893088306483,-0.14305585951551078,-0.09550989381429091,42.3
2025-12-04,US,24,0.09032359851267698,10,0.0540131218902272,10,0.06144384276129518,"ADI,TXN,AMAT,ON,ASML,COHR,MRVL,INTC,CRDO,QCOM",0.08889690597102776,-0.144726773316401,-0.10269832985226819,47.1
2025-12-05,US,24,0.03660714790142077,10,0.09843737924391914,10,0.029742481656176024,"ADI,TXN,AMAT,ON,COHR,MRVL,INTC,ASML,VRT,AVGO",0.03769142989400519,-0.11396097952995048,-0.10621648896666062,47.3
2025-12-08,US,24,0.08618316802599273,10,0.08949444044301644,10,0.10312690048670621,"ADI,ON,TXN,AMAT,COHR,HPE,ASML,AVGO,MPWR,QCOM",0.084900691819824,-0.09747454898379014,-0.08688283189418124,51.6
2025-12-09,US,24,0.08473823410639092,10,0.1044896817485346,10,0.09057063121786486,"ADI,HPE,COHR,TXN,AMAT,ON,AVGO,LRCX,ASML,QCOM",0.10756853143857725,-0.10514229035888663,-0.08946728226445397,48.8
2025-12-10,US,24,0.09196204678405501,10,0.08687387472593547,10,0.16848082092468858,"ADI,HPE,COHR,AMAT,QCOM,TXN,AVGO,TSM,LRCX,ON",0.093431949407389,-0.11428099058220971,-0.09444869128529189,47.5
2025-12-11,US,24,0.06667048952165076,10,0.09157021476182234,10,0.1728752202165208,"ADI,COHR,QCOM,TXN,HPE,ON,AMAT,LRCX,KLAC,ASML",0.09825197186510887,-0.09813356552905168,-0.08508066965650136,53.5
2025-12-12,US,24,0.10615132003246963,10,0.11887028864206088,10,0.1391791632375524,"ADI,QCOM,TXN,ON,HPE,COHR,AMAT,LRCX,ASML,KLAC",0.12483612594585942,-0.08125595018375893,-0.06925275730393138,55.7
2025-12-15,US,24,0.15063183122233034,10,0.14404058824611948,10,0.1931101624916996,"ADI,QCOM,HPE,ON,TXN,LRCX,KLAC,COHR,AMAT,ASML",0.14740786138599687,-0.07801028702278864,-0.06608506414546139,55.6
2025-12-16,US,24,0.14480580023944492,10,0.16303461273147,10,0.16303461273147,"ADI,HPE,ON,QCOM,TXN,LRCX,KLAC,COHR,AMAT,ASML",0.1675779823904094,-0.07416903733840083,-0.06291505320726434,53.4
2025-12-17,US,24,0.14601640425839024,10,0.2136012125189591,10,0.2136012125189591,"HPE,ADI,ON,TXN,QCOM,COHR,LRCX,KLAC,MU,AMAT",0.21722310661116367,-0.05670857981986864,-0.04706154979595584,55.5
2025-12-18,US,24,0.16764847822405038,10,0.2317279564251109,10,0.2317279564251109,"ADI,HPE,LRCX,MU,ON,KLAC,QCOM,TXN,COHR,AMAT",0.232488536420352,-0.05038618028834222,-0.04066870775662738,55.3
2025-12-19,US,24,0.06985036537537792,10,0.15261629804966056,10,0.1526162980496606,"MU,LRCX,HPE,KLAC,COHR,ON,ADI,QCOM,TXN,AMAT",0.15804969619426845,-0.07427576731016043,-0.06312962675575443,52.8
2025-12-22,US,24,0.10357308585204054,10,0.10199041834958864,10,0.16789334832426064,"MU,LRCX,HPE,KLAC,ON,ALAB,COHR,TXN,ADI,QCOM",0.10845972527967676,-0.10021094991826125,-0.07818576213010332,50.1
2025-12-23,US,24,0.1199436328068495,10,0.15020371781527955,10,0.19573129547722662,"MU,LRCX,NVDA,KLAC,HPE,COHR,ON,ALAB,ADI,TSM",0.15401846190905008,-0.08449269251187355,-0.06335213957054883,52.6
2025-12-24,US,24,0.12957760990676503,10,0.1404930528204208,10,0.11653994473449827,"MU,LRCX,NVDA,KLAC,COHR,HPE,ALAB,TSM,ON,ADI",0.12981480861542852,-0.09043708185527075,-0.0696429938842272,52.3
2025-12-26,US,24,0.07931904486809915,10,0.08882749912238987,10,0.07502211679662135,"MU,LRCX,NVDA,KLAC,HPE,TSM,COHR,ALAB,ON,ADI",0.07823142164982252,-0.07813475445525461,-0.06626603222412006,52.7
2025-12-29,US,24,0.05452610721793272,10,0.08479337591794096,10,0.08120987630083129,"MU,LRCX,NVDA,ALAB,KLAC,TSM,HPE,COHR,AMAT,ADI",0.08629111370747708,-0.0892149175819775,-0.06822879455754535,51.9
2025-12-30,US,24,0.006862391808144505,10,0.03780912064494181,10,0.022036388840069844,"MU,LRCX,NVDA,ALAB,TSM,KLAC,COHR,HPE,AMAT,ASML",0.05183357802556367,-0.08812842083815733,-0.06152961214080801,51.7
2025-12-31,US,24,0.05736267039864166,10,0.07020492000259847,10,0.02812333941923465,"MU,TSM,NVDA,LRCX,ALAB,HPE,COHR,KLAC,ASML,ON",0.07377140511243283,-0.08011418342424372,-0.053703933857943774,51.5
2026-01-02,US,24,0.04274270967527174,10,0.0632725306333072,10,0.06464169295714214,"MU,TSM,ASML,LRCX,ALAB,NVDA,ON,KLAC,INTC,AMAT",0.09123678288305828,-0.077771921513085,-0.047249702894856006,54.4
2026-01-05,US,24,0.0649071455751226,10,0.0828906394344924,10,0.036546978139100725,"ASML,LRCX,TSM,MU,AMAT,KLAC,ON,ANET,NVDA,INTC",0.07704603626564428,-0.049915630815426104,-0.049915630815426104,59.8
2026-01-06,US,24,0.0735398424546816,10,0.10859962137728119,10,0.12820133566670128,"ASML,LRCX,MU,AMAT,ON,KLAC,TSM,TXN,ADI,MPWR",0.10859962137728119,-0.033757109764849635,-0.033757109764849635,60.0
2026-01-07,US,24,0.09278711052586208,10,0.12327247129061727,10,0.14745708532470048,"ASML,MU,LRCX,ON,AMAT,INTC,ADI,KLAC,TSM,TXN",0.12327247129061727,-0.03072594383779832,-0.03072594383779832,60.0
2026-01-08,US,24,0.1778997363357925,10,0.20932901741046644,10,0.14047022688980987,"ADI,LRCX,ASML,MU,ON,TXN,TSM,AMAT,INTC,KLAC",0.20932901741046644,-0.023964643180347002,-0.023964643180347002,60.0
2026-01-09,US,24,0.1878276069265368,10,0.21278601286185692,10,0.21278601286185692,"LRCX,ASML,MU,AMAT,INTC,ADI,ON,KLAC,TSM,TXN",0.21278601286185692,-0.04057906151576359,-0.04057906151576359,60.0
2026-01-12,US,24,0.1892979489895712,10,0.16308682884102213,10,0.2039824885904813,"LRCX,ASML,AMAT,MU,TSM,KLAC,INTC,ADI,TXN,CRDO",0.17046228027325555,-0.09184130248337483,-0.06634028777003134,54.8
2026-01-13,US,24,0.22089062744275675,10,0.19314017935081343,10,0.17209577828943884,"ASML,INTC,LRCX,AMAT,KLAC,TSM,MU,ADI,TXN,CRDO",0.1467040780663692,-0.08474383482436805,-0.05631123294349031,53.8
2026-01-14,US,24,0.2112856704847753,10,0.19237200796453,10,0.15773567981571474,"INTC,ASML,AMAT,KLAC,LRCX,TXN,ADI,TSM,MU,ON",0.1480806494395579,-0.0888324234030903,-0.0888324234030903,59.1
2026-01-15,US,24,0.2057159378506864,10,0.18624591093527026,10,0.20185807225004987,"ASML,KLAC,AMAT,INTC,TSM,LRCX,ADI,MU,MPWR,AMD",0.08451039041643524,-0.10173731684091107,-0.10107577181316885,49.7
2026-01-16,US,24,0.2587830967695714,10,0.22310769200716685,10,0.2350910915753957,"ASML,KLAC,AMAT,MU,LRCX,TSM,INTC,MPWR,ADI,AMD",0.18500741174569668,-0.08170859792429035,-0.08170859792429035,57.0
2026-01-20,US,24,0.27035595804777385,10,0.23537542175284853,10,0.22893073352937962,"ASML,MU,AMAT,INTC,LRCX,KLAC,MPWR,AMD,ADI,TXN",0.15420399412527067,-0.09351049029096666,-0.09027021698036383,49.5
2026-01-21,US,24,0.24144501909899987,10,0.1876970127164769,10,0.2324351701045108,"INTC,MU,ASML,AMAT,AMD,LRCX,MPWR,KLAC,ADI,ON",0.02499103585747442,-0.14286265007700716,-0.1398488783734167,40.0
2026-01-22,US,24,0.2864500499659368,10,0.21571973304267464,10,0.23241622693365693,"INTC,ASML,MU,AMD,MPWR,ADI,AMAT,KLAC,TXN,LRCX",0.1519160099289461,-0.10700867652452006,-0.10641521607578738,53.5
2026-01-23,US,24,0.32893270833618443,10,0.2213195711163401,10,0.2642386979657251,"ASML,MU,AMD,AMAT,MPWR,KLAC,ADI,TSM,LRCX,TXN",0.13980854709083637,-0.09727273185283411,-0.09666903175546313,53.3
2026-01-26,US,24,0.3275446092279074,10,0.23712232529172192,10,0.25117265757435636,"ASML,MU,AMD,KLAC,MPWR,ANET,AMAT,TXN,LRCX,ADI",0.08755474287239282,-0.12647674509827167,-0.12265896337080644,46.0
2026-01-27,US,24,0.3400900075883433,10,0.2761852924211699,10,0.350675120023569,"ASML,MU,KLAC,LRCX,MPWR,AMAT,AMD,ANET,VRT,TXN",0.07843749774084814,-0.16162935049148291,-0.1455665839216834,38.0
2026-01-28,US,24,0.31188753948685427,10,0.2233620004126286,10,0.28403803122630844,"TXN,MU,MPWR,KLAC,ASML,ADI,ANET,AMAT,LRCX,VRT",0.10682139035915761,-0.1560797529495876,-0.13687371225703893,41.6
2026-01-29,US,24,0.27932114766623783,10,0.18981792909148013,10,0.2633768639107236,"TXN,MPWR,MU,KLAC,ASML,LRCX,AMAT,ADI,VRT,ANET",0.07277041044167425,-0.14421607187647942,-0.12816414949676927,43.2
2026-01-30,US,24,0.35986123043838286,10,0.2674261085280447,10,0.3660433081258295,"TXN,MU,ASML,MPWR,LRCX,ADI,ANET,COHR,VRT,NVDA",0.18424269921609934,-0.10293548858574231,-0.10293548858574231,56.0
2026-02-02,US,24,0.3421220607644762,10,0.2809815993123573,10,0.2770547500058889,"TXN,MU,MPWR,ASML,ADI,COHR,LRCX,VRT,AMAT,AMD",0.07582377522251336,-0.14662109414768604,-0.1327765578606067,39.7
2026-02-03,US,24,0.3986478182739856,10,0.43113317224480585,10,0.3658423818971223,"TXN,MPWR,COHR,MU,VRT,ASML,ADI,ANET,INTC,AMD",0.18016650816636354,-0.12630120883291623,-0.1259555626253061,50.5
2026-02-04,US,24,0.4691708311277852,10,0.49844745947239044,10,0.4354038814290885,"TXN,HPE,ADI,SMCI,MPWR,COHR,INTC,VRT,ON,MU",0.4337274967998136,-0.11706320894991404,-0.1167168153852944,54.1
2026-02-05,US,24,0.46782169851968664,10,0.43642346911549523,10,0.40363687864485537,"TXN,ADI,MPWR,HPE,ON,COHR,INTC,MU,ASML,TSM",0.21504165172191964,-0.11532044756833322,-0.11204270670205667,50.0
2026-02-06,US,24,0.4851446813371601,10,0.36054500141573326,10,0.4837589848872412,"TXN,MPWR,HPE,SMCI,ADI,VRT,ON,TSM,COHR,ASML",0.22097016444001075,-0.13012446922084359,-0.12806499652866873,49.7
2026-02-09,US,24,0.3922651716146606,10,0.2920527536701159,10,0.3637556915404205,"HPE,TXN,MPWR,COHR,TSM,VRT,ALAB,ADI,ON,SMCI",0.13829879780291865,-0.17476394261682998,-0.16103220984021205,43.3
2026-02-10,US,24,0.4546251328027641,10,0.32370489966637433,10,0.2557710921433255,"HPE,TXN,TSM,ON,DELL,ADI,VRT,ALAB,SMCI,ANET",0.059638600391567466,-0.18427267981846487,-0.16261746281048906,35.1
2026-02-11,US,24,0.49971947276973117,10,0.29144062054938785,10,0.37264959971633094,"VRT,ON,TSM,ADI,TXN,HPE,MPWR,AMAT,ASML,NVDA",0.09597622914622246,-0.13253615091560528,-0.12750240067414936,44.4
2026-02-12,US,24,0.5031058047153122,10,0.35906177904034076,10,0.3991879759670273,"VRT,ON,TXN,ADI,TSM,MU,MPWR,AMAT,LRCX,NVDA",0.09198497362132324,-0.13223530768243913,-0.13016726392074385,44.5
2026-02-13,US,24,0.5589270567891418,10,0.3907669880072405,10,0.4700420635291514,"ON,VRT,ADI,TXN,AMAT,TSM,MPWR,LRCX,ANET,MU",0.12408550995826202,-0.1339324078153196,-0.1306490039366801,45.1
2026-02-17,US,24,0.5484815781181382,10,0.286380832294353,10,0.42691429417085996,"VRT,ON,ADI,AMAT,TXN,TSM,ANET,MPWR,LRCX,ASML",0.08920312689059172,-0.1458686598779172,-0.14126180481218567,42.7
2026-02-18,US,24,0.49267607009666775,10,0.34156586816478907,10,0.3920857015649992,"VRT,ADI,AMAT,ON,TXN,ASML,TSM,LRCX,MPWR,MU",0.11317659094013437,-0.1377264312929018,-0.13564597836889672,48.2
2026-02-19,US,24,0.45330528760814276,10,0.28496631495778557,10,0.2773591574104902,"VRT,ADI,AMAT,ON,ASML,TSM,COHR,LRCX,MU,SMCI",0.05089523264904311,-0.14810513709224846,-0.14632021306215554,43.0
2026-02-20,US,24,0.44351549319719713,10,0.2622440645169022,10,0.3016482054671556,"ADI,VRT,AMAT,TSM,COHR,ON,LRCX,ASML,MU,MPWR",0.03934381215258672,-0.1486928427943936,-0.13726957560533481,41.4
2026-02-23,US,24,0.503774694064037,10,0.268759784938151,10,0.24997216336976696,"ADI,VRT,AMAT,ASML,COHR,TSM,ON,NVDA,LRCX,MU",0.0008915042712962617,-0.1577203631560497,-0.14817987456472403,35.6
2026-02-24,US,24,0.5135008362559,10,0.20608784291628485,10,0.39346314239810587,"VRT,ADI,AMAT,TSM,ASML,COHR,ON,NVDA,LRCX,KLAC",-0.08684888349312583,-0.16222595162444872,-0.1542826733754028,24.2
2026-02-25,US,24,0.5615228607870771,10,0.16506783008716416,10,0.39575242276688183,"AMAT,VRT,ADI,ASML,TSM,COHR,KLAC,LRCX,NVDA,SMCI",-0.07995077669939162,-0.18136024698903153,-0.17845081471940205,30.1
2026-02-26,US,24,0.6926592959088435,10,0.3328048329694607,10,0.342405480032959,"VRT,ADI,AMAT,TSM,KLAC,COHR,ASML,ON,SMCI,LRCX",0.1759343533907473,-0.14668821763309117,-0.14668821763309117,51.8
2026-02-27,US,24,0.691862129338643,10,0.4342028802775245,10,0.41295086073019427,"DELL,VRT,ADI,COHR,AMAT,KLAC,TSM,SMCI,ASML,MU",0.16838254536038305,-0.13978634730742462,-0.13978634730742462,47.7
2026-03-02,US,24,0.7402369319071167,10,0.46794527782732087,10,0.452053293207328,"DELL,COHR,VRT,KLAC,ADI,AMAT,TSM,MU,SMCI,ASML",0.19507897569111293,-0.12622990310360865,-0.12060846678640154,45.8
2026-03-03,US,24,0.776205306930748,10,0.5822500586808985,10,0.4804330330597706,"DELL,COHR,VRT,ADI,AMAT,KLAC,TSM,MU,ON,ASML",0.3749462520104509,-0.11655169524212186,-0.11111878675975265,50.2
2026-03-04,US,24,0.784620302788306,10,0.7476619364231375,10,0.5562728668688474,"DELL,COHR,VRT,SMCI,AMAT,KLAC,ADI,ANET,MU,INTC",0.4334718379363169,-0.1266374371995149,-0.1266374371995149,46.8
2026-03-05,US,24,0.9429602697939673,10,0.858790771390251,10,0.7532587263110008,"DELL,VRT,ANET,COHR,SMCI,INTC,MU,AMAT,KLAC,TSM",0.5684523114341755,-0.09534537273458323,-0.09534537273458323,50.8
2026-03-06,US,24,0.9944248089347306,9,1.025787978751296,9,1.025787978751296,"DELL,MRVL,VRT,SMCI,COHR,MU,AMAT,TSM,ADI",0.927685968582847,-0.07471450783350807,-0.07471450783350807,54.44444444444444
2026-03-09,US,24,0.8648387526014106,10,0.9532605082343728,10,0.7177647777961995,"MRVL,DELL,VRT,AVGO,ANET,COHR,SMCI,INTC,KLAC,MU",0.5535176740399572,-0.13139447037534357,-0.13139447037534357,36.9
2026-03-10,US,24,0.6754483680917925,10,0.719831655963723,10,0.6363857609135621,"MRVL,DELL,VRT,AVGO,ANET,COHR,INTC,SMCI,MU,KLAC",0.4965327525509465,-0.13943756864771514,-0.13943756864771514,45.6
2026-03-11,US,24,0.7786488111637643,10,0.8208398766243354,10,0.8556287018143012,"DELL,MRVL,VRT,INTC,AVGO,ANET,MU,COHR,SMCI,NVDA",0.5654970920225685,-0.13252801756365531,-0.13252801756365531,45.3
2026-03-12,US,24,0.7445669198849766,10,0.7767849213309412,10,0.7767849213309412,"DELL,MRVL,VRT,AVGO,ANET,INTC,MU,COHR,ASML,AMAT",0.6282766323092183,-0.0979117196478847,-0.0979117196478847,55.2
2026-03-13,US,24,0.6493890389193661,10,0.7319553336312578,10,0.7319553336312578,"DELL,MRVL,MU,VRT,INTC,COHR,KLAC,AMAT,ASML,TSM",0.6126338084861956,-0.0985123883017777,-0.09099737733345978,54.9
2026-03-16,US,24,0.7659424580029374,10,0.8478227098452743,10,0.8648713935142031,"DELL,MRVL,MU,VRT,ANET,SMCI,INTC,COHR,KLAC,LRCX",0.6729619894401061,-0.12843250154479052,-0.12102345886630723,49.1
2026-03-17,US,24,0.8082563863737099,10,0.7715726323103607,10,0.7715726323103607,"MU,DELL,MRVL,VRT,KLAC,LRCX,SMCI,COHR,AMAT,ASML",0.607495507549394,-0.13318217678147493,-0.12596794145559742,48.9
2026-03-18,US,24,0.9570523785100661,10,1.129130541975987,10,1.0852616734856044,"MU,DELL,MRVL,VRT,ANET,KLAC,COHR,LRCX,INTC,AMAT",0.9576956275222466,-0.08122386672669332,-0.07333416453751276,54.6
2026-03-19,US,24,0.7884241720863313,10,0.8871324387028696,10,0.8871324387028696,"DELL,MU,MRVL,VRT,COHR,LRCX,KLAC,ANET,INTC,AMAT",0.68158510611579,-0.1257759813729022,-0.11822303758564787,49.2
2026-03-20,US,24,0.8392726728727941,8,0.9803769229437257,8,0.9803769229437257,"DELL,MRVL,KLAC,LRCX,MU,AMAT,COHR,VRT",0.7798203475364841,-0.10582138798288093,-0.09598650830132709,53.0
2026-03-23,US,24,0.9640792012194095,10,0.8842447093948131,10,1.0236105533479025,"DELL,HPE,MRVL,LRCX,KLAC,AMAT,ANET,COHR,VRT,ASML",0.8842447093948131,-0.07394419883948784,-0.07394419883948784,60.0
2026-03-24,US,24,0.966832561181007,10,0.8408372150165201,10,1.019212036544449,"DELL,HPE,KLAC,LRCX,AMAT,MRVL,VRT,COHR,ASML,MPWR",0.6361218482375895,-0.1178222108147489,-0.1178222108147489,43.2
2026-03-25,US,24,0.8347985261669052,10,0.8762851813192054,10,0.9484055761116389,"DELL,HPE,AMD,MRVL,VRT,KLAC,AMAT,LRCX,ON,MPWR",0.8762851813192054,-0.10492419843561855,-0.10492419843561855,60.0
2026-03-26,US,24,0.9123670224755879,6,0.9793570590322727,6,0.9793570590322727,"HPE,DELL,MRVL,VRT,COHR,AMAT",0.9793570590322727,-0.07829844885016611,-0.07829844885016611,60.0
2026-03-27,US,24,0.9602934650931717,6,1.0281905004372913,6,1.0281905004372913,"DELL,HPE,MRVL,VRT,COHR,AMAT",1.0281905004372913,-0.07173097381349304,-0.07173097381349304,60.0
2026-03-30,US,24,0.9327364072024187,4,1.1027388054852691,4,1.1027388054852691,"DELL,HPE,MRVL,VRT",1.1027388054852691,-0.00024347190942844432,-0.00024347190942844432,60.0
2026-03-31,US,24,0.8958106358379537,8,0.8715087152295186,8,0.8715087152295186,"MRVL,HPE,DELL,MPWR,KLAC,AMAT,VRT,COHR",0.8715087152295186,-0.0008799171842650139,-0.0008799171842650139,60.0
2026-04-01,US,24,1.0443218520871245,10,1.0270315260465488,10,1.0270315260465488,"MRVL,HPE,DELL,INTC,MPWR,KLAC,ADI,AMAT,VRT,COHR",1.0270315260465488,0.0,0.0,60.0
2026-04-02,US,24,0.792154012793619,10,0.9032012628865255,10,0.9032012628865255,"MRVL,INTC,HPE,DELL,AMD,MPWR,KLAC,COHR,VRT,AMAT",0.9032012628865255,-0.008104176548513309,-0.008104176548513309,60.0
2026-04-06,US,24,0.6974233977612307,10,0.7926240843985762,10,0.8081755800944824,"MRVL,MPWR,INTC,AMD,HPE,ADI,DELL,ON,KLAC,AMAT",0.7926240843985762,-3.4694711558480583e-06,-3.4694711558480583e-06,60.0
2026-04-07,US,24,0.6276429625323826,10,0.677351501293369,10,0.7275342920751461,"INTC,MRVL,MPWR,DELL,AMD,HPE,AVGO,ADI,ON,KLAC",0.677351501293369,-0.008455133675012294,-0.008455133675012294,60.0
2026-04-08,US,24,0.5377071368169216,10,0.5421728003530177,10,0.6384197633905209,"INTC,MPWR,MRVL,ADI,TXN,AVGO,ON,KLAC,AMD,DELL",0.5421728003530177,-0.008091154200995376,-0.008091154200995376,60.0
2026-04-09,US,24,0.5387221419301089,10,0.4339659656645124,10,0.6279167459190751,"INTC,MPWR,MRVL,TXN,ADI,KLAC,AVGO,AMD,LRCX,AMAT",0.4339659656645124,-0.019753129354868882,-0.019753129354868882,60.0
2026-04-10,US,24,0.5633458075093697,10,0.6024098378335656,10,0.7341280777582153,"INTC,MRVL,MPWR,AVGO,AMD,TXN,ALAB,KLAC,ADI,LRCX",0.6024098378335656,-0.013851618794780095,-0.013851618794780095,60.0
2026-04-13,US,24,0.48457232965202673,10,0.5892071987610332,10,0.6431536794809978,"INTC,ALAB,AVGO,MRVL,MPWR,CRDO,TXN,KLAC,AMD,LRCX",0.5892071987610332,-0.02880918593414633,-0.02880918593414633,60.0
2026-04-14,US,24,0.4067150757578047,10,0.453769396620224,10,0.4613415560324122,"CRDO,ALAB,AVGO,MRVL,INTC,MPWR,TXN,KLAC,AMD,NVDA",0.453769396620224,-0.0232469634750467,-0.0232469634750467,60.0
2026-04-15,US,24,0.4422622364450628,10,0.4436727653687219,10,0.45205566563112604,"CRDO,AVGO,ALAB,MRVL,INTC,AMD,NVDA,MPWR,ON,ANET",0.4436727653687219,-0.036457132897847036,-0.036457132897847036,60.0
2026-04-16,US,24,0.3471515253227175,10,0.3309568892011943,10,0.44333642045512833,"AMD,AVGO,ON,INTC,CRDO,ANET,MPWR,ALAB,TXN,NVDA",0.30929834451111804,-0.05268990349740186,-0.05268990349740186,55.7
2026-04-17,US,24,0.2693884795330875,10,0.19700972536088607,10,0.3282193490857816,"AVGO,ON,AMD,MPWR,TXN,INTC,ANET,CRDO,NVDA,MRVL",0.17774976420103875,-0.05469784110107197,-0.05469784110107197,55.6
2026-04-20,US,24,0.22675214622552878,10,0.12042060934018865,10,0.34564059759901394,"ON,CRDO,MRVL,MPWR,TXN,ANET,AVGO,ADI,AMD,NVDA",0.10196625094781535,-0.06477439127677376,-0.06164497951206788,54.6
2026-04-21,US,24,0.20785525393554818,10,0.21812437220940506,10,0.30851873047053735,"ON,ANET,MPWR,CRDO,MRVL,AMD,ALAB,AVGO,TXN,HPE",0.17384860436518965,-0.08064154237942338,-0.07513008416442332,49.7
2026-04-22,US,24,0.2651735934875686,10,0.18696392436677528,10,0.23372955170043436,"ON,AMD,ANET,MRVL,AVGO,CRDO,MPWR,TXN,ALAB,ADI",0.12998250969445185,-0.09066065843468533,-0.08521095235633433,49.3
2026-04-23,US,24,0.2341559739742285,10,0.14350292842770776,10,0.17236615282046747,"TXN,ON,MRVL,AMD,MPWR,ADI,AVGO,CRDO,ANET,ALAB",0.07813840966666166,-0.12746040654642807,-0.12207419954952363,47.8
2026-04-24,US,24,0.21659178536536924,10,0.16270306852636018,10,0.2609547991005531,"AMD,ON,TXN,MPWR,INTC,MRVL,ALAB,CRDO,ADI,ANET",0.09816588353033176,-0.10839138143299687,-0.10301986051633634,48.7
2026-04-27,US,24,0.23422926484618897,10,0.18895114196264604,10,0.27041722179703587,"ON,AMD,INTC,TXN,NVDA,MPWR,AVGO,MU,QCOM,MRVL",0.1884218607336717,-0.0440187460500174,-0.04301200840388651,58.6
2026-04-28,US,24,0.1904445271999106,10,0.13249472500664244,10,0.2070182779739574,"INTC,ON,TXN,AMD,NVDA,QCOM,MU,ADI,MRVL,MPWR",0.131674303145646,-0.04681591257247593,-0.04436428200544149,58.1
2026-04-29,US,24,0.10068127911622134,10,0.03945592865953516,10,0.09323061021206917,"INTC,ON,AMD,TXN,QCOM,MU,ADI,NVDA,MRVL,MPWR",0.04232205228901391,-0.06577318010610583,-0.0633200190795283,58.0
2026-04-30,US,24,0.027673449800589476,10,-0.02376764251913558,10,0.026003429333802917,"QCOM,INTC,ON,AMD,TXN,MPWR,ADI,MRVL,AVGO,MU",-0.014666892395983655,-0.09762562850564814,-0.09365608382497428,57.9
2026-05-01,US,24,0.10034788049753911,10,0.0889862881219898,10,0.09495382730116673,"INTC,QCOM,ON,AMD,TXN,MU,MRVL,AVGO,ADI,ALAB",0.08912359719042086,-0.09849874445735234,-0.0892414272679158,57.9
2026-05-04,US,24,0.10239976038592573,10,0.15085028150933258,10,0.10707848494726999,"INTC,ON,MU,TXN,QCOM,AMD,MRVL,ADI,HPE,ALAB",0.14853088494447098,-0.07397149449771244,-0.07397149449771244,59.8
2026-05-05,US,24,0.07570741275066636,10,0.0879007623522215,10,0.026624686886995052,"INTC,MU,QCOM,TXN,ON,AMD,HPE,MRVL,ALAB,ADI",0.10525674381055852,-0.11495076487307428,-0.09433763762201468,58.3
2026-05-06,US,24,0.1379318656099452,10,0.15677208503841986,10,0.127089560710862,"INTC,MU,AMD,QCOM,DELL,TXN,SMCI,ON,HPE,VRT",0.1497051429508291,-0.15267258788054136,-0.09932591794490107,49.7
2026-05-07,US,24,0.12207412177450068,10,0.14046380212965237,10,0.07562719103532603,"INTC,QCOM,AMD,MU,TXN,SMCI,DELL,ADI,HPE,ON",0.13975989244946585,-0.1341644347346748,-0.09814718096725186,53.0
2026-05-08,US,24,0.0892182918263907,10,0.08547810896373328,10,0.08376207082130753,"MU,INTC,AMD,DELL,QCOM,HPE,SMCI,TXN,ADI,ASML",0.11121030509041621,-0.1677405251276083,-0.11168488614327661,45.4
2026-05-11,US,24,0.12036239450223186,10,0.08223326063004556,10,0.08714249164535046,"MU,INTC,QCOM,AMD,TXN,DELL,ADI,HPE,VRT,ON",0.11123555080405256,-0.18200696832880842,-0.11651591270850634,44.4
2026-05-12,US,24,0.07976311921522913,10,0.0804745671248708,10,0.13721319742482369,"MU,AMD,INTC,TXN,QCOM,VRT,ADI,NVDA,DELL,HPE",0.07523723461076247,-0.17894314769527844,-0.12709654258348263,40.7
2026-05-13,US,24,0.0791980735590541,10,-0.0298133888763919,10,0.08287961445837798,"MU,TXN,ON,AMD,ADI,INTC,HPE,COHR,NVDA,VRT",-0.031677650432516836,-0.21555455329912548,-0.14042954292717696,43.9
2026-05-14,US,24,0.15389069651571408,10,0.030760098424814364,10,0.22331114082375564,"HPE,TXN,MU,NVDA,ON,AMD,VRT,INTC,COHR,ADI",0.010269063800678314,-0.1953896512716924,-0.12978807555431318,45.6
2026-05-15,US,24,0.1461363733787651,10,0.09170187501595636,10,0.211664140854085,"TXN,HPE,MU,VRT,ON,AMD,NVDA,ALAB,AMAT,QCOM",0.09404660891559856,-0.16251835049238078,-0.11544695136154268,46.5
2026-05-18,US,24,0.21968823412543026,10,0.21467579220550811,10,0.30252727799923856,"HPE,TXN,AMD,NVDA,QCOM,MU,ADI,ON,DELL,INTC",0.20394163986070693,-0.10968895126510891,-0.09452367280296202,54.4
2026-05-19,US,24,0.18299050879464507,10,0.2533884545337039,10,0.2296238011485249,"HPE,TXN,ALAB,MU,AMD,NVDA,INTC,MRVL,QCOM,DELL",0.2438292329915106,-0.09248049528839145,-0.07704362559310415,56.6
2026-05-20,US,24,0.09747850273851759,10,0.12161244164071645,10,0.0626495118401379,"ALAB,HPE,AMD,TXN,MU,MRVL,INTC,NVDA,SMCI,LRCX",0.07094446273908814,-0.12602336913311313,-0.10274712308065863,52.4
2026-05-21,US,24,0.024944526388154958,10,0.12019703696796302,10,0.12012885969551013,"ALAB,HPE,MU,MRVL,AMD,LRCX,DELL,ASML,QCOM,INTC",0.11401971764037996,-0.1281547028919756,-0.1003790864421582,47.6
2026-05-22,US,24,-0.02339866180227629,10,0.053223375058760805,10,0.01623853716911916,"HPE,ALAB,DELL,QCOM,AMD,MRVL,ASML,CRDO,TXN,SMCI",-0.01483193999942295,-0.17264247386143877,-0.13826781325990578,44.4
2026-05-26,US,24,-0.05141954587840253,10,-0.024896843344626385,10,-0.03015680977604799,"HPE,ALAB,DELL,MU,ON,TXN,AMD,LRCX,MRVL,QCOM",-0.06408253880343141,-0.21401272248294972,-0.18091353853079212,41.0
2026-05-27,US,24,-0.05555125910577025,10,-0.021310593692048452,10,-0.06110781264890419,"ALAB,DELL,MU,HPE,SMCI,AMD,ON,LRCX,TXN,CRDO",-0.06316911263505376,-0.19901072869714437,-0.16486051905859928,42.3
2026-05-28,US,24,-0.07660849386937751,10,-0.07133609335635091,10,-0.05901869256041984,"ALAB,DELL,HPE,SMCI,AMD,MU,ON,LRCX,MRVL,QCOM",-0.12275078010695077,-0.2544014793118899,-0.20188487316356132,36.3
2026-05-29,US,24,-0.05351669735104503,10,-0.017191165365078677,10,-0.017191165365078677,"DELL,HPE,SMCI,ALAB,MU,AMD,CRDO,QCOM,LRCX,MRVL",-0.08100746614559942,-0.23112779182164558,-0.1790941311230913,38.3
2026-06-01,US,24,-0.09213516096159584,10,-0.06982911330742644,10,-0.08174463966022581,"DELL,HPE,SMCI,MU,ANET,ALAB,MRVL,AMD,AVGO,TSM",-0.12559877008385914,-0.26253931443434964,-0.20590228561750604,25.1
2026-06-02,US,24,-0.1521769516190655,10,-0.12071103375309947,10,-0.17708199242064668,"HPE,DELL,MRVL,SMCI,MU,ANET,ALAB,AVGO,AMAT,AMD",-0.08525649108096049,-0.27321295629245956,-0.16143678484296778,23.4
2026-06-03,US,24,-0.10588955144426426,10,-0.05835672340915262,10,-0.13747008593233861,"HPE,MRVL,DELL,MU,ANET,SMCI,ALAB,AMAT,AMD,KLAC",-0.09794633964116184,-0.22512169068803703,-0.16430400456056962,36.3
2026-06-04,US,24,-0.12294501701422605,10,-0.1339187408234414,10,-0.17955232168170526,"MRVL,HPE,DELL,SMCI,ALAB,AMAT,KLAC,ASML,MU,ON",-0.14406774048199014,-0.24860545301204984,-0.18580718431105275,32.7
2026-06-05,US,24,-0.1094575424071136,10,-0.03928070629425852,10,-0.1181700782369873,"HPE,DELL,MRVL,SMCI,ALAB,ASML,AMAT,ANET,KLAC,MU",-0.07480100967732779,-0.19785762316906785,-0.1570882120962766,38.6
2026-06-08,US,24,-0.11787651887829882,10,-0.08454464566551766,10,-0.14677823706884344,"MRVL,HPE,DELL,ASML,KLAC,ALAB,AMAT,SMCI,MU,LRCX",-0.12319304660808088,-0.24431535783750266,-0.19321139128197756,33.6
2026-06-09,US,24,-0.03487378586577403,10,-0.01700609828693339,10,0.05246449930844277,"ASML,HPE,KLAC,AMAT,DELL,MRVL,ALAB,CRDO,LRCX,MU",-0.056189722354016335,-0.192620237960967,-0.16310722120122795,42.8
2026-06-10,US,24,-0.009734099222745268,10,-0.008589805029215202,10,-0.008589805029215202,"KLAC,AMAT,ASML,CRDO,DELL,MRVL,HPE,ALAB,LRCX,MU",-0.03270060712254784,-0.20013957319107303,-0.16045305678451655,38.8
2026-06-11,US,24,-0.05682934136206456,10,-0.055384278108470374,10,-0.055384278108470374,"KLAC,ASML,AMAT,LRCX,CRDO,ALAB,MRVL,DELL,MU,HPE",-0.06407138233679421,-0.24630554765048612,-0.18490282113561488,34.0
2026-06-12,US,24,-0.1349089106605369,10,-0.16466708107838582,10,-0.14955803354022312,"KLAC,AMAT,ASML,LRCX,ALAB,DELL,MRVL,CRDO,HPE,INTC",-0.14346482110014236,-0.2959213759870924,-0.18503639817936315,23.8
2026-06-15,US,24,-0.10164667824515287,10,-0.1430484033585318,10,-0.10753635331839972,"KLAC,AMAT,LRCX,ASML,MU,MRVL,ALAB,AMD,DELL,CRDO",-0.12728130196654347,-0.2919161445926265,-0.18969405851951088,25.7
2026-06-16,US,24,-0.14354041304806428,10,-0.12229422460794037,10,-0.17274683636678445,"AMAT,KLAC,LRCX,ASML,DELL,ANET,MU,MRVL,HPE,ALAB",-0.09967635769305842,-0.2537836739255628,-0.16762337136975652,28.0
2026-06-17,US,24,-0.15681082154780354,10,-0.19415190630341125,10,-0.19415190630341125,"AMAT,LRCX,KLAC,ASML,DELL,MU,MRVL,ALAB,CRDO,HPE",-0.12900671560025553,-0.30812057229705003,-0.17805954359602166,21.0
2026-06-18,US,24,-0.17253645131804016,10,-0.29069662677010444,10,-0.19744429914500955,"AMAT,KLAC,ASML,LRCX,ALAB,MU,TSM,INTC,CRDO,MRVL",-0.17786590021930876,-0.36590669003069654,-0.19184296517432944,13.6
2026-06-22,US,24,-0.0949191247933539,10,-0.2263715703897485,10,-0.08766196336594508,"AMAT,KLAC,LRCX,MU,INTC,ALAB,CRDO,VRT,TSM,TXN",-0.16594701841688475,-0.3121805061874224,-0.20920701282799295,25.0
2026-06-23,US,24,-0.07899323043332802,10,-0.11094566065130815,10,-0.0850810826771006,"AMAT,INTC,KLAC,CRDO,DELL,ALAB,LRCX,HPE,MU,MRVL",-0.08759402107114125,-0.3143459520670139,-0.18598660132848477,23.7
2026-06-24,US,24,-0.07815952733377114,10,-0.09729239360437603,10,-0.10223197935899855,"AMAT,INTC,DELL,ALAB,LRCX,CRDO,KLAC,TSM,MU,HPE",-0.07047953579146386,-0.3198477428674994,-0.1788549983993169,20.5
2026-06-25,US,24,-0.004111405616443742,10,-0.09977439476503645,10,-0.03437278565401484,"AMAT,MU,LRCX,KLAC,INTC,CRDO,ALAB,ASML,AMD,TXN",-0.15382334214948395,-0.2967232525873145,-0.17603271212762486,21.4
2026-06-26,US,24,0.0023300387694572913,10,-0.09243916372350137,10,-0.029591811906506726,"AMAT,KLAC,MU,INTC,LRCX,ALAB,AMD,ASML,TSM,COHR",-0.13641995846711236,-0.2969671052296349,-0.1756920484186979,21.9
2026-06-29,US,24,-0.024173507560858707,10,-0.08627419521808129,10,-0.1646241275538729,"AMAT,KLAC,ALAB,LRCX,INTC,TSM,MU,ASML,AMD,DELL",-0.12031421402433122,-0.3066765120699378,-0.17185430403439775,14.6
2026-06-30,US,24,-0.010833072579290884,10,-0.1359459015240181,10,-0.13690045227206737,"AMAT,KLAC,ALAB,LRCX,TSM,AMD,ASML,INTC,MU,VRT",-0.18819603957258263,-0.3278187473126482,-0.20580526316208675,10.4
2026-07-01,US,24,-0.011709045458659506,10,-0.06119682714159701,10,-0.08818569447367286,"AMAT,ALAB,KLAC,LRCX,AMD,DELL,INTC,ANET,CRDO,TSM",-0.07845639866015526,-0.2833323296961589,-0.16238178813501397,19.0
2026-07-02,US,24,0.022809426831957372,10,-0.010419156361703241,10,-0.08262584694140909,"ALAB,AMAT,AMD,TSM,INTC,ANET,CRDO,KLAC,DELL,TXN",-0.05972798605152333,-0.24008067014647277,-0.15138533986973818,24.1
2026-07-06,US,24,0.06179345917972264,10,0.042925117545640136,10,0.00314813986189435,"ANET,ALAB,AMD,TSM,CRDO,TXN,DELL,AMAT,ASML,INTC",-0.029394674571944758,-0.19964107392559413,-0.15013155721984156,35.8
2026-07-07,US,24,0.09114048373956603,10,0.08208809595792936,10,0.05661876654364546,"DELL,ANET,AMD,TSM,ALAB,CRDO,TXN,AMAT,ASML,MU",0.027371620949430863,-0.18150874535387135,-0.1418637302503476,40.7
2026-07-08,US,24,0.0356247032149118,10,0.06026675045305026,10,-0.011135803161017288,"ANET,DELL,CRDO,TXN,TSM,ALAB,AMD,AMAT,HPE,ASML",-0.07922328940317871,-0.22385048434649693,-0.16665522550102357,18.4
